rank,split,fold,tau,nat_acc,control,pc_dM,pc_dM_heldout_ctx,rev_dM,same_abs_dM,pc_frac_median,pc_frac_mean,rev_frac_median,pc_swapfrac_median,iia_cross,iia_same,iia_cross_heldout_ctx,n_swaps,draw
1,0,0,-2.4277172088623047,0.74,das,2.485813430786133,2.5140435028076173,-2.028271911621094,0.6621240027745565,1.9612270407429806,3.825450902746105,1.9364461769867234,1.4325579182642632,0.9386666666666666,0.7033333333333334,0.92,1350,
1,0,0,-2.4277172088623047,0.74,random,0.011054217020670573,0.005413335164388021,-0.002979807535807292,0.042109986941019695,0.0031544496534694415,0.02132111915549753,-1.0912353631967428e-05,0.0018740117812368175,0.25866666666666666,0.7366666666666667,0.32,1350,0.0
1,0,0,-2.4277172088623047,0.74,random_normmatched,0.019332010904947915,0.014447708129882813,-0.022058395385742186,0.05433287302652995,-5.31192168527621e-05,0.06661603443828988,0.02056216069457997,0.007708645360004739,0.2653333333333333,0.7433333333333333,0.35333333333333333,1350,0.0
1,0,0,-2.4277172088623047,0.74,random,0.009720458984375,0.001725921630859375,-0.01031157938639323,0.03983509381612142,0.004448343012688437,0.009295260962509521,0.002197207780088194,0.0016385652547107412,0.2653333333333333,0.735,0.35333333333333333,1350,1.0
1,0,0,-2.4277172088623047,0.74,random_normmatched,-0.002126258850097656,0.005106430053710937,-0.0496845703125,0.0575527826944987,0.0059047321453530345,-0.020000184859678676,0.0439457150111181,0.006049582334657484,0.26,0.7283333333333334,0.3333333333333333,1350,1.0
1,0,0,-2.4277172088623047,0.74,random,-0.0035516993204752602,-0.013297551472981771,0.0016678924560546875,0.04468876520792643,0.00033215419244768304,-0.0066366376922346254,-0.0015110676642338255,0.0007161201910087855,0.268,0.7383333333333333,0.3466666666666667,1350,2.0
1,0,0,-2.4277172088623047,0.74,random_normmatched,-0.036883277893066405,-0.049484786987304685,0.01565283711751302,0.05937739054361979,-0.05041585323352037,-0.015922829795972288,-0.025808502700082992,-0.04220203915530326,0.25733333333333336,0.7433333333333333,0.30666666666666664,1350,2.0
1,0,0,-2.4277172088623047,0.74,random,0.003759236653645833,-0.015946400960286457,4.133097330729167e-05,0.04306403160095215,0.0032123832696818173,0.007211226084935336,-0.0004442886835872453,0.0022015880307106766,0.264,0.7416666666666667,0.3466666666666667,1350,3.0
1,0,0,-2.4277172088623047,0.74,random_normmatched,-0.044937212626139325,-0.11305826822916666,0.05883855183919271,0.0675749921798706,-0.0347561156867322,-0.062339130856776725,-0.06719368455006994,-0.025533921368642788,0.24266666666666667,0.7366666666666667,0.22666666666666666,1350,3.0
1,0,0,-2.4277172088623047,0.74,random,0.008666717529296875,0.0033583831787109375,-0.0024356536865234374,0.03864534378051758,0.0027165167498502535,0.009668198285429506,0.0004770105673378036,0.0026603204001599844,0.26266666666666666,0.7366666666666667,0.34,1350,4.0
1,0,0,-2.4277172088623047,0.74,random_normmatched,0.027842725118001302,0.011511561075846354,-0.0005975748697916667,0.05090508937835694,0.03281309163138097,0.060902309200267526,0.004746733217962821,0.008421979627014343,0.2693333333333333,0.7383333333333333,0.34,1350,4.0
1,0,0,-2.4277172088623047,0.74,random,0.006930254618326823,0.0006856028238932291,0.00036220804850260415,0.03826949596405029,0.003653539735132977,0.0056570507273331905,-0.0014108463996093613,0.0026314162740551567,0.26266666666666666,0.735,0.35333333333333333,1350,5.0
1,0,0,-2.4277172088623047,0.74,random_normmatched,0.023749427795410158,0.0292999267578125,-0.02684558614095052,0.05287274360656738,0.024410994030873382,-0.015102647480699413,0.024389162299914377,0.023268860925241153,0.264,0.7416666666666667,0.3333333333333333,1350,5.0
1,0,0,-2.4277172088623047,0.74,random,0.0116070556640625,0.013563461303710937,-0.0045960947672526046,0.045397373835245766,0.008902921656023712,0.009324650584846907,4.054464320957633e-05,0.007422933358140401,0.264,0.7366666666666667,0.36,1350,6.0
1,0,0,-2.4277172088623047,0.74,random_normmatched,0.05890799713134766,0.06766751607259115,-0.008936813354492187,0.05462716420491536,0.03954325174692654,0.07084171708746696,0.004164546601256549,0.025805351476638073,0.268,0.7416666666666667,0.32666666666666666,1350,6.0
1,0,0,-2.4277172088623047,0.74,random,0.002474894205729167,-0.01131426493326823,0.0024381001790364583,0.040684539477030435,0.0010566591792179687,0.0016609052159052933,-0.0014505635792208132,0.0009354175280705806,0.26,0.7366666666666667,0.32,1350,7.0
1,0,0,-2.4277172088623047,0.74,random_normmatched,-0.007617515563964844,-0.001749140421549479,0.03516763814290365,0.06386739253997803,-0.016796398154244104,-0.031308984559822596,-0.02945724270111142,-0.0033624747814391394,0.23066666666666666,0.745,0.23333333333333334,1350,7.0
1,0,0,-2.4277172088623047,0.74,random,0.0029870402018229167,0.002469456990559896,-0.0035264129638671875,0.0405756680170695,0.0014536813945442324,0.0001217445014899458,0.0003078842631876524,0.00044742620851030907,0.26266666666666666,0.7383333333333333,0.3333333333333333,1350,8.0
1,0,0,-2.4277172088623047,0.74,random_normmatched,-0.02353312683105469,-0.030542805989583335,-0.0073108622233072915,0.05878458340962728,-0.022835658882553553,-0.06356204157007393,0.006711697860539097,-0.00817311693716188,0.2613333333333333,0.735,0.32,1350,8.0
1,0,0,-2.4277172088623047,0.74,random,0.006517377217610677,0.007562154134114583,0.009058542887369792,0.039033937454223636,0.0028122694217241773,0.010030945667530397,-0.003111579692772427,0.003252139027880095,0.264,0.7383333333333333,0.3333333333333333,1350,9.0
1,0,0,-2.4277172088623047,0.74,random_normmatched,0.011007230122884114,0.005153528849283854,0.035266682942708336,0.05096722443898519,0.0006643083848953661,0.030767557412724543,-0.03228575712783734,0.00029137050837998,0.25733333333333336,0.7383333333333333,0.2866666666666667,1350,9.0
1,0,0,-2.4277172088623047,0.74,random,0.011947896321614583,-0.0007001241048177083,0.003058649698893229,0.04048426787058512,0.0069609124364489365,0.020506756756335127,-0.00046001241794491976,0.004984055948250653,0.2653333333333333,0.74,0.3333333333333333,1350,10.0
1,0,0,-2.4277172088623047,0.74,random_normmatched,0.07463970947265625,0.0823236083984375,-0.008874949137369791,0.05589963436126709,0.03907874545424002,0.14781450735847368,-0.0004005188950698262,0.031059428409027295,0.2773333333333333,0.7366666666666667,0.3466666666666667,1350,10.0
1,0,0,-2.4277172088623047,0.74,random,0.0010551961263020834,-0.011922683715820313,-0.001631744384765625,0.04108893871307373,0.0008955899961375689,-0.001928141509929194,-0.0002338361492564449,0.0017179301411666557,0.26666666666666666,0.7333333333333333,0.34,1350,11.0
1,0,0,-2.4277172088623047,0.74,random_normmatched,0.012056193033854168,-0.0036536407470703124,-0.012978510538736979,0.057338314056396486,0.010399473011264959,0.0341471602900602,0.010534318524002842,0.01892838126292874,0.2786666666666667,0.7266666666666667,0.3466666666666667,1350,11.0
1,0,0,-2.4277172088623047,0.74,random,0.009774439493815104,0.01120953877766927,-0.0037970937093098956,0.04169296423594157,0.004629870940886745,0.0034175999010463247,0.00045553470479425156,0.0012192518040073956,0.2693333333333333,0.7283333333333334,0.36,1350,12.0
1,0,0,-2.4277172088623047,0.74,random_normmatched,0.007698549906412761,-0.0033844629923502605,-0.021678365071614584,0.05467561721801758,-0.006875435842731617,-0.04914022271715593,0.021374110477214412,-0.0048912953670399405,0.2693333333333333,0.7316666666666667,0.31333333333333335,1350,12.0
1,0,0,-2.4277172088623047,0.74,random,0.0058465703328450525,0.0020612589518229168,-0.0072458292643229165,0.039436446825663246,0.003782088239916661,0.009112775769092881,0.0031630236456088446,0.00325028505524174,0.268,0.745,0.3466666666666667,1350,13.0
1,0,0,-2.4277172088623047,0.74,random_normmatched,0.01834222666422526,0.009135360717773438,-0.022260238647460937,0.053675241470336914,0.028187883486780838,0.03153074036917923,0.025808502700082992,0.026017151822571555,0.2733333333333333,0.7466666666666667,0.32,1350,13.0
1,0,0,-2.4277172088623047,0.74,random,-0.006290644327799479,-0.017051671346028644,-0.001312957763671875,0.045670568148295086,-0.002708017675153812,-0.016208953930654343,-0.003148630887568695,0.0001390568815130457,0.26266666666666666,0.7383333333333333,0.3333333333333333,1350,14.0
1,0,0,-2.4277172088623047,0.74,random_normmatched,-0.06919186655680339,-0.09652478535970052,0.029253865559895835,0.07202507177988689,-0.10604919254270954,-0.18390393661018514,-0.03169259276255683,-0.04735013082957766,0.24133333333333334,0.735,0.24,1350,14.0
1,0,0,-2.4277172088623047,0.74,random,0.008023053487141926,0.017069803873697918,-0.0003124287923177083,0.0405989678700765,0.005029036116675275,0.006919134104893481,-0.00042176658181093104,0.004382200308386506,0.26666666666666666,0.7366666666666667,0.3466666666666667,1350,15.0
1,0,0,-2.4277172088623047,0.74,random_normmatched,0.01641554005940755,0.011512578328450521,-0.006268259684244792,0.05291152159372965,0.014014411866325481,0.010739478393625001,4.83416899806487e-05,0.011802397179277366,0.264,0.7366666666666667,0.3333333333333333,1350,15.0
1,0,0,-2.4277172088623047,0.74,random,0.010432467142740886,-0.00010716756184895833,-0.003205144246419271,0.04044113477071126,0.006660087408999311,0.00853108306600315,0.000689487434748852,0.0029147606257946095,0.2613333333333333,0.7333333333333333,0.3333333333333333,1350,16.0
1,0,0,-2.4277172088623047,0.74,random_normmatched,0.04215781911214193,0.022981363932291665,-0.04683589680989583,0.054182459513346354,0.03265521824366253,0.07492114826157617,0.043337545362974454,0.025543829467299273,0.268,0.735,0.31333333333333335,1350,16.0
1,0,0,-2.4277172088623047,0.74,random,0.005647265116373698,-0.007177276611328125,-0.0009773915608723958,0.03751017411549886,0.0025223125966461857,0.001913393248910622,-8.538660034084596e-05,0.001853529273421182,0.26,0.7433333333333333,0.3333333333333333,1350,17.0
1,0,0,-2.4277172088623047,0.74,random_normmatched,0.0033070958455403646,-0.014898707071940104,0.03230045064290365,0.05288268248240153,0.005559294347774601,-0.035102569028784864,-0.032322391457887525,0.004646624004680191,0.24,0.745,0.24,1350,17.0
1,0,0,-2.4277172088623047,0.74,random,0.0034582646687825523,-0.002337061564127604,-0.004684158325195312,0.041021838188171386,0.0009353445970257796,0.004606137026153338,-0.00199834493800091,0.0037111087674944632,0.2613333333333333,0.7416666666666667,0.32666666666666666,1350,18.0
1,0,0,-2.4277172088623047,0.74,random_normmatched,-0.011397997538248697,-0.004002685546875,-0.0061059672037760415,0.05569223403930664,-0.021390418111759943,0.02315885073726695,0.0039488825808343345,-0.004186252598062443,0.24666666666666667,0.745,0.2866666666666667,1350,18.0
1,0,0,-2.4277172088623047,0.74,random,0.0018829396565755209,-0.004537353515625,-0.012954961140950521,0.046664830843607584,0.0009899063651856168,0.0041803535510178185,0.001578122266465048,-0.0008509950607510236,0.268,0.7366666666666667,0.35333333333333333,1350,19.0
1,0,0,-2.4277172088623047,0.74,random_normmatched,-0.01643853251139323,-0.014223505655924479,-0.031304616292317705,0.055793321927388506,-0.008626560816888564,-0.01085431306058031,0.025554592843526788,-0.008614124011870682,0.2613333333333333,0.735,0.32666666666666666,1350,19.0
1,0,0,-2.4277172088623047,0.74,random,0.009946477254231771,-0.004167124430338542,0.0015345611572265625,0.03848594665527344,0.006013876031960335,0.010720233555062957,-0.00041114273844037864,0.0032430080877457797,0.26666666666666666,0.74,0.3466666666666667,1350,20.0
1,0,0,-2.4277172088623047,0.74,random_normmatched,0.05570399983723958,0.06436757405598958,-0.02549102783203125,0.06171168804168701,0.03425339579533511,0.05376957310224058,0.029833060355477108,0.033797605616463534,0.26666666666666666,0.745,0.28,1350,20.0
1,0,0,-2.4277172088623047,0.74,random,0.002747584025065104,0.0019930521647135418,0.0056610972086588544,0.043184814453125,0.002228395967172484,0.0032378233299944,-0.0032511019284954387,0.0012130973320097047,0.256,0.7433333333333333,0.32666666666666666,1350,21.0
1,0,0,-2.4277172088623047,0.74,random_normmatched,-0.020119611104329426,-0.04540560404459636,0.020614903767903647,0.057707077662150066,-0.01117097130413587,-0.03928875399787168,-0.014714529418877222,-0.010066149651026125,0.224,0.75,0.20666666666666667,1350,21.0
1,0,0,-2.4277172088623047,0.74,random,0.009565396626790365,0.005852839152018229,-0.008669326782226563,0.03999969323476155,0.0039748248104441355,0.014940412574843668,0.0008761061058808135,0.0036442734722491837,0.26266666666666666,0.7366666666666667,0.3466666666666667,1350,22.0
1,0,0,-2.4277172088623047,0.74,random_normmatched,0.033721651713053385,0.019540456136067707,-0.07588313293457032,0.05556083997090658,0.015199349701668918,0.0683330337352767,0.047061863399352095,0.01224612470922453,0.284,0.7383333333333333,0.3466666666666667,1350,22.0
1,0,0,-2.4277172088623047,0.74,random,0.006506884256998698,0.0020994059244791668,0.005274200439453125,0.04503577550252279,0.000861296483094572,0.011744634009555518,0.0007001748000422989,0.001401333223731852,0.26266666666666666,0.735,0.35333333333333333,1350,23.0
1,0,0,-2.4277172088623047,0.74,random_normmatched,0.012224678039550782,0.01857134501139323,0.02514684549967448,0.05809240182240804,0.0018488644867876243,0.03180378906272998,-0.022149705116642843,-0.006334452666614764,0.2613333333333333,0.7383333333333333,0.3,1350,23.0
1,0,0,-2.4277172088623047,0.74,random,0.012118044535319011,0.0026297760009765625,-0.004461135864257813,0.03729832490285238,0.005336140926032073,0.012860423824973457,0.00247087474736323,0.003342431202161396,0.268,0.74,0.36666666666666664,1350,24.0
1,0,0,-2.4277172088623047,0.74,random_normmatched,0.047871355692545574,0.07676015218098958,-0.029527481079101563,0.06418567816416422,0.04479543557193428,0.05336864589909267,0.0032919131467467554,0.03108093242797284,0.28933333333333333,0.74,0.3466666666666667,1350,24.0
1,0,0,-2.4277172088623047,0.74,random,0.012709548950195312,0.012181447347005209,-0.00016279093424479167,0.0416538667678833,0.004434960203385965,0.014239504869251695,-0.0021310267735570676,0.0025836914383542834,0.2653333333333333,0.745,0.3466666666666667,1350,25.0
1,0,0,-2.4277172088623047,0.74,random_normmatched,0.035390673319498696,0.04628379821777344,0.0036623992919921876,0.05809686342875163,0.028206875230974093,0.034501152014099416,-0.0001387427818921573,0.013957906500279381,0.2653333333333333,0.7383333333333333,0.3,1350,25.0
1,0,0,-2.4277172088623047,0.74,random,0.018705368041992188,0.016873753865559896,-0.00870843505859375,0.040018463134765626,0.013268117985482917,0.03919606841340208,0.000649285041102062,0.007641182383228374,0.264,0.735,0.35333333333333333,1350,26.0
1,0,0,-2.4277172088623047,0.74,random_normmatched,0.1369751917521159,0.1212432352701823,-0.04732957458496094,0.061636255582173664,0.08047348876326046,0.32531702516253874,0.03442019013625278,0.06060864201933274,0.2866666666666667,0.7366666666666667,0.31333333333333335,1350,26.0
1,0,0,-2.4277172088623047,0.74,random,0.00997417704264323,-0.002446136474609375,0.001074554443359375,0.04282746473948161,0.007287119912244238,0.005244163521667263,-0.002080148531954164,0.005800699045419443,0.26,0.735,0.3333333333333333,1350,27.0
1,0,0,-2.4277172088623047,0.74,random_normmatched,0.017907658894856772,0.01987744649251302,-0.03614920552571615,0.05037039279937744,0.016796450601090435,-0.01662884555689974,0.025026587828010333,0.011511356936294466,0.27466666666666667,0.735,0.3333333333333333,1350,27.0
1,0,0,-2.4277172088623047,0.74,random,0.004069750467936198,0.00035936991373697915,0.0017264556884765624,0.03896000067392985,0.002170697821066548,0.0019465821200403866,0.0002689115716449116,0.0006342269286106968,0.27066666666666667,0.7366666666666667,0.36666666666666664,1350,28.0
1,0,0,-2.4277172088623047,0.74,random_normmatched,0.0059048639933268225,0.04714530944824219,-0.011325734456380208,0.05831788221995036,0.00848201658736211,-0.003161121994247556,0.016442123227161928,0.00908935578043455,0.252,0.7383333333333333,0.28,1350,28.0
1,0,0,-2.4277172088623047,0.74,random,0.008837476094563802,0.006294657389322916,-0.0018687744140625,0.041180691719055175,0.00698843829472593,0.013519059676099558,-0.00030476644786423316,0.0022499103744493694,0.2653333333333333,0.7383333333333333,0.3466666666666667,1350,29.0
1,0,0,-2.4277172088623047,0.74,random_normmatched,0.0016357396443684895,0.013963114420572917,-0.018435892740885418,0.05345598856608073,-0.0012047438382206442,0.005095949040423777,0.021048907463186974,-0.012395249415975206,0.2613333333333333,0.7433333333333333,0.30666666666666664,1350,29.0
1,0,0,-2.4277172088623047,0.74,random,0.008169624328613281,-0.012134348551432292,-0.001405980428059896,0.04349886735280355,0.005182588521353674,0.00514227247397019,-0.0007046262630927539,0.0025458253680400215,0.2693333333333333,0.7316666666666667,0.35333333333333333,1350,30.0
1,0,0,-2.4277172088623047,0.74,random_normmatched,0.020370829264322918,-0.006641921997070313,0.01212677001953125,0.054657360712687175,0.014872087011143441,-0.0066042641992178465,-0.011020112728274025,0.01028547945262924,0.268,0.7333333333333333,0.3466666666666667,1350,30.0
1,0,0,-2.4277172088623047,0.74,random,0.0005568822224934895,-0.001971562703450521,0.0007236480712890625,0.041754261652628584,0.0005442338646208516,-0.0015172616422452249,-0.0024833399051034447,-0.0008762052778482619,0.268,0.7383333333333333,0.35333333333333333,1350,31.0
1,0,0,-2.4277172088623047,0.74,random_normmatched,-0.051748636881510414,-0.0699462890625,0.05750652058919271,0.06420819282531738,-0.0645800882478141,-0.09442968699796485,-0.0594013969956147,-0.059127657104292054,0.25466666666666665,0.7333333333333333,0.2866666666666667,1350,31.0
1,0,0,-2.4277172088623047,0.74,random,0.002439946492513021,0.002544708251953125,-0.012593154907226562,0.04293106079101563,0.0016779244651347744,0.0014680954187748399,0.0010857567924704573,0.00152497464441522,0.26666666666666666,0.74,0.35333333333333333,1350,32.0
1,0,0,-2.4277172088623047,0.74,random_normmatched,0.009150179545084635,0.006370925903320312,-0.06613279215494791,0.05632863998413086,0.005699641189653904,0.003832750189905161,0.05308548260419812,0.007586765216874051,0.284,0.73,0.3466666666666667,1350,32.0
1,0,0,-2.4277172088623047,0.74,random,0.0075668284098307295,0.007961069742838542,-0.0049123382568359375,0.04494766076405843,0.004162063566398432,0.01051972839324967,-1.8712912250573692e-05,0.0027289275991129107,0.26,0.74,0.3333333333333333,1350,33.0
1,0,0,-2.4277172088623047,0.74,random_normmatched,0.016748568216959636,0.03432673136393229,-0.023785222371419272,0.05278545061747233,0.007293914508529134,0.026399253463646355,0.019305648172967857,0.010481664502980303,0.25733333333333336,0.7416666666666667,0.32666666666666666,1350,33.0
1,0,0,-2.4277172088623047,0.74,random,0.00886175537109375,0.009045766194661459,-0.0027157745361328124,0.03841951052347819,0.0028618297924721215,0.00484844937325634,-0.0009746308463840465,0.0015720609246035922,0.26266666666666666,0.7366666666666667,0.34,1350,34.0
1,0,0,-2.4277172088623047,0.74,random_normmatched,0.019949384053548177,0.0016625213623046875,-0.020344741821289064,0.04981593290964762,0.008258313337906779,-0.017426291109288485,0.023847341213879016,0.014254482574057682,0.256,0.7316666666666667,0.3,1350,34.0
1,0,0,-2.4277172088623047,0.74,random,0.0035007781982421874,-0.013339920043945313,-0.00507672119140625,0.04459911028544108,0.0021965008953488724,0.007059258466045667,-0.0009216109283407543,0.003562549037589541,0.2613333333333333,0.7333333333333333,0.3333333333333333,1350,35.0
1,0,0,-2.4277172088623047,0.74,random_normmatched,0.0035888570149739583,-0.00832140604654948,-0.014730631510416667,0.061796290079752604,-0.019763954155314248,0.03981730830626029,0.012584433488510807,0.028606803131942797,0.27466666666666667,0.7333333333333333,0.32666666666666666,1350,35.0
1,0,0,-2.4277172088623047,0.74,random,0.028006820678710936,0.03277259826660156,-0.013133031209309896,0.05061310291290283,0.017029290105477466,0.016202234691129632,0.004923089017913991,0.010068272795898394,0.2653333333333333,0.7383333333333333,0.34,1350,36.0
1,0,0,-2.4277172088623047,0.74,random_normmatched,0.1360714162190755,0.1563677215576172,-0.048527613321940104,0.08350792725880941,0.12888814710865987,0.04798302995591214,0.06703224999968335,0.11192487369811197,0.284,0.73,0.3466666666666667,1350,36.0
1,0,0,-2.4277172088623047,0.74,random,0.009893445332845053,0.004623972574869792,-0.0010891469319661458,0.040733078320821126,0.005176352890706835,0.0020272419979861065,-0.0016413838007503488,0.0038098985437345044,0.264,0.7433333333333333,0.34,1350,37.0
1,0,0,-2.4277172088623047,0.74,random_normmatched,0.053975702921549476,0.056029408772786456,-0.011278208414713541,0.05280033747355143,0.031659128709262255,0.027204874711469994,0.010256235322668597,0.027618677798272012,0.26,0.7366666666666667,0.30666666666666664,1350,37.0
1,0,0,-2.4277172088623047,0.74,random,0.0059837646484375,-0.0007516225179036458,0.0030096638997395833,0.038638916015625,0.003234017487909541,0.000455218258393644,-0.0043280333047766295,0.002045542228363644,0.264,0.7316666666666667,0.3466666666666667,1350,38.0
1,0,0,-2.4277172088623047,0.74,random_normmatched,-0.005169054667154948,-0.017534332275390627,-0.003713663736979167,0.04875809669494629,-0.005176562645663786,-0.015640475581920776,-0.004204167618962223,0.0020221234248355806,0.256,0.7316666666666667,0.3,1350,38.0
1,0,0,-2.4277172088623047,0.74,random,0.007212163289388021,0.005241343180338542,-0.0025080464680989584,0.04041661898295085,0.004424093230160082,0.0010164756075701274,-0.00015043458935497955,0.0038783192531499948,0.2653333333333333,0.735,0.34,1350,39.0
1,0,0,-2.4277172088623047,0.74,random_normmatched,0.027427457173665366,0.0027168782552083335,-0.03435097249348958,0.0651183032989502,0.023394765486293483,-0.014648201284828716,0.03360371217396771,0.01210128169488919,0.28,0.7366666666666667,0.32,1350,39.0
1,0,0,-2.4277172088623047,0.74,random,0.004168375651041667,-0.0067613728841145835,-0.003195098876953125,0.039998927116394044,0.0014597160791139025,-0.00041814035919360986,1.600998756390862e-05,0.0004028399049018398,0.25733333333333336,0.7383333333333333,0.3333333333333333,1350,40.0
1,0,0,-2.4277172088623047,0.74,random_normmatched,-0.006816904703776041,-0.028376490275065103,0.024260533650716145,0.06401399930318197,-0.006989272725589274,-0.03759284274725489,-0.03804717026295938,-0.017861395706388672,0.24,0.7483333333333333,0.25333333333333335,1350,40.0
1,0,0,-2.4277172088623047,0.74,random,0.006888214111328125,0.013298441569010416,0.004059977213541666,0.04046716372172038,0.002231007107816008,-0.003239143698697396,-0.004491212973385452,0.0030177693548292567,0.2613333333333333,0.7383333333333333,0.32666666666666666,1350,41.0
1,0,0,-2.4277172088623047,0.74,random_normmatched,0.0036280543009440105,0.024515304565429687,0.04079126993815104,0.05711979071299235,-0.000439457009330925,-0.01821796881883659,-0.015517366864657683,0.004122483657156843,0.248,0.745,0.26,1350,41.0
1,0,0,-2.4277172088623047,0.74,random,0.00195965576171875,-0.00323211669921875,-0.0029636993408203127,0.04759277184804281,0.001067696258740518,-0.0026701856362551742,0.000588560922728604,0.0006376096815329657,0.26266666666666666,0.74,0.34,1350,42.0
1,0,0,-2.4277172088623047,0.74,random_normmatched,0.002131629943847656,-0.010058085123697916,0.0448104248046875,0.05199833393096924,0.00018221388191770062,0.005196931371073863,-0.029670689525319437,-0.008280951608564504,0.232,0.7433333333333333,0.20666666666666667,1350,42.0
1,0,0,-2.4277172088623047,0.74,random,0.0061408462524414065,-0.0010211690266927083,0.0023082224527994793,0.04488356908162435,0.0027732967301814363,0.017807368529326306,-0.00030866371701850727,0.002784394637079817,0.26666666666666666,0.74,0.3466666666666667,1350,43.0
1,0,0,-2.4277172088623047,0.74,random_normmatched,-0.032158083597819014,-0.021542180379231772,-0.0038929646809895834,0.05761870861053467,-0.020787254215067094,-0.050510775606246054,-0.0004988504517470825,-0.016376328264580197,0.25466666666666665,0.74,0.30666666666666664,1350,43.0
1,0,0,-2.4277172088623047,0.74,random,0.010046277364095052,0.012589060465494791,-0.005627456665039062,0.04114272117614746,0.008600493569652043,0.00879557231020812,-0.0003017171517236887,0.005671303891331452,0.264,0.7416666666666667,0.3333333333333333,1350,44.0
1,0,0,-2.4277172088623047,0.74,random_normmatched,0.006419893900553386,-0.014821980794270833,-0.02834606424967448,0.05208229064941406,0.005981894282766724,-0.03436122694168791,0.034369382166887015,0.011963511921332421,0.24666666666666667,0.7466666666666667,0.29333333333333333,1350,44.0
1,0,0,-2.4277172088623047,0.74,random,0.0033786875406901042,0.0039279683430989585,0.0009273579915364584,0.045060226122538245,0.0005105422592099046,-0.009933902087416489,-0.0019165140963295889,0.004481731589135539,0.26,0.7366666666666667,0.3466666666666667,1350,45.0
1,0,0,-2.4277172088623047,0.74,random_normmatched,0.027315783182779947,0.04986025492350261,-0.024882553100585937,0.06311244328816731,0.0043555880068167135,-0.019244245424653823,0.021619651286829474,0.028769170595137616,0.25333333333333335,0.7383333333333333,0.29333333333333333,1350,45.0
1,0,0,-2.4277172088623047,0.74,random,-0.0025034459431966145,0.0006802876790364584,0.00045855712890625,0.04369278430938721,-0.0022642623823194165,-0.007767425931023342,-0.0011383688285765664,-0.00078741492679563,0.25733333333333336,0.7416666666666667,0.32,1350,46.0
1,0,0,-2.4277172088623047,0.74,random_normmatched,-0.057089502970377605,-0.041663436889648436,0.00147076416015625,0.055314737955729165,-0.047566133922974346,-0.13518463084414625,-0.0004294790608010038,-0.03363823715742238,0.256,0.7366666666666667,0.32,1350,46.0
1,0,0,-2.4277172088623047,0.74,random,0.014657384236653645,0.014293187459309896,-0.01019189961751302,0.04078758398691813,0.01085331838735635,0.019848123790370154,0.0014349745026037168,0.00573457641124661,0.26666666666666666,0.73,0.3466666666666667,1350,47.0
1,0,0,-2.4277172088623047,0.74,random_normmatched,0.06680760447184245,0.06289716084798178,-0.08016316223144532,0.0647987143198649,0.0629635010026212,0.10399948140358087,0.09537503551311147,0.04687641901925571,0.30266666666666664,0.7316666666666667,0.36666666666666664,1350,47.0
1,0,0,-2.4277172088623047,0.74,random,0.003961232503255209,-0.007921702067057291,-0.011143015543619792,0.04142443021138509,0.001075132949099905,0.004486405274698594,0.0005331464203046943,0.001309865222248153,0.256,0.735,0.32666666666666666,1350,48.0
1,0,0,-2.4277172088623047,0.74,random_normmatched,-0.0011211471557617187,-0.007522811889648437,-0.059877029418945314,0.057474648157755534,-0.011066857639104455,-0.014938651826678308,0.05221249431364072,-0.0035714285714285713,0.256,0.7433333333333333,0.3333333333333333,1350,48.0
1,0,0,-2.4277172088623047,0.74,random,0.01736985524495443,0.003411865234375,-0.0014561716715494792,0.04134283860524495,0.009143941989034468,0.017244382083949517,-0.001255324530142652,0.009983547711636254,0.264,0.735,0.3333333333333333,1350,49.0
1,0,0,-2.4277172088623047,0.74,random_normmatched,0.11428877512613932,0.1194757588704427,-0.03198051961263021,0.062382809321085614,0.08069943408059904,0.15728094776461382,0.03182432045997129,0.07900922666862892,0.2653333333333333,0.7416666666666667,0.32,1350,49.0
1,0,0,-2.4277172088623047,0.74,random,0.006978525797526042,0.008687184651692709,0.0013834075927734374,0.04117629845937093,0.0027876965004329547,0.007682570044434601,-0.0005917480757397697,0.0018142319679410883,0.264,0.74,0.3466666666666667,1350,50.0
1,0,0,-2.4277172088623047,0.74,random_normmatched,0.0023856404622395835,0.01591888427734375,-0.009643503824869792,0.05332631746927897,0.0005068080401197042,0.011692033667310317,0.012738613438349958,2.520987218594802e-05,0.264,0.7366666666666667,0.34,1350,50.0
1,0,0,-2.4277172088623047,0.74,random,0.0034252904256184898,-0.011515401204427083,0.005129206339518229,0.04122151692708333,0.003123271500235249,-0.0003256299272662968,-0.001883607429598944,0.003246053772609679,0.256,0.7416666666666667,0.3333333333333333,1350,51.0
1,0,0,-2.4277172088623047,0.74,random_normmatched,-0.013228187561035156,-0.00047063191731770834,0.014007843017578125,0.05736504713694254,-0.00601465548579119,-0.028758081830280603,-0.03141274203129637,-0.002972196704536205,0.256,0.7383333333333333,0.31333333333333335,1350,51.0
1,0,0,-2.4277172088623047,0.74,random,0.0038341395060221355,-0.004153010050455729,-0.0016364644368489583,0.040154309272766114,0.0018104742602430047,0.0037209491369401995,-0.0001827301059735016,0.0021598115731864733,0.26266666666666666,0.7366666666666667,0.34,1350,52.0
1,0,0,-2.4277172088623047,0.74,random_normmatched,-0.01660101318359375,-0.026413421630859375,-0.01762018839518229,0.04950142701466878,-0.0030455264687808685,-0.006728133251610171,0.014487735204422335,0.004546805093248474,0.26,0.7433333333333333,0.31333333333333335,1350,52.0
1,0,0,-2.4277172088623047,0.74,random,0.003977556864420573,0.005674209594726563,-0.001894831339518229,0.045433971087137856,0.0017340632018864955,0.0035004767718271393,-0.00020397779271460646,0.000276159668114705,0.25866666666666666,0.7433333333333333,0.32666666666666666,1350,53.0
1,0,0,-2.4277172088623047,0.74,random_normmatched,0.0051293919881184894,0.03827123006184896,0.034642054239908855,0.055594892501831056,0.002530921381890092,0.053199788931953436,-0.028007345497114807,0.019922388773546962,0.24666666666666667,0.75,0.2733333333333333,1350,53.0
1,0,0,-2.4277172088623047,0.74,random,0.01145092264811198,0.00015370686848958335,-0.004747329711914062,0.04208110014597575,0.006110834706741752,0.016085396895193883,-0.0001572328818841758,0.004332355835694098,0.2613333333333333,0.7333333333333333,0.3333333333333333,1350,54.0
1,0,0,-2.4277172088623047,0.74,random_normmatched,0.0524168446858724,0.06752609252929688,6.026713053385417e-05,0.054051028887430824,0.03862616972665449,0.09312939968116901,0.0032316155827240684,0.03564997721551469,0.26266666666666666,0.7383333333333333,0.31333333333333335,1350,54.0
1,0,0,-2.4277172088623047,0.74,random,0.006053553263346354,0.004357274373372396,0.004041753133138021,0.038077044486999514,0.0023298088511621456,-0.0006100580715531135,-0.0012918593538591742,0.0014058629952207636,0.26266666666666666,0.7383333333333333,0.35333333333333333,1350,55.0
1,0,0,-2.4277172088623047,0.74,random_normmatched,0.015717315673828124,0.02161524454752604,0.004166178385416667,0.05706848780314128,0.020466898690585766,-0.014533230715280808,-0.017484097679452686,0.01792613609392274,0.2613333333333333,0.7416666666666667,0.3,1350,55.0
1,0,0,-2.4277172088623047,0.74,random,0.010129488627115886,-0.0003369140625,-0.0074352925618489584,0.04237618287404378,0.0061425134462508146,0.014168048923094053,-0.000325089607138904,0.004380655628431107,0.25866666666666666,0.7383333333333333,0.3333333333333333,1350,56.0
1,0,0,-2.4277172088623047,0.74,random_normmatched,0.039651898701985676,0.03267791748046875,-0.04214247639973958,0.05493237177530925,0.03478989988554801,0.055049928733219324,0.047122730063104364,0.022915920705706194,0.26,0.7383333333333333,0.3466666666666667,1350,56.0
1,0,0,-2.4277172088623047,0.74,random,0.0022407938639322916,0.0016734822591145833,-0.0001567230224609375,0.04511677424112956,-0.00014575786636985064,-0.0069213131461770385,-0.0008413993959140881,-0.0015303390319070435,0.2613333333333333,0.7383333333333333,0.32666666666666666,1350,57.0
1,0,0,-2.4277172088623047,0.74,random_normmatched,-0.0445470937093099,-0.03790824890136719,0.0019063466389973957,0.0662706693013509,-0.044845096704401004,-0.10795865216334422,-0.006768450611378946,-0.052131106643807996,0.23866666666666667,0.74,0.22666666666666666,1350,57.0
1,0,0,-2.4277172088623047,0.74,random,0.006483103434244792,-0.0007674662272135417,-0.0037029368082682292,0.04166874567667643,0.0028610010196897665,0.005347526992472619,-0.00014264005104643138,0.004691629101591815,0.2613333333333333,0.7366666666666667,0.3333333333333333,1350,58.0
1,0,0,-2.4277172088623047,0.74,random_normmatched,-0.010784418741861979,0.009179916381835938,-0.007430257161458334,0.07391303380330404,-0.05266379808170566,-0.03535292002987573,-0.005834991377779155,0.01155969372426079,0.24266666666666667,0.7366666666666667,0.23333333333333334,1350,58.0
1,0,0,-2.4277172088623047,0.74,random,-0.0004556605021158854,-0.009628397623697917,-0.0018558756510416666,0.040050328572591144,0.0021793529110700665,-0.001813254324866108,-0.00019564291154455888,0.0003637151928958093,0.256,0.74,0.32,1350,59.0
1,0,0,-2.4277172088623047,0.74,random_normmatched,-0.029564786275227864,-0.06516260782877605,-0.019163579305013022,0.05270040988922119,-0.02306170049350145,-0.051971161935460024,0.01165632921091173,-0.02089924281835545,0.25066666666666665,0.7366666666666667,0.2866666666666667,1350,59.0
1,0,0,-2.4277172088623047,0.74,random,0.008761243184407552,0.0017900594075520833,0.0057541046142578125,0.04647769133249919,0.004930852378026168,0.015431027600862228,-0.003449413491522417,0.004737092896378421,0.2653333333333333,0.73,0.3466666666666667,1350,60.0
1,0,0,-2.4277172088623047,0.74,random_normmatched,0.013667477925618489,-0.009455464680989583,0.00334857177734375,0.06128630956013997,-0.010842694543985799,0.06645673278707875,-0.011581299965416207,-0.0016936649338883975,0.248,0.74,0.26666666666666666,1350,60.0
1,0,0,-2.4277172088623047,0.74,random,0.0001396026611328125,-0.0059935251871744795,-0.0024267323811848957,0.04169756571451823,-0.00010517604936846895,-0.007832133305417674,-0.00019564291154455888,3.460500311445028e-05,0.2653333333333333,0.7383333333333333,0.36,1350,61.0
1,0,0,-2.4277172088623047,0.74,random_normmatched,-0.035280255635579426,-0.04258392333984375,0.00169390869140625,0.051568676630655924,-0.02554126682695555,-0.05398005396047779,-0.0020958461720642536,-0.020069532474179745,0.25866666666666666,0.7383333333333333,0.3333333333333333,1350,61.0
1,0,0,-2.4277172088623047,0.74,random,-0.0021268259684244792,-0.007843399047851562,0.005597478230794271,0.04073589642842611,-0.0008826256944853924,-0.008560586454811328,-0.0017480978860744257,-0.00218557124420737,0.26,0.7316666666666667,0.31333333333333335,1350,62.0
1,0,0,-2.4277172088623047,0.74,random_normmatched,-0.06357441965738932,-0.1011084493001302,0.018534255981445313,0.05693556149800619,-0.056663158044583786,-0.1218177753302322,-0.025718200031433297,-0.030282277979666643,0.25466666666666665,0.7433333333333333,0.26666666666666666,1350,62.0
1,0,0,-2.4277172088623047,0.74,random,0.0053112360636393225,0.007774022420247396,0.005233551025390625,0.03984835465749105,0.0011987999918547075,0.006187922774517569,-0.0037990579715863745,0.0012639923799540695,0.26266666666666666,0.74,0.3333333333333333,1350,63.0
1,0,0,-2.4277172088623047,0.74,random_normmatched,-0.018115081787109376,-0.011953887939453125,0.03954272969563802,0.0510611613591512,-0.02803101073320256,-0.01751267438145677,-0.032745761230714425,-0.005929959709358949,0.24533333333333332,0.7433333333333333,0.25333333333333335,1350,63.0
1,0,0,-2.4277172088623047,0.74,random,0.00602996826171875,-0.0012241109212239583,-0.007814921061197917,0.039030548731486,0.0036860371661124264,0.004768852925899839,0.0002704704793066213,0.002964107990648391,0.264,0.7283333333333334,0.3466666666666667,1350,64.0
1,0,0,-2.4277172088623047,0.74,random_normmatched,0.0037616170247395833,-0.018012669881184894,-0.006910741170247396,0.049570778210957844,-2.183173095900264e-05,-0.0015366251205102717,0.0026576579356088308,0.004561778549101477,0.2613333333333333,0.735,0.3466666666666667,1350,64.0
1,0,0,-2.4277172088623047,0.74,random,-0.009443445841471354,-0.007373784383138021,0.0011040751139322917,0.04763449192047119,-0.0022853586320663215,-0.018900791596221652,-0.0011489149466799992,-0.0038624979757763247,0.26,0.73,0.32666666666666666,1350,65.0
1,0,0,-2.4277172088623047,0.74,random_normmatched,-0.10064347839355468,-0.10293080647786458,0.04000868225097656,0.07068340142567953,-0.08214993124713364,-0.18101747515467567,-0.055653760442560374,-0.060298584672876514,0.268,0.7316666666666667,0.29333333333333333,1350,65.0
1,0,0,-2.4277172088623047,0.74,random,0.009410163879394532,0.010046335856119791,0.004437947591145833,0.040943452517191566,0.006566672790597151,0.01006054426009387,-0.0018602349741837286,0.003008095199035895,0.26266666666666666,0.7416666666666667,0.3333333333333333,1350,66.0
1,0,0,-2.4277172088623047,0.74,random_normmatched,0.009894236246744792,-0.011611455281575521,0.027232325236002605,0.056257410049438475,-0.006130038171417098,-0.0015516636778989412,-0.03371371654596337,-0.011904919903911237,0.252,0.745,0.28,1350,66.0
1,0,0,-2.4277172088623047,0.74,random,0.004421412150065104,-0.0037627919514973958,-0.0014688212076822916,0.038687612215677895,0.0022299447234789527,0.007014341736500287,-0.0005645061862256397,0.002809088452162234,0.264,0.7333333333333333,0.35333333333333333,1350,67.0
1,0,0,-2.4277172088623047,0.74,random_normmatched,0.016184160868326823,0.025401331583658853,0.022749516805013022,0.05019238630930583,0.006680272711403361,0.01926523892849763,-0.029884871401363956,0.015460344593960746,0.252,0.7366666666666667,0.26666666666666666,1350,67.0
1,0,0,-2.4277172088623047,0.74,random,0.02612823994954427,0.019391581217447915,-0.006053914388020833,0.04535306135813395,0.016028192493152436,0.040940174564227994,0.00041220512277743385,0.009955309680667884,0.26666666666666666,0.7366666666666667,0.3466666666666667,1350,68.0
1,0,0,-2.4277172088623047,0.74,random_normmatched,0.09302754211425782,0.11764650980631511,-0.027390350341796876,0.05746369202931722,0.0693428880639327,0.10911787728041428,0.024804807399015753,0.0488486159302558,0.2786666666666667,0.7316666666666667,0.3333333333333333,1350,68.0
1,0,0,-2.4277172088623047,0.74,random,0.003568005879720052,-0.001226043701171875,-0.009698435465494792,0.04080723285675049,0.0022619750171406767,0.0011746100381168191,0.0012971712755444505,0.0003295397238148706,0.26266666666666666,0.7383333333333333,0.36,1350,69.0
1,0,0,-2.4277172088623047,0.74,random_normmatched,-0.006930554707845052,-0.0027604166666666667,-0.02074139404296875,0.04877070426940918,-0.002521564925764805,-0.009827388798945102,0.010911395987777602,0.0028431447211433505,0.25866666666666666,0.745,0.35333333333333333,1350,69.0
1,0,0,-2.4277172088623047,0.74,random,-0.001615343729654948,-0.004644699096679687,-0.0019120992024739584,0.0402666711807251,0.0023081065404634924,-0.006227602849617395,0.00029229518657055613,0.0032730579259654755,0.26266666666666666,0.745,0.34,1350,70.0
1,0,0,-2.4277172088623047,0.74,random_normmatched,-0.04279639689127604,-0.06898536682128906,0.005736099243164062,0.06061401049296061,-0.0431614764297546,-0.10788606198771869,-0.008213409068647636,-0.010357417070151522,0.23866666666666667,0.745,0.24666666666666667,1350,70.0
1,0,0,-2.4277172088623047,0.74,random,0.001012585957845052,-0.016048126220703125,-0.002276799519856771,0.04044633547465006,0.0024241014139584787,0.00039480359386767817,-0.0008636348445871365,0.0020822468662624488,0.268,0.7333333333333333,0.35333333333333333,1350,71.0
1,0,0,-2.4277172088623047,0.74,random_normmatched,-0.012696022033691407,-0.021632843017578125,0.022743616739908854,0.05800681273142497,-0.01890512927789803,-0.005435970357112001,-0.02737130072429773,-0.00480611687602403,0.2613333333333333,0.73,0.32666666666666666,1350,71.0
1,0,0,-2.4277172088623047,0.74,random,0.007063995361328125,-0.002204869588216146,-0.0060925038655598954,0.0415749979019165,0.003176516854534884,0.009124033903720272,0.0002533224950278153,0.0012841114019268688,0.264,0.7383333333333333,0.34,1350,72.0
1,0,0,-2.4277172088623047,0.74,random_normmatched,-0.011884246826171875,-0.025468978881835937,-0.0339169667561849,0.054606784184773764,-0.01795549844757155,-0.013915357797735844,0.028478125164111568,-0.01532337412175552,0.264,0.7383333333333333,0.32,1350,72.0
1,0,0,-2.4277172088623047,0.74,random,0.013565714518229167,0.005090077718098958,-0.004573440551757813,0.03769525527954101,0.007999769987120254,0.01643390568637029,0.0005580889428920485,0.005803856290747676,0.26266666666666666,0.73,0.3333333333333333,1350,73.0
1,0,0,-2.4277172088623047,0.74,random_normmatched,0.0730491434733073,0.07107371012369791,-0.036351409912109375,0.055737876892089845,0.06617821417415386,0.08737880270181889,0.01754023641620441,0.057303337739043475,0.2693333333333333,0.7366666666666667,0.3333333333333333,1350,73.0
1,0,0,-2.4277172088623047,0.74,random,0.006993263244628906,0.005519510904947917,0.0004053955078125,0.042891047795613604,0.005563706773158302,0.012023617878334444,-0.0023274491389324815,0.0029825510831832957,0.26666666666666666,0.7316666666666667,0.35333333333333333,1350,74.0
1,0,0,-2.4277172088623047,0.74,random_normmatched,0.0007542978922526042,-0.01429552714029948,0.019424235026041667,0.05834999720255534,-0.0026806246798946813,0.008704609482317887,-0.027775057808680524,-0.006852578333282649,0.2693333333333333,0.74,0.31333333333333335,1350,74.0
1,0,0,-2.4277172088623047,0.74,random,0.0013218460083007813,-0.006355183919270833,0.006101918538411458,0.041737090746561685,0.0001699756196093777,-0.0003057203688807958,-0.0033360623960586137,0.0011326456297487961,0.252,0.745,0.32,1350,75.0
1,0,0,-2.4277172088623047,0.74,random_normmatched,-0.016206031799316407,-0.00808062235514323,0.01248907470703125,0.05898276487986247,-0.010568117193511493,-0.03270843996499909,-0.01309560381219177,-0.0031579731222749563,0.24666666666666667,0.745,0.26666666666666666,1350,75.0
1,0,0,-2.4277172088623047,0.74,random,0.0017031631469726562,-0.008671646118164062,0.0020708719889322917,0.04396937370300293,0.0009539432641573739,-0.005301749860843345,-0.0024838545800351555,0.00024685536771741997,0.268,0.735,0.34,1350,76.0
1,0,0,-2.4277172088623047,0.74,random_normmatched,-0.031316075642903646,-0.022744776407877604,0.007194122314453125,0.058945660591125486,-0.02637813902349772,-0.09896867563928208,-0.014146961661433711,-0.014436102214794279,0.25466666666666665,0.7383333333333333,0.3,1350,76.0
1,0,0,-2.4277172088623047,0.74,random,0.004128461201985677,-0.0026259358723958333,0.0019325510660807292,0.03962443987528483,0.0016826026931974177,0.003512463219066803,-0.0002432860131856504,0.002475721879833618,0.2613333333333333,0.7333333333333333,0.34,1350,77.0
1,0,0,-2.4277172088623047,0.74,random_normmatched,0.024511088053385418,0.01777674357096354,-0.029280441284179688,0.05579819361368815,0.0209096284665113,0.018467696299901425,0.02563320580036359,0.0218764286933962,0.268,0.73,0.32666666666666666,1350,77.0
1,0,0,-2.4277172088623047,0.74,random,0.000191162109375,-0.010459620157877604,-0.0008940175374348958,0.03934113502502441,0.0008857445131938215,-0.010775954252981446,-0.00021141448307399315,0.001835533272885357,0.26266666666666666,0.735,0.34,1350,78.0
1,0,0,-2.4277172088623047,0.74,random_normmatched,-0.03133818562825521,-0.023033472696940106,-0.019512934366861977,0.0540173069636027,-0.006667448069132099,-0.11563932784770212,0.008087096910956264,0.00031154409575926605,0.25066666666666665,0.735,0.30666666666666664,1350,78.0
1,0,0,-2.4277172088623047,0.74,random,0.0029355494181315103,0.00017878214518229167,-0.004535441080729167,0.04197470188140869,0.0018278192333545443,-0.006699881288834923,-7.436690359386694e-05,0.0002656154529382203,0.26,0.7316666666666667,0.3466666666666667,1350,79.0
1,0,0,-2.4277172088623047,0.74,random_normmatched,-0.007820388793945313,-0.04229108174641927,-0.00881304423014323,0.04872507413228353,-0.002652773689626939,-0.06509501120539586,0.008533323371563293,0.000996513824600583,0.26,0.7383333333333333,0.32666666666666666,1350,79.0
1,0,0,-2.4277172088623047,0.74,random,0.0009962844848632813,-0.008434397379557292,0.003852956136067708,0.03845896085103353,2.0185302404049597e-05,-0.0018102863045290126,-0.001189829337265644,0.000739367919405136,0.26266666666666666,0.7316666666666667,0.3333333333333333,1350,80.0
1,0,0,-2.4277172088623047,0.74,random_normmatched,0.014675529479980468,0.022123209635416665,0.023724324544270835,0.058927876154581706,0.006118712572210308,0.003838176927754047,-0.02663291294563786,0.006418128452191318,0.2653333333333333,0.7383333333333333,0.32,1350,80.0
1,0,0,-2.4277172088623047,0.74,random,0.006625150044759115,0.007026570638020833,0.0059731903076171875,0.03923822561899821,0.0034513452927940943,0.0017631222685596016,-0.004590983063734868,0.0023903344820850434,0.264,0.7333333333333333,0.3466666666666667,1350,81.0
1,0,0,-2.4277172088623047,0.74,random_normmatched,-0.0003801447550455729,0.005808817545572917,0.03248534138997396,0.052089017232259116,0.0023126040723000655,-0.032839638569796874,-0.034094869469251374,0.0026317959430487603,0.248,0.7433333333333333,0.26666666666666666,1350,81.0
1,0,0,-2.4277172088623047,0.74,random,0.011777086893717448,0.011617685953776042,-0.0020031280517578123,0.04171648661295573,0.006222043323315753,0.01065787434249765,-0.0014201648798174754,0.0027045435162804175,0.2613333333333333,0.7316666666666667,0.34,1350,82.0
1,0,0,-2.4277172088623047,0.74,random_normmatched,0.027622291564941406,0.04101064046223958,-0.0010285441080729167,0.054574166933695475,0.015191765928757409,0.008086813413232117,-0.006220260293458442,0.012160331114167533,0.256,0.7366666666666667,0.29333333333333333,1350,82.0
1,0,0,-2.4277172088623047,0.74,random,0.014758262634277344,0.008351058959960937,7.159932454427083e-05,0.04109194755554199,0.009855739494861479,0.02138219220285323,2.8060337910773387e-05,0.00415581172032778,0.26666666666666666,0.7333333333333333,0.3466666666666667,1350,83.0
1,0,0,-2.4277172088623047,0.74,random_normmatched,0.035581125895182295,0.03759933471679688,0.026893051147460937,0.054968587557474774,0.018628689810174334,0.08244222748912482,-0.01610246099161866,0.010062323525739481,0.26,0.735,0.3,1350,83.0
1,0,0,-2.4277172088623047,0.74,random,0.0037826461791992186,-0.005949554443359375,-0.0009047037760416667,0.038465083440144855,0.0016783803629497535,0.004827692255802024,-0.0001661361864543741,0.0015017411160800703,0.26,0.7333333333333333,0.3466666666666667,1350,84.0
1,0,0,-2.4277172088623047,0.74,random_normmatched,0.01562798055013021,0.013266042073567708,-0.004450241088867188,0.05131291389465332,0.01655793772884886,0.04348611370396132,0.0014575786636985065,0.011314424863570144,0.25733333333333336,0.7366666666666667,0.32666666666666666,1350,84.0
1,0,0,-2.4277172088623047,0.74,random,0.005270802815755208,0.008080647786458334,0.0025850423177083332,0.042631704012552896,0.0017496572954286403,0.0034638757913164793,-0.0014825211862858605,-0.0003420460917740649,0.264,0.7316666666666667,0.3466666666666667,1350,85.0
1,0,0,-2.4277172088623047,0.74,random_normmatched,-0.030434247334798176,-0.057928212483723956,0.00025576273600260417,0.048551262219746906,-0.008224796823180022,-0.08899402286453822,0.00033783821918356694,-0.01451097308629019,0.25733333333333336,0.735,0.31333333333333335,1350,85.0
1,0,0,-2.4277172088623047,0.74,random,0.005916498819986979,0.005134201049804688,0.004449310302734375,0.03903759479522705,0.0025262098658004597,0.004847251804011168,-0.0005800618480321621,0.00123830450470203,0.26,0.7366666666666667,0.32666666666666666,1350,86.0
1,0,0,-2.4277172088623047,0.74,random_normmatched,0.03310035959879557,0.03198768615722656,0.05960676066080729,0.05606919765472412,0.022749918961159524,0.04515751706656257,-0.04567615218735307,0.020221448294987638,0.264,0.7383333333333333,0.30666666666666664,1350,86.0
1,0,0,-2.4277172088623047,0.74,random,0.006434865315755208,0.0005226643880208333,-0.0012163136800130208,0.04105204582214356,0.004264410728939741,0.0026510832501937765,0.00023903647583742944,0.002446446169539584,0.25866666666666666,0.7433333333333333,0.31333333333333335,1350,87.0
1,0,0,-2.4277172088623047,0.74,random_normmatched,0.03175065104166667,0.020974273681640624,-0.0004246927897135417,0.04972511291503906,0.03718132702825936,0.016868262225856644,-0.000985229642200488,0.021313636937847397,0.26266666666666666,0.7366666666666667,0.2866666666666667,1350,87.0
1,0,0,-2.4277172088623047,0.74,random,0.0029568837483723957,-0.0010110982259114584,0.00014301554361979168,0.0417148494720459,0.0002572431274132244,0.008475081184476796,-0.0011414876472849952,0.0008737819713368306,0.26266666666666666,0.7333333333333333,0.3333333333333333,1350,88.0
1,0,0,-2.4277172088623047,0.74,random_normmatched,-0.012756202697753906,-0.024704386393229166,0.0021726328531901044,0.05173161506652832,-0.008462227045530861,0.01515405071417816,0.0004622161216969061,-0.006556366642421693,0.24533333333333332,0.735,0.2733333333333333,1350,88.0
1,0,0,-2.4277172088623047,0.74,random,0.0041862818400065106,0.007190755208333333,0.00106207275390625,0.04161053975423177,0.004017937562742925,-0.003333035700896185,-0.0008456579322959726,0.0048031210484527085,0.25733333333333336,0.7383333333333333,0.32,1350,89.0
1,0,0,-2.4277172088623047,0.74,random_normmatched,0.003258562723795573,0.013162002563476563,2.04315185546875e-05,0.056256219546000165,-0.0024779014638467997,-0.026265893038650925,0.0013322299586672735,0.001469177260733989,0.256,0.745,0.3333333333333333,1350,89.0
1,0,0,-2.4277172088623047,0.74,random,0.0023438898722330727,-0.0143719482421875,0.0006563618977864583,0.046388010978698734,0.0017210340585274344,-0.002588117925432203,-0.0013577271827565991,-0.0011173090042367192,0.25866666666666666,0.7366666666666667,0.3333333333333333,1350,90.0
1,0,0,-2.4277172088623047,0.74,random_normmatched,-0.041795033772786455,-0.06878712972005209,0.006328598022460937,0.057563193639119464,-0.006473108229344283,-0.11192862490713323,-0.009373296455119364,-0.02114312026852355,0.2733333333333333,0.7416666666666667,0.30666666666666664,1350,90.0
1,0,0,-2.4277172088623047,0.74,random,0.0022708994547526043,-0.006820856730143229,-0.0012100321451822917,0.03951077302296956,0.0019239780344070432,-0.0027139131065120454,-0.0012674245141069036,0.0018274711919471825,0.2653333333333333,0.7366666666666667,0.3333333333333333,1350,91.0
1,0,0,-2.4277172088623047,0.74,random_normmatched,-0.0036441650390625,-0.0035773722330729165,-0.00829192606608073,0.05151744206746419,-0.005949352287509355,-0.009894975880300394,-0.005009142149215466,-0.0009451226853524043,0.25866666666666666,0.7383333333333333,0.3,1350,91.0
1,0,0,-2.4277172088623047,0.74,random,0.009403533935546875,0.013436203002929687,-0.0046718393961588545,0.03996450424194336,0.00467325014800691,0.012672683910157304,-0.000258778671843799,0.0032146342656905417,0.2693333333333333,0.7316666666666667,0.36,1350,92.0
1,0,0,-2.4277172088623047,0.74,random_normmatched,0.03263515981038412,0.042816301981608074,-0.04253587849934896,0.06061508973439535,0.021503572285622673,0.09345500299425324,0.04543499094284153,0.004871732143309066,0.27066666666666667,0.735,0.3333333333333333,1350,92.0
1,0,0,-2.4277172088623047,0.74,random,-0.0023373692830403647,-0.006475702921549479,0.008723378499348958,0.051187995274861654,-0.0004909729519598643,0.004041808803922205,-0.003715158026682181,0.001547783705460054,0.2613333333333333,0.735,0.34,1350,93.0
1,0,0,-2.4277172088623047,0.74,random_normmatched,-0.0071103134155273435,-0.01280835469563802,0.03307623291015625,0.08779218673706055,-0.04044352092156386,0.025957318171804456,-0.10519508901216601,-0.002454381675374148,0.2653333333333333,0.7433333333333333,0.28,1350,93.0
1,0,0,-2.4277172088623047,0.74,random,0.012016199747721354,0.004788945515950521,-0.006983637491861979,0.04387682914733887,0.0071190374426071765,0.03144321035436039,0.0005892670961262412,0.004576555554048126,0.2653333333333333,0.73,0.3466666666666667,1350,94.0
1,0,0,-2.4277172088623047,0.74,random_normmatched,0.010399866739908854,0.02050562540690104,-0.04270977274576823,0.056443672180175784,0.007409068366623257,0.06838794175243267,0.04819006256736494,0.0008996728048059549,0.27466666666666667,0.7383333333333333,0.29333333333333333,1350,94.0
1,0,0,-2.4277172088623047,0.74,random,0.0037825393676757814,-0.006864420572916667,0.0005443623860677084,0.040296778678894044,0.0014752012490868928,-0.002557422537562271,-0.0007864689153325097,0.003814969909526085,0.26266666666666666,0.7316666666666667,0.3466666666666667,1350,95.0
1,0,0,-2.4277172088623047,0.74,random_normmatched,-0.01892139434814453,-0.050441436767578125,-0.011314076741536458,0.06143801848093668,-0.022552717141953255,-0.055673940449459516,0.011946511870186196,-0.0032964279782565246,0.256,0.735,0.29333333333333333,1350,95.0
1,0,0,-2.4277172088623047,0.74,random,0.0024062347412109374,-0.00576507568359375,0.0007637532552083334,0.042122788429260254,0.0013239385417280888,-0.001628637199480518,-0.002985092124357625,-0.00026079717001634996,0.2653333333333333,0.74,0.34,1350,96.0
1,0,0,-2.4277172088623047,0.74,random_normmatched,-0.022154886881510415,-0.013643213907877604,0.0005521799723307291,0.05016260147094727,-0.011520495751027043,-0.024386033279468377,0.005426659193678175,-0.006233919330249245,0.268,0.7416666666666667,0.36,1350,96.0
1,0,0,-2.4277172088623047,0.74,random,0.005287528991699219,0.001384429931640625,0.002617635091145833,0.040033238728841146,0.0036926813507798754,0.0013654259813100978,0.00011691807462822245,0.00120347213407494,0.256,0.7383333333333333,0.31333333333333335,1350,97.0
1,0,0,-2.4277172088623047,0.74,random_normmatched,-0.00091693115234375,-0.005450490315755208,0.004091512044270833,0.05298460006713867,-0.0007319828082310617,-0.010138080506449515,-0.011803269360634484,0.003302535992947834,0.2653333333333333,0.7366666666666667,0.31333333333333335,1350,97.0
1,0,0,-2.4277172088623047,0.74,random,0.005178955078125,-0.002277196248372396,-0.0038102010091145833,0.04323890527089437,-0.0011537493900419928,-0.0015252379074171033,0.0013133797049903655,-0.0009151218648926188,0.25866666666666666,0.7383333333333333,0.32666666666666666,1350,98.0
1,0,0,-2.4277172088623047,0.74,random_normmatched,-0.027530069986979166,-0.024215367635091144,-0.01217650858561198,0.06096561431884766,-0.02130824264831699,-0.08812050123694834,0.009588808119064802,-0.0066681177817693605,0.25066666666666665,0.7433333333333333,0.29333333333333333,1350,98.0
1,0,0,-2.4277172088623047,0.74,random,0.012380864461263021,0.008456853230794271,-0.015420049031575522,0.042443497975667314,0.006041779724833161,0.011912533437047686,0.002972234229132788,0.004421688804508439,0.26266666666666666,0.74,0.34,1350,99.0
1,0,0,-2.4277172088623047,0.74,random_normmatched,0.04090227762858073,0.028084793090820313,-0.10379181925455729,0.0637591012318929,0.04537746367087484,0.03265403611696333,0.12161584286678442,0.02493007976936374,0.25866666666666666,0.7383333333333333,0.26666666666666666,1350,99.0
1,0,0,-2.4277172088623047,0.74,shuffled_labels,0.9041653823852539,0.9293313598632813,-0.6558559773763021,0.7552257394790649,0.6772627569067647,1.0905541590605086,0.48322084353078165,0.6451229547037489,0.5866666666666667,0.6816666666666666,0.6,1350,
1,0,1,-2.381237745285034,0.8388888888888889,das,2.2785451968510944,2.3411633703443737,-1.9772419607197798,0.6738536556561788,1.1921691506211967,1.5488197624092495,0.9703469892407683,1.0581882376722387,0.8962962962962963,0.8366666666666667,0.8981481481481481,1980,
1,0,1,-2.381237745285034,0.8388888888888889,random,0.035488238158049405,0.01866810410111039,-0.0008611714398419415,0.04926572269863552,0.012190838749048121,0.01903752168215019,0.0004604658006020653,0.01111679494482963,0.1675925925925926,0.8355555555555556,0.1388888888888889,1980,0.0
1,0,1,-2.381237745285034,0.8388888888888889,random_normmatched,0.18973011705610487,0.1858225221987124,-0.05765843568024812,0.07968066003587511,0.10488202093060191,0.0920992042731291,0.024740887741335843,0.10922575616380618,0.18518518518518517,0.8388888888888889,0.16666666666666666,1980,0.0
1,0,1,-2.381237745285034,0.8388888888888889,random,0.00970407591925727,-0.0005739000108506945,0.0010068787468804252,0.04148281097412109,0.0031769649915507794,0.00805892628633809,-0.00065175371226159,0.0022975388600174926,0.15833333333333333,0.84,0.1388888888888889,1980,1.0
1,0,1,-2.381237745285034,0.8388888888888889,random_normmatched,0.03033950991100735,0.02838666350753219,-0.0017875777350531683,0.057100150850084096,0.0007848148779582779,0.008516169310629785,-0.000878093926524988,0.007106168846154458,0.17222222222222222,0.8366666666666667,0.1388888888888889,1980,1.0
1,0,1,-2.381237745285034,0.8388888888888889,random,0.004812517872563115,-0.011083479280825015,-0.0010743176495587384,0.03986154238382975,-4.700789241665625e-06,0.009280097982803949,-0.0008737778335776232,-0.00046316824915570103,0.16296296296296298,0.8377777777777777,0.1388888888888889,1980,2.0
1,0,1,-2.381237745285034,0.8388888888888889,random_normmatched,-0.008660065686261213,-0.03323547928421586,-0.03188838605527525,0.05340902328491211,-0.0004781368021839768,-0.001508419481727098,0.01214146957840123,-0.0015705028623025606,0.16944444444444445,0.8411111111111111,0.1388888888888889,1980,2.0
1,0,1,-2.381237745285034,0.8388888888888889,random,-0.0016944337774206092,-0.0275707068266692,-0.00037905551769115307,0.04696751912434896,-0.0014531414426031649,-0.0016597835602294969,-0.0007441044940801,-0.0010836396832146927,0.16944444444444445,0.8355555555555556,0.1388888888888889,1980,3.0
1,0,1,-2.381237745285034,0.8388888888888889,random_normmatched,-0.01177350503427011,-0.04865688747829861,0.005955696105957031,0.059678719838460285,-0.010424083702125646,-0.005832981254750576,-0.001526514818049721,-0.001411742527035631,0.16944444444444445,0.8322222222222222,0.1388888888888889,1980,3.0
1,0,1,-2.381237745285034,0.8388888888888889,random,-0.0042571809556749135,-0.011400717276114004,0.0010701991893627026,0.041620976130167645,-0.0023832562933249492,0.003106859861132995,-0.0012615210665601639,-0.003022682154919524,0.16296296296296298,0.84,0.1388888888888889,1980,4.0
1,0,1,-2.381237745285034,0.8388888888888889,random_normmatched,-0.017865592462045176,-0.03186123459427445,-0.016755829917060004,0.05560802141825358,-0.011633943159885477,-0.008018530737131156,0.004723516311772269,-0.006856902324423854,0.1574074074074074,0.8366666666666667,0.1388888888888889,1980,4.0
1,0,1,-2.381237745285034,0.8388888888888889,random,0.002751800749037001,-0.005873326902036314,0.008676288746021412,0.0396654298570421,3.935418130746674e-05,0.006407782517680436,-0.002662536748844774,0.00019619390070518827,0.16111111111111112,0.8411111111111111,0.1388888888888889,1980,5.0
1,0,1,-2.381237745285034,0.8388888888888889,random_normmatched,0.010408284487547699,-0.023173093795776367,0.0123152079405608,0.0586098755730523,0.0017511924887886401,0.0017332652720851941,-0.009903382250176215,0.017153355577941523,0.15555555555555556,0.8377777777777777,0.1388888888888889,1980,5.0
1,0,1,-2.381237745285034,0.8388888888888889,random,-0.003047021230061849,-0.01998675311053241,0.014397811889648438,0.0418875683678521,-0.001570433687190158,0.0003096512173188352,-0.0036207237688890117,-0.002204326281569355,0.1638888888888889,0.8377777777777777,0.1388888888888889,1980,6.0
1,0,1,-2.381237745285034,0.8388888888888889,random_normmatched,-0.010878428706416378,-0.019887977176242404,0.04833356539408366,0.06348016315036349,-0.0063581557542361075,-0.012906708849665318,-0.031347091832243115,-0.0036047222482658223,0.14907407407407408,0.8277777777777777,0.12962962962962962,1980,6.0
1,0,1,-2.381237745285034,0.8388888888888889,random,-0.0013411504250985605,-0.02380817907827872,0.004699735288266782,0.04536590682135688,-0.0011063274914119635,-0.0029547177743906956,-0.0013581110287913603,-0.0011417353301821727,0.16944444444444445,0.8311111111111111,0.1388888888888889,1980,7.0
1,0,1,-2.381237745285034,0.8388888888888889,random_normmatched,-0.017068154723555953,-0.05312190232453523,-0.0004175998546459057,0.06527129491170247,-0.019035882510855487,-0.043419530424000506,0.004739198815155346,-0.012544458902086756,0.1675925925925926,0.83,0.12962962962962962,1980,7.0
1,0,1,-2.381237745285034,0.8388888888888889,random,-0.00924167103237576,-0.0177117630287453,0.005440823237101237,0.04689238203896417,-0.003575098419192487,0.005213078996912571,-0.0011217225966633864,-0.003968990547774255,0.16296296296296298,0.8355555555555556,0.1388888888888889,1980,8.0
1,0,1,-2.381237745285034,0.8388888888888889,random_normmatched,-0.11836715936660766,-0.12308549880981445,0.03551496399773492,0.07364742755889893,-0.06116603043351446,-0.025385787105166743,-0.03030806634393459,-0.06470394494836912,0.1638888888888889,0.8366666666666667,0.1574074074074074,1980,8.0
1,0,1,-2.381237745285034,0.8388888888888889,random,0.019313932348180702,0.018946206128155743,-0.00038700810185185187,0.043638296127319336,0.0042136066204162825,0.014480070044658611,-0.001456636057886652,0.0030723950588298463,0.16203703703703703,0.8388888888888889,0.1388888888888889,1980,9.0
1,0,1,-2.381237745285034,0.8388888888888889,random_normmatched,0.06553851630952623,0.08891045605694806,-0.029471687034324363,0.05639795833163791,0.022926622722770313,0.02383113325009133,0.01236345939465638,0.030632846477352756,0.1675925925925926,0.8377777777777777,0.1388888888888889,1980,9.0
1,0,1,-2.381237745285034,0.8388888888888889,random,0.009705179708975333,-0.0029422971937391493,0.005766492419772678,0.04497883160909017,0.0008183392812883686,0.009246751886954716,-0.0010582094489565556,0.0004766128697942895,0.15925925925925927,0.8411111111111111,0.1388888888888889,1980,10.0
1,0,1,-2.381237745285034,0.8388888888888889,random_normmatched,0.040120502754494,0.049891383559615525,0.0077378926453767,0.061314155790540906,0.015832082732518946,0.02531261252784209,-0.007143386657233773,0.019557125093017703,0.15555555555555556,0.8344444444444444,0.14351851851851852,1980,10.0
1,0,1,-2.381237745285034,0.8388888888888889,random,0.012060186598036024,0.0009082864831995081,-0.004842807628490307,0.04119714207119412,0.0035905130888985734,0.009154314240370229,0.0023378818971836633,0.0036225041198598056,0.1638888888888889,0.8388888888888889,0.1388888888888889,1980,11.0
1,0,1,-2.381237745285034,0.8388888888888889,random_normmatched,0.08273537026511299,0.10336423803258825,-0.03372218520553024,0.05528912226359049,0.02776147735948896,0.04294830535686339,0.018477417917063033,0.029756554167380246,0.17777777777777778,0.8388888888888889,0.1388888888888889,1980,11.0
1,0,1,-2.381237745285034,0.8388888888888889,random,0.004758538140190972,-0.00785704012270327,0.005645303372983579,0.04518484009636773,0.0001253487372930058,0.004276990313120525,-0.0020585496117382163,0.00023419227000517524,0.16574074074074074,0.8355555555555556,0.1388888888888889,1980,12.0
1,0,1,-2.381237745285034,0.8388888888888889,random_normmatched,-0.03238874408933851,-0.07366432967009368,0.002735102618182147,0.06447152773539225,-0.014787705007276879,-0.014312119261548411,0.0020178837655430177,-0.01431197482053175,0.16944444444444445,0.8322222222222222,0.13425925925925927,1980,12.0
1,0,1,-2.381237745285034,0.8388888888888889,random,0.00043825926604094327,-0.012309692524097584,0.0043201040338586875,0.03984837532043457,0.00017725923713076623,0.006527536581635554,-0.002283498531398481,-0.00011833072633748288,0.16296296296296298,0.8377777777777777,0.1388888888888889,1980,13.0
1,0,1,-2.381237745285034,0.8388888888888889,random_normmatched,-0.00022815554230301468,-0.002826213836669922,-0.007925448594269928,0.054225780698988174,0.0016822422552755505,0.028807576335008567,0.0057280463135693325,0.0013941363927780343,0.1675925925925926,0.8311111111111111,0.1527777777777778,1980,13.0
1,0,1,-2.381237745285034,0.8388888888888889,random,0.002648655573527018,-0.0006078614128960504,0.00628414683871799,0.0414418347676595,-0.0011054457098076073,0.0041705238935051715,-0.00292222026161669,-0.0013961847605627698,0.1638888888888889,0.8377777777777777,0.1388888888888889,1980,14.0
1,0,1,-2.381237745285034,0.8388888888888889,random_normmatched,0.0121827796653465,0.013390426282529478,0.021707787337126555,0.050578638712565106,0.001523359376794068,0.0055265294810028865,-0.01285520549354548,0.006353518915319403,0.15462962962962962,0.8388888888888889,0.13425925925925927,1980,14.0
1,0,1,-2.381237745285034,0.8388888888888889,random,0.0031551378744619865,-0.010435192673294633,0.007703237180356626,0.040589488347371416,-0.0010696084143166974,0.002220419456289875,-0.0017723936961886117,-0.0009949298472597518,0.16018518518518518,0.8388888888888889,0.1388888888888889,1980,15.0
1,0,1,-2.381237745285034,0.8388888888888889,random_normmatched,-0.0008061236805386013,-0.012548658582899306,0.022740660773383246,0.05243980937533908,0.0022894783852716307,-0.012431649158253413,-0.012325712879462627,0.008537940764327158,0.15555555555555556,0.8377777777777777,0.1388888888888889,1980,15.0
1,0,1,-2.381237745285034,0.8388888888888889,random,-0.006492710113525391,-0.01817623774210612,-0.0004493872324625651,0.04216697163052029,-0.004055119089968632,0.00142313079077926,-0.00012057944730758539,-0.005141725371180669,0.16296296296296298,0.8344444444444444,0.1388888888888889,1980,16.0
1,0,1,-2.381237745285034,0.8388888888888889,random_normmatched,-0.05050249717853687,-0.062328727157027634,-0.027709809056034793,0.053451208538479275,-0.0235985898896259,-0.016465267464908468,0.015286666139144079,-0.02406923296479767,0.1675925925925926,0.8377777777777777,0.1388888888888889,1980,16.0
1,0,1,-2.381237745285034,0.8388888888888889,random,0.005546550397519712,-0.010804229312472872,0.002526039547390408,0.040564979977077906,0.0008816631542452066,0.002395831604019217,-0.0009990931553850954,0.0013213762133489717,0.16944444444444445,0.8322222222222222,0.1388888888888889,1980,17.0
1,0,1,-2.381237745285034,0.8388888888888889,random_normmatched,0.01177840895122952,-0.010199334886338975,-0.00841835339864095,0.05262943691677517,-0.0006621510545606166,-0.001935548219516845,0.0009424903213017888,0.006105629209705813,0.1574074074074074,0.8388888888888889,0.1388888888888889,1980,17.0
1,0,1,-2.381237745285034,0.8388888888888889,random,0.007631045800668222,-0.009720961252848307,0.0014446452811912255,0.03760407659742567,0.0005558819947414674,0.011343101475790329,-0.001994291295599724,0.0002684235602270184,0.16296296296296298,0.8344444444444444,0.1388888888888889,1980,18.0
1,0,1,-2.381237745285034,0.8388888888888889,random_normmatched,0.03674776730714021,0.038933012220594615,-0.008711567631474248,0.050315158632066516,0.023917473259445106,0.04393228145120048,0.0034025190237291607,0.026971391860906455,0.1685185185185185,0.8433333333333334,0.1388888888888889,1980,18.0
1,0,1,-2.381237745285034,0.8388888888888889,random,0.008221149444580078,-0.008014537669994213,0.004071938550030744,0.03890576998392741,0.0007883415859635131,0.008348780717074109,-0.001442907716668051,0.001222951539528538,0.1638888888888889,0.8366666666666667,0.13425925925925927,1980,19.0
1,0,1,-2.381237745285034,0.8388888888888889,random_normmatched,0.04115651095354998,0.003710287588614005,-0.010945376643428095,0.052013086742824975,0.011752174140624638,0.023144866075821606,0.005112836509793321,0.014247605946954487,0.1648148148148148,0.8344444444444444,0.1388888888888889,1980,19.0
1,0,1,-2.381237745285034,0.8388888888888889,random,-0.0013893816206190322,-0.009718312157524956,0.003720640253137659,0.03929554409450955,-0.0008642272751918852,-0.0021282278758755213,-0.0012434348055020898,-0.0005098961687662397,0.16296296296296298,0.8366666666666667,0.1388888888888889,1980,20.0
1,0,1,-2.381237745285034,0.8388888888888889,random_normmatched,-0.019723403012311017,-0.045342074500189886,-0.023475039446795427,0.06254332224527995,-0.015825019267646262,-0.04917749310751019,0.0245359912252186,-0.007095746859635398,0.1824074074074074,0.8344444444444444,0.1388888888888889,1980,20.0
1,0,1,-2.381237745285034,0.8388888888888889,random,0.001497418792159469,-0.011082349000153717,0.0022424150396276404,0.03843202590942383,-0.0014726050100447126,0.0029561677751094575,-0.001458696412609384,-0.0005106459909557463,0.16203703703703703,0.8422222222222222,0.1388888888888889,1980,21.0
1,0,1,-2.381237745285034,0.8388888888888889,random_normmatched,-0.021227059099409314,-0.027828843505294236,-0.01165524058871799,0.054115274217393664,-0.011827296384390005,-0.017664383350679803,0.0031254638824882424,-0.004881260282568679,0.16203703703703703,0.8388888888888889,0.1388888888888889,1980,21.0
1,0,1,-2.381237745285034,0.8388888888888889,random,-0.0020755926767985025,-0.012400079656530309,0.0017266891620777271,0.039774783452351886,-0.0013657513393089131,-0.00039658003334692223,-0.0015352064261392685,-0.0011514930422920526,0.1638888888888889,0.8366666666666667,0.1388888888888889,1980,22.0
1,0,1,-2.381237745285034,0.8388888888888889,random_normmatched,-0.009051633764196326,-0.024347481904206453,0.0023806854530617045,0.052859988742404516,-0.002686864690562031,-0.009607581189669208,-0.003134783769902544,-0.0019861445844237807,0.17037037037037037,0.8355555555555556,0.1388888888888889,1980,22.0
1,0,1,-2.381237745285034,0.8388888888888889,random,0.007810103451764142,-0.0027147928873697915,-0.0019033749898274739,0.0411396238538954,0.0008701546862920884,0.012574743947102349,0.0014075028604442592,0.0012908564669100592,0.16203703703703703,0.8344444444444444,0.1388888888888889,1980,23.0
1,0,1,-2.381237745285034,0.8388888888888889,random_normmatched,0.05675607080812808,0.03136599505389178,-0.031239645569412798,0.05377144283718533,0.02267682331923112,0.05933349705032419,0.020148849838009714,0.018756164314783635,0.175,0.8477777777777777,0.1574074074074074,1980,23.0
1,0,1,-2.381237745285034,0.8388888888888889,random,0.008043803109063042,-0.0018633913110803675,0.0008697562747531467,0.04509481641981337,0.0003871229937823454,0.013584057560988093,-0.0012235652869670506,-0.0002564166186361568,0.1648148148148148,0.8377777777777777,0.1388888888888889,1980,24.0
1,0,1,-2.381237745285034,0.8388888888888889,random_normmatched,0.03135295267458315,0.03583809181495949,-0.020303768581814235,0.06618705855475532,0.034587347901937744,0.04046760897603674,0.00833414538854191,0.024817891876995474,0.175,0.8388888888888889,0.14351851851851852,1980,24.0
1,0,1,-2.381237745285034,0.8388888888888889,random,0.002078144638626664,-0.01341318201135706,0.010744803040115922,0.041816997528076175,-0.0005925853441968675,0.00375096703226707,-0.0025004000992292844,-0.0007534008867908611,0.16111111111111112,0.8322222222222222,0.1388888888888889,1980,25.0
1,0,1,-2.381237745285034,0.8388888888888889,random_normmatched,-0.04067218921802662,-0.03173276230140969,0.05556045108371311,0.07206936200459799,-0.03872954812132949,-0.005607054666182287,-0.029777738351231726,-0.03437082516839944,0.15462962962962962,0.8288888888888889,0.1527777777777778,1980,25.0
1,0,1,-2.381237745285034,0.8388888888888889,random,0.0035660902659098307,-0.009347050278275102,0.005659981127138491,0.039394390318128795,-0.0004692561759004288,0.008231587154602251,-0.002590771840431972,-0.0005628313526183819,0.15925925925925927,0.84,0.1388888888888889,1980,26.0
1,0,1,-2.381237745285034,0.8388888888888889,random_normmatched,0.0019718841270164205,-0.02294218098675763,0.011666380917584455,0.04646736674838596,0.003078851121596877,0.017069689305303698,-0.008410579938718375,0.0017538315498521607,0.16018518518518518,0.8344444444444444,0.1388888888888889,1980,26.0
1,0,1,-2.381237745285034,0.8388888888888889,random,0.007622123647619177,-0.012100166744656034,0.0022490271815547237,0.04046608395046658,0.000863020627319888,0.009680028716695413,-0.0017467073735062658,0.0008814604477502847,0.1638888888888889,0.8355555555555556,0.1388888888888889,1980,27.0
1,0,1,-2.381237745285034,0.8388888888888889,random_normmatched,0.049444494424042876,0.02107918703997577,-0.013208975615324798,0.0598165766398112,0.028450852711430167,0.0450437320459177,0.010512133640461956,0.03898184491895628,0.1685185185185185,0.8366666666666667,0.14351851851851852,1980,27.0
1,0,1,-2.381237745285034,0.8388888888888889,random,-0.005473041534423828,-0.0189918941921658,-0.0012112635153311271,0.040825141270955406,-0.001194901030899063,-0.01027232602482744,-0.0007571109162837722,-0.0005437036196637724,0.16111111111111112,0.8377777777777777,0.12962962962962962,1980,28.0
1,0,1,-2.381237745285034,0.8388888888888889,random_normmatched,-0.008805778291490342,-0.0003125755875198929,-0.02609916263156467,0.058583704630533855,-0.0062957737596986,-0.045356357172663016,0.010842779432629547,0.00032854135062629526,0.14629629629629629,0.8488888888888889,0.11574074074074074,1980,28.0
1,0,1,-2.381237745285034,0.8388888888888889,random,0.017037992124204284,0.007726386741355613,-0.001479853524102105,0.03791248745388455,0.004137818316961948,0.016983338162795254,-0.0011821942031304648,0.005001697668011394,0.16018518518518518,0.8388888888888889,0.1388888888888889,1980,29.0
1,0,1,-2.381237745285034,0.8388888888888889,random_normmatched,0.09822207203617803,0.10765150741294578,-0.02767971356709798,0.05347355736626519,0.04565938544726883,0.07269332299492856,0.01567467239313484,0.04620261700478573,0.16203703703703703,0.8377777777777777,0.1527777777777778,1980,29.0
1,0,1,-2.381237745285034,0.8388888888888889,random,0.002124911767465097,-0.008478676831280743,0.002492897598831742,0.0392589971754286,-0.0001259357863136895,0.004326126077633523,-0.0018177840804949456,-0.00016764772683730862,0.16111111111111112,0.8444444444444444,0.1388888888888889,1980,30.0
1,0,1,-2.381237745285034,0.8388888888888889,random_normmatched,0.00970356199476454,0.01552546465838397,-0.008517115204422563,0.05537796126471625,-0.0024231479247033144,0.013322529010058513,0.0006863787223273386,-0.001971613958444466,0.15555555555555556,0.8444444444444444,0.13425925925925927,1980,30.0
1,0,1,-2.381237745285034,0.8388888888888889,random,-0.0006509462992350261,-0.012171780621563946,-0.003947752493399161,0.04107493294609917,-0.00042614342263081156,0.007365486071130322,0.0003303032870648955,-0.0009063589595582174,0.16111111111111112,0.8444444444444444,0.1388888888888889,1980,31.0
1,0,1,-2.381237745285034,0.8388888888888889,random_normmatched,-0.014232517171789099,-0.04517648838184498,-0.035364052101417826,0.0569278875986735,-0.002922711930268393,0.006204898996419016,0.01946582125745149,-0.0016058661575446584,0.16944444444444445,0.8444444444444444,0.14814814814814814,1980,31.0
1,0,1,-2.381237745285034,0.8388888888888889,random,0.0008306591599075882,-0.015197277069091797,0.00298508538140191,0.041541755464341905,-3.647927869190613e-05,-0.003942061437783054,-0.0006062593860708078,0.0008560393620772805,0.15925925925925927,0.8388888888888889,0.1388888888888889,1980,32.0
1,0,1,-2.381237745285034,0.8388888888888889,random_normmatched,0.02889958620071411,0.026443764015480323,-0.0065419126439977575,0.05349628130594889,0.008703063094182093,-0.014413159413625856,0.0034594854901548342,0.017137910679526372,0.1574074074074074,0.8411111111111111,0.125,1980,32.0
1,0,1,-2.381237745285034,0.8388888888888889,random,0.014817903659961842,9.19412683557581e-05,0.0014974099618417244,0.04359275182088216,0.00344603356127927,0.010760561710041684,-0.0005122240585136186,0.003097031446074166,0.15833333333333333,0.8411111111111111,0.1388888888888889,1980,33.0
1,0,1,-2.381237745285034,0.8388888888888889,random_normmatched,0.099925755571436,0.09600727646439164,-0.014789614854035554,0.06213994079165989,0.04515617228417689,0.05216019816055286,0.00993847251390738,0.050526601479449165,0.16574074074074074,0.8422222222222222,0.14351851851851852,1980,33.0
1,0,1,-2.381237745285034,0.8388888888888889,random,0.004851701524522569,-0.006122288880524812,0.000256755616929796,0.03989203770955404,0.00022515519827854546,0.005150150715048563,-0.0005592312412870649,0.0005733208499380527,0.16574074074074074,0.8322222222222222,0.1388888888888889,1980,34.0
1,0,1,-2.381237745285034,0.8388888888888889,random_normmatched,0.04435581233766344,0.028294633935998986,-0.013399546234696,0.05154067251417372,0.02080234779295661,0.011085805225306824,0.0035671518072205362,0.021353938901383457,0.1648148148148148,0.8366666666666667,0.13425925925925927,1980,34.0
1,0,1,-2.381237745285034,0.8388888888888889,random,-0.0012071044356734663,-0.015587453488950376,0.0043611897362603085,0.03904150221082899,-0.00010608048805535724,0.00018685032304089155,-0.001054677208788328,-4.024183936340414e-05,0.1648148148148148,0.8411111111111111,0.1388888888888889,1980,35.0
1,0,1,-2.381237745285034,0.8388888888888889,random_normmatched,-0.026104546476293494,-0.05756339320430049,-0.0021627602753815827,0.053316688537597655,-0.004367047474143917,-0.034156443845856435,0.0053173938871267,0.00040856255503922623,0.15648148148148147,0.8344444444444444,0.12037037037037036,1980,35.0
1,0,1,-2.381237745285034,0.8388888888888889,random,-0.0026430006380434388,-0.014309565226236979,0.012385679174352576,0.045041762457953556,-0.0005707131736192943,0.0031937776559538052,-0.0038785861447297744,-0.0004862475143774126,0.15462962962962962,0.84,0.1388888888888889,1980,36.0
1,0,1,-2.381237745285034,0.8388888888888889,random_normmatched,-0.028942157604076243,-0.040816942850748696,0.03986079427931044,0.05500394503275553,-0.008773394877418919,-0.00921997679637844,-0.02674210657617064,-0.007339111647697266,0.1527777777777778,0.8355555555555556,0.1388888888888889,1980,36.0
1,0,1,-2.381237745285034,0.8388888888888889,random,-0.007096255267107928,-0.02359116518938983,0.0010937955644395616,0.03898183822631836,-0.00238314137093115,0.0015612816097469791,-0.0006955639328043794,-0.002255400866200059,0.16203703703703703,0.8366666666666667,0.1388888888888889,1980,37.0
1,0,1,-2.381237745285034,0.8388888888888889,random_normmatched,-0.061266236393539994,-0.05623676158763744,-0.03367946589434588,0.05207318279478285,-0.029012908868732416,-0.035114735099605845,0.018414154340412076,-0.02431397288282916,0.16111111111111112,0.8388888888888889,0.1388888888888889,1980,37.0
1,0,1,-2.381237745285034,0.8388888888888889,random,-0.0024402618408203127,-0.013978216383192275,-0.0002059971844708478,0.0405229377746582,-0.001230031142692981,0.0011320826832419647,0.0003954959150129142,-0.0011064415490501078,0.16111111111111112,0.8377777777777777,0.1388888888888889,1980,38.0
1,0,1,-2.381237745285034,0.8388888888888889,random_normmatched,0.01995300187004937,0.004062670248526114,-0.015578022709599248,0.05077832327948676,0.0058094909465891955,0.0166328848332496,0.005470990196896247,0.009984191595392582,0.1638888888888889,0.8344444444444444,0.1388888888888889,1980,38.0
1,0,1,-2.381237745285034,0.8388888888888889,random,0.0011923207177056206,-0.010638325302689164,0.003745234454119647,0.04424921565585666,-0.0003100738688812021,0.006642039226718355,0.00023648756303580267,-0.0014894947798016426,0.16111111111111112,0.8422222222222222,0.1388888888888889,1980,39.0
1,0,1,-2.381237745285034,0.8388888888888889,random_normmatched,0.00139574165697451,0.018672413296169706,-0.0068600071801079646,0.05787967787848579,0.0075996286409429166,0.0251292737858267,0.0014539517805415257,-0.007430929116564811,0.1648148148148148,0.84,0.1527777777777778,1980,39.0
1,0,1,-2.381237745285034,0.8388888888888889,random,0.0012623115822120948,-0.01101631588406033,0.0031995808636700665,0.03949853261311849,-0.0002572232005651875,0.004002076414286271,-0.0021684222680840044,-0.0002225110654745696,0.16574074074074074,0.8388888888888889,0.1388888888888889,1980,40.0
1,0,1,-2.381237745285034,0.8388888888888889,random_normmatched,-0.012884321919193975,-0.0052473633377640334,-0.025096476519549334,0.05117530186971029,-0.003949114669935183,-0.012717756797772156,0.011662629943288606,-0.0029837295977170122,0.1638888888888889,0.84,0.1388888888888889,1980,40.0
1,0,1,-2.381237745285034,0.8388888888888889,random,0.00537331015975387,-0.008183443987811054,0.011278224874425818,0.04471752802530925,0.0002650186622376033,0.004792192489258697,-0.003027910117818588,0.00035630247562498565,0.1574074074074074,0.8411111111111111,0.1388888888888889,1980,41.0
1,0,1,-2.381237745285034,0.8388888888888889,random_normmatched,0.03379523754119873,0.027274864691275137,0.012601251955385561,0.0508143785264757,0.01352339704865465,0.013434263355979671,-0.012625043774684624,0.016942850289362772,0.15092592592592594,0.8422222222222222,0.12962962962962962,1980,41.0
1,0,1,-2.381237745285034,0.8388888888888889,random,-0.006925127241346571,-0.024100391953079787,0.006818034913804796,0.040062870449490015,-0.0015796863299051193,-0.01440163512285293,-0.0020719911618708488,-0.0009357111469258772,0.16296296296296298,0.8411111111111111,0.1388888888888889,1980,42.0
1,0,1,-2.381237745285034,0.8388888888888889,random_normmatched,-0.061488510061193394,-0.07646670164885344,0.014168525625158239,0.06193616761101617,-0.026282735942536807,-0.08949830485653955,-0.007106853814068902,-0.02137005165971531,0.1574074074074074,0.8388888888888889,0.12037037037037036,1980,42.0
1,0,1,-2.381237745285034,0.8388888888888889,random,-0.0004570236912480107,-0.017758546052155672,0.0049093582012035225,0.04138635211520725,0.0005565587675278308,0.0016854115043593361,-0.0011555340060086983,0.0007975105943342597,0.16111111111111112,0.8322222222222222,0.1388888888888889,1980,43.0
1,0,1,-2.381237745285034,0.8388888888888889,random_normmatched,0.01164544423421224,-0.0006495493429678458,0.0035495228237575954,0.060904850429958766,0.0037198915371555548,0.0013914118475669885,-0.00672175355153128,0.006628956264450283,0.17777777777777778,0.8366666666666667,0.1574074074074074,1980,43.0
1,0,1,-2.381237745285034,0.8388888888888889,random,0.004162200291951497,-0.006342976181595413,0.005782911512586805,0.03961873478359646,0.0005922908340340394,0.0028454157291537647,-0.0013424088000126076,0.0003624548782966243,0.16296296296296298,0.8333333333333334,0.1388888888888889,1980,44.0
1,0,1,-2.381237745285034,0.8388888888888889,random_normmatched,0.027129699565746165,0.014715936448838975,-0.0035874101850721573,0.055391420788235134,0.008761707175892332,0.014345158771849156,0.0008984692703676371,0.012142898935125324,0.16018518518518518,0.8433333333333334,0.1388888888888889,1980,44.0
1,0,1,-2.381237745285034,0.8388888888888889,random,0.0045152681845205805,-0.006863417448820891,0.00586279586509422,0.04004084904988607,0.0007303735392171049,0.008375652769054038,-0.0017489438337895706,0.0007470920971408867,0.16111111111111112,0.8411111111111111,0.1388888888888889,1980,45.0
1,0,1,-2.381237745285034,0.8388888888888889,random_normmatched,0.01606562579119647,0.00783005467167607,0.016126830489547165,0.04745104365878635,0.009366883878662625,0.005750032608968217,-0.0070075844718476945,0.010590658164334665,0.15185185185185185,0.8411111111111111,0.1388888888888889,1980,45.0
1,0,1,-2.381237745285034,0.8388888888888889,random,0.006977448640046296,-0.005852045836272063,0.0023643511312979237,0.03915007485283745,0.0006030094604453219,0.005628619410424092,-0.0007692003981967252,0.00037301854557339947,0.16203703703703703,0.8366666666666667,0.1388888888888889,1980,46.0
1,0,1,-2.381237745285034,0.8388888888888889,random_normmatched,0.0533555891778734,0.03732534691139504,-0.018952297281335902,0.05406574355231391,0.017947876716155754,0.0264359588261412,0.008484269782377374,0.019085570863769243,0.16111111111111112,0.8422222222222222,0.1388888888888889,1980,46.0
1,0,1,-2.381237745285034,0.8388888888888889,random,-8.020401000976562e-05,-0.014471583896213107,0.002196131812201606,0.04162510130140516,-0.0008383228675983251,-0.0005188263335456947,-0.0016296140037147062,0.00010835620772296485,0.16111111111111112,0.8388888888888889,0.1388888888888889,1980,47.0
1,0,1,-2.381237745285034,0.8388888888888889,random_normmatched,-0.006923816822193287,-0.006827319109881365,-0.020016262266370984,0.05291327158610026,-0.00419969087562409,-0.016552640647901688,0.0027696953740827864,-0.0016296996636305703,0.1638888888888889,0.8366666666666667,0.1388888888888889,1980,47.0
1,0,1,-2.381237745285034,0.8388888888888889,random,-0.0009355915917290582,-0.007010036044650608,0.0013945968062789352,0.04096340815226237,-0.0005243116781123139,0.005641724767573305,-0.0013218764078721619,-0.001650556683051032,0.16203703703703703,0.8344444444444444,0.1388888888888889,1980,48.0
1,0,1,-2.381237745285034,0.8388888888888889,random_normmatched,-0.028867788668032045,-0.03928583639639395,-0.007892336668791595,0.05277510113186307,-0.00781308301975474,-0.01088461421634464,0.006556206023789734,-0.0049252076176569525,0.16111111111111112,0.8377777777777777,0.14351851851851852,1980,48.0
1,0,1,-2.381237745285034,0.8388888888888889,random,0.004991257632220233,-0.014093063495777271,0.004001341925726996,0.041406823264227975,1.0601734386438948e-05,0.004235320748399657,-0.0014074762285528923,-8.048150584043062e-05,0.16111111111111112,0.8355555555555556,0.1388888888888889,1980,49.0
1,0,1,-2.381237745285034,0.8388888888888889,random_normmatched,0.00559949830726341,-0.004458974908899378,-0.012487309067337601,0.049589402940538194,-0.00040976186794727256,-0.002487241118047031,0.003967442200814033,0.0014510906152837909,0.16296296296296298,0.8455555555555555,0.1388888888888889,1980,49.0
1,0,1,-2.381237745285034,0.8388888888888889,random,-0.004539076487223307,-0.008960441306785302,0.0006257428063286676,0.04438981268141005,-0.002209891606957175,-0.004858869198270908,-0.0002305358007636415,-0.0018208742349812186,0.16574074074074074,0.8366666666666667,0.1388888888888889,1980,50.0
1,0,1,-2.381237745285034,0.8388888888888889,random_normmatched,-0.0290482379772045,-0.05011301570468479,-0.03277658533166956,0.056003746456570094,-0.010383585114238002,-0.03476306207749851,0.01650256242060575,-0.0012182175554883848,0.1527777777777778,0.8444444444444444,0.13425925925925927,1980,50.0
1,0,1,-2.381237745285034,0.8388888888888889,random,0.021427299358226636,0.009645055841516566,-0.002158537617436162,0.044335365295410156,0.008746866559163449,0.020775058919551174,-0.00022550826827723788,0.006586060295664513,0.16574074074074074,0.8355555555555556,0.1388888888888889,1980,51.0
1,0,1,-2.381237745285034,0.8388888888888889,random_normmatched,0.11195264922247992,0.1107459686420582,-0.02081605769969799,0.06170209248860677,0.04662037176313584,0.0888380683867997,0.009981062279911806,0.04318466056114227,0.17407407407407408,0.8388888888888889,0.14814814814814814,1980,51.0
1,0,1,-2.381237745285034,0.8388888888888889,random,0.013196915167349357,0.007636017269558377,0.004102143534907589,0.051936046812269425,0.0014865732011678065,0.00850692685266295,-0.0011910503621436932,0.00146827562342711,0.16111111111111112,0.8388888888888889,0.1388888888888889,1980,52.0
1,0,1,-2.381237745285034,0.8388888888888889,random_normmatched,0.036204364564683705,0.036041206783718534,0.0254871580335829,0.06652320437961154,-0.020891463090058834,-0.0001788163384336134,-0.01586477524163905,-0.012200558264036529,0.14907407407407408,0.8322222222222222,0.12037037037037036,1980,52.0
1,0,1,-2.381237745285034,0.8388888888888889,random,0.000684427331995081,-0.009782914762143735,0.007223424205073604,0.039432752397325306,-0.0011799867698410816,0.0049895720883434466,-0.0024220848029229596,-0.0015789654952505887,0.16203703703703703,0.8411111111111111,0.1388888888888889,1980,53.0
1,0,1,-2.381237745285034,0.8388888888888889,random_normmatched,-0.01044531751562048,-0.016332326111970125,0.005174771061650029,0.0521257750193278,0.0004059056570664748,-0.0012526214273823845,-0.0008225098423254069,-2.3247013397671593e-05,0.16018518518518518,0.84,0.1388888888888889,1980,53.0
1,0,1,-2.381237745285034,0.8388888888888889,random,0.005879907254819516,-0.012630709895381221,0.004654896700823748,0.03857819663153755,0.0014476013993312213,0.00926302736051296,-0.0009089665935495216,0.00048271123971179613,0.16296296296296298,0.8366666666666667,0.1388888888888889,1980,54.0
1,0,1,-2.381237745285034,0.8388888888888889,random_normmatched,0.04047855624446162,0.05473221672905816,0.02306370735168457,0.056958816316392685,0.022576600488510457,0.03446887847986294,-0.007305808163138765,0.020581428293366046,0.1574074074074074,0.8355555555555556,0.14814814814814814,1980,54.0
1,0,1,-2.381237745285034,0.8388888888888889,random,0.004247252146402995,-0.014618149510136357,0.002417382487544307,0.040318669213189016,0.0005376107255579233,0.0041957867676373686,-0.0013396774545306389,0.000705125999150327,0.16296296296296298,0.84,0.1388888888888889,1980,55.0
1,0,1,-2.381237745285034,0.8388888888888889,random_normmatched,0.026718503457528575,0.0028707539593731918,-0.017655662254050925,0.05489680078294542,0.02061155037281785,0.014801350193460315,0.00333387444263393,0.01837489683090506,0.16111111111111112,0.8411111111111111,0.1388888888888889,1980,55.0
1,0,1,-2.381237745285034,0.8388888888888889,random,0.006485967282895688,-0.005628815403691045,0.003822858245284469,0.04214335865444607,0.0010017746399790808,0.009366893856666883,-0.0010934647590179116,0.0012595003030342882,0.16018518518518518,0.8355555555555556,0.1388888888888889,1980,56.0
1,0,1,-2.381237745285034,0.8388888888888889,random_normmatched,0.011955964123761213,0.03507001311690719,-0.005859933076081452,0.047752785152859155,-4.756453805807744e-05,0.015986678934669225,0.0028445881146253234,0.001246207791437684,0.15462962962962962,0.8388888888888889,0.1388888888888889,1980,56.0
1,0,1,-2.381237745285034,0.8388888888888889,random,0.002585370452315719,-0.012245072258843316,0.004307503170437283,0.03762484126620823,4.6428172880607796e-06,-0.0016600865838782048,-0.0011813699874419679,0.0007936263664189514,0.16296296296296298,0.8411111111111111,0.1388888888888889,1980,57.0
1,0,1,-2.381237745285034,0.8388888888888889,random_normmatched,0.02636251405433372,0.023084976055003977,-0.009441764266402633,0.04816121631198459,0.007803469607417092,0.0007222218818096445,0.004147305425655171,0.009943225535909324,0.16018518518518518,0.8488888888888889,0.12037037037037036,1980,57.0
1,0,1,-2.381237745285034,0.8388888888888889,random,-0.004401563715051722,-0.014859888288709853,0.0036554513154206454,0.04220293468899197,-0.0010880481586101024,-0.0039821902319243105,-0.0013124390240835569,-0.001364082725428305,0.15833333333333333,0.8411111111111111,0.1388888888888889,1980,58.0
1,0,1,-2.381237745285034,0.8388888888888889,random_normmatched,-0.06208277631689001,-0.025178812168262624,0.020498266926518193,0.06261111895243326,-0.024824343838957666,-0.0442032760583482,-0.020182336707274408,-0.013727378760412103,0.1537037037037037,0.8466666666666667,0.1388888888888889,1980,58.0
1,0,1,-2.381237745285034,0.8388888888888889,random,0.0006324662102593316,-0.01964002185397678,-0.001121271981133355,0.040483024385240346,-0.0005673317188074469,0.0011903677115170856,-0.00030315428916592464,-0.0003287504555186408,0.16018518518518518,0.8388888888888889,0.1388888888888889,1980,59.0
1,0,1,-2.381237745285034,0.8388888888888889,random_normmatched,-0.004708189434475369,-0.0322533095324481,-0.04753160300078215,0.05706285688612196,0.005970101888573045,-0.005939793238873721,0.020510878553423005,0.0054342347445585255,0.17037037037037037,0.8422222222222222,0.14351851851851852,1980,59.0
1,0,1,-2.381237745285034,0.8388888888888889,random,0.001105373877066153,-0.007688080822979963,0.00844962861802843,0.04209089279174805,0.00101246579860354,0.0018456624243068705,-0.002066551899744854,0.0004905298716879398,0.16296296296296298,0.8344444444444444,0.1388888888888889,1980,60.0
1,0,1,-2.381237745285034,0.8388888888888889,random_normmatched,-0.014705590848569516,-0.013071210296065719,-0.005794959598117404,0.05797605302598741,-0.010790664075845589,-0.0013502810147505231,-0.00018206301049474363,-0.004663499242005447,0.16574074074074074,0.8411111111111111,0.1388888888888889,1980,60.0
1,0,1,-2.381237745285034,0.8388888888888889,random,0.0006389052779586226,-0.021411878091317636,0.006046427620781792,0.03778522809346517,-0.0018316645152786752,0.0019791068022653904,-0.0018883001170155772,-0.001825409672908485,0.16203703703703703,0.84,0.1388888888888889,1980,61.0
1,0,1,-2.381237745285034,0.8388888888888889,random_normmatched,-0.010400438750231708,-0.03504314246001067,-0.007236904568142361,0.05078950352138943,-0.01190252537755639,-0.003751028582073485,0.005678027479123526,-0.010775819414093918,0.1648148148148148,0.84,0.12962962962962962,1980,61.0
1,0,1,-2.381237745285034,0.8388888888888889,random,0.0008700070557770905,-0.015318287743462456,0.003937435150146484,0.04087832768758138,0.00011993960930345557,0.007694211920527558,-0.0017460644185195802,8.004411302044399e-05,0.15925925925925927,0.8355555555555556,0.1388888888888889,1980,62.0
1,0,1,-2.381237745285034,0.8388888888888889,random_normmatched,0.0060869375864664715,-0.005691563641583478,0.010491279319480613,0.05176389588250054,0.0020778683707158904,0.02874914642301986,-0.0033224775748082573,0.0016164770275338674,0.16296296296296298,0.8344444444444444,0.1388888888888889,1980,62.0
1,0,1,-2.381237745285034,0.8388888888888889,random,-0.0037044207255045574,-0.01772965325249566,0.005242047486481843,0.04292599148220486,-0.0006345376648010284,0.005940715196259464,-0.0008688938609163338,-0.000550887196992781,0.16203703703703703,0.8344444444444444,0.1388888888888889,1980,63.0
1,0,1,-2.381237745285034,0.8388888888888889,random_normmatched,-0.03423088612379851,-0.06997781329684788,0.015520961196334273,0.06681577152676052,-0.027583781235657655,0.011262133840211004,-0.0019918591059224274,-0.029417211018966286,0.1685185185185185,0.8377777777777777,0.14351851851851852,1980,63.0
1,0,1,-2.381237745285034,0.8388888888888889,random,-0.0001933574676513672,-0.012469291687011719,0.0017930207429108797,0.042541657553778756,-0.0007794564037145076,0.007203663926826506,-0.0006008365281896107,-0.0012470124329817035,0.1638888888888889,0.8377777777777777,0.1388888888888889,1980,64.0
1,0,1,-2.381237745285034,0.8388888888888889,random_normmatched,-0.0018285574736418547,0.014222860336303711,0.003868000595657914,0.05883222685919868,-0.0056367230456677,0.021411208071683223,-0.0032424377999352998,-0.004118757068477592,0.16111111111111112,0.8411111111111111,0.14351851851851852,1980,64.0
1,0,1,-2.381237745285034,0.8388888888888889,random,0.004985295401679145,-0.0046336209332501445,0.002005714840359158,0.039177946514553495,0.0009801319729272318,0.006502370071103414,-0.00032713487664900326,0.0007521215817836447,0.1638888888888889,0.8344444444444444,0.1388888888888889,1980,65.0
1,0,1,-2.381237745285034,0.8388888888888889,random_normmatched,0.0017200646577058016,-0.007243103451199002,-0.009859259923299153,0.05333027203877767,0.0030109845523353844,0.004747444843260934,0.004963014785516574,0.006225630618319686,0.1685185185185185,0.8355555555555556,0.14351851851851852,1980,65.0
1,0,1,-2.381237745285034,0.8388888888888889,random,0.0071274757385253905,-0.004153781467013889,0.0020520121962935836,0.035731192694769966,0.001072566150480818,0.014755026131224648,3.349461043529562e-05,0.000213796344541839,0.15925925925925927,0.8422222222222222,0.1388888888888889,1980,66.0
1,0,1,-2.381237745285034,0.8388888888888889,random_normmatched,0.0473341253068712,0.05589223791051794,-0.03115465729324906,0.05801565170288086,0.020993564408590397,0.06224131781277513,0.021697165755251796,0.018908935796409322,0.1712962962962963,0.8422222222222222,0.1574074074074074,1980,66.0
1,0,1,-2.381237745285034,0.8388888888888889,random,-0.0007177918045609085,-0.01231792238023546,0.0005936657940899884,0.04079511430528429,-0.002925672569222771,0.0023476521356460556,-0.0006264120466626536,-0.0020471371726101836,0.1685185185185185,0.8388888888888889,0.1388888888888889,1980,67.0
1,0,1,-2.381237745285034,0.8388888888888889,random_normmatched,-0.03432510428958469,-0.032513839227181894,-0.02022992240058051,0.048446382681528725,-0.01504685330510919,-0.02792750007217793,0.00855113544517628,-0.014853852851119054,0.1685185185185185,0.8344444444444444,0.1388888888888889,1980,67.0
1,0,1,-2.381237745285034,0.8388888888888889,random,0.011221015011822736,0.0005043700889304832,-0.0003405994839138455,0.04649387359619141,0.001452161864062833,-0.0012929366148899172,-4.5947795544210056e-05,0.0019497936335482022,0.1685185185185185,0.8377777777777777,0.1388888888888889,1980,68.0
1,0,1,-2.381237745285034,0.8388888888888889,random_normmatched,0.023366050367002133,0.0257027060897262,-0.007419736297042282,0.0591132566663954,0.00226884260855542,-0.02331763745815052,-0.0010584731441317507,0.004163200448807902,0.15833333333333333,0.8411111111111111,0.13425925925925927,1980,68.0
1,0,1,-2.381237745285034,0.8388888888888889,random,0.0013903088039822049,-0.018003004568594473,0.007020847885696976,0.04160432815551758,-0.0010515975921420282,0.0057841590525606335,-0.0026519085260174615,-0.0010318536043278869,0.15925925925925927,0.8322222222222222,0.1388888888888889,1980,69.0
1,0,1,-2.381237745285034,0.8388888888888889,random_normmatched,-0.017141589411982783,-0.03655020395914713,0.01849543076974374,0.05435628890991211,-0.008564903072691697,-0.006114810149170136,-0.009177025776694905,-0.011360025632162093,0.15,0.8311111111111111,0.125,1980,69.0
1,0,1,-2.381237745285034,0.8388888888888889,random,0.00199144857901114,-0.02217137372052228,0.002072380207203053,0.04153087404039171,-0.00040303658523770417,0.008210795791810523,-0.0009142778882037664,-0.000356530716870446,0.16574074074074074,0.8322222222222222,0.1388888888888889,1980,70.0
1,0,1,-2.381237745285034,0.8388888888888889,random_normmatched,0.005564087408560294,-0.0037842591603597007,-0.014832415404143156,0.0576254039340549,0.008188178157897172,0.015694306371770942,0.009657072857666146,0.00913662763936413,0.16296296296296298,0.8388888888888889,0.14351851851851852,1980,70.0
1,0,1,-2.381237745285034,0.8388888888888889,random,0.004410842612937645,-0.009654928136754918,0.0012707109804506655,0.03860802014668783,0.001181175176023425,0.003220035431008258,-0.0011864499946795375,0.0008092467736073837,0.16018518518518518,0.84,0.1388888888888889,1980,71.0
1,0,1,-2.381237745285034,0.8388888888888889,random_normmatched,0.03650020140188712,0.04465666523686162,-0.027331193288167317,0.05841409683227539,0.007393153900401942,0.023692926164802702,0.005544803106539223,0.01001454905548423,0.16574074074074074,0.8388888888888889,0.1388888888888889,1980,71.0
1,0,1,-2.381237745285034,0.8388888888888889,random,0.00015500033343279803,-0.004702055895770037,-0.0016803759115713614,0.03921352174546983,-0.0002389564508873373,0.006168016389193615,3.0844508064844446e-05,-4.102654171142762e-05,0.15925925925925927,0.8411111111111111,0.1388888888888889,1980,72.0
1,0,1,-2.381237745285034,0.8388888888888889,random_normmatched,-0.0020931650091100622,-0.013212733798556857,-0.022000289846349646,0.0543127695719401,0.0008068831638308299,0.007295916664426881,0.007508024648218358,0.0001535612562854413,0.15925925925925927,0.8411111111111111,0.1388888888888889,1980,72.0
1,0,1,-2.381237745285034,0.8388888888888889,random,0.013841485977172852,-0.0019282058433250145,0.000705009036593967,0.04145095295376248,0.004617069275277272,0.011458812958628573,0.00010599496259392761,0.0025273158403093686,0.15925925925925927,0.8388888888888889,0.1388888888888889,1980,73.0
1,0,1,-2.381237745285034,0.8388888888888889,random_normmatched,0.09200114718189946,0.08920277489556207,-0.013643183531584563,0.05560640123155382,0.047955954160769476,0.0588890832250858,0.002162027749920969,0.044246139951475985,0.1574074074074074,0.8422222222222222,0.1388888888888889,1980,73.0
1,0,1,-2.381237745285034,0.8388888888888889,random,0.011087350492124204,0.006262267077410662,0.006893855554086191,0.03921256065368652,0.0020300057730751565,0.008278068938849994,-0.0023248565214670754,0.002325855387956823,0.1648148148148148,0.8388888888888889,0.1388888888888889,1980,74.0
1,0,1,-2.381237745285034,0.8388888888888889,random_normmatched,0.035237405918262625,0.05581261493541576,0.0024084161829065393,0.04913413471645779,0.011497891465388266,0.017965639360947153,-0.008300414652631777,0.010954538532830873,0.16944444444444445,0.8377777777777777,0.1388888888888889,1980,74.0
1,0,1,-2.381237745285034,0.8388888888888889,random,-0.0027222509737367985,-0.020397504170735676,0.003295912566008391,0.04104934586419,2.2445931698147594e-05,-0.005213047986703026,-0.0008279381489085227,0.0005433292677346275,0.16203703703703703,0.84,0.1388888888888889,1980,75.0
1,0,1,-2.381237745285034,0.8388888888888889,random_normmatched,-0.01987207200792101,-0.03818381274188006,-0.02927981659218117,0.06436555544535319,-0.027066669272946924,-0.04759807478572117,0.007530650214443603,-0.017994693621870766,0.16574074074074074,0.8388888888888889,0.1388888888888889,1980,75.0
1,0,1,-2.381237745285034,0.8388888888888889,random,-0.0017488355989809389,-0.009571552276611328,0.001922340746279116,0.04664498223198785,-0.0022902616140952495,0.006802693540256367,-0.001721158694645389,-0.0020702219034281167,0.16296296296296298,0.8344444444444444,0.1388888888888889,1980,76.0
1,0,1,-2.381237745285034,0.8388888888888889,random_normmatched,-0.028805311962410256,-0.014240194250036168,-0.006633426524974681,0.06001365237765842,-0.010992931599244124,-0.0051367333139058936,0.0036562007085636943,-0.008414609256936358,0.17037037037037037,0.8244444444444444,0.1388888888888889,1980,76.0
1,0,1,-2.381237745285034,0.8388888888888889,random,0.019313842278939706,-0.007356608355486834,-0.006037445421572085,0.04138054953681098,0.006863333615091139,0.020782153869210836,0.001219322642678159,0.005957571396893993,0.17222222222222222,0.8366666666666667,0.1388888888888889,1980,77.0
1,0,1,-2.381237745285034,0.8388888888888889,random_normmatched,0.1259547891440215,0.10591353310479058,-0.07966203336362486,0.057355195151435,0.07712468484312968,0.09466306898765381,0.03529929918628961,0.0610003869888631,0.18611111111111112,0.8355555555555556,0.14351851851851852,1980,77.0
1,0,1,-2.381237745285034,0.8388888888888889,random,-0.00046215940404821325,-0.015040609571668837,0.0023383034600151908,0.041538506613837345,-0.0012396188365059837,0.006059976033012266,-0.000759517586465754,-0.0011129256369876031,0.1648148148148148,0.8344444444444444,0.1388888888888889,1980,78.0
1,0,1,-2.381237745285034,0.8388888888888889,random_normmatched,-0.02134991928383156,-0.03933310508728027,-0.00420003820348669,0.05611155192057292,-0.006518720454917337,0.018193000193366383,0.0019459753112670971,-0.0014276775600268663,0.16574074074074074,0.8366666666666667,0.1527777777777778,1980,78.0
1,0,1,-2.381237745285034,0.8388888888888889,random,0.005428561457881221,-0.009390778011745878,0.004001915896380389,0.04175218264261882,0.0005846790254171012,0.007374716768493929,-0.003434689903746107,0.0004787679648211219,0.1648148148148148,0.8366666666666667,0.1388888888888889,1980,79.0
1,0,1,-2.381237745285034,0.8388888888888889,random_normmatched,0.011438410370438187,0.0043442514207628034,-0.0012022195038972078,0.05416577763027615,0.012523334060433097,0.019047485187603977,0.0009736598577789017,0.012543435539135405,0.16203703703703703,0.84,0.1388888888888889,1980,79.0
1,0,1,-2.381237745285034,0.8388888888888889,random,0.0024934009269431787,-0.012205123901367188,0.0012546521646005135,0.041307644314236114,8.826994860775209e-05,0.0016002426652543737,-0.001733312845664708,-0.0001069274553164438,0.16203703703703703,0.8377777777777777,0.1388888888888889,1980,80.0
1,0,1,-2.381237745285034,0.8388888888888889,random_normmatched,0.0024814022911919488,-0.04477333139490198,0.013716952006022135,0.05464123407999674,0.007848210840483497,-0.007508544605911074,-0.0030893942441795096,0.011393744705936086,0.16296296296296298,0.8388888888888889,0.14351851851851852,1980,80.0
1,0,1,-2.381237745285034,0.8388888888888889,random,0.007940341808177806,-0.003891768278899016,-0.0015879789988199869,0.03995543903774686,0.0015747575281709802,0.013784812423541536,-3.57312709866596e-05,0.0008700445971277036,0.16111111111111112,0.8366666666666667,0.1388888888888889,1980,81.0
1,0,1,-2.381237745285034,0.8388888888888889,random_normmatched,0.0211075676812066,0.01012526618109809,-0.025260291276154694,0.052216866811116536,0.009807777118508186,0.028871754720444325,0.009884073403167448,0.009079407194672453,0.17407407407407408,0.8322222222222222,0.1388888888888889,1980,81.0
1,0,1,-2.381237745285034,0.8388888888888889,random,0.0027653111351860892,-0.012781461079915365,0.00785923887182165,0.04243322690327962,-0.001189551781346864,0.0008426796298168504,-0.0016699805771198425,-0.0014011689511758238,0.15925925925925927,0.8388888888888889,0.1388888888888889,1980,82.0
1,0,1,-2.381237745285034,0.8388888888888889,random_normmatched,0.028972857969778554,-0.00177392253169307,0.0058342244890001085,0.07381913052664862,-0.0025129737402340762,0.0011293334843867158,-0.018703579141168214,0.0034225005446866033,0.16018518518518518,0.8344444444444444,0.13425925925925927,1980,82.0
1,0,1,-2.381237745285034,0.8388888888888889,random,0.006655975624367043,-0.003577797501175492,0.0025812767170093676,0.04204123920864529,0.0009805117099205712,0.004918164608132476,-0.0005398622154876135,0.0006645703595736618,0.16203703703703703,0.8366666666666667,0.1388888888888889,1980,83.0
1,0,1,-2.381237745285034,0.8388888888888889,random_normmatched,0.008009075235437464,0.002396495253951461,-0.002035347620646159,0.05204685952928331,0.006367395668537163,0.002028238156789247,0.0009414171896392271,0.006767423324489498,0.16203703703703703,0.8377777777777777,0.1388888888888889,1980,83.0
1,0,1,-2.381237745285034,0.8388888888888889,random,0.0017673704359266493,-0.009163556275544342,0.00568356160764341,0.0417582204606798,0.00025269675759142883,0.002116252084738129,-0.0022872769458386387,0.0002930594100110353,0.1638888888888889,0.8411111111111111,0.1388888888888889,1980,84.0
1,0,1,-2.381237745285034,0.8388888888888889,random_normmatched,0.007957486311594646,0.00681234289098669,0.011253756063955801,0.050903517405192056,0.0022281914955443174,0.01011049635518821,-0.006561789167201083,0.0049039359676863225,0.15555555555555556,0.8411111111111111,0.1388888888888889,1980,84.0
1,0,1,-2.381237745285034,0.8388888888888889,random,0.0023744918681957105,-0.008981404481110749,0.0019707715069806134,0.043513702816433374,-0.0009083496518583938,0.004044219457171799,-0.0007418558766708546,-0.0007816544704069891,0.1648148148148148,0.8355555555555556,0.1388888888888889,1980,85.0
1,0,1,-2.381237745285034,0.8388888888888889,random_normmatched,-0.017710877347875523,-0.04938376391375506,-0.0017702597158926504,0.05989621162414551,-0.015481268930980091,-0.01309085848665612,0.0015453087798465424,-0.010678559444373351,0.1648148148148148,0.8422222222222222,0.14351851851851852,1980,85.0
1,0,1,-2.381237745285034,0.8388888888888889,random,-0.0026964664459228514,-0.011392328474256728,0.0020591400287769458,0.03918382856580946,-0.001006747015039439,-0.0013161961232911329,-0.0016141298058507609,-0.0007619501585846665,0.16574074074074074,0.8377777777777777,0.1388888888888889,1980,86.0
1,0,1,-2.381237745285034,0.8388888888888889,random_normmatched,-0.020869512911196108,-0.06510814030965169,-0.014027120448924877,0.05037209086947971,-0.011141849773423744,-0.03409417590783497,0.006288941760804396,-0.0058060516202764695,0.1574074074074074,0.8366666666666667,0.12962962962962962,1980,86.0
1,0,1,-2.381237745285034,0.8388888888888889,random,0.008225131917882848,-0.008969218642623336,0.005395338270399306,0.042812364366319446,0.0009159615249731338,0.017737593981925384,-0.001289347436677142,0.0003157968260926102,0.1638888888888889,0.8344444444444444,0.1388888888888889,1980,87.0
1,0,1,-2.381237745285034,0.8388888888888889,random_normmatched,0.04724262378833912,0.0030219466597945603,-0.03200847661053693,0.08292062441507975,0.041160576474934596,0.10559137918908192,0.02899173300627643,0.030447498045873225,0.18055555555555555,0.8277777777777777,0.1574074074074074,1980,87.0
1,0,1,-2.381237745285034,0.8388888888888889,random,0.006688096788194445,-0.01497471774065936,0.0016173345071298104,0.043637677298651804,0.0009728462110311285,0.007764787495271548,6.030766446057546e-05,0.0012735496646997598,0.16296296296296298,0.8366666666666667,0.1388888888888889,1980,88.0
1,0,1,-2.381237745285034,0.8388888888888889,random_normmatched,0.01569590303632948,-0.006181928846571181,-0.028184903109515155,0.06547081417507596,0.010814948482187826,0.02307245513342025,0.005145899704202794,0.015921022299825546,0.1685185185185185,0.8377777777777777,0.13425925925925927,1980,88.0
1,0,1,-2.381237745285034,0.8388888888888889,random,-0.0028253873189290363,-0.007780516589129412,0.0033774181648536963,0.03740250375535753,-0.0010711136414996345,0.002555987360072484,-0.0011377885898353915,-0.0005179494152889188,0.16018518518518518,0.8377777777777777,0.1388888888888889,1980,89.0
1,0,1,-2.381237745285034,0.8388888888888889,random_normmatched,-0.04145855329654835,-0.024941303111888743,0.008663244600649234,0.05216862678527832,-0.018097919891741733,-0.005600325490502901,-0.004867136358321815,-0.017791310878390684,0.15648148148148147,0.8388888888888889,0.1388888888888889,1980,89.0
1,0,1,-2.381237745285034,0.8388888888888889,random,-0.012481774224175348,-0.023130823064733436,0.0028562687061451097,0.04547008090549045,-0.0023774054114516054,-0.007619778130378413,-0.0010559981927335017,-0.001483396752359,0.1648148148148148,0.8355555555555556,0.1388888888888889,1980,90.0
1,0,1,-2.381237745285034,0.8388888888888889,random_normmatched,-0.05783993403116862,-0.08441924165796351,-0.005702714566831236,0.057882821824815536,-0.024908058607533822,-0.05009900193265424,0.0032134376186399986,-0.01850014837929878,0.1648148148148148,0.8422222222222222,0.125,1980,90.0
1,0,1,-2.381237745285034,0.8388888888888889,random,0.005359181651362666,-0.011916372511121962,0.0030846931316234447,0.03979188495212131,0.0003067868172256695,0.003095069393659876,-0.0007352662908071976,0.0004992362559600968,0.16111111111111112,0.8388888888888889,0.1388888888888889,1980,91.0
1,0,1,-2.381237745285034,0.8388888888888889,random_normmatched,0.035622179949725115,0.029678238762749568,-0.041265764942875614,0.05330937597486708,0.01555157329107448,0.0254899794683372,0.021022221943143564,0.019776384905477312,0.16944444444444445,0.8422222222222222,0.1388888888888889,1980,91.0
1,0,1,-2.381237745285034,0.8388888888888889,random,0.00914165355541088,0.006391595911096643,0.0039783530765109595,0.03946809026930067,0.0024730904190169416,0.009395561907215442,-0.0017642705694630963,0.001516341392163043,0.1638888888888889,0.8344444444444444,0.1388888888888889,1980,92.0
1,0,1,-2.381237745285034,0.8388888888888889,random_normmatched,0.03352621926201715,0.01105383590415672,0.012126940268057364,0.050979202058580184,0.015746682023576854,0.030390460354337234,-0.005155551935994842,0.016978775926143323,0.15925925925925927,0.8355555555555556,0.14814814814814814,1980,92.0
1,0,1,-2.381237745285034,0.8388888888888889,random,0.0013521123815465857,0.002406508834273727,0.009921255818119756,0.03948146926032172,0.0005720614158503461,0.004732918156753515,-0.0023802056133671694,0.0012571103694905181,0.1574074074074074,0.8377777777777777,0.1388888888888889,1980,93.0
1,0,1,-2.381237745285034,0.8388888888888889,random_normmatched,0.011755717242205584,0.001908999902230722,-0.004009836691397208,0.05405516624450683,0.01142308630590188,0.006962224386932068,0.0010084444237820772,0.015303480527109148,0.16018518518518518,0.8377777777777777,0.1388888888888889,1980,93.0
1,0,1,-2.381237745285034,0.8388888888888889,random,0.005729292057178639,-0.004606829749213325,0.004952962310225875,0.04176863670349121,0.00027765832045983647,0.008680768364549419,-0.0013774887877276917,-3.9612665473688226e-05,0.16574074074074074,0.8344444444444444,0.1388888888888889,1980,94.0
1,0,1,-2.381237745285034,0.8388888888888889,random_normmatched,-0.004363007015652127,-0.019042491912841797,0.023235395219590928,0.05636784553527832,0.0021924998629656465,0.002041900272250266,-0.007848031233872024,0.0002428792056117677,0.1527777777777778,0.8333333333333334,0.14351851851851852,1980,94.0
1,0,1,-2.381237745285034,0.8388888888888889,random,0.012389834721883137,-0.0003978411356608073,-0.0031477398342556425,0.04022217856513129,0.00248264659093057,0.013808796542464152,0.00015619763876261624,0.0019058095134430035,0.1648148148148148,0.8411111111111111,0.1388888888888889,1980,95.0
1,0,1,-2.381237745285034,0.8388888888888889,random_normmatched,0.09029538322378088,0.0826102715951425,-0.06322863366868761,0.06380682203504774,0.052986468034553175,0.06995446970441824,0.03760654203037374,0.05225929732695417,0.18981481481481483,0.83,0.1388888888888889,1980,95.0
1,0,1,-2.381237745285034,0.8388888888888889,random,0.013011950033682364,0.004884366635923032,-0.0037400404612223308,0.04037349277072483,0.003441356522478136,0.012291427413544364,-7.257956065370639e-05,0.0036273737463037347,0.1675925925925926,0.8422222222222222,0.1388888888888889,1980,96.0
1,0,1,-2.381237745285034,0.8388888888888889,random_normmatched,0.05879031817118327,0.05402033417313187,-0.043999784964102284,0.05329051229688856,0.03437809299827374,0.03939599966289175,0.024098906380456774,0.03254480076174541,0.1712962962962963,0.84,0.1388888888888889,1980,96.0
1,0,1,-2.381237745285034,0.8388888888888889,random,0.005152612262301974,-0.015109256461814598,0.0013065391116672091,0.03940787421332465,0.0006881318480518655,0.0037952256224241653,-0.0012960605142058779,0.0007166884786923879,0.15925925925925927,0.8366666666666667,0.1388888888888889,1980,97.0
1,0,1,-2.381237745285034,0.8388888888888889,random_normmatched,0.016878479498404042,0.008710649278428819,-0.02998886638217502,0.04997258080376519,0.008159933524326896,0.0167151646141994,0.014928320439824592,0.012380984815426769,0.1675925925925926,0.8377777777777777,0.1388888888888889,1980,97.0
1,0,1,-2.381237745285034,0.8388888888888889,random,0.011730167600843642,0.00227604971991645,0.001280938254462348,0.03962668418884277,0.0027564509404741267,0.009712780396952177,-0.00022759428034375018,0.002736645755797813,0.16111111111111112,0.8333333333333334,0.1388888888888889,1980,98.0
1,0,1,-2.381237745285034,0.8388888888888889,random_normmatched,0.06546392264189543,0.058361071127432364,-0.015277096077247903,0.05035288704766167,0.026563541845710328,0.033837588798844624,0.0075929339979844855,0.02827829953259764,0.16018518518518518,0.8355555555555556,0.1388888888888889,1980,98.0
1,0,1,-2.381237745285034,0.8388888888888889,random,0.03559295689618146,0.0159337079083478,-0.020357070145783602,0.051327286826239694,0.013783325684153748,0.04109222065645083,0.006673362906585453,0.011207337613782661,0.175,0.8377777777777777,0.1388888888888889,1980,99.0
1,0,1,-2.381237745285034,0.8388888888888889,random_normmatched,0.136443383163876,0.1023691318653248,-0.08305895946643971,0.08097447395324707,0.09653697061937497,0.11997771373195076,0.05302430677246822,0.09163077589142465,0.18796296296296297,0.8255555555555556,0.1388888888888889,1980,99.0
1,0,1,-2.381237745285034,0.8388888888888889,shuffled_labels,0.9510838437963415,0.9172234182004575,-0.6904229746924506,0.5219005393981934,0.46793270735363934,0.6689570552752433,0.3385038317671529,0.402546980346031,0.44907407407407407,0.8311111111111111,0.4074074074074074,1980,
1,0,2,-2.5489091873168945,0.7833333333333333,das,2.6844445246237294,2.8000503292790166,-2.640540373766864,0.750759940677219,2.096303211016394,2.4724027318225077,1.9368034469959694,1.6900062652837806,0.9259259259259259,0.7177777777777777,0.9212962962962963,1980,
1,0,2,-2.5489091873168945,0.7833333333333333,random,-0.009464645385742187,-0.010241367198802807,-0.005072823277226201,0.039290433459811744,-0.004923575632123273,-0.008622920252931616,0.0028355943395739222,-0.003561734298054801,0.21666666666666667,0.7822222222222223,0.16666666666666666,1980,0.0
1,0,2,-2.5489091873168945,0.7833333333333333,random_normmatched,-0.01764950399045591,-0.005411642569082754,-0.019173975344057435,0.06113650215996636,-0.02025935748918692,-0.007314452589917805,0.00793890083517053,-0.021489146333504693,0.2175925925925926,0.7733333333333333,0.2037037037037037,1980,0.0
1,0,2,-2.5489091873168945,0.7833333333333333,random,-0.013651030151932328,-0.015019169560185185,-0.00046140352884928385,0.036568095948961044,-0.006799833237069806,-0.01410117086203731,0.0010027543216914955,-0.005200502155766472,0.21851851851851853,0.7833333333333333,0.16666666666666666,1980,1.0
1,0,2,-2.5489091873168945,0.7833333333333333,random_normmatched,-0.01724324579592104,-0.010988729971426504,0.027957407633463542,0.0521416876051161,-0.014913242929199738,-0.007524912435382245,-0.02060982585979889,-0.010451602900660443,0.2222222222222222,0.7777777777777778,0.18055555555555555,1980,1.0
1,0,2,-2.5489091873168945,0.7833333333333333,random,0.0012217786577012803,0.005534772519712095,-0.006716956032647027,0.04120564036899143,2.7203317507467282e-05,-0.0025323856581454677,0.0029200997211361536,0.0010534672133481326,0.2212962962962963,0.7788888888888889,0.16666666666666666,1980,2.0
1,0,2,-2.5489091873168945,0.7833333333333333,random_normmatched,0.05800151118525752,0.057761686819571036,-0.01023097038269043,0.05522806803385417,0.03720027311213375,0.0433259650170862,0.006712441507410976,0.04660467659530074,0.23055555555555557,0.7788888888888889,0.18055555555555555,1980,2.0
1,0,2,-2.5489091873168945,0.7833333333333333,random,-0.005560555281462493,-0.006013075510660808,-0.005818589528401693,0.04145288043551975,-0.002322069153468125,-0.009658475937594667,0.0025374698920515018,-0.0006765262757271893,0.2222222222222222,0.7822222222222223,0.16666666666666666,1980,3.0
1,0,2,-2.5489091873168945,0.7833333333333333,random_normmatched,-0.002524460686577691,0.008000082439846463,-0.016784404825281214,0.054617999394734704,-0.0019995376334279594,-0.019189523364784276,0.01750056616275283,-8.393119595951598e-05,0.21481481481481482,0.7777777777777778,0.18055555555555555,1980,3.0
1,0,2,-2.5489091873168945,0.7833333333333333,random,-0.01262356263619882,-0.013093312581380209,-0.008989431239940502,0.0366497008005778,-0.004808086915209144,-0.013715970174264982,0.0032649665091304056,-0.002579856697262289,0.2212962962962963,0.7811111111111111,0.16666666666666666,1980,4.0
1,0,2,-2.5489091873168945,0.7833333333333333,random_normmatched,-0.032811244328816734,-0.02589932194462529,-0.04643425411648221,0.06078807618882921,-0.014248950945459441,-0.05114816093883955,0.02457942245483321,-0.003841400739925449,0.2388888888888889,0.7788888888888889,0.19444444444444445,1980,4.0
1,0,2,-2.5489091873168945,0.7833333333333333,random,-0.006616198575055157,-0.001651057490596065,-0.006970638699001736,0.03886424594455295,-0.0023198023505452015,-0.009600379196712788,0.003254079160095404,-0.00039386961106553913,0.21944444444444444,0.7822222222222223,0.1712962962962963,1980,5.0
1,0,2,-2.5489091873168945,0.7833333333333333,random_normmatched,0.004316393534342448,0.014538764953613281,-0.022178130679660374,0.05234094089931912,0.014247761409011978,-0.007359726975596067,0.013076443196691443,0.015254339133503263,0.23425925925925925,0.7766666666666666,0.2361111111111111,1980,5.0
1,0,2,-2.5489091873168945,0.7833333333333333,random,-0.01159248705263491,-0.005000397011085793,-0.0032111574102331093,0.043007436328464085,-0.004344131490086157,-0.008436115188604527,0.0026224333763041887,-0.003609196341686425,0.21666666666666667,0.7766666666666666,0.1712962962962963,1980,6.0
1,0,2,-2.5489091873168945,0.7833333333333333,random_normmatched,-0.05051282423513907,-0.013869868384467231,0.013537687725490993,0.06480702612135146,-0.041564018021150916,-0.015272011722681158,0.0018278720406440475,-0.039592905435354625,0.23425925925925925,0.7755555555555556,0.21296296296296297,1980,6.0
1,0,2,-2.5489091873168945,0.7833333333333333,random,-0.010950303960729529,-0.009588577129222729,-0.006895017623901367,0.03805656856960721,-0.002491079776181994,-0.014912977161520267,0.005557725145244061,-0.001971547971442061,0.21388888888888888,0.7833333333333333,0.16666666666666666,1980,7.0
1,0,2,-2.5489091873168945,0.7833333333333333,random_normmatched,-0.016575244620994287,0.009828850075050636,-0.006093358993530274,0.05441615210639106,-0.012431342281436497,-0.02716671216865211,0.0049187117620519225,-0.010272808412010904,0.2111111111111111,0.7844444444444445,0.16666666666666666,1980,7.0
1,0,2,-2.5489091873168945,0.7833333333333333,random,0.0033528416245071978,0.013767004013061523,-0.009081224158958153,0.03924796316358778,-0.0006745780886153944,0.006430312060209768,0.004910535477571965,-0.000412140826968949,0.22037037037037038,0.7811111111111111,0.16666666666666666,1980,8.0
1,0,2,-2.5489091873168945,0.7833333333333333,random_normmatched,0.019792293619226527,0.039433691236707896,-0.04030681362858525,0.05621397972106933,0.01260116770179142,0.03333142055324746,0.02392458106652178,0.00677328560864986,0.24166666666666667,0.7755555555555556,0.23148148148148148,1980,8.0
1,0,2,-2.5489091873168945,0.7833333333333333,random,-0.00784876788104022,-0.00429064256173593,-0.00422133516382288,0.04267624643113878,-0.005391280640237531,-0.007684994192322578,0.002435843062568518,-0.0033708747525404226,0.22407407407407406,0.7766666666666666,0.18055555555555555,1980,9.0
1,0,2,-2.5489091873168945,0.7833333333333333,random_normmatched,-0.02397478774741844,-0.0009780106721100983,-0.014753647203798648,0.053986198637220595,-0.0174429024998942,-0.01870368806731135,0.0018739922047390388,-0.0066417882460080135,0.2361111111111111,0.7722222222222223,0.20833333333333334,1980,9.0
1,0,2,-2.5489091873168945,0.7833333333333333,random,0.008415889739990235,0.013071819587990089,-0.009772042874936705,0.03713116327921549,0.0033524045803576515,0.010992475977804771,0.004365330060839693,0.0030739043369740027,0.2175925925925926,0.7822222222222223,0.16666666666666666,1980,10.0
1,0,2,-2.5489091873168945,0.7833333333333333,random_normmatched,0.07803791187427662,0.08333545260959202,-0.0625893751780192,0.05941041522555881,0.0576299239572267,0.08869197406899952,0.05070776135382489,0.04480208338791253,0.25462962962962965,0.7733333333333333,0.22685185185185186,1980,10.0
1,0,2,-2.5489091873168945,0.7833333333333333,random,-0.004380307374177155,-0.004098256429036458,-0.007948861298737703,0.038054934607611765,-0.0010864082884248808,-0.005758486562322679,0.002958396407005511,-0.0017653008865251602,0.21666666666666667,0.78,0.16666666666666666,1980,11.0
1,0,2,-2.5489091873168945,0.7833333333333333,random_normmatched,0.002526784826208044,0.00018513644183123552,-0.03388972812228733,0.05179259300231934,-0.0036590246477540373,0.0009895345468814284,0.02700496485804827,-0.0011851614706343727,0.2324074074074074,0.7811111111111111,0.2175925925925926,1980,11.0
1,0,2,-2.5489091873168945,0.7833333333333333,random,-0.013188625265050817,-0.010598553551567925,-0.006874905692206489,0.03759874979654948,-0.003980395038534704,-0.013981627303079754,0.0039718745833109215,-0.002876579367036302,0.2175925925925926,0.78,0.16666666666666666,1980,12.0
1,0,2,-2.5489091873168945,0.7833333333333333,random_normmatched,-0.046298208943119756,-0.01756233639187283,0.0030510390246355976,0.05410336176554362,-0.014985796640382335,-0.028999158123482822,-0.006785225782820991,-0.011647895682321817,0.19444444444444445,0.7777777777777778,0.1574074074074074,1980,12.0
1,0,2,-2.5489091873168945,0.7833333333333333,random,-0.007817890025951244,-0.01417445253442835,-0.005275922351413303,0.041956689622667104,-0.003738878685822168,-0.007114837479230119,0.0024655222559888347,-0.0037070384782753327,0.21851851851851853,0.7811111111111111,0.16666666666666666,1980,13.0
1,0,2,-2.5489091873168945,0.7833333333333333,random_normmatched,-0.003201733695136176,0.026186377913863572,0.009092811301902488,0.058289985656738284,-0.010940896961875696,0.0013076458836925422,-0.006381162005522662,-0.014328254815281341,0.21296296296296297,0.7833333333333333,0.1574074074074074,1980,13.0
1,0,2,-2.5489091873168945,0.7833333333333333,random,-0.0049931314256456165,-0.0033558739556206595,-0.009852532987241392,0.03715170012580024,-0.0009342452954283612,-0.008021586755991343,0.005480094130596607,-0.00013283230767302886,0.21944444444444444,0.7822222222222223,0.1712962962962963,1980,14.0
1,0,2,-2.5489091873168945,0.7833333333333333,random_normmatched,0.008210957491839374,0.028941543013961228,-0.04962493931805646,0.0521619372897678,0.00670413332108663,0.0069253371159784865,0.043583506045596035,0.004665931675650313,0.2351851851851852,0.7855555555555556,0.19907407407407407,1980,14.0
1,0,2,-2.5489091873168945,0.7833333333333333,random,-0.008778261255334924,-0.010290216516565394,-0.005107468145864981,0.04322933620876736,-0.0032085914797191765,-0.010942696361867421,0.0013398364298728444,-0.0016421875394765583,0.21574074074074073,0.7777777777777778,0.16666666666666666,1980,15.0
1,0,2,-2.5489091873168945,0.7833333333333333,random_normmatched,-0.011185243394639758,-0.01967134299101653,-0.0110405374456335,0.059405863020155165,-0.012530157037580793,-0.013933627660904177,0.004777041292326572,-0.010464402436740444,0.23055555555555557,0.78,0.2037037037037037,1980,15.0
1,0,2,-2.5489091873168945,0.7833333333333333,random,-0.008795026496604637,-0.012064121387622974,-0.005418418954919886,0.035999373330010305,-0.0014361016302968804,-0.010485654543500355,0.003666300583327369,-0.0007287205196025915,0.21944444444444444,0.7811111111111111,0.16666666666666666,1980,16.0
1,0,2,-2.5489091873168945,0.7833333333333333,random_normmatched,-0.012715797071103697,-0.02234330000700774,-0.010748760788529007,0.04888043191697863,-0.013122130582990093,-0.016215871844113616,0.0010715188250049665,-0.004168873007303456,0.23981481481481481,0.7811111111111111,0.2037037037037037,1980,16.0
1,0,2,-2.5489091873168945,0.7833333333333333,random,-0.001898958064891674,-0.010296989370275426,-0.004329077402750651,0.03715743912590874,-0.0003909643970799076,-0.0052454106597810395,0.003000009698016784,-0.00017377937919321854,0.21851851851851853,0.7822222222222223,0.17592592592592593,1980,17.0
1,0,2,-2.5489091873168945,0.7833333333333333,random_normmatched,0.04381281534830729,0.015991202107182256,0.029315775412100332,0.05511784659491645,0.02609507111371926,0.02213013528718131,-0.022668870351841893,0.02778075834776232,0.2175925925925926,0.78,0.17592592592592593,1980,17.0
1,0,2,-2.5489091873168945,0.7833333333333333,random,-0.008361219476770472,-0.002392927805582682,-0.007968537012736003,0.04149430168999566,-0.0032501934700144603,-0.010613710679092402,0.006495506421176547,-0.0011065582963195194,0.22037037037037038,0.78,0.16666666666666666,1980,18.0
1,0,2,-2.5489091873168945,0.7833333333333333,random_normmatched,-0.023415244067156758,-0.01795161211932147,-0.014257704770123517,0.051052844789293075,-0.011484025255380103,-0.022077866156682908,0.008498911549967889,-0.003240348512394628,0.23425925925925925,0.7777777777777778,0.18518518518518517,1980,18.0
1,0,2,-2.5489091873168945,0.7833333333333333,random,-0.0018290343108000578,-0.0021379788716634116,-0.0072131616097909435,0.043142463896009654,6.717280865830322e-06,-0.010455780468935376,0.005774542195540919,0.0003057325401619516,0.21944444444444444,0.7844444444444445,0.16666666666666666,1980,19.0
1,0,2,-2.5489091873168945,0.7833333333333333,random_normmatched,0.026474412282307944,0.04080406824747721,-0.03150522620589645,0.06448908805847169,0.03356544875574376,-0.04029165873232108,0.02296761406062469,0.05516424085368064,0.22870370370370371,0.7888888888888889,0.2037037037037037,1980,19.0
1,0,2,-2.5489091873168945,0.7833333333333333,random,-0.026000259540699146,-0.035722449973777486,-0.0029188156127929687,0.04085915141635471,-0.011940484635900122,-0.029058647431420344,2.02416662956798e-05,-0.007831651482476335,0.21388888888888888,0.7822222222222223,0.16666666666666666,1980,20.0
1,0,2,-2.5489091873168945,0.7833333333333333,random_normmatched,-0.11287076031720197,-0.12863435568632903,0.013801285072609231,0.06096574147542318,-0.08682620579968711,-0.1137841327504371,-0.011994253423251347,-0.056505097245242206,0.18425925925925926,0.7766666666666666,0.14351851851851852,1980,20.0
1,0,2,-2.5489091873168945,0.7833333333333333,random,-0.00034551797089753326,0.013377754776566117,-0.015792671839396158,0.04203853395250109,0.000565836217525978,-0.006295632934605852,0.008483874248897337,0.001716352597597605,0.21851851851851853,0.78,0.16666666666666666,1980,21.0
1,0,2,-2.5489091873168945,0.7833333333333333,random_normmatched,0.07074253824022081,0.17364909913804796,-0.08375609715779622,0.06450158013237847,0.10729423234579502,0.045183453979164054,0.06424880268756432,0.0757573609449756,0.2638888888888889,0.7733333333333333,0.2638888888888889,1980,21.0
1,0,2,-2.5489091873168945,0.7833333333333333,random,-0.016190945660626448,-0.014700403919926396,-0.0027736151659930194,0.045252401563856334,-0.008687394593527978,-0.01848135382429981,0.0021483671474459474,-0.006346748431995692,0.21296296296296297,0.7822222222222223,0.16666666666666666,1980,22.0
1,0,2,-2.5489091873168945,0.7833333333333333,random_normmatched,-0.054547525335241244,-0.05389531453450521,0.015798379756786204,0.05672118186950684,-0.053080828664611904,-0.05772768317122132,-0.013476839250732193,-0.04218379531279497,0.2111111111111111,0.7811111111111111,0.2037037037037037,1980,22.0
1,0,2,-2.5489091873168945,0.7833333333333333,random,-0.017144254401878074,-0.01068770443951642,-0.000613934905440719,0.04596435758802626,-0.008547490853650952,-0.012770261479861959,0.000377896443814253,-0.007050458070100916,0.21666666666666667,0.7822222222222223,0.16666666666666666,1980,23.0
1,0,2,-2.5489091873168945,0.7833333333333333,random_normmatched,-0.056225001370465315,-0.06391205611052336,0.030215492954960576,0.0640803665584988,-0.06288468774602332,-0.040561864683116795,-0.03607312188984854,-0.057912978870215084,0.21481481481481482,0.7822222222222223,0.18055555555555555,1980,23.0
1,0,2,-2.5489091873168945,0.7833333333333333,random,-0.006235988051803024,-0.001373502943250868,-0.008725372950236003,0.03855532010396322,-0.0038027224978378783,-0.007077287396832869,0.005167133166720321,-0.003154173797092487,0.2175925925925926,0.78,0.16666666666666666,1980,24.0
1,0,2,-2.5489091873168945,0.7833333333333333,random_normmatched,-0.02295535758689598,-0.014178929505524811,-0.02422376385441533,0.06108549965752496,-0.013167642781987773,-0.008092688370433792,0.01934777647505525,-0.016366028706695276,0.22407407407407406,0.7855555555555556,0.18518518518518517,1980,24.0
1,0,2,-2.5489091873168945,0.7833333333333333,random,-0.0015895649238868996,0.005705586186161748,-0.01689572334289551,0.03984397358364529,-1.275993600377207e-05,-0.0036172662823984493,0.006211865391420647,-8.855520334595488e-05,0.21944444444444444,0.7811111111111111,0.16666666666666666,1980,25.0
1,0,2,-2.5489091873168945,0.7833333333333333,random_normmatched,0.019868063043665004,0.05069796244303385,-0.10139220555623372,0.05774786313374837,0.011172305132474948,0.01348704687406365,0.06754099069598912,0.013818019944092007,0.22685185185185186,0.7833333333333333,0.18981481481481483,1980,25.0
1,0,2,-2.5489091873168945,0.7833333333333333,random,-0.00923863340307165,-0.01505385504828559,-0.005349364104094328,0.04152502483791775,-0.0059109120055570435,-0.004106088923938613,0.00104317612749947,-0.004409512328893165,0.22314814814814815,0.7822222222222223,0.1712962962962963,1980,26.0
1,0,2,-2.5489091873168945,0.7833333333333333,random_normmatched,-0.06629157772770634,-0.06889564019662363,0.01268819702996148,0.06642101287841796,-0.04286428838706524,-0.025903005463738013,-0.012295237811389088,-0.04996293104081791,0.22592592592592592,0.7788888888888889,0.19444444444444445,1980,26.0
1,0,2,-2.5489091873168945,0.7833333333333333,random,-0.019151187826085974,-0.01641948134810836,-0.004162843139083297,0.04340929243299696,-0.0107715122049899,-0.016433047711556934,0.0025203914327947014,-0.008042415119957872,0.21666666666666667,0.7833333333333333,0.17592592592592593,1980,27.0
1,0,2,-2.5489091873168945,0.7833333333333333,random_normmatched,-0.0824005126953125,-0.0652517036155418,0.022577132119072807,0.059810321595933705,-0.08771771157603295,-0.050119213236549796,-0.01737978826410172,-0.08063453996819944,0.21203703703703702,0.7822222222222223,0.2037037037037037,1980,27.0
1,0,2,-2.5489091873168945,0.7833333333333333,random,-0.005884165234035916,-0.0037823959633156105,-0.003877856996324327,0.0379659546746148,-0.0032223656987809485,-0.00616174492443878,0.0016083961361494483,-0.001883025285412452,0.21944444444444444,0.78,0.17592592592592593,1980,28.0
1,0,2,-2.5489091873168945,0.7833333333333333,random_normmatched,-0.005279466840955946,0.027657235110247577,-0.00034240969905146847,0.05595322608947754,-0.00686031617608349,0.005679508619944058,0.006727912287460279,-0.006948225954911092,0.23796296296296296,0.7777777777777778,0.2222222222222222,1980,28.0
1,0,2,-2.5489091873168945,0.7833333333333333,random,-0.008741767318160445,-0.0033354935822663486,-0.005543915430704752,0.03885990884568956,-0.0015580609437732822,-0.009395394237050941,0.00128610514006786,-0.0006564682676896221,0.21666666666666667,0.78,0.16666666666666666,1980,29.0
1,0,2,-2.5489091873168945,0.7833333333333333,random_normmatched,-0.06717582278781467,-0.08501719545435023,-0.021463761506257235,0.062235194312201605,-0.005390548177374705,-0.04218686744669696,-0.0030552943666238017,-0.0007650220765233667,0.22037037037037038,0.7755555555555556,0.18518518518518517,1980,29.0
1,0,2,-2.5489091873168945,0.7833333333333333,random,-0.0074030770195855035,0.0031694306267632377,-0.009578270382351345,0.041282745997111,-0.002869080196359862,-0.008144421510668588,0.002975985660214297,-0.0036688454966961543,0.2212962962962963,0.7777777777777778,0.1712962962962963,1980,30.0
1,0,2,-2.5489091873168945,0.7833333333333333,random_normmatched,-0.02139196749086733,0.046740708527741606,0.016479901914243346,0.07396282196044922,-0.03860109039201714,-0.01469847488909261,-0.016242519930349225,-0.03884723574972219,0.21851851851851853,0.78,0.21296296296296297,1980,30.0
1,0,2,-2.5489091873168945,0.7833333333333333,random,-0.02714601269474736,-0.019525845845540363,-0.0009393338803891782,0.04061220169067383,-0.016929168813848268,-0.0250366396189164,-0.0005765424356673921,-0.01258149559852609,0.21574074074074073,0.7833333333333333,0.16666666666666666,1980,31.0
1,0,2,-2.5489091873168945,0.7833333333333333,random_normmatched,-0.18424140259071634,-0.15537519808168765,-0.0001903710541901765,0.05806903945075141,-0.13369009238257423,-0.15182849867122725,-6.063238504646566e-05,-0.09556866378054285,0.2037037037037037,0.78,0.17592592592592593,1980,31.0
1,0,2,-2.5489091873168945,0.7833333333333333,random,-0.008818324406941731,-0.006212499406602647,-0.00976644445348669,0.039859496222601994,-0.00633590528925445,-0.008205870951876528,0.004305101582862064,-0.0033696352490322446,0.21944444444444444,0.78,0.16666666666666666,1980,32.0
1,0,2,-2.5489091873168945,0.7833333333333333,random_normmatched,-0.049996356610898615,-0.042967619719328706,-0.028145998495596427,0.058105545043945314,-0.03186134543506753,-0.034262501280265284,0.019093596513433612,-0.02553537525436131,0.2064814814814815,0.7844444444444445,0.17592592592592593,1980,32.0
1,0,2,-2.5489091873168945,0.7833333333333333,random,-0.009195532622160735,-0.0039814843071831595,-0.003951537167584455,0.04091899342007107,-0.0028082699310085415,-0.01155742763517209,0.0011700881110344149,-0.0021599807170734567,0.21851851851851853,0.7811111111111111,0.1712962962962963,1980,33.0
1,0,2,-2.5489091873168945,0.7833333333333333,random_normmatched,-0.0350282457139757,-0.019981057555587205,0.004224895547937464,0.05757829560173883,-0.012163611193355045,-0.03880254574126091,-0.0009162205465669221,-0.01669345067657254,0.2212962962962963,0.7822222222222223,0.2037037037037037,1980,33.0
1,0,2,-2.5489091873168945,0.7833333333333333,random,-0.008768641507184064,-0.004814801392731843,-0.007490191636262117,0.042423878775702584,-0.004060343793570064,-0.008734857260518229,0.003480813337572557,-0.002737126444803858,0.2175925925925926,0.7833333333333333,0.1712962962962963,1980,34.0
1,0,2,-2.5489091873168945,0.7833333333333333,random_normmatched,-0.04204862382676866,-0.008237688629715531,-0.044316411901403355,0.06401939074198405,-0.032027405917882876,-0.04452291549928541,0.03428398224032371,-0.02000887835253157,0.22685185185185186,0.7822222222222223,0.2222222222222222,1980,34.0
1,0,2,-2.5489091873168945,0.7833333333333333,random,-0.009980697985048647,-0.010687139299180772,-0.003359649799488209,0.03672150717841254,-0.0016924959279177821,-0.011339793752785304,0.002234797059461326,-0.0012830358654211237,0.2175925925925926,0.7822222222222223,0.16666666666666666,1980,35.0
1,0,2,-2.5489091873168945,0.7833333333333333,random_normmatched,-0.02986536909032751,-0.04294559690687391,-0.020676918382997865,0.05100813759697808,-0.025512935650774143,-0.021426726567414713,0.006806964224321604,-0.020204790499504334,0.21574074074074073,0.7788888888888889,0.1712962962962963,1980,35.0
1,0,2,-2.5489091873168945,0.7833333333333333,random,-0.010415854277434173,-0.016128840269865812,-0.007009243082117152,0.04195035616556803,-0.0027139164739491224,-0.010444397861928795,0.0041361657316455105,-0.001108907682240626,0.2175925925925926,0.7822222222222223,0.16666666666666666,1980,36.0
1,0,2,-2.5489091873168945,0.7833333333333333,random_normmatched,-0.008207488943029332,0.002903267189308449,-0.0041252807334617335,0.05984763463338216,0.005539346013517222,0.00832778644130147,0.009962897089636977,0.01707973800783947,0.21851851851851853,0.7811111111111111,0.19907407407407407,1980,36.0
1,0,2,-2.5489091873168945,0.7833333333333333,random,-0.01463973080670392,-0.013676378462049697,-0.010926260771574797,0.04562738312615289,-0.004024337582598948,-0.023083352967234076,0.006426249066271683,-0.002550334011243485,0.21388888888888888,0.7866666666666666,0.16666666666666666,1980,37.0
1,0,2,-2.5489091873168945,0.7833333333333333,random_normmatched,-0.04180506776880335,-0.0488342355798792,-0.04722585678100586,0.06895483122931587,-0.027171602888017635,-0.08302374586910585,0.01521956770580747,-0.020681632556263152,0.2175925925925926,0.7855555555555556,0.17592592592592593,1980,37.0
1,0,2,-2.5489091873168945,0.7833333333333333,random,-0.013222805658976237,-0.01827047489307545,-0.009433760466399016,0.04287420378790961,-0.0020841602967377466,-0.018217450010838864,0.004977280134042486,-0.0003723818595987707,0.21666666666666667,0.7844444444444445,0.16666666666666666,1980,38.0
1,0,2,-2.5489091873168945,0.7833333333333333,random_normmatched,0.009840075174967449,0.004263630619755498,-0.04370762330514413,0.060999652014838326,0.01653156433298391,-0.016911249199961217,0.036306238831800515,0.02711478465462964,0.23055555555555557,0.7855555555555556,0.21296296296296297,1980,38.0
1,0,2,-2.5489091873168945,0.7833333333333333,random,-0.0038781183737295645,0.0062585583439579715,-0.011226696438259548,0.04255904091729058,-0.0010654812870597838,-0.003844741293624039,0.005363461078434502,7.914363209247467e-07,0.22407407407407406,0.7755555555555556,0.18518518518518517,1980,39.0
1,0,2,-2.5489091873168945,0.7833333333333333,random_normmatched,-0.011252871266117803,0.002518424281367549,-0.09377335442437065,0.07088971138000488,0.008405703517869552,-0.006959103488659954,0.0543890162525751,0.004876809419358364,0.24537037037037038,0.7777777777777778,0.25462962962962965,1980,39.0
1,0,2,-2.5489091873168945,0.7833333333333333,random,-0.003576149763884368,-0.007776295697247541,-0.0048851701948377825,0.03933825280931261,-0.000853358908821856,-0.0030957080018683097,0.003223000295185629,-0.0006017428828742585,0.2212962962962963,0.7788888888888889,0.1712962962962963,1980,40.0
1,0,2,-2.5489091873168945,0.7833333333333333,random_normmatched,0.018869587227150247,0.021699781771059388,-0.007828694802743418,0.05236408233642578,0.011508729300326183,0.02966409118919137,-0.0019094049709731044,0.011357441069194557,0.22870370370370371,0.7777777777777778,0.21296296296296297,1980,40.0
1,0,2,-2.5489091873168945,0.7833333333333333,random,-0.017670956364384403,-0.017960742667869286,-0.00796976266083894,0.04119074609544542,-0.006451889808433897,-0.02496930322311484,0.006135377144508911,-0.005071320588667512,0.21944444444444444,0.7766666666666666,0.16666666666666666,1980,41.0
1,0,2,-2.5489091873168945,0.7833333333333333,random_normmatched,-0.05193395967836733,-0.03891672028435601,-0.04855807445667408,0.055635454389784074,-0.04591492153928638,-0.06651870718334976,0.034585355351943424,-0.03151165551851097,0.23055555555555557,0.7755555555555556,0.18981481481481483,1980,41.0
1,0,2,-2.5489091873168945,0.7833333333333333,random,-0.00800064758018211,0.00028288805926287615,-0.009455481281986942,0.03921037356058756,-0.0037232605868860705,-0.010155744652539394,0.0044812340747445835,-0.001017373430690118,0.21851851851851853,0.7833333333333333,0.16666666666666666,1980,42.0
1,0,2,-2.5489091873168945,0.7833333333333333,random_normmatched,-0.009357498310230396,0.019274552663167317,-0.05031819343566894,0.04901739862230089,-0.015368737881939331,-0.017901202123294765,0.03580356009212425,-0.0035075527549628407,0.2351851851851852,0.7777777777777778,0.19444444444444445,1980,42.0
1,0,2,-2.5489091873168945,0.7833333333333333,random,-0.013190189997355143,-0.021197795867919922,-0.004040790487218786,0.04047237502204047,-0.004101815979685727,-0.014861788946393346,0.0027818027106901967,-0.0024324233820097177,0.21481481481481482,0.7833333333333333,0.16666666666666666,1980,43.0
1,0,2,-2.5489091873168945,0.7833333333333333,random_normmatched,-0.059488572014702694,-0.05817759478533709,-0.02593566929852521,0.05413443035549588,-0.03099968510996797,-0.0439084188043605,0.01754512591463009,-0.02821857944510473,0.21296296296296297,0.7855555555555556,0.18055555555555555,1980,43.0
1,0,2,-2.5489091873168945,0.7833333333333333,random,-0.011308864310935692,-0.0035888883802625868,-0.011445517010158963,0.038555931515163844,-0.003275907939652438,-0.014324933760841752,0.006981505532274619,-0.0031124457663675126,0.21666666666666667,0.7822222222222223,0.16666666666666666,1980,44.0
1,0,2,-2.5489091873168945,0.7833333333333333,random_normmatched,-0.03238844518308286,-0.011791776727747035,-0.04202672287269875,0.06468386438157823,-0.026080039390425604,-0.02509819050692131,0.027437105219126158,-0.025273350683616747,0.22777777777777777,0.7788888888888889,0.21296296296296297,1980,44.0
1,0,2,-2.5489091873168945,0.7833333333333333,random,-0.011181020736694336,-0.008644377743756329,-0.010102000059904876,0.0387096553378635,-0.005852840667181403,-0.01475874728753412,0.00480431202692487,-0.0022270995310658976,0.21944444444444444,0.78,0.16666666666666666,1980,45.0
1,0,2,-2.5489091873168945,0.7833333333333333,random_normmatched,-0.04603845101815683,-0.03854110505845812,-0.0630467308892144,0.06160082817077637,-0.018359966592085067,-0.0522862099774369,0.051899240483908614,-0.019789928396520936,0.21666666666666667,0.7744444444444445,0.18981481481481483,1980,45.0
1,0,2,-2.5489091873168945,0.7833333333333333,random,0.004843978528623227,0.011117016827618634,-0.011165733690615054,0.03843304740058051,0.0014466148782513216,0.004270578907053318,0.004710812626567876,0.000507389054148169,0.22314814814814815,0.7755555555555556,0.19444444444444445,1980,46.0
1,0,2,-2.5489091873168945,0.7833333333333333,random_normmatched,0.12614597921018247,0.20465691884358725,-0.034772268931070965,0.06416143947177463,0.10171588560795805,0.11793139571265793,0.01679038509660154,0.08595336637334428,0.27685185185185185,0.7722222222222223,0.3101851851851852,1980,46.0
1,0,2,-2.5489091873168945,0.7833333333333333,random,-0.009559113891036423,-0.009897788365681967,-0.0020718150668674047,0.03918297873602973,-0.0031338842331852237,-0.011655884665392125,0.00037974192850993263,-0.0025786031683010685,0.2175925925925926,0.78,0.16666666666666666,1980,47.0
1,0,2,-2.5489091873168945,0.7833333333333333,random_normmatched,-0.032253636254204646,-0.019145850782041198,-0.02999031278822157,0.04806053161621094,-0.027228788400137635,-0.039965194657588354,0.006510070178742333,-0.021335454722155728,0.21944444444444444,0.7788888888888889,0.18518518518518517,1980,47.0
1,0,2,-2.5489091873168945,0.7833333333333333,random,-0.0078120425895408345,-0.006919931482385706,-0.004204211411652742,0.03939215342203776,-0.002015633629600285,-0.011856361216958319,0.0014327574168355463,-0.0009524147806399973,0.21388888888888888,0.7822222222222223,0.16666666666666666,1980,48.0
1,0,2,-2.5489091873168945,0.7833333333333333,random_normmatched,-0.003725966700801143,0.02863274680243598,0.02076663794340911,0.05536773999532064,0.0013440883283173644,-0.01728206825980676,-0.022388565896452176,0.0058596040068815735,0.21944444444444444,0.7822222222222223,0.18518518518518517,1980,48.0
1,0,2,-2.5489091873168945,0.7833333333333333,random,-0.009824500260529695,-0.006214124185067636,-0.0033309371383101853,0.04238118065728082,-0.0011487342069112253,-0.010028575470732192,0.00219851148889269,-0.0006851175481757494,0.21944444444444444,0.78,0.16666666666666666,1980,49.0
1,0,2,-2.5489091873168945,0.7833333333333333,random_normmatched,-0.03065455401385272,-0.030210759904649522,-0.005029226232458044,0.06585148069593641,-0.015212204557562396,-0.034377017321072526,0.003539882838197883,-0.001672097566584025,0.22037037037037038,0.7844444444444445,0.18981481481481483,1980,49.0
1,0,2,-2.5489091873168945,0.7833333333333333,random,-0.013401480074282046,-0.013431690357349537,-0.0029461295516402634,0.039813356399536134,-0.009112229079872816,-0.007743416733214244,0.002197805795886427,-0.0068556553665666785,0.2175925925925926,0.7822222222222223,0.16666666666666666,1980,50.0
1,0,2,-2.5489091873168945,0.7833333333333333,random_normmatched,-0.047599735966435186,-0.06748581815648962,-0.0034236872637713398,0.05996906068589952,-0.02214808138167189,0.011724634676472378,-0.009639602075123042,-0.03372136721479041,0.21296296296296297,0.7766666666666666,0.20833333333333334,1980,50.0
1,0,2,-2.5489091873168945,0.7833333333333333,random,-0.009844802927087854,-0.009495293652569806,-0.007098323327523691,0.03427165137396918,-0.003475887907722731,-0.010232631933549211,0.003280687045618411,-0.0024354009669589065,0.21851851851851853,0.7833333333333333,0.16666666666666666,1980,51.0
1,0,2,-2.5489091873168945,0.7833333333333333,random_normmatched,-0.035282747833817095,-0.004939432497377749,-0.066178180553295,0.05688717630174425,-0.024697869757820706,-0.02568410213933887,0.05238650645980261,-0.01407232949169699,0.22592592592592592,0.7844444444444445,0.20833333333333334,1980,51.0
1,0,2,-2.5489091873168945,0.7833333333333333,random,-0.02669772042168511,-0.024380931147822627,0.001701833583690502,0.04100583924187554,-0.012122023874561084,-0.03198593627758761,0.0008998375571150784,-0.008326318471410975,0.21388888888888888,0.7833333333333333,0.16666666666666666,1980,52.0
1,0,2,-2.5489091873168945,0.7833333333333333,random_normmatched,-0.09582088964956778,-0.07844921394630715,0.011810474042539243,0.058128671646118166,-0.04119738166677814,-0.08992844401237271,-0.008183585332588117,-0.038213353592981586,0.19907407407407407,0.78,0.1527777777777778,1980,52.0
1,0,2,-2.5489091873168945,0.7833333333333333,random,-0.005487883532488787,-0.004058219768382885,-0.012412982516818577,0.04111648241678874,-0.0008602175037709381,-0.00967447092920594,0.008185098285245024,-2.8543543724866588e-06,0.21944444444444444,0.7833333333333333,0.17592592592592593,1980,53.0
1,0,2,-2.5489091873168945,0.7833333333333333,random_normmatched,0.0517310619354248,0.05861308839586046,-0.026435922693323205,0.05741428799099392,0.04770219337905207,0.03621539854541649,0.004641099281447103,0.0347754161923754,0.24537037037037038,0.7811111111111111,0.19444444444444445,1980,53.0
1,0,2,-2.5489091873168945,0.7833333333333333,random,-0.009982850816514757,-0.0030759352224844472,-0.005726582915694625,0.039666141933865015,-0.003275315892936919,-0.012774915280830417,0.0033843121254569543,-0.0035937414056336128,0.22037037037037038,0.7844444444444445,0.17592592592592593,1980,54.0
1,0,2,-2.5489091873168945,0.7833333333333333,random_normmatched,-0.02311252134817618,0.00039437965110496236,-0.019472533685189707,0.05961694929334852,-0.010837113247165145,-0.030942992609159045,0.004868447462820528,-0.007514652711498128,0.21944444444444444,0.7722222222222223,0.2037037037037037,1980,54.0
1,0,2,-2.5489091873168945,0.7833333333333333,random,0.0076675891876220705,0.007111964402375398,-0.01145224924440737,0.04323370297749837,0.005521857770451399,0.0032918733385234496,0.008389462536006444,0.005395224022235032,0.21944444444444444,0.7833333333333333,0.16666666666666666,1980,55.0
1,0,2,-2.5489091873168945,0.7833333333333333,random_normmatched,0.10194520950317383,0.10922726878413448,-0.05660453902350532,0.060364694595336915,0.08430213282645063,0.08245323467612754,0.035989981480981884,0.06544377457389428,0.24537037037037038,0.7833333333333333,0.22685185185185186,1980,55.0
1,0,2,-2.5489091873168945,0.7833333333333333,random,-0.010017430340802227,-0.011348335831253617,-0.012395242408469872,0.041169426176283094,-0.004487197889459555,-0.010626093766568138,0.004638007301656638,-0.002971051022593196,0.22037037037037038,0.7833333333333333,0.1712962962962963,1980,56.0
1,0,2,-2.5489091873168945,0.7833333333333333,random_normmatched,-0.028355271727950486,-0.05142498899389197,-0.04774172924183033,0.053794433805677624,-0.021805750365405933,-0.012785763938428814,0.03034865901834498,-0.006642283649826107,0.22870370370370371,0.7844444444444445,0.18981481481481483,1980,56.0
1,0,2,-2.5489091873168945,0.7833333333333333,random,0.024095932642618816,0.01870474991975007,-0.005970370327984845,0.042924842834472655,0.007069650676471821,0.03796704835375596,0.002089375110867934,0.004991638857564963,0.22314814814814815,0.7822222222222223,0.17592592592592593,1980,57.0
1,0,2,-2.5489091873168945,0.7833333333333333,random_normmatched,0.12018943009553132,0.13305347054092972,-0.018873910550717955,0.07154081132676866,0.07700058935386556,0.1532119055966197,0.010428394929621426,0.07000443509209761,0.25092592592592594,0.7711111111111111,0.24074074074074073,1980,57.0
1,0,2,-2.5489091873168945,0.7833333333333333,random,-0.0026626180719446254,-0.010708914862738715,-0.008347977532280816,0.03909537527296278,-0.0006988292898684344,-0.005305386470247686,0.004543668046993282,0.00037433664799984293,0.21481481481481482,0.7811111111111111,0.16666666666666666,1980,58.0
1,0,2,-2.5489091873168945,0.7833333333333333,random_normmatched,0.033969925068042896,0.020469709678932472,-0.0747811652995922,0.05673709339565701,0.025385464547595372,0.017135559188550042,0.0631809828074996,0.025659246796317862,0.22962962962962963,0.7788888888888889,0.16203703703703703,1980,58.0
1,0,2,-2.5489091873168945,0.7833333333333333,random,-0.008235530500058775,-0.008138497670491537,-0.007351333123666269,0.037131111356947154,-0.002959846606301277,-0.010152208986002966,0.00383960279383013,-0.0021876509355494896,0.21851851851851853,0.78,0.16666666666666666,1980,59.0
1,0,2,-2.5489091873168945,0.7833333333333333,random_normmatched,-0.05412030220031738,-0.025436966507523147,0.0016423861185709636,0.05744903670416938,-0.0279679874867491,-0.05532316410594486,-0.01181471908583866,-0.024992450923733676,0.2175925925925926,0.7777777777777778,0.18981481481481483,1980,59.0
1,0,2,-2.5489091873168945,0.7833333333333333,random,0.0036383911415382667,0.009575366973876953,-0.006882107699358905,0.04009754604763455,-0.0001604423567821905,0.009002067575307896,0.0022904125402882763,-0.00042154754391708334,0.21851851851851853,0.7811111111111111,0.1712962962962963,1980,60.0
1,0,2,-2.5489091873168945,0.7833333333333333,random_normmatched,0.03978356432031702,0.0837043391333686,-0.016331935811925817,0.06117696762084961,0.031198364680312885,0.06341269398003153,0.011087760004176689,0.021275272354836304,0.225,0.7722222222222223,0.21296296296296297,1980,60.0
1,0,2,-2.5489091873168945,0.7833333333333333,random,-0.002179182900322808,-0.0005774674592194733,-0.006383625666300455,0.04370365036858453,0.0014425979377669486,-0.007792706861894818,0.004298934649488575,0.001428562542179291,0.2175925925925926,0.7766666666666666,0.17592592592592593,1980,61.0
1,0,2,-2.5489091873168945,0.7833333333333333,random_normmatched,0.05777929270709002,0.028086247267546476,-0.047524955537584096,0.06753693580627441,0.013827618368957857,0.030662297532677414,0.03179499912712381,0.011446050840182232,0.2518518518518518,0.7755555555555556,0.2638888888888889,1980,61.0
1,0,2,-2.5489091873168945,0.7833333333333333,random,-0.008217940507111726,0.004002641748498987,-0.007815078452781395,0.04042780134412977,-0.002325051332263101,-0.00993030920789076,0.005295493177756605,-0.0013745618967935269,0.21574074074074073,0.7833333333333333,0.16666666666666666,1980,62.0
1,0,2,-2.5489091873168945,0.7833333333333333,random_normmatched,-0.027666890179669414,-0.022233892370153358,-0.0411107893343325,0.052665061950683593,-0.02142272679998518,-0.02297062383029826,0.03634505571132568,-0.014050261607489312,0.21388888888888888,0.7855555555555556,0.18981481481481483,1980,62.0
1,0,2,-2.5489091873168945,0.7833333333333333,random,-0.007918354316993996,-0.014675105059588398,-0.007290840148925781,0.036257206598917645,-0.0020024255011931898,-0.011183841838218352,0.00192017544551713,-0.0012177946384735268,0.21574074074074073,0.7822222222222223,0.16666666666666666,1980,63.0
1,0,2,-2.5489091873168945,0.7833333333333333,random_normmatched,-0.0071319173883508755,-0.010611904991997613,-0.02398994940298575,0.05337101300557454,-0.009983106846528367,-0.010847153641064622,0.013871826331902228,-0.006132364928096893,0.225,0.78,0.18518518518518517,1980,63.0
1,0,2,-2.5489091873168945,0.7833333333333333,random,-0.008144731874819155,-0.009249431115609628,-0.014829575573956524,0.04572209252251519,-0.0014743404834006717,-0.01618493311681539,0.006012158874104754,-0.0004942840936442501,0.21574074074074073,0.7888888888888889,0.16666666666666666,1980,64.0
1,0,2,-2.5489091873168945,0.7833333333333333,random_normmatched,0.0009636543415210865,0.03484126373573586,-0.04890238973829481,0.06466700977749294,0.020470604239519234,-0.03542398240351948,0.03081477661771699,0.0295091170215373,0.225,0.7877777777777778,0.19444444444444445,1980,64.0
1,0,2,-2.5489091873168945,0.7833333333333333,random,-0.01772872430306894,-0.022954658225730614,-0.005368895000881619,0.040284997092352975,-0.006818982979777373,-0.021002751980124176,0.002430334867441133,-0.004012225603806541,0.21666666666666667,0.7788888888888889,0.16666666666666666,1980,65.0
1,0,2,-2.5489091873168945,0.7833333333333333,random_normmatched,-0.05165476269192166,-0.06445210068314164,0.009282793822111907,0.058171383539835614,-0.04212313607144218,-0.06836108011528831,-0.009594321407804553,-0.026258591310636483,0.21388888888888888,0.7755555555555556,0.18055555555555555,1980,65.0
1,0,2,-2.5489091873168945,0.7833333333333333,random,-0.013547024903474031,-0.01535975491559064,-0.0016723968364574292,0.03782853762308756,-0.005493302412303709,-0.015438448591931076,0.0014508255456733084,-0.003449853790179052,0.21666666666666667,0.7844444444444445,0.16666666666666666,1980,66.0
1,0,2,-2.5489091873168945,0.7833333333333333,random_normmatched,-0.028947713640001087,-0.014036796711109302,-0.004656140009562174,0.05092248492770725,-0.026099758308144566,-0.03763393653362461,0.00941374460965138,-0.013418415717495944,0.21296296296296297,0.7833333333333333,0.19444444444444445,1980,66.0
1,0,2,-2.5489091873168945,0.7833333333333333,random,-0.006398561265733507,-0.010402502837004486,-0.008339327353018301,0.03920359929402669,-0.001646191393200306,-0.00982173423327388,0.0036448220201164925,-0.00017258181356439708,0.21481481481481482,0.7844444444444445,0.16666666666666666,1980,67.0
1,0,2,-2.5489091873168945,0.7833333333333333,random_normmatched,-0.012866278047914858,0.005628992010045935,-0.03570296852676957,0.04688593334621853,-0.004597009925423338,-0.012993344753313409,0.02180957335216835,-0.0010184616853906058,0.20833333333333334,0.7822222222222223,0.1712962962962963,1980,67.0
1,0,2,-2.5489091873168945,0.7833333333333333,random,-0.0106966530835187,-0.0046962808679651335,-0.007852856318155925,0.03533507347106934,-0.004444506019146381,-0.012278613569205331,0.002755921218424922,-0.0030958055117192807,0.2175925925925926,0.7833333333333333,0.16666666666666666,1980,68.0
1,0,2,-2.5489091873168945,0.7833333333333333,random_normmatched,-0.02906356034455476,-0.02842269120392976,-0.047619167963663736,0.05340686374240451,-0.025653517821926514,-0.02146652989498964,0.033442746170494725,-0.01828208415095406,0.23796296296296296,0.7766666666666666,0.19907407407407407,1980,68.0
1,0,2,-2.5489091873168945,0.7833333333333333,random,-0.0028158311490659362,-0.005936234085648148,-0.004385381274753146,0.04220014678107368,0.0013323103397102501,-0.010220852054544653,0.0035610815410593217,0.0031048878614301587,0.22314814814814815,0.7788888888888889,0.16666666666666666,1980,69.0
1,0,2,-2.5489091873168945,0.7833333333333333,random_normmatched,0.04421717502452709,0.028999293292010273,-0.004533345611007125,0.06275142987569172,0.03973051742812177,0.02573659989830595,0.0048456792593244615,0.040251883186645174,0.2490740740740741,0.7777777777777778,0.22685185185185186,1980,69.0
1,0,2,-2.5489091873168945,0.7833333333333333,random,-0.010407956441243489,-0.009208537914134838,-0.002135651199905961,0.03929792828030056,-0.002925055694106134,-0.013011758791355514,0.0005889554842478414,-0.0012657097114866281,0.21481481481481482,0.7811111111111111,0.16666666666666666,1980,70.0
1,0,2,-2.5489091873168945,0.7833333333333333,random_normmatched,-0.017917982737223306,0.002564545030947085,0.012673362096150716,0.05466942893134223,-0.0032430858860326207,-0.01651739280225181,-0.003929240097226904,0.0048627258693126835,0.21574074074074073,0.7844444444444445,0.18518518518518517,1980,70.0
1,0,2,-2.5489091873168945,0.7833333333333333,random,-0.010435701299596716,-0.011449725539595992,-0.00604238333525481,0.038254865010579425,-0.0029123967834374636,-0.010939505467881394,0.003670471358805153,-0.002047772054962862,0.2175925925925926,0.78,0.16666666666666666,1980,71.0
1,0,2,-2.5489091873168945,0.7833333333333333,random_normmatched,-0.09020238982306586,-0.10486329043353046,-0.02734975638212981,0.05289660029941135,-0.06121550229552677,-0.06991637540279746,0.015892672211009647,-0.057158307687467845,0.21574074074074073,0.7844444444444445,0.17592592592592593,1980,71.0
1,0,2,-2.5489091873168945,0.7833333333333333,random,-0.006728484895494249,-0.008395989735921225,-0.0045291194209346065,0.0359230285220676,-0.00197897657186476,-0.00895082443966718,0.002871157985708227,-0.0008681080597989435,0.21944444444444444,0.7811111111111111,0.16666666666666666,1980,72.0
1,0,2,-2.5489091873168945,0.7833333333333333,random_normmatched,0.008542746084707755,-0.00422401781435366,-0.015664943059285483,0.05331391970316569,0.009634943625117031,0.004825264550404896,0.012321209787625999,0.007130719623409642,0.21851851851851853,0.78,0.1712962962962963,1980,72.0
1,0,2,-2.5489091873168945,0.7833333333333333,random,-0.008727831310696071,-0.009916199578179253,-0.002519365593239113,0.03817328029208713,-0.0032607618547789326,-0.012795028803460432,0.0019295976212197095,-0.002983313128832093,0.21851851851851853,0.7844444444444445,0.16666666666666666,1980,73.0
1,0,2,-2.5489091873168945,0.7833333333333333,random_normmatched,-0.030207875922874168,-0.024143351448906794,-0.01623091874299226,0.056648874282836915,-0.0313673496242607,-0.03005249197445833,0.012002032598437837,-0.024094085637268725,0.2101851851851852,0.7777777777777778,0.18055555555555555,1980,73.0
1,0,2,-2.5489091873168945,0.7833333333333333,random,0.025826427671644423,0.03230181446781865,-0.028334421581692165,0.04213755183749729,0.015427953291892345,0.015152795410165537,0.0151531977174709,0.013102997678143513,0.22777777777777777,0.7811111111111111,0.16666666666666666,1980,74.0
1,0,2,-2.5489091873168945,0.7833333333333333,random_normmatched,0.21025780395225244,0.2339080881189417,-0.13749358918931748,0.07015761375427246,0.15670405806979965,0.15909742491872983,0.10553049836580969,0.1407102895033278,0.2935185185185185,0.7744444444444445,0.26851851851851855,1980,74.0
1,0,2,-2.5489091873168945,0.7833333333333333,random,-0.027218461919713905,-0.017092969682481553,-0.009318146882233796,0.04461763699849446,-0.008712049150501028,-0.04004471211544054,0.00495530820136516,-0.0042943029129137115,0.2111111111111111,0.7822222222222223,0.16666666666666666,1980,75.0
1,0,2,-2.5489091873168945,0.7833333333333333,random_normmatched,-0.07569650014241537,-0.08994762102762859,-0.04574960426047996,0.060314884185791014,-0.04842351485428342,-0.09647840663516381,0.034768390588477735,-0.027245878223222244,0.21481481481481482,0.7811111111111111,0.18055555555555555,1980,75.0
1,0,2,-2.5489091873168945,0.7833333333333333,random,-0.01660866560759368,-0.023734622531467013,-0.01360748432300709,0.04354492399427626,-0.005651062134796695,-0.022082421407375905,0.006717176172192132,-0.0043997118259348315,0.21851851851851853,0.7866666666666666,0.16666666666666666,1980,76.0
1,0,2,-2.5489091873168945,0.7833333333333333,random_normmatched,-0.05063127764949092,-0.0573188375543665,-0.05296295837119774,0.06227534400092231,-0.027209470294563463,-0.06290774850234204,0.03740317506646838,-0.019951822111690085,0.21481481481481482,0.7822222222222223,0.18518518518518517,1980,76.0
1,0,2,-2.5489091873168945,0.7833333333333333,random,0.000527014555754485,-0.008752540305808739,-0.007526259952121311,0.04345404518975152,0.000598920315989326,-0.0011076651520266466,0.004676373294609931,0.0014357434497642458,0.2175925925925926,0.7844444444444445,0.1712962962962963,1980,77.0
1,0,2,-2.5489091873168945,0.7833333333333333,random_normmatched,0.07015354015209056,0.0459191534254286,-0.025977796978420682,0.07634724405076769,0.08507646018548896,0.052064129874652476,0.025801232839913833,0.0856878003435577,0.25555555555555554,0.7755555555555556,0.20833333333333334,1980,77.0
1,0,2,-2.5489091873168945,0.7833333333333333,random,-5.80081233271846e-05,0.0018303835833514178,-0.006524905452021846,0.038157103856404626,-0.0005572175966830289,0.0014900456789888102,0.0037698315649367826,0.00018627431051532778,0.2175925925925926,0.7811111111111111,0.16666666666666666,1980,78.0
1,0,2,-2.5489091873168945,0.7833333333333333,random_normmatched,0.06455889101381655,0.030829703366314923,-0.04080849047060366,0.058714898427327473,0.07628442258042521,0.0676528796927543,0.040677083547178534,0.05318170451479042,0.2462962962962963,0.7733333333333333,0.2037037037037037,1980,78.0
1,0,2,-2.5489091873168945,0.7833333333333333,random,-0.010383803756148727,-0.010007893597638165,-0.003945366541544596,0.03829612308078342,-0.004821463591724137,-0.011913390831822095,0.0022912754789041682,-0.0037236656261143263,0.2175925925925926,0.7822222222222223,0.16666666666666666,1980,79.0
1,0,2,-2.5489091873168945,0.7833333333333333,random_normmatched,-0.06570131867020218,-0.08541013576366284,0.009341787408899379,0.05935651355319553,-0.06876763524776502,-0.061332645596816754,-0.021573730612883608,-0.0516380464949352,0.21481481481481482,0.7855555555555556,0.19444444444444445,1980,79.0
1,0,2,-2.5489091873168945,0.7833333333333333,random,-0.018184245074236834,-0.006331267180266204,-0.004736126793755425,0.043319147957695855,-0.009276971757878992,-0.021396364080838337,0.0038158114738240092,-0.005080453632651958,0.21666666666666667,0.7822222222222223,0.16666666666666666,1980,80.0
1,0,2,-2.5489091873168945,0.7833333333333333,random_normmatched,-0.0900490195662887,-0.07253493203057183,0.011728620529174805,0.06388932440016004,-0.039927825661066244,-0.0941854602824854,-0.01993840868282447,-0.030605802460211433,0.20925925925925926,0.7822222222222223,0.17592592592592593,1980,80.0
1,0,2,-2.5489091873168945,0.7833333333333333,random,-0.011572412208274558,-0.017205927107069228,-0.008675073694299769,0.04043075985378689,-0.0026868280605305446,-0.01717926008860434,0.002834712880246745,-0.0010550252791432196,0.22037037037037038,0.7844444444444445,0.16666666666666666,1980,81.0
1,0,2,-2.5489091873168945,0.7833333333333333,random_normmatched,0.019727164727670176,0.02821917004055447,-0.03816427301477503,0.05460979355706109,-0.0037391496687730406,0.005901266744669277,0.021824740361139752,0.011814201178523524,0.22685185185185186,0.7833333333333333,0.19907407407407407,1980,81.0
1,0,2,-2.5489091873168945,0.7833333333333333,random,-0.010288242057517723,-0.015858420619258174,-0.00579339309974953,0.037173087861802845,-0.0022275088402113896,-0.012366171939509523,0.00212437451077042,-0.0007128206939013761,0.21481481481481482,0.7822222222222223,0.1712962962962963,1980,82.0
1,0,2,-2.5489091873168945,0.7833333333333333,random_normmatched,-0.0208729796939426,-0.030198335647583008,-0.05874252142729582,0.05449814266628689,-0.004083522874240588,-0.023474590754957052,0.04431738062335466,-0.0026180032905432204,0.23148148148148148,0.7788888888888889,0.18981481481481483,1980,82.0
1,0,2,-2.5489091873168945,0.7833333333333333,random,-0.008762877075760452,-0.022058928454363788,-0.004186404192889178,0.037456742392645945,-0.0035281112359499696,-0.0088101111032276,0.0019745212736162346,-0.0033519826310619344,0.21944444444444444,0.78,0.16666666666666666,1980,83.0
1,0,2,-2.5489091873168945,0.7833333333333333,random_normmatched,0.007717409840336553,0.02483342312000416,-0.016637337649310076,0.05459893438551161,0.014050773673487546,0.009088348398588839,0.008280716366980035,0.014480378666760801,0.225,0.7722222222222223,0.18055555555555555,1980,83.0
1,0,2,-2.5489091873168945,0.7833333333333333,random,-0.010058535469902886,-0.007689087479202835,-0.003529359676219799,0.041328673892551,-0.001949077796711239,-0.01635148466419841,0.0013720694525965207,-0.001690644977456181,0.21574074074074073,0.7844444444444445,0.16666666666666666,1980,84.0
1,0,2,-2.5489091873168945,0.7833333333333333,random_normmatched,-0.032167770244457106,-0.03838203571460865,-0.004958000889530888,0.05947041723463271,-0.005280193971208399,-0.056504783445179445,-0.0038678009784677723,-0.015181154610880113,0.22314814814814815,0.7777777777777778,0.18518518518518517,1980,84.0
1,0,2,-2.5489091873168945,0.7833333333333333,random,-0.011380033139829283,-0.013608685246220342,-0.006595261891682943,0.04048414018419054,-0.0041029870535295165,-0.012020514657682252,0.002835596336925655,-0.004092771022154545,0.21851851851851853,0.78,0.16666666666666666,1980,85.0
1,0,2,-2.5489091873168945,0.7833333333333333,random_normmatched,-0.053062866352222585,-0.03342459819934986,-0.019706625408596464,0.051038647757636176,-0.029333187269492595,-0.045616925629946584,0.013549435811203386,-0.01801821832385416,0.2212962962962963,0.7811111111111111,0.17592592592592593,1980,85.0
1,0,2,-2.5489091873168945,0.7833333333333333,random,-0.011799874129118744,-0.01114424952754268,-0.005073672753793222,0.03971047507392036,-0.00594173241401637,-0.01592929382718059,0.0019395588901329587,-0.003374613584799131,0.21666666666666667,0.7833333333333333,0.16666666666666666,1980,86.0
1,0,2,-2.5489091873168945,0.7833333333333333,random_normmatched,-0.031247502786141856,-0.0073867373996310765,-0.0209285577138265,0.06973066435919868,-0.004002256595741276,-0.057826082839347176,0.0003512927412836989,-0.0001310885865810951,0.225,0.7855555555555556,0.18518518518518517,1980,86.0
1,0,2,-2.5489091873168945,0.7833333333333333,random,-0.01254518296983507,-0.0037183761596679688,-0.008892589145236544,0.03939774407280816,-0.004813289388879614,-0.014079448371472774,0.004803572066218967,-0.002813283852341495,0.21944444444444444,0.7822222222222223,0.16666666666666666,1980,87.0
1,0,2,-2.5489091873168945,0.7833333333333333,random_normmatched,-0.08735738507023565,-0.08995064982661495,-0.0385647455851237,0.056603783501519095,-0.0673309974841537,-0.08192418413299576,0.027292946790789245,-0.043406242697302796,0.2101851851851852,0.7822222222222223,0.18518518518518517,1980,87.0
1,0,2,-2.5489091873168945,0.7833333333333333,random,-0.018507579520896628,-0.017120096418592665,-0.003202304133662471,0.03790662553575304,-0.008616037625156503,-0.020862938854656326,0.0026433865299546992,-0.0058584114262167745,0.21574074074074073,0.7855555555555556,0.16666666666666666,1980,88.0
1,0,2,-2.5489091873168945,0.7833333333333333,random_normmatched,-0.0514513510244864,-0.04311224266334816,0.008591964509752062,0.049671015209621854,-0.041608312936504174,-0.0543296910787998,-0.010436001585191063,-0.030651084211637918,0.2111111111111111,0.7844444444444445,0.16666666666666666,1980,88.0
1,0,2,-2.5489091873168945,0.7833333333333333,random,-0.0046087777173077615,-0.0002147886488172743,-0.006243184760764793,0.041734331978691946,-0.0006947474303612541,-0.009010701951366884,0.003747543020109645,0.0001689845045069748,0.21944444444444444,0.7822222222222223,0.16666666666666666,1980,89.0
1,0,2,-2.5489091873168945,0.7833333333333333,random_normmatched,0.03971526711075394,0.06670558011090313,0.008347453011406793,0.05670702510409885,0.023731065001160307,0.021419914316059305,-0.020192122958699488,0.02327954871977835,0.22685185185185186,0.7777777777777778,0.2222222222222222,1980,89.0
1,0,2,-2.5489091873168945,0.7833333333333333,random,-0.018823510629159435,-0.02632531413325557,-0.008576848771837023,0.03907754050360786,-0.007825537015004652,-0.01955690429130975,0.0031312808496239152,-0.00659023673822073,0.21944444444444444,0.7844444444444445,0.1712962962962963,1980,90.0
1,0,2,-2.5489091873168945,0.7833333333333333,random_normmatched,-0.07007909880744087,-0.11463809896398473,-0.044094615512424044,0.05888314035203722,-0.05043462455004218,-0.04902675117155834,0.03362938176659847,-0.03827295016084331,0.23981481481481481,0.7833333333333333,0.2037037037037037,1980,90.0
1,0,2,-2.5489091873168945,0.7833333333333333,random,-0.0032638832374855325,-0.004858794035734954,-0.003478716037891529,0.037782070371839734,-0.0016399174450946975,-0.003767166742928982,0.0016913926244031864,-0.001119538472988478,0.21851851851851853,0.7822222222222223,0.1712962962962963,1980,91.0
1,0,2,-2.5489091873168945,0.7833333333333333,random_normmatched,0.012718386120266385,-0.0009160130112259476,-0.020148095378169306,0.05161833975050185,0.001824481663159074,0.013176159683691038,0.020320052081221795,-0.000343112086172661,0.22870370370370371,0.7822222222222223,0.18055555555555555,1980,91.0
1,0,2,-2.5489091873168945,0.7833333333333333,random,0.011022825594301577,0.011227236853705512,-0.014767929359718605,0.040882717768351236,0.0029101821148817893,0.011610235177548354,0.007368189976668388,0.0033181589383665354,0.22037037037037038,0.7788888888888889,0.16666666666666666,1980,92.0
1,0,2,-2.5489091873168945,0.7833333333333333,random_normmatched,0.12926684308935094,0.12090954957184968,-0.0621900858702483,0.05739168379041883,0.08602193460563318,0.11948014976688796,0.045840692228082465,0.0664328273860838,0.2537037037037037,0.7755555555555556,0.2638888888888889,1980,92.0
1,0,2,-2.5489091873168945,0.7833333333333333,random,-0.008103506653397171,-0.017965016541657625,-0.008643789644594545,0.040121870040893556,-0.0011369412316307006,-0.00962413908887016,0.004580866154720167,-0.0008031095865844895,0.21666666666666667,0.7833333333333333,0.16666666666666666,1980,93.0
1,0,2,-2.5489091873168945,0.7833333333333333,random_normmatched,0.005639918645222982,-0.026620414521959092,-0.006150302180537471,0.05032535976833767,0.0028847944167395964,0.0035965382177410186,0.00442184954724832,0.0029492296688654364,0.225,0.7833333333333333,0.18055555555555555,1980,93.0
1,0,2,-2.5489091873168945,0.7833333333333333,random,-0.01216270128885905,-0.008822670689335576,-0.009679623003359195,0.038491042455037434,-0.005024926580617283,-0.016331223592249575,0.004089334329545466,-0.0032840512658806704,0.21944444444444444,0.7811111111111111,0.16666666666666666,1980,94.0
1,0,2,-2.5489091873168945,0.7833333333333333,random_normmatched,-0.06743795960037796,-0.06351566314697266,-0.028043764608877676,0.052317741182115345,-0.03485324295199855,-0.08394591253284724,0.01796877318938042,-0.036590404672032964,0.21574074074074073,0.7855555555555556,0.18981481481481483,1980,94.0
1,0,2,-2.5489091873168945,0.7833333333333333,random,-0.0072516988824915,-0.004240406884087456,-0.0052714259536178025,0.03557202445136176,-0.0010808280977356519,-0.010164030722035724,0.0012313864122142834,-0.0010015048806302708,0.2175925925925926,0.7811111111111111,0.16666666666666666,1980,95.0
1,0,2,-2.5489091873168945,0.7833333333333333,random_normmatched,-0.012083579875804759,0.034562146222149884,-0.027938078067920827,0.0637084674835205,-0.017939621660344945,-0.03317127655443564,0.011379588311976236,0.007874629723806412,0.2222222222222222,0.78,0.19444444444444445,1980,95.0
1,0,2,-2.5489091873168945,0.7833333333333333,random,-0.005197842915852864,-0.0059594401606807,-0.0069104883405897355,0.0399793020884196,-0.0009686622567999057,-0.005594999318667558,0.0024843425636133136,-0.0013450651774351684,0.2175925925925926,0.7833333333333333,0.16666666666666666,1980,96.0
1,0,2,-2.5489091873168945,0.7833333333333333,random_normmatched,-0.013824556491993092,-0.03498269010473181,-0.025837200659292715,0.055482414033677846,-0.015362041830758566,-0.005052522873954036,0.015824348486135967,-0.009732549081548506,0.21481481481481482,0.7788888888888889,0.18518518518518517,1980,96.0
1,0,2,-2.5489091873168945,0.7833333333333333,random,-0.00858933484112775,-0.008373684353298612,-0.00632544270268193,0.03718229505750868,-0.005358426386268598,-0.009017165437031587,0.005353350405393206,-0.003574068381438353,0.2175925925925926,0.7833333333333333,0.16666666666666666,1980,97.0
1,0,2,-2.5489091873168945,0.7833333333333333,random_normmatched,-0.05410514760900427,-0.04103929908187301,-0.004370087164419669,0.05371918572319878,-0.034340403726758915,-0.04827917113482725,0.0027869524714672625,-0.030974655618126165,0.22685185185185186,0.7766666666666666,0.2037037037037037,1980,97.0
1,0,2,-2.5489091873168945,0.7833333333333333,random,0.003521710854989511,-0.0014185375637478298,-0.013388135698106554,0.03878932105170356,0.002110157081469508,-0.0024537294514447028,0.005567469812030376,0.0016846358378871233,0.2175925925925926,0.7833333333333333,0.16666666666666666,1980,98.0
1,0,2,-2.5489091873168945,0.7833333333333333,random_normmatched,0.10013542175292969,0.06795526433874059,-0.07943160798814562,0.06849775738186306,0.09698364607643349,0.05658601357161865,0.05539572291476477,0.0776485494514422,0.25092592592592594,0.7822222222222223,0.20833333333333334,1980,98.0
1,0,2,-2.5489091873168945,0.7833333333333333,random,-0.03391894234551324,-0.03932401869032118,-0.0019880171175356265,0.03864572313096788,-0.01578784350205688,-0.0396540729792436,0.002033435207174501,-0.011462122947412045,0.21481481481481482,0.7855555555555556,0.1712962962962963,1980,99.0
1,0,2,-2.5489091873168945,0.7833333333333333,random_normmatched,-0.15469695020605018,-0.16613901102984394,-0.008468801003915291,0.05906919691297743,-0.09779111552154478,-0.1494193570025438,0.0036894065921328502,-0.07925892003378744,0.19814814814814816,0.7844444444444445,0.17592592592592593,1980,99.0
1,0,2,-2.5489091873168945,0.7833333333333333,shuffled_labels,1.3982368257310656,1.4993633340906214,-1.0894761527026142,0.8088914256625706,0.9231944429511374,1.1306048169323244,0.73042843310634,0.8448688235638719,0.6611111111111111,0.72,0.7129629629629629,1980,
1,0,3,-2.4881591796875,0.88,das,2.985225560506185,2.9080855305989584,-2.642886136372884,0.39871517499287923,1.0440024718597962,1.8147429213282715,1.0024292733004094,1.0272855337547389,0.888,0.8666666666666667,0.9066666666666666,1350,
1,0,3,-2.4881591796875,0.88,random,0.0026797129313151044,-0.002406336466471354,-0.002039332071940104,0.043986481030782065,0.0012260873487258497,0.006969077531153746,0.0010306768372536053,0.001154969202081061,0.11466666666666667,0.88,0.13333333333333333,1350,0.0
1,0,3,-2.4881591796875,0.88,random_normmatched,0.006590171813964844,0.019913660685221355,-0.021912267049153646,0.053522038459777835,0.0051871825138404175,0.0316665044748864,0.0059685374025215095,0.0040944415974133695,0.124,0.8783333333333333,0.14666666666666667,1350,0.0
1,0,3,-2.4881591796875,0.88,random,0.004729497273763021,-0.00370208740234375,-0.005798980712890625,0.044959373474121093,0.0019886427865175383,0.00987096216573231,0.0013110185482561184,0.0021286172879844104,0.11333333333333333,0.8766666666666667,0.14666666666666667,1350,1.0
1,0,3,-2.4881591796875,0.88,random_normmatched,0.012459996541341146,0.005121281941731771,-0.020421193440755207,0.05012273152669271,0.016431751799566074,0.03502880547823533,0.010357586656550363,0.016847548050053462,0.124,0.8816666666666667,0.21333333333333335,1350,1.0
1,0,3,-2.4881591796875,0.88,random,-1.7125447591145834e-05,0.0063114166259765625,0.0011606699625651043,0.04603906949361165,0.0005212461782759635,-0.0018409255711541099,-0.00012918912126669933,0.0008289129796019361,0.11866666666666667,0.8816666666666667,0.14666666666666667,1350,2.0
1,0,3,-2.4881591796875,0.88,random_normmatched,-0.004335789998372396,-0.004238459269205729,0.0050155156453450525,0.047757894198099775,-0.010295939523294006,-0.004494710750416481,0.002202510253900809,-0.004997182583936839,0.11066666666666666,0.8866666666666667,0.15333333333333332,1350,2.0
1,0,3,-2.4881591796875,0.88,random,0.0041720937093098955,0.006619974772135417,-0.004453567504882813,0.041025155385335285,0.0009288794132844693,0.002507753904267643,0.0013729300814858266,0.001334100569604428,0.116,0.8816666666666667,0.14666666666666667,1350,3.0
1,0,3,-2.4881591796875,0.88,random_normmatched,0.02819403584798177,0.025816116333007812,-0.04102738698323568,0.04746762593587239,0.011298008241460015,-0.005498549236367609,0.014191964029399193,0.013810150367165989,0.14,0.8766666666666667,0.18,1350,3.0
1,0,3,-2.4881591796875,0.88,random,0.006140920003255208,-0.0008395131429036458,-0.0046111602783203125,0.04765445073445638,0.0007108232829934806,0.005259243083810915,0.000862337384455218,0.0007566064662172138,0.12,0.8833333333333333,0.16,1350,4.0
1,0,3,-2.4881591796875,0.88,random_normmatched,0.011899281819661458,-0.011591135660807292,-0.009449261983235677,0.050474112828572594,0.011253930185634569,-0.016426274032659238,0.00459441923484742,0.013412987224863252,0.12133333333333333,0.88,0.18666666666666668,1350,4.0
1,0,3,-2.4881591796875,0.88,random,8.997090657552084e-05,0.003179779052734375,0.0032678171793619794,0.04661036173502604,0.0007069627780959924,0.005912405583837599,-0.000585213631194144,0.00119871805759334,0.10933333333333334,0.8866666666666667,0.14,1350,5.0
1,0,3,-2.4881591796875,0.88,random_normmatched,-0.025158192952473957,-0.02091400146484375,0.013343460083007812,0.05020366827646891,-0.00018002120603499385,-0.004981413381235319,-0.006392778776368078,0.00061315892368393,0.108,0.8916666666666667,0.16666666666666666,1350,5.0
1,0,3,-2.4881591796875,0.88,random,0.0127471923828125,0.009805653889973958,0.0024766972859700523,0.0446549924214681,0.0026677553541573414,0.00807762887082901,8.81619516874777e-05,0.0022823465789633423,0.11333333333333333,0.8783333333333333,0.14666666666666667,1350,6.0
1,0,3,-2.4881591796875,0.88,random_normmatched,0.03459760284423828,0.04185615539550781,0.03236174774169922,0.05085171699523926,0.013202216140064804,0.011575422554685938,-0.018880990073128108,0.009347632936953107,0.12,0.8866666666666667,0.16666666666666666,1350,6.0
1,0,3,-2.4881591796875,0.88,random,0.004776473999023438,0.0016597493489583332,-0.004420911153157552,0.04152393976847331,0.0012543599790283977,0.0042845995364701635,0.0018183368818287932,0.001024924961872906,0.11466666666666667,0.885,0.14666666666666667,1350,7.0
1,0,3,-2.4881591796875,0.88,random_normmatched,0.023254732767740885,0.019640274047851562,-0.055408828735351565,0.0473461119333903,0.00819769817778562,0.003948954027618511,0.01209383619835732,0.009386041423354967,0.12533333333333332,0.885,0.18,1350,7.0
1,0,3,-2.4881591796875,0.88,random,0.01748834228515625,0.023779246012369793,-0.010063072204589844,0.04824178695678711,0.0033875961250374514,0.02445391691361952,0.0024190003548064114,0.0035510862250663416,0.11466666666666667,0.8866666666666667,0.16666666666666666,1350,8.0
1,0,3,-2.4881591796875,0.88,random_normmatched,0.06585529073079427,0.054305470784505205,-0.09056854248046875,0.053572627703348794,0.020355450957233855,0.0929457680937478,0.03307300184515239,0.02335130161950483,0.12,0.8816666666666667,0.16666666666666666,1350,8.0
1,0,3,-2.4881591796875,0.88,random,-0.007965108235677084,-0.019486592610677082,0.0024861907958984375,0.0457707134882609,-0.0012433618989169351,-1.3938995093422928e-05,0.001081284928853275,-0.0005363035913423386,0.11466666666666667,0.8866666666666667,0.14,1350,9.0
1,0,3,-2.4881591796875,0.88,random_normmatched,-0.06328940073649089,-0.06928995768229167,-0.014855214436848958,0.04704307238260905,-0.029471540674413935,-0.024532093338919012,0.0008752156383437644,-0.01857368493634773,0.11333333333333333,0.88,0.14,1350,9.0
1,0,3,-2.4881591796875,0.88,random,0.00843377176920573,0.007864227294921875,-0.0032888615926106772,0.04618267059326172,0.002755308491082221,0.01194907696211886,0.0014763416254521297,0.0022611307862785953,0.11066666666666666,0.89,0.14666666666666667,1350,10.0
1,0,3,-2.4881591796875,0.88,random_normmatched,0.018327265421549478,0.017536290486653647,-0.05257360585530599,0.04775076707204183,0.0050195615265372405,0.046692323467715215,0.008911077573373272,0.0026684473570465386,0.112,0.8833333333333333,0.15333333333333332,1350,10.0
1,0,3,-2.4881591796875,0.88,random,0.004229024251302083,0.000279388427734375,-0.0022063090006510418,0.0408070166905721,0.001069758939548054,0.007503446221714347,0.0019535598660995767,0.001203499614609674,0.11333333333333333,0.8866666666666667,0.14666666666666667,1350,11.0
1,0,3,-2.4881591796875,0.88,random_normmatched,-0.005619801839192708,-0.004838892618815104,-0.04194346110026042,0.04895447572072347,0.0041456973556997624,0.008076727424391588,0.014712355565465119,0.005127820270391636,0.11066666666666666,0.885,0.14,1350,11.0
1,0,3,-2.4881591796875,0.88,random,0.018232666015625,0.008786087036132812,-0.018698880513509115,0.04717570781707764,0.005069536085062625,0.013353998417376617,0.004384471463382833,0.0050132508572283815,0.11466666666666667,0.8866666666666667,0.14666666666666667,1350,12.0
1,0,3,-2.4881591796875,0.88,random_normmatched,0.08331527964274088,0.07964678446451823,-0.10631502278645834,0.05554247220357259,0.05131629462401868,0.05151019929755768,0.03737203309754177,0.04648279496014506,0.132,0.8933333333333333,0.14666666666666667,1350,12.0
1,0,3,-2.4881591796875,0.88,random,-0.0059566599527994795,-0.004640858968098958,-0.001322558085123698,0.047092828750610355,-0.0011802676498564389,0.001818212403006015,9.952302793586399e-05,-0.0006583698435533324,0.11466666666666667,0.8833333333333333,0.14,1350,13.0
1,0,3,-2.4881591796875,0.88,random_normmatched,-0.05695294189453125,-0.04638801574707031,-0.03557065836588542,0.04885315259297689,-0.026469242159106204,-0.02697060548222219,0.012366410441463744,-0.024144043106836332,0.11866666666666667,0.8833333333333333,0.14,1350,13.0
1,0,3,-2.4881591796875,0.88,random,0.00731695556640625,0.002826487223307292,0.0004264348347981771,0.04504214286804199,0.002276759680176615,0.005521631078911575,0.0014992076217370564,0.0023433129541954403,0.11733333333333333,0.8816666666666667,0.15333333333333332,1350,14.0
1,0,3,-2.4881591796875,0.88,random_normmatched,0.04190200805664063,0.05930844624837239,-0.012110967000325521,0.04803971767425537,0.015501239692747255,0.018162561915337005,0.004103166297867196,0.014676643624879207,0.12533333333333332,0.8833333333333333,0.18,1350,14.0
1,0,3,-2.4881591796875,0.88,random,0.0014403279622395833,-0.006485392252604166,-0.00156842041015625,0.047268705368041994,-0.0002975270093311474,-0.0011306640941368448,0.0013227315410293064,0.0001111104034015353,0.11466666666666667,0.8866666666666667,0.14666666666666667,1350,15.0
1,0,3,-2.4881591796875,0.88,random_normmatched,-0.004168739318847656,-0.058221410115559896,-0.043736066182454424,0.04877152760823568,0.004001371054681655,-0.03458120595078232,0.01887799778101535,0.011213887373307294,0.11466666666666667,0.885,0.14,1350,15.0
1,0,3,-2.4881591796875,0.88,random,-0.0022333272298177085,-0.0022577412923177084,-0.0058651123046875,0.04427915891011556,0.00011211007368622838,-0.0015342047582387567,0.001056973383343726,0.00020165192920060325,0.112,0.8816666666666667,0.14666666666666667,1350,16.0
1,0,3,-2.4881591796875,0.88,random_normmatched,-0.03758552551269531,-0.031249033610026043,-0.025181828816731772,0.049575791358947754,-0.011723267359184856,-0.05252834690102243,0.008701675520164036,-0.012648645221957494,0.10933333333333334,0.8883333333333333,0.14666666666666667,1350,16.0
1,0,3,-2.4881591796875,0.88,random,-0.002571477254231771,-0.0028558349609375,0.008659388224283854,0.05287976106007894,-0.0002946327777228678,0.0015328868419699575,-0.0017977767055446484,-3.2663332639829244e-05,0.11466666666666667,0.885,0.14666666666666667,1350,17.0
1,0,3,-2.4881591796875,0.88,random_normmatched,-0.07851570383707682,-0.07894805908203124,0.03179640960693359,0.05727845191955566,-0.023105551529795293,-0.041551798676223765,-0.03474742970400326,-0.020366490903478796,0.09866666666666667,0.8816666666666667,0.11333333333333333,1350,17.0
1,0,3,-2.4881591796875,0.88,random,0.007799173990885417,0.010669759114583333,-0.01168250020345052,0.045703611373901366,0.0016471612961504165,0.006470493938663331,0.0037933295411617073,0.0016718001911105256,0.11466666666666667,0.8866666666666667,0.16,1350,18.0
1,0,3,-2.4881591796875,0.88,random_normmatched,0.03775741577148437,0.03809486389160156,-0.08571125284830729,0.05305577437082926,0.019116760219439834,0.019400345124921416,0.04447435724862027,0.011498893899671866,0.14,0.8866666666666667,0.18,1350,18.0
1,0,3,-2.4881591796875,0.88,random,0.004568003336588542,-0.0005797576904296875,0.0006363372802734375,0.04647749423980713,0.000934836809474325,-0.0013716265476772457,0.0005672435071586779,0.0016248645526994383,0.116,0.8816666666666667,0.14,1350,19.0
1,0,3,-2.4881591796875,0.88,random_normmatched,-0.035707656860351565,-0.037491989135742185,-0.0048905283610026044,0.047120467821757,-0.005573132384903283,-0.06424811234592256,0.0004880718356306755,0.002751571992806459,0.112,0.88,0.14666666666666667,1350,19.0
1,0,3,-2.4881591796875,0.88,random,0.00891949462890625,0.0011502583821614584,-0.007822855631510417,0.04123623847961426,0.0015037520522364109,0.007747361134117844,0.002009754428789385,0.0017687902855436119,0.12,0.8816666666666667,0.15333333333333332,1350,20.0
1,0,3,-2.4881591796875,0.88,random_normmatched,0.021615320841471355,0.036450831095377605,-0.030773529052734373,0.04606104532877604,0.003632842522112558,0.015054257007961501,0.011891411287660974,0.0018123538847012695,0.12266666666666666,0.8833333333333333,0.14,1350,20.0
1,0,3,-2.4881591796875,0.88,random,0.011850453694661459,0.01617449442545573,-0.0020230941772460937,0.042878031730651855,0.0016965770585195767,0.008074616129188777,0.002235859805682424,0.001865493058111066,0.11866666666666667,0.885,0.16,1350,21.0
1,0,3,-2.4881591796875,0.88,random_normmatched,0.05114287312825521,0.046372782389322915,-0.05552030181884766,0.04796468734741211,0.026606499524876728,0.012282146647966433,0.016989392051203003,0.017084352154262135,0.14,0.885,0.16,1350,21.0
1,0,3,-2.4881591796875,0.88,random,0.0015870564778645833,0.002390899658203125,-0.00862372080485026,0.04571846803029378,0.0008983694912100015,0.0033371529572895123,0.0033874086743304957,0.0009118293472879917,0.11733333333333333,0.8833333333333333,0.16,1350,22.0
1,0,3,-2.4881591796875,0.88,random_normmatched,0.0029841817220052085,-0.02318707784016927,-0.07384788767496744,0.04744383494059245,-0.005583002965709794,-0.001330543139948359,0.02889530688709578,-0.0014591189798497724,0.12133333333333333,0.8883333333333333,0.13333333333333333,1350,22.0
1,0,3,-2.4881591796875,0.88,random,0.0016043701171875,0.008601811726888021,-0.009617632548014322,0.04717908223470052,0.00043124050963366697,0.006817999764119037,0.0012917757744144523,0.0002674444693740184,0.11466666666666667,0.8833333333333333,0.14666666666666667,1350,23.0
1,0,3,-2.4881591796875,0.88,random_normmatched,-0.014943394978841146,-0.02354008992513021,-0.02404076894124349,0.05238147576649984,-0.020736173409350453,0.005685459862968497,0.012526722671470735,-0.01225528622649998,0.128,0.8866666666666667,0.16666666666666666,1350,23.0
1,0,3,-2.4881591796875,0.88,random,0.009247019449869791,0.007084986368815104,0.0036759490966796877,0.044282479286193846,0.0025710019137147747,0.0073774746221407644,0.0007136559168235284,0.0024235877031724548,0.12,0.8883333333333333,0.16,1350,24.0
1,0,3,-2.4881591796875,0.88,random_normmatched,0.021936795552571615,0.059069188435872395,0.038361152648925784,0.04465903759002685,0.01587596794949502,0.013744606337164839,-0.015678285222773095,0.014128378921925366,0.11333333333333333,0.88,0.16666666666666666,1350,24.0
1,0,3,-2.4881591796875,0.88,random,0.008571202596028647,0.0006511179606119792,-0.010704630533854167,0.04886775652567545,0.0015472060234738318,0.005216305683153593,0.00266158341981511,0.0017926195964247198,0.12266666666666666,0.8833333333333333,0.15333333333333332,1350,25.0
1,0,3,-2.4881591796875,0.88,random_normmatched,0.01465990702311198,-0.02370936075846354,-0.050649744669596354,0.05009122689565023,0.007898740340833448,-0.004644990210062622,0.018169542022519244,0.009131155952792926,0.12266666666666666,0.885,0.14666666666666667,1350,25.0
1,0,3,-2.4881591796875,0.88,random,0.008681716918945313,0.0040883636474609375,-0.0010187530517578125,0.049900965690612795,0.001232449551424946,0.0027855754097412476,0.00011880207903638314,0.0021535257336701024,0.112,0.8883333333333333,0.15333333333333332,1350,26.0
1,0,3,-2.4881591796875,0.88,random_normmatched,0.05652284240722656,0.06069854736328125,-0.03294983418782552,0.04829040050506592,0.012169984877271407,0.00770623081731389,0.012372266937850337,0.015302288167917311,0.13066666666666665,0.8916666666666667,0.16666666666666666,1350,26.0
1,0,3,-2.4881591796875,0.88,random,0.0037687886555989583,0.0012716166178385418,-0.005726915995279948,0.03960227330525716,-6.271314089109238e-05,0.004144125280001974,0.0015986174494895765,0.0004347670102002666,0.11466666666666667,0.885,0.14,1350,27.0
1,0,3,-2.4881591796875,0.88,random_normmatched,0.043261611938476566,0.06718022664388021,-0.017750251770019532,0.049295441309611006,0.018972267038594722,0.025058632414912515,0.00472033608759478,0.016768912790030913,0.12133333333333333,0.88,0.13333333333333333,1350,27.0
1,0,3,-2.4881591796875,0.88,random,0.009322647094726563,-0.0025742085774739585,0.000386077880859375,0.04899195035298665,0.0016241794604693056,0.0060705341627984985,0.0015458165254734063,0.0015008422217152571,0.116,0.8866666666666667,0.15333333333333332,1350,28.0
1,0,3,-2.4881591796875,0.88,random_normmatched,0.018038408915201823,0.011576741536458334,-0.008022440592447916,0.04871863047281901,-0.0008196463914647952,0.0035173170020151253,0.0030082631709212808,-0.0003734950579260723,0.12933333333333333,0.88,0.17333333333333334,1350,28.0
1,0,3,-2.4881591796875,0.88,random,0.002178990681966146,-0.002779388427734375,-0.003825396219889323,0.04800305048624674,0.0008115425429616123,0.0059634261814383365,0.0011853101876219663,0.0006346830001000047,0.11733333333333333,0.8866666666666667,0.14666666666666667,1350,29.0
1,0,3,-2.4881591796875,0.88,random_normmatched,0.008931986490885417,0.01531689961751302,-0.008534395853678385,0.050472477277119954,0.010332532910633735,0.017834682749020756,0.002457628014050925,0.007067337874443029,0.12133333333333333,0.8883333333333333,0.15333333333333332,1350,29.0
1,0,3,-2.4881591796875,0.88,random,0.001752660115559896,-0.004178212483723958,-0.002846104939778646,0.0428750737508138,0.0001069913460327661,0.002984871187465986,0.0008650881805340309,0.000309934484356599,0.112,0.8833333333333333,0.14666666666666667,1350,30.0
1,0,3,-2.4881591796875,0.88,random_normmatched,-0.0402085927327474,-0.07028312683105468,-0.03514691670735677,0.04942078272501627,-0.023964581994972728,-0.028153005539753206,0.012549251190843208,-0.013007733729252997,0.10533333333333333,0.885,0.14,1350,30.0
1,0,3,-2.4881591796875,0.88,random,0.0068954213460286455,-0.000281982421875,-0.008141700744628905,0.04488900343577067,0.0015929850771971162,0.005930051987797982,0.0014303292608118,0.0016182077205943283,0.11466666666666667,0.89,0.13333333333333333,1350,31.0
1,0,3,-2.4881591796875,0.88,random_normmatched,0.007775385538736979,-0.02581530253092448,-0.04418287150065104,0.050495030085245765,0.005566181494287145,-0.000626891948949251,0.012111361723829733,0.007577160348530546,0.12266666666666666,0.885,0.14,1350,31.0
1,0,3,-2.4881591796875,0.88,random,0.0002949676513671875,-0.006910858154296875,-0.00684137217203776,0.04538055737813314,0.00039079709183176546,0.002214119472665844,0.002618700759171422,0.0008482308193884563,0.11466666666666667,0.8933333333333333,0.14666666666666667,1350,32.0
1,0,3,-2.4881591796875,0.88,random_normmatched,0.009693115234375,0.009525426228841146,-0.05508703104654948,0.04918890635172526,0.005677811465893538,-0.008336237769017072,0.02098836729642769,0.005727219428803124,0.12,0.8916666666666667,0.13333333333333333,1350,32.0
1,0,3,-2.4881591796875,0.88,random,0.005444630940755209,0.005726572672526042,-0.0021668802897135417,0.0445310386021932,0.000610682869347005,0.008939034707422413,0.0007831790732004717,0.0010326789848973683,0.116,0.88,0.14666666666666667,1350,33.0
1,0,3,-2.4881591796875,0.88,random_normmatched,0.013412785847981772,0.03619473775227865,0.014175203959147136,0.05060169219970703,0.0007584654503422695,0.024591466849685353,-0.008040915325557889,0.001976319520309423,0.12666666666666668,0.8833333333333333,0.2,1350,33.0
1,0,3,-2.4881591796875,0.88,random,0.005562001546223958,0.0004394276936848958,-0.002849749247233073,0.03946653683980306,-0.0002376064248275288,0.006843917986894127,-0.00027668854175153396,0.00016467463850079094,0.11466666666666667,0.8866666666666667,0.15333333333333332,1350,34.0
1,0,3,-2.4881591796875,0.88,random_normmatched,-0.013796045939127604,0.008543192545572917,-0.038787633260091145,0.0453669802347819,0.002156500896660428,0.008014646629249118,0.019859400171081943,0.004705789606936188,0.11733333333333333,0.885,0.18,1350,34.0
1,0,3,-2.4881591796875,0.88,random,0.0057237752278645835,0.009343541463216146,-0.0058509521484375,0.04570204416910807,0.0007525576906931086,0.0075983630889812775,0.0015083000794619168,0.000916443480516396,0.11466666666666667,0.8833333333333333,0.14666666666666667,1350,35.0
1,0,3,-2.4881591796875,0.88,random_normmatched,0.004969273885091146,0.005374526977539063,-0.03078638966878255,0.049856406847635905,0.007813402822057364,0.022408818549528475,0.014172473339423761,0.008134561295498888,0.128,0.8783333333333333,0.2,1350,35.0
1,0,3,-2.4881591796875,0.88,random,0.009309860229492187,0.006711171468098958,-0.009030799865722656,0.04658028284708659,0.003084685560944685,0.006974785176295538,0.0031583248370560604,0.0027216942633986182,0.112,0.8816666666666667,0.15333333333333332,1350,36.0
1,0,3,-2.4881591796875,0.88,random_normmatched,0.054412722269694014,0.04983996073404948,-0.09183567555745442,0.04992359002431234,0.023389690405335915,0.02154707148930916,0.04820921589911403,0.0237426130576542,0.12933333333333333,0.885,0.16,1350,36.0
1,0,3,-2.4881591796875,0.88,random,-0.0012929128011067708,-0.0036986033121744794,0.0007836227416992187,0.04539897918701172,-0.0001127018763839921,0.0046997823385161175,0.000577688629012617,0.0001114684233224408,0.11333333333333333,0.8833333333333333,0.14666666666666667,1350,37.0
1,0,3,-2.4881591796875,0.88,random_normmatched,-0.050415573120117185,-0.06207275390625,0.04301354726155599,0.055860276222229006,-0.03869066698580394,-0.02641802403751445,-0.03274762062139861,-0.0277746266549697,0.10533333333333333,0.8816666666666667,0.13333333333333333,1350,37.0
1,0,3,-2.4881591796875,0.88,random,0.0022069295247395832,-0.002321573893229167,-0.006131474812825521,0.04250320275624593,0.0009138849734201941,0.003917239357662013,0.0013840215550793259,0.0010308912717084185,0.11333333333333333,0.885,0.14,1350,38.0
1,0,3,-2.4881591796875,0.88,random_normmatched,-0.024048019409179687,-0.029221216837565105,-0.0345797856648763,0.04745429197947184,-0.011402915340492143,-0.019652606210432192,0.01408818899104895,-0.011241932714976043,0.12,0.8883333333333333,0.13333333333333333,1350,38.0
1,0,3,-2.4881591796875,0.88,random,0.01112029520670573,0.01113934834798177,-0.002138470967610677,0.04400114377339681,0.0037071622127140143,0.015067724181016165,0.0016841659430607853,0.004943364947577897,0.116,0.8833333333333333,0.13333333333333333,1350,39.0
1,0,3,-2.4881591796875,0.88,random_normmatched,0.07361929829915365,0.07450968424479167,-0.016962265014648436,0.048457283973693845,0.024152254243396627,0.06973342301228794,0.011977301024098774,0.02722191961967916,0.12533333333333332,0.8816666666666667,0.21333333333333335,1350,39.0
1,0,3,-2.4881591796875,0.88,random,0.005958526611328125,0.0005089314778645833,-0.0010520833333333333,0.047443696657816566,0.001506024267486088,0.005795929523266549,-0.00033465693637680115,0.0017943791584566428,0.112,0.8933333333333333,0.15333333333333332,1350,40.0
1,0,3,-2.4881591796875,0.88,random_normmatched,0.015449859619140626,0.003302790323893229,0.010052452087402344,0.052832446098327636,0.005857924775158,0.005197520118334262,0.0012568009413848954,0.00797866642469795,0.112,0.8916666666666667,0.16,1350,40.0
1,0,3,-2.4881591796875,0.88,random,0.004405008951822917,0.004111582438151041,-0.006984413146972656,0.044906047185262046,0.0009372164012870225,0.0013854371617900902,0.001685074829160656,0.0025800172539158237,0.11466666666666667,0.88,0.14666666666666667,1350,41.0
1,0,3,-2.4881591796875,0.88,random_normmatched,0.015871119181315105,-0.034881057739257815,-0.0692267837524414,0.06047310511271159,0.0347569029826443,-0.04073376173990873,0.017730689234430025,0.04832102318930414,0.148,0.8833333333333333,0.17333333333333334,1350,41.0
1,0,3,-2.4881591796875,0.88,random,0.004318552652994792,0.006900990804036458,-0.008907931009928385,0.04099278450012207,0.0010691291560985005,0.004547494278328899,0.0031750576838749005,0.0008530378593153168,0.12,0.8716666666666667,0.14,1350,42.0
1,0,3,-2.4881591796875,0.88,random_normmatched,-0.027331141153971353,-0.04214449564615885,-0.05572737375895182,0.046540600458780924,-0.010056875992450108,-0.020421653472581146,0.020712279081492445,-0.00794158878809931,0.128,0.88,0.14,1350,42.0
1,0,3,-2.4881591796875,0.88,random,0.009520772298177084,0.007167485555013021,-0.003995577494303386,0.04408106327056885,0.002461052760130622,0.008479043052930176,0.001639630524167111,0.002602355580482333,0.116,0.8816666666666667,0.15333333333333332,1350,43.0
1,0,3,-2.4881591796875,0.88,random_normmatched,0.03435973612467448,0.006938095092773437,-0.05471128082275391,0.04775274594624837,0.015144138706637892,0.03595551755169404,0.02447941094282923,0.01567592341578209,0.13866666666666666,0.8833333333333333,0.18666666666666668,1350,43.0
1,0,3,-2.4881591796875,0.88,random,0.016870193481445313,0.0072543843587239585,-0.0073085149129231775,0.04226686159769694,0.007185921066350862,0.016878267279374522,0.002828907985848189,0.005904350927498667,0.11733333333333333,0.8883333333333333,0.15333333333333332,1350,44.0
1,0,3,-2.4881591796875,0.88,random_normmatched,0.1045915273030599,0.07960072835286458,-0.06158258310953776,0.04790579001108805,0.044187265236851875,0.09325251289645284,0.018938857745800026,0.041760446913372606,0.13333333333333333,0.8866666666666667,0.18,1350,44.0
1,0,3,-2.4881591796875,0.88,random,0.02926197306315104,0.02761583964029948,-0.003066047668457031,0.042380940119425455,0.009810468089885924,0.01688712326720383,0.0008927524652734054,0.010809932099935303,0.11333333333333333,0.8833333333333333,0.14666666666666667,1350,45.0
1,0,3,-2.4881591796875,0.88,random_normmatched,0.19866129048665365,0.2219145965576172,-0.050894304911295575,0.0532174015045166,0.08164374284082535,0.10552641685190482,0.024166826952517404,0.0786184246779153,0.156,0.8883333333333333,0.22,1350,45.0
1,0,3,-2.4881591796875,0.88,random,0.004165888468424479,-0.0016794077555338542,-0.0008483301798502604,0.04486329873402913,0.0014158984624336188,0.0023509066305390978,0.0008583950418064949,0.0011571866871639197,0.11733333333333333,0.88,0.15333333333333332,1350,46.0
1,0,3,-2.4881591796875,0.88,random_normmatched,-0.010489069620768229,-0.04091440836588542,0.017931594848632812,0.053205742835998535,-0.005529208588564645,-0.039564899594245986,-0.012502703007828953,-0.003783230709627632,0.12666666666666668,0.8766666666666667,0.18666666666666668,1350,46.0
1,0,3,-2.4881591796875,0.88,random,0.001274078369140625,-0.0046832784016927085,0.002960301717122396,0.043060566584269204,0.00041098088837570945,0.003212343928369424,-0.0007807331597891066,0.00038563969495691673,0.11733333333333333,0.8833333333333333,0.16,1350,47.0
1,0,3,-2.4881591796875,0.88,random_normmatched,-0.0186348876953125,-0.026849136352539063,0.0011414388020833334,0.05093767325083415,-0.0068118635132469706,-0.02455914717905143,0.001179279714582498,-0.005163659846897353,0.12133333333333333,0.8833333333333333,0.17333333333333334,1350,47.0
1,0,3,-2.4881591796875,0.88,random,0.00869525146484375,0.0029884084065755208,-0.0018011932373046876,0.044555497169494626,0.0017396514965327683,0.0031495388341821425,0.0016565518350651655,0.0015847265721113145,0.11866666666666667,0.8883333333333333,0.14666666666666667,1350,48.0
1,0,3,-2.4881591796875,0.88,random_normmatched,0.05305347696940104,0.05312599182128906,-0.020847020467122397,0.04520993868509928,0.024658359714583647,0.01922534918727667,0.008062274148904855,0.020323266820754835,0.124,0.8833333333333333,0.16666666666666666,1350,48.0
1,0,3,-2.4881591796875,0.88,random,0.0334338633219401,0.03266265869140625,-0.0071166610717773434,0.04487624486287435,0.011292712889185515,0.0273081321840249,0.001110658814042245,0.009303465004989022,0.11733333333333333,0.8766666666666667,0.14666666666666667,1350,49.0
1,0,3,-2.4881591796875,0.88,random_normmatched,0.18258078257242838,0.19380505879720053,-0.0851173095703125,0.053305924733479816,0.08070551760971606,0.1401666650869956,0.03768179627354005,0.07567107577200953,0.15866666666666668,0.8816666666666667,0.23333333333333334,1350,49.0
1,0,3,-2.4881591796875,0.88,random,0.013693740844726562,0.009306437174479166,-0.0026004308064778645,0.04304470698038737,0.003471944901506854,0.0097601014647619,0.0010783906972449955,0.002723524512515338,0.11466666666666667,0.885,0.14,1350,50.0
1,0,3,-2.4881591796875,0.88,random_normmatched,0.08012807718912761,0.06507344563802084,0.0007797571818033855,0.045384365717569985,0.024103739680074534,0.04465834970779193,-0.0031338739854451987,0.01931415387903889,0.132,0.89,0.14,1350,50.0
1,0,3,-2.4881591796875,0.88,random,0.007326471964518229,-0.0019439188639322916,0.0016677703857421876,0.041010343233744306,0.0011365620678885655,0.005663047450828964,-0.0006066814716638285,0.0013595627202352876,0.10933333333333334,0.8833333333333333,0.13333333333333333,1350,51.0
1,0,3,-2.4881591796875,0.88,random_normmatched,0.042572428385416666,0.03785507202148437,0.029984461466471355,0.04807621320088704,0.020016668007037417,0.021981435481633203,-0.00874793231688958,0.021225708134208557,0.12133333333333333,0.88,0.17333333333333334,1350,51.0
1,0,3,-2.4881591796875,0.88,random,0.014746800740559896,0.005018361409505208,-0.0068249588012695315,0.04907540162404378,0.002750043374676363,0.007737153548962773,0.0018974582423881346,0.002486338591449299,0.116,0.88,0.13333333333333333,1350,52.0
1,0,3,-2.4881591796875,0.88,random_normmatched,0.062332448323567706,0.03892908732096354,-0.018332227071126302,0.05207249959309896,0.023803272512569043,0.010975516601653476,0.0041995300636137635,0.022970255989393618,0.12266666666666666,0.8816666666666667,0.13333333333333333,1350,52.0
1,0,3,-2.4881591796875,0.88,random,0.004672114054361979,-4.81414794921875e-05,-0.0031307245890299477,0.04926761150360107,0.001475837089421693,0.005379152707531892,0.0014145089644331933,0.0012625532869643258,0.11466666666666667,0.8866666666666667,0.14666666666666667,1350,53.0
1,0,3,-2.4881591796875,0.88,random_normmatched,0.007100260416666667,-0.01892608642578125,-0.01019378916422526,0.04594763437906901,0.0028219946159973755,0.008739085894315674,0.003221092337942484,0.002828666080372343,0.11333333333333333,0.8816666666666667,0.13333333333333333,1350,53.0
1,0,3,-2.4881591796875,0.88,random,0.010713638305664063,0.01319244384765625,-0.0008263371785481771,0.042954724629720054,0.0029047455698895785,0.013312096428257647,0.00019086608097288986,0.0032351300981293234,0.11466666666666667,0.8833333333333333,0.14,1350,54.0
1,0,3,-2.4881591796875,0.88,random_normmatched,0.049835352579752606,0.0240509033203125,-0.0004429651896158854,0.049773640632629394,0.01949543982863055,0.07008966833773353,0.003212706589217291,0.02361324716875269,0.12133333333333333,0.8833333333333333,0.14,1350,54.0
1,0,3,-2.4881591796875,0.88,random,0.0031864420572916665,-0.0014495340983072917,0.0025129979451497396,0.04288712660471598,0.00033688855920375056,0.005177086647187924,0.000869271392238741,0.0005468301534661143,0.11733333333333333,0.8866666666666667,0.14666666666666667,1350,55.0
1,0,3,-2.4881591796875,0.88,random_normmatched,-0.00545471700032552,-0.017591400146484373,0.01165155537923177,0.04808165391286214,-0.010451109210200652,-0.007738818980944867,-0.005080699438555964,-0.010515415391856908,0.12266666666666666,0.88,0.16,1350,55.0
1,0,3,-2.4881591796875,0.88,random,0.008913721720377604,0.010945103963216145,-0.0008576202392578125,0.049343164761861166,0.002603650754808368,0.020438860659727668,0.0009406252726908844,0.0019123255289931168,0.116,0.8916666666666667,0.15333333333333332,1350,56.0
1,0,3,-2.4881591796875,0.88,random_normmatched,0.03855537923177083,0.030633214314778646,-0.024655988057454427,0.05483865896860758,0.022399616109119478,0.08444044127389182,0.012543020943962322,0.019197348539794764,0.132,0.8866666666666667,0.18666666666666668,1350,56.0
1,0,3,-2.4881591796875,0.88,random,0.009137542724609374,0.008001225789388021,-0.005401069641113281,0.044118008613586425,0.0029058085347127625,0.007243054466207393,0.0007471216104612085,0.0028461926689582143,0.12,0.8883333333333333,0.16,1350,57.0
1,0,3,-2.4881591796875,0.88,random_normmatched,-0.0015648396809895832,0.016223093668619792,-0.003916221618652344,0.04825920422871908,0.002663036272621749,-0.012367386357890102,-0.0013307676934869804,0.0045443970531213644,0.11733333333333333,0.8833333333333333,0.14666666666666667,1350,57.0
1,0,3,-2.4881591796875,0.88,random,0.0023336334228515627,0.0032414499918619792,0.0012741190592447916,0.04361089865366618,0.0004717345711444687,0.005757441909309538,0.0010095079849679399,0.00100903075091801,0.11733333333333333,0.875,0.14666666666666667,1350,58.0
1,0,3,-2.4881591796875,0.88,random_normmatched,-0.01834050496419271,-0.03826550801595052,-0.015523447672526041,0.049042609532674156,-0.009977751604382785,-0.005705829298632663,0.002814929662212782,-0.009190998384309363,0.11333333333333333,0.8816666666666667,0.16,1350,58.0
1,0,3,-2.4881591796875,0.88,random,0.006289520263671875,0.0021744537353515624,-0.0001087188720703125,0.041935427983601885,0.0009493315313151593,0.006536123632593307,0.0006697380362051073,0.0011378128555665174,0.116,0.8866666666666667,0.15333333333333332,1350,59.0
1,0,3,-2.4881591796875,0.88,random_normmatched,0.0034112396240234375,-0.004814020792643229,-0.0147730712890625,0.04854487419128418,0.0027985686304509995,0.008567738225038297,0.004158767515273622,0.003597420965534617,0.11866666666666667,0.8883333333333333,0.16,1350,59.0
1,0,3,-2.4881591796875,0.88,random,0.007923894246419271,0.010012842814127605,-0.003102251688639323,0.04175071398417155,0.0030528355004133686,0.008779342632010734,0.0007956468662358447,0.00235936144104679,0.11866666666666667,0.88,0.14,1350,60.0
1,0,3,-2.4881591796875,0.88,random_normmatched,0.02333391316731771,0.048210983276367185,-0.01988598378499349,0.052444985707600915,0.015110685853403716,0.022942628389429055,0.01950994142397492,0.01691354647926463,0.13066666666666665,0.885,0.16666666666666666,1350,60.0
1,0,3,-2.4881591796875,0.88,random,0.008052805582682291,-0.0002988433837890625,-0.006966903686523438,0.04303325494130453,0.00182973679964016,0.008231841602693761,0.0008858049752712778,0.0030253260982455003,0.11733333333333333,0.8866666666666667,0.16,1350,61.0
1,0,3,-2.4881591796875,0.88,random_normmatched,0.031464818318684896,0.022156753540039063,0.0074926986694335935,0.05086939334869385,0.009246491142131807,0.021762261003129182,-0.0039996699942248986,0.003969396409931886,0.12266666666666666,0.88,0.18,1350,61.0
1,0,3,-2.4881591796875,0.88,random,0.008494059244791666,-0.005343170166015625,-0.0022388280232747398,0.0498391850789388,0.002651606713999004,0.006514709187879684,0.0006089463303820371,0.002820090383994795,0.11066666666666666,0.8916666666666667,0.14,1350,62.0
1,0,3,-2.4881591796875,0.88,random_normmatched,0.017766759236653645,-0.06382616678873698,0.024818868001302084,0.04845278898874918,0.016817193860892587,0.021693637183602645,-0.007376238676861501,0.013414647865493531,0.11066666666666666,0.89,0.14,1350,62.0
1,0,3,-2.4881591796875,0.88,random,0.00795842997233073,-0.0031139373779296873,-0.009431574503580729,0.04411453406016032,0.0015587396612786004,0.007225641783627962,0.002149334173880005,0.0012133392909371961,0.11066666666666666,0.885,0.13333333333333333,1350,63.0
1,0,3,-2.4881591796875,0.88,random_normmatched,0.021375567118326822,-0.013634109497070312,-0.05526391092936198,0.05316514174143473,0.00580235552827903,0.007076774798926991,0.018383130255988905,0.007024579272285694,0.128,0.8866666666666667,0.15333333333333332,1350,63.0
1,0,3,-2.4881591796875,0.88,random,0.0037434590657552083,0.000598297119140625,-0.0065569992065429685,0.04885913054148356,0.001634662012356343,0.005552006566359451,0.002084984713103854,0.0016725337103122011,0.11866666666666667,0.88,0.15333333333333332,1350,64.0
1,0,3,-2.4881591796875,0.88,random_normmatched,0.010275431315104167,0.0015108998616536458,-0.029542020161946615,0.051291030248006186,0.01248950277682491,0.000889031946102475,0.015185668956643066,0.013157449482131557,0.12133333333333333,0.8783333333333333,0.2,1350,64.0
1,0,3,-2.4881591796875,0.88,random,0.007517100016276042,0.0038659413655598956,-0.0026955769856770832,0.05026285489400228,0.0018916697791715755,0.004667667355853212,0.0009707252814169927,0.0012387558977237794,0.11733333333333333,0.875,0.16,1350,65.0
1,0,3,-2.4881591796875,0.88,random_normmatched,-0.013441294352213543,0.02232739766438802,-0.0068020579020182294,0.05144980589548747,-0.008756298740299002,-0.03734195074697104,-0.0003823455498104953,-0.00786284706680424,0.128,0.8833333333333333,0.19333333333333333,1350,65.0
1,0,3,-2.4881591796875,0.88,random,0.006843088785807291,0.0010592905680338542,-0.002769444783528646,0.04185077826182047,0.002681213994619167,0.005727603118775125,0.0015536448271292992,0.002645422720045922,0.116,0.8866666666666667,0.14666666666666667,1350,66.0
1,0,3,-2.4881591796875,0.88,random_normmatched,0.03689178975423177,0.042202911376953124,-0.007935305277506511,0.051080513000488284,0.02804799851583803,0.004035788853696373,0.00018904830877314804,0.02875285880617443,0.12,0.8816666666666667,0.15333333333333332,1350,66.0
1,0,3,-2.4881591796875,0.88,random,0.0004806620279947917,-0.005972722371419271,0.004940630594889323,0.04581216335296631,0.0,0.006631907147109639,0.0001945016253723735,0.0006826403558860255,0.112,0.8833333333333333,0.14,1350,67.0
1,0,3,-2.4881591796875,0.88,random_normmatched,-0.045948684692382814,-0.033814926147460934,0.02422118631998698,0.05109468460083008,-0.03490722839112318,0.018790800329476155,-0.012382511430792144,-0.025779402319341012,0.11866666666666667,0.8866666666666667,0.18,1350,67.0
1,0,3,-2.4881591796875,0.88,random,0.005626327514648437,1.5589396158854168e-05,-0.008444737752278646,0.04283796469370524,0.0013824157579036451,0.0043977540574194575,0.0013235681833702485,0.0014751428096783155,0.11466666666666667,0.88,0.15333333333333332,1350,68.0
1,0,3,-2.4881591796875,0.88,random_normmatched,-0.013081316630045572,0.0013971201578776042,-0.06150249481201172,0.05053603490193685,-0.010024559238526137,-0.019770391488101335,0.028692170843774636,-0.010115568879114443,0.11466666666666667,0.88,0.16,1350,68.0
1,0,3,-2.4881591796875,0.88,random,0.0016767832438151042,-0.00028943379720052084,-0.0018638814290364582,0.046766924858093264,0.0004011405009075587,0.003227182743686177,0.001454672202843382,0.0004019124673838974,0.10933333333333334,0.8866666666666667,0.14,1350,69.0
1,0,3,-2.4881591796875,0.88,random_normmatched,-0.004790547688802083,-0.016927464803059896,-0.0066156667073567705,0.048954795201619467,-0.01803298901666393,-0.013440139782576122,-0.0006857545623525971,-0.008514537151537716,0.12266666666666666,0.89,0.16666666666666666,1350,69.0
1,0,3,-2.4881591796875,0.88,random,0.00304364013671875,0.0027398173014322917,-0.014193875630696615,0.0536511484781901,-1.772327894748263e-05,0.004555959293219949,0.002044417844045517,0.00021359513161906698,0.11333333333333333,0.8866666666666667,0.14,1350,70.0
1,0,3,-2.4881591796875,0.88,random_normmatched,-0.013927129109700521,-0.018279571533203125,-0.05881945546468099,0.054639886220296224,-0.005647803560396897,-0.009697792127878904,0.017427083921337044,0.0004039634875301891,0.11466666666666667,0.885,0.12666666666666668,1350,70.0
1,0,3,-2.4881591796875,0.88,random,0.020810155232747395,0.024314371744791667,-0.003383641560872396,0.04548989137013753,0.0071661124544321435,0.01737662518263154,0.0016145966764944703,0.004901845378068444,0.112,0.8883333333333333,0.14666666666666667,1350,71.0
1,0,3,-2.4881591796875,0.88,random_normmatched,0.11125161488850911,0.08386995951334636,-0.03713526153564453,0.048310925165812174,0.06504852372471066,0.09100961751453625,0.015248548651382133,0.05010199783225025,0.13866666666666666,0.8883333333333333,0.17333333333333334,1350,71.0
1,0,3,-2.4881591796875,0.88,random,0.0021650034586588544,0.0033054606119791666,0.002643056233723958,0.04395026365915934,0.0009872379623115633,0.000562311465778742,2.681213994619167e-05,0.001121663515818141,0.11466666666666667,0.8816666666666667,0.15333333333333332,1350,72.0
1,0,3,-2.4881591796875,0.88,random_normmatched,-0.040879508972167966,-0.013336944580078124,0.03706643676757813,0.04964125156402588,-0.01916340897272808,-0.05847485946776296,-0.013289158876069804,-0.018171996361346303,0.112,0.885,0.14,1350,72.0
1,0,3,-2.4881591796875,0.88,random,0.004826807657877604,-0.0017870585123697916,-0.014457926432291667,0.04326775391896566,0.0016473487693148036,0.007084879104766145,0.0018314697617193589,0.0027989525289353508,0.11733333333333333,0.885,0.14666666666666667,1350,73.0
1,0,3,-2.4881591796875,0.88,random_normmatched,0.012697662353515625,0.0003074900309244792,-0.06498384602864583,0.047640441258748376,0.0004494441763861621,0.007392735480717344,0.02763345987897341,0.0017572853263441704,0.11733333333333333,0.8783333333333333,0.14,1350,73.0
1,0,3,-2.4881591796875,0.88,random,0.004061141967773438,-0.0022913360595703124,-0.002783966064453125,0.042770708401997884,0.0010886716833334057,0.003422570338280354,0.0004787059080094531,0.0009418928863680198,0.112,0.8833333333333333,0.14,1350,74.0
1,0,3,-2.4881591796875,0.88,random_normmatched,0.007056594848632813,-0.017873814900716146,-0.008608426411946615,0.04660374482472738,-0.0017561122736372639,-0.02439694797054782,0.0020988367296427687,0.0028217047443711454,0.11466666666666667,0.8816666666666667,0.13333333333333333,1350,74.0
1,0,3,-2.4881591796875,0.88,random,-0.010335037231445313,-0.019160486857096353,0.009873051961263021,0.0489837646484375,-0.004232524303948152,-0.006135189403764089,-0.0017917576715487259,-0.005106694222858614,0.10933333333333334,0.885,0.13333333333333333,1350,75.0
1,0,3,-2.4881591796875,0.88,random_normmatched,-0.13223255411783855,-0.14223040262858072,0.058036771138509115,0.05182037671407064,-0.05947414416486006,-0.09714668450167867,-0.035892122848991966,-0.056530391077234225,0.10933333333333334,0.885,0.12,1350,75.0
1,0,3,-2.4881591796875,0.88,random,0.0021805267333984374,0.0010385640462239583,-0.0033098704020182294,0.04236140727996826,0.0004133013164253494,0.004859857627140132,0.0019180072868069202,0.0005719950752199341,0.112,0.8816666666666667,0.14666666666666667,1350,76.0
1,0,3,-2.4881591796875,0.88,random_normmatched,0.013076497395833333,0.042476221720377606,-0.028535024007161458,0.048684728940327965,0.0016400849672170465,0.007596707510441855,0.01269283116445321,-0.0008933613446904013,0.116,0.8883333333333333,0.13333333333333333,1350,76.0
1,0,3,-2.4881591796875,0.88,random,0.03429937744140625,0.03885955810546875,-0.010304946899414063,0.04581375281016032,0.012492639442725577,0.021567588340686426,0.0022418718037734123,0.01030578304316011,0.12133333333333333,0.8866666666666667,0.16,1350,77.0
1,0,3,-2.4881591796875,0.88,random_normmatched,0.2120014394124349,0.2223597462972005,-0.0776696065266927,0.05287305990854899,0.07562205016755884,0.15254105205333318,0.03257399790486574,0.07666253497492456,0.16,0.885,0.24,1350,77.0
1,0,3,-2.4881591796875,0.88,random,0.0064691162109375,0.0019510650634765624,-0.0025175857543945314,0.04653738180796305,0.0019414505628339853,0.006049310371257989,0.0011339599441239645,0.001957199581672812,0.11466666666666667,0.885,0.15333333333333332,1350,78.0
1,0,3,-2.4881591796875,0.88,random_normmatched,0.021424641927083335,0.012280960083007813,-0.03703806813557943,0.04895546118418376,0.0009649368182004333,-0.0019961433494996134,0.0173491819526715,0.002172544942129313,0.12666666666666668,0.885,0.15333333333333332,1350,78.0
1,0,3,-2.4881591796875,0.88,random,0.001991734822591146,-0.0030941263834635417,0.000619305928548177,0.041526999473571774,0.00011304048110836192,0.00332858739021002,-0.00031819504209744723,0.000665635784579779,0.11733333333333333,0.8833333333333333,0.14666666666666667,1350,79.0
1,0,3,-2.4881591796875,0.88,random_normmatched,0.004888590494791667,0.03556185404459635,-0.0018532740275065103,0.049353845914204914,0.0028415234108702166,1.6879717624218434e-05,0.0016019451037070718,0.0007357484489860528,0.124,0.875,0.17333333333333334,1350,79.0
1,0,3,-2.4881591796875,0.88,random,-0.003252960205078125,-0.002000096638997396,0.005561271667480469,0.04580797036488851,-6.776802961630223e-05,0.0016364461710653509,-2.681213994619167e-05,0.00019448067582034846,0.11733333333333333,0.8883333333333333,0.14,1350,80.0
1,0,3,-2.4881591796875,0.88,random_normmatched,-0.10046260579427084,-0.12708323160807292,-0.014116633097330729,0.05332514444986979,-0.046379548790312364,-0.059410062446188384,0.0040250863022719754,-0.04147614203461469,0.116,0.8866666666666667,0.16,1350,80.0
1,0,3,-2.4881591796875,0.88,random,0.008632700602213541,0.012405776977539062,-0.0025233891805013023,0.041907736460367835,0.001724674768910436,0.008571569688629311,0.0018966681869155204,0.001913312415093249,0.11733333333333333,0.89,0.14666666666666667,1350,81.0
1,0,3,-2.4881591796875,0.88,random_normmatched,0.03120344034830729,0.03845904032389323,-0.03155422973632813,0.0518522310256958,0.014085646391175372,0.013267980958471138,0.010599254995841714,0.015984969525940206,0.11066666666666666,0.8816666666666667,0.14666666666666667,1350,81.0
1,0,3,-2.4881591796875,0.88,random,0.0038657073974609373,0.010480575561523438,0.008581888834635417,0.04108216126759847,0.0009052470128992471,0.005417315800604129,2.4994367746449864e-05,0.0006018283188622978,0.12133333333333333,0.8833333333333333,0.16,1350,82.0
1,0,3,-2.4881591796875,0.88,random_normmatched,-0.0007235107421875,0.024096349080403645,0.07520140329996745,0.04861802895863851,0.0036050548912731246,0.0065149811635481615,-0.04419367865253431,0.0016119882643147382,0.12133333333333333,0.8816666666666667,0.14,1350,82.0
1,0,3,-2.4881591796875,0.88,random,0.0015594431559244793,-0.0006945546468098958,-0.004321505228678385,0.044138134320576984,1.4589729004468105e-05,0.00429517545672709,0.001474163804739809,-4.6854957835822344e-05,0.11733333333333333,0.89,0.14666666666666667,1350,83.0
1,0,3,-2.4881591796875,0.88,random_normmatched,-0.021388214111328126,-0.011326395670572916,-0.025368382771809896,0.045826260248819986,-0.0038423818831520556,0.006661376513082486,0.009500910423737383,-0.005073627631162468,0.12,0.8816666666666667,0.18,1350,83.0
1,0,3,-2.4881591796875,0.88,random,0.014695124308268229,0.012064895629882812,-0.01091051483154297,0.048328787485758466,0.0025810416218060785,0.018467183968172863,0.002149334173880005,0.0032681555617335434,0.11466666666666667,0.8883333333333333,0.13333333333333333,1350,84.0
1,0,3,-2.4881591796875,0.88,random_normmatched,0.061163116455078125,0.04882148742675781,-0.05656404368082682,0.05031639893849691,0.010935752038452918,0.09182768451348644,0.02457492058590246,0.01529836866996121,0.12266666666666666,0.89,0.16666666666666666,1350,84.0
1,0,3,-2.4881591796875,0.88,random,0.005086654663085937,0.0074901580810546875,-0.010968035380045572,0.04230553150177002,0.0010917041626430817,0.007185466750871755,0.002539307595777663,0.001167667524544848,0.12,0.8816666666666667,0.15333333333333332,1350,85.0
1,0,3,-2.4881591796875,0.88,random_normmatched,0.0035887247721354165,-0.0285711669921875,-0.04015814208984375,0.05006290117899577,-0.003949110103939078,0.0034345801074831535,0.013237052701053848,-5.601457365335152e-05,0.128,0.8866666666666667,0.14,1350,85.0
1,0,3,-2.4881591796875,0.88,random,0.011161041259765626,0.010366846720377604,0.0035305735270182294,0.048128700256347655,0.00197046506452012,0.01037807365674823,0.00034135007510433717,0.0020725695891451153,0.108,0.8866666666666667,0.13333333333333333,1350,86.0
1,0,3,-2.4881591796875,0.88,random_normmatched,0.0502227045694987,0.05824406941731771,0.011044085184733073,0.04969611644744873,0.02072697735449718,0.04743593524195616,0.0004153609476410032,0.01909379465064864,0.104,0.8783333333333333,0.14,1350,86.0
1,0,3,-2.4881591796875,0.88,random,-0.0024368184407552083,-0.01666839599609375,2.0294189453125e-05,0.04008447964986166,-0.0003594635657483318,0.000347933977944933,0.0005619726775101421,0.0001037080651420466,0.11066666666666666,0.8883333333333333,0.13333333333333333,1350,87.0
1,0,3,-2.4881591796875,0.88,random_normmatched,-0.06632097880045573,-0.149558842976888,0.025453770955403646,0.04929555733998617,-0.03014168537423089,-0.047180465475063015,-0.012988436810205155,-0.02512681537071781,0.10933333333333334,0.88,0.14666666666666667,1350,87.0
1,0,3,-2.4881591796875,0.88,random,0.00969433085123698,0.008045145670572917,0.0038349456787109375,0.046118609110514325,0.0024289981019049913,0.01582755957233613,5.7259824291866956e-05,0.0036918971197974562,0.10933333333333334,0.89,0.13333333333333333,1350,88.0
1,0,3,-2.4881591796875,0.88,random_normmatched,0.03848198954264323,0.05825258890787761,-0.023870752970377603,0.05051108360290527,0.022463868050823285,0.06083851702549657,0.010349265757452574,0.01726243976203638,0.132,0.88,0.17333333333333334,1350,88.0
1,0,3,-2.4881591796875,0.88,random,0.002944951375325521,0.0017430623372395833,-0.0040135040283203124,0.04508649984995524,0.0009105252639647761,0.005781649834352589,0.001852764314586838,0.0008541278577289739,0.11733333333333333,0.8866666666666667,0.15333333333333332,1350,89.0
1,0,3,-2.4881591796875,0.88,random_normmatched,-0.051144063313802085,-0.04146949768066406,-0.01495843251546224,0.047262476285298664,-0.019225222881158365,-0.02269796942539647,0.0040517761692408566,-0.01558586559642717,0.11333333333333333,0.89,0.14666666666666667,1350,89.0
1,0,3,-2.4881591796875,0.88,random,0.008580942789713542,0.005838724772135416,0.0011707865397135417,0.043273787498474124,0.002286302984225259,0.009481480969854123,0.0004727029226322316,0.0021753684237011115,0.11733333333333333,0.8783333333333333,0.14666666666666667,1350,90.0
1,0,3,-2.4881591796875,0.88,random_normmatched,0.01663849894205729,-0.021841990152994793,-0.045027732849121094,0.050590036710103356,0.011553194086068117,0.009830542013702025,0.01873493194071427,0.01440188728464653,0.124,0.89,0.14,1350,90.0
1,0,3,-2.4881591796875,0.88,random,-0.006970367431640625,-0.003894526163736979,-0.0008493118286132812,0.0483294677734375,-0.0015918273845538043,0.0026251775591438218,0.0005739615720684759,-0.0014946582533850697,0.11466666666666667,0.8816666666666667,0.14666666666666667,1350,91.0
1,0,3,-2.4881591796875,0.88,random_normmatched,-0.10659483846028646,-0.10963233947753906,-0.019873018900553385,0.05148260911305746,-0.04602990026009666,-0.05109221485894434,0.007164251690194052,-0.05008624256393669,0.11466666666666667,0.875,0.13333333333333333,1350,91.0
1,0,3,-2.4881591796875,0.88,random,0.009201527913411459,-0.0013216654459635416,-0.007339370727539062,0.05070989926656087,0.0008466820490333068,0.012090542017102898,0.00016732846818840057,0.0009016340819571219,0.112,0.8833333333333333,0.14,1350,92.0
1,0,3,-2.4881591796875,0.88,random_normmatched,0.012199600219726563,-0.005237935384114583,-0.01735643768310547,0.05309760888417562,0.007333404049058963,0.05594127475516282,0.008454270855218939,0.002354108982498007,0.12133333333333333,0.8866666666666667,0.18,1350,92.0
1,0,3,-2.4881591796875,0.88,random,0.012658162434895833,0.012131093343098958,-0.0032725143432617188,0.04722911675771078,0.0036661904741227707,0.019252486004161143,0.0010792686198151835,0.004430503559431465,0.11066666666666666,0.8916666666666667,0.14,1350,93.0
1,0,3,-2.4881591796875,0.88,random_normmatched,0.07305516815185546,0.05327079772949219,-0.046082974751790365,0.05911032358805338,0.032250248589876636,0.1456079535693914,0.027594236435130582,0.03116885907338111,0.13333333333333333,0.8883333333333333,0.16,1350,93.0
1,0,3,-2.4881591796875,0.88,random,0.002666412353515625,-0.0003194681803385417,8.412933349609374e-05,0.04440822124481201,-0.0004071229141246814,0.00017520537326115864,0.0002410779030738301,-3.6736991064094295e-06,0.108,0.8883333333333333,0.14,1350,94.0
1,0,3,-2.4881591796875,0.88,random_normmatched,0.0016147715250651041,-0.010496597290039062,-0.010727648417154947,0.04912144184112549,-0.00045645009313978783,-0.039301877900361534,0.008613498104637884,0.003336864306529693,0.128,0.8833333333333333,0.13333333333333333,1350,94.0
1,0,3,-2.4881591796875,0.88,random,-0.004725468953450521,-0.0016218821207682292,-0.01056572723388672,0.054254256884257,-2.27221524967726e-06,-0.0033742935241399554,0.0026720046548183015,0.0005275137255799993,0.112,0.895,0.15333333333333332,1350,95.0
1,0,3,-2.4881591796875,0.88,random_normmatched,-0.03541311645507812,-0.0035427093505859377,-0.01890027618408203,0.05058265050252279,0.0016655337780134317,-0.04772440521967842,0.003999249236320813,0.008339441213058536,0.09733333333333333,0.8866666666666667,0.15333333333333332,1350,95.0
1,0,3,-2.4881591796875,0.88,random,0.002686574300130208,0.001393280029296875,0.0031342722574869792,0.04257612228393555,0.0001108841041842503,0.0016665896121273616,-0.0007380290601113092,0.00022346652446069654,0.11066666666666666,0.885,0.14,1350,96.0
1,0,3,-2.4881591796875,0.88,random_normmatched,0.025868565877278645,0.0316705067952474,0.012972175598144531,0.04830580552419027,0.011248720568739665,0.0009034106134240503,-0.010632149596289836,0.01010081016212929,0.12533333333333332,0.885,0.15333333333333332,1350,96.0
1,0,3,-2.4881591796875,0.88,random,0.008445037841796874,0.0023574320475260417,-0.004273401896158854,0.044458594322204587,0.0028598101132437997,0.007554966950453938,0.002231742069882231,0.002742418365879487,0.116,0.89,0.14666666666666667,1350,97.0
1,0,3,-2.4881591796875,0.88,random_normmatched,0.041908340454101564,0.02634412129720052,-0.03820636749267578,0.05319656531016032,0.016706662535633417,0.020296739405762185,0.011814226496442022,0.01656892479577323,0.128,0.8816666666666667,0.16666666666666666,1350,97.0
1,0,3,-2.4881591796875,0.88,random,0.003758641560872396,0.0041257731119791665,-0.005434987386067709,0.04448134104410807,0.0005458520813215409,0.005134879155000501,0.0005329411711800558,0.0002177021193104505,0.116,0.88,0.15333333333333332,1350,98.0
1,0,3,-2.4881591796875,0.88,random_normmatched,-0.006639455159505208,0.021099980672200522,0.003055389404296875,0.05225743452707927,-0.02480142555488473,-0.0028805512383035035,-0.0030985805409489402,-0.024166779126246603,0.14133333333333334,0.8833333333333333,0.22,1350,98.0
1,0,3,-2.4881591796875,0.88,random,0.021579752604166665,0.024396438598632813,-0.0016393102010091147,0.05027258555094401,0.003774078017196656,0.02511636547692172,0.00023790583820058675,0.004470392230179052,0.11466666666666667,0.88,0.16,1350,99.0
1,0,3,-2.4881591796875,0.88,random_normmatched,0.07823200480143229,0.09289782206217448,-0.011919581095377604,0.049857048988342284,0.016974636455372293,0.11476562369286161,0.0038539588095851743,0.019448448223424092,0.12933333333333333,0.8866666666666667,0.23333333333333334,1350,99.0
1,0,3,-2.4881591796875,0.88,shuffled_labels,0.9307966410319011,0.8799511210123698,-0.6502947082519531,0.7937828842798869,0.3250390144985432,0.4588266290543408,0.15938359812899502,0.3434809215573043,0.34933333333333333,0.86,0.34,1350,
1,0,4,-2.56514310836792,0.8,das,2.8035638133684793,2.6277318795522056,-2.7387068351109822,1.126013551818,1.611335373086892,2.124322930161969,1.4710518868766438,1.2327914848819654,0.88125,0.7583333333333333,0.875,840,
1,0,4,-2.56514310836792,0.8,random,-0.0021185914675394693,0.002481182416280111,0.002550546328226725,0.036932282977634005,-0.0006801622918886341,-0.008523300189086888,0.0014778462962365072,-0.0007688085967501651,0.19791666666666666,0.8083333333333333,0.21875,840,0.0
1,0,4,-2.56514310836792,0.8,random_normmatched,0.0023015777269999186,0.02489622433980306,-0.015775068600972494,0.05862945450676812,-0.00033153803582053993,-0.004032906145987963,0.006251466330890345,-0.0030061425387851075,0.2125,0.8083333333333333,0.20833333333333334,840,0.0
1,0,4,-2.56514310836792,0.8,random,-0.004950114091237386,-0.008232374986012777,-0.0026471773783365887,0.03518011040157742,-0.0008966340056637625,-0.027417100776957266,0.00271016496241758,-0.00037626033028259566,0.18958333333333333,0.8055555555555556,0.20833333333333334,840,1.0
1,0,4,-2.56514310836792,0.8,random_normmatched,0.0006812055905659994,-0.06307659546534221,-0.028600351015726725,0.07133101887173122,0.01322979659490762,0.00149439045668102,0.004689957334702614,0.018151269631855056,0.21458333333333332,0.8055555555555556,0.20833333333333334,840,1.0
1,0,4,-2.56514310836792,0.8,random,0.009493605295817057,0.007832765579223633,-0.01637086073557536,0.036750046412150066,0.0033017825778934636,0.004670103782850225,0.0070742763566879925,0.003215822219636727,0.20833333333333334,0.8055555555555556,0.22916666666666666,840,2.0
1,0,4,-2.56514310836792,0.8,random_normmatched,0.13435261249542235,0.10270227988560994,-0.1858052094777425,0.07746233410305448,0.08245562202700803,0.0752813425671747,0.11270590514318923,0.05050541647127506,0.275,0.7972222222222223,0.2916666666666667,840,2.0
1,0,4,-2.56514310836792,0.8,random,0.004957083861033122,-0.009086370468139648,-0.009641440709431966,0.03637826442718506,0.00010273091190851554,-0.008421491522022907,0.003552165446948765,0.0004006553764852504,0.19583333333333333,0.8055555555555556,0.20833333333333334,840,3.0
1,0,4,-2.56514310836792,0.8,random_normmatched,0.06548245747884114,0.030366361141204834,-0.025304087003072104,0.05907398329840766,0.01537711999952316,0.013875107133496113,0.025410275133811284,0.027875778132354298,0.20625,0.8111111111111111,0.19791666666666666,840,3.0
1,0,4,-2.56514310836792,0.8,random,-0.0037931561470031737,0.0055999755859375,0.000537880261739095,0.03631556034088135,-0.0006378532084757182,-0.005958316710028816,0.0008590693674823215,-0.0003446655821023591,0.19375,0.8027777777777778,0.22916666666666666,840,4.0
1,0,4,-2.56514310836792,0.8,random_normmatched,0.001732786496480306,0.03535723686218262,-0.023168913523356118,0.052655935287475586,-0.008837038390432782,-0.009978079398668564,0.009540925528607165,-0.011294151927990444,0.19791666666666666,0.8055555555555556,0.22916666666666666,840,4.0
1,0,4,-2.56514310836792,0.8,random,-0.014910507202148437,-0.010744849840799967,0.008822862307230632,0.04119505087534587,-0.007096779548206486,-0.02359639705771153,-0.0012268362513593084,-0.003502529157671708,0.19166666666666668,0.8,0.23958333333333334,840,5.0
1,0,4,-2.56514310836792,0.8,random_normmatched,-0.04400174220403035,0.0025757153828938804,0.0008014043172200521,0.09298702345954048,-0.07621273225817594,-0.0756114545968563,-0.008316619951865266,-0.03412902703635499,0.21458333333333332,0.8,0.2604166666666667,840,5.0
1,0,4,-2.56514310836792,0.8,random,-0.014883720874786377,-0.018718600273132324,0.0006823142369588217,0.03641055425008138,-0.0062060556001969445,-0.018573736875799617,0.0018452778631172133,-0.0058405958567958795,0.19166666666666668,0.8027777777777778,0.20833333333333334,840,6.0
1,0,4,-2.56514310836792,0.8,random_normmatched,-0.07659264802932739,-0.10708427429199219,-0.014788238207499187,0.061278997527228464,-0.028387993898541866,-0.03735482781097266,0.011374512762793216,-0.025964203980947204,0.18958333333333333,0.8055555555555556,0.17708333333333334,840,6.0
1,0,4,-2.56514310836792,0.8,random,-0.0009739120801289876,0.012079954147338867,0.00010338624318440755,0.03568527168697781,-0.0009241911420315718,-0.004988134654808725,0.0015421742008478422,5.4250975680957675e-05,0.20625,0.8027777777777778,0.22916666666666666,840,7.0
1,0,4,-2.56514310836792,0.8,random_normmatched,0.022602621714274088,0.05698986848195394,-0.036488461494445804,0.058853673934936526,0.007821250261555389,-0.013041938748172426,0.01629458569776631,0.007539309363261965,0.22083333333333333,0.8,0.2604166666666667,840,7.0
1,0,4,-2.56514310836792,0.8,random,-0.018392372131347656,-0.020555396874745686,0.008687559763590496,0.037389032046000165,-0.006517795408050657,-0.029610652125104355,-0.0017601581950258552,-0.005909470413805943,0.18541666666666667,0.8055555555555556,0.20833333333333334,840,8.0
1,0,4,-2.56514310836792,0.8,random_normmatched,-0.16571916341781617,-0.16255390644073486,0.07215854326883951,0.07488538953993056,-0.0991685231222893,-0.11935331228859632,-0.03324029588434761,-0.07849489416803546,0.1625,0.8083333333333333,0.17708333333333334,840,8.0
1,0,4,-2.56514310836792,0.8,random,0.005117777983347575,0.0003133217493693034,0.0038628180821736655,0.03504543834262424,0.002476613528394847,0.005382539513711307,0.0006678871752991288,0.0044596566261156,0.2,0.8,0.23958333333333334,840,9.0
1,0,4,-2.56514310836792,0.8,random_normmatched,0.017478076616923015,0.007731437683105469,-0.04264054298400879,0.06931902302636041,0.045192272241401335,0.034766586044404475,0.007092218711577687,0.029657609933497232,0.21041666666666667,0.8,0.23958333333333334,840,9.0
1,0,4,-2.56514310836792,0.8,random,0.002282090981801351,0.004582881927490234,0.0005795637766520183,0.03564482529958089,0.0009948449725029327,0.006972848223678176,0.0019367748544387004,0.0011293744263660502,0.19791666666666666,0.8055555555555556,0.23958333333333334,840,10.0
1,0,4,-2.56514310836792,0.8,random_normmatched,0.0239925742149353,0.058810810248057045,-0.013272754351298014,0.06552266809675429,0.012086823152822586,0.012483022421946084,0.004266081210516687,0.005833677228974894,0.2125,0.8027777777777778,0.20833333333333334,840,10.0
1,0,4,-2.56514310836792,0.8,random,0.006393281618754069,0.007221659024556478,-0.009051291147867839,0.03992827468448215,0.000632894066161682,-0.0012057934921071304,0.003588249202785822,0.0007233946058672878,0.20625,0.8,0.23958333333333334,840,11.0
1,0,4,-2.56514310836792,0.8,random_normmatched,0.054273160298665364,0.021280765533447266,-0.04837044874827067,0.08268295129140218,0.026728754413229847,0.02686662543906342,0.04452390966578647,0.0034217334347418586,0.22708333333333333,0.8027777777777778,0.21875,840,11.0
1,0,4,-2.56514310836792,0.8,random,-0.014851959546407063,-0.016530791918436687,0.00023981730143229167,0.03573804961310493,-0.005659951656260192,-0.013125498729658173,0.001081215986727408,-0.004325743487897577,0.19166666666666668,0.8111111111111111,0.21875,840,12.0
1,0,4,-2.56514310836792,0.8,random_normmatched,-0.10319513082504272,-0.09868176778157552,-0.0013229052225748699,0.07015703254275851,-0.07300025900724608,-0.04505450671355143,-0.011903560326089396,-0.06149271382563676,0.19375,0.8027777777777778,0.21875,840,12.0
1,0,4,-2.56514310836792,0.8,random,-0.001142283280690511,0.0044451554616292315,-0.001369770367940267,0.039082601335313584,-0.0016082701381540019,-0.0027346022259048344,0.0024426522396496907,-0.0003235196894942495,0.19583333333333333,0.8,0.22916666666666666,840,13.0
1,0,4,-2.56514310836792,0.8,random_normmatched,-0.0019919872283935547,-0.013663669427235922,-0.020160929361979166,0.04916781849331326,-0.0045822891635373935,-0.01037319174281803,0.012787065841373403,-0.004290475913774955,0.19583333333333333,0.8083333333333333,0.22916666666666666,840,13.0
1,0,4,-2.56514310836792,0.8,random,-0.005511430899302164,-0.014870285987854004,0.005339288711547851,0.03772904343075222,-0.0018861825201770947,-0.009706761201356263,0.0002457912003752812,-0.002285027696700518,0.19583333333333333,0.8,0.21875,840,14.0
1,0,4,-2.56514310836792,0.8,random_normmatched,-0.029850256443023682,-0.03337146838506063,0.026964457829793294,0.061769729190402564,-0.006357054227887954,0.023309733983782784,-0.01303810594717969,-0.01043724874735182,0.19583333333333333,0.8027777777777778,0.20833333333333334,840,14.0
1,0,4,-2.56514310836792,0.8,random,-0.015231736501057943,-0.017213980356852215,-0.006848200162251791,0.03477897644042969,-0.005153979197633387,-0.03017969877227333,0.0022225224481333995,-0.0027086135552302627,0.1875,0.8138888888888889,0.21875,840,15.0
1,0,4,-2.56514310836792,0.8,random_normmatched,-0.10268346071243287,-0.12720123926798502,-0.04822869300842285,0.07526443799336752,-0.06722190699618222,-0.07482317587913308,0.026879043548698953,-0.053562862631342384,0.175,0.8055555555555556,0.17708333333333334,840,15.0
1,0,4,-2.56514310836792,0.8,random,-0.0050454378128051754,-0.011964539686838785,0.0011528094609578451,0.037748016251458065,-0.002774831249343834,-0.0020371120270658858,0.00044253597219083286,-0.0021736652019357415,0.18958333333333333,0.8083333333333333,0.20833333333333334,840,16.0
1,0,4,-2.56514310836792,0.8,random_normmatched,-0.05586074590682984,-0.1097918152809143,-0.011201898256937662,0.07934107250637479,-0.059994035067210405,-0.028271493713036187,-0.0014267020118376218,-0.04672272195101619,0.18541666666666667,0.8083333333333333,0.17708333333333334,840,16.0
1,0,4,-2.56514310836792,0.8,random,-0.0005173166592915853,-0.0006738901138305664,-0.003785252571105957,0.03895790576934814,-0.000517749623747509,-0.009058809125715384,0.001511541046802812,6.788354713256503e-07,0.19583333333333333,0.8055555555555556,0.25,840,17.0
1,0,4,-2.56514310836792,0.8,random_normmatched,0.009127314885457356,-0.008205950260162354,-0.07605345249176025,0.055620929929945204,0.0023323797205534445,-0.0038544139395124835,0.03693040586917784,0.0016728697602975936,0.1875,0.8083333333333333,0.1875,840,17.0
1,0,4,-2.56514310836792,0.8,random,0.014294230937957763,0.012217998504638672,-0.012940382957458496,0.03717036777072483,0.004441840550096131,0.03007938596438872,0.006022688775888208,0.005227928324897876,0.2,0.8,0.23958333333333334,840,18.0
1,0,4,-2.56514310836792,0.8,random_normmatched,0.0752182404200236,0.07741447289784749,-0.08468816280364991,0.06390768422020807,0.02446467180675471,0.08861960087615925,0.05009240202392136,0.019484107261308475,0.21875,0.8027777777777778,0.2708333333333333,840,18.0
1,0,4,-2.56514310836792,0.8,random,-0.000850077470143636,-0.005623062451680501,-0.0018903970718383788,0.03970834414164225,-0.0006043973783617989,0.0011316343396250198,0.0009659819065414479,-0.0006876019676211845,0.2,0.8027777777777778,0.22916666666666666,840,19.0
1,0,4,-2.56514310836792,0.8,random_normmatched,-0.01100764274597168,-0.038131316502889,-0.06669128735860189,0.08022585974799262,0.00017951813605633431,-0.010351464133307512,0.0396233399726932,0.009278513684867287,0.21458333333333332,0.8027777777777778,0.22916666666666666,840,19.0
1,0,4,-2.56514310836792,0.8,random,-0.003748297691345215,-0.0019809802373250327,0.00414891242980957,0.0391111691792806,-0.0015249586184029737,-0.013373485773102012,0.0016392263210426475,-0.0004630807336809866,0.18958333333333333,0.8055555555555556,0.20833333333333334,840,20.0
1,0,4,-2.56514310836792,0.8,random_normmatched,-0.01618962287902832,-0.014265219370524088,-0.0002481222152709961,0.05916473070780436,-0.005671454826397703,-0.009849633752320505,-0.003097599298724466,-0.0062544598644269644,0.18958333333333333,0.8083333333333333,0.19791666666666666,840,20.0
1,0,4,-2.56514310836792,0.8,random,-0.006682078043619792,-0.0025835434595743814,-2.533594767252604e-05,0.03846032089657254,-0.0031591246419361177,0.003927484906197044,0.0006006180061725641,-0.0028879603593003366,0.20416666666666666,0.8027777777777778,0.23958333333333334,840,21.0
1,0,4,-2.56514310836792,0.8,random_normmatched,-0.09343063036600749,-0.111471692721049,-0.027863621711730957,0.0685849322213067,-0.03180352835720601,-0.048370764020535875,0.0054943324284717175,-0.020870998325995406,0.16875,0.8166666666666667,0.16666666666666666,840,21.0
1,0,4,-2.56514310836792,0.8,random,-0.01842761437098185,-0.020543416341145832,0.0061068852742513025,0.037666103574964735,-0.005499237488662472,-0.020659734784450143,0.00022928846292086786,-0.003004876581149135,0.19583333333333333,0.8055555555555556,0.23958333333333334,840,22.0
1,0,4,-2.56514310836792,0.8,random_normmatched,-0.08810669978459676,-0.0965649684270223,0.04206455548604329,0.07294949160681831,-0.054931781746907146,-0.05799030780706593,-0.013227717665880906,-0.03068526300942724,0.18541666666666667,0.8111111111111111,0.21875,840,22.0
1,0,4,-2.56514310836792,0.8,random,-0.010202022393544515,-0.013902386029561361,0.009321165084838868,0.038881005181206595,-0.0017850530832676432,-0.028423580760741037,-0.0014650747084715252,-0.0008768705584125576,0.19583333333333333,0.8027777777777778,0.25,840,23.0
1,0,4,-2.56514310836792,0.8,random_normmatched,-0.0030040740966796875,0.01606200138727824,0.04210523764292399,0.06890609794192844,-0.002228938118316498,-0.04610198292451046,-0.019506417131158096,0.006320237465447024,0.20833333333333334,0.8083333333333333,0.25,840,23.0
1,0,4,-2.56514310836792,0.8,random,-0.006857935587565104,-0.005346854527791341,0.010024182001749675,0.03387650383843316,-0.002568463592896003,-0.006940185112314712,0.0009458141883106367,-0.0006757621169778507,0.2,0.8055555555555556,0.23958333333333334,840,24.0
1,0,4,-2.56514310836792,0.8,random_normmatched,-0.03338441054026286,-0.011044402917226156,0.028065800666809082,0.05849978923797607,-0.01794259439324199,-0.025965255934974046,-0.020230071291729473,-0.012002878675689556,0.20416666666666666,0.8,0.2604166666666667,840,24.0
1,0,4,-2.56514310836792,0.8,random,-0.01651012897491455,-0.026750961939493816,-0.0016104698181152344,0.0370737976498074,-0.006635595835377683,-0.005673854304925467,0.0027806499903690676,-0.005201266835177925,0.18333333333333332,0.8111111111111111,0.19791666666666666,840,25.0
1,0,4,-2.56514310836792,0.8,random_normmatched,-0.11430591742197672,-0.14278686046600342,-0.04695862929026286,0.059502702289157446,-0.05173148331123434,-0.05489798054101757,0.018108593820605416,-0.04758717453686322,0.17083333333333334,0.8138888888888889,0.16666666666666666,840,25.0
1,0,4,-2.56514310836792,0.8,random,-0.010469738642374675,-0.0018519163131713867,0.006076884269714355,0.034868722491794166,-0.0037712298640097093,-0.013747905404701144,-0.0002149521776318254,-0.003398741361416974,0.1875,0.8138888888888889,0.20833333333333334,840,26.0
1,0,4,-2.56514310836792,0.8,random_normmatched,-0.06282262404759725,-0.05484543244043986,0.02010788122812907,0.056691299544440375,-0.021244660387071138,-0.009608171780346472,-0.005245585764442669,-0.018393057619521203,0.17083333333333334,0.8222222222222222,0.16666666666666666,840,26.0
1,0,4,-2.56514310836792,0.8,random,-0.0007128993670145671,-0.012861172358194986,0.0010326782862345378,0.036476598845587835,0.001236313388140411,0.007217660602853376,0.0018900206427893218,0.0013938239744421084,0.2,0.8055555555555556,0.23958333333333334,840,27.0
1,0,4,-2.56514310836792,0.8,random_normmatched,0.038782962163289386,0.027750412623087566,-0.0611452579498291,0.05426234669155545,0.0177804121892571,0.030519511958502714,0.03668474772871167,0.011687317700635165,0.225,0.8055555555555556,0.2708333333333333,840,27.0
1,0,4,-2.56514310836792,0.8,random,-0.0031707406044006346,0.001896222432454427,0.0043424447377522785,0.03548573123084174,-0.0006167212732193048,-0.006788122108224189,0.0009057759978352935,0.000333249483443296,0.19791666666666666,0.8027777777777778,0.21875,840,28.0
1,0,4,-2.56514310836792,0.8,random_normmatched,-0.030515472094217937,-0.03680564959843954,-0.061998716990153,0.05879952112833659,-0.026111944376162873,-0.032640338700956416,0.03669973266800762,-0.018562667490786305,0.1875,0.8111111111111111,0.1875,840,28.0
1,0,4,-2.56514310836792,0.8,random,-0.0015355308850606283,-0.0018530488014221191,0.003598364194234212,0.03962692419687907,-0.0008066094698210629,0.00014851338680356383,0.0006275672458714982,-0.00045140646090785356,0.19583333333333333,0.8083333333333333,0.23958333333333334,840,29.0
1,0,4,-2.56514310836792,0.8,random_normmatched,0.04011954466501872,0.06353322664896648,-0.016938034693400064,0.0592787954542372,0.026289230579826225,0.02892859801737272,0.008611634840648794,0.02485458864638269,0.22083333333333333,0.8083333333333333,0.2708333333333333,840,29.0
1,0,4,-2.56514310836792,0.8,random,-0.007455889383951823,-0.011456886927286783,0.0037618080774943032,0.036593188179863824,-0.0028790984955312446,-0.012757265495942399,5.206821080007135e-05,-0.0015666687139973352,0.2,0.8027777777777778,0.25,840,30.0
1,0,4,-2.56514310836792,0.8,random_normmatched,-0.006979978084564209,-0.020734628041585285,0.0058681329091389975,0.06239821645948622,-0.007136160611928993,-0.024221414979577003,-0.0027162380103556575,0.0005131231923977636,0.19166666666666668,0.8083333333333333,0.20833333333333334,840,30.0
1,0,4,-2.56514310836792,0.8,random,-0.008992540836334228,-0.010889093081156412,-0.0021961132685343423,0.03897594345940484,-0.002456562379104782,-0.01240261186835148,0.0006823147042047374,-0.0019139657191814723,0.2,0.8055555555555556,0.23958333333333334,840,31.0
1,0,4,-2.56514310836792,0.8,random_normmatched,-0.04044093688329061,-0.04310413201649984,-0.03183338642120361,0.06386285622914632,-0.017503847437015035,-0.024738305593911526,0.013416985434860487,-0.020209011021177024,0.2,0.8166666666666667,0.22916666666666666,840,31.0
1,0,4,-2.56514310836792,0.8,random,-0.0029651403427124025,-0.0061330000559488935,0.013587172826131184,0.03827718628777398,-0.0025881127795435166,-0.00680573864401555,-0.0037641188192511455,-0.0018157016354758352,0.2,0.7944444444444444,0.23958333333333334,840,32.0
1,0,4,-2.56514310836792,0.8,random_normmatched,-0.007986271381378173,-0.031141002972920735,0.03482350508371989,0.05533312956492106,-0.007939073903726343,-0.01603302562273676,-0.01782007627788964,-0.002667155001491872,0.18541666666666667,0.8083333333333333,0.20833333333333334,840,32.0
1,0,4,-2.56514310836792,0.8,random,0.00022941827774047852,0.006688316663106282,-0.004044461250305176,0.031601452827453615,-0.00032070943509938764,-0.005294409030325218,0.002498089734069458,-0.00015688196284737718,0.19166666666666668,0.8055555555555556,0.22916666666666666,840,33.0
1,0,4,-2.56514310836792,0.8,random_normmatched,0.017944681644439697,0.02643287181854248,-0.017407814661661785,0.058772638108995225,-0.0021377294533748126,-0.012140910330573289,0.0022326169078999546,0.007965388274098754,0.19166666666666668,0.8194444444444444,0.17708333333333334,840,33.0
1,0,4,-2.56514310836792,0.8,random,-0.00016502141952514648,-0.01306388775507609,0.0013135194778442383,0.038422030872768825,-0.0007640328649545327,0.0094520171268071,0.000890960755574668,-8.208796524586524e-05,0.19375,0.8,0.21875,840,34.0
1,0,4,-2.56514310836792,0.8,random_normmatched,0.012796636422475178,-0.013453026612599691,-0.019774754842122395,0.06161020067003038,0.009194552863705917,0.046306925934747244,-0.004884181968586166,0.010284735210072973,0.21458333333333332,0.8,0.2708333333333333,840,34.0
1,0,4,-2.56514310836792,0.8,random,-0.005788322289784749,-0.012951493263244629,-0.003632553418477376,0.0394107633166843,-0.0007678693064441099,-0.0023418402505978706,0.0009273031650521973,-1.80391839939042e-05,0.19375,0.8111111111111111,0.21875,840,35.0
1,0,4,-2.56514310836792,0.8,random_normmatched,-0.023972249031066893,-0.04357039928436279,-0.04644466241200765,0.05566935539245606,-0.014107924409123541,-0.01566310216277164,0.021483596373643242,-0.011608308164753346,0.19583333333333333,0.8083333333333333,0.20833333333333334,840,35.0
1,0,4,-2.56514310836792,0.8,random,-0.017955307165781656,-0.017657041549682617,0.0018494367599487306,0.03588204383850098,-0.008001517217711711,-0.013825482043814369,0.002752504869832865,-0.007486874872929844,0.18958333333333333,0.8027777777777778,0.20833333333333334,840,36.0
1,0,4,-2.56514310836792,0.8,random_normmatched,-0.1171217679977417,-0.11465630928675334,0.01080466111501058,0.0663030915790134,-0.06259637947525626,-0.061554397881633145,-0.0017860842703951484,-0.05985654255860949,0.16458333333333333,0.8111111111111111,0.16666666666666666,840,36.0
1,0,4,-2.56514310836792,0.8,random,0.004047914346059164,0.011721491813659668,0.001762223243713379,0.0371252006954617,0.0019486442447003817,0.004385661237325026,-0.0001678881606560553,0.0012941748697187958,0.20416666666666666,0.8027777777777778,0.22916666666666666,840,37.0
1,0,4,-2.56514310836792,0.8,random_normmatched,-0.00019223690032958983,0.004783411820729573,-0.05007220109303792,0.05960358248816596,-0.006396021125508427,-0.029724311125268823,0.020355707826201642,-0.006744934165277271,0.21041666666666667,0.7972222222222223,0.21875,840,37.0
1,0,4,-2.56514310836792,0.8,random,-0.017062032222747804,-0.026174386342366535,0.009567189216613769,0.037753568755255804,-0.008906419471515346,-0.022412306803905598,-0.0012352229175690295,-0.006583786336794774,0.18958333333333333,0.8083333333333333,0.20833333333333334,840,38.0
1,0,4,-2.56514310836792,0.8,random_normmatched,-0.08920732736587525,-0.09332722425460815,0.09121453762054443,0.07310277356041803,-0.05787960713623384,-0.07850457824763242,-0.05030488920457603,-0.034146209239927096,0.18541666666666667,0.7972222222222223,0.20833333333333334,840,38.0
1,0,4,-2.56514310836792,0.8,random,0.0016713937123616536,0.0021969079971313477,0.0042159636815389,0.037516925070020885,-0.0003835598747296032,-0.003130437194222069,0.00016808687016804568,-0.0002297649420241902,0.19791666666666666,0.8027777777777778,0.23958333333333334,840,39.0
1,0,4,-2.56514310836792,0.8,random_normmatched,0.023140732447306314,0.01937822500864665,-0.02714416980743408,0.07692408031887478,0.012004864451834393,0.027046692212741575,0.005097851193592861,0.016687181836010666,0.22083333333333333,0.7944444444444444,0.23958333333333334,840,39.0
1,0,4,-2.56514310836792,0.8,random,-0.006658387184143066,-0.010636568069458008,0.0034683942794799805,0.036146926879882815,-0.0019161903780919925,-0.016624728527897245,-0.0004535496303864392,-0.0024607719116430077,0.18958333333333333,0.8027777777777778,0.20833333333333334,840,40.0
1,0,4,-2.56514310836792,0.8,random_normmatched,-0.033392616113026935,-0.05675919850667318,0.00696406364440918,0.06666466130150689,-0.019243001189427726,-0.025465962988483085,0.005765193377316878,-0.025698781935406284,0.2,0.8027777777777778,0.20833333333333334,840,40.0
1,0,4,-2.56514310836792,0.8,random,0.004253570238749186,0.0016197363535563152,0.0011518796284993489,0.03628292878468831,0.000788057817611212,0.006706510579098932,0.00034224082118468563,0.003369950345289881,0.2,0.7972222222222223,0.21875,840,41.0
1,0,4,-2.56514310836792,0.8,random_normmatched,0.033846561113993326,0.024356027444203694,-0.03211944103240967,0.05592586199442546,0.0022420953400086627,0.011403768669502908,0.0059815154984522965,0.012188908038599787,0.19375,0.8055555555555556,0.1875,840,41.0
1,0,4,-2.56514310836792,0.8,random,-0.0014412681261698405,-0.001809994379679362,-0.0010889371236165364,0.03588101598951551,0.0001141757349858568,-0.01090702319898702,0.00030387339411406085,-0.000265008224577052,0.2,0.8027777777777778,0.22916666666666666,840,42.0
1,0,4,-2.56514310836792,0.8,random_normmatched,-0.0116186261177063,-0.01043186585108439,0.03447105487187704,0.07421901755862766,-0.02292249341381967,-0.05204645074497559,-0.02300663363293967,-0.00724600018469441,0.18125,0.8055555555555556,0.17708333333333334,840,42.0
1,0,4,-2.56514310836792,0.8,random,-0.006733747323354086,-0.01248462994893392,0.001841115951538086,0.044297080569797094,-0.0031364285150690787,-0.010167142726298128,0.0023198699942961073,-0.001657773100527641,0.1875,0.8138888888888889,0.20833333333333334,840,43.0
1,0,4,-2.56514310836792,0.8,random_normmatched,-0.09219852288564047,-0.13448806603749594,-0.03340707619984944,0.06719483799404569,-0.05623631815681669,-0.027974795972320946,0.007483827170415921,-0.05136799531967374,0.175,0.8138888888888889,0.16666666666666666,840,43.0
1,0,4,-2.56514310836792,0.8,random,0.008569681644439697,0.01002420981725057,-0.009734884897867838,0.03857329421573215,0.002582865773799915,0.022393121484511884,0.005579222925258797,0.00024616959510174004,0.19375,0.8055555555555556,0.21875,840,44.0
1,0,4,-2.56514310836792,0.8,random_normmatched,0.06763940254847209,0.040460427602132164,-0.09630778630574545,0.07132422394222683,0.04985486713140784,0.09072783056663655,0.04782800055689439,0.03527128424516246,0.20625,0.8027777777777778,0.23958333333333334,840,44.0
1,0,4,-2.56514310836792,0.8,random,-0.009024282296498617,-0.00458518664042155,0.0008013168970743815,0.03192295763227675,-0.003474866282910849,-0.00849150565953421,0.0014049204014295398,-0.0018860287319348492,0.19791666666666666,0.8027777777777778,0.23958333333333334,840,45.0
1,0,4,-2.56514310836792,0.8,random_normmatched,-0.05971572001775106,-0.05548093716303507,0.0008711338043212891,0.06188495953877767,-0.04266943541784321,-0.04622813946598599,-0.004659090077272041,-0.030914467565397147,0.2,0.8055555555555556,0.19791666666666666,840,45.0
1,0,4,-2.56514310836792,0.8,random,-0.006934980551401774,-0.0009854237238566081,0.0028936386108398436,0.03814685344696045,-0.0015410396332763824,-0.012298076516062496,0.00043004431103344225,-0.0011388447179261122,0.19375,0.8055555555555556,0.22916666666666666,840,46.0
1,0,4,-2.56514310836792,0.8,random_normmatched,-0.04520425001780192,-0.04412233829498291,-0.049333230654398603,0.06164273156060113,-0.035643686026331396,-0.027553141943757627,0.021187434392600957,-0.018870756511142867,0.18333333333333332,0.8111111111111111,0.1875,840,46.0
1,0,4,-2.56514310836792,0.8,random,0.004332013924916585,0.004458427429199219,-0.008217342694600423,0.040419099065992566,0.0010410494358379157,0.008856063841755584,0.002694149757188311,0.0009436771311384623,0.20625,0.7972222222222223,0.25,840,47.0
1,0,4,-2.56514310836792,0.8,random_normmatched,0.04769826332728068,0.05310134092966715,-0.085055673122406,0.06318871974945069,0.02045399535790829,0.06688510608319932,0.04791421306552661,0.018820216880000233,0.22083333333333333,0.7916666666666666,0.23958333333333334,840,47.0
1,0,4,-2.56514310836792,0.8,random,0.0018558104832967122,-0.0011510252952575684,0.005371395746866862,0.03742285304599338,0.0005760560948928431,0.00525023477615065,0.0009486615946843498,0.00036728230572938736,0.2,0.8,0.21875,840,48.0
1,0,4,-2.56514310836792,0.8,random_normmatched,0.037028396129608156,0.04512075583140055,-0.012621307373046875,0.06679352124532063,0.0033392524672026173,0.03137275286449816,0.015368280086646549,0.0011835473245015004,0.22291666666666668,0.8,0.20833333333333334,840,48.0
1,0,4,-2.56514310836792,0.8,random,-0.006851422786712647,-0.007778167724609375,0.0015029986699422202,0.03363208505842421,-0.0023458914209092993,-0.010078410350843576,-6.267403113782115e-06,-0.0016753904288926557,0.19583333333333333,0.8055555555555556,0.22916666666666666,840,49.0
1,0,4,-2.56514310836792,0.8,random_normmatched,-0.05691046317418416,-0.09535600741704305,-0.001900498072306315,0.056336151229010686,-0.0395358688248878,-0.06613248265088557,-0.011810723063581618,-0.022964167617164803,0.18541666666666667,0.8055555555555556,0.20833333333333334,840,49.0
1,0,4,-2.56514310836792,0.8,random,-0.0007853984832763671,0.003589669863382975,-0.0025868654251098634,0.03743801381852892,-0.0005997373507001952,-0.0006333128270987968,0.001416298304474852,0.0009470176433917328,0.19166666666666668,0.8111111111111111,0.22916666666666666,840,50.0
1,0,4,-2.56514310836792,0.8,random_normmatched,-0.037172953287760414,-0.016394893328348797,-0.036741081873575845,0.06363887786865234,-0.027415275670207385,-0.03252018269305444,0.02094051500528869,-0.02794715033872567,0.19375,0.8027777777777778,0.21875,840,50.0
1,0,4,-2.56514310836792,0.8,random,-0.0077199220657348635,-0.017447749773661297,0.00963143507639567,0.03827860885196262,-0.003181802633904857,0.0062295715061980944,8.968817537906225e-05,-0.0024701039051300967,0.18958333333333333,0.8027777777777778,0.19791666666666666,840,51.0
1,0,4,-2.56514310836792,0.8,random_normmatched,-0.08518428007761637,-0.09428256750106812,0.03592252731323242,0.06923995547824435,-0.04084848093500791,-0.015304608176301915,-0.027789120414934785,-0.028142938894702887,0.17708333333333334,0.8166666666666667,0.17708333333333334,840,51.0
1,0,4,-2.56514310836792,0.8,random,-0.0229707400004069,-0.020458141962687176,0.002199379603068034,0.03921511967976888,-0.008390564959773939,-0.04543614402098593,-0.001325657026375578,-0.008109379878845406,0.19375,0.8055555555555556,0.22916666666666666,840,52.0
1,0,4,-2.56514310836792,0.8,random_normmatched,-0.09438002904256185,-0.05545636018117269,0.005492568016052246,0.07362825075785319,-0.06053698669725185,-0.13153693756202092,-0.01195247599351312,-0.04636316647386919,0.1875,0.8055555555555556,0.21875,840,52.0
1,0,4,-2.56514310836792,0.8,random,-0.01254665454228719,-0.021718819936116535,0.0020067294438680014,0.043179806073506674,-0.0036784726482204932,-0.013554262992208473,0.0002699125044393504,-0.0027995624832948107,0.2,0.8027777777777778,0.25,840,53.0
1,0,4,-2.56514310836792,0.8,random_normmatched,-0.06273376146952311,-0.0905958612759908,0.004009719689687093,0.08390416834089491,-0.06429314403547509,-0.05992350219734062,-0.024249263886691894,-0.023478339344289858,0.21666666666666667,0.7944444444444444,0.23958333333333334,840,53.0
1,0,4,-2.56514310836792,0.8,random,-0.005694142977396647,-0.011502722899119059,0.0032275120417277017,0.03663957118988037,-0.0019796818965924813,0.0030181985639281023,0.0016755579128595226,-0.0024831738718571372,0.18958333333333333,0.8027777777777778,0.19791666666666666,840,54.0
1,0,4,-2.56514310836792,0.8,random_normmatched,-0.11033370494842529,-0.10051923990249634,-0.004284024238586426,0.06194752587212456,-0.059683117373609304,-0.03656940010647478,0.014474733214983874,-0.061707973126021706,0.18958333333333333,0.7861111111111111,0.20833333333333334,840,54.0
1,0,4,-2.56514310836792,0.8,random,-0.010522965590159099,-0.006708065668741862,0.002097948392232259,0.03692368136511909,-0.0033967777132649915,-0.029679881329244075,0.00098699008920213,-0.0030336707917012103,0.2,0.8027777777777778,0.22916666666666666,840,55.0
1,0,4,-2.56514310836792,0.8,random_normmatched,-0.035171298185984294,-0.021825194358825684,0.033118645350138344,0.062389675776163736,-0.028849071584596857,-0.05938296972328213,-0.011432192084202425,-0.01550842250689563,0.2125,0.8111111111111111,0.22916666666666666,840,55.0
1,0,4,-2.56514310836792,0.8,random,-0.010777143637339275,-0.016125420729319256,0.013862999280293782,0.03756786187489827,-0.0032987513529301868,-0.019579502016319788,-0.0024405409793438336,-0.002754312809553428,0.18958333333333333,0.8111111111111111,0.20833333333333334,840,56.0
1,0,4,-2.56514310836792,0.8,random_normmatched,-0.09633338848749796,-0.1170652707417806,0.0779220978418986,0.07804936567942301,-0.0508175042542733,-0.12189111939954962,-0.04989203626119663,-0.04607961589055842,0.175,0.8166666666666667,0.17708333333333334,840,56.0
1,0,4,-2.56514310836792,0.8,random,-0.025457429885864257,-0.024370471636454265,0.005864135424296061,0.041157632403903535,-0.006776425244936245,-0.0626377903901528,0.0001282923535558183,-0.0036793647324710787,0.18958333333333333,0.8027777777777778,0.23958333333333334,840,57.0
1,0,4,-2.56514310836792,0.8,random_normmatched,-0.11846137046813965,-0.12933770815531412,0.044417802492777506,0.10175556341807047,-0.0863507750101423,-0.1728034372671621,-0.015855915118583346,-0.06797001905833944,0.19375,0.8027777777777778,0.20833333333333334,840,57.0
1,0,4,-2.56514310836792,0.8,random,0.005963186422983806,0.009850064913431803,-0.006130139032999675,0.033394561873541936,0.002233785436286518,-0.0042954242467877985,0.004882665479755041,0.0024584647020337615,0.19791666666666666,0.8,0.22916666666666666,840,58.0
1,0,4,-2.56514310836792,0.8,random_normmatched,0.11726322174072265,0.12419311205546062,-0.08755942185719807,0.06421379248301189,0.04476778794595809,0.05600793466422592,0.05120302249995775,0.04841707086246689,0.23333333333333334,0.7972222222222223,0.23958333333333334,840,58.0
1,0,4,-2.56514310836792,0.8,random,-0.007207548618316651,-0.0009924570719401042,0.00156554381052653,0.0357776059044732,-0.0030332418703184322,-0.007574190694136901,-0.0006188379335390949,-0.0034439498400333154,0.2,0.8027777777777778,0.23958333333333334,840,59.0
1,0,4,-2.56514310836792,0.8,random_normmatched,-0.05287336111068726,-0.03195315599441528,0.022233172257741293,0.05931359132130941,-0.02244578611478815,-0.03968848592537853,-0.012774136613609703,-0.025859339518514934,0.18125,0.8166666666666667,0.1875,840,59.0
1,0,4,-2.56514310836792,0.8,random,-0.01327215035756429,-0.011518398920694986,0.007214244206746419,0.04035112327999539,-0.007087357935241767,-0.01561545342454475,-0.002398265627244464,-0.004909902184444035,0.19583333333333333,0.8111111111111111,0.22916666666666666,840,60.0
1,0,4,-2.56514310836792,0.8,random_normmatched,-0.06484941641489665,-0.06337285041809082,0.02911485036214193,0.05509722497728136,-0.03431806196795058,-0.0335417693066022,-0.014441136822670784,-0.034711832168019596,0.17916666666666667,0.8166666666666667,0.16666666666666666,840,60.0
1,0,4,-2.56514310836792,0.8,random,-0.008196298281351726,-0.007856408754984537,-0.0019718329111735027,0.03809772597418891,-0.0023372170990296997,-0.016929356365667555,0.0027321228932665363,-0.0010597779049587377,0.19375,0.8027777777777778,0.25,840,61.0
1,0,4,-2.56514310836792,0.8,random_normmatched,0.00506361722946167,-0.004391113917032878,-0.0992554267247518,0.06546574698554145,-0.02128864925365103,-0.009919972472971664,0.044784995176755285,-0.006241335895719139,0.21041666666666667,0.8,0.25,840,61.0
1,0,4,-2.56514310836792,0.8,random,-0.008312424023946127,-0.015813151995340984,0.015376750628153484,0.0373994509379069,-0.002228947250484111,-0.01549704823269083,-0.00014741663119321357,-0.0012903240833971267,0.1875,0.8111111111111111,0.21875,840,62.0
1,0,4,-2.56514310836792,0.8,random_normmatched,-0.06717480421066284,-0.06946490208307902,0.09004205067952474,0.08433097203572591,-0.041905219697685,-0.11525169275966693,-0.055407792063433575,-0.03437695953042987,0.19375,0.8138888888888889,0.19791666666666666,840,62.0
1,0,4,-2.56514310836792,0.8,random,0.008820207913716634,0.003151535987854004,0.0036707321802775064,0.03932517369588216,0.0020758982276980857,0.0023867997190475986,0.00022617296742958242,0.0024826874275968207,0.19583333333333333,0.8055555555555556,0.22916666666666666,840,63.0
1,0,4,-2.56514310836792,0.8,random_normmatched,0.026621667544047038,-0.0045212507247924805,-0.0036783536275227864,0.054762713114420575,0.012420280028842325,0.005890260112201725,-0.004603259179747724,0.01900064919257089,0.20208333333333334,0.8111111111111111,0.22916666666666666,840,63.0
1,0,4,-2.56514310836792,0.8,random,-0.0028339505195617678,-0.008556822935740152,0.0033602476119995116,0.03801167805989583,-0.0012351750150592575,-0.013420180632547638,9.468038286142332e-05,-0.0009851582446133507,0.19375,0.8027777777777778,0.21875,840,64.0
1,0,4,-2.56514310836792,0.8,random_normmatched,-0.01147897243499756,-0.026510417461395264,0.013968674341837566,0.058827453189426,-0.014460464492208221,-0.019991419872151688,-0.005809065199113353,-0.00794881003461712,0.19583333333333333,0.8138888888888889,0.19791666666666666,840,64.0
1,0,4,-2.56514310836792,0.8,random,-0.011580423514048258,-0.011259118715922037,0.005657633145650228,0.040064024925231936,-0.004930676192022813,-0.02195558939352584,-0.00018275139304299202,-0.002559145668253681,0.18958333333333333,0.8083333333333333,0.22916666666666666,840,65.0
1,0,4,-2.56514310836792,0.8,random_normmatched,-0.03711239496866862,-0.00875858465830485,-0.0262584924697876,0.07599066098531088,-0.023428642822467767,-0.08069337530664986,-0.00645215525774491,-0.00829898838623042,0.1875,0.8111111111111111,0.17708333333333334,840,65.0
1,0,4,-2.56514310836792,0.8,random,-0.005985379219055176,-0.009622971216837565,0.008301830291748047,0.036290979385375975,-0.0040495598988659134,0.019731453487032653,-0.005511525564989427,-0.004229989080072865,0.19375,0.8027777777777778,0.22916666666666666,840,66.0
1,0,4,-2.56514310836792,0.8,random_normmatched,-0.0748084823290507,-0.08344034353892009,0.032591251532236735,0.06717206372155084,-0.032407106526641985,0.004049735944346352,-0.026561634646067395,-0.03308873895274346,0.18333333333333332,0.7916666666666666,0.17708333333333334,840,66.0
1,0,4,-2.56514310836792,0.8,random,-0.0013236721356709798,0.006625731786092122,-0.0022054115931193032,0.035173389646742076,-7.318201874751127e-06,-0.00031417797110837585,0.0022418285127039483,-0.00036690092279128585,0.19791666666666666,0.8055555555555556,0.23958333333333334,840,67.0
1,0,4,-2.56514310836792,0.8,random_normmatched,-0.05200618902842204,-0.055539230505625405,-0.011667919158935548,0.06453771326276991,-0.030676485779875452,-0.03242475753471131,0.009225198406147588,-0.020755295380510047,0.2,0.7916666666666666,0.21875,840,67.0
1,0,4,-2.56514310836792,0.8,random,0.011835702260335286,0.025536775588989258,-0.006225999196370443,0.040665438440110946,0.0027249539921867434,-0.0007146721579598017,0.0021063039867398265,0.002766120881610156,0.20416666666666666,0.8027777777777778,0.2604166666666667,840,68.0
1,0,4,-2.56514310836792,0.8,random_normmatched,0.15646460851033528,0.20057950417200723,-0.031074213981628417,0.07895811133914524,0.06977963129412473,0.040872935033552014,0.006038423280518847,0.06080812099441471,0.25,0.7916666666666666,0.3125,840,68.0
1,0,4,-2.56514310836792,0.8,random,0.005125522613525391,0.008349974950154623,-0.0004096269607543945,0.035116240713331436,3.8421906045359924e-05,0.01056745583634553,0.0014744024365307418,-0.002563100618047183,0.2,0.8083333333333333,0.23958333333333334,840,69.0
1,0,4,-2.56514310836792,0.8,random_normmatched,0.029975513617197674,0.0699613094329834,-0.03661809762318929,0.061919109026590986,0.007581231430522606,0.030226727690198043,0.015014245785405462,0.0037657993669923924,0.2125,0.8111111111111111,0.23958333333333334,840,69.0
1,0,4,-2.56514310836792,0.8,random,-0.00862261454264323,-0.013701955477396647,0.0005746603012084961,0.03810071415371365,-0.0013016250386710898,-0.019121892545544195,0.0001186939026168135,-0.0008505911741760284,0.19791666666666666,0.8,0.23958333333333334,840,70.0
1,0,4,-2.56514310836792,0.8,random_normmatched,-0.011051177978515625,-0.01624898115793864,-0.02350434462229411,0.06953178776635063,-0.02576276959320245,-0.057768456226585115,0.012300712637945105,-0.002874667128709489,0.21041666666666667,0.8027777777777778,0.23958333333333334,840,70.0
1,0,4,-2.56514310836792,0.8,random,-0.009780263900756836,-0.014977733294169107,-4.405975341796875e-05,0.035951354768541124,-0.003496275450732683,-0.013527496614953224,0.0036135334487706035,-0.0022738109746690467,0.19166666666666668,0.8111111111111111,0.20833333333333334,840,71.0
1,0,4,-2.56514310836792,0.8,random_normmatched,-0.03332008520762126,-0.027723511060078938,-0.05455989042917887,0.05408504803975423,-0.016169726032856525,-0.03113467081305883,0.03204312950374613,-0.011094744014864613,0.19166666666666668,0.8055555555555556,0.19791666666666666,840,71.0
1,0,4,-2.56514310836792,0.8,random,0.002818127473195394,0.0018396377563476562,-0.0002868493398030599,0.037845018174913196,0.0013547283117553998,0.0029888984014513824,-0.0003884508302630864,0.0017776284375676942,0.20208333333333334,0.8,0.23958333333333334,840,72.0
1,0,4,-2.56514310836792,0.8,random_normmatched,0.06484557390213012,0.05792520443598429,-0.0500705083211263,0.07847929000854492,0.05230487868919721,0.047050494698603326,0.009515243458905701,0.024923991884085443,0.22083333333333333,0.7972222222222223,0.2708333333333333,840,72.0
1,0,4,-2.56514310836792,0.8,random,0.0024822036425272624,0.003847479820251465,-0.004342039426167806,0.04210262828403049,-0.000382711405631474,-0.004276375443105286,0.0035580248912499514,-0.00021362687399803667,0.20208333333333334,0.8,0.25,840,73.0
1,0,4,-2.56514310836792,0.8,random_normmatched,0.07094099124272664,0.08181498448053996,-0.05438001950581869,0.07144849565294054,0.024523724964754245,0.020458619085061802,0.026296341306174108,0.009061728198341022,0.2520833333333333,0.7805555555555556,0.3229166666666667,840,73.0
1,0,4,-2.56514310836792,0.8,random,-0.008219345410664877,-0.006117860476175944,0.000660093625386556,0.03584455913967556,-0.0024363275122362563,-0.01607160116526943,0.0010795984533668427,-0.0009883203628118474,0.18958333333333333,0.8027777777777778,0.20833333333333334,840,74.0
1,0,4,-2.56514310836792,0.8,random_normmatched,-0.04273560841878255,-0.003450890382130941,-0.018419702847798664,0.06747972435421414,-0.020737963680007222,-0.034112539406134824,0.01027457447365477,-0.028165172026006553,0.2,0.8194444444444444,0.20833333333333334,840,74.0
1,0,4,-2.56514310836792,0.8,random,-0.0068980971972147625,0.0015131235122680664,-0.0008516629536946614,0.041951240433586966,-0.0021937729566264097,-0.010775208430214536,0.0029166980279195956,-0.0006650014506742242,0.19166666666666668,0.8194444444444444,0.22916666666666666,840,75.0
1,0,4,-2.56514310836792,0.8,random_normmatched,-0.01895726521809896,-0.015540599822998047,-0.008241649468739827,0.05714399549696181,-0.011308774308806595,-0.03378147737819661,0.0014144126525967714,-0.007648747753364182,0.17916666666666667,0.8111111111111111,0.17708333333333334,840,75.0
1,0,4,-2.56514310836792,0.8,random,-0.009995782375335693,-0.01644599437713623,0.005990759531656901,0.05045859548780653,-0.005383077415826186,-0.009783934378372237,0.0003266650005548569,-0.004280311265626089,0.19375,0.8083333333333333,0.20833333333333334,840,76.0
1,0,4,-2.56514310836792,0.8,random_normmatched,-0.09396927356719971,-0.12412492434183757,0.03835342725118001,0.11731136110093858,-0.10222557285569343,-0.06090629896472447,-0.019346377292532062,-0.07895349424889792,0.22291666666666668,0.8027777777777778,0.21875,840,76.0
1,0,4,-2.56514310836792,0.8,random,0.0008684833844502767,-0.003524303436279297,-0.0031202554702758787,0.03887604872385661,-0.0007142276574855213,0.0018679447096722882,0.003560897999139339,0.0002079536264966865,0.19791666666666666,0.8083333333333333,0.20833333333333334,840,77.0
1,0,4,-2.56514310836792,0.8,random_normmatched,-0.014609197775522867,-0.035378495852152504,-0.07513423760732015,0.05655955738491482,-0.005021044991409268,-0.020701547548177383,0.039114067090691894,0.002889639695793477,0.18958333333333333,0.8083333333333333,0.19791666666666666,840,77.0
1,0,4,-2.56514310836792,0.8,random,0.0005749861399332682,0.00262757142384847,-0.0023924907048543296,0.03682630591922336,0.0017469602957305781,0.0008680095853338991,0.0015399267011918843,0.0014717703915347923,0.19375,0.8111111111111111,0.20833333333333334,840,78.0
1,0,4,-2.56514310836792,0.8,random_normmatched,0.022491157054901123,0.017725924650828045,-0.08725237846374512,0.06149362458123101,0.022928487156134686,0.020873007527770795,0.03282781532126825,0.009672295664434819,0.20208333333333334,0.8027777777777778,0.20833333333333334,840,78.0
1,0,4,-2.56514310836792,0.8,random,0.012551641464233399,0.008788923422495524,-0.006907423337300618,0.03393113083309597,0.0036955103735674495,0.016264297625843485,0.0021427734489566364,0.004564310911728689,0.20833333333333334,0.8,0.25,840,79.0
1,0,4,-2.56514310836792,0.8,random_normmatched,0.1531735897064209,0.15827874342600504,-0.09950796763102214,0.08410295645395914,0.08436557855426702,0.09624640458850496,0.05129325443100907,0.07311744845002482,0.24375,0.8,0.3020833333333333,840,79.0
1,0,4,-2.56514310836792,0.8,random,-0.002833104133605957,-0.002595067024230957,0.002765814463297526,0.035854919751485186,-0.0007942401446421076,-0.010424865706434546,-0.0019035934523617343,-1.918170411248444e-06,0.2,0.8,0.22916666666666666,840,80.0
1,0,4,-2.56514310836792,0.8,random_normmatched,0.00010693868001302084,0.019756555557250977,0.05545837084452311,0.058172549141777885,-0.007014754198104984,-0.01987251348157075,-0.028927004001256654,-0.008659228112642404,0.20208333333333334,0.8027777777777778,0.20833333333333334,840,80.0
1,0,4,-2.56514310836792,0.8,random,0.005913722515106201,-0.0027414560317993164,-0.0047111113866170245,0.04158108234405518,0.004664691407220192,-0.010861153162870254,0.0031714993440104403,0.006208244282755445,0.2,0.8027777777777778,0.25,840,81.0
1,0,4,-2.56514310836792,0.8,random_normmatched,0.10933213631312053,0.13495788971583048,-0.04865461985270182,0.07987960709465874,0.06172956073815294,0.010694818932903945,0.026654938166615044,0.075838239300908,0.24166666666666667,0.7944444444444444,0.28125,840,81.0
1,0,4,-2.56514310836792,0.8,random,-0.004053731759389241,-0.007799466451009114,0.004490542411804199,0.03701126045650906,-0.00240041539257855,-0.004822730802621122,0.0003289425322339453,-0.0030308413596313345,0.19583333333333333,0.8,0.20833333333333334,840,82.0
1,0,4,-2.56514310836792,0.8,random_normmatched,-0.016540280977884927,-0.03482536474863688,0.011373416582743327,0.05353741380903456,-0.007341570818065424,-0.010300912194984328,-0.008148773450309095,-0.0031192150383475897,0.18541666666666667,0.8055555555555556,0.1875,840,82.0
1,0,4,-2.56514310836792,0.8,random,-0.01702666680018107,-0.01909331480662028,0.004950865109761556,0.0389088683658176,-0.005426375591373017,-0.014184804886908587,0.00018530974961470336,-0.005280949059558731,0.19166666666666668,0.8,0.21875,840,83.0
1,0,4,-2.56514310836792,0.8,random_normmatched,-0.15153414408365887,-0.1504883368810018,-0.02378531297047933,0.06947802437676323,-0.06702905193871202,-0.08417405740476074,0.011357974359536734,-0.06245410762183126,0.18541666666666667,0.7972222222222223,0.19791666666666666,840,83.0
1,0,4,-2.56514310836792,0.8,random,-0.011847845713297526,-0.014653623104095459,0.0029704093933105467,0.03562183909946018,-0.0038826795425849388,-0.008663393882919788,0.001102290130055567,-0.00317392570545778,0.19583333333333333,0.8,0.20833333333333334,840,84.0
1,0,4,-2.56514310836792,0.8,random_normmatched,-0.10406899452209473,-0.10933218399683635,0.018304475148518882,0.06386384699079725,-0.06572322848118248,-0.07826314648750769,-0.0051215583271102105,-0.05264740672755738,0.18125,0.7972222222222223,0.20833333333333334,840,84.0
1,0,4,-2.56514310836792,0.8,random,0.0025485714276631674,-0.012396772702534994,0.004106259346008301,0.04366460641225179,0.0013984483817360788,-0.0054213316673866665,0.001099153641267869,0.002608893405589708,0.20416666666666666,0.8055555555555556,0.21875,840,85.0
1,0,4,-2.56514310836792,0.8,random_normmatched,0.004503575960795084,-0.0077174703280131025,-0.02623306115468343,0.05968364344702826,0.0037515374425561247,-0.0251680761029408,0.004466255555914291,0.007718439968716739,0.20833333333333334,0.7972222222222223,0.2604166666666667,840,85.0
1,0,4,-2.56514310836792,0.8,random,-0.007038549582163493,-0.01441192626953125,0.0030068318049112958,0.04034951792822944,-0.0028198524364375665,-0.012914243248549152,0.0008043799670315942,-0.0017227297473682386,0.19166666666666668,0.8083333333333333,0.20833333333333334,840,86.0
1,0,4,-2.56514310836792,0.8,random_normmatched,-0.024311967690785728,-0.034083267052968345,-0.03832175731658936,0.0549515167872111,-0.015398464458987545,-0.019956624658224103,0.015267965153172688,-0.013292074898702388,0.19166666666666668,0.8027777777777778,0.21875,840,86.0
1,0,4,-2.56514310836792,0.8,random,0.0017402887344360352,-0.011639595031738281,0.008178925514221192,0.04492859840393067,0.00034465150463758564,-0.00929338245104255,-0.0030274296812212937,0.0007472676764130189,0.19791666666666666,0.8055555555555556,0.23958333333333334,840,87.0
1,0,4,-2.56514310836792,0.8,random_normmatched,0.04591444730758667,-0.0009015202522277832,0.027164260546366375,0.056927879651387535,0.022920217360224066,0.008258798121251819,-0.0254036922906718,0.029346728034807736,0.20833333333333334,0.8027777777777778,0.28125,840,87.0
1,0,4,-2.56514310836792,0.8,random,-0.010894076029459635,-0.0063417355219523115,-0.005596542358398437,0.036370788680182564,-0.004018402661541651,-0.018412666278715073,0.0026271519571622,-0.002616290081345456,0.18958333333333333,0.8,0.22916666666666666,840,88.0
1,0,4,-2.56514310836792,0.8,random_normmatched,-0.08892255226771037,-0.08857502539952596,-0.007999054590861003,0.0761809057659573,-0.03210742643932496,-0.06679861049013805,0.0011360432204393074,-0.02585051928760578,0.18333333333333332,0.8194444444444444,0.20833333333333334,840,88.0
1,0,4,-2.56514310836792,0.8,random,-0.0020952900250752766,0.004990816116333008,-0.0006063222885131836,0.03580119080013699,-0.0016902932492529423,-0.013026033988013863,0.0016289045773930412,-0.0017231296239911466,0.19375,0.7972222222222223,0.23958333333333334,840,89.0
1,0,4,-2.56514310836792,0.8,random_normmatched,0.05314594507217407,0.12625451882680258,-0.013063542048136393,0.07999855677286784,0.021901089274586734,0.020053837452651376,0.006929129644818791,0.03148497883147151,0.23333333333333334,0.7861111111111111,0.2708333333333333,840,89.0
1,0,4,-2.56514310836792,0.8,random,0.00880368947982788,0.011380434036254883,-0.003009454409281413,0.038068540891011554,0.0032232008289583424,0.0036894958232594325,0.002310479473137255,0.005013497271313807,0.19375,0.8083333333333333,0.21875,840,90.0
1,0,4,-2.56514310836792,0.8,random_normmatched,0.10375937223434448,0.09873950481414795,-0.06925511360168457,0.06771901978386773,0.0385952384040448,0.04646952993647826,0.03290616955632176,0.05049212292764855,0.19166666666666668,0.8055555555555556,0.1875,840,90.0
1,0,4,-2.56514310836792,0.8,random,-0.0036166866620381674,-0.011479695638020834,0.002225478490193685,0.042521036995781795,-0.0006597906388281049,-0.0019376536143064704,-0.0009379551552999931,-0.0003884903539060117,0.20208333333333334,0.7972222222222223,0.22916666666666666,840,91.0
1,0,4,-2.56514310836792,0.8,random_normmatched,0.023778092861175538,0.01324536403020223,-0.030330324172973634,0.0587512387169732,0.01594614046472434,0.012780381520962444,0.010611788409717573,0.009719013845371396,0.22083333333333333,0.8,0.2604166666666667,840,91.0
1,0,4,-2.56514310836792,0.8,random,0.013239626089731853,0.003172000249226888,-0.0026969114939371743,0.040044824282328285,0.00843142952463974,0.012777634787970027,0.0009449090067693367,0.005719844428844378,0.20208333333333334,0.8027777777777778,0.23958333333333334,840,92.0
1,0,4,-2.56514310836792,0.8,random_normmatched,0.12005070447921753,0.1306571364402771,-0.06905306180318196,0.06726515822940403,0.07053288226257066,0.059830180278192424,0.03484949486011747,0.06730382771282115,0.23541666666666666,0.7916666666666666,0.2604166666666667,840,92.0
1,0,4,-2.56514310836792,0.8,random,-0.00382231871287028,-0.0006922682126363119,-0.002241150538126628,0.038948798179626466,-0.0018208972577521548,-0.007697407159023422,0.0017888100390127466,-0.0015823200305201243,0.2,0.8,0.25,840,93.0
1,0,4,-2.56514310836792,0.8,random_normmatched,-0.008281282583872477,-0.009694536526997885,-0.03133504390716553,0.07479756408267552,-0.008364803190598678,-0.01619325056349442,0.004709359487443361,-0.007091629529046995,0.22916666666666666,0.7833333333333333,0.2604166666666667,840,93.0
1,0,4,-2.56514310836792,0.8,random,0.0009652455647786458,-0.0038735071818033853,-0.004919226964314779,0.036470733748541935,0.00018229968187479282,-0.0008883997621666371,0.001879006932352803,-8.721952399438695e-05,0.19791666666666666,0.8083333333333333,0.20833333333333334,840,94.0
1,0,4,-2.56514310836792,0.8,random_normmatched,-0.0006441553433736165,-0.02126447359720866,-0.02487952709197998,0.06240624056922065,0.010306640293668845,-0.0176373569738414,0.005711460987499823,-0.0008319734066717071,0.19583333333333333,0.8,0.21875,840,94.0
1,0,4,-2.56514310836792,0.8,random,-0.0010754982630411783,-5.396207173665365e-05,0.003516213099161784,0.037046043078104655,0.0006830155725552856,-0.00023621414681689184,-8.089732875608791e-05,0.0009040738473682159,0.19791666666666666,0.8027777777777778,0.23958333333333334,840,95.0
1,0,4,-2.56514310836792,0.8,random_normmatched,0.017603564262390136,-0.007539411385854085,0.005514852205912272,0.05172682073381212,0.01456826841758898,0.004662054264177853,0.010781018780729786,0.013536756196376447,0.20625,0.8083333333333333,0.25,840,95.0
1,0,4,-2.56514310836792,0.8,random,-0.0011462926864624023,-0.002231438954671224,-0.014118274052937826,0.03792636394500733,-8.062483296853215e-05,-0.007634268236101938,0.006984322865455757,-0.00029409139824336565,0.18541666666666667,0.8083333333333333,0.21875,840,96.0
1,0,4,-2.56514310836792,0.8,random_normmatched,0.015704933802286783,-0.04235978921254476,-0.11650448640187581,0.06210983064439562,0.014359353982859,0.0019746149220561493,0.0618121843209447,0.02208539088377659,0.21458333333333332,0.8111111111111111,0.2604166666666667,840,96.0
1,0,4,-2.56514310836792,0.8,random,-0.007559553782145182,-0.010742624600728353,0.005558069547017415,0.03729018635219998,-0.0031370270429573826,-0.010990297688194548,-0.0005863751094495848,-0.002149198094260764,0.20208333333333334,0.8027777777777778,0.25,840,97.0
1,0,4,-2.56514310836792,0.8,random_normmatched,0.02136262655258179,0.039721667766571045,0.001286466916402181,0.06343564722273085,0.005207540017146197,0.015227342207351224,-0.00044813224421270134,0.001981661215401638,0.22291666666666668,0.7972222222222223,0.20833333333333334,840,97.0
1,0,4,-2.56514310836792,0.8,random,-0.005890548229217529,-0.0055147210756937666,8.324782053629558e-05,0.03374638822343615,-0.0014799246222152464,-0.017146820752277324,0.002314202920901215,-0.0005063030524296171,0.19166666666666668,0.8083333333333333,0.20833333333333334,840,98.0
1,0,4,-2.56514310836792,0.8,random_normmatched,-0.01743333339691162,-0.01644343137741089,-0.033477950096130374,0.05602002143859863,-0.024179913708758955,-0.02231852337926499,0.016433668033448486,-0.010188450633843247,0.21041666666666667,0.7972222222222223,0.23958333333333334,840,98.0
1,0,4,-2.56514310836792,0.8,random,0.016359015305836996,0.01941804091135661,-0.011791650454203289,0.04210590521494548,0.003719671953657918,0.011551890610444229,0.004468658420126647,0.0025103638048835164,0.19791666666666666,0.8055555555555556,0.22916666666666666,840,99.0
1,0,4,-2.56514310836792,0.8,random_normmatched,0.11665035088857015,0.08273343245188396,-0.10521667798360189,0.07926908334096273,0.05645605312153596,0.048768077457638045,0.05317879012903712,0.05479669908016999,0.21875,0.8027777777777778,0.21875,840,99.0
1,0,4,-2.56514310836792,0.8,shuffled_labels,0.9273068388303121,0.866176962852478,-0.633591103553772,0.5098238839043512,0.42365655829917936,0.7614596364086277,0.313181308975584,0.4429185599027122,0.4395833333333333,0.7833333333333333,0.4583333333333333,840,
1,1,0,-2.554694652557373,0.8466666666666667,das,3.0457833099365232,3.143344014485677,-2.7880038630167645,0.8361904907226563,1.1273848320397277,1.9890554033902221,1.2787856715719996,1.259353883005547,0.8826666666666667,0.81,0.9066666666666666,1350,
1,1,0,-2.554694652557373,0.8466666666666667,random,0.0009319788614908854,0.009819806416829427,-0.003155583699544271,0.03495253562927246,0.0008242175934446694,0.003032155880546874,0.0006689401695049854,0.0007279119913199928,0.16133333333333333,0.8416666666666667,0.14,1350,0.0
1,1,0,-2.554694652557373,0.8466666666666667,random_normmatched,0.025388099670410155,0.04147602081298828,0.0013458506266276042,0.05602130889892578,0.011563052645898518,0.00965337204258595,-0.0002746757538561901,0.008984222263968786,0.184,0.8366666666666667,0.19333333333333333,1350,0.0
1,1,0,-2.554694652557373,0.8466666666666667,random,0.013351755777994792,0.02596928914388021,-0.009790639241536458,0.044135850270589194,0.003823229379106958,0.020804401699807736,0.0006781034262543172,0.0035275156356116893,0.16133333333333333,0.8383333333333334,0.14,1350,1.0
1,1,0,-2.554694652557373,0.8466666666666667,random_normmatched,0.056678502400716146,-0.0012866973876953125,-0.07739499918619791,0.08467078844706218,0.05959493306232846,0.09465798061137616,0.033128947867877144,0.04112681594287777,0.2,0.84,0.17333333333333334,1350,1.0
1,1,0,-2.554694652557373,0.8466666666666667,random,-0.005542353312174479,0.0025050862630208335,-0.0022928568522135417,0.03856720288594564,-0.0015957353319264375,-0.0016908726291447894,0.00047132442964942743,-0.002335256346652681,0.15466666666666667,0.8433333333333334,0.10666666666666667,1350,2.0
1,1,0,-2.554694652557373,0.8466666666666667,random_normmatched,-0.06970127868652344,-0.03614481608072917,-0.01617102559407552,0.05774745941162109,-0.040283052274365655,-0.030125625284044662,0.004649861286939545,-0.03750525827193921,0.14666666666666667,0.845,0.1,1350,2.0
1,1,0,-2.554694652557373,0.8466666666666667,random,0.005872197469075521,0.02401476542154948,-0.002074554443359375,0.04001518249511719,0.001765958846759721,0.0068424649530978016,0.0006376401428804413,0.002076177167118261,0.16133333333333333,0.84,0.14,1350,3.0
1,1,0,-2.554694652557373,0.8466666666666667,random_normmatched,0.045224568684895834,0.10021995544433594,-0.05064040120442708,0.06134898503621419,0.020711067721878577,0.027085958395116145,0.017952567475747534,0.020885474843650133,0.17066666666666666,0.8383333333333334,0.14666666666666667,1350,3.0
1,1,0,-2.554694652557373,0.8466666666666667,random,0.010359652201334635,0.023603045145670572,-0.0033204396565755206,0.04083237489064535,0.002908516674558091,0.006726318241922562,0.00012371308755030784,0.0026379184272294974,0.156,0.845,0.10666666666666667,1350,4.0
1,1,0,-2.554694652557373,0.8466666666666667,random_normmatched,0.0734874979654948,0.09971143086751302,-0.08827599080403646,0.05935903549194336,0.027887806645388886,0.01816804062458521,0.034765802206161954,0.0268784962084002,0.164,0.8333333333333334,0.16,1350,4.0
1,1,0,-2.554694652557373,0.8466666666666667,random,0.006638971964518229,0.02005658467610677,-0.0019162089029947918,0.040112854639689124,0.00033208767114518235,0.006895576514970631,0.00016723504237624635,0.00015195971273389438,0.15866666666666668,0.8416666666666667,0.12666666666666668,1350,5.0
1,1,0,-2.554694652557373,0.8466666666666667,random_normmatched,0.06703470357259114,0.14485763549804687,-0.007319020589192708,0.05461890697479248,0.022152817545131775,0.014556838094088927,-0.003222910110142226,0.02703731911652704,0.17333333333333334,0.835,0.2,1350,5.0
1,1,0,-2.554694652557373,0.8466666666666667,random,0.004431920369466146,0.014889322916666666,0.00417950439453125,0.03767420291900635,0.0005662462465408363,0.013718820294494638,0.0002496659118007154,0.0006026126172826707,0.16,0.8366666666666667,0.13333333333333333,1350,6.0
1,1,0,-2.554694652557373,0.8466666666666667,random_normmatched,0.014479395548502604,0.01591382344563802,0.014197402954101563,0.055058101018269856,0.004696439860123073,0.06583207216400633,-0.012116252697878607,0.0040171639047883395,0.15866666666666668,0.8383333333333334,0.13333333333333333,1350,6.0
1,1,0,-2.554694652557373,0.8466666666666667,random,0.003352818806966146,0.01375483194986979,7.396952311197917e-05,0.035958747863769534,0.0013635599798346764,0.0054216521990463765,-0.00019685196891979482,0.0016003357189034696,0.16133333333333333,0.8366666666666667,0.14,1350,7.0
1,1,0,-2.554694652557373,0.8466666666666667,random_normmatched,0.0016227874755859375,0.038993606567382814,-0.03827610778808594,0.05217763582865397,0.0031370203737044254,0.000791642189047239,0.015046258368242672,0.002904061413647177,0.152,0.8433333333333334,0.14,1350,7.0
1,1,0,-2.554694652557373,0.8466666666666667,random,-0.0007641576131184896,0.005493863423665365,0.0010271402994791667,0.03807926336924235,-0.00013842786007831802,-0.001250125492300203,0.0002136366974437034,-0.00018953138769374318,0.15466666666666667,0.8433333333333334,0.10666666666666667,1350,8.0
1,1,0,-2.554694652557373,0.8466666666666667,random_normmatched,-0.027853012084960938,-0.03607042948404948,-0.018073872884114585,0.050854303042093915,-0.012367264957948898,-0.0190279553915704,0.008305392623652645,-0.014078241610268147,0.148,0.8466666666666667,0.12,1350,8.0
1,1,0,-2.554694652557373,0.8466666666666667,random,-0.0048282470703125,0.015195159912109376,-0.002581512451171875,0.04024614175160726,-0.000694617360531439,-0.006417659418055218,0.0004665186433286931,-0.00012338801851830472,0.15466666666666667,0.8416666666666667,0.12,1350,9.0
1,1,0,-2.554694652557373,0.8466666666666667,random_normmatched,-0.06075768534342448,-0.030106913248697915,-0.012702479044596354,0.05459844430287679,-0.0270686415526374,-0.05516109514525262,0.0016505371573655619,-0.025554560991740537,0.12933333333333333,0.8433333333333334,0.08,1350,9.0
1,1,0,-2.554694652557373,0.8466666666666667,random,0.004533437093098959,0.019827524820963543,-0.0010760447184244792,0.0404794438680013,0.0005809610190688465,0.0061680992049411125,-0.00010322725199452656,0.0006979554448371533,0.156,0.845,0.11333333333333333,1350,10.0
1,1,0,-2.554694652557373,0.8466666666666667,random_normmatched,-0.008979909261067709,0.02731830596923828,-0.009696449279785156,0.05789279619852702,-0.023946384818823684,-0.007367227726121232,-0.004508075055359684,-0.022391244052825842,0.14666666666666667,0.8466666666666667,0.12,1350,10.0
1,1,0,-2.554694652557373,0.8466666666666667,random,0.01652208455403646,0.033778788248697914,-0.004846832275390625,0.042928762435913086,0.004208988998881439,0.03034001159119045,0.0013943953255244788,0.003641108876730537,0.16266666666666665,0.845,0.14666666666666667,1350,11.0
1,1,0,-2.554694652557373,0.8466666666666667,random_normmatched,0.07033337910970051,0.033862889607747394,-0.05765385182698568,0.07136751969655354,0.04411869461688349,0.10748734598392408,0.023680428930169275,0.04875128980016275,0.16933333333333334,0.8366666666666667,0.16666666666666666,1350,11.0
1,1,0,-2.554694652557373,0.8466666666666667,random,0.00555853271484375,0.01785596211751302,-0.0004470469156901042,0.037230943044026694,-1.9086608097288984e-05,0.010727276598448052,0.0005422666172359308,0.0,0.16266666666666665,0.84,0.14666666666666667,1350,12.0
1,1,0,-2.554694652557373,0.8466666666666667,random_normmatched,0.002534881591796875,-0.03463451385498047,-0.00137921142578125,0.06814596811930339,-0.003265173313786223,-0.004587247393049543,0.004337145006281658,0.0008022841188257164,0.16,0.845,0.14,1350,12.0
1,1,0,-2.554694652557373,0.8466666666666667,random,0.004391464233398437,0.010469182332356771,0.0001669464111328125,0.04067621866861979,0.0013458856435854332,0.0042798130089338774,0.001300472324323348,0.001820015734011359,0.15333333333333332,0.85,0.12666666666666668,1350,13.0
1,1,0,-2.554694652557373,0.8466666666666667,random_normmatched,0.018786041259765626,0.022352549235026043,-0.010813639322916667,0.05297495524088542,0.006085384781119412,0.015031410407891443,0.006804830229733459,0.007007286434922135,0.156,0.84,0.14,1350,13.0
1,1,0,-2.554694652557373,0.8466666666666667,random,-0.006130223592122396,0.004376169840494792,-0.0026046346028645835,0.036817735036214196,-0.0023494705681662872,-0.006255638823558461,0.0012997315891801894,-0.0019872718454975674,0.16133333333333333,0.845,0.14,1350,14.0
1,1,0,-2.554694652557373,0.8466666666666667,random_normmatched,-0.033901262919108076,-0.02331645965576172,-0.04680334981282552,0.06877285798390706,-0.022085477783813035,-0.0241242600040275,0.013600256998102188,-0.015866666606538325,0.16266666666666665,0.8416666666666667,0.14,1350,14.0
1,1,0,-2.554694652557373,0.8466666666666667,random,0.005090591430664063,0.01478668212890625,0.001798731486002604,0.03959184328715006,0.000440116190674338,0.0041950517443268475,-0.0008210167484215833,0.001115819895621125,0.156,0.84,0.11333333333333333,1350,15.0
1,1,0,-2.554694652557373,0.8466666666666667,random_normmatched,0.02241148885091146,0.03246715545654297,-0.019743054707845053,0.05116525014241537,0.003448910512375267,-0.00447327221613866,0.0028991653796602303,0.00506359722495719,0.156,0.8433333333333334,0.12,1350,15.0
1,1,0,-2.554694652557373,0.8466666666666667,random,-0.0008796793619791667,0.015848490397135418,-0.003280792236328125,0.04187417030334473,-0.0010383136176740381,0.0022865394273215104,0.0010522778013395536,-0.0011575736212471332,0.156,0.84,0.12,1350,16.0
1,1,0,-2.554694652557373,0.8466666666666667,random_normmatched,-0.019921895345052083,0.027534942626953125,-0.014886154174804687,0.06362787246704102,-0.013156273256139621,-0.007950090548182194,0.0035832834487410396,-0.00665830244673682,0.16666666666666666,0.84,0.14666666666666667,1350,16.0
1,1,0,-2.554694652557373,0.8466666666666667,random,0.010625289916992188,0.03674730936686198,-0.008513865152994791,0.041912622451782226,0.00295569759678018,0.011400209046615373,0.0020354504206608896,0.003326258356933579,0.15866666666666668,0.84,0.12666666666666668,1350,17.0
1,1,0,-2.554694652557373,0.8466666666666667,random_normmatched,0.06999553680419922,0.11270214080810546,-0.05050392659505208,0.05412359237670898,0.027815343250618164,0.044859769598113865,0.024072755207374747,0.02859884668545379,0.17466666666666666,0.8433333333333334,0.18666666666666668,1350,17.0
1,1,0,-2.554694652557373,0.8466666666666667,random,-0.012345977783203125,0.010282338460286458,0.005409703572591146,0.04022654851277669,-0.004034560568079339,-0.010245141530557587,-0.0008925261500732279,-0.0034210021495009913,0.15733333333333333,0.8416666666666667,0.12,1350,18.0
1,1,0,-2.554694652557373,0.8466666666666667,random_normmatched,-0.14748590087890626,-0.18017435709635415,0.04629345194498698,0.07714492638905843,-0.09700491418559856,-0.12629193441077968,-0.0382621011947154,-0.07033812580869513,0.14133333333333334,0.8383333333333334,0.08666666666666667,1350,18.0
1,1,0,-2.554694652557373,0.8466666666666667,random,-0.0002594451904296875,0.026579360961914062,-0.005437911987304688,0.041629754702250166,-0.0010952077503444395,-0.003015702815352961,0.0007280177659965941,-0.0011168002548403266,0.16133333333333333,0.8433333333333334,0.13333333333333333,1350,19.0
1,1,0,-2.554694652557373,0.8466666666666667,random_normmatched,-0.02359221649169922,0.03247857411702474,-0.025967010498046873,0.059640973409016924,-0.018028866296263144,-0.04898319626296361,0.007140663643635758,-0.013463006057411459,0.148,0.8466666666666667,0.12,1350,19.0
1,1,0,-2.554694652557373,0.8466666666666667,random,0.00124383544921875,0.018833160400390625,0.0011131184895833333,0.03949150403340657,0.0004414431758403055,0.005610965906444898,0.001350489123126268,0.0004240183026518369,0.156,0.8433333333333334,0.10666666666666667,1350,20.0
1,1,0,-2.554694652557373,0.8466666666666667,random_normmatched,-0.004370559692382812,0.051625544230143226,0.0015549545288085938,0.05682802518208822,-0.009268846975601559,0.008412172019171113,-0.0139492826106092,-0.008667974789991952,0.15466666666666667,0.8416666666666667,0.1,1350,20.0
1,1,0,-2.554694652557373,0.8466666666666667,random,-0.0006383616129557292,0.013390070597330729,0.005072067260742188,0.03875793774922689,0.00043381329378874465,0.0065976435314786044,-0.00012425807912541933,0.0005397550925635512,0.15466666666666667,0.8366666666666667,0.12,1350,21.0
1,1,0,-2.554694652557373,0.8466666666666667,random_normmatched,-0.024837104797363282,-0.05070799509684245,0.0367113037109375,0.0617791207631429,-0.004918891572501333,0.02568391789307133,-0.010670390049107829,-0.0056481657419656375,0.16,0.8416666666666667,0.14,1350,21.0
1,1,0,-2.554694652557373,0.8466666666666667,random,0.006470230102539063,0.02083531697591146,-0.0009579416910807291,0.037603963216145835,0.0018532892683668489,-0.0007122845445395172,0.0015232931033836352,0.0011365366786874286,0.15733333333333333,0.8416666666666667,0.12666666666666668,1350,22.0
1,1,0,-2.554694652557373,0.8466666666666667,random_normmatched,0.07743445587158203,0.07617872873942057,-0.04358146158854167,0.060894347826639814,0.026909390758877858,-0.016849334610571455,0.006498081171027029,0.02807924293480585,0.17866666666666667,0.8283333333333334,0.16666666666666666,1350,22.0
1,1,0,-2.554694652557373,0.8466666666666667,random,0.007790288289388021,0.017643280029296875,0.005801910400390625,0.04395451227823893,0.002487856794193667,0.009184077825459502,-0.0007291987274991713,0.0033306392162783882,0.156,0.845,0.11333333333333333,1350,23.0
1,1,0,-2.554694652557373,0.8466666666666667,random_normmatched,0.024660807291666666,0.036381429036458336,-0.004658477783203125,0.05298027356465657,0.009034385077660502,0.026500581612217283,0.006766657013538881,0.010761046696761385,0.148,0.845,0.12,1350,23.0
1,1,0,-2.554694652557373,0.8466666666666667,random,0.02080583699544271,0.03387074788411459,-0.00238531494140625,0.038193283081054685,0.006972077220401269,0.019275550044186844,0.0005441436539246361,0.006805554168200228,0.15866666666666668,0.845,0.12666666666666668,1350,24.0
1,1,0,-2.554694652557373,0.8466666666666667,random_normmatched,0.15647581481933595,0.13922025044759115,-0.008662755330403647,0.062419649759928385,0.05939343441131391,0.09362446785912444,0.002096800232402176,0.0532834356424048,0.17466666666666666,0.84,0.15333333333333332,1350,24.0
1,1,0,-2.554694652557373,0.8466666666666667,random,0.010570889790852864,0.015104866027832032,0.0002853190104166667,0.04024655183156332,0.0023036938316585024,0.012101274771193347,0.00016676742198411541,0.0020136474031361468,0.15733333333333333,0.8466666666666667,0.12,1350,25.0
1,1,0,-2.554694652557373,0.8466666666666667,random_normmatched,0.08405890655517578,0.06509372711181641,-0.02205262247721354,0.06080793857574463,0.027829637934997146,0.06818979969743229,0.003196843966807237,0.03521896656095556,0.16533333333333333,0.845,0.13333333333333333,1350,25.0
1,1,0,-2.554694652557373,0.8466666666666667,random,-0.001230377197265625,0.013956553141276041,-0.00477325439453125,0.04057864189147949,-0.0003081123878562365,0.007562092405407011,0.0005666829728825626,-0.0008320987815463333,0.15866666666666668,0.8416666666666667,0.12,1350,26.0
1,1,0,-2.554694652557373,0.8466666666666667,random_normmatched,-0.041171193440755205,-0.02644292195638021,-0.007826161702473959,0.07445098241170248,-0.004428093078571045,0.011973781096260403,-0.00010543078758502488,-0.00863179188527528,0.15466666666666667,0.8466666666666667,0.12,1350,26.0
1,1,0,-2.554694652557373,0.8466666666666667,random,-0.0022193883260091148,0.009528185526529948,0.006708913167317709,0.03909687995910645,-0.0001899102441869016,0.002344759895210272,-0.0017308932425540867,-0.00025569725445073033,0.15733333333333333,0.8383333333333334,0.11333333333333333,1350,27.0
1,1,0,-2.554694652557373,0.8466666666666667,random_normmatched,-0.03279815928141276,0.025380109151204425,0.045205856323242186,0.05961302439371745,-0.02109989382201638,-0.03571600967929077,-0.023870075640909556,-0.017230115956230606,0.152,0.8383333333333334,0.10666666666666667,1350,27.0
1,1,0,-2.554694652557373,0.8466666666666667,random,0.004936955769856771,0.019766387939453126,-0.007583943684895834,0.03711078008015951,0.0013065237685644245,0.008076236429337687,0.0006186722364497702,0.0014951250086540488,0.16266666666666665,0.84,0.14,1350,28.0
1,1,0,-2.554694652557373,0.8466666666666667,random_normmatched,0.05504705556233724,0.08268029530843099,-0.04282465108235677,0.05206478118896484,0.018745379646317974,0.026086371994119,0.018484253060560982,0.021172830700973425,0.17733333333333334,0.8366666666666667,0.16666666666666666,1350,28.0
1,1,0,-2.554694652557373,0.8466666666666667,random,0.00242144775390625,0.01982826232910156,-0.0063962504069010415,0.03925694465637207,0.0009536797045037886,0.003415567670775777,0.0009484226452152884,0.0009237419691204019,0.15733333333333333,0.8433333333333334,0.12,1350,29.0
1,1,0,-2.554694652557373,0.8466666666666667,random_normmatched,0.05721279144287109,0.1200177001953125,-0.016786605834960937,0.06871079126993815,0.018592174058959215,0.016887460550495354,0.004385829874927047,0.03216271591937739,0.15866666666666668,0.8516666666666667,0.15333333333333332,1350,29.0
1,1,0,-2.554694652557373,0.8466666666666667,random,-0.00017937723795572916,0.018814061482747394,-0.0033456573486328124,0.037707244555155436,-0.00031128217849512273,0.0014810178458695706,0.0016649492619655966,-0.0003025680953221728,0.15333333333333332,0.8416666666666667,0.10666666666666667,1350,30.0
1,1,0,-2.554694652557373,0.8466666666666667,random_normmatched,0.014225115458170573,0.05477395375569662,-0.04568315633138021,0.05145719846089681,-0.0027863355925964455,-0.00567152116466607,0.017497875194714647,0.0029952011581621894,0.15866666666666668,0.8416666666666667,0.13333333333333333,1350,30.0
1,1,0,-2.554694652557373,0.8466666666666667,random,0.00573797607421875,0.015487085978190105,0.0017715708414713543,0.039567454655965166,0.00014605774212987885,0.0070533851486821245,-0.0006307669533104074,0.00018810127840646054,0.15733333333333333,0.8416666666666667,0.12,1350,31.0
1,1,0,-2.554694652557373,0.8466666666666667,random_normmatched,0.02383336385091146,0.06090950012207031,-0.012376846313476563,0.05817498524983724,-0.004335544583770115,0.012374030106975327,-0.01075867868427589,-0.00124187928231873,0.16,0.8366666666666667,0.14,1350,31.0
1,1,0,-2.554694652557373,0.8466666666666667,random,-0.0007204360961914063,0.009092140197753906,0.003647064208984375,0.040541467666625974,-0.00014083718101578818,0.0008259998044298972,-0.0002862991214593348,-0.00026099438862064463,0.15866666666666668,0.8416666666666667,0.12666666666666668,1350,32.0
1,1,0,-2.554694652557373,0.8466666666666667,random_normmatched,-0.0013211110432942708,0.017255579630533854,-0.009746078491210938,0.05965062459309896,0.0039994558563460755,0.008740135559569404,-0.0050481574923758555,0.0033193841273931545,0.15733333333333333,0.8383333333333334,0.14666666666666667,1350,32.0
1,1,0,-2.554694652557373,0.8466666666666667,random,0.0008020909627278645,0.011798871358235678,-0.0020268961588541666,0.04005779107411703,0.0005872767877301468,-0.0009409020136824186,-6.001584418286428e-05,0.0006976955202797648,0.156,0.8433333333333334,0.10666666666666667,1350,33.0
1,1,0,-2.554694652557373,0.8466666666666667,random_normmatched,-0.012419909159342449,-0.019570706685384114,-0.018220967610677083,0.058357919057210286,-0.02215554250300733,-0.027573906003487095,0.008607151365777463,-0.01369696541179278,0.16933333333333334,0.845,0.13333333333333333,1350,33.0
1,1,0,-2.554694652557373,0.8466666666666667,random,0.0010267003377278645,0.010268541971842448,0.004361857096354167,0.042401180267333985,-0.0006584931293002349,0.007404671751790778,0.0003456912624932982,-0.0008897398263989795,0.15733333333333333,0.8416666666666667,0.12,1350,34.0
1,1,0,-2.554694652557373,0.8466666666666667,random_normmatched,-0.04485878499348958,-0.034191830952962236,0.018501078287760417,0.06905431747436523,-0.002699912776973121,0.006704313778063958,0.001422775612761769,-0.0043262254492100055,0.148,0.855,0.08666666666666667,1350,34.0
1,1,0,-2.554694652557373,0.8466666666666667,random,0.004079696655273438,0.029128875732421875,-0.0022918192545572915,0.03923794428507487,0.0008131274300663405,0.007145517638368917,0.0010270412928541216,0.0007672667794550393,0.15733333333333333,0.8383333333333334,0.12,1350,35.0
1,1,0,-2.554694652557373,0.8466666666666667,random_normmatched,-0.013125495910644531,0.04867371877034505,-0.02655079650878906,0.056797424952189125,-0.009593563694115492,-0.0009021643033643229,0.011404610817255755,-0.005016972098069859,0.16933333333333334,0.8416666666666667,0.15333333333333332,1350,35.0
1,1,0,-2.554694652557373,0.8466666666666667,random,0.0038924560546875,0.020705897013346353,-0.010801289876302083,0.04029333114624024,0.00027413076228107857,0.010121352548003986,0.0035716624070671605,0.0003305119157414956,0.156,0.845,0.11333333333333333,1350,36.0
1,1,0,-2.554694652557373,0.8466666666666667,random_normmatched,0.009226221720377605,0.020398915608723957,-0.06419767761230469,0.05763108253479004,0.004423567821904983,0.01774845113662071,0.03531492313970888,0.0047549502428421014,0.152,0.8483333333333334,0.11333333333333333,1350,36.0
1,1,0,-2.554694652557373,0.8466666666666667,random,0.011191370646158855,0.029327367146809894,-0.0036239725748697916,0.03989272435506185,0.002262260028287788,0.023052531748622623,0.001046582344001346,0.0023420489901643457,0.16133333333333333,0.8433333333333334,0.14,1350,37.0
1,1,0,-2.554694652557373,0.8466666666666667,random_normmatched,0.01678381601969401,0.04660617828369141,-0.033815699259440106,0.05389859994252523,-0.0005998648259147967,0.07600543598938866,0.014621024560606783,-0.0007594982353497974,0.15866666666666668,0.8383333333333334,0.12666666666666668,1350,37.0
1,1,0,-2.554694652557373,0.8466666666666667,random,0.008002245585123698,0.028339729309082032,-0.0008966623942057292,0.03891699473063151,0.0015118066293592683,0.0004596602717291735,0.000786967834460989,0.0027184984511391115,0.156,0.8433333333333334,0.12,1350,38.0
1,1,0,-2.554694652557373,0.8466666666666667,random_normmatched,0.06950999704996745,0.08951971689860026,-0.04900158182779948,0.06180605888366699,0.032534881140358504,0.0035460039808774663,0.01941698819459206,0.03599184091376662,0.18533333333333332,0.845,0.16666666666666666,1350,38.0
1,1,0,-2.554694652557373,0.8466666666666667,random,0.007952957153320313,0.02061370849609375,-0.005543828328450521,0.040878610610961916,0.0017676349612850575,0.009674467788956503,0.0007389985589012041,0.001045042176310088,0.15866666666666668,0.8383333333333334,0.12,1350,39.0
1,1,0,-2.554694652557373,0.8466666666666667,random_normmatched,0.045553138732910156,0.08579931894938152,-0.031474957784016926,0.05913562456766764,0.024632631078701242,0.05466782335462335,0.0143061768306833,0.02013228079506855,0.156,0.8383333333333334,0.13333333333333333,1350,39.0
1,1,0,-2.554694652557373,0.8466666666666667,random,0.005605646769205729,0.011678619384765625,-0.002049840291341146,0.042880953152974445,0.0018300220775657066,0.011747000166443394,0.002566884659200132,0.001501586507445394,0.15866666666666668,0.835,0.12666666666666668,1350,40.0
1,1,0,-2.554694652557373,0.8466666666666667,random_normmatched,-0.010818443298339843,-0.0089349365234375,-0.008929331461588542,0.06355443636576334,-0.0050569768254595,0.009624941788976441,0.006497715396864772,-0.008000279864443124,0.152,0.8366666666666667,0.1,1350,40.0
1,1,0,-2.554694652557373,0.8466666666666667,random,0.00106170654296875,0.012339375813802083,0.000974212646484375,0.04068871815999349,0.0003760992902126161,0.004941904931683137,0.0008329215601023348,0.0004748597127636605,0.15333333333333332,0.8416666666666667,0.1,1350,41.0
1,1,0,-2.554694652557373,0.8466666666666667,random_normmatched,-0.032544453938802086,-0.011678288777669271,-0.016501843770345054,0.05750451405843099,-0.0280025926844687,0.0022027516198048786,0.004684796730241013,-0.015810296286909595,0.15333333333333332,0.8433333333333334,0.13333333333333333,1350,41.0
1,1,0,-2.554694652557373,0.8466666666666667,random,0.006717854817708333,0.021217473347981772,-0.0031401265462239585,0.038843542734781904,0.0011303125267812266,0.017423379858974755,0.0005759234579146256,0.0015520402080883538,0.16266666666666665,0.8383333333333334,0.14666666666666667,1350,42.0
1,1,0,-2.554694652557373,0.8466666666666667,random_normmatched,0.07268274943033855,0.030377095540364583,-0.07020599110921225,0.0781760311126709,0.04972345610841398,0.09575193196395128,0.0324733729704642,0.0497676071352427,0.16666666666666666,0.84,0.16,1350,42.0
1,1,0,-2.554694652557373,0.8466666666666667,random,0.008176615397135416,0.03291697184244791,-0.0044841817220052085,0.043011012077331545,0.0017564637064184944,0.004986329458176078,0.0017101835626998501,0.002423160623028584,0.16,0.8416666666666667,0.13333333333333333,1350,43.0
1,1,0,-2.554694652557373,0.8466666666666667,random_normmatched,0.039269752502441406,0.04222151438395182,-0.08692616271972656,0.08281115055084229,0.04171181191834644,-0.0032967829750239776,0.03816047436523242,0.04297040924338137,0.176,0.8466666666666667,0.12666666666666668,1350,43.0
1,1,0,-2.554694652557373,0.8466666666666667,random,0.012980189005533854,0.0375201161702474,0.006871744791666667,0.0427118460337321,0.003355607480723378,0.010960665356414628,-0.0028120935930005773,0.0032103105575479905,0.16266666666666665,0.8466666666666667,0.12666666666666668,1350,44.0
1,1,0,-2.554694652557373,0.8466666666666667,random_normmatched,0.044507296244303385,0.06207847595214844,0.03815721638997396,0.06000056743621826,0.021371093309314502,0.008327651975323019,-0.024095933836727475,0.02876382383387826,0.15466666666666667,0.855,0.11333333333333333,1350,44.0
1,1,0,-2.554694652557373,0.8466666666666667,random,0.01368482208251953,0.036164563496907554,-0.0029895680745442707,0.03947994867960612,0.002847951859290853,0.013647754837335418,0.0005705506253650964,0.0026269343571462813,0.16266666666666665,0.8366666666666667,0.14,1350,45.0
1,1,0,-2.554694652557373,0.8466666666666667,random_normmatched,0.12904901123046875,0.15158780415852866,-0.01869689432779948,0.06031308650970459,0.05007818585384443,0.05705694292934288,0.005956839498553905,0.051929943276917835,0.18933333333333333,0.835,0.18,1350,45.0
1,1,0,-2.554694652557373,0.8466666666666667,random,0.0014900868733723957,0.017137603759765627,-0.002134185791015625,0.04096033414204915,4.481183032320533e-05,0.004026915910243786,0.0011515671982105747,0.0008754088611358906,0.15466666666666667,0.8416666666666667,0.11333333333333333,1350,46.0
1,1,0,-2.554694652557373,0.8466666666666667,random_normmatched,-0.04353468322753906,-0.03476133982340495,-0.043747416178385415,0.05221485137939453,-0.02084047783226331,-0.016884320387662386,0.018416061840325845,-0.021181851564352018,0.14933333333333335,0.8416666666666667,0.11333333333333333,1350,46.0
1,1,0,-2.554694652557373,0.8466666666666667,random,0.0016168975830078126,0.02099194844563802,-0.0005487213134765625,0.03845359484354655,-0.0007661909821911722,0.003099663002928184,0.00022706659631042584,-0.0007176183886650583,0.16,0.84,0.14,1350,47.0
1,1,0,-2.554694652557373,0.8466666666666667,random_normmatched,-0.013404891967773438,0.02577863057454427,0.015091237386067708,0.05660524050394694,-0.009408083734105803,-0.013913595971075884,-0.0006175881048622793,-0.008793114291618375,0.152,0.84,0.12,1350,47.0
1,1,0,-2.554694652557373,0.8466666666666667,random,0.0009958699544270833,0.013809254964192708,-0.004805679321289062,0.04032806714375814,-0.0010170685060856067,0.009138873349199307,0.0012129085002777215,-0.0005932665881107409,0.15333333333333332,0.84,0.10666666666666667,1350,48.0
1,1,0,-2.554694652557373,0.8466666666666667,random_normmatched,0.022675287882486978,-0.0012813949584960938,-0.014454513549804688,0.060548251469930016,0.020158921955396224,0.06010294002668477,0.0027810920077939246,0.01968024323552218,0.15866666666666668,0.84,0.14,1350,48.0
1,1,0,-2.554694652557373,0.8466666666666667,random,0.008603571573893229,0.027898101806640624,0.0007273712158203125,0.04014533042907715,0.002170172925652372,0.012145772835241866,0.000320884713564381,0.0021199077003276503,0.15733333333333333,0.84,0.11333333333333333,1350,49.0
1,1,0,-2.554694652557373,0.8466666666666667,random_normmatched,0.022061297098795573,0.042951863606770835,-0.05072238159179687,0.05466716130574544,0.009001126301923745,0.01799431909942768,0.023760455062101424,0.010334975157687583,0.164,0.8433333333333334,0.12666666666666668,1350,49.0
1,1,0,-2.554694652557373,0.8466666666666667,random,-0.0022843475341796874,0.010016403198242187,0.006289464314778646,0.0418218994140625,-0.00023858260121611234,0.0007662182707272933,-0.0009093405429208395,-0.00036475555614106736,0.15866666666666668,0.8333333333333334,0.12666666666666668,1350,50.0
1,1,0,-2.554694652557373,0.8466666666666667,random_normmatched,-0.058404469807942706,-0.0732312266031901,-0.019531402587890625,0.06713249206542969,-0.03913751761339387,-0.05952629335882953,-0.0036219111079855526,-0.030829978171234538,0.16933333333333334,0.84,0.14,1350,50.0
1,1,0,-2.554694652557373,0.8466666666666667,random,0.0012103373209635417,0.020139134724934896,-0.00522625732421875,0.04062323888142904,-0.00082981907223507,0.0048165168809179435,0.0018208168524474822,-0.001311061203805578,0.156,0.845,0.12,1350,51.0
1,1,0,-2.554694652557373,0.8466666666666667,random_normmatched,0.02186236063639323,0.05692156473795573,-0.043911829630533854,0.06318955421447754,0.010565346467949325,0.00256863056358299,0.014308291930233788,0.01097882376952611,0.17066666666666666,0.8416666666666667,0.17333333333333334,1350,51.0
1,1,0,-2.554694652557373,0.8466666666666667,random,0.0002622833251953125,0.013703180948893228,-0.004404195149739583,0.04148363749186198,-0.0003390145152518472,0.004244017773770802,0.001464392362324569,-0.00025241220582470253,0.15066666666666667,0.85,0.1,1350,52.0
1,1,0,-2.554694652557373,0.8466666666666667,random_normmatched,-0.017594736735026043,0.0047884368896484375,-0.003668169657389323,0.05396443843841553,-0.013695550195904719,0.006799588335968945,6.001584418286428e-05,-0.008379133912865766,0.156,0.845,0.12,1350,52.0
1,1,0,-2.554694652557373,0.8466666666666667,random,8.548482259114583e-05,0.020347188313802084,0.0023769327799479166,0.03876042366027832,-0.0005940408168715221,0.007034827466408558,-0.0004716792477902937,-0.0008203791205234771,0.16266666666666665,0.84,0.14666666666666667,1350,53.0
1,1,0,-2.554694652557373,0.8466666666666667,random_normmatched,-0.006676383972167969,-0.01775152842203776,-0.034096364339192706,0.051772656440734866,-0.001974504476628922,-0.008412415138053107,0.012894821541918452,-0.0023841726305192414,0.16133333333333333,0.845,0.15333333333333332,1350,53.0
1,1,0,-2.554694652557373,0.8466666666666667,random,0.007865402221679687,0.028257954915364585,-0.0010429890950520834,0.03844734827677409,0.0025257944715412423,0.01147608993947208,-0.00016636564341506425,0.0027072018215915147,0.16,0.8433333333333334,0.13333333333333333,1350,54.0
1,1,0,-2.554694652557373,0.8466666666666667,random_normmatched,-0.0033926773071289063,0.008583208719889324,-0.005198150634765625,0.06158894379933675,-0.0013446969847590027,0.015482155554338106,0.0008458269245730297,0.0002320979356581004,0.152,0.8466666666666667,0.1,1350,54.0
1,1,0,-2.554694652557373,0.8466666666666667,random,0.012247456868489583,0.025959142049153647,0.004748697916666667,0.040174735387166344,0.004309793375981649,0.012578408869001781,-0.00019359273927250256,0.004877424508670786,0.15333333333333332,0.8433333333333334,0.10666666666666667,1350,55.0
1,1,0,-2.554694652557373,0.8466666666666667,random_normmatched,0.06715921274820963,0.0463070551554362,-0.017735880533854168,0.058568720817565915,0.007614010098666048,0.036339842362675845,0.00311626182648749,0.01097571656922639,0.152,0.85,0.1,1350,55.0
1,1,0,-2.554694652557373,0.8466666666666667,random,-0.003613154093424479,0.009860814412434896,0.003414525349934896,0.040032211939493814,-0.0008897994917736151,-0.0026097521969872476,-0.00031311126140552643,-0.0010406547775422218,0.15466666666666667,0.845,0.10666666666666667,1350,56.0
1,1,0,-2.554694652557373,0.8466666666666667,random_normmatched,-0.020760645548502606,0.00897687276204427,-0.006071563720703125,0.05916659355163574,-0.006930710954565579,-0.022201444837594408,-0.0040334826474001245,-0.00429707810641693,0.156,0.845,0.13333333333333333,1350,56.0
1,1,0,-2.554694652557373,0.8466666666666667,random,0.009617706298828126,0.03436996459960937,0.002165746053059896,0.04156352043151856,0.00215326171326549,0.006348719025455552,-0.0005961573855497852,0.002253076209266087,0.15733333333333333,0.8433333333333334,0.12666666666666668,1350,57.0
1,1,0,-2.554694652557373,0.8466666666666667,random_normmatched,0.031208079020182293,0.046821339925130205,0.03926937357584635,0.06286631902058919,0.0150145178943215,-0.007973644064096426,-0.012324041071199525,0.019712154091640167,0.16266666666666665,0.835,0.14666666666666667,1350,57.0
1,1,0,-2.554694652557373,0.8466666666666667,random,0.00973510233561198,0.020107549031575522,0.010510243733723959,0.03947494506835938,0.003824007906046035,0.011636559163195923,-0.0019888969595008663,0.003337956847866313,0.156,0.8433333333333334,0.11333333333333333,1350,58.0
1,1,0,-2.554694652557373,0.8466666666666667,random_normmatched,0.034670252482096355,0.010851160685221354,0.03352202860514323,0.048376363118489585,0.01347075627965783,0.019636188384985858,-0.013790983236391163,0.013846213861358874,0.15733333333333333,0.8483333333333334,0.12,1350,58.0
1,1,0,-2.554694652557373,0.8466666666666667,random,-0.004579310099283854,0.006161778767903646,-0.002701741536458333,0.03909834702809652,-0.0007948208943371056,-0.004383001170178425,0.0015964214552641898,-0.00027948372260733694,0.15733333333333333,0.8433333333333334,0.12666666666666668,1350,59.0
1,1,0,-2.554694652557373,0.8466666666666667,random_normmatched,-0.047879989624023435,-0.031348622639973955,-0.029670740763346356,0.05347025871276855,-0.028740341807067794,-0.022820774726727017,0.007119224945681371,-0.026039153937148094,0.14266666666666666,0.85,0.11333333333333333,1350,59.0
1,1,0,-2.554694652557373,0.8466666666666667,random,0.010163818359375,0.027572987874348958,-0.006147974650065104,0.03859673500061035,0.0027968967634721576,0.009020927972418562,0.0006801494857391373,0.003097855030253431,0.16133333333333333,0.8366666666666667,0.13333333333333333,1350,60.0
1,1,0,-2.554694652557373,0.8466666666666667,random_normmatched,0.06685676574707031,0.08610951741536459,-0.04876227823893229,0.05408648808797201,0.029512591324109563,0.02992236406583835,0.014244300434909941,0.022225595256165062,0.18933333333333333,0.83,0.17333333333333334,1350,60.0
1,1,0,-2.554694652557373,0.8466666666666667,random,0.00595159657796224,0.014934832255045574,-0.001069580078125,0.04145716667175293,0.001488755431588541,0.006917192344260832,0.0014697401506638473,0.000992524023384745,0.15733333333333333,0.84,0.12666666666666668,1350,61.0
1,1,0,-2.554694652557373,0.8466666666666667,random_normmatched,0.004304946899414063,0.020071207682291668,-0.016161707560221353,0.05464447816212972,-0.0013256103766617136,0.020495410307811046,0.012152191386177062,-0.003217606997233173,0.144,0.8416666666666667,0.09333333333333334,1350,61.0
1,1,0,-2.554694652557373,0.8466666666666667,random,0.007774907430013021,0.02461265563964844,-0.006227284749348958,0.03982985496520996,0.0021044944994407194,0.009186003900758423,0.0011384293442290895,0.0026945680120801533,0.15733333333333333,0.84,0.12,1350,62.0
1,1,0,-2.554694652557373,0.8466666666666667,random_normmatched,0.03112647755940755,0.06757989247639974,-0.03915716298421224,0.050292255083719886,0.009380939982394048,0.016346298338748417,0.014258605134774744,0.0077872666499207675,0.15866666666666668,0.8433333333333334,0.13333333333333333,1350,62.0
1,1,0,-2.554694652557373,0.8466666666666667,random,0.018567115783691406,0.030435625712076822,-0.0010565846761067708,0.04086298942565918,0.0038362127601686844,0.018170548804519862,-0.00040090583914153334,0.004357237937212374,0.16,0.84,0.13333333333333333,1350,63.0
1,1,0,-2.554694652557373,0.8466666666666667,random_normmatched,0.06005559539794922,0.08025806427001952,-0.013328582763671874,0.07265630880991618,0.05978743653560794,0.05331369425150556,0.005199825055508752,0.05731384742628413,0.17466666666666666,0.8283333333333334,0.16666666666666666,1350,63.0
1,1,0,-2.554694652557373,0.8466666666666667,random,-0.0012710215250651042,0.02484728495279948,0.0064700927734375,0.04128472963968913,-0.0006380380421093746,0.009546427266409366,-0.0011437637984785668,-0.0008347889727807335,0.15733333333333333,0.8416666666666667,0.12,1350,64.0
1,1,0,-2.554694652557373,0.8466666666666667,random_normmatched,-0.03932734680175781,-0.030036900838216144,0.03813693491617839,0.05859328587849935,-0.017988835032247328,0.02107232486154725,-0.029595813294709804,-0.012862430927439142,0.14933333333333335,0.8433333333333334,0.09333333333333334,1350,64.0
1,1,0,-2.554694652557373,0.8466666666666667,random,0.015283226013183594,0.03220485687255859,-0.005952743530273438,0.042419147491455075,0.0046395132789241,0.015230615295290581,0.003490126047013971,0.004795008593983446,0.15866666666666668,0.8416666666666667,0.12,1350,65.0
1,1,0,-2.554694652557373,0.8466666666666667,random_normmatched,0.032243426005045574,0.04054496765136719,-0.04600793965657552,0.0681646998723348,0.0266370082251491,0.03660368871091158,0.02165421132942429,0.02648214227256359,0.17333333333333334,0.8466666666666667,0.17333333333333334,1350,65.0
1,1,0,-2.554694652557373,0.8466666666666667,random,-0.015306531270345052,-0.008368212381998698,0.0029291483561197915,0.04762466112772624,-0.002602595346980334,-0.0023851136712841545,0.00017314280202540723,-0.0035554517719961687,0.15733333333333333,0.84,0.12,1350,66.0
1,1,0,-2.554694652557373,0.8466666666666667,random_normmatched,-0.13882660675048827,-0.13959527333577473,-0.029019927978515624,0.07609604994455973,-0.06124179327842816,-0.020025412721004065,0.003984433405640091,-0.05834632861190409,0.16666666666666666,0.8433333333333334,0.16,1350,66.0
1,1,0,-2.554694652557373,0.8466666666666667,random,0.005038663228352865,0.020389137268066407,0.0034426472981770834,0.04255800088246663,0.001159742071837247,0.00864248860069629,0.00011043693547825257,0.0010573521093435174,0.15733333333333333,0.8416666666666667,0.11333333333333333,1350,67.0
1,1,0,-2.554694652557373,0.8466666666666667,random_normmatched,0.00342034912109375,-0.007548573811848958,0.004466598510742188,0.053961687088012696,-0.004735650211655877,0.014637977034466697,-0.00233637888250295,-0.005195171386081428,0.15733333333333333,0.8416666666666667,0.13333333333333333,1350,67.0
1,1,0,-2.554694652557373,0.8466666666666667,random,-0.0040901743570963545,0.008844655354817708,0.0032352650960286457,0.039800322850545244,-0.0013163475157441564,0.003222102207689128,-0.0010758133692700777,-0.0010594401227743586,0.156,0.8416666666666667,0.10666666666666667,1350,68.0
1,1,0,-2.554694652557373,0.8466666666666667,random_normmatched,-0.07483563486735026,-0.06359419504801432,-0.03218582916259766,0.06503973960876465,-0.03832611809517713,-0.020708768220634367,0.023941076218257445,-0.0310374643829489,0.16533333333333333,0.8366666666666667,0.16,1350,68.0
1,1,0,-2.554694652557373,0.8466666666666667,random,0.012470138549804688,0.03173474629720052,-0.004396957397460937,0.03952898343404134,0.0053403724445174735,0.01617213159536632,0.0008650283674890171,0.005203383273713721,0.16133333333333333,0.8416666666666667,0.14,1350,69.0
1,1,0,-2.554694652557373,0.8466666666666667,random_normmatched,0.04988163757324219,0.09433153788248698,-0.023518206278483073,0.0586338996887207,0.03242936135139677,0.07935862628923343,0.007883339375541058,0.026665012205312796,0.168,0.835,0.16,1350,69.0
1,1,0,-2.554694652557373,0.8466666666666667,random,0.0015102717081705728,0.021265093485514322,-9.715779622395834e-05,0.03859668254852295,0.00012724405398192658,0.004650623045646089,-0.0004008187700430687,7.274569465858195e-05,0.15733333333333333,0.8433333333333334,0.12666666666666668,1350,70.0
1,1,0,-2.554694652557373,0.8466666666666667,random_normmatched,-0.00815789794921875,0.031103604634602863,0.0019643351236979167,0.05516267776489258,-0.004709567631656696,-0.013833195588572508,-0.0036305584674354028,-0.0028112371648926163,0.14133333333333334,0.8483333333333334,0.11333333333333333,1350,70.0
1,1,0,-2.554694652557373,0.8466666666666667,random,0.00736370849609375,0.013936538696289063,0.0011106363932291666,0.040084575017293296,0.0027566515409084523,0.00491279303336585,0.0001661714636635389,0.0028420639375258956,0.16,0.84,0.13333333333333333,1350,71.0
1,1,0,-2.554694652557373,0.8466666666666667,random_normmatched,0.044534993489583334,0.03649528503417969,-0.01831029764811198,0.059661884307861325,0.021109788555601618,-0.006974887885808953,0.0077264407350025556,0.020115750089826724,0.17333333333333334,0.85,0.16,1350,71.0
1,1,0,-2.554694652557373,0.8466666666666667,random,-0.004651865641276042,0.007333831787109375,0.004572540283203125,0.044107494354248045,-0.001225686052425737,-0.000985734955467582,-8.952528083728406e-05,-0.0012957957300445467,0.15866666666666668,0.8433333333333334,0.13333333333333333,1350,72.0
1,1,0,-2.554694652557373,0.8466666666666667,random_normmatched,-0.05537034606933594,-0.0393676503499349,0.02919933064778646,0.07144989013671875,-0.03818094172642687,-0.036932596833214544,-0.01656808471454671,-0.03360936598970933,0.16933333333333334,0.835,0.14,1350,72.0
1,1,0,-2.554694652557373,0.8466666666666667,random,0.004422714233398437,0.022439931233723957,-0.0015894622802734375,0.03936065038045247,0.0010362493758893979,0.00886011001172815,0.0013149220168158296,0.0010309240762245756,0.16,0.8433333333333334,0.12666666666666668,1350,73.0
1,1,0,-2.554694652557373,0.8466666666666667,random_normmatched,-0.014296602884928386,-0.021686871846516926,-0.045488555908203124,0.055314130783081054,-0.00617039461341227,0.0012070665423838177,0.013799617654339937,-0.005557743242295596,0.156,0.84,0.11333333333333333,1350,73.0
1,1,0,-2.554694652557373,0.8466666666666667,random,0.02051562754313151,0.038486900329589846,-0.0027224680582682292,0.04171342531840006,0.0021663415110681657,0.019209798880791603,0.0008762313250698184,0.0027923856706046075,0.15466666666666667,0.8483333333333334,0.11333333333333333,1350,74.0
1,1,0,-2.554694652557373,0.8466666666666667,random_normmatched,0.10237127176920573,0.13897623697916667,-0.063919921875,0.07219071706136068,0.0469235171210851,0.06997181514956959,0.01661714636635389,0.0452421217331016,0.17066666666666666,0.8516666666666667,0.16666666666666666,1350,74.0
1,1,0,-2.554694652557373,0.8466666666666667,random,0.01469304911295573,0.033818562825520836,-0.00958832295735677,0.03922155380249023,0.0026189552967780102,0.011661863620425605,0.0008074131570734674,0.003273862622658341,0.15466666666666667,0.8466666666666667,0.11333333333333333,1350,75.0
1,1,0,-2.554694652557373,0.8466666666666667,random_normmatched,0.04946127319335938,0.0931793975830078,-0.07759467061360677,0.06042969067891439,0.012092792497219266,0.0239030670694805,0.025971573511937972,0.015455029901119072,0.164,0.855,0.12,1350,75.0
1,1,0,-2.554694652557373,0.8466666666666667,random,0.006083607991536458,0.014732716878255208,-0.0010925954182942708,0.04455360730489095,0.0012932650077395616,0.005131239088933307,0.0017221733773523029,0.0020965532230333653,0.15733333333333333,0.845,0.12,1350,76.0
1,1,0,-2.554694652557373,0.8466666666666667,random_normmatched,0.01659149424235026,0.005846621195475261,0.015498336791992187,0.07422089258829753,0.00043670981396454363,0.015049220432948056,-0.00864574634756865,0.005723199279382202,0.164,0.83,0.14,1350,76.0
1,1,0,-2.554694652557373,0.8466666666666667,random,0.02089691416422526,0.033589083353678384,-0.013074661254882812,0.0421494181950887,0.005211552896659764,0.026247052240056443,0.001608044350234743,0.003939653813520017,0.16266666666666665,0.8416666666666667,0.14666666666666667,1350,77.0
1,1,0,-2.554694652557373,0.8466666666666667,random_normmatched,0.1640119145711263,0.1907480239868164,-0.13163951619466147,0.06487264474232991,0.07235580646967674,0.11675784273749543,0.05514933246025683,0.06703688708515496,0.19466666666666665,0.8366666666666667,0.19333333333333333,1350,77.0
1,1,0,-2.554694652557373,0.8466666666666667,random,-0.0006345926920572917,0.00921490987141927,-0.0037538350423177084,0.03867420196533203,-0.0006503080044576319,0.0004637474444661735,0.001486792513223491,-0.000358439685300656,0.156,0.8416666666666667,0.11333333333333333,1350,78.0
1,1,0,-2.554694652557373,0.8466666666666667,random_normmatched,-0.03456484731038412,-0.04102987925211588,0.0038042144775390623,0.05769627888997396,-0.014712961589519744,-0.0042253216171755795,-0.0013733787692809503,-0.014897611819824878,0.164,0.845,0.14666666666666667,1350,78.0
1,1,0,-2.554694652557373,0.8466666666666667,random,-0.00041754150390625,0.022983322143554686,-0.009730611165364583,0.04169376373291016,-0.000395118891955829,0.0032707959389033123,0.002645498411580657,-0.0002471003530005043,0.15866666666666668,0.8466666666666667,0.13333333333333333,1350,79.0
1,1,0,-2.554694652557373,0.8466666666666667,random_normmatched,-0.03654204813639323,-0.03802864074707031,-0.10660693359375,0.054835418065389,-0.010141203229674572,-0.015370523753119363,0.04246401049877167,-0.009113693625203147,0.15333333333333332,0.8516666666666667,0.10666666666666667,1350,79.0
1,1,0,-2.554694652557373,0.8466666666666667,random,-0.004628367106119791,0.005991388956705729,-0.0026604563395182293,0.03985505739847819,-0.001288800489616942,0.0026311109784278096,0.00013042515533147475,-0.001240818866373068,0.16,0.8433333333333334,0.12666666666666668,1350,80.0
1,1,0,-2.554694652557373,0.8466666666666667,random_normmatched,-0.04995086669921875,-0.04262551625569661,0.007598658243815104,0.056926581064860024,-0.02291689573343808,-0.014911830300635387,-0.0012035177286803716,-0.020883634382275546,0.16133333333333333,0.845,0.14666666666666667,1350,80.0
1,1,0,-2.554694652557373,0.8466666666666667,random,0.012017578125,0.023355941772460937,-0.004295018513997396,0.038690528869628905,0.0029220688110849565,0.022143405948107348,0.002226835575905541,0.002856943918604297,0.16533333333333333,0.8416666666666667,0.16,1350,81.0
1,1,0,-2.554694652557373,0.8466666666666667,random_normmatched,0.045315289815266925,0.05111019134521484,-0.05102905782063802,0.05521338144938151,0.02328640002136367,0.05543661943577573,0.015324931009169105,0.021174926588008968,0.17466666666666666,0.8366666666666667,0.17333333333333334,1350,81.0
1,1,0,-2.554694652557373,0.8466666666666667,random,0.0038052978515625,0.019563064575195313,-0.003769490559895833,0.03833353042602539,0.000274483602161013,0.0062620963479804006,0.000922716077734185,0.0007797370466491891,0.15866666666666668,0.84,0.12666666666666668,1350,82.0
1,1,0,-2.554694652557373,0.8466666666666667,random_normmatched,0.0041724599202473955,0.044208958943684894,-0.036151382446289064,0.050169242223103844,-0.0022376380945500146,-0.001497607017989936,0.014044562458255146,-0.000905500786424816,0.16133333333333333,0.8416666666666667,0.14,1350,82.0
1,1,0,-2.554694652557373,0.8466666666666667,random,0.0007660369873046875,0.016102294921875,-0.000137298583984375,0.039116748174031574,-0.00014003696976001663,0.008607074603593553,0.0009454227373652276,0.00011240583994053785,0.15866666666666668,0.84,0.13333333333333333,1350,83.0
1,1,0,-2.554694652557373,0.8466666666666667,random_normmatched,-0.010324635823567707,0.00879259745279948,-0.0039171142578125,0.055651858647664386,-0.001994126449382637,0.012979339846119322,0.0077050819116555895,-0.004918050586593847,0.16266666666666665,0.8383333333333334,0.12,1350,83.0
1,1,0,-2.554694652557373,0.8466666666666667,random,-0.0011997095743815104,0.015945345560709635,-0.0017345987955729167,0.03669696648915609,9.906858488592854e-05,-0.0005672309979243672,0.0005607827236203478,2.6475037821482603e-05,0.156,0.845,0.12666666666666668,1350,84.0
1,1,0,-2.554694652557373,0.8466666666666667,random_normmatched,-0.0562483164469401,-0.043440272013346354,-0.014209050496419271,0.05124741077423096,-0.021094443906265265,-0.02160442107165051,0.007941617232524607,-0.01698568919800539,0.14933333333333335,0.8466666666666667,0.1,1350,84.0
1,1,0,-2.554694652557373,0.8466666666666667,random,0.0033209381103515624,0.019176737467447916,-0.004674524943033854,0.04001463572184245,0.0003480918962606128,0.008790955740600771,0.0014371427835689946,0.0005006747987728545,0.16266666666666665,0.845,0.14666666666666667,1350,85.0
1,1,0,-2.554694652557373,0.8466666666666667,random_normmatched,0.009565038045247396,0.029530995686848957,-0.015075144449869791,0.04744121869405111,0.008254503559027552,0.013402134250092734,0.0003526095490971329,0.009181389494843008,0.156,0.8466666666666667,0.12666666666666668,1350,85.0
1,1,0,-2.554694652557373,0.8466666666666667,random,0.0012927703857421875,0.025598347981770832,-0.0005050404866536459,0.03779668490091959,-0.0002467625761149505,0.00930976303406133,0.00016564372994470541,-9.887033156015885e-05,0.16266666666666665,0.8433333333333334,0.15333333333333332,1350,86.0
1,1,0,-2.554694652557373,0.8466666666666667,random_normmatched,-0.013425641377766927,0.005748990376790364,-0.002370549519856771,0.05555149714152018,-0.003969560041186174,0.00616658532630909,-0.0009371657702266666,-0.005351410057875926,0.16133333333333333,0.8383333333333334,0.14,1350,86.0
1,1,0,-2.554694652557373,0.8466666666666667,random,0.012697535196940104,0.019567515055338543,-0.011150690714518229,0.04251362800598144,0.004641148253649434,0.01817586019311824,0.006690861567643741,0.004318519364789215,0.16133333333333333,0.8533333333333334,0.14,1350,87.0
1,1,0,-2.554694652557373,0.8466666666666667,random_normmatched,0.061065704345703124,0.10000946044921875,-0.07348291524251302,0.061841489473978675,0.035884673553818205,0.05407512008841521,0.027141683105342127,0.0320689162750475,0.164,0.855,0.14666666666666667,1350,87.0
1,1,0,-2.554694652557373,0.8466666666666667,random,-0.009817405700683594,0.001592547098795573,0.002745849609375,0.03890397707621256,-0.00304080277193179,-0.009609519881061313,0.0007650019605175767,-0.002857072707630864,0.15333333333333332,0.84,0.11333333333333333,1350,88.0
1,1,0,-2.554694652557373,0.8466666666666667,random_normmatched,-0.12507979329427082,-0.1143798828125,0.001298187255859375,0.059662946065266925,-0.052235262508135705,-0.08788037064351814,0.0015396064561044116,-0.05339149055849686,0.13466666666666666,0.85,0.1,1350,88.0
1,1,0,-2.554694652557373,0.8466666666666667,random,-0.002493011474609375,0.002551371256510417,0.00902935791015625,0.038111883799235025,-0.00028067066118241644,0.002170803213303062,-0.0007311988673461424,-4.679686120689105e-05,0.156,0.8383333333333334,0.11333333333333333,1350,89.0
1,1,0,-2.554694652557373,0.8466666666666667,random_normmatched,-0.024915184020996094,-0.0035834376017252604,0.017122828165690104,0.04985346476236979,-0.00909385987225833,-0.015548394775196338,-0.002501511329761731,-0.00913189169426061,0.15333333333333332,0.8483333333333334,0.11333333333333333,1350,89.0
1,1,0,-2.554694652557373,0.8466666666666667,random,0.0019520924886067708,0.016511917114257812,-0.0033431294759114585,0.03817633946736654,0.0008039097553358146,0.0047774077163485,0.0011461172824594598,0.0012922481783469227,0.16,0.8416666666666667,0.13333333333333333,1350,90.0
1,1,0,-2.554694652557373,0.8466666666666667,random_normmatched,-0.013528088887532552,0.03833827972412109,-0.06709983317057291,0.05831133842468262,-0.0018268822969263886,0.009884273127064991,0.025169044627781734,0.0007614481489643409,0.17733333333333334,0.8383333333333334,0.17333333333333334,1350,90.0
1,1,0,-2.554694652557373,0.8466666666666667,random,0.005223943074544271,0.018823165893554688,-0.005751520792643229,0.03919557889302572,0.0010331530132124376,0.004473980396800059,0.00043353866963842123,0.001662219080917533,0.156,0.8433333333333334,0.11333333333333333,1350,91.0
1,1,0,-2.554694652557373,0.8466666666666667,random_normmatched,-0.0036073404947916665,0.061998875935872395,-0.048984041849772134,0.053053611119588215,-0.0032738077317349965,-0.0020739703242680795,0.014237359908212519,-0.00126593577810418,0.14933333333333335,0.8516666666666667,0.09333333333333334,1350,91.0
1,1,0,-2.554694652557373,0.8466666666666667,random,0.003600428263346354,0.018836542765299478,-0.003873881022135417,0.042156400680541994,-0.0004267284033122953,0.02128128946276909,0.00016541727017650455,-0.0006382247533015858,0.16133333333333333,0.84,0.14,1350,92.0
1,1,0,-2.554694652557373,0.8466666666666667,random_normmatched,-0.028406984965006512,0.03144158681233724,-0.05048766072591146,0.07164701143900554,-0.031007295665968125,0.07621986198151363,0.01299303015996223,-0.027221911635653177,0.16,0.84,0.13333333333333333,1350,92.0
1,1,0,-2.554694652557373,0.8466666666666667,random,0.0022173055013020833,0.021792526245117187,-0.002280451456705729,0.03982175827026367,0.0009335705681659793,0.012402647163708072,7.738880366583134e-05,2.8697286671545206e-05,0.164,0.845,0.14666666666666667,1350,93.0
1,1,0,-2.554694652557373,0.8466666666666667,random_normmatched,-0.013590174357096354,0.002511444091796875,-0.06826057434082031,0.05245844841003418,-0.008879362752688797,0.026428292589158697,0.027578480718909792,-0.006994003620375353,0.15333333333333332,0.8433333333333334,0.12,1350,93.0
1,1,0,-2.554694652557373,0.8466666666666667,random,-0.0006392771402994791,0.01584228515625,-0.002522084554036458,0.03666250228881836,8.566603406256974e-05,-0.0023491922461893293,0.00019365112389670874,0.00021616181660973223,0.15866666666666668,0.8466666666666667,0.12666666666666668,1350,94.0
1,1,0,-2.554694652557373,0.8466666666666667,random_normmatched,-0.013210889180501301,-0.0024983088175455728,0.006046351114908854,0.05216962019602458,-0.006710571590899998,-0.029819208543400578,-0.004492385989901334,-0.004810987022913523,0.148,0.8483333333333334,0.14,1350,94.0
1,1,0,-2.554694652557373,0.8466666666666667,random,-0.004853322347005209,0.004740371704101563,-0.0005762736002604167,0.03842743237813314,-0.0016812990092189412,-0.0002020632741285787,0.0005303350392746725,-0.0014951108673744592,0.156,0.845,0.12,1350,95.0
1,1,0,-2.554694652557373,0.8466666666666667,random_normmatched,-0.07879660034179688,-0.08774742126464843,-0.06206532287597656,0.06992207845052083,-0.04410453319904741,-0.05134349848993659,0.024023773622489513,-0.04930235804267214,0.14266666666666666,0.8466666666666667,0.1,1350,95.0
1,1,0,-2.554694652557373,0.8466666666666667,random,0.019718424479166666,0.03160624186197917,-0.00799804178873698,0.03936387379964193,0.006427642498287034,0.010385865957342732,0.0016111407129117033,0.006079595480637276,0.16133333333333333,0.8383333333333334,0.13333333333333333,1350,96.0
1,1,0,-2.554694652557373,0.8466666666666667,random_normmatched,0.1706719487508138,0.1379252243041992,-0.12324767303466796,0.06683499336242676,0.07641137260236702,0.06373671117666152,0.04275567905064648,0.06947622647201496,0.19866666666666666,0.835,0.19333333333333333,1350,96.0
1,1,0,-2.554694652557373,0.8466666666666667,random,-0.00024826558430989583,0.014514923095703125,-0.0009988810221354166,0.04139777183532715,-0.0004339931126883567,0.01250534479050416,-0.0003483280659002908,-0.0003609290341426695,0.15866666666666668,0.8416666666666667,0.12666666666666668,1350,97.0
1,1,0,-2.554694652557373,0.8466666666666667,random_normmatched,-0.06243353780110677,-0.034765345255533854,-0.050126556396484376,0.05596743901570638,-0.0273912765651034,0.009673750648276526,0.020424488436298956,-0.033064596960809524,0.15466666666666667,0.845,0.12,1350,97.0
1,1,0,-2.554694652557373,0.8466666666666667,random,0.006299166361490885,0.02544452667236328,0.0013458811442057291,0.04189566930135091,0.0011924415663439362,0.007228109284129969,0.0006705770323365369,0.0009305203200923554,0.16266666666666665,0.84,0.14,1350,98.0
1,1,0,-2.554694652557373,0.8466666666666667,random_normmatched,0.05255680338541667,0.07649289449055989,-0.01956390889485677,0.05731771469116211,0.01734361832602045,0.02251457116321283,-0.006472430115739457,0.012508234935277621,0.18933333333333333,0.84,0.2,1350,98.0
1,1,0,-2.554694652557373,0.8466666666666667,random,0.0076036936442057295,0.02883537292480469,0.005544413248697917,0.03539489428202311,0.0008649173077642584,0.007285037588055266,-0.001379945633031997,0.0005668212893449165,0.15733333333333333,0.8416666666666667,0.12,1350,99.0
1,1,0,-2.554694652557373,0.8466666666666667,random_normmatched,0.04613971455891927,0.08738787333170572,-0.0032785924275716147,0.05823975880940755,0.014685887974529273,0.00901365528164225,-0.0009092985061340235,0.019557193810071764,0.15333333333333332,0.845,0.14666666666666667,1350,99.0
1,1,0,-2.554694652557373,0.8466666666666667,shuffled_labels,0.8476178283691407,0.9974148305257161,-0.6146687825520833,0.7096878973642985,0.3361493891779544,0.7355753264444447,0.2557263967895636,0.33779262108540115,0.3506666666666667,0.8283333333333334,0.3933333333333333,1350,
1,1,1,-2.368603467941284,0.86,das,2.5927208881378174,2.5845613352457684,-2.0452387148539226,0.793157015244166,0.9544349802510758,2.7788295012550366,0.9494269325385796,0.9736822088689435,0.88,0.795,0.88,1350,
1,1,1,-2.368603467941284,0.86,random,0.012387184143066407,-0.0010282643636067709,0.0031538289388020834,0.043689786593119305,0.0014777988907605916,0.007414524679534253,-0.0008204521407615979,0.0016061349505530399,0.13733333333333334,0.855,0.13333333333333333,1350,0.0
1,1,1,-2.368603467941284,0.86,random_normmatched,0.023630633036295572,0.01330273946126302,-0.008863698323567709,0.06285437901814779,0.009149229066573833,-0.0006689730973928541,0.005845124277580267,0.015135474875871864,0.14266666666666666,0.8616666666666667,0.13333333333333333,1350,0.0
1,1,1,-2.368603467941284,0.86,random,0.002945940653483073,-0.023797810872395832,-0.001217267354329427,0.03810684521993001,0.0007615263927451555,0.004469516376911187,0.0003661896363748372,0.0003617495626374104,0.13866666666666666,0.865,0.13333333333333333,1350,1.0
1,1,1,-2.368603467941284,0.86,random_normmatched,-0.007974505106608073,-0.05095019022623698,-0.01015076192220052,0.057430270512898764,-0.004663043929862364,-0.017048215353968058,0.006209908670420322,-0.004600976605762296,0.136,0.8616666666666667,0.13333333333333333,1350,1.0
1,1,1,-2.368603467941284,0.86,random,0.008652796427408854,-0.010407155354817708,0.00027889506022135414,0.04491007645924886,0.0011346721127107632,0.007245230059683443,-0.0006991700862767702,0.0009602091480766231,0.14133333333333334,0.8583333333333333,0.13333333333333333,1350,2.0
1,1,1,-2.368603467941284,0.86,random_normmatched,0.008995402018229166,-0.035949783325195314,-0.0022417551676432294,0.05650920550028483,0.0015478532204200866,-0.02336483951903432,0.0030991084314787496,0.0031242792506218763,0.14,0.86,0.14666666666666667,1350,2.0
1,1,1,-2.368603467941284,0.86,random,0.006174891153971354,-0.008253835042317708,0.0005497385660807292,0.045432696342468264,0.003253440289988003,0.012901467657768066,0.0002829417406002983,0.002168174415376136,0.14,0.86,0.13333333333333333,1350,3.0
1,1,1,-2.368603467941284,0.86,random_normmatched,0.028560818990071613,0.015553995768229167,-0.0052334823608398435,0.05538640817006429,0.010455624532712876,0.05807591947916665,0.003654446496341685,0.008383297612112976,0.13333333333333333,0.8633333333333333,0.13333333333333333,1350,3.0
1,1,1,-2.368603467941284,0.86,random,0.003267896016438802,-0.014816360473632812,-0.0025298919677734376,0.04257439295450846,0.0006984123720468573,0.0022056008199372997,0.00023553042339602206,0.0004156759722660991,0.14266666666666666,0.8616666666666667,0.13333333333333333,1350,4.0
1,1,1,-2.368603467941284,0.86,random_normmatched,-0.012338163375854493,-0.018211746215820314,-0.013294975280761718,0.06805395444234212,-0.004459757634988669,-0.014141669901638053,0.010298923467084688,-0.0028460953797122177,0.152,0.8616666666666667,0.13333333333333333,1350,4.0
1,1,1,-2.368603467941284,0.86,random,0.002662549336751302,-0.009451675415039062,0.007138493855794271,0.045123720169067384,0.001988452318515174,0.007826164300924733,-0.002238971689071188,0.001556427702042042,0.13733333333333334,0.8616666666666667,0.13333333333333333,1350,5.0
1,1,1,-2.368603467941284,0.86,random_normmatched,0.00991774304707845,0.009983202616373699,0.0024135640462239582,0.056046568552653,0.005356406725634298,0.045569064460577666,-0.0026745023990005718,0.01197709235733597,0.13466666666666666,0.8666666666666667,0.13333333333333333,1350,5.0
1,1,1,-2.368603467941284,0.86,random,0.0027431106567382814,-0.02024060567220052,0.005032544453938802,0.042073275248209634,-0.000325432285850224,0.006206543881566065,-0.00165558976445525,-0.0006704307803606398,0.13866666666666666,0.865,0.13333333333333333,1350,6.0
1,1,1,-2.368603467941284,0.86,random_normmatched,0.015702621459960937,-0.010052897135416667,0.01128912099202474,0.06037085056304932,0.005754440398745046,0.00398635501584157,-0.01066219292577783,0.0041615283844472365,0.13066666666666665,0.8616666666666667,0.13333333333333333,1350,6.0
1,1,1,-2.368603467941284,0.86,random,0.022562108357747395,0.015666402180989584,0.003352208455403646,0.04342036724090576,0.005961052036295309,0.01890126343822624,-0.0013770793367898807,0.0035660261027185857,0.136,0.8633333333333333,0.13333333333333333,1350,7.0
1,1,1,-2.368603467941284,0.86,random_normmatched,0.06740185038248699,0.06950672149658203,-0.010556772867838541,0.06218765099843343,0.04069363027024016,0.06642206305629636,0.0030585768322742993,0.029281172622504816,0.13466666666666666,0.8683333333333333,0.13333333333333333,1350,7.0
1,1,1,-2.368603467941284,0.86,random,0.017914896647135418,-0.003748296101888021,-0.005390668233235677,0.039655265808105467,0.004276510424800035,0.014884316578310406,0.0005160159785873267,0.004464234718222739,0.14133333333333334,0.86,0.13333333333333333,1350,8.0
1,1,1,-2.368603467941284,0.86,random_normmatched,0.06562436167399088,0.03779824574788412,-0.05874117787679036,0.06612771987915039,0.04076153808455262,0.07868168117115787,0.030933568672734488,0.04217389507421278,0.15333333333333332,0.8583333333333333,0.14,1350,8.0
1,1,1,-2.368603467941284,0.86,random,0.011025222778320312,-0.006461410522460937,-0.0034493382771809897,0.036327425638834634,0.0024978357009766993,0.0068445430320710505,0.0015925524248602075,0.001041190475847121,0.13466666666666666,0.8633333333333333,0.13333333333333333,1350,9.0
1,1,1,-2.368603467941284,0.86,random_normmatched,0.02071679941813151,-0.004376398722330729,-0.048864601135253906,0.05574032465616862,0.018681198026040517,-0.015787930471301913,0.02141324657776793,0.005295940386021955,0.14266666666666666,0.8666666666666667,0.13333333333333333,1350,9.0
1,1,1,-2.368603467941284,0.86,random,0.0034917805989583333,-0.014967880249023437,0.0001269073486328125,0.04209237257639567,-0.0007280098780183984,-0.0007870059453693112,-6.083308686865889e-05,-0.0018071817557338602,0.136,0.8683333333333333,0.13333333333333333,1350,10.0
1,1,1,-2.368603467941284,0.86,random_normmatched,-0.02465748087565104,-0.04659657796223959,-9.997049967447917e-05,0.058348498344421386,-0.0059934183286795535,-0.07346134190319828,-0.001400678534046105,-0.00533049226407297,0.12533333333333332,0.8683333333333333,0.13333333333333333,1350,10.0
1,1,1,-2.368603467941284,0.86,random,0.0012223790486653645,-0.02357732137044271,0.005968012491861979,0.04207617441813151,0.00042246397632331043,-0.0008306058453966327,-0.0016338132289587808,-0.00024183873659505985,0.132,0.8616666666666667,0.13333333333333333,1350,11.0
1,1,1,-2.368603467941284,0.86,random_normmatched,-0.03620560391743978,-0.09342737833658854,0.001112452189127604,0.06713636875152589,-0.006401781780623235,-0.03857742751344228,-0.010196953283806633,-0.011241840284563969,0.12933333333333333,0.8666666666666667,0.13333333333333333,1350,11.0
1,1,1,-2.368603467941284,0.86,random,0.004852452596028646,-0.014918085734049479,-0.00021523539225260416,0.03868120034535726,-4.9744470943508356e-05,0.0033140813248949356,-0.00025902615906326515,0.00020045079798164793,0.13866666666666666,0.8666666666666667,0.13333333333333333,1350,12.0
1,1,1,-2.368603467941284,0.86,random_normmatched,-0.002615900675455729,-0.023930409749348958,-0.017598388671875,0.051412617365519206,-0.00137885382678217,-0.022726563301383257,0.0025371848425708955,-0.003715158359427134,0.14133333333333334,0.8616666666666667,0.13333333333333333,1350,12.0
1,1,1,-2.368603467941284,0.86,random,0.00928790791829427,-0.013064320882161458,5.995686848958333e-05,0.04580341498057047,0.00036217816930969815,0.004636877097249132,4.709143249318791e-05,-0.0004701691696742289,0.14,0.8633333333333333,0.13333333333333333,1350,13.0
1,1,1,-2.368603467941284,0.86,random_normmatched,0.026273488362630208,0.004035085042317708,-0.013761217753092449,0.056344610850016276,0.016720064125666664,-0.0029852857295564923,0.008664823578746575,0.013079034894966713,0.13733333333333334,0.86,0.13333333333333333,1350,13.0
1,1,1,-2.368603467941284,0.86,random,0.009838671366373697,-0.008875528971354166,0.0015844014485677084,0.041589908599853516,0.0020149026001469914,0.002630196529167181,0.00048550603640864153,0.0012744672913575267,0.13333333333333333,0.8616666666666667,0.13333333333333333,1350,14.0
1,1,1,-2.368603467941284,0.86,random_normmatched,0.019194868087768553,0.0067094039916992185,-0.008819684346516928,0.05229372978210449,0.010267922062352705,-0.019842637699749446,-0.0011985101199322612,0.008668761333422117,0.13466666666666666,0.8616666666666667,0.13333333333333333,1350,14.0
1,1,1,-2.368603467941284,0.86,random,0.0015092824300130209,-0.019603271484375,0.0018587544759114583,0.045074504216512046,-0.0005627515225666512,0.0022999874855334293,-0.0006712187279310727,-0.0010457505743014903,0.13466666666666666,0.8566666666666667,0.13333333333333333,1350,15.0
1,1,1,-2.368603467941284,0.86,random_normmatched,-0.053615069071451825,-0.09419246673583985,-0.015614046732584635,0.06206403255462647,-0.03488289729224559,-0.07665588814836155,0.006931682917791881,-0.031077710928076135,0.136,0.8633333333333333,0.13333333333333333,1350,15.0
1,1,1,-2.368603467941284,0.86,random,0.006931922912597656,-0.0003340911865234375,0.003983400980631511,0.040622587203979495,0.0006141784012491831,0.00499420073006053,-0.0004317820077896525,0.0006629885235783861,0.136,0.8583333333333333,0.13333333333333333,1350,16.0
1,1,1,-2.368603467941284,0.86,random_normmatched,0.028564470926920573,-0.009458643595377604,-0.017499170939127603,0.05465688705444336,0.015008383513109487,0.018129718607617945,0.013100305301296994,0.01249045939311426,0.13733333333333334,0.8633333333333333,0.13333333333333333,1350,16.0
1,1,1,-2.368603467941284,0.86,random,0.010559046427408854,-0.025944786071777345,-0.004744784037272135,0.042434916496276856,0.004803340972913944,0.01425726828174272,0.0010395430365946084,0.0024015393174623614,0.136,0.8616666666666667,0.13333333333333333,1350,17.0
1,1,1,-2.368603467941284,0.86,random_normmatched,0.04187869262695312,0.04225304921468099,-0.026430043538411458,0.060609176953633624,0.016373089359726877,0.05245846437210999,0.012138921008978568,0.01931622392034894,0.13466666666666666,0.8683333333333333,0.13333333333333333,1350,17.0
1,1,1,-2.368603467941284,0.86,random,1.2420654296875e-05,-0.02721270243326823,0.002427436828613281,0.04361460208892822,-0.00315639642598196,-0.0075091908683908035,-0.0009617264382411616,-0.004261998623428676,0.13733333333333334,0.8633333333333333,0.13333333333333333,1350,18.0
1,1,1,-2.368603467941284,0.86,random_normmatched,-0.038042513529459636,-0.0494723129272461,0.009799934387207032,0.05424260139465332,-0.011192566178461573,-0.08091873332520978,-0.006033009436028693,-0.014216420279579678,0.13333333333333333,0.8616666666666667,0.13333333333333333,1350,18.0
1,1,1,-2.368603467941284,0.86,random,0.0018488388061523437,-0.026297810872395834,-0.00031610870361328125,0.04336855411529541,-0.0013232110647722992,0.009025305711707218,-0.0002206306885826484,-0.0013892544370798703,0.136,0.855,0.13333333333333333,1350,19.0
1,1,1,-2.368603467941284,0.86,random_normmatched,-0.022542290369669597,-0.004230779012044271,-0.009660123189290364,0.060121706326802575,-0.010724244675807822,0.0057107087089105415,0.005468053726990997,-0.008590186837829219,0.13333333333333333,0.855,0.13333333333333333,1350,19.0
1,1,1,-2.368603467941284,0.86,random,0.001874547322591146,-0.008437881469726563,0.004486302693684896,0.03846102237701416,0.00029249748914782914,0.0019866659667802586,-0.0008729882905573942,-2.7465479325672546e-05,0.132,0.865,0.13333333333333333,1350,20.0
1,1,1,-2.368603467941284,0.86,random_normmatched,-0.00016873423258463542,0.009807955423990886,0.002692024230957031,0.05703750769297282,-0.0033220322271032272,0.018418588368052213,-0.006628333578973711,-0.004561838833020188,0.13733333333333334,0.8616666666666667,0.13333333333333333,1350,20.0
1,1,1,-2.368603467941284,0.86,random,0.01798278045654297,0.007818272908528646,-0.005872233072916667,0.042792590459187825,0.004554161252380018,0.009468586013106258,0.00019897788377403342,0.002393024930341193,0.14133333333333334,0.865,0.13333333333333333,1350,21.0
1,1,1,-2.368603467941284,0.86,random_normmatched,0.09281210390726725,0.0801681391398112,-0.03698921457926432,0.05966186046600342,0.05395086340649142,0.03841447700846417,0.019847047916725383,0.03460597575064163,0.13333333333333333,0.8616666666666667,0.13333333333333333,1350,21.0
1,1,1,-2.368603467941284,0.86,random,0.010566396077473958,-0.020532811482747396,-0.0035042902628580727,0.04130304495493571,0.0010618786397407585,0.005758032947295186,-0.00042382289243869117,0.0015553366716001505,0.13866666666666666,0.8566666666666667,0.13333333333333333,1350,22.0
1,1,1,-2.368603467941284,0.86,random_normmatched,0.005435695012410481,-0.014308484395345052,-0.008339096069335937,0.05785720507303874,0.009267706048863766,-0.01238945981391402,0.004589691389242678,0.014511912356906184,0.13466666666666666,0.8616666666666667,0.13333333333333333,1350,22.0
1,1,1,-2.368603467941284,0.86,random,0.00832708994547526,-0.02337048848470052,0.005197415669759115,0.04369352181752523,0.0008299017867122733,0.012298241025272988,-0.0006991027902906764,0.00048109039510767194,0.13866666666666666,0.86,0.13333333333333333,1350,23.0
1,1,1,-2.368603467941284,0.86,random_normmatched,0.03229657999674479,-0.021260058085123698,-0.0063310496012369795,0.056795778274536135,0.004614366678660512,0.11046494651884613,-0.0008877979133436358,0.006083063428686633,0.15333333333333332,0.8666666666666667,0.13333333333333333,1350,23.0
1,1,1,-2.368603467941284,0.86,random,0.011861681620279948,0.00029825846354166667,-0.006933705647786458,0.042642553647359215,0.002809567718889352,0.014257065830838956,0.0003323563770385266,0.0020572650295707815,0.13866666666666666,0.865,0.13333333333333333,1350,24.0
1,1,1,-2.368603467941284,0.86,random_normmatched,0.04482221476236979,0.03035119374593099,-0.04366192626953125,0.06643186728159586,0.02030087502461369,0.04413890133794592,0.021562810776767638,0.024150643814163913,0.13466666666666666,0.8666666666666667,0.13333333333333333,1350,24.0
1,1,1,-2.368603467941284,0.86,random,0.0058275146484375,-0.011628443400065105,0.005807342529296875,0.04476621627807617,0.00018836572997275164,0.005073224746992695,-0.0011394800144126315,0.00010367732560518911,0.14266666666666666,0.8583333333333333,0.13333333333333333,1350,25.0
1,1,1,-2.368603467941284,0.86,random_normmatched,0.013229540506998698,0.04859780629475911,0.019885340372721355,0.06105724016825358,0.007065912701880662,0.01262077107973746,-0.007394681420655662,0.001789472522112481,0.14,0.8583333333333333,0.13333333333333333,1350,25.0
1,1,1,-2.368603467941284,0.86,random,0.013277753194173177,-0.004342803955078125,0.0028849156697591145,0.042990220387776695,0.0011489987808005456,0.015476347800008488,-0.0018286559149798209,0.0011808228480092533,0.14133333333333334,0.865,0.13333333333333333,1350,26.0
1,1,1,-2.368603467941284,0.86,random_normmatched,0.04876651763916016,0.005101877848307292,0.0008768564860026041,0.05946879863739014,0.01983455378683493,0.10119586301912455,0.0024872235471754176,0.016710187532350325,0.13466666666666666,0.8633333333333333,0.13333333333333333,1350,26.0
1,1,1,-2.368603467941284,0.86,random,0.008983553568522136,-0.016393229166666665,0.0022469762166341146,0.0448911460240682,0.0011197723778973896,0.004443171019993148,-0.0007771154693622519,0.0008587724050797961,0.136,0.8633333333333333,0.13333333333333333,1350,27.0
1,1,1,-2.368603467941284,0.86,random_normmatched,0.023374600728352863,0.01603040059407552,-0.019720458984375,0.0593297020594279,0.012388556430596605,-0.006276210181314415,0.007797656123871582,0.012130351846118508,0.14133333333333334,0.86,0.13333333333333333,1350,27.0
1,1,1,-2.368603467941284,0.86,random,0.012694221496582031,0.00415374755859375,-0.0005996170043945313,0.04161759853363037,0.0032733571251534746,0.005445211030877285,0.00030509942178685124,0.0022570448268473867,0.144,0.86,0.13333333333333333,1350,28.0
1,1,1,-2.368603467941284,0.86,random_normmatched,0.027745981852213542,0.022975870768229167,-0.02094947814941406,0.05469176292419434,0.008018241558003495,0.006071216918136613,0.009619239726579288,0.006711395125325682,0.14666666666666667,0.8616666666666667,0.13333333333333333,1350,28.0
1,1,1,-2.368603467941284,0.86,random,0.027060272216796875,0.01897173563639323,-0.006430562337239583,0.04627476851145426,0.007073649102649144,0.03251668332608175,0.0020343744985310704,0.004732965136826349,0.14133333333333334,0.8683333333333333,0.13333333333333333,1350,29.0
1,1,1,-2.368603467941284,0.86,random_normmatched,0.1298755416870117,0.12131197611490885,-0.07955872853597006,0.06256893634796143,0.05513345529572176,0.1646081325535853,0.040029283709575515,0.05096255151776435,0.15466666666666667,0.8633333333333333,0.14666666666666667,1350,29.0
1,1,1,-2.368603467941284,0.86,random,0.0027897440592447916,-0.009008687337239583,0.004432238260904948,0.04099044640858968,0.00017642705694630964,-0.007323772818261324,-0.0021009670977078293,0.0003471793117917384,0.14133333333333334,0.86,0.13333333333333333,1350,30.0
1,1,1,-2.368603467941284,0.86,random_normmatched,0.01667444864908854,0.031086235046386718,0.031092730204264323,0.059361133575439456,0.007601233758496168,-0.062107857124226784,-0.012385220824105333,0.004764869552696871,0.14,0.8666666666666667,0.13333333333333333,1350,30.0
1,1,1,-2.368603467941284,0.86,random,0.004546318054199219,-0.008101806640625,0.002804161071777344,0.0469416602452596,7.023006776706962e-05,0.006726884847944722,-0.002008350106892577,-7.300981734552391e-05,0.13466666666666666,0.8566666666666667,0.13333333333333333,1350,31.0
1,1,1,-2.368603467941284,0.86,random_normmatched,-0.009500536600748698,-0.03727246602376302,0.0038984273274739584,0.05807357311248779,-0.001939830859356532,-0.003234617006182256,-0.0029089216967501746,-0.001855445571099523,0.13333333333333333,0.8633333333333333,0.13333333333333333,1350,31.0
1,1,1,-2.368603467941284,0.86,random,0.007104031880696615,-0.003585993448893229,0.001356585184733073,0.041116676330566405,0.000710472166824165,0.007381065341576158,-0.0008714293828956846,-0.00031394228259320556,0.13733333333333334,0.8666666666666667,0.13333333333333333,1350,32.0
1,1,1,-2.368603467941284,0.86,random_normmatched,0.028461003621419272,-0.006597188313802084,-0.023116925557454426,0.05533663272857666,0.018363668893505544,0.024660822213236268,0.009564866873017787,0.009750705543546134,0.13333333333333333,0.86,0.13333333333333333,1350,32.0
1,1,1,-2.368603467941284,0.86,random,0.019246849060058593,-0.003974711100260417,-0.003800005594889323,0.04126985232035319,0.005272622571047238,0.018153257540152314,-0.00034097470053682025,0.004052744782075375,0.136,0.87,0.13333333333333333,1350,33.0
1,1,1,-2.368603467941284,0.86,random_normmatched,0.0843835163116455,0.11371378580729166,-0.048857192993164066,0.06754117012023926,0.039699771406075196,0.0949576990702373,0.024412069358265558,0.043037620538687434,0.14,0.865,0.13333333333333333,1350,33.0
1,1,1,-2.368603467941284,0.86,random,0.012399368286132813,-0.009477513631184896,-0.002692143758138021,0.04629106680552165,0.0021563598272142503,0.004286069258927229,0.0008406888835084291,0.0007575156723194386,0.136,0.8633333333333333,0.13333333333333333,1350,34.0
1,1,1,-2.368603467941284,0.86,random_normmatched,-0.015989827473958333,-0.03745203653971354,-0.021434303283691405,0.07428203423817953,0.005616427109597483,-0.03872083902236089,0.013379012940906302,0.002728009566771133,0.14,0.8616666666666667,0.13333333333333333,1350,34.0
1,1,1,-2.368603467941284,0.86,random,-0.0005498453776041667,-0.0195367431640625,0.00011039225260416667,0.03873387813568115,-0.0007665958101335064,0.002537171935351478,-0.00047953669989542056,-0.0009682907564692655,0.14,0.8683333333333333,0.13333333333333333,1350,35.0
1,1,1,-2.368603467941284,0.86,random_normmatched,-0.03218319829305013,-0.09406697591145834,0.0027278900146484376,0.05727103551228841,-0.019008050154799647,-0.056705270530042214,-0.0032599209958312477,-0.018824774045243194,0.136,0.8616666666666667,0.13333333333333333,1350,35.0
1,1,1,-2.368603467941284,0.86,random,0.018504666646321614,-0.0021651458740234377,0.0004085489908854167,0.04303635120391846,0.00617561270186271,0.015139466476122057,-0.0009505788045655479,0.004032942258671312,0.13466666666666666,0.8616666666666667,0.13333333333333333,1350,36.0
1,1,1,-2.368603467941284,0.86,random_normmatched,0.06642871602376302,0.04659194946289062,0.018645767211914063,0.059312481880187985,0.02726328637510548,0.08561103552848891,-0.00797636010088842,0.023297609178411026,0.13866666666666666,0.86,0.13333333333333333,1350,36.0
1,1,1,-2.368603467941284,0.86,random,0.004625780741373698,-0.01094281514485677,-0.005841056823730469,0.039645115534464516,0.0004639141096162768,0.0036921722745165433,0.0010966915400127265,0.00019772370583655665,0.144,0.8566666666666667,0.13333333333333333,1350,37.0
1,1,1,-2.368603467941284,0.86,random_normmatched,0.024522745768229166,-0.004273974100748698,-0.022289082845052082,0.05358892758687337,0.008016682650341786,0.002427202517809491,0.007564480751405088,0.011350246752877966,0.14266666666666666,0.8583333333333333,0.13333333333333333,1350,37.0
1,1,1,-2.368603467941284,0.86,random,0.010263270060221354,-0.00048772176106770835,-0.004584498087565104,0.03900691191355388,0.0008573078184925766,0.00869615271523144,-0.00035415523517942003,0.000722715272843225,0.14,0.8616666666666667,0.13333333333333333,1350,38.0
1,1,1,-2.368603467941284,0.86,random_normmatched,0.017708658854166667,-0.0038773854573567706,-0.03888453674316406,0.05418906211853027,0.005299721059772292,0.037016893814560796,0.01530224152614883,0.006540992290914155,0.14666666666666667,0.8616666666666667,0.13333333333333333,1350,38.0
1,1,1,-2.368603467941284,0.86,random,0.015539690653483073,-0.006518834431966145,-0.006046051025390625,0.0407643461227417,0.003309665466774756,0.007111490006615298,0.0008301183298603794,0.002426085819260982,0.136,0.8666666666666667,0.13333333333333333,1350,39.0
1,1,1,-2.368603467941284,0.86,random_normmatched,0.0932484130859375,0.10336505889892578,-0.059020093282063806,0.06035222371419271,0.040980158422874766,0.052521997073472354,0.02613110221643123,0.039162319863480566,0.144,0.8633333333333333,0.13333333333333333,1350,39.0
1,1,1,-2.368603467941284,0.86,random,0.008055074055989583,-0.012063700358072917,0.0006937433878580729,0.04430628458658854,0.0015994392609140831,0.007573424380581277,-2.3214086440303898e-05,0.0013931654359493884,0.136,0.865,0.13333333333333333,1350,40.0
1,1,1,-2.368603467941284,0.86,random_normmatched,0.03287755584716797,-0.0037973403930664064,0.0036800816853841145,0.058782529830932614,0.005667553389497052,0.018887768390423866,0.00010880714724475574,0.005590019357962909,0.13866666666666666,0.865,0.13333333333333333,1350,40.0
1,1,1,-2.368603467941284,0.86,random,0.004707394917805989,-0.014080454508463541,-0.0005847829182942709,0.039343617757161456,0.000984450188369633,-0.0005661877613244081,-0.00031022262468021687,-4.3182647484934656e-06,0.13333333333333333,0.8683333333333333,0.13333333333333333,1350,41.0
1,1,1,-2.368603467941284,0.86,random_normmatched,0.012339022318522136,0.008698196411132812,0.00031295013427734374,0.05622127691904704,0.006811647027840239,-0.018128787760466808,1.0132899801112613e-05,0.002482186965739657,0.132,0.87,0.13333333333333333,1350,41.0
1,1,1,-2.368603467941284,0.86,random,0.020360313415527343,0.006140416463216146,-0.015704447428385417,0.040191094080607094,0.006192760686141515,0.01565960514582838,0.005547680775656478,0.004106550115417576,0.14133333333333334,0.8566666666666667,0.13333333333333333,1350,42.0
1,1,1,-2.368603467941284,0.86,random_normmatched,0.07690259297688802,0.06345123291015625,-0.10019344838460287,0.05746325174967448,0.024693876815311436,0.07120108727529004,0.04074432001962485,0.027687636003814735,0.156,0.8633333333333333,0.13333333333333333,1350,42.0
1,1,1,-2.368603467941284,0.86,random,0.0126956787109375,-0.007055308024088542,-0.002603815714518229,0.04110769112904866,0.0017046655280794833,0.010377189522832623,-0.0008558403062785883,0.0006386964821201051,0.136,0.86,0.13333333333333333,1350,43.0
1,1,1,-2.368603467941284,0.86,random_normmatched,0.028277620951334636,0.001623713175455729,-0.012909098307291667,0.058341905275980634,0.010706623288883966,0.020178424038070665,0.005192844115822516,0.008763965054149406,0.14133333333333334,0.865,0.14,1350,43.0
1,1,1,-2.368603467941284,0.86,random,0.005059865315755209,-0.029848251342773437,-0.0015168965657552083,0.042145975430806476,0.0007673363428887434,0.004521840311658002,-0.00042632618602263386,0.000953448623671821,0.136,0.86,0.13333333333333333,1350,44.0
1,1,1,-2.368603467941284,0.86,random_normmatched,0.009377046585083008,-0.05441299438476563,0.014675183614095052,0.05843899885813395,-0.003368799456954516,-0.009387177086156717,-0.006450199732341583,-0.0006148441224713324,0.12533333333333332,0.8633333333333333,0.13333333333333333,1350,44.0
1,1,1,-2.368603467941284,0.86,random,0.012953473409016926,-0.00179290771484375,-9.145100911458334e-06,0.046149733861287436,0.0015228440704839357,0.014436005410708478,-0.0006957030024398315,0.001297536313729106,0.13866666666666666,0.86,0.13333333333333333,1350,45.0
1,1,1,-2.368603467941284,0.86,random_normmatched,0.04859019978841146,0.004086596171061198,-0.010754094441731771,0.05703454971313476,0.01933641738741746,0.07857037419256882,0.010072574367212253,0.018421506021752784,0.14266666666666666,0.8633333333333333,0.13333333333333333,1350,45.0
1,1,1,-2.368603467941284,0.86,random,0.0016287587483723959,-0.023482462565104167,7.31353759765625e-05,0.043365950584411624,-0.0007725307454377658,0.005969832094060896,-0.0007701003848845585,-0.0002754350986057653,0.136,0.86,0.13333333333333333,1350,46.0
1,1,1,-2.368603467941284,0.86,random_normmatched,-0.015884681701660155,-0.046148579915364585,-0.02100013987223307,0.06877252260843912,-0.022991894470089563,-0.0032871300988213717,0.009413872687578267,-0.01832586652056591,0.14133333333333334,0.8633333333333333,0.13333333333333333,1350,46.0
1,1,1,-2.368603467941284,0.86,random,0.007494038899739583,-0.005561879475911458,0.0012307713826497397,0.04274977366129557,0.0002732629603830059,0.0038100712642561417,-0.001026540695235793,0.000578404538538707,0.14533333333333334,0.855,0.13333333333333333,1350,47.0
1,1,1,-2.368603467941284,0.86,random_normmatched,-0.028267290115356444,-0.044803441365559894,-0.029121180216471355,0.05566667556762695,-0.021920066936160103,-0.042774920383946265,0.013726820941957986,-0.012325549028221012,0.14133333333333334,0.86,0.13333333333333333,1350,47.0
1,1,1,-2.368603467941284,0.86,random,0.012836214701334635,-0.0016596221923828125,-0.0004721018473307292,0.04306294600168864,0.0020965636353657323,0.009095145993034084,-0.000408596573920593,0.002283621593380684,0.13866666666666666,0.865,0.13333333333333333,1350,48.0
1,1,1,-2.368603467941284,0.86,random_normmatched,0.0349359982808431,0.0023807271321614584,-0.0037393798828125,0.05970112959543864,0.01654468701372433,0.02319914555778453,0.001280754311892195,0.014208285052989197,0.13866666666666666,0.8633333333333333,0.13333333333333333,1350,48.0
1,1,1,-2.368603467941284,0.86,random,0.028593429565429686,0.004232991536458334,-0.011821451822916667,0.04481152852376302,0.009658991871952884,0.01949030482985169,0.002074906097735521,0.007436795699696866,0.14666666666666667,0.8616666666666667,0.13333333333333333,1350,49.0
1,1,1,-2.368603467941284,0.86,random_normmatched,0.1263315258026123,0.09538951873779297,-0.08682115173339844,0.09125458399454753,0.08020641863383758,0.08613297898617392,0.04453416122372668,0.07359949010146638,0.164,0.8566666666666667,0.14666666666666667,1350,49.0
1,1,1,-2.368603467941284,0.86,random,0.006909467061360677,-0.018778177897135418,-0.0013236770629882814,0.043017555872599283,0.0010936978419739856,0.006157543595333453,-0.0003336062396058614,0.00031955159138851645,0.13866666666666666,0.8666666666666667,0.13333333333333333,1350,50.0
1,1,1,-2.368603467941284,0.86,random_normmatched,0.01927166239420573,0.007770309448242188,-0.0025439300537109374,0.05459642887115478,0.009381807219945675,0.012597369570716537,0.005563331752624287,0.011148063304533879,0.13466666666666666,0.8633333333333333,0.13333333333333333,1350,50.0
1,1,1,-2.368603467941284,0.86,random,0.010439125061035157,-0.0052026112874348955,-0.001976567586263021,0.050041184425354004,0.003858697103652656,0.009240678248461552,0.0005539272950642111,0.0005169774938280418,0.14133333333333334,0.8616666666666667,0.13333333333333333,1350,51.0
1,1,1,-2.368603467941284,0.86,random_normmatched,0.04049461364746094,0.02092400868733724,-0.03450024668375651,0.062185235023498535,0.013436313231647897,0.05812010333836604,0.014928647359953147,0.009861992698186666,0.14933333333333335,0.86,0.13333333333333333,1350,51.0
1,1,1,-2.368603467941284,0.86,random,0.013052497863769531,5.803426106770833e-05,0.004656776428222657,0.041780951817830404,0.0012112712531483845,0.01704180013914117,-0.0002036207010620942,0.0006609483627398838,0.13466666666666666,0.8666666666666667,0.13333333333333333,1350,52.0
1,1,1,-2.368603467941284,0.86,random_normmatched,0.05600938288370768,0.06292373657226563,-0.011936330159505208,0.06853781700134277,0.00821248052296694,0.1526319364388955,0.006555136043554512,0.009229026899666686,0.14133333333333334,0.8666666666666667,0.13333333333333333,1350,52.0
1,1,1,-2.368603467941284,0.86,random,-0.0006922683715820312,-0.006460723876953125,0.001128840128580729,0.043559420903523764,-0.0014213653497591788,0.0003787601036026018,-0.0005535824549891905,-0.0015663761557991839,0.13733333333333334,0.8633333333333333,0.13333333333333333,1350,53.0
1,1,1,-2.368603467941284,0.86,random_normmatched,-0.054102526982625326,-0.06517921447753906,0.013579416910807291,0.0803670338789622,-0.042273678516410965,-0.060223973820649986,-0.0020458482032209217,-0.05492565048160952,0.132,0.8616666666666667,0.13333333333333333,1350,53.0
1,1,1,-2.368603467941284,0.86,random,0.006280036926269531,-0.011968510945638021,-0.0009866612752278646,0.04427788098653158,0.000602517811250773,0.007297333004008413,0.00028080269455973435,0.0006564034870080286,0.14133333333333334,0.8566666666666667,0.13333333333333333,1350,54.0
1,1,1,-2.368603467941284,0.86,random_normmatched,0.0012539749145507812,-0.04561599731445312,-0.015841646830240884,0.05471461455027262,0.0012349587893392398,-0.017473582368253048,0.010142565995575064,-0.006057234176734542,0.14666666666666667,0.86,0.13333333333333333,1350,54.0
1,1,1,-2.368603467941284,0.86,random,0.024248311360677084,0.007517522176106771,-0.01233478546142578,0.04203850428263346,0.0070776433258423685,0.01699530465126656,0.002996153172766956,0.005914663067694688,0.14933333333333335,0.8583333333333333,0.13333333333333333,1350,55.0
1,1,1,-2.368603467941284,0.86,random_normmatched,0.1328763427734375,0.13653121948242186,-0.08422622934977214,0.06498427867889404,0.05603283533038039,0.11238573355844757,0.03897076351953534,0.04896622012249999,0.152,0.8616666666666667,0.13333333333333333,1350,55.0
1,1,1,-2.368603467941284,0.86,random,0.0031429468790690105,-0.01686065673828125,0.00288909912109375,0.04225815455118815,0.0006469923309345715,0.007058074887583749,0.00013016878975275433,0.0002734712493649905,0.14,0.8616666666666667,0.13333333333333333,1350,56.0
1,1,1,-2.368603467941284,0.86,random_normmatched,-0.011162656784057617,-0.009283231099446615,0.0020454203287760416,0.05789789358774821,-0.007176325938733663,-0.01996643159419977,-0.0029159367812278676,-0.00696590004934494,0.14933333333333335,0.8566666666666667,0.14,1350,56.0
1,1,1,-2.368603467941284,0.86,random,0.0008964309692382812,-0.015159886678059896,0.00791027577718099,0.041124587059020994,-0.0010811473812592548,0.0042389420066176456,-0.002214329819956762,-0.0015648068745413878,0.13733333333333334,0.8666666666666667,0.13333333333333333,1350,57.0
1,1,1,-2.368603467941284,0.86,random_normmatched,-0.014622100194295247,0.007690531412760417,0.022929107666015625,0.05549266497294108,-0.007633315957161637,0.003356515082637678,-0.010337173566193817,-0.00868188893789093,0.12933333333333333,0.8616666666666667,0.13333333333333333,1350,57.0
1,1,1,-2.368603467941284,0.86,random,0.02079517364501953,0.005934575398763021,-0.0032015279134114585,0.04546685218811035,0.003985392529215658,0.008269969479331599,-7.17097524386431e-05,0.0023936159654851822,0.13866666666666666,0.86,0.13333333333333333,1350,58.0
1,1,1,-2.368603467941284,0.86,random_normmatched,0.055065905888875326,0.032769813537597656,-0.03193391672770182,0.0664992078145345,0.02647109809612908,-0.03896324324009913,0.013016878975275432,0.022171419131169965,0.14133333333333334,0.86,0.13333333333333333,1350,58.0
1,1,1,-2.368603467941284,0.86,random,0.011716784159342448,0.007245941162109375,-0.0016184361775716145,0.043214767773946124,0.0029820152181601806,0.006764220421638125,0.0002821622867694435,0.001623621115890549,0.13466666666666666,0.8666666666666667,0.13333333333333333,1350,59.0
1,1,1,-2.368603467941284,0.86,random_normmatched,0.019867991765340168,0.029201138814290366,-0.005878980000813802,0.05568871339162191,0.009540514889662951,0.03798100075917557,0.0037795646329291973,0.006866067717492087,0.132,0.8616666666666667,0.13333333333333333,1350,59.0
1,1,1,-2.368603467941284,0.86,random,-0.002550384521484375,-0.028280919392903645,-0.000786455790201823,0.04372121016184489,-0.0020523019366407314,-2.70254983247528e-05,-0.0003899966521971055,-0.0016924810485027357,0.13866666666666666,0.865,0.13333333333333333,1350,60.0
1,1,1,-2.368603467941284,0.86,random_normmatched,-0.05143189493815104,-0.08960192362467448,0.003927068074544271,0.05573954741160075,-0.020784556997932663,-0.0349517560761372,0.0014445794361994827,-0.017825705306967404,0.13866666666666666,0.8633333333333333,0.13333333333333333,1350,60.0
1,1,1,-2.368603467941284,0.86,random,0.0076551005045572915,-0.014460500081380208,0.006922386169433594,0.04570933183034261,0.0010273891398865926,0.00048391280360840305,-0.0034025218125359716,0.0004285877762879764,0.14,0.8633333333333333,0.13333333333333333,1350,61.0
1,1,1,-2.368603467941284,0.86,random_normmatched,-0.0038630752563476563,-0.008133977254231772,0.01667765808105469,0.05965296586354574,0.0003538720392080866,-0.04511451261693994,-0.007999657119433005,0.004126040554783061,0.13466666666666666,0.8633333333333333,0.13333333333333333,1350,61.0
1,1,1,-2.368603467941284,0.86,random,0.0008452962239583334,-0.023584009806315104,-0.0027986551920572917,0.03982760747273763,4.7479482434075236e-05,-0.001263375790540455,0.00039050636925826296,-0.0002747627014607579,0.14133333333333334,0.86,0.13333333333333333,1350,62.0
1,1,1,-2.368603467941284,0.86,random_normmatched,0.0021636098225911457,-0.0014238739013671875,-0.028612233479817707,0.04852128187815348,-0.003335282942227759,-0.020454329295094338,0.015175966086743273,-0.00467154125295535,0.15333333333333332,0.8616666666666667,0.13333333333333333,1350,62.0
1,1,1,-2.368603467941284,0.86,random,0.004929084777832032,-0.008446553548177083,-0.00022162882486979167,0.04168273289998373,0.0005657971656727298,0.004015416000873881,-0.0004684517523437446,1.1332167064472947e-05,0.13466666666666666,0.8633333333333333,0.13333333333333333,1350,63.0
1,1,1,-2.368603467941284,0.86,random_normmatched,0.00637048085530599,-0.013311538696289062,-0.029532811482747397,0.05108763535817464,0.0009278282192325536,-0.00028729853655846743,0.006224718293206563,-0.001709081355836717,0.13866666666666666,0.8616666666666667,0.13333333333333333,1350,63.0
1,1,1,-2.368603467941284,0.86,random,0.008675860087076824,-0.017089640299479167,-0.005861567179361979,0.044057211875915527,0.001052262671654002,0.005917170998403518,-0.0002756450940474127,0.00011484381702105286,0.13866666666666666,0.8633333333333333,0.13333333333333333,1350,64.0
1,1,1,-2.368603467941284,0.86,random_normmatched,0.004168219248453776,-0.030579910278320313,0.0006969935099283855,0.05962900956471761,0.0007315753526758628,-0.0016807967812433712,-0.005747807802619245,-0.0003830327053705402,0.14266666666666666,0.855,0.13333333333333333,1350,64.0
1,1,1,-2.368603467941284,0.86,random,-0.003090263366699219,-0.02815691630045573,0.0005099156697591146,0.0440039857228597,-0.002120893873755955,-0.009900796668595275,-0.0007355549103513435,-0.0011687573719963151,0.13733333333333334,0.8633333333333333,0.13333333333333333,1350,65.0
1,1,1,-2.368603467941284,0.86,random_normmatched,-0.06349878565470378,-0.11709044138590495,0.00015496826171875,0.06799399058024089,-0.022526995165535045,-0.1231030053348397,0.003064404928765939,-0.01821738091762114,0.13733333333333334,0.8666666666666667,0.13333333333333333,1350,65.0
1,1,1,-2.368603467941284,0.86,random,0.0005748621622721354,-0.016037445068359375,0.0036317392985026043,0.044370627403259276,-0.000537111645035476,0.002272004998891538,-0.001468770012564488,-8.023005501822668e-05,0.13733333333333334,0.8666666666666667,0.13333333333333333,1350,66.0
1,1,1,-2.368603467941284,0.86,random_normmatched,-0.040020129521687826,-0.06841166178385416,0.02547724914550781,0.07255109151204427,-0.03490735341009126,-0.07070156673520532,-0.013014323966356831,-0.02563018990848758,0.13066666666666665,0.8666666666666667,0.13333333333333333,1350,66.0
1,1,1,-2.368603467941284,0.86,random,0.027709986368815106,0.010231348673502604,-0.00989208475748698,0.047155656814575196,0.008719783266165139,0.04165174311202284,0.0035115239390172905,0.007249297062284542,0.13733333333333334,0.8616666666666667,0.13333333333333333,1350,67.0
1,1,1,-2.368603467941284,0.86,random_normmatched,0.12166557439168295,0.11526191711425782,-0.04656475067138672,0.06954809983571371,0.038943895335093605,0.23763998437724126,0.019808911589317607,0.03848290476079916,0.16,0.8616666666666667,0.13333333333333333,1350,67.0
1,1,1,-2.368603467941284,0.86,random,0.0031269632975260415,-0.012003733317057291,0.0034980316162109377,0.041990251541137696,0.00010288790567283575,0.006404450676977362,-0.0014000020057335326,0.00040612882682097265,0.136,0.86,0.13333333333333333,1350,68.0
1,1,1,-2.368603467941284,0.86,random_normmatched,-0.05384243011474609,-0.10502588907877604,-0.00032518768310546873,0.06204673290252685,-0.02000567775477441,-0.06776221068297943,0.003458235619992701,-0.022865461201037343,0.14133333333333334,0.8583333333333333,0.13333333333333333,1350,68.0
1,1,1,-2.368603467941284,0.86,random,0.011870147705078125,-0.0044416554768880205,-0.0021703770955403645,0.04615953763326009,0.0013071651965117427,0.011393094526815441,0.0002473958354923816,0.00024260556310041651,0.14,0.8566666666666667,0.13333333333333333,1350,69.0
1,1,1,-2.368603467941284,0.86,random_normmatched,0.027307301839192707,0.0014728800455729167,-0.005272941589355469,0.06766066869099935,0.01777452403226939,0.045014663610369446,-0.004453788298475448,0.01109844607797525,0.14666666666666667,0.8583333333333333,0.13333333333333333,1350,69.0
1,1,1,-2.368603467941284,0.86,random,0.004929578145345052,-0.013299077351888022,0.005678461710611979,0.04588312149047852,-0.00043443504623997295,-0.013202108558479694,-0.0016914148129549514,-0.00042795650078389445,0.14,0.8583333333333333,0.13333333333333333,1350,70.0
1,1,1,-2.368603467941284,0.86,random_normmatched,-0.036528757095336914,-0.07212117513020834,0.03379419708251953,0.08129675706227621,-0.002532325200830865,-0.17135259908553038,-0.044074264515560985,0.0035046249694894154,0.14133333333333334,0.8616666666666667,0.13333333333333333,1350,70.0
1,1,1,-2.368603467941284,0.86,random,0.00800842539469401,-0.013277740478515624,-0.00180572509765625,0.038980104128519696,0.001039791410360325,0.003321838144466123,0.00024036487982250586,0.00037554746613233363,0.13866666666666666,0.8616666666666667,0.13333333333333333,1350,71.0
1,1,1,-2.368603467941284,0.86,random_normmatched,0.0020027516682942707,-0.004887720743815104,-0.012681022644042968,0.04918754736582438,0.002071028140281398,-0.03174689168223061,0.0029743917433180046,0.003481507764333834,0.13333333333333333,0.8583333333333333,0.13333333333333333,1350,71.0
1,1,1,-2.368603467941284,0.86,random,0.0049811859130859375,-0.027638015747070314,-0.0018236083984375,0.04326486110687256,0.0013488448542942596,0.002356358613243799,-0.0004191800751506304,0.001566937056424286,0.13333333333333333,0.8666666666666667,0.13333333333333333,1350,72.0
1,1,1,-2.368603467941284,0.86,random_normmatched,0.040843849182128904,0.008267873128255209,0.03382107798258464,0.06969450155893962,0.015380384840988246,0.04254387382073397,-0.010204609553551255,0.014310788814151975,0.14533333333333334,0.8683333333333333,0.13333333333333333,1350,72.0
1,1,1,-2.368603467941284,0.86,random,-0.006291473388671875,-0.019272842407226563,0.004833106994628906,0.04416856447855631,-0.004738688737376415,-0.0028535918573644307,-0.0009965630323252612,-0.004395330024268693,0.144,0.8566666666666667,0.13333333333333333,1350,73.0
1,1,1,-2.368603467941284,0.86,random_normmatched,-0.06900763702392577,-0.07355064392089844,0.028807579040527345,0.060511999130249024,-0.034941842909945425,-0.051718203369147946,-0.013684091454487155,-0.03851548777543766,0.13066666666666665,0.86,0.13333333333333333,1350,73.0
1,1,1,-2.368603467941284,0.86,random,0.015507331848144531,-0.005923614501953125,-0.0011145706176757812,0.04121614456176758,0.001565143292356471,0.014990966532419383,0.0005336662521302873,0.0007623685568945178,0.13866666666666666,0.865,0.13333333333333333,1350,74.0
1,1,1,-2.368603467941284,0.86,random_normmatched,0.06908978780110676,0.08523312886555989,-0.02260352579752604,0.055023298263549805,0.022199625505582302,0.09444220936034908,0.012269382751485664,0.026956593616014914,0.14,0.8616666666666667,0.13333333333333333,1350,74.0
1,1,1,-2.368603467941284,0.86,random,0.006400494893391927,-0.015485305786132813,0.0004676996866861979,0.04273296356201172,-0.00045035327694189565,-0.0015797829690452911,-0.0004709143249318791,-0.0003651689482649016,0.132,0.8616666666666667,0.13333333333333333,1350,75.0
1,1,1,-2.368603467941284,0.86,random_normmatched,-0.01295978864034017,-0.006992568969726562,-0.01855957539876302,0.05785771528879802,-0.007895442428153645,-0.07259024395711403,0.007066529635604864,-0.01019061760066278,0.132,0.8583333333333333,0.13333333333333333,1350,75.0
1,1,1,-2.368603467941284,0.86,random,0.008860069274902344,-0.01909655253092448,-0.007681874593098958,0.04722358703613281,0.0015839564240063381,0.005966574740479203,0.0021045227507166934,0.0011341403456014817,0.13733333333333334,0.865,0.13333333333333333,1350,76.0
1,1,1,-2.368603467941284,0.86,random_normmatched,0.005355759938557943,-0.00390350341796875,-0.050726849873860676,0.06887667179107666,0.019347878721889287,-0.014075428319352613,0.05451125288145112,0.008779772898134428,0.14266666666666666,0.8683333333333333,0.13333333333333333,1350,76.0
1,1,1,-2.368603467941284,0.86,random,0.004439753214518229,-0.006453628540039062,0.01636913553873698,0.04222233931223551,0.0014120797151830572,0.003823297117061537,-0.003051561747796606,0.0016841970926840854,0.136,0.8683333333333333,0.13333333333333333,1350,77.0
1,1,1,-2.368603467941284,0.86,random_normmatched,0.010311782836914063,-0.02656670888264974,0.023767987569173178,0.06753983815511068,0.013427042903598028,-0.0016169919642711145,-0.007604271458230978,0.015847847080346873,0.14266666666666666,0.8633333333333333,0.13333333333333333,1350,77.0
1,1,1,-2.368603467941284,0.86,random,0.009445162455240885,-0.005599187215169271,0.003005785624186198,0.04135630925496419,0.0012198452452877875,0.007817148493853064,-0.0002852016334094479,0.001318327956394238,0.13733333333333334,0.86,0.13333333333333333,1350,78.0
1,1,1,-2.368603467941284,0.86,random_normmatched,0.02601414171854655,0.006574160257975261,0.017320782979329426,0.059358984629313154,0.010479117435554021,0.017550672344257355,-0.007564480751405088,0.008506183744674637,0.13866666666666666,0.86,0.13333333333333333,1350,78.0
1,1,1,-2.368603467941284,0.86,random,0.008447059631347656,-0.021724039713541667,-0.004958567301432292,0.03883264541625977,0.0026407681474877134,0.010339559005993804,0.0006231682069472375,0.0015546243349811994,0.13866666666666666,0.8666666666666667,0.13333333333333333,1350,79.0
1,1,1,-2.368603467941284,0.86,random_normmatched,0.031444852193196614,-0.0068765385945638025,-0.043921185811360675,0.053282066980997723,0.006217833887095769,0.030570319925319982,0.013477248920089063,0.007659601308520002,0.13333333333333333,0.8616666666666667,0.13333333333333333,1350,79.0
1,1,1,-2.368603467941284,0.86,random,0.005814015706380208,-0.01150133768717448,-0.004494234720865886,0.04631184418996175,-0.00012601932639022117,0.005138536363940858,0.0004343845764822013,-0.00022190049657001368,0.13866666666666666,0.86,0.13333333333333333,1350,80.0
1,1,1,-2.368603467941284,0.86,random_normmatched,-0.020458139419555665,-0.04321136474609375,-0.0012127049763997395,0.06083828449249268,-0.007172503112468642,-0.03310128779308329,0.004287775523532345,-0.005239126986415943,0.13466666666666666,0.8633333333333333,0.13333333333333333,1350,80.0
1,1,1,-2.368603467941284,0.86,random,0.0015394770304361979,-0.026902440388997396,0.0002879511515299479,0.039081130027771,0.0005559056068322975,0.0063683756974221096,-0.00023381122322524818,0.0005557345708182668,0.13466666666666666,0.8616666666666667,0.13333333333333333,1350,81.0
1,1,1,-2.368603467941284,0.86,random_normmatched,-0.05218692398071289,-0.0885763422648112,-0.015524139404296875,0.05915699640909831,-0.012947490897176355,-0.03857783564107316,0.004832613751299861,-0.013721972638752168,0.13066666666666665,0.86,0.13333333333333333,1350,81.0
1,1,1,-2.368603467941284,0.86,random,0.009149210611979167,-0.01866432189941406,0.008401969909667968,0.043949495951334634,0.0017364136657347317,0.013190339066329248,-0.002842410949012821,0.0014371817430849356,0.132,0.8633333333333333,0.13333333333333333,1350,82.0
1,1,1,-2.368603467941284,0.86,random_normmatched,0.03139182662963867,-0.004680862426757812,0.04786645762125651,0.07112619558970133,0.011420933267812704,0.040879302954175786,-0.031032692561376207,0.009233041441630398,0.132,0.865,0.14,1350,82.0
1,1,1,-2.368603467941284,0.86,random,0.00845275115966797,-0.0011997477213541666,0.005506642659505208,0.04019697507222494,0.00240143610520932,0.007216128646031058,-0.002239827711683036,0.001240063313541859,0.13333333333333333,0.8666666666666667,0.13333333333333333,1350,83.0
1,1,1,-2.368603467941284,0.86,random_normmatched,-0.009096227010091145,-0.05255378723144531,0.020174662272135418,0.05493687152862549,-0.0026033757950550862,-0.03880988562177566,-0.013040133295319908,-0.0014088338741959931,0.12133333333333333,0.8716666666666667,0.13333333333333333,1350,83.0
1,1,1,-2.368603467941284,0.86,random,0.016035118103027345,0.003057403564453125,0.0005021540323893229,0.04691927750905355,0.003131911890603286,0.013423711911920298,-0.0,0.0016864590910410998,0.14133333333333334,0.8583333333333333,0.13333333333333333,1350,84.0
1,1,1,-2.368603467941284,0.86,random_normmatched,0.05076562245686849,0.023335037231445314,-0.01695801544189453,0.06359007676442464,0.02206411114946838,0.059129792418202015,0.006043105550617391,0.016819361099017778,0.14266666666666666,0.8566666666666667,0.13333333333333333,1350,84.0
1,1,1,-2.368603467941284,0.86,random,0.0033872451782226564,-0.01574554443359375,0.002597651163736979,0.0423537540435791,-0.0008065236888974154,0.006734951474270313,-0.001733097367671831,-0.0008386128642134769,0.13866666666666666,0.8633333333333333,0.13333333333333333,1350,85.0
1,1,1,-2.368603467941284,0.86,random_normmatched,-0.03279920450846354,-0.07595982869466146,0.0006441904703776042,0.06323272705078126,-0.015477614719284088,0.00863139174530988,-0.0009948438321544873,-0.017897079126870916,0.136,0.8633333333333333,0.13333333333333333,1350,85.0
1,1,1,-2.368603467941284,0.86,random,0.00724694569905599,-0.0030443572998046873,-0.00021610005696614582,0.052762139638264975,0.0037653248206172924,0.008390421598321419,-0.001377894146472225,0.003976508288249814,0.13733333333333334,0.8633333333333333,0.13333333333333333,1350,86.0
1,1,1,-2.368603467941284,0.86,random_normmatched,0.03492337163289388,0.015809389750162762,-0.03997499593098958,0.06421245733896891,0.018367648451181023,0.03169538661197387,0.02340046239143891,0.016312274787758336,0.13733333333333334,0.8633333333333333,0.13333333333333333,1350,86.0
1,1,1,-2.368603467941284,0.86,random,0.022527308146158855,0.011536712646484376,0.0007858378092447917,0.04737212498982747,0.007358749797635813,0.018906888594771583,0.0003042984302269774,0.006524923986164889,0.14133333333333334,0.8633333333333333,0.13333333333333333,1350,87.0
1,1,1,-2.368603467941284,0.86,random_normmatched,0.13003702227274577,0.14221666971842448,-0.02118840026855469,0.0632985258102417,0.05933189016030109,0.08614312083705097,0.009822363642354788,0.054419924925975145,0.14266666666666666,0.865,0.13333333333333333,1350,87.0
1,1,1,-2.368603467941284,0.86,random,0.005885637919108073,-0.014463577270507812,-0.0022125142415364584,0.03650312741597494,0.00019828108636258792,0.004545569060398527,-0.00022948416509803029,-1.7500637926479255e-05,0.136,0.8633333333333333,0.13333333333333333,1350,88.0
1,1,1,-2.368603467941284,0.86,random_normmatched,0.00048407491048177084,-0.008250325520833334,0.011524312337239584,0.05673261006673177,0.003251007522933414,0.0016252776987715368,-0.0008914209193076697,0.005525725903143409,0.132,0.865,0.13333333333333333,1350,88.0
1,1,1,-2.368603467941284,0.86,random,0.003933990478515625,-0.014189249674479166,0.00035479990641276043,0.03901838938395182,-0.0003258117012973132,0.003857325954134326,-0.0008704883531351764,-0.00033592130144507554,0.13733333333333334,0.8566666666666667,0.13333333333333333,1350,89.0
1,1,1,-2.368603467941284,0.86,random_normmatched,-0.051466115315755206,-0.09314287821451823,0.024097989400227865,0.06133299986521403,-0.020521460458745602,-0.03873736283404239,-0.014435182208193545,-0.015471612822838399,0.136,0.8566666666666667,0.13333333333333333,1350,89.0
1,1,1,-2.368603467941284,0.86,random,0.007264656066894531,-0.014954554239908853,0.0026082077026367187,0.04214857737223307,0.0007126084707857747,0.002274244858521754,-0.0006118712572210308,0.0002378463473174283,0.13733333333333334,0.8616666666666667,0.13333333333333333,1350,90.0
1,1,1,-2.368603467941284,0.86,random_normmatched,-0.0051770331064860025,-0.031806259155273436,0.013834760030110678,0.05722093423207601,-0.0010103166336914522,-0.022200997570112374,-0.00535781115042214,-0.0025335895111423816,0.12533333333333332,0.87,0.13333333333333333,1350,90.0
1,1,1,-2.368603467941284,0.86,random,0.01091980743408203,-0.0049760945638020835,0.003052726745605469,0.04254968325297038,0.002046563524085451,0.009934296843288778,-0.001425621056633459,0.0016399103701489855,0.132,0.8716666666666667,0.13333333333333333,1350,91.0
1,1,1,-2.368603467941284,0.86,random_normmatched,0.049592191060384115,0.045006052652994795,0.034788864135742184,0.06431129773457846,0.014269461281459122,0.045839264350801726,-0.011472222739574125,0.013952654986982406,0.132,0.8666666666666667,0.13333333333333333,1350,91.0
1,1,1,-2.368603467941284,0.86,random,0.005935452779134115,-0.014154459635416667,-0.00432415517171224,0.03933256467183431,0.00031637483520071313,-0.0023187836937021704,0.0007404022068799525,0.00043929635860442354,0.14,0.86,0.13333333333333333,1350,92.0
1,1,1,-2.368603467941284,0.86,random_normmatched,0.01775598653157552,7.303873697916667e-05,-0.018664774576822918,0.06718854586283365,0.019979369309750694,-0.07378004914557755,0.008857319279827048,0.027227359285092304,0.13733333333333334,0.8666666666666667,0.13333333333333333,1350,92.0
1,1,1,-2.368603467941284,0.86,random,0.01046685536702474,-0.009076436360677084,-0.005363426208496094,0.04122300942738851,0.002799311151842352,0.008828573496356818,0.0004053159920445045,0.001448764861650415,0.152,0.85,0.13333333333333333,1350,93.0
1,1,1,-2.368603467941284,0.86,random_normmatched,0.04473609670003255,0.03482934315999349,-0.019952308654785155,0.06018771807352702,0.01382147516773611,0.03541937355452782,0.003192268515348076,0.009631906797084068,0.148,0.8516666666666667,0.14,1350,93.0
1,1,1,-2.368603467941284,0.86,random,0.01322149658203125,-0.002179590861002604,-0.0040968805948893225,0.047043051719665524,0.0033348693320528,0.014941910752347411,0.00022526215711704192,0.001351386592185495,0.13866666666666666,0.8583333333333333,0.13333333333333333,1350,94.0
1,1,1,-2.368603467941284,0.86,random_normmatched,0.0037193660736083984,-0.01212214152018229,-0.023278043111165363,0.06750849564870198,0.015094123434503517,0.0462232100096765,0.007323748194711854,0.014165758221949199,0.148,0.8633333333333333,0.13333333333333333,1350,94.0
1,1,1,-2.368603467941284,0.86,random,0.004899014790852864,-0.02129608154296875,0.0075404790242513025,0.04317671775817871,-0.00042581267127643154,0.0034636286193851936,-0.0022252180877049966,-0.0006075793341628196,0.132,0.8616666666666667,0.13333333333333333,1350,95.0
1,1,1,-2.368603467941284,0.86,random_normmatched,-0.0357237663269043,-0.09318585713704428,0.05041917673746745,0.060416948000590005,-0.014207104974990737,-0.06151358554995683,-0.021751320560631174,-0.01756982647532203,0.13733333333333334,0.8566666666666667,0.13333333333333333,1350,95.0
1,1,1,-2.368603467941284,0.86,random,-0.000732861836751302,-0.026692555745442707,0.013812489827473958,0.043107555707295735,-0.0004401152437181142,-0.0017691440066345953,-0.002861375013068031,-0.0008629840366108572,0.136,0.8666666666666667,0.13333333333333333,1350,96.0
1,1,1,-2.368603467941284,0.86,random_normmatched,-0.04429395167032878,-0.09715710957845052,0.04918650309244792,0.0594246498743693,-0.01916404161231194,-0.04583544751287864,-0.02677743893693439,-0.02241210882673284,0.13333333333333333,0.8666666666666667,0.13333333333333333,1350,96.0
1,1,1,-2.368603467941284,0.86,random,0.005086207071940104,-0.009357757568359375,0.006872174580891927,0.041127920150756836,0.000487938098115115,0.0035044167642828902,-0.001581664157111973,-0.00037460354458198405,0.14,0.8566666666666667,0.13333333333333333,1350,97.0
1,1,1,-2.368603467941284,0.86,random_normmatched,0.023716978708902995,-0.0013854726155598958,0.03726065317789713,0.05029798189798991,0.004491756869440326,-0.0034932533920518233,-0.017889438270510764,0.0029036126047697194,0.13333333333333333,0.8616666666666667,0.13333333333333333,1350,97.0
1,1,1,-2.368603467941284,0.86,random,0.0096722412109375,-0.01276781717936198,-0.0021330846150716147,0.044196066856384275,0.0012286550553797355,0.01691452771994686,0.00029183422953524903,0.00045800278073116873,0.13866666666666666,0.8633333333333333,0.13333333333333333,1350,98.0
1,1,1,-2.368603467941284,0.86,random_normmatched,0.03123939005533854,0.03763275146484375,-0.011375958760579428,0.055038042068481445,0.002949287892962597,0.11802859287690726,0.0044962369136805755,0.0026326162713520077,0.13066666666666665,0.865,0.13333333333333333,1350,98.0
1,1,1,-2.368603467941284,0.86,random,0.0107041015625,-0.008130086263020834,0.00019578297932942707,0.04258610248565674,2.91834229535249e-05,0.004749266873419154,-0.0014273346862723997,-0.00032054264768226984,0.13333333333333333,0.8633333333333333,0.13333333333333333,1350,99.0
1,1,1,-2.368603467941284,0.86,random_normmatched,-0.008249703725179037,-0.033922284444173174,0.010530263264973957,0.057152266502380374,-0.004966679810206889,-0.007762780137395238,0.0017972962413065562,-0.0024047354790972995,0.128,0.8666666666666667,0.13333333333333333,1350,99.0
1,1,1,-2.368603467941284,0.86,shuffled_labels,0.7211539287567139,0.6880427551269531,-0.40725099182128904,0.5495781195163727,0.35770581547788893,0.4281497211566006,0.30424845970391096,0.3637383260596773,0.324,0.8433333333333334,0.3,1350,
1,1,2,-2.39976167678833,0.7466666666666667,das,2.8232008412679037,2.8170489756266277,-2.1359320805867514,0.5800643587112426,1.853238082997221,2.7296502333498274,1.394244519574199,1.5423059103083954,0.9653333333333334,0.7316666666666667,0.98,1350,
1,1,2,-2.39976167678833,0.7466666666666667,random,0.008760635375976562,-0.0068187713623046875,0.007820053100585938,0.03989949067433675,0.0035738609098538337,0.011952184119754617,-0.0022635380091061527,0.00338039392438898,0.2613333333333333,0.7416666666666667,0.3,1350,0.0
1,1,2,-2.39976167678833,0.7466666666666667,random_normmatched,0.02180522664388021,0.0049871826171875,-0.0020919342041015626,0.05151187737782796,0.020091547496551725,0.04309415934140748,0.00234893176922914,0.010057641271826772,0.26666666666666666,0.735,0.30666666666666664,1350,0.0
1,1,2,-2.39976167678833,0.7466666666666667,random,-0.0015242945353190105,-0.017154566446940103,0.002221827189127604,0.03665363629659017,-0.0005269426311794,0.0023112596194479296,-0.00041915781281194343,0.00019121986169236838,0.256,0.735,0.3,1350,1.0
1,1,2,-2.39976167678833,0.7466666666666667,random_normmatched,-0.01665252176920573,-0.038758951822916665,0.00023877461751302083,0.04421601295471191,-0.01626741944855464,7.530768308663956e-05,0.0008310527919680909,-0.008281380728875194,0.268,0.7433333333333333,0.29333333333333333,1350,1.0
1,1,2,-2.39976167678833,0.7466666666666667,random,0.02339898935953776,0.011866811116536459,0.00026706949869791666,0.04019547780354818,0.010533714232529651,0.03138199355227071,0.0005101607312544003,0.009429849489658894,0.2653333333333333,0.7416666666666667,0.3,1350,2.0
1,1,2,-2.39976167678833,0.7466666666666667,random_normmatched,0.13401956939697265,0.10098131815592448,-0.025784823099772137,0.057645716667175294,0.08434561347938806,0.15703267362351198,0.019896268518921612,0.0751902522742551,0.2946666666666667,0.7216666666666667,0.31333333333333335,1350,2.0
1,1,2,-2.39976167678833,0.7466666666666667,random,0.004366605122884114,-0.01284332275390625,-0.000983001708984375,0.04523461659749349,0.005379265412981897,-0.0029765216053484595,0.0013645636580764066,0.0072747930117897435,0.26,0.7433333333333333,0.3,1350,3.0
1,1,2,-2.39976167678833,0.7466666666666667,random_normmatched,0.010426203409830729,-0.004400749206542969,-0.016382194519042968,0.048961453437805176,0.01594001459317685,-0.014273598934713043,0.011740061395111303,0.032315595053050795,0.26266666666666666,0.7383333333333333,0.28,1350,3.0
1,1,2,-2.39976167678833,0.7466666666666667,random,-0.00023674774169921874,-0.01789306640625,0.0044649302164713545,0.03766609827677409,0.0012532902267311202,-0.001886684887169063,-0.0002906755228500735,0.001049737152429549,0.25466666666666665,0.74,0.3,1350,4.0
1,1,2,-2.39976167678833,0.7466666666666667,random_normmatched,0.00711712392171224,-0.015736211140950522,-0.012428235371907553,0.049240700403849286,0.011504076452053088,0.0005076321937832376,0.0019284605958713164,0.0187569245875102,0.26666666666666666,0.74,0.3,1350,4.0
1,1,2,-2.39976167678833,0.7466666666666667,random,0.0040077107747395835,-0.007046152750651041,-0.003934552510579427,0.042032108306884766,0.001464124096648505,0.0067134695933004016,0.0018638640652232329,0.0013874903866737496,0.2613333333333333,0.7433333333333333,0.3,1350,5.0
1,1,2,-2.39976167678833,0.7466666666666667,random_normmatched,0.034619054158528645,0.013637746175130208,-0.05014560953776041,0.05483866691589356,0.014775940383376712,0.055080854392483045,0.03744253110818548,0.011188270544729723,0.2773333333333333,0.745,0.31333333333333335,1350,5.0
1,1,2,-2.39976167678833,0.7466666666666667,random,0.01777368418375651,0.013033625284830729,0.0027117818196614584,0.03870468616485596,0.00930764604297978,0.014122989632109272,-0.0016172296450408913,0.00839751078896545,0.25733333333333336,0.7433333333333333,0.29333333333333333,1350,6.0
1,1,2,-2.39976167678833,0.7466666666666667,random_normmatched,0.10257528940836588,0.10923202514648438,-0.036766741434733075,0.050384472211201986,0.08213587773195845,0.06528434097440111,0.028591415359352005,0.06969114616044654,0.2786666666666667,0.7416666666666667,0.3,1350,6.0
1,1,2,-2.39976167678833,0.7466666666666667,random,0.01170049540201823,0.012012888590494791,-0.010683756510416666,0.04211330890655517,0.0031580006094787455,0.018237448778654186,0.002319185007791593,0.0016975624285416704,0.26,0.7383333333333333,0.3,1350,7.0
1,1,2,-2.39976167678833,0.7466666666666667,random_normmatched,0.08886742909749348,0.10302993774414063,-0.05352629597981771,0.05146318753560384,0.04269978067772235,0.11643974217719719,0.04452134041297402,0.02992544002309278,0.2786666666666667,0.7383333333333333,0.28,1350,7.0
1,1,2,-2.39976167678833,0.7466666666666667,random,0.010593579610188803,-0.00014127095540364583,0.0028426310221354167,0.04146048386891683,0.005018175684048195,0.014096267186188945,-0.0007496315374840346,0.0026378636675364734,0.25733333333333336,0.735,0.3,1350,8.0
1,1,2,-2.39976167678833,0.7466666666666667,random_normmatched,0.046419911702473955,0.054026158650716145,-0.009313827514648437,0.043835665384928384,0.03692423001869199,0.05806824622594763,0.0081272401784726,0.03488468694903386,0.26666666666666666,0.7383333333333333,0.3,1350,8.0
1,1,2,-2.39976167678833,0.7466666666666667,random,-0.006059814453125,-0.015556869506835937,-0.0003293711344401042,0.041182297070821126,-0.0009019643021599004,-0.007984732096490388,0.0005680801494996199,0.0017203031764426433,0.25466666666666665,0.745,0.3,1350,9.0
1,1,2,-2.39976167678833,0.7466666666666667,random_normmatched,-0.03392005157470703,-0.027453231811523437,-0.02993512217203776,0.04846237818400065,-0.01715116798931106,-0.04585695955394282,0.018934553091453338,-0.00461637798090033,0.2653333333333333,0.745,0.28,1350,9.0
1,1,2,-2.39976167678833,0.7466666666666667,random,0.0034994227091471354,0.0032794952392578127,0.001766331990559896,0.040721829732259116,0.002390364758374294,-0.00034166207322588825,0.0003574007382799189,0.002648612117824594,0.26,0.745,0.3,1350,10.0
1,1,2,-2.39976167678833,0.7466666666666667,random_normmatched,0.043040184020996096,0.05486260732014974,-0.012171040852864584,0.04673685550689697,0.026911257641946334,0.05089341748196234,0.01360812918547519,0.02403129596999725,0.2653333333333333,0.7416666666666667,0.30666666666666664,1350,10.0
1,1,2,-2.39976167678833,0.7466666666666667,random,0.005621251424153646,-0.0065762837727864586,0.0033812103271484376,0.04188166618347168,0.0040041702437484256,0.005518879728584653,0.0007319828082310617,0.0037923812217410748,0.256,0.7383333333333333,0.3,1350,11.0
1,1,2,-2.39976167678833,0.7466666666666667,random_normmatched,-0.02205993143717448,-0.003810272216796875,-0.01708417256673177,0.052278841336568196,-0.009729796147025717,0.0020472259339205674,0.005694392945658815,0.011919425526041244,0.2733333333333333,0.7433333333333333,0.3,1350,11.0
1,1,2,-2.39976167678833,0.7466666666666667,random,0.015867907206217446,0.01643488566080729,-0.002629511515299479,0.03762532075246175,0.006004064410869852,0.00870074316211005,-0.00011579989273902137,0.006155317910238676,0.2613333333333333,0.7416666666666667,0.3,1350,12.0
1,1,2,-2.39976167678833,0.7466666666666667,random_normmatched,0.069704714457194,0.08092363993326823,-0.036300819396972654,0.0489756441116333,0.06278054001394247,0.005872714672664311,0.029711338256200245,0.0639939016579606,0.28,0.7366666666666667,0.29333333333333333,1350,12.0
1,1,2,-2.39976167678833,0.7466666666666667,random,0.008935211181640625,0.0063631693522135414,0.0007200927734375,0.03986284573872884,0.006716635917513206,0.005684104323336494,0.0004425837983583195,0.005169493235271155,0.25866666666666666,0.7433333333333333,0.3,1350,13.0
1,1,2,-2.39976167678833,0.7466666666666667,random_normmatched,0.04828748067220052,0.0847698720296224,-0.017656400044759116,0.04763338724772136,0.02801295019947262,0.030940681311681113,0.01767308220607287,0.020138532816546015,0.268,0.7383333333333333,0.3,1350,13.0
1,1,2,-2.39976167678833,0.7466666666666667,random,0.005280253092447917,0.004935379028320312,0.0032471720377604167,0.03792884508768717,0.0018958503545888127,0.007771244625892718,-0.0009102668669448991,0.0012381946890778857,0.26,0.7416666666666667,0.3,1350,14.0
1,1,2,-2.39976167678833,0.7466666666666667,random_normmatched,0.028919769287109376,0.04209864298502604,-0.0007607040405273437,0.055411972999572755,0.016667747864059692,0.045933391260617726,-0.004180243581333137,0.018136282868299533,0.276,0.7333333333333333,0.29333333333333333,1350,14.0
1,1,2,-2.39976167678833,0.7466666666666667,random,-0.010213020324707032,-0.010834096272786458,0.0009604746500651042,0.04068944613138835,-0.0022820015559946597,-0.012012530487339829,-0.0004967101658352636,-0.0005486828266533328,0.25733333333333336,0.7483333333333333,0.3,1350,15.0
1,1,2,-2.39976167678833,0.7466666666666667,random_normmatched,-0.04891649119059245,-0.014459050496419271,0.006148686726888021,0.053408147493998206,-0.03151083175834618,-0.0549270803146724,-0.007835155522921857,-0.019993278812018747,0.2693333333333333,0.7383333333333333,0.31333333333333335,1350,15.0
1,1,2,-2.39976167678833,0.7466666666666667,random,0.00802862803141276,-0.003368555704752604,0.003195780436197917,0.035883156458536784,0.002749000623731581,0.00819974523914668,0.0001699814939288387,0.0035063477147001744,0.256,0.7433333333333333,0.3,1350,16.0
1,1,2,-2.39976167678833,0.7466666666666667,random_normmatched,0.044751001993815105,0.03744440714518229,-0.019898473103841147,0.04720041910807292,0.03785304607357998,0.05487419691633448,0.00931935903575297,0.04118173937751418,0.28,0.745,0.2733333333333333,1350,16.0
1,1,2,-2.39976167678833,0.7466666666666667,random,0.00440820566813151,-0.007952435811360677,0.009244433085123698,0.047658712069193525,0.0008733259975710921,0.009992624590027657,-0.005211445141727736,0.0018001117101364807,0.256,0.7416666666666667,0.29333333333333333,1350,17.0
1,1,2,-2.39976167678833,0.7466666666666667,random_normmatched,-0.051684913635253904,-0.07400496164957682,0.04799286905924479,0.06364806811014811,-0.07430764865802088,-0.05385080329921946,-0.08517019030789588,-0.03495028660917878,0.232,0.7366666666666667,0.22,1350,17.0
1,1,2,-2.39976167678833,0.7466666666666667,random,-0.022509427388509116,-0.03030504862467448,0.015269983927408854,0.04206185181935628,-0.00718065573415638,-0.02940780409803904,-0.003932219002427413,-0.00218403566043051,0.24933333333333332,0.74,0.3,1350,18.0
1,1,2,-2.39976167678833,0.7466666666666667,random_normmatched,-0.16870275115966796,-0.1788452657063802,0.08587433878580729,0.07350457827250163,-0.1489611574358637,-0.20453374836002014,-0.08364714483226575,-0.08147277069773377,0.232,0.7316666666666667,0.23333333333333334,1350,18.0
1,1,2,-2.39976167678833,0.7466666666666667,random,0.01430114237467448,0.015230789184570312,0.0023286590576171873,0.03728606383005778,0.005186345871499475,0.01720308651677522,-0.001078927497549325,0.005708247630798421,0.2613333333333333,0.7416666666666667,0.3,1350,19.0
1,1,2,-2.39976167678833,0.7466666666666667,random_normmatched,0.090681027730306,0.12762748718261718,-0.012064745585123698,0.054183640480041505,0.051843594364326444,0.11252665794474372,0.006197848092769901,0.03702530038742499,0.2826666666666667,0.7316666666666667,0.3,1350,19.0
1,1,2,-2.39976167678833,0.7466666666666667,random,0.0030159149169921877,-0.0038117218017578126,0.0010317281087239584,0.03704681555430094,-0.0005591592195669699,0.005231795290105537,0.0005409048807838557,-0.0010828444168050908,0.25333333333333335,0.745,0.29333333333333333,1350,20.0
1,1,2,-2.39976167678833,0.7466666666666667,random_normmatched,0.00923375956217448,0.020592931111653646,-0.023600504557291666,0.04847784519195557,-0.003604255204778148,0.0321563850650571,0.014138193510900725,-0.015285684166139573,0.26,0.7383333333333333,0.3,1350,20.0
1,1,2,-2.39976167678833,0.7466666666666667,random,0.00017867024739583333,-0.006566581726074219,8.992513020833334e-05,0.04078680833180746,0.00098829677769025,-0.001168258958265568,0.0006617840916851242,0.0007734133787232651,0.2613333333333333,0.7383333333333333,0.3,1350,21.0
1,1,2,-2.39976167678833,0.7466666666666667,random_normmatched,-0.016900550842285155,0.0023207855224609375,-0.02319538116455078,0.047829777399698896,-0.009763312057537674,-0.04162218418507911,0.019407435742289907,-0.0030651672545824373,0.27466666666666667,0.73,0.3,1350,21.0
1,1,2,-2.39976167678833,0.7466666666666667,random,0.01364892832438151,0.0065898895263671875,-0.004892995198567708,0.03882917563120524,0.006413614242802496,0.008861345080842199,0.0007714860022547711,0.005485617045220319,0.264,0.74,0.3,1350,22.0
1,1,2,-2.39976167678833,0.7466666666666667,random_normmatched,0.09440916442871093,0.0949737548828125,-0.051832913716634114,0.05403353850046794,0.06684450635974558,0.08370763978637548,0.044750398032381976,0.05559409563209178,0.29333333333333333,0.7366666666666667,0.2866666666666667,1350,22.0
1,1,2,-2.39976167678833,0.7466666666666667,random,0.00791497802734375,0.001495819091796875,0.0006976903279622396,0.03984905242919922,0.0023032492427357645,0.011697789214957737,0.0006004716704971756,0.0007782217819654909,0.256,0.745,0.3,1350,23.0
1,1,2,-2.39976167678833,0.7466666666666667,random_normmatched,0.03551673380533854,0.07929145812988281,-0.00893426513671875,0.07280226389567057,0.013831024269563742,0.052218143902635,0.018026639925661607,-0.004541933920558705,0.2906666666666667,0.7283333333333334,0.35333333333333333,1350,23.0
1,1,2,-2.39976167678833,0.7466666666666667,random,0.005471885681152344,-0.0005723826090494791,0.003925501505533854,0.03755359967549642,0.0011400939951786216,0.005892428855257009,-0.0007872267937579343,0.0008070744027649419,0.25733333333333336,0.7416666666666667,0.3,1350,24.0
1,1,2,-2.39976167678833,0.7466666666666667,random_normmatched,0.012331967671712239,-0.0005716705322265626,0.016298680623372395,0.04562176545461019,0.010936270440430959,0.012650859513818086,-0.009448201956258038,0.011199957575044904,0.26666666666666666,0.7366666666666667,0.30666666666666664,1350,24.0
1,1,2,-2.39976167678833,0.7466666666666667,random,0.00781438954671224,-0.006012980143229167,-0.0067644602457682295,0.03732531388600668,0.004271895792849866,0.010000184240615153,0.0016842029414104779,0.002350936967632027,0.264,0.7366666666666667,0.3,1350,25.0
1,1,2,-2.39976167678833,0.7466666666666667,random_normmatched,0.004018488566080729,0.023684336344401043,-0.04746060180664063,0.046434632937113446,0.007067117853937098,0.014792192790221767,0.04087098783085221,0.009452097350243625,0.2733333333333333,0.74,0.29333333333333333,1350,25.0
1,1,2,-2.39976167678833,0.7466666666666667,random,0.009538457234700521,0.005716120402018229,0.009305318196614584,0.04074892520904541,0.0029971876133874247,0.01515443402752161,-0.0024691395090843857,0.0021030038265997465,0.26266666666666666,0.7383333333333333,0.3,1350,26.0
1,1,2,-2.39976167678833,0.7466666666666667,random_normmatched,0.019338712056477865,0.007361106872558594,0.013331334431966145,0.04530764897664388,0.019655119096049948,0.04004559122272085,-0.017860429367267987,0.009174105839170107,0.27066666666666667,0.7333333333333333,0.26,1350,26.0
1,1,2,-2.39976167678833,0.7466666666666667,random,0.000675219217936198,-0.006287816365559896,0.009092529296875,0.03804456869761149,0.00019335394934405403,-0.0012167519439262667,-0.0006350115367749801,0.000421591892660149,0.25466666666666665,0.74,0.3,1350,27.0
1,1,2,-2.39976167678833,0.7466666666666667,random_normmatched,-0.008172370910644532,0.02022636413574219,0.0286207758585612,0.055174795786539714,0.007059543919732083,-0.05046170011315597,-0.03297790414370488,0.010860936517408245,0.264,0.7333333333333333,0.3,1350,27.0
1,1,2,-2.39976167678833,0.7466666666666667,random,0.004541244506835938,-0.011769510904947917,-0.000121978759765625,0.03763576984405517,0.0019652728588727647,0.0065518426560928576,0.0005304312441572297,0.0016459138399885502,0.2613333333333333,0.7416666666666667,0.3,1350,28.0
1,1,2,-2.39976167678833,0.7466666666666667,random_normmatched,0.029562489827473958,-0.03603724161783854,0.0036795679728190106,0.05544867515563965,-0.01095212013070249,0.03189689862437467,0.002729963958493755,-0.009979488384380727,0.27066666666666667,0.735,0.29333333333333333,1350,28.0
1,1,2,-2.39976167678833,0.7466666666666667,random,0.01272534434000651,0.012602462768554687,-0.0034706573486328125,0.04032348314921061,0.004361826214491483,0.008321333304944981,0.0006450512448662842,0.003316813407509083,0.2613333333333333,0.7383333333333333,0.3,1350,29.0
1,1,2,-2.39976167678833,0.7466666666666667,random_normmatched,0.0411556879679362,0.09428544362386068,-0.06491894022623698,0.050368226369222,0.03536922252429283,0.01591168707340184,0.04813957363509036,0.032592322017573845,0.28,0.7366666666666667,0.30666666666666664,1350,29.0
1,1,2,-2.39976167678833,0.7466666666666667,random,0.018922017415364582,0.0075297800699869796,-0.003978892008463542,0.04353366374969483,0.013071576883127697,0.012836098058341171,0.0008090331436909167,0.008275192272939434,0.26666666666666666,0.7383333333333333,0.3,1350,30.0
1,1,2,-2.39976167678833,0.7466666666666667,random_normmatched,0.05748348490397136,0.041821683247884114,-0.023701062520345054,0.04550431728363037,0.05241108891033907,0.02479630841871541,0.01418192432130789,0.042044683358931315,0.27066666666666667,0.74,0.3,1350,30.0
1,1,2,-2.39976167678833,0.7466666666666667,random,-0.010831690470377605,-0.01746561686197917,0.0003786671956380208,0.040019569396972654,-0.0075592177655548435,-0.0031050378937089026,-0.0009040701471005474,-0.004117554383166752,0.256,0.7416666666666667,0.3,1350,31.0
1,1,2,-2.39976167678833,0.7466666666666667,random_normmatched,-0.07260940806070963,-0.05360594431559245,0.007805058797200521,0.05367237091064453,-0.05354092660858347,-0.017714742814451068,0.004734945316754638,-0.03929383345704524,0.24933333333333332,0.745,0.26,1350,31.0
1,1,2,-2.39976167678833,0.7466666666666667,random,0.04139289855957031,0.04001553853352865,-0.0033506368001302083,0.05913163026173909,0.012906907310884135,0.06558046818201609,0.0005664607345871137,0.008213308581882154,0.2733333333333333,0.7283333333333334,0.30666666666666664,1350,32.0
1,1,2,-2.39976167678833,0.7466666666666667,random_normmatched,0.11767342631022136,0.113988037109375,-0.04633226267496745,0.07077496369679769,0.10183903456164818,0.1646986722987781,0.03368982335624633,0.05992126210523291,0.31733333333333336,0.7216666666666667,0.32666666666666666,1350,32.0
1,1,2,-2.39976167678833,0.7466666666666667,random,-0.0063321278889973956,-0.020126953125,0.004852869669596354,0.038351187705993654,-0.0009437325605825791,-0.008488000240795364,-0.001082939639651835,0.00041182801745200424,0.256,0.7383333333333333,0.3,1350,33.0
1,1,2,-2.39976167678833,0.7466666666666667,random_normmatched,-0.0690224609375,-0.04604287465413411,0.03702449544270833,0.05263720512390137,-0.06172984190459483,-0.06053765570222255,-0.035194668317966055,-0.04544554525461244,0.228,0.7416666666666667,0.22,1350,33.0
1,1,2,-2.39976167678833,0.7466666666666667,random,-0.0005261357625325521,-0.01296221415201823,0.014184722900390625,0.04124656677246094,0.0002709328177283256,-0.007822608432965424,-0.0038107726170171527,0.0006969083093668856,0.26,0.7433333333333333,0.3,1350,34.0
1,1,2,-2.39976167678833,0.7466666666666667,random_normmatched,-0.009353721618652344,0.008382364908854167,0.052285692850748695,0.060102500915527345,-0.0018347377500944027,-0.041556320660890406,-0.04626046357273345,0.01240307180930998,0.248,0.7316666666666667,0.24666666666666667,1350,34.0
1,1,2,-2.39976167678833,0.7466666666666667,random,-0.002411529541015625,-0.014816932678222657,0.0023092549641927085,0.04311195055643718,-0.0008723652428982966,-0.004107032216885776,0.00010541693495869236,-0.00023529594785375092,0.25733333333333336,0.7416666666666667,0.3,1350,35.0
1,1,2,-2.39976167678833,0.7466666666666667,random_normmatched,-0.04178136698404948,-0.0634518559773763,-0.010963022867838542,0.04896068096160889,-0.019271219681258094,-0.06922014223625027,0.009629753344242452,-0.008840499111689885,0.27066666666666667,0.74,0.3,1350,35.0
1,1,2,-2.39976167678833,0.7466666666666667,random,0.005050638834635417,0.0007933807373046875,0.005317454020182292,0.03924404780069987,0.002545999882908024,0.0022054935959641736,-0.00010541693495869236,0.0016729223081615396,0.26266666666666666,0.745,0.3,1350,36.0
1,1,2,-2.39976167678833,0.7466666666666667,random_normmatched,0.03288520812988281,0.042194798787434894,0.010376363118489584,0.053683287302652996,0.02950381524687642,0.02358308260017496,-0.010014608821075773,0.01917920358006949,0.268,0.74,0.26666666666666666,1350,36.0
1,1,2,-2.39976167678833,0.7466666666666667,random,-0.003239873250325521,-0.01601793924967448,0.003315516153971354,0.041017980575561525,-0.0015814021914213614,-0.002249787103932115,-0.001040074265977082,-0.00011475684789421184,0.25066666666666665,0.745,0.3,1350,37.0
1,1,2,-2.39976167678833,0.7466666666666667,random_normmatched,-0.033506612141927086,-0.018874537150065103,-0.0035268910725911456,0.04843456268310547,-0.02927227337073271,-0.023497412606398673,0.004318146378339425,-0.025517355886778257,0.2613333333333333,0.7416666666666667,0.3,1350,37.0
1,1,2,-2.39976167678833,0.7466666666666667,random,0.004728248596191406,-0.0019449869791666667,0.002666900634765625,0.043411180178324384,0.0018859810339782726,0.005379231882694963,-0.0007341075769051722,0.00349232257206426,0.25466666666666665,0.7433333333333333,0.3,1350,38.0
1,1,2,-2.39976167678833,0.7466666666666667,random_normmatched,0.049548316955566406,0.07675889333089193,-0.005929822285970052,0.05956453641255697,0.012127967374295272,0.06587061647523947,0.00584394675147989,0.035034378905608024,0.2813333333333333,0.7383333333333333,0.31333333333333335,1350,38.0
1,1,2,-2.39976167678833,0.7466666666666667,random,0.018416379292805988,0.0011642201741536458,-0.009660191853841146,0.038362765312194826,0.009328562101503332,0.01720396795896525,0.002884147132279063,0.00612950563734239,0.2653333333333333,0.735,0.3,1350,39.0
1,1,2,-2.39976167678833,0.7466666666666667,random_normmatched,0.14562760670979819,0.15140689849853517,-0.11446257527669271,0.06195630550384521,0.12198029552213263,0.15282876391111466,0.08263098080313691,0.09209240464420673,0.308,0.7283333333333334,0.3333333333333333,1350,39.0
1,1,2,-2.39976167678833,0.7466666666666667,random,-0.023083045959472658,-0.024790573120117187,0.011957809448242188,0.047889385223388675,-0.013198032928360094,-0.02292528480675881,-0.003957318272655674,-0.005596193424618208,0.25733333333333336,0.7383333333333333,0.3,1350,40.0
1,1,2,-2.39976167678833,0.7466666666666667,random_normmatched,-0.09084532419840495,-0.07638835906982422,0.02437542470296224,0.06135258833567302,-0.07579812280466357,-0.07702130390540253,-0.014061719085263182,-0.06765014481021413,0.25333333333333335,0.7366666666666667,0.32,1350,40.0
1,1,2,-2.39976167678833,0.7466666666666667,random,0.003119120279947917,-0.009691492716471354,0.0025757802327473957,0.04764015197753906,0.005464699829581382,-0.003355642889715393,-0.0012983506687303283,0.004999921515544077,0.25733333333333336,0.74,0.2866666666666667,1350,41.0
1,1,2,-2.39976167678833,0.7466666666666667,random_normmatched,0.047092765808105466,0.05548595428466797,0.014294698079427083,0.05995306491851807,0.04975010016177525,0.024867897498930966,-0.011404157966082358,0.05601531003869779,0.268,0.7483333333333333,0.3333333333333333,1350,41.0
1,1,2,-2.39976167678833,0.7466666666666667,random,0.001782147725423177,-0.0035607401529947915,-0.002364105224609375,0.04268263339996338,0.0012928633236458829,-0.0015164553718657577,-0.0002901479111842352,0.0030509284887524535,0.2613333333333333,0.7383333333333333,0.3,1350,42.0
1,1,2,-2.39976167678833,0.7466666666666667,random_normmatched,0.025830553690592447,0.006119333902994792,-0.021017100016276043,0.049040517807006835,0.011262927029181422,0.011846801694980416,0.007599550058513588,0.026645445430247522,0.2613333333333333,0.7416666666666667,0.30666666666666664,1350,42.0
1,1,2,-2.39976167678833,0.7466666666666667,random,0.021947654724121093,0.013110987345377604,-0.00605889892578125,0.040853082338968914,0.007867784574218594,0.031944079739791256,0.002813093115582378,0.004647386909743276,0.268,0.7383333333333333,0.3,1350,43.0
1,1,2,-2.39976167678833,0.7466666666666667,random_normmatched,0.13216051228841147,0.12525520324707032,-0.06490734608968099,0.05572995821634928,0.08036520686999639,0.1790547748559983,0.04668499106047801,0.054945146293867896,0.30133333333333334,0.7366666666666667,0.30666666666666664,1350,43.0
1,1,2,-2.39976167678833,0.7466666666666667,random,0.002101885477701823,-0.013309911092122395,0.004464708964029948,0.043923869132995605,0.000833971704588365,0.007797455377811438,-0.0007395918293927304,0.001137864964134773,0.25333333333333335,0.7533333333333333,0.3,1350,44.0
1,1,2,-2.39976167678833,0.7466666666666667,random_normmatched,-0.007044654846191406,-0.025194346110026043,-0.002001991271972656,0.0640522066752116,-0.056146230858276865,0.048523463816164625,-0.020625129519590467,0.022353745120976615,0.25866666666666666,0.7366666666666667,0.32,1350,44.0
1,1,2,-2.39976167678833,0.7466666666666667,random,0.003416943868001302,-0.003176116943359375,0.006180343627929688,0.03443665027618408,0.001652498037208227,0.00046263466286651083,-0.0013114301283658314,0.0017265097654718638,0.25333333333333335,0.7416666666666667,0.3,1350,45.0
1,1,2,-2.39976167678833,0.7466666666666667,random_normmatched,0.029243069966634113,0.03536554972330729,-0.01377515157063802,0.045738972028096514,0.027364897687531028,0.022129980797143293,0.007755405660503266,0.019927978358115963,0.2653333333333333,0.7383333333333333,0.3,1350,45.0
1,1,2,-2.39976167678833,0.7466666666666667,random,-0.0007033233642578126,-0.004896697998046875,0.0026921335856119792,0.03896653493245443,-0.0004642619552931407,7.369205771521218e-05,-0.00034971649851375715,8.624469802925669e-05,0.26266666666666666,0.7383333333333333,0.3,1350,46.0
1,1,2,-2.39976167678833,0.7466666666666667,random_normmatched,-0.016438720703125,0.004928258260091146,0.0032107137044270835,0.050997416178385414,-0.01848973700210943,-0.004670342182803589,0.005963586606234596,-0.018985516118908908,0.2773333333333333,0.735,0.31333333333333335,1350,46.0
1,1,2,-2.39976167678833,0.7466666666666667,random,-0.0049993311564127604,-0.005470987955729167,0.00909093729654948,0.04098991394042969,0.0006427158783018291,-0.012771522309933208,-0.0016923782489290005,0.0015810143247774766,0.256,0.7433333333333333,0.2866666666666667,1350,47.0
1,1,2,-2.39976167678833,0.7466666666666667,random_normmatched,-0.03149646504720052,-0.002534294128417969,0.015527791341145833,0.05119211991628011,-0.02664845235932825,-0.04878219713308103,-0.025075457507514876,-0.009632233818618646,0.25333333333333335,0.74,0.30666666666666664,1350,47.0
1,1,2,-2.39976167678833,0.7466666666666667,random,0.001739423116048177,-0.0030822118123372396,0.008959187825520833,0.03978830019632975,0.001023203726527187,5.265731715017452e-05,-0.001242989674354633,0.0006827604461979607,0.25866666666666666,0.74,0.3,1350,48.0
1,1,2,-2.39976167678833,0.7466666666666667,random_normmatched,-0.030217333475748696,-0.05684740702311198,-0.0014400355021158854,0.05660543282826742,-0.006605905807809494,-0.04235682387579502,-0.006030517993509957,-0.0027302372585703166,0.24666666666666667,0.7383333333333333,0.22666666666666666,1350,48.0
1,1,2,-2.39976167678833,0.7466666666666667,random,0.0053631591796875,-0.006878585815429688,0.0041328633626302085,0.04181977748870849,0.00294067984496891,0.006649539188379462,8.646792055159327e-05,0.0026652581475545196,0.26,0.7466666666666667,0.3,1350,49.0
1,1,2,-2.39976167678833,0.7466666666666667,random_normmatched,-0.02285638427734375,-0.04717913309733073,0.0073370361328125,0.06290036837259928,-0.03472603579648878,-0.023633215383620884,-0.005234763611978562,-0.006701125707397798,0.25733333333333336,0.74,0.31333333333333335,1350,49.0
1,1,2,-2.39976167678833,0.7466666666666667,random,0.0013221282958984376,-0.008930079142252604,0.00865166727701823,0.03430956840515137,0.00024178963653223882,0.0036215190178030265,-0.001928227571755264,0.000586090063813251,0.2613333333333333,0.7383333333333333,0.3,1350,50.0
1,1,2,-2.39976167678833,0.7466666666666667,random_normmatched,-0.019791407267252602,-0.025201568603515623,0.009468533833821615,0.04433203856150309,-0.01908306251164941,-0.008805624700632845,-0.011641041531867027,-0.012480405271004911,0.272,0.7383333333333333,0.28,1350,50.0
1,1,2,-2.39976167678833,0.7466666666666667,random,-0.0005164616902669271,-0.008379694620768229,0.001701568603515625,0.038732446034749346,0.0017456912404693887,-0.0016001250997306033,0.0014404587021236977,0.0019153185202135862,0.26,0.7466666666666667,0.3,1350,51.0
1,1,2,-2.39976167678833,0.7466666666666667,random_normmatched,-0.02510900370279948,-0.00939531962076823,0.006612757364908854,0.055265885988871256,-0.024560201104043083,-0.04828253749542564,-0.004098579434145521,0.000516907860729746,0.2613333333333333,0.7433333333333333,0.29333333333333333,1350,51.0
1,1,2,-2.39976167678833,0.7466666666666667,random,-0.009693191528320313,-0.01687469482421875,-0.0014008433024088542,0.0440394115447998,-0.0003731976604338631,-0.011494004900571236,0.001659396740143427,0.00014983532998006496,0.25733333333333336,0.7416666666666667,0.3,1350,52.0
1,1,2,-2.39976167678833,0.7466666666666667,random_normmatched,-0.0504006093343099,-0.05682530721028646,-0.024509788513183594,0.055173247655232745,-0.033502476195051215,-0.04983385645704265,0.014094875925314651,-0.005746262321273138,0.26,0.7383333333333333,0.29333333333333333,1350,52.0
1,1,2,-2.39976167678833,0.7466666666666667,random,0.017718414306640624,0.009981307983398437,0.0025734227498372397,0.04697043895721435,0.011662794232731519,0.014093992471374927,-0.002089932567673123,0.009397479079765802,0.25733333333333336,0.745,0.3,1350,53.0
1,1,2,-2.39976167678833,0.7466666666666667,random_normmatched,0.0482071050008138,0.033520050048828125,-0.010538907368977864,0.049716680844624835,0.052295798349603614,0.023570279891405123,0.01253211072224785,0.03937041512566065,0.27466666666666667,0.7416666666666667,0.26666666666666666,1350,53.0
1,1,2,-2.39976167678833,0.7466666666666667,random,-0.004535489400227865,-0.01622149149576823,0.005568384806315104,0.03862786293029785,5.85649638659402e-05,-0.008587969700132245,-0.0010257235099948954,0.001000194504871167,0.25466666666666665,0.7433333333333333,0.3,1350,54.0
1,1,2,-2.39976167678833,0.7466666666666667,random_normmatched,-0.01987841796875,-0.01532446543375651,0.0008354136149088542,0.04709303538004557,-0.01900371973833147,-0.03459394070708621,0.0012366153683323017,0.002562540403030402,0.2613333333333333,0.7416666666666667,0.29333333333333333,1350,54.0
1,1,2,-2.39976167678833,0.7466666666666667,random,0.01016431172688802,0.006754786173502604,-0.0012592824300130209,0.03720981280008952,0.004427511268265079,0.012965862894783214,0.0009981143127438094,0.004569742458645455,0.256,0.7416666666666667,0.3,1350,55.0
1,1,2,-2.39976167678833,0.7466666666666667,random_normmatched,0.05794789123535156,0.041169382731119794,-0.07873489888509115,0.05323465665181478,0.047936259566612995,0.053203103084431214,0.060209802708232174,0.035472249478939115,0.284,0.7433333333333333,0.26666666666666666,1350,55.0
1,1,2,-2.39976167678833,0.7466666666666667,random,0.01805376688639323,0.020165252685546874,-0.009680760701497397,0.04553651968638102,0.0066003846021049535,0.019863954746893994,0.0024643357357204084,0.005018874595920595,0.256,0.7383333333333333,0.3,1350,56.0
1,1,2,-2.39976167678833,0.7466666666666667,random_normmatched,0.09511249542236327,0.12020268758138021,-0.09187958017985026,0.054639968872070316,0.05660702463131446,0.09928111756177134,0.07055931812986095,0.04555853299801999,0.32266666666666666,0.74,0.35333333333333333,1350,56.0
1,1,2,-2.39976167678833,0.7466666666666667,random,0.0013493270874023438,-0.005466283162434896,0.00466339111328125,0.03891572952270508,0.000175818105121573,0.001021269145380194,-0.0006055590721214879,9.350108412046482e-05,0.25466666666666665,0.7433333333333333,0.3,1350,57.0
1,1,2,-2.39976167678833,0.7466666666666667,random_normmatched,-0.009154202779134115,-0.04207374572753906,0.0017767486572265625,0.0460964568456014,-0.009978976077959887,-0.010507592955557423,0.001471653877716983,-0.011043910575518174,0.25733333333333336,0.7416666666666667,0.2733333333333333,1350,57.0
1,1,2,-2.39976167678833,0.7466666666666667,random,-0.016330538431803387,-0.02362805684407552,0.007160174051920573,0.047308030128479006,-0.0016913158645919452,-0.027628400477177194,-0.0027101424438279224,0.0001698855575379732,0.26,0.745,0.3,1350,58.0
1,1,2,-2.39976167678833,0.7466666666666667,random_normmatched,-0.05728733317057292,-0.0521713129679362,0.012363047281901041,0.06686199188232422,-0.03760682015723351,-0.07281774741241656,-0.010624025171772427,-0.025867240874147178,0.26666666666666666,0.7416666666666667,0.32666666666666666,1350,58.0
1,1,2,-2.39976167678833,0.7466666666666667,random,0.0011952972412109374,-0.0074072265625,0.0037634175618489582,0.04376816272735596,0.0015535403059102925,-0.0013153255292475828,-0.0017812391633628215,0.001830808556843288,0.25733333333333336,0.7333333333333333,0.3,1350,59.0
1,1,2,-2.39976167678833,0.7466666666666667,random_normmatched,-0.009707430521647135,-0.038685302734375,0.014616884867350261,0.05041459083557129,0.007479582528021505,-0.017451030225503095,-0.021230688591711955,0.01952795293984033,0.252,0.745,0.28,1350,59.0
1,1,2,-2.39976167678833,0.7466666666666667,random,-0.00038630167643229166,-0.012542572021484375,0.007352900187174479,0.04159809430440267,0.0006166054052742561,-0.0015918301080031468,-0.002186983079222395,-0.00020634364736059972,0.25733333333333336,0.7433333333333333,0.3,1350,60.0
1,1,2,-2.39976167678833,0.7466666666666667,random_normmatched,-0.011128392537434896,-0.012295672098795573,0.01605134073893229,0.04528209845225016,-0.009403866737322167,-0.024611590815762408,-0.02560507278467236,-0.0024628139299337506,0.252,0.7433333333333333,0.24666666666666667,1350,60.0
1,1,2,-2.39976167678833,0.7466666666666667,random,0.00044341532389322914,-0.012198766072591146,0.0002471516927083333,0.037019596099853516,6.052754438611529e-05,5.413053413824068e-06,-0.0003681889956100931,9.37264768510247e-05,0.25866666666666666,0.7466666666666667,0.3,1350,61.0
1,1,2,-2.39976167678833,0.7466666666666667,random_normmatched,-0.013336886088053385,0.006054242451985677,-0.032053456624348955,0.045794432957967125,-0.007421915016771877,-0.023212686484003184,0.023101346107367336,-0.004611694571378198,0.264,0.7433333333333333,0.28,1350,61.0
1,1,2,-2.39976167678833,0.7466666666666667,random,0.013569122314453124,0.031120808919270833,-0.0027706934611002603,0.04458868185679118,0.0036471654291106454,0.019505612144722753,0.0012800627816412643,0.002047091465384542,0.26666666666666666,0.7333333333333333,0.3,1350,62.0
1,1,2,-2.39976167678833,0.7466666666666667,random_normmatched,0.04164010111490885,0.09671961466471354,-0.05879580688476563,0.0507837708791097,0.01621657812211492,0.07182368471588352,0.04066594765380055,0.001923109332604287,0.2786666666666667,0.735,0.3333333333333333,1350,62.0
1,1,2,-2.39976167678833,0.7466666666666667,random,0.0018856226603190104,0.0035744603474934895,0.0041363118489583335,0.036744791666666665,0.0005556270082798916,0.0002752238104836664,-0.0022263052692466693,0.00031337557628378275,0.252,0.7483333333333333,0.3,1350,63.0
1,1,2,-2.39976167678833,0.7466666666666667,random_normmatched,0.006101999918619792,0.009524434407552084,-0.027131998697916666,0.0426297394434611,0.007266708865457855,0.011559869345676484,0.020298616475934873,-0.0008521782308243123,0.27066666666666667,0.74,0.3,1350,63.0
1,1,2,-2.39976167678833,0.7466666666666667,random,0.013900342305501303,0.009662551879882813,-0.0013292668660481771,0.04374830722808838,0.009091792319016745,0.00507656521142121,0.0006634573763670082,0.010404672309208106,0.26,0.7483333333333333,0.3,1350,64.0
1,1,2,-2.39976167678833,0.7466666666666667,random_normmatched,0.06871625518798828,0.07170894622802734,-0.012170509338378906,0.06305508136749267,0.09168763414383409,0.03405834083988497,0.00621388598743611,0.09383751495140347,0.2613333333333333,0.7433333333333333,0.28,1350,64.0
1,1,2,-2.39976167678833,0.7466666666666667,random,0.004486523946126302,-0.011819407145182292,0.0026182047526041668,0.034652544657389324,0.0015461150460608212,0.00420377887121039,-0.0013980977875646984,0.0016361453548700115,0.2653333333333333,0.7416666666666667,0.3,1350,65.0
1,1,2,-2.39976167678833,0.7466666666666667,random_normmatched,-0.005530380249023438,-0.0003082275390625,-0.0008675994873046875,0.044061956405639646,-0.004723682656958548,0.0154936212000721,0.007843521946331276,0.0027721180745917057,0.27466666666666667,0.7366666666666667,0.29333333333333333,1350,65.0
1,1,2,-2.39976167678833,0.7466666666666667,random,0.010846338907877603,-0.0011902872721354166,-0.000209014892578125,0.03690673192342123,0.0028899500557688063,0.00925882805791303,-0.0003622045116438963,0.0011663016369367887,0.25866666666666666,0.7366666666666667,0.3,1350,66.0
1,1,2,-2.39976167678833,0.7466666666666667,random_normmatched,0.04830195617675781,0.04484335581461588,-0.009874107360839844,0.047146390279134115,0.029755532971148836,0.03888715895893354,0.002041407311898487,0.01435645585964694,0.276,0.7366666666666667,0.3,1350,66.0
1,1,2,-2.39976167678833,0.7466666666666667,random,0.008321973164876302,0.0024435170491536456,0.009461756388346353,0.03912940502166748,0.003495244468911746,0.008597363900796668,-0.00152856068441761,0.0018658062653980558,0.264,0.7416666666666667,0.3,1350,67.0
1,1,2,-2.39976167678833,0.7466666666666667,random_normmatched,0.033661404927571616,0.048663787841796875,0.027384045918782553,0.04811740080515543,0.03281386501862526,0.02356386849500508,-0.019768185231777643,0.029241673222182338,0.25733333333333336,0.7416666666666667,0.2733333333333333,1350,67.0
1,1,2,-2.39976167678833,0.7466666666666667,random,0.004357533772786458,0.0018686421712239584,0.0036571044921875,0.039312195777893064,0.002619017238040481,0.004263976225359258,-0.0013598519514307096,0.0016661494661032305,0.25866666666666666,0.7416666666666667,0.3,1350,68.0
1,1,2,-2.39976167678833,0.7466666666666667,random_normmatched,0.02578325398763021,0.04002201080322266,-0.024373995463053386,0.05007989247639974,0.01635803105009804,0.021066536526135236,0.016830292667629143,0.01141408335253,0.26666666666666666,0.74,0.32,1350,68.0
1,1,2,-2.39976167678833,0.7466666666666667,random,0.0185420405069987,0.018592096964518228,-0.004780120849609375,0.042988333702087406,0.005634618248157701,0.013831580088704476,0.0024224526708519507,0.005068743749129626,0.26666666666666666,0.74,0.3,1350,69.0
1,1,2,-2.39976167678833,0.7466666666666667,random_normmatched,0.05227226765950521,0.05860599517822265,-0.01261676279703776,0.049182895024617514,0.03475626104304932,0.015922105849506867,0.007801327943099305,0.037903714802583775,0.2813333333333333,0.7383333333333333,0.30666666666666664,1350,69.0
1,1,2,-2.39976167678833,0.7466666666666667,random,0.010237879435221354,-0.0026283772786458333,-0.003144322713216146,0.040570734341939294,0.0033347794692731142,0.011403558666057328,0.00027940708064552863,0.00265276890547063,0.2613333333333333,0.7466666666666667,0.3,1350,70.0
1,1,2,-2.39976167678833,0.7466666666666667,random_normmatched,0.05584435272216797,0.05675880432128906,-0.036013336181640626,0.0530286693572998,0.0437036859637874,0.060046781353524335,0.023693295485006004,0.046943614639331416,0.2786666666666667,0.7433333333333333,0.32,1350,70.0
1,1,2,-2.39976167678833,0.7466666666666667,random,-0.007050944010416667,-0.02061803181966146,0.0027616017659505207,0.03853153069814046,0.00028362175357933897,-0.01619925202120467,-0.0004768861343369416,0.0014276284254377159,0.25466666666666665,0.7466666666666667,0.3,1350,71.0
1,1,2,-2.39976167678833,0.7466666666666667,random_normmatched,-0.017304631551106772,-0.02190282185872396,-0.010659388224283854,0.052857457796732586,-0.003918832724972341,-0.060275752791827356,0.009902346145092503,0.018988118384100236,0.24533333333333332,0.7433333333333333,0.2733333333333333,1350,71.0
1,1,2,-2.39976167678833,0.7466666666666667,random,0.01071484375,0.0008054860432942708,-0.001690765380859375,0.038342889149983725,0.006311625346445192,0.011378547092254578,0.0014273118336470569,0.005871662307175257,0.25466666666666665,0.7433333333333333,0.3,1350,72.0
1,1,2,-2.39976167678833,0.7466666666666667,random_normmatched,0.04999378712972005,0.027888221740722655,-0.033894175211588544,0.053474594751993815,0.028980782330529944,0.0476975536658414,0.020253669257201533,0.023445665515839945,0.2773333333333333,0.7433333333333333,0.3,1350,72.0
1,1,2,-2.39976167678833,0.7466666666666667,random,0.006369255065917969,-0.00197601318359375,0.006744168599446615,0.041856967608133955,0.0016993822037613408,0.00555012963895623,-0.003133020987986063,0.0014741679568692192,0.2653333333333333,0.7383333333333333,0.3,1350,73.0
1,1,2,-2.39976167678833,0.7466666666666667,random_normmatched,0.01709618123372396,-0.038013585408528644,0.00785895029703776,0.05099569320678711,-0.008140373968213639,-0.006127084019940427,-0.005391373344482058,0.011013066910318125,0.264,0.7366666666666667,0.3,1350,73.0
1,1,2,-2.39976167678833,0.7466666666666667,random,0.006233935038248698,-0.005790888468424479,0.005846328735351562,0.04011940956115723,0.003720469948367457,0.00199997614964153,-0.001244087160980758,0.0025814621395047533,0.25733333333333336,0.745,0.29333333333333333,1350,74.0
1,1,2,-2.39976167678833,0.7466666666666667,random_normmatched,0.0058939768473307294,0.009161059061686199,0.03230224609375,0.05208125432332357,0.017961308607911515,-0.014687922819056079,-0.023290651821262068,0.008672223455569235,0.23733333333333334,0.7483333333333333,0.21333333333333335,1350,74.0
1,1,2,-2.39976167678833,0.7466666666666667,random,0.003620147705078125,-0.015116475423177083,0.007838480631510417,0.0360636043548584,0.0019510499390767504,0.005607218575850395,-0.001034732782600733,0.0014957062853545014,0.25466666666666665,0.74,0.3,1350,75.0
1,1,2,-2.39976167678833,0.7466666666666667,random_normmatched,0.0168387934366862,0.01998255411783854,0.00044111124674479164,0.04928242365519206,0.012464297595353958,0.018482255352514,-0.0015122278549800868,0.013487833508871587,0.264,0.7316666666666667,0.28,1350,75.0
1,1,2,-2.39976167678833,0.7466666666666667,random,0.0007527694702148438,-0.009722976684570313,0.010186144510904948,0.03854236920674642,0.0005159252592911733,6.449881715620738e-05,-0.0014565289261027367,0.00016219068643153264,0.25466666666666665,0.7416666666666667,0.3,1350,76.0
1,1,2,-2.39976167678833,0.7466666666666667,random_normmatched,-0.023945721944173177,-0.032768109639485676,0.009038172403971353,0.0485005251566569,-0.006891687194477354,-0.035439766623687634,-0.0008690303877111879,0.002372371629404213,0.268,0.745,0.29333333333333333,1350,76.0
1,1,2,-2.39976167678833,0.7466666666666667,random,0.0017646636962890625,-0.008764673868815104,-0.0012788289388020832,0.03674842993418376,0.002242518084571338,0.0017857103877197264,-0.0007688743113257006,0.00147775746496039,0.2613333333333333,0.7433333333333333,0.3,1350,77.0
1,1,2,-2.39976167678833,0.7466666666666667,random_normmatched,0.0025436248779296877,0.009629084269205728,-0.026668902079264322,0.04387269496917725,0.002183199812648522,-0.004999231156267934,0.021831228429931713,0.01034846225986288,0.268,0.7416666666666667,0.3,1350,77.0
1,1,2,-2.39976167678833,0.7466666666666667,random,0.007733060201009115,0.0022438557942708335,0.0006735026041666667,0.03829449017842611,0.002490684248984342,0.004217682568632658,0.00027776525719274493,0.0014570179698882952,0.268,0.745,0.3,1350,78.0
1,1,2,-2.39976167678833,0.7466666666666667,random_normmatched,0.032872118631998695,0.08365684509277344,-0.010853045145670573,0.05423145612080892,0.021341707754934228,-0.030906613407480573,0.007214652032942148,0.015815639674782958,0.2866666666666667,0.74,0.32,1350,78.0
1,1,2,-2.39976167678833,0.7466666666666667,random,0.0026624399820963543,-0.010098800659179688,0.010747512817382813,0.04062035878499349,0.0005389833714382647,0.004071154899403616,-0.00393523604439636,0.0010513212872739382,0.256,0.7383333333333333,0.3,1350,79.0
1,1,2,-2.39976167678833,0.7466666666666667,random_normmatched,8.925120035807292e-05,-0.007458775838216146,0.02370941416422526,0.04701029777526856,-0.0061344365433816245,0.015312936396603794,-0.00927752691870587,0.0012022136628436493,0.24666666666666667,0.7416666666666667,0.22666666666666666,1350,79.0
1,1,2,-2.39976167678833,0.7466666666666667,random,0.006048355102539062,-0.0035290018717447917,-0.0031731465657552083,0.04013873418172201,0.0034120928953953198,0.007242063827374095,-7.205660045966107e-05,0.0030797823274803368,0.2613333333333333,0.7416666666666667,0.3,1350,80.0
1,1,2,-2.39976167678833,0.7466666666666667,random_normmatched,0.029908650716145832,0.02191505432128906,-0.024714889526367186,0.043977793057759604,0.0242552575178228,0.03123830402676938,0.01430146748734054,0.019640716021349067,0.2733333333333333,0.745,0.29333333333333333,1350,80.0
1,1,2,-2.39976167678833,0.7466666666666667,random,0.006000895182291667,0.0034998575846354168,0.0026044591267903646,0.03766856829325358,0.0012834093510050322,0.005639529660728436,-0.0011399383936602746,0.001042583908082615,0.25333333333333335,0.7366666666666667,0.3,1350,81.0
1,1,2,-2.39976167678833,0.7466666666666667,random_normmatched,0.012527496337890624,0.008960367838541667,-0.0035379155476888023,0.04628485679626465,0.00973349699451926,0.00624933863370268,0.004137970375730136,0.009086732732676423,0.2653333333333333,0.7416666666666667,0.29333333333333333,1350,81.0
1,1,2,-2.39976167678833,0.7466666666666667,random,0.004870480855305989,0.0017385355631510417,0.008650474548339844,0.03764634450276693,0.0005164789050647213,0.0015916778679683384,-0.0029226157146438527,0.002016884818059885,0.25466666666666665,0.745,0.3,1350,82.0
1,1,2,-2.39976167678833,0.7466666666666667,random_normmatched,0.020459088643391927,0.029076855977376304,0.024954943339029947,0.0477100419998169,0.015344212879216624,-0.001192816393774765,-0.01382525974152697,0.012261634725077184,0.2693333333333333,0.735,0.3,1350,82.0
1,1,2,-2.39976167678833,0.7466666666666667,random,-0.0054180475870768225,-0.014612884521484374,0.0002771148681640625,0.04030734221140544,0.0004005188950698262,-0.01960359971782611,-0.0016560646181752675,0.0025314921145728865,0.26,0.7433333333333333,0.3,1350,83.0
1,1,2,-2.39976167678833,0.7466666666666667,random_normmatched,-0.010216517130533854,-0.0013843790690104168,-0.0030121561686197915,0.051556088129679364,-0.005617888374348119,-0.06264678979881715,0.0010934915396111976,0.02329970390356431,0.252,0.7433333333333333,0.2733333333333333,1350,83.0
1,1,2,-2.39976167678833,0.7466666666666667,random,0.01218603769938151,-0.0008399709065755208,0.003993453979492187,0.03955589453379313,0.003750216709805004,0.018729388280143765,-0.0013736629478124278,0.002372825082404672,0.25866666666666666,0.7383333333333333,0.3,1350,84.0
1,1,2,-2.39976167678833,0.7466666666666667,random_normmatched,0.04927415211995443,0.026954854329427083,-0.012177742004394532,0.05350582440694173,0.02650901257274736,0.08855557106156763,0.008588314980754576,0.004011286182771205,0.27466666666666667,0.7366666666666667,0.3,1350,84.0
1,1,2,-2.39976167678833,0.7466666666666667,random,0.0015751444498697917,-0.00047846476236979165,0.014008265177408854,0.03807427247365316,0.0003006547673866335,0.00133645275098581,-0.003003360520855169,-0.0002905791465913987,0.25466666666666665,0.7433333333333333,0.3,1350,85.0
1,1,2,-2.39976167678833,0.7466666666666667,random_normmatched,0.001963050842285156,0.020548477172851562,0.06301125590006511,0.04971905549367269,-0.004255999588371968,0.010213715866892997,-0.05603830399629535,-0.001298327816342566,0.252,0.7483333333333333,0.2866666666666667,1350,85.0
1,1,2,-2.39976167678833,0.7466666666666667,random,0.0026708221435546874,-0.008782946268717447,0.006709030151367187,0.04195811589558919,0.0014193454743058032,0.0016286503095716445,-0.001370475794801262,0.0011533161484808374,0.256,0.7433333333333333,0.3,1350,86.0
1,1,2,-2.39976167678833,0.7466666666666667,random_normmatched,0.011415735880533854,0.0006610234578450521,0.014590016682942708,0.05357438882191976,0.007364962527312451,-0.003231147042700251,0.016395679955440428,0.014741548144350042,0.25333333333333335,0.7366666666666667,0.20666666666666667,1350,86.0
1,1,2,-2.39976167678833,0.7466666666666667,random,-0.007500193277994792,-0.017020187377929687,0.009656102498372395,0.04321624120076498,0.00035164921556528507,-0.01131180655865382,-0.001604460303568453,0.0015184584330730719,0.256,0.7433333333333333,0.3,1350,87.0
1,1,2,-2.39976167678833,0.7466666666666667,random_normmatched,-0.004532831827799479,0.01845575968424479,0.027503074645996092,0.05190317312876384,-0.008278823015478658,-0.016970930916631283,-0.016743723169272303,0.020478095342471473,0.24266666666666667,0.745,0.25333333333333335,1350,87.0
1,1,2,-2.39976167678833,0.7466666666666667,random,0.010184249877929687,-0.001411565144856771,-0.0012444330851236979,0.0411118221282959,0.004919456964738976,0.005116118717879022,0.00031871530111657255,0.006195063969256042,0.25733333333333336,0.7466666666666667,0.3,1350,88.0
1,1,2,-2.39976167678833,0.7466666666666667,random_normmatched,0.027394681294759114,0.03004768371582031,-0.029418848673502605,0.05209790547688802,0.037685959588360594,0.016452014035887284,0.028090266597127746,0.03658184637584398,0.2653333333333333,0.74,0.3,1350,88.0
1,1,2,-2.39976167678833,0.7466666666666667,random,-0.002102648417154948,-0.005204722086588542,-0.005530248006184896,0.04181262969970703,0.0004894357694510716,-0.009102700407601593,0.0008042249431508182,0.0013237341408491724,0.2653333333333333,0.7333333333333333,0.3,1350,89.0
1,1,2,-2.39976167678833,0.7466666666666667,random_normmatched,-0.026303123474121094,0.014480082194010417,-0.043222000122070316,0.05308818976084391,-0.002935105525390194,-0.0705783831212097,0.03271400089094206,0.00929241187272945,0.2773333333333333,0.73,0.3,1350,89.0
1,1,2,-2.39976167678833,0.7466666666666667,random,0.009999036153157552,-0.004369430541992188,0.003798322041829427,0.03760497728983561,0.004211802167753598,0.00834830726851921,-0.002481629319830727,0.004153157739610407,0.252,0.745,0.3,1350,90.0
1,1,2,-2.39976167678833,0.7466666666666667,random_normmatched,0.01020715840657552,-0.03738085428873698,0.011555557250976562,0.049896098772684735,0.006067330256511404,-0.01133636263779078,-0.012537085479015912,0.008459663501453513,0.264,0.7416666666666667,0.24666666666666667,1350,90.0
1,1,2,-2.39976167678833,0.7466666666666667,random,0.00764105224609375,-0.000723419189453125,0.00551580556233724,0.037634086608886716,0.0023791350852658774,0.00399190013076988,-0.001158749642204674,0.0024858552652098787,0.256,0.7483333333333333,0.3,1350,91.0
1,1,2,-2.39976167678833,0.7466666666666667,random_normmatched,0.02316608683268229,0.017417818705240885,-0.0037365264892578126,0.04955219586690267,0.01312522843258024,0.02008595035954005,0.0007073104389351788,0.013426963006486345,0.26,0.7316666666666667,0.31333333333333335,1350,91.0
1,1,2,-2.39976167678833,0.7466666666666667,random,-0.020063817342122398,-0.022568410237630208,0.007932896931966147,0.04685364564259847,-0.0014228776704101071,-0.036543986787864614,-0.0022862510933428807,0.000568325598370438,0.25733333333333336,0.7416666666666667,0.3,1350,92.0
1,1,2,-2.39976167678833,0.7466666666666667,random_normmatched,-0.06079906972249349,-0.007695159912109375,0.01985650634765625,0.05658567587534587,-0.018424537632224784,-0.09532358253918058,-0.02129673078867868,-0.0012428977272727273,0.25333333333333335,0.7366666666666667,0.28,1350,92.0
1,1,2,-2.39976167678833,0.7466666666666667,random,0.006527643839518229,-0.004925613403320313,-0.0017243169148763021,0.04010427474975586,0.0027282029775578614,0.004018452056725067,0.001034732782600733,0.003957872463210541,0.256,0.74,0.3,1350,93.0
1,1,2,-2.39976167678833,0.7466666666666667,random_normmatched,0.03969128926595052,0.06391672770182291,-0.04178509775797526,0.049971389770507815,0.025002679604829593,0.03945554427076191,0.03781238332447017,0.030309871025027465,0.272,0.7433333333333333,0.31333333333333335,1350,93.0
1,1,2,-2.39976167678833,0.7466666666666667,random,0.01564788564046224,0.0042576344807942704,0.003081080118815104,0.038381096522013346,0.006723830469222626,0.010381915604650778,1.7569489159782057e-05,0.005840156915344316,0.256,0.7433333333333333,0.3,1350,94.0
1,1,2,-2.39976167678833,0.7466666666666667,random_normmatched,0.08496680704752604,0.09650199890136718,-0.018290583292643228,0.052184767723083496,0.06365593251057228,0.05368505252279577,0.0071370979763371156,0.04382685049747916,0.29333333333333333,0.7416666666666667,0.32,1350,94.0
1,1,2,-2.39976167678833,0.7466666666666667,random,0.01601738739013672,0.008203328450520833,-0.000715911865234375,0.04334260145823161,0.008168139174616774,0.01971759676198758,-0.00034102537219473267,0.0035244873898207813,0.2693333333333333,0.74,0.3,1350,95.0
1,1,2,-2.39976167678833,0.7466666666666667,random_normmatched,0.07667905680338542,0.10478660583496094,-0.027489410400390626,0.05990612665812174,0.06999015167384419,0.08525286869751802,0.023109992899422498,0.02786118097643808,0.296,0.73,0.3,1350,95.0
1,1,2,-2.39976167678833,0.7466666666666667,random,0.009196645100911458,0.009480870564778646,-0.0009263356526692709,0.040928711891174314,0.002991674293147561,0.010909888515339545,0.00010730081804257943,0.0018309725654653607,0.26266666666666666,0.7383333333333333,0.3,1350,96.0
1,1,2,-2.39976167678833,0.7466666666666667,random_normmatched,0.024015225728352865,0.061651941935221354,-0.02944640350341797,0.053159055709838865,0.020892571114610528,0.03085361913379792,0.03255039370303556,0.010754994692008961,0.2946666666666667,0.7366666666666667,0.32,1350,96.0
1,1,2,-2.39976167678833,0.7466666666666667,random,-0.0004376093546549479,-0.021225102742513022,-0.0012282358805338542,0.039578154881795245,0.0007099977031958603,-0.0007872463297658143,-0.00012595939323503186,0.001596417011887279,0.2613333333333333,0.7366666666666667,0.3,1350,97.0
1,1,2,-2.39976167678833,0.7466666666666667,random_normmatched,-0.033514755249023434,-0.09090899149576823,-0.027601333618164064,0.04923179308573405,-0.01765867088598094,-0.02831489014261974,0.01738626448711576,0.002261955957917511,0.25866666666666666,0.7416666666666667,0.29333333333333333,1350,97.0
1,1,2,-2.39976167678833,0.7466666666666667,random,0.01956427256266276,0.01613812764485677,-0.00993529764811198,0.044150222142537436,0.008290352071552204,0.01253409022262057,0.0028790615534197055,0.010670904341790417,0.25866666666666666,0.7433333333333333,0.3,1350,98.0
1,1,2,-2.39976167678833,0.7466666666666667,random_normmatched,0.09204090627034506,0.0985601552327474,-0.08029491933186848,0.05736685434977214,0.0655107685804407,0.06588796505518654,0.05893789586681366,0.060568242717095544,0.2813333333333333,0.7383333333333333,0.3,1350,98.0
1,1,2,-2.39976167678833,0.7466666666666667,random,0.02239788309733073,0.02232531229654948,0.0061900736490885415,0.04716779867808024,0.012495817754521493,0.011783574495536854,-0.0025219810160881373,0.012546023734860875,0.268,0.7383333333333333,0.3,1350,99.0
1,1,2,-2.39976167678833,0.7466666666666667,random_normmatched,0.11641386922200521,0.11900787353515625,0.00784618631998698,0.05570002237955729,0.07257829024698902,0.05417339868753553,-0.006090223870850553,0.0671567910852376,0.2733333333333333,0.7433333333333333,0.31333333333333335,1350,99.0
1,1,2,-2.39976167678833,0.7466666666666667,shuffled_labels,1.514622075398763,1.5292272186279297,-1.0543759765625,0.8084134944279988,0.9358701660154051,1.4114330061810811,0.7580728427804643,0.859351850720796,0.7186666666666667,0.7083333333333334,0.7533333333333333,1350,
1,1,3,-2.5505595207214355,0.8111111111111111,das,2.6484656475208426,2.7208291159735785,-3.004289349803218,0.5160426139831543,1.6729801958250798,2.3817557280904476,1.5632579955463193,1.4270839085813,0.9398148148148148,0.7244444444444444,0.9583333333333334,1980,
1,1,3,-2.5505595207214355,0.8111111111111111,random,-0.006854751374986437,-0.002136919233534071,-0.007150330366911712,0.040731775495741106,-0.002590337467202488,-0.010587214902221325,0.0021247091319897375,-0.0029482161502944974,0.18703703703703703,0.8122222222222222,0.16666666666666666,1980,0.0
1,1,3,-2.5505595207214355,0.8111111111111111,random_normmatched,-0.02487182793793855,-0.013983938429090712,-0.015358718236287434,0.04794418546888563,-0.013846686835720937,-0.055398759231132404,0.0028180676357359487,-0.010292230078798313,0.17592592592592593,0.8144444444444444,0.1574074074074074,1980,0.0
1,1,3,-2.5505595207214355,0.8111111111111111,random,-0.006089072757297092,-0.004728493867097078,-0.01792167381004051,0.045747868220011395,-0.001084005705869212,-0.009021501108180672,0.005365183177395956,-0.0010114519119622093,0.18796296296296297,0.8144444444444444,0.16666666666666666,1980,1.0
1,1,3,-2.5505595207214355,0.8111111111111111,random_normmatched,0.004421345392862956,0.03851410194679543,-0.05749308268229167,0.05987541092766656,0.028134276660037746,-0.015217242115983787,0.04231933146649991,0.0160742798557787,0.22037037037037038,0.81,0.20833333333333334,1980,1.0
1,1,3,-2.5505595207214355,0.8111111111111111,random,-0.007942263285319011,-0.00598570152565285,-0.014885100611933955,0.04170093536376953,-0.0020005539335998957,-0.00534744148354132,0.005204882350246199,-0.0021525043953865126,0.18703703703703703,0.8111111111111111,0.16666666666666666,1980,2.0
1,1,3,-2.5505595207214355,0.8111111111111111,random_normmatched,-0.004469772621437355,0.03261163499620226,-0.07432539021527326,0.0492565737830268,-0.0026945296273083487,-0.009953654945004947,0.03491424416823791,-0.0010212426311903718,0.20462962962962963,0.8122222222222222,0.19444444444444445,1980,2.0
1,1,3,-2.5505595207214355,0.8111111111111111,random,-0.014693616937707972,-0.008425553639729818,-0.005834544146502459,0.04165914217631022,-0.003917556129385392,-0.013554487155634815,0.0018865775459453503,-0.001895351308707943,0.18888888888888888,0.8088888888888889,0.16666666666666666,1980,3.0
1,1,3,-2.5505595207214355,0.8111111111111111,random_normmatched,-0.051160298453436955,-0.029565934781674987,0.01821935265152543,0.04894410769144694,-0.029744056569465778,-0.0437933775720482,-0.030929051983544245,-0.021680606809750688,0.17685185185185184,0.8166666666666667,0.16666666666666666,1980,3.0
1,1,3,-2.5505595207214355,0.8111111111111111,random,-0.012308783001369901,-0.0032707143712926794,-0.0076180263801857275,0.039184094534979924,-0.004248608543369922,-0.012562919939833675,0.004000347044335908,-0.0038338750823733543,0.18518518518518517,0.8133333333333334,0.16666666666666666,1980,4.0
1,1,3,-2.5505595207214355,0.8111111111111111,random_normmatched,-0.05010854226571542,-0.05986904214929651,0.012904993693033854,0.04762950897216797,-0.029052856255922972,-0.04285221327218972,-0.009625558635277979,-0.023394273852009782,0.1824074074074074,0.8177777777777778,0.16203703703703703,1980,4.0
1,1,3,-2.5505595207214355,0.8111111111111111,random,-0.0063934396814416955,-0.0032610716643156827,-0.008898454242282444,0.03995593600802951,-0.0010427476413532998,-0.009456620101957707,0.0033301413522435863,-0.0008950640652679411,0.18888888888888888,0.8155555555555556,0.16203703703703703,1980,5.0
1,1,3,-2.5505595207214355,0.8111111111111111,random_normmatched,0.05489404113204391,0.06262307696872288,-0.03360158779003002,0.049249260160658094,0.023330892646886568,0.018252236012836497,0.016752603485842777,0.018810769230397775,0.1935185185185185,0.8144444444444444,0.14814814814814814,1980,5.0
1,1,3,-2.5505595207214355,0.8111111111111111,random,0.009048009801793981,0.006023424643057364,-0.02174243927001953,0.03922947777642144,0.0055751783811706975,0.004141421730973996,0.004730874085752148,0.0042933013148850245,0.18796296296296297,0.81,0.16666666666666666,1980,6.0
1,1,3,-2.5505595207214355,0.8111111111111111,random_normmatched,0.15755536114728008,0.1424372461107042,-0.16867560104087548,0.0599210082160102,0.12613980324210283,0.10183639726249118,0.11791931162680847,0.10200534612899462,0.2537037037037037,0.81,0.24074074074074073,1980,6.0
1,1,3,-2.5505595207214355,0.8111111111111111,random,-0.011547976953011971,-0.010014834227385345,-0.018581844259191443,0.04479817496405707,-0.0032555524589595215,-0.006847612418298022,0.00475119433643428,-0.002452834676601371,0.18796296296296297,0.8144444444444444,0.16666666666666666,1980,7.0
1,1,3,-2.5505595207214355,0.8111111111111111,random_normmatched,-0.040107184869271735,-0.02376056600500036,-0.04222052362230089,0.04797541618347168,-0.02091626037150962,-0.015711688154573432,0.0241725399787857,-0.016635332954893,0.18333333333333332,0.8166666666666667,0.1712962962962963,1980,7.0
1,1,3,-2.5505595207214355,0.8111111111111111,random,-0.002877203623453776,-0.0010120780379683882,-0.014146061296816226,0.04061476813422309,0.000400040856393597,-0.00417993284752195,0.003916075817650674,-4.32154354863143e-05,0.19074074074074074,0.8077777777777778,0.1712962962962963,1980,8.0
1,1,3,-2.5505595207214355,0.8111111111111111,random_normmatched,0.055365490030359336,0.09531097058896665,-0.03812803339075159,0.0468572998046875,0.030619529811266553,0.0388694448380976,0.022021152721580978,0.025694517540462022,0.20833333333333334,0.8122222222222222,0.18981481481481483,1980,8.0
1,1,3,-2.5505595207214355,0.8111111111111111,random,-0.010823548281634296,-0.007441591333459925,-0.0012748347388373482,0.04070229000515408,-0.0036009973302887476,-0.011080275981533404,0.0008930966404561472,-0.0031931873289140905,0.18425925925925926,0.8133333333333334,0.16203703703703703,1980,9.0
1,1,3,-2.5505595207214355,0.8111111111111111,random_normmatched,-0.04686106752466272,-0.057435282954463256,0.03258150595205801,0.05097477065192329,-0.02540559733279181,-0.044098193804539026,-0.020559974427159143,-0.020378052514365717,0.17777777777777778,0.8188888888888889,0.1388888888888889,1980,9.0
1,1,3,-2.5505595207214355,0.8111111111111111,random,-0.007424547054149486,-0.0017104678683810765,-0.006628010008070204,0.03921350267198351,-0.0013034870938210996,-0.0036743121268207933,0.002245634304864176,-0.001470614876438112,0.18611111111111112,0.8111111111111111,0.16666666666666666,1980,10.0
1,1,3,-2.5505595207214355,0.8111111111111111,random_normmatched,-0.002556255128648546,0.02202837555496781,-0.019967068566216363,0.046325629552205407,0.0004175679893240349,0.01202040640799973,0.011164221870282081,-0.004303994616054827,0.1925925925925926,0.8111111111111111,0.1574074074074074,1980,10.0
1,1,3,-2.5505595207214355,0.8111111111111111,random,-0.0010080814361572265,0.00822393982498734,-0.014575218271326136,0.042633792029486764,0.00044526471914463177,-0.012740794417953833,0.003328915023745824,0.001571685637338535,0.18796296296296297,0.8166666666666667,0.1712962962962963,1980,11.0
1,1,3,-2.5505595207214355,0.8111111111111111,random_normmatched,0.05802604887220594,0.10674716808177807,-0.08935302451804832,0.05113063600328233,0.030889844532007812,-0.024835730088092305,0.05828387408504502,0.03126716509621928,0.20833333333333334,0.8166666666666667,0.21296296296296297,1980,11.0
1,1,3,-2.5505595207214355,0.8111111111111111,random,-0.006898411998042354,-0.0030078358120388454,-0.008614253997802735,0.04534462928771973,-0.0016988326406637646,-0.0010466704726124875,0.0028181005288048355,-0.0019702672419580685,0.18425925925925926,0.8166666666666667,0.16203703703703703,1980,12.0
1,1,3,-2.5505595207214355,0.8111111111111111,random_normmatched,-0.008595588472154405,0.006843407948811849,-0.007177683159157082,0.04976342413160536,-0.007259033377479209,0.009767391564025034,0.007915569994008338,-0.005765116840354052,0.18703703703703703,0.8166666666666667,0.1712962962962963,1980,12.0
1,1,3,-2.5505595207214355,0.8111111111111111,random,-0.013500725781476056,-0.012737856970893012,-0.015921386082967122,0.039013933605617945,-0.004506242370254462,-0.011334278790685687,0.0052053363211366326,-0.004709823188322074,0.18425925925925926,0.8155555555555556,0.16666666666666666,1980,13.0
1,1,3,-2.5505595207214355,0.8111111111111111,random_normmatched,-0.03873771031697591,-0.024526154553448712,-0.05626465479532878,0.049542549981011284,-0.02693753650210945,-0.04007670057965657,0.02128562636309264,-0.022428125681596477,0.18611111111111112,0.8155555555555556,0.18055555555555555,1980,13.0
1,1,3,-2.5505595207214355,0.8111111111111111,random,-0.02079244543004919,-0.012792781547263817,-0.0034935015219229237,0.04825140847100152,-0.010476186116863361,-0.022256893130065358,0.003354479491991436,-0.0064482132313598665,0.18425925925925926,0.8177777777777778,0.16203703703703703,1980,14.0
1,1,3,-2.5505595207214355,0.8111111111111111,random_normmatched,-0.13182658619350857,-0.11606507831149632,0.040783189844202115,0.0652777025434706,-0.15417416619076746,-0.1338027906700308,-0.06945237888399056,-0.07294090863735074,0.14722222222222223,0.82,0.125,1980,14.0
1,1,3,-2.5505595207214355,0.8111111111111111,random,-0.009132221009996203,-0.009732952824345342,-0.018078577959979022,0.042300007078382704,-0.0028498337640827246,-0.009120716366531133,0.005186314061076516,-0.00196090189189067,0.18703703703703703,0.8122222222222222,0.16203703703703703,1980,15.0
1,1,3,-2.5505595207214355,0.8111111111111111,random_normmatched,-0.003100834952460395,0.0052582599498607495,-0.059373558892144095,0.05122524261474609,0.003280322104824149,-0.017754984381038855,0.023711585858118847,0.004151240548734803,0.2111111111111111,0.8111111111111111,0.19444444444444445,1980,15.0
1,1,3,-2.5505595207214355,0.8111111111111111,random,-0.013181905393247251,-0.01723517311943902,-0.007619993774979203,0.041901548173692495,-0.004537459094614608,-0.012323275967802463,0.0016252561248844282,-0.0038051890833117556,0.18425925925925926,0.8088888888888889,0.16666666666666666,1980,16.0
1,1,3,-2.5505595207214355,0.8111111111111111,random_normmatched,-0.020754354971426504,-0.04363321374963831,0.005032200283474392,0.051911035113864475,-0.004289965659152727,-0.013340607386867678,-0.022331526928045596,-0.0038962087713046347,0.2101851851851852,0.8133333333333334,0.19444444444444445,1980,16.0
1,1,3,-2.5505595207214355,0.8111111111111111,random,-0.010843340555826824,-0.01224233486034252,-0.010138608791210034,0.041234199735853405,-0.004496880151432238,-0.00988403745438822,0.002592795875978002,-0.00424080302662781,0.1824074074074074,0.8155555555555556,0.16666666666666666,1980,17.0
1,1,3,-2.5505595207214355,0.8111111111111111,random_normmatched,-0.05782900033173738,-0.06392881605360243,-0.08032666312323676,0.04866669866773817,-0.028944631468083064,-0.058566540474743654,0.0344971142498061,-0.02496710298174542,0.20555555555555555,0.8155555555555556,0.20833333333333334,1980,17.0
1,1,3,-2.5505595207214355,0.8111111111111111,random,-0.016317229800754122,-0.01354233423868815,-0.0038093301984998915,0.0439918941921658,-0.007273394660190313,-0.012122756242380362,0.002391020354963866,-0.005812316789664512,0.1814814814814815,0.8166666666666667,0.1574074074074074,1980,18.0
1,1,3,-2.5505595207214355,0.8111111111111111,random_normmatched,-0.06939813119393808,-0.06575008674904152,0.01638893374690303,0.05315535227457682,-0.0406738609224791,-0.034373888585822396,-0.010977733294589911,-0.027410228734094988,0.17777777777777778,0.8211111111111111,0.1527777777777778,1980,18.0
1,1,3,-2.5505595207214355,0.8111111111111111,random,-0.018902722111454717,-0.010965559217664931,-0.005201096004909939,0.042983825471666126,-0.006698016785664607,-0.016363112115765903,0.0026986945619302833,-0.005686417593668537,0.18425925925925926,0.8155555555555556,0.16203703703703703,1980,19.0
1,1,3,-2.5505595207214355,0.8111111111111111,random_normmatched,-0.10368696848551433,-0.09577772352430555,-0.005970040074101201,0.04736729939778646,-0.06119472359860634,-0.09269525411689361,0.0008265925473246664,-0.05137734542963372,0.1712962962962963,0.8133333333333334,0.14351851851851852,1980,19.0
1,1,3,-2.5505595207214355,0.8111111111111111,random,-0.010229905446370443,-0.013917163566306786,-0.016156016455756293,0.04167286343044705,-0.004336439874475866,-0.008703983006825731,0.005721261506296155,-0.0027852617791922062,0.18796296296296297,0.8122222222222222,0.16666666666666666,1980,20.0
1,1,3,-2.5505595207214355,0.8111111111111111,random_normmatched,-0.06450054733841508,-0.09923429842348452,-0.07502749231126574,0.04913353072272407,-0.03779912440118216,-0.05868208810092841,0.04761775852902436,-0.03011575113021191,0.18611111111111112,0.8111111111111111,0.16203703703703703,1980,20.0
1,1,3,-2.5505595207214355,0.8111111111111111,random,0.00017899937099880644,3.246024802879051e-05,-0.016775872972276475,0.044278782738579645,0.00025898774844067794,0.00012205814121035882,0.004364765744553806,-0.0007382824574197885,0.18703703703703703,0.8111111111111111,0.16666666666666666,1980,21.0
1,1,3,-2.5505595207214355,0.8111111111111111,random_normmatched,0.04522590283994322,0.03385625062165437,-0.05978806636951588,0.05505129284328884,0.05992445476388223,0.0264040182868213,0.04769850269897876,0.02792973208179722,0.22870370370370371,0.8122222222222222,0.17592592592592593,1980,21.0
1,1,3,-2.5505595207214355,0.8111111111111111,random,-0.004109409120347764,-0.004112720489501953,-0.0254090150197347,0.045884679158528646,-0.0004937633853140908,-0.0024227196252875217,0.010490683870417065,1.520599925524646e-05,0.18888888888888888,0.8133333333333334,0.16666666666666666,1980,22.0
1,1,3,-2.5505595207214355,0.8111111111111111,random_normmatched,0.028704616758558486,0.015496995713975694,-0.08182427265025952,0.05581707318623861,0.018057979273539183,0.04334856067684117,0.06864905030800339,0.013538137840048921,0.22407407407407406,0.8133333333333334,0.17592592592592593,1980,22.0
1,1,3,-2.5505595207214355,0.8111111111111111,random,-0.008411776577984845,-0.0020953284369574655,-0.007736866562454789,0.04291926172044542,-0.0030523416159032486,-0.008385011165523154,0.004593435482760358,-0.002707256429984446,0.18703703703703703,0.8122222222222222,0.16666666666666666,1980,23.0
1,1,3,-2.5505595207214355,0.8111111111111111,random_normmatched,-0.004950632872404876,0.013316595995867694,-0.004393876040423358,0.051567553414238826,-0.011932726578544245,-0.0186559487617673,0.0033908844799280767,-0.006242618695144778,0.1814814814814815,0.8144444444444444,0.1574074074074074,1980,23.0
1,1,3,-2.5505595207214355,0.8111111111111111,random,-0.014668538835313586,-0.008641278302228009,-0.009013518580683956,0.04367532200283474,-0.004683203530956921,-0.01164660062766426,0.003278554439888505,-0.003615513882028445,0.18333333333333332,0.8133333333333334,0.16666666666666666,1980,24.0
1,1,3,-2.5505595207214355,0.8111111111111111,random_normmatched,-0.052917326821221244,-0.03367547635678892,0.0023333637802689165,0.04910871505737305,-0.026411186037473187,-0.031917687188109244,-0.0069056572361813045,-0.01895715571501377,0.1824074074074074,0.8144444444444444,0.1527777777777778,1980,24.0
1,1,3,-2.5505595207214355,0.8111111111111111,random,-0.016719563802083334,-0.012099495640507451,-0.0037942303551567924,0.03978712929619683,-0.008040726735244292,-0.017020728076237883,0.001156497490288629,-0.005501204379084442,0.18611111111111112,0.8144444444444444,0.16203703703703703,1980,25.0
1,1,3,-2.5505595207214355,0.8111111111111111,random_normmatched,-0.06988498899671766,-0.11886662024038809,0.043847587373521596,0.050624361038208006,-0.044939261816877935,-0.05748070387684267,-0.01756504003560474,-0.033792467615883594,0.1712962962962963,0.8122222222222222,0.14351851851851852,1980,25.0
1,1,3,-2.5505595207214355,0.8111111111111111,random,-0.0026767430482087314,0.002594153086344401,-0.0010810781408239294,0.039800403383043075,-0.0008570730476938217,-0.0021466548814400403,0.0022438482708289917,-0.0003349790778858553,0.18611111111111112,0.8133333333333334,0.16666666666666666,1980,26.0
1,1,3,-2.5505595207214355,0.8111111111111111,random_normmatched,0.017452686804312247,0.03496890597873264,-0.009620857238769532,0.04900242381625705,0.00820731474634272,0.010365639703406464,0.007807136637207239,0.0038798161096986724,0.19537037037037036,0.8077777777777778,0.18055555555555555,1980,26.0
1,1,3,-2.5505595207214355,0.8111111111111111,random,-0.005517339706420899,0.0024273307235152634,-0.011040140081334996,0.0391909556918674,-0.001114088614815054,0.0021698047562545898,0.0034593099092074873,-0.0015649909475659077,0.18703703703703703,0.8133333333333334,0.16666666666666666,1980,27.0
1,1,3,-2.5505595207214355,0.8111111111111111,random_normmatched,0.004571759259259259,0.03626948815804941,-0.010844281867698386,0.04564638561672635,0.014783628751923718,0.030730969006228015,0.008395168166581195,0.015049648961849994,0.19814814814814816,0.8133333333333334,0.18055555555555555,1980,27.0
1,1,3,-2.5505595207214355,0.8111111111111111,random,-0.01487853968584979,-0.006156727119728371,-0.013906139797634548,0.04264015303717719,-0.005507934613674705,-0.01646404680665394,0.004531257868551385,-0.0043546716717136605,0.18703703703703703,0.8144444444444444,0.16666666666666666,1980,28.0
1,1,3,-2.5505595207214355,0.8111111111111111,random_normmatched,-0.05991288114477087,-0.04476114555641457,-0.030802652570936416,0.04884139166937934,-0.03218732856199958,-0.05189652108045571,0.0251659493773648,-0.025827710908244497,0.1787037037037037,0.8155555555555556,0.16666666666666666,1980,28.0
1,1,3,-2.5505595207214355,0.8111111111111111,random,-0.018567449075204356,-0.011663737120451751,-0.009392586460819951,0.03991666687859429,-0.008110738426589232,-0.012117117047179408,0.002880615169021419,-0.006521244429234489,0.18888888888888888,0.8133333333333334,0.16666666666666666,1980,29.0
1,1,3,-2.5505595207214355,0.8111111111111111,random_normmatched,-0.08099034097459581,-0.07417277936582212,-0.022532410091824003,0.05200421227349175,-0.07693277281982822,-0.06499994393370145,0.009526207676040505,-0.07283877308515077,0.18055555555555555,0.8166666666666667,0.14814814814814814,1980,29.0
1,1,3,-2.5505595207214355,0.8111111111111111,random,-0.012594079971313477,-0.00888965747974537,-0.014929444701583297,0.042162101533677845,-0.005599285399111054,-0.01523615409116933,0.0068152592512835805,-0.004173988215048869,0.1824074074074074,0.8166666666666667,0.1574074074074074,1980,30.0
1,1,3,-2.5505595207214355,0.8111111111111111,random_normmatched,-0.04072287347581652,-0.04337379667494032,-0.04336336277149342,0.050544585122002494,-0.03549231759285179,-0.05178658654075522,0.005420360948046457,-0.027820671434495386,0.1824074074074074,0.8155555555555556,0.14814814814814814,1980,30.0
1,1,3,-2.5505595207214355,0.8111111111111111,random,0.0025174282215259694,0.0022190058672869645,-0.008360398257220233,0.041158213085598416,0.0017191735753181087,0.010693734339180758,0.0036554650240594073,0.0005237166281280273,0.18796296296296297,0.8166666666666667,0.16666666666666666,1980,31.0
1,1,3,-2.5505595207214355,0.8111111111111111,random_normmatched,0.10712455820154261,0.1544780377988462,-0.0195246625829626,0.054010882907443575,0.08811700728601124,0.11392605608763946,0.008940994593844499,0.056160455586861474,0.2175925925925926,0.82,0.1712962962962963,1980,31.0
1,1,3,-2.5505595207214355,0.8111111111111111,random,-0.01112248456036603,-0.014149983723958334,-0.012668726179334852,0.043122433556450734,-0.0027038383842266566,-0.012502188587536434,0.0028716783840463836,-0.002200180471352781,0.18703703703703703,0.8177777777777778,0.1712962962962963,1980,32.0
1,1,3,-2.5505595207214355,0.8111111111111111,random_normmatched,-0.014098119735717774,-0.01517059184886791,-0.0407330177448414,0.05090181562635634,-0.009997619166883878,-0.017175649048945973,0.02141707947346161,-0.0035959939051654734,0.19074074074074074,0.8122222222222222,0.16203703703703703,1980,32.0
1,1,3,-2.5505595207214355,0.8111111111111111,random,-0.019823929115577982,-0.010958247714572482,0.007021799793949833,0.03971091694302029,-0.008980324417075417,-0.017455859534853478,-0.0008239039843577036,-0.0066000876496114195,0.18425925925925926,0.8122222222222222,0.16666666666666666,1980,33.0
1,1,3,-2.5505595207214355,0.8111111111111111,random_normmatched,-0.07508404519822863,-0.08988396326700847,0.10645700030856663,0.053618542353312176,-0.0501177157059525,-0.04516762653371068,-0.09128718325321117,-0.03133456841134054,0.1787037037037037,0.8077777777777778,0.14814814814814814,1980,33.0
1,1,3,-2.5505595207214355,0.8111111111111111,random,-0.0003811306423611111,0.002189000447591146,-0.020043539117883754,0.044694375991821286,2.8563953776182115e-05,-0.0023736702037634324,0.006635217574456999,0.0004433832095318306,0.18333333333333332,0.8155555555555556,0.16666666666666666,1980,34.0
1,1,3,-2.5505595207214355,0.8111111111111111,random_normmatched,0.05707012988902904,0.11196162965562609,-0.08399454399391457,0.053005765279134115,0.05115190425369409,0.04209350179560931,0.04421657572724631,0.0343564591420147,0.21666666666666667,0.8166666666666667,0.19907407407407407,1980,34.0
1,1,3,-2.5505595207214355,0.8111111111111111,random,-0.0038203115816469544,0.00184951005158601,-0.01686452583030418,0.04184422704908583,-0.0003043577470203972,-0.005185012668532004,0.00521547349614474,0.0006376825487509989,0.18981481481481483,0.8133333333333334,0.16666666666666666,1980,35.0
1,1,3,-2.5505595207214355,0.8111111111111111,random_normmatched,0.05341113408406575,0.08562181614063404,-0.07003119786580404,0.04866778055826823,0.03572507941311999,0.026709947066194496,0.04194308363016114,0.03602148699240999,0.19537037037037036,0.8144444444444444,0.17592592592592593,1980,35.0
1,1,3,-2.5505595207214355,0.8111111111111111,random,-0.01644462302879051,-0.016333032537389686,-0.01083027168556496,0.04687174479166667,-0.007157198785566165,-0.01185997214368337,0.004199230291752268,-0.005770472831856124,0.18981481481481483,0.8133333333333334,0.1574074074074074,1980,36.0
1,1,3,-2.5505595207214355,0.8111111111111111,random_normmatched,-0.04420974872730397,-0.04223874763206199,-0.022459952036539714,0.0544565667046441,-0.024289282052840627,-0.006450169564973268,0.020129482825660815,-0.019337435668698263,0.18425925925925926,0.8177777777777778,0.14351851851851852,1980,36.0
1,1,3,-2.5505595207214355,0.8111111111111111,random,-0.01550797356499566,-0.008076932695176866,-0.0037120819091796876,0.04025734159681532,-0.00527265549703214,-0.014436037317893237,0.0030844909429955754,-0.006238973683590901,0.18611111111111112,0.8133333333333334,0.16203703703703703,1980,37.0
1,1,3,-2.5505595207214355,0.8111111111111111,random_normmatched,-0.0372193972269694,-0.010564256597448278,0.02348738599706579,0.05150123808119032,-0.03992430974286987,-0.03884632254346797,-0.022037837158084522,-0.033795451455101426,0.18611111111111112,0.8088888888888889,0.1527777777777778,1980,37.0
1,1,3,-2.5505595207214355,0.8111111111111111,random,-0.008948585722181532,-0.015390572724518952,-0.011628014953048141,0.04001462088690864,-0.002010328083701154,-0.003487917505627852,0.0027590615242888313,-0.0013172927850500435,0.18981481481481483,0.8133333333333334,0.1712962962962963,1980,38.0
1,1,3,-2.5505595207214355,0.8111111111111111,random_normmatched,-0.002615995760317202,0.0026724073621961805,-0.03938253543995045,0.04814293225606282,-0.0069626288039943435,0.007514932614623385,0.026243367884801014,-0.003424317103753442,0.1962962962962963,0.81,0.16203703703703703,1980,38.0
1,1,3,-2.5505595207214355,0.8111111111111111,random,-0.011930841869778103,-0.018977518434877747,-0.0208903224379928,0.04148700820075141,-0.002647036666343805,-0.01247463672684148,0.0061108491643865484,-0.002566885828135747,0.18518518518518517,0.8122222222222222,0.16203703703703703,1980,39.0
1,1,3,-2.5505595207214355,0.8111111111111111,random_normmatched,0.002511663790102358,-0.009809953195077402,-0.05576848807158293,0.04872857093811035,-0.0011749937852900587,0.0008870207412318161,0.03425961759608282,0.002622080081352774,0.17777777777777778,0.8144444444444444,0.1574074074074074,1980,39.0
1,1,3,-2.5505595207214355,0.8111111111111111,random,-0.009470159036141854,-0.007862921114321108,-0.006614466066713686,0.037754637400309245,-0.0032032512184210276,-0.0071499160584281305,0.002106004578156225,-0.0022545518786331307,0.18703703703703703,0.8133333333333334,0.16666666666666666,1980,40.0
1,1,3,-2.5505595207214355,0.8111111111111111,random_normmatched,-0.02608515774762189,-0.02554909388224284,0.01295943613405581,0.05017250802781847,-0.017151154316461074,-0.002728963641045395,-0.023236443688895686,-0.01152619758835434,0.1814814814814815,0.8155555555555556,0.18518518518518517,1980,40.0
1,1,3,-2.5505595207214355,0.8111111111111111,random,-0.012523608737521702,-0.006796660246672454,-0.012835514986956561,0.044181948767768014,-0.00508387196876144,-0.010175920214932702,0.004344410948621956,-0.0031747060996806797,0.18333333333333332,0.82,0.16203703703703703,1980,41.0
1,1,3,-2.5505595207214355,0.8111111111111111,random_normmatched,-0.03660562656543873,-0.0022779923898202403,-0.04800288942125108,0.05019592497083876,-0.011440101142600757,-0.009035374632947613,0.02926449955542455,-0.0038191311493235482,0.1787037037037037,0.8211111111111111,0.1712962962962963,1980,41.0
1,1,3,-2.5505595207214355,0.8111111111111111,random,-0.014120843675401475,-0.012032544171368634,-0.007772482766045465,0.044112265904744465,-0.006249013757531232,-0.0155827240081403,0.0034386636270845265,-0.0039606909089938145,0.18518518518518517,0.8122222222222222,0.1574074074074074,1980,42.0
1,1,3,-2.5505595207214355,0.8111111111111111,random_normmatched,-0.031198789455272533,-0.0319658738595468,0.03007337252298991,0.048123902214898005,-0.01867655011747022,-0.02682233642999183,-0.013632505021533762,-0.010856351776142893,0.18055555555555555,0.8133333333333334,0.16666666666666666,1980,42.0
1,1,3,-2.5505595207214355,0.8111111111111111,random,-0.01164346977516457,-0.009703865757694951,-0.004583484155160409,0.04392618603176541,-0.005030287619325333,-0.009495242266747509,0.003188015855805488,-0.004891403414445928,0.18796296296296297,0.8133333333333334,0.16666666666666666,1980,43.0
1,1,3,-2.5505595207214355,0.8111111111111111,random_normmatched,-0.06422928527549461,-0.043832902555112484,0.004174559204666702,0.04988552941216363,-0.03279744926052083,-0.042522886704314276,-0.009752096259520138,-0.027091440836677975,0.17685185185185184,0.8133333333333334,0.16203703703703703,1980,43.0
1,1,3,-2.5505595207214355,0.8111111111111111,random,0.00952601256193938,0.017944088688603154,-0.014968303397849754,0.043595493104722764,0.004351375694672482,0.004780949807099858,0.007385064052292778,0.004047805770171273,0.18796296296296297,0.8144444444444444,0.1712962962962963,1980,44.0
1,1,3,-2.5505595207214355,0.8111111111111111,random_normmatched,0.09216439459058974,0.13313401186907733,-0.0448587594208894,0.051770396762424044,0.050204008828425725,0.06125393933956542,0.015864448183324803,0.03188270844852077,0.2111111111111111,0.8166666666666667,0.2175925925925926,1980,44.0
1,1,3,-2.5505595207214355,0.8111111111111111,random,-0.006730784310234918,0.0005903067412199798,-0.012954893818608038,0.04288090387980143,-0.0019473562319948122,-0.005898075448710188,0.0039679173374200585,-0.0016067202959575246,0.18981481481481483,0.8133333333333334,0.16666666666666666,1980,45.0
1,1,3,-2.5505595207214355,0.8111111111111111,random_normmatched,0.015691018987584997,0.04080899556477865,-0.017044376443933557,0.051215427186754016,0.010294654632599338,-0.005611870825860648,0.006964374677352229,0.016348706729882482,0.19444444444444445,0.8133333333333334,0.17592592592592593,1980,45.0
1,1,3,-2.5505595207214355,0.8111111111111111,random,-0.007019071225766782,-0.009062431476734302,-0.014813642148618345,0.04365484979417589,-0.0012246022716540623,-0.0015268986225904088,0.0039616944537748545,-0.0003204107926609784,0.18611111111111112,0.8144444444444444,0.16203703703703703,1980,46.0
1,1,3,-2.5505595207214355,0.8111111111111111,random_normmatched,0.05864706392641421,0.05037899370546694,-0.0476726390697338,0.06150056733025445,0.08085171312004821,0.10065778542598389,0.04893230880498012,0.05681328820887377,0.21296296296296297,0.8211111111111111,0.18055555555555555,1980,46.0
1,1,3,-2.5505595207214355,0.8111111111111111,random,-0.011729312826085974,-0.009008125022605614,-0.01128289434644911,0.038215175204806856,-0.0031465510547963407,-0.007947189909051394,0.0036015921158263015,-0.0028207792899846524,0.18703703703703703,0.8133333333333334,0.16666666666666666,1980,47.0
1,1,3,-2.5505595207214355,0.8111111111111111,random_normmatched,-0.024209167339183667,-0.006040943993462456,-0.04995359138206199,0.04655199474758572,-0.011051241025046264,-0.02273627221644724,0.03537576340218554,-0.0052580520919728695,0.18888888888888888,0.8144444444444444,0.17592592592592593,1980,47.0
1,1,3,-2.5505595207214355,0.8111111111111111,random,-0.011124757484153465,-0.0030303707829228152,-0.003250401108353226,0.04405499988132053,-0.0060890479412103946,-0.00916056590245503,0.0022435624999461853,-0.004774111058243984,0.18518518518518517,0.8133333333333334,0.16666666666666666,1980,48.0
1,1,3,-2.5505595207214355,0.8111111111111111,random_normmatched,-0.04511816943133319,-0.029051921985767507,0.027696081444069192,0.05281697697109646,-0.04029696728650644,-0.020821444328494615,-0.03054476068653054,-0.029288102632066507,0.1787037037037037,0.8177777777777778,0.1527777777777778,1980,48.0
1,1,3,-2.5505595207214355,0.8111111111111111,random,-0.007069759015683775,-0.0023364137720178675,-0.005490967079445168,0.0407316419813368,-0.0024931401443190064,-0.008417084627595451,0.0015488473964811794,-0.0010227828754996067,0.18888888888888888,0.8133333333333334,0.16666666666666666,1980,49.0
1,1,3,-2.5505595207214355,0.8111111111111111,random_normmatched,0.01458995430557816,0.041932865425392436,0.019109877833613644,0.051348328060574,0.008944134727153006,0.026273055691166343,-0.01332343223667926,0.006121740511244497,0.20277777777777778,0.8155555555555556,0.17592592592592593,1980,49.0
1,1,3,-2.5505595207214355,0.8111111111111111,random,-0.004100803092673973,-0.000709445388228805,-0.01508517795138889,0.042329364352756076,-0.00125495634827934,-0.0033733805633491634,0.004082142213610309,-0.0004952890863214768,0.18796296296296297,0.8122222222222222,0.1712962962962963,1980,50.0
1,1,3,-2.5505595207214355,0.8111111111111111,random_normmatched,0.036337386237250434,0.06229852747034143,-0.06704194104229963,0.050434773763020836,0.030321536134312994,0.030228348386542606,0.07485819955784573,0.037620191143422174,0.2,0.8144444444444444,0.18055555555555555,1980,50.0
1,1,3,-2.5505595207214355,0.8111111111111111,random,-0.01679494469254105,-0.014203106915509259,0.00043780008951822916,0.03909436755710178,-0.009256620952760787,-0.014711436533491945,0.002513353960112062,-0.006992360268393534,0.18333333333333332,0.8133333333333334,0.16666666666666666,1980,51.0
1,1,3,-2.5505595207214355,0.8111111111111111,random_normmatched,-0.039763784408569335,-0.05095548982973452,0.018643463982476127,0.04474141968621148,-0.02336773658208902,-0.036530236560386405,-0.01540856779394656,-0.020058384377283515,0.17777777777777778,0.8144444444444444,0.14814814814814814,1980,51.0
1,1,3,-2.5505595207214355,0.8111111111111111,random,0.004852951897515191,0.010217295752631294,-0.022761915348194262,0.04246973779466417,0.0019000630508355862,0.006930824223813505,0.00889336651426286,0.001418753823561202,0.19074074074074074,0.8144444444444444,0.16666666666666666,1980,52.0
1,1,3,-2.5505595207214355,0.8111111111111111,random_normmatched,0.07678361292238589,0.10637311582212094,-0.06670541056880244,0.0542482672797309,0.06394769703007042,0.08400991057610752,0.06629606290228904,0.05183630223445017,0.21944444444444444,0.8166666666666667,0.18518518518518517,1980,52.0
1,1,3,-2.5505595207214355,0.8111111111111111,random,-0.0071226897063078705,-0.0021698563187210647,-0.00516307618882921,0.04045376883612739,-0.00179671002472588,-0.0065366170625267925,0.0034797346626346164,-0.001565238811995624,0.18703703703703703,0.8144444444444444,0.16666666666666666,1980,53.0
1,1,3,-2.5505595207214355,0.8111111111111111,random_normmatched,0.020574977662828235,0.04220598715322989,-0.008168856302897135,0.044006432427300346,0.006560958460325077,0.008984885522754806,0.008118411659969606,0.006129965830790406,0.18981481481481483,0.8111111111111111,0.16666666666666666,1980,53.0
1,1,3,-2.5505595207214355,0.8111111111111111,random,-0.0011244402991400825,8.053249782986111e-05,-0.011070661191587094,0.040784180959065754,-0.0002123935167192953,-0.0048263056541280065,0.004456167283064392,0.0003917547124445732,0.18425925925925926,0.8122222222222222,0.16203703703703703,1980,54.0
1,1,3,-2.5505595207214355,0.8111111111111111,random_normmatched,0.04269836213853624,0.08910106729578089,-0.01415117758291739,0.04917640580071343,0.02610488705216371,0.01641082214413106,0.002278442437998042,0.026589704020284162,0.20925925925925926,0.8122222222222222,0.19444444444444445,1980,54.0
1,1,3,-2.5505595207214355,0.8111111111111111,random,-0.009669378068712023,-0.006527812392623337,-0.007681530493277091,0.03899327172173394,-0.002186876395780292,-0.005798689499035311,0.0024403902970935995,-0.0011383740715169486,0.18518518518518517,0.8133333333333334,0.16666666666666666,1980,55.0
1,1,3,-2.5505595207214355,0.8111111111111111,random_normmatched,-0.03573582790516041,-0.02767771261709708,-0.013371094950923213,0.04592529508802626,-0.01927472458656239,-0.02464394248826323,0.009832560823539074,-0.01712681335828959,0.18055555555555555,0.8166666666666667,0.1712962962962963,1980,55.0
1,1,3,-2.5505595207214355,0.8111111111111111,random,-0.010454176090381764,-0.007084811175311053,-0.007513023305822302,0.0446417056189643,-0.002943316174931274,-0.011032868417828743,0.003847579933633014,-0.0033806072795477572,0.18796296296296297,0.8122222222222222,0.16666666666666666,1980,56.0
1,1,3,-2.5505595207214355,0.8111111111111111,random_normmatched,-0.013634074175799335,-0.01814338896009657,0.009974391372115523,0.05242976400587294,-0.0019442130928138584,-0.014209121613657628,-0.008994500586532356,-0.003319419399137144,0.1935185185185185,0.8077777777777778,0.16203703703703703,1980,56.0
1,1,3,-2.5505595207214355,0.8111111111111111,random,-0.011277555536340784,-0.013139495143183955,-0.005741341908772787,0.04168404049343533,-0.002941276382397668,-0.013788031841759288,0.0031451614887174893,-0.002717647894675916,0.18611111111111112,0.8133333333333334,0.16666666666666666,1980,57.0
1,1,3,-2.5505595207214355,0.8111111111111111,random_normmatched,-0.055746082023338035,-0.04839386763396086,-0.002682443901344582,0.04830697271558974,-0.03031414457753527,-0.06292222176141518,0.004253092607931788,-0.024519215327512556,0.175,0.8155555555555556,0.16203703703703703,1980,57.0
1,1,3,-2.5505595207214355,0.8111111111111111,random,-0.010507267492788809,-0.006180674941451462,-0.010430034001668293,0.03804216384887695,-0.002817432278839814,-0.006767961167157695,0.002899833903619886,-0.0034731195795789185,0.18888888888888888,0.8133333333333334,0.1712962962962963,1980,58.0
1,1,3,-2.5505595207214355,0.8111111111111111,random_normmatched,-0.018028732582374855,-0.004827517050283926,0.022433531725848162,0.04832361857096354,-0.007477558588812326,-0.00419281896775043,-0.03207864029675047,-0.0095582059972007,0.18055555555555555,0.8122222222222222,0.1388888888888889,1980,58.0
1,1,3,-2.5505595207214355,0.8111111111111111,random,-0.009225361435501664,-0.0036256048414442274,-0.005817273811057762,0.04149300151401096,-0.00361563274639998,-0.008324389200140437,0.001473096620818552,-0.0015580146549987717,0.18796296296296297,0.8133333333333334,0.1712962962962963,1980,59.0
1,1,3,-2.5505595207214355,0.8111111111111111,random_normmatched,-0.005219766828748915,0.012345985130027489,0.020272336182770904,0.05084975454542372,-0.01925290092845703,-0.0043777803378448376,-0.014712599145492309,-0.012565405957879527,0.18703703703703703,0.8133333333333334,0.16666666666666666,1980,59.0
1,1,3,-2.5505595207214355,0.8111111111111111,random,-0.01336904631720649,-0.008450561099582247,-0.005617228260746708,0.039163683785332574,-0.0051690915751176295,-0.00946239689800742,0.0016186708884882025,-0.005773727919319047,0.18055555555555555,0.81,0.1527777777777778,1980,60.0
1,1,3,-2.5505595207214355,0.8111111111111111,random_normmatched,-0.026696630760475442,-0.024863543333830656,-0.000935293126989294,0.046569497850206164,-0.01586163405861076,0.0011561046917433933,0.007734976274337059,-0.014704442480172466,0.18055555555555555,0.8177777777777778,0.14814814814814814,1980,60.0
1,1,3,-2.5505595207214355,0.8111111111111111,random,-0.001183850676925094,0.0027030485647696035,-0.01758310353314435,0.04078489833407932,0.0004419681621926786,-0.0018730954528021356,0.0073154348600075365,0.0005411095969338496,0.18518518518518517,0.81,0.16666666666666666,1980,61.0
1,1,3,-2.5505595207214355,0.8111111111111111,random_normmatched,0.07289494938320584,0.07595947053697374,-0.05023363431294759,0.04807384173075358,0.05059268366953838,0.06117048672176974,0.029008257822061213,0.04021359650919892,0.18888888888888888,0.8122222222222222,0.1527777777777778,1980,61.0
1,1,3,-2.5505595207214355,0.8111111111111111,random,-0.013359154595269098,-0.015235494684290004,-0.007591789740103262,0.040938437779744465,-0.006424545673638527,-0.006833415118523164,0.00380619921225151,-0.0037930179619109303,0.18425925925925926,0.8133333333333334,0.16666666666666666,1980,62.0
1,1,3,-2.5505595207214355,0.8111111111111111,random_normmatched,-0.07825986367684823,-0.10283115175035265,-0.0008021972797535084,0.056165473726060657,-0.04338146584335183,-0.05525164891698323,-0.010053813651199619,-0.021282167348658447,0.18425925925925926,0.8155555555555556,0.16203703703703703,1980,62.0
1,1,3,-2.5505595207214355,0.8111111111111111,random,-0.0073830869462754994,-0.009131060706244575,-0.01632027096218533,0.03999229007297092,-0.002037048345958952,-0.004652093737837215,0.006318107600874463,-0.001260643456077089,0.18888888888888888,0.8122222222222222,0.16203703703703703,1980,63.0
1,1,3,-2.5505595207214355,0.8111111111111111,random_normmatched,0.009753825929429796,0.03621802506623445,-0.03797301363061976,0.05390097088283963,0.013240278113606004,0.017226216356802597,0.044037846494929686,0.00980168682399362,0.2,0.8133333333333334,0.17592592592592593,1980,63.0
1,1,3,-2.5505595207214355,0.8111111111111111,random,-0.009280805234555845,-0.0023051544472023292,-0.004610273573133681,0.04150332556830512,-0.0044833044124425875,-0.007030277571203178,0.0016685245221732148,-0.0035656678147458635,0.18425925925925926,0.82,0.1574074074074074,1980,64.0
1,1,3,-2.5505595207214355,0.8111111111111111,random_normmatched,-0.014663752803096064,-0.0014604992336697048,-0.03272815633703161,0.050316226747300886,0.007889987021242943,-0.003985528227940278,0.015922038432503408,0.01590500393549349,0.18518518518518517,0.8177777777777778,0.1712962962962963,1980,64.0
1,1,3,-2.5505595207214355,0.8111111111111111,random,-0.0027643804196958188,-0.003418692836055049,-0.0049233171674940325,0.04163030836317274,-0.0008472894490698095,-0.0038998908079780634,0.0010655816346608416,-0.0010834393980113375,0.18703703703703703,0.8133333333333334,0.16666666666666666,1980,65.0
1,1,3,-2.5505595207214355,0.8111111111111111,random_normmatched,0.013628505777429651,0.022734800974527996,0.005558723873562283,0.04787168184916178,0.0009618797820071742,-0.004544268237176386,-0.0055405126072497115,0.0025147536923039024,0.1925925925925926,0.8077777777777778,0.18518518518518517,1980,65.0
1,1,3,-2.5505595207214355,0.8111111111111111,random,-0.004733601322880498,-0.004874229431152344,-0.008409869229352033,0.04012512418958876,-0.0010432106701897099,-0.006075481367542182,0.002757283396152033,-0.0010436896427581355,0.18981481481481483,0.8144444444444444,0.16666666666666666,1980,66.0
1,1,3,-2.5505595207214355,0.8111111111111111,random_normmatched,0.03709680239359538,0.0618657182764124,-0.004276314488163701,0.04719154993693034,0.02705230077190273,0.027994838232787003,-0.0019745079914746345,0.0202519281495889,0.20462962962962963,0.81,0.18055555555555555,1980,66.0
1,1,3,-2.5505595207214355,0.8111111111111111,random,-0.00170710528338397,0.0027229521009657118,-0.015833395498770254,0.04198378880818685,-0.000938777941828096,-0.004018102078270513,0.0026350166756950286,-0.0013606022963893953,0.1925925925925926,0.8122222222222222,0.16666666666666666,1980,67.0
1,1,3,-2.5505595207214355,0.8111111111111111,random_normmatched,0.032083732110482675,0.025691986083984375,-0.05307549900478787,0.054574125077989366,0.036001345246370636,0.01912651963019403,0.017621373671221553,0.024505319196749926,0.22407407407407406,0.81,0.2037037037037037,1980,67.0
1,1,3,-2.5505595207214355,0.8111111111111111,random,0.011110959229645905,0.015848636627197266,-0.021765592363145618,0.04277955691019694,0.004480764336270388,0.009253945866111878,0.009845978343812057,0.005203921905590374,0.18611111111111112,0.8166666666666667,0.16666666666666666,1980,68.0
1,1,3,-2.5505595207214355,0.8111111111111111,random_normmatched,0.04898811976114909,0.07502073711819118,-0.09236421055263944,0.0566251352098253,0.05763800468096136,0.038908829260102876,0.05586221851782956,0.046938738561405596,0.21296296296296297,0.8211111111111111,0.18518518518518517,1980,68.0
1,1,3,-2.5505595207214355,0.8111111111111111,random,-0.012914712340743453,-0.006789437046757451,-0.010581692942866573,0.04231286896599663,-0.005076062425393232,-0.01372278708294857,0.0030838782544980988,-0.00369772162150347,0.18703703703703703,0.8111111111111111,0.16203703703703703,1980,69.0
1,1,3,-2.5505595207214355,0.8111111111111111,random_normmatched,-0.05104259738215694,-0.0521948602464464,-0.02020186671504268,0.048585752911037866,-0.030100018294672275,-0.048185156941878304,0.007535757253488078,-0.01463429643243818,0.18888888888888888,0.8133333333333334,0.1574074074074074,1980,69.0
1,1,3,-2.5505595207214355,0.8111111111111111,random,-0.009133441359908493,0.00035761020801685473,-0.014140745445534035,0.04254364331563314,-0.003059156232794955,-0.005289303764656291,0.0038648344335992027,-0.002250790928635022,0.18611111111111112,0.8122222222222222,0.16666666666666666,1980,70.0
1,1,3,-2.5505595207214355,0.8111111111111111,random_normmatched,-0.017283393718578198,0.0045409732394748265,-0.030385070376925997,0.046408926645914714,-0.0028769153944795045,0.01078604971634016,0.01670900001841462,-0.003942248017419084,0.1787037037037037,0.8144444444444444,0.18518518518518517,1980,70.0
1,1,3,-2.5505595207214355,0.8111111111111111,random,-0.0035546338116681135,-0.0017007191975911458,-0.0077623826486093025,0.04121885193718804,-0.00034599534504749273,-0.008159579980529987,0.003376091955595857,0.0007471905496510567,0.18888888888888888,0.8111111111111111,0.16666666666666666,1980,71.0
1,1,3,-2.5505595207214355,0.8111111111111111,random_normmatched,0.034814748057612664,0.010811858707004122,0.022319329226458514,0.054509656694200305,0.021437146175943493,0.014205829946247408,-0.009520079522115987,0.009578188247906575,0.20092592592592592,0.8088888888888889,0.17592592592592593,1980,71.0
1,1,3,-2.5505595207214355,0.8111111111111111,random,-0.007910629555031105,-0.00756269031100803,-0.01737598489831995,0.044899089601304794,-0.0029735693933178875,-0.004180583854652495,0.004767595477140552,-0.0021941863036527487,0.18518518518518517,0.8144444444444444,0.16666666666666666,1980,72.0
1,1,3,-2.5505595207214355,0.8111111111111111,random_normmatched,-0.013833953716136792,0.0013932475337275752,-0.03717142917491772,0.050985035366482204,-0.010288097714831499,0.023107768542752122,0.027369214046642776,-0.00526480362879855,0.18703703703703703,0.8144444444444444,0.1527777777777778,1980,72.0
1,1,3,-2.5505595207214355,0.8111111111111111,random,-0.004853156760886863,0.005000926830150463,-0.012190338417335793,0.041398439407348636,-0.0014924188228641138,-0.005113856319125658,0.001969206791163673,-0.0006876910356065186,0.18611111111111112,0.8144444444444444,0.16666666666666666,1980,73.0
1,1,3,-2.5505595207214355,0.8111111111111111,random_normmatched,0.005202189198246708,-0.0031450236285174332,-0.048040155128196434,0.04872209654914008,-0.0012246532179222818,0.008002751276439509,0.029021009259719496,0.0014179815167877042,0.19074074074074074,0.8133333333333334,0.18055555555555555,1980,73.0
1,1,3,-2.5505595207214355,0.8111111111111111,random,-0.009678448571099176,-0.0048101213243272566,-0.014938944357412833,0.0435877439710829,-0.0030394574294647474,-0.008631172175304234,0.003928340561917961,-0.003165542879258696,0.19074074074074074,0.81,0.17592592592592593,1980,74.0
1,1,3,-2.5505595207214355,0.8111111111111111,random_normmatched,-0.037441267790617766,-0.03725316789415148,-0.058221672199390555,0.04925247934129503,-0.03500640342664041,-0.029395157604278844,0.04075276341744219,-0.021802187142385642,0.19722222222222222,0.8122222222222222,0.18981481481481483,1980,74.0
1,1,3,-2.5505595207214355,0.8111111111111111,random,-0.00802780787150065,-0.006691102628354673,-0.009538775903207284,0.04493855264451769,-0.0024102769389878946,-0.004772019613074807,0.004540477709761948,-0.00239356162341033,0.18425925925925926,0.8166666666666667,0.16666666666666666,1980,75.0
1,1,3,-2.5505595207214355,0.8111111111111111,random_normmatched,-0.01582374925966616,-0.005609459347195095,-0.02405367780614782,0.05091293758816189,-0.0025911556770249304,-0.00532919343865207,0.006622118343923877,-0.0012625712387802847,0.19444444444444445,0.8144444444444444,0.18981481481481483,1980,75.0
1,1,3,-2.5505595207214355,0.8111111111111111,random,-0.01405684506451642,-0.010544282418710214,-0.009728912070945457,0.04291462262471517,-0.004154595131235875,-0.013781268518653649,0.0034219969958555327,-0.002999401423112038,0.18703703703703703,0.8088888888888889,0.16666666666666666,1980,76.0
1,1,3,-2.5505595207214355,0.8111111111111111,random_normmatched,-0.04441601788556134,-0.05199469460381402,-0.017935752868652344,0.04936237335205078,-0.01962375857361847,-0.04282862437817766,0.007361153906139622,-0.014872392290217062,0.1935185185185185,0.8122222222222222,0.19444444444444445,1980,76.0
1,1,3,-2.5505595207214355,0.8111111111111111,random,-0.012208410545631692,-0.009427547454833984,-0.0014443220915617767,0.039452406565348305,-0.0037080593618983543,-0.015236530894889643,0.0020111457176538493,-0.0033397169257803963,0.18611111111111112,0.8122222222222222,0.16666666666666666,1980,77.0
1,1,3,-2.5505595207214355,0.8111111111111111,random_normmatched,-0.03968816156740542,-0.021184974246554904,0.04139033953348795,0.04962703069051107,-0.017689983378008305,-0.046729704154275284,-0.030222996197750478,-0.009757737703816178,0.18425925925925926,0.8133333333333334,0.16666666666666666,1980,77.0
1,1,3,-2.5505595207214355,0.8111111111111111,random,-0.00998183356391059,-0.004558580893057364,-0.008438936869303386,0.04008800506591797,-0.004219342068346045,-0.007706731759247549,0.0023762464655275963,-0.003973898246133704,0.18611111111111112,0.8122222222222222,0.16203703703703703,1980,78.0
1,1,3,-2.5505595207214355,0.8111111111111111,random_normmatched,-0.024648844754254377,-0.017643857885290076,-0.023062448148374205,0.04763668696085612,-0.012433194502738944,-0.016219133591222352,0.015859402539929845,-0.009301331803326977,0.18425925925925926,0.81,0.18981481481481483,1980,78.0
1,1,3,-2.5505595207214355,0.8111111111111111,random,-0.004424612610428422,-0.007146393811261213,-0.021410104963514538,0.04428409046596951,-0.0008502154997853644,5.173427092987605e-05,0.004564001933682426,-0.0008965660682121202,0.18611111111111112,0.8133333333333334,0.16666666666666666,1980,79.0
1,1,3,-2.5505595207214355,0.8111111111111111,random_normmatched,0.01629005714699074,0.028529714654993127,-0.06577710575527615,0.05474431249830458,0.04153309184829538,0.038285025613991525,0.04500690770366086,0.0252787102461535,0.19722222222222222,0.82,0.18981481481481483,1980,79.0
1,1,3,-2.5505595207214355,0.8111111111111111,random,-0.02955466906229655,-0.02164831867924443,-0.0011204966792353877,0.044951611624823674,-0.015521871398360042,-0.018389549343685814,0.000774118787212081,-0.013144327612157562,0.18611111111111112,0.8144444444444444,0.16666666666666666,1980,80.0
1,1,3,-2.5505595207214355,0.8111111111111111,random_normmatched,-0.13662999824241356,-0.09827315365826642,0.05536087883843316,0.060194534725613064,-0.10498878870356607,-0.06660020203070384,-0.03234745550684491,-0.08350767720807883,0.17592592592592593,0.8122222222222222,0.1712962962962963,1980,80.0
1,1,3,-2.5505595207214355,0.8111111111111111,random,-0.02047985218189381,-0.01746317192360207,0.0005128330654568142,0.04069694413079156,-0.00923412359369179,-0.026449362998882942,0.0018507962334954752,-0.007974590260016925,0.18703703703703703,0.8133333333333334,0.1574074074074074,1980,81.0
1,1,3,-2.5505595207214355,0.8111111111111111,random_normmatched,-0.0845108985900879,-0.0733292367723253,0.07751090438277633,0.05205951478746202,-0.054496977652616074,-0.09944073302804234,-0.048822778364606106,-0.04651524488394759,0.17592592592592593,0.82,0.16666666666666666,1980,81.0
1,1,3,-2.5505595207214355,0.8111111111111111,random,-0.011577604435108326,-0.001415658880163122,-0.002480106000547056,0.0462220033009847,-0.0031888949930939155,-0.013960964170368845,0.001388473452925633,-0.0027372929740989245,0.18703703703703703,0.8066666666666666,0.16666666666666666,1980,82.0
1,1,3,-2.5505595207214355,0.8111111111111111,random_normmatched,0.041491803416499384,0.031742855354591655,-0.021324952443440754,0.05914144727918837,0.008940860284297476,-0.027257356355258274,0.020965256076220386,0.012480411070307326,0.21296296296296297,0.8122222222222222,0.18055555555555555,1980,82.0
1,1,3,-2.5505595207214355,0.8111111111111111,random,-0.01937199698554145,-0.014081478118896484,-0.019109408060709637,0.04460118293762207,-0.008062184204067766,-0.010728241607881562,0.010084988071973257,-0.004944976528504296,0.18425925925925926,0.8111111111111111,0.16203703703703703,1980,83.0
1,1,3,-2.5505595207214355,0.8111111111111111,random_normmatched,-0.06958093289975767,-0.05615536371866862,-0.10748837612293384,0.06067469596862793,-0.03131031457505576,-0.011786149205664802,0.06615692494837777,-0.024099015376094622,0.2111111111111111,0.8155555555555556,0.18981481481481483,1980,83.0
1,1,3,-2.5505595207214355,0.8111111111111111,random,-0.01466581733138473,-0.011437204149034288,-0.013239892323811848,0.042179729673597545,-0.004278599795385078,-0.019810994392028054,0.0045659536227038305,-0.002488627840581052,0.18611111111111112,0.8111111111111111,0.16666666666666666,1980,84.0
1,1,3,-2.5505595207214355,0.8111111111111111,random_normmatched,-0.026479551527235242,-0.03093788358900282,-0.04675313808299877,0.05709905836317274,-0.02395787040701724,-0.058248200819660916,0.012412306751215418,-0.011542707988921048,0.19722222222222222,0.8111111111111111,0.1712962962962963,1980,84.0
1,1,3,-2.5505595207214355,0.8111111111111111,random,-0.00851660481205693,-0.006761762830946181,-0.009880837687739619,0.04054266505771213,-0.0014157450197943217,-0.008682474471785193,0.0029173070340868367,-0.0011214144512874144,0.18796296296296297,0.8144444444444444,0.16666666666666666,1980,85.0
1,1,3,-2.5505595207214355,0.8111111111111111,random_normmatched,-0.005973711720219365,-0.012799598552562573,-0.01603252092997233,0.045829072528415254,-0.007554812767092355,-0.005182589424331692,0.011962253563393931,-0.0009853051871107495,0.1935185185185185,0.8133333333333334,0.1574074074074074,1980,85.0
1,1,3,-2.5505595207214355,0.8111111111111111,random,-0.0034176738173873336,-0.00012078108610930267,-0.015935313260113753,0.04435006671481662,8.023555148027165e-05,-0.0013836946819291776,0.004971113631881397,0.0003671850983857028,0.18703703703703703,0.8166666666666667,0.1712962962962963,1980,86.0
1,1,3,-2.5505595207214355,0.8111111111111111,random_normmatched,0.009905495467009367,0.013514324470802589,-0.06138601126494231,0.054202426274617514,0.00043096536822050785,-0.00387765766947551,0.03841266489658531,0.013965472241608674,0.21481481481481482,0.8133333333333334,0.21296296296296297,1980,86.0
1,1,3,-2.5505595207214355,0.8111111111111111,random,-0.011276729018599899,-0.012106930768048321,-0.007119346548009802,0.037975869708591035,-0.0035813279828335385,-0.010897656608488642,0.002593226358441223,-0.0029584850192844554,0.18611111111111112,0.8122222222222222,0.16666666666666666,1980,87.0
1,1,3,-2.5505595207214355,0.8111111111111111,random_normmatched,-0.03600799949080856,-0.038726894943802444,-0.005304352442423502,0.0473613272772895,-0.017749910330630746,-0.04384462548639396,-0.0041902868486710446,-0.014991973048151645,0.17777777777777778,0.8144444444444444,0.1574074074074074,1980,87.0
1,1,3,-2.5505595207214355,0.8111111111111111,random,-0.0031068236739547166,-0.0018904650652850116,-0.016305116370872216,0.04179600503709581,-0.001796577193283391,-2.4766001941366755e-05,0.0071188884942799645,-0.0010251446770200628,0.18888888888888888,0.8133333333333334,0.16666666666666666,1980,88.0
1,1,3,-2.5505595207214355,0.8111111111111111,random_normmatched,0.0090518350954409,0.03829982545640734,-0.07506323037324128,0.04816555447048611,0.003243324424179839,0.022729844191744737,0.04167886685356355,0.012548614222380267,0.19074074074074074,0.8133333333333334,0.17592592592592593,1980,88.0
1,1,3,-2.5505595207214355,0.8111111111111111,random,-0.005871205859714084,-0.0017465838679560908,-0.011518344172724971,0.03872015847100152,-0.0010551125173538243,-0.007021385463880084,0.003954597859071871,-0.0012564165171163497,0.18981481481481483,0.8144444444444444,0.16666666666666666,1980,89.0
1,1,3,-2.5505595207214355,0.8111111111111111,random_normmatched,-0.020864658002500182,-0.03665856961850767,-0.05551293690999349,0.045996176401774086,-0.02011341034764649,-0.0337033508010447,0.03261257999877716,-0.012528154819792452,0.19444444444444445,0.8133333333333334,0.18518518518518517,1980,89.0
1,1,3,-2.5505595207214355,0.8111111111111111,random,-0.012841920499448423,-0.006464710942021123,-0.00478690641897696,0.03908086140950521,-0.005346608815347667,-0.010026287713649266,0.0030600320094433223,-0.0026588991321194405,0.19074074074074074,0.8133333333333334,0.1712962962962963,1980,90.0
1,1,3,-2.5505595207214355,0.8111111111111111,random_normmatched,-0.0531428301775897,-0.05233971277872721,0.009112029605441623,0.04758437156677246,-0.036678736999600475,-0.043834936602878995,0.0032132653913921946,-0.029433865916585533,0.17407407407407408,0.8122222222222222,0.1574074074074074,1980,90.0
1,1,3,-2.5505595207214355,0.8111111111111111,random,-0.0034113795668990524,-0.006411905641908999,-0.014914546189484772,0.04234347873263889,-0.002094421510593418,-0.007863680526959389,0.004161863709035589,-0.0021056887451907217,0.18981481481481483,0.8122222222222222,0.16666666666666666,1980,91.0
1,1,3,-2.5505595207214355,0.8111111111111111,random_normmatched,0.012387326911643699,0.057479911380343966,-0.028333185337207936,0.04826121966044108,-0.005160211204875761,-0.012138421349083058,0.015213949637267707,-0.006567467640410664,0.2,0.8144444444444444,0.16666666666666666,1980,91.0
1,1,3,-2.5505595207214355,0.8111111111111111,random,-0.004660424479731807,-0.0025013817681206595,-0.010508083414148401,0.03871611595153809,-0.0017235585286769044,-0.0021128503228182265,0.002743132980053003,-0.0013058126388156475,0.18796296296296297,0.8155555555555556,0.16203703703703703,1980,92.0
1,1,3,-2.5505595207214355,0.8111111111111111,random_normmatched,0.001395682935361509,0.018144148367422598,-0.03732820440221716,0.04694243325127496,0.004526619785105716,-0.006469186134237835,0.021972485467621334,0.005686066230197037,0.18425925925925926,0.8155555555555556,0.19444444444444445,1980,92.0
1,1,3,-2.5505595207214355,0.8111111111111111,random,-0.007502488736753111,-0.013283817856400102,-0.013300918649744104,0.03960539182027181,-0.0024875031085985653,-0.0004711687947975434,0.003924525081811598,-0.0015703009877704984,0.18888888888888888,0.8122222222222222,0.16203703703703703,1980,93.0
1,1,3,-2.5505595207214355,0.8111111111111111,random_normmatched,0.026688496271769207,0.011614728856969762,-0.05704833313270852,0.049534016715155706,0.015251985353758647,0.05623794559659283,0.023273975756138612,0.019584848139295122,0.2037037037037037,0.8133333333333334,0.19444444444444445,1980,93.0
1,1,3,-2.5505595207214355,0.8111111111111111,random,-0.010606972376505534,-0.00936640633477105,-0.010703602543583622,0.044424673716227214,-0.003858522846704888,-0.010570141535562877,0.005068400363065392,-0.0012628828368709249,0.19166666666666668,0.81,0.1712962962962963,1980,94.0
1,1,3,-2.5505595207214355,0.8111111111111111,random_normmatched,0.009492775245949074,0.030045421035201463,-0.025572006790726274,0.046445550918579104,0.004659091865113517,0.00042516484622076887,0.012971315847390984,0.01115282858301405,0.19166666666666668,0.81,0.1574074074074074,1980,94.0
1,1,3,-2.5505595207214355,0.8111111111111111,random,-0.007016641122323496,-0.0037734066998517074,-0.010745989834820783,0.042626706229315865,-0.0014033047785390427,-0.004999753234262151,0.004099700687651824,-0.00181427146545938,0.18703703703703703,0.8144444444444444,0.16666666666666666,1980,95.0
1,1,3,-2.5505595207214355,0.8111111111111111,random_normmatched,0.010356164861608435,0.035898155636257596,-0.01561600543834545,0.05198674096001519,0.0095479454556559,0.027286231056998973,0.009959406909646473,0.00961696525330949,0.19444444444444445,0.8088888888888889,0.16203703703703703,1980,95.0
1,1,3,-2.5505595207214355,0.8111111111111111,random,-0.009774803232263636,-0.0016759943079065393,-0.01557659043206109,0.04142724990844727,-0.0030335215786155825,-0.007188408720338363,0.005854434396588059,-0.0021872875178406146,0.18888888888888888,0.8144444444444444,0.1712962962962963,1980,96.0
1,1,3,-2.5505595207214355,0.8111111111111111,random_normmatched,-0.03600858405784324,-0.014351668181242767,-0.0623853913059941,0.04829216745164659,-0.02445271070803664,-0.03200128762473721,0.03224674149800739,-0.016540547523141904,0.1962962962962963,0.8111111111111111,0.18981481481481483,1980,96.0
1,1,3,-2.5505595207214355,0.8111111111111111,random,-0.008484732663189923,-0.007408936818440755,-0.011191687760529695,0.043534540600246856,-0.003878422151576197,-0.005695587868217132,0.003827734789256799,-0.0029286230382181712,0.18518518518518517,0.8133333333333334,0.16666666666666666,1980,97.0
1,1,3,-2.5505595207214355,0.8111111111111111,random_normmatched,-0.010575647707338686,-0.004933145311143663,-0.014890151553683811,0.05018607563442654,-0.01635343673602654,-0.002680209544525711,-0.0022143958801463188,-0.013913656516026062,0.19444444444444445,0.8133333333333334,0.16203703703703703,1980,97.0
1,1,3,-2.5505595207214355,0.8111111111111111,random,-0.0003708256615532769,0.011768923865424262,-0.013806175302576136,0.037567241456773544,-0.0004039323390981227,-0.0009113312964795583,0.007311597080909147,0.00018489362008289429,0.18796296296296297,0.8111111111111111,0.1712962962962963,1980,98.0
1,1,3,-2.5505595207214355,0.8111111111111111,random_normmatched,0.06045243828384964,0.11135325608430086,-0.060198133963125726,0.05173847410413954,0.038504224115882404,0.044867878976579546,0.04081233685522528,0.026866947519696677,0.2222222222222222,0.8111111111111111,0.19444444444444445,1980,98.0
1,1,3,-2.5505595207214355,0.8111111111111111,random,-0.02399753111380118,-0.01879496044582791,-0.009746230090105975,0.03758336491054959,-0.011414268006491248,-0.030057629607900576,0.002690445417200626,-0.00835472833608011,0.18611111111111112,0.81,0.16666666666666666,1980,99.0
1,1,3,-2.5505595207214355,0.8111111111111111,random_normmatched,-0.20493093066745335,-0.21215408819693107,-0.0039439519246419275,0.05480349540710449,-0.13279775415358497,-0.20491723988173255,-0.0010106472794005332,-0.09030244259364803,0.17037037037037037,0.8177777777777778,0.1527777777777778,1980,99.0
1,1,3,-2.5505595207214355,0.8111111111111111,shuffled_labels,0.14882756339179146,0.06236152295713072,-0.09794756924664533,0.5490559694502088,-0.00951816481812746,0.13931812272004282,0.0010043491591754529,-0.03210508973329529,0.26296296296296295,0.74,0.2175925925925926,1980,
1,1,4,-2.5463833808898926,0.7733333333333333,das,2.0016546325683593,1.8506825002034506,-1.785965471903483,0.9552041991551717,1.5671611781142745,1.8608656648721138,1.3466656509334507,1.342970630606581,0.8493333333333334,0.7633333333333333,0.8333333333333334,1350,
1,1,4,-2.5463833808898926,0.7733333333333333,random,0.007773239135742188,-0.007103703816731771,0.0013734563191731771,0.04079992612202962,0.002321851158711067,0.009176328239451045,-0.002223691212733581,0.0011968912187906694,0.22666666666666666,0.7766666666666666,0.3,1350,0.0
1,1,4,-2.5463833808898926,0.7733333333333333,random_normmatched,0.01847661336263021,-0.020166829427083335,-0.01880132039388021,0.05674326737721761,0.013110608383015124,0.004665936575778656,0.007076018567167031,0.00873074054477883,0.22266666666666668,0.77,0.2733333333333333,1350,0.0
1,1,4,-2.5463833808898926,0.7733333333333333,random,-0.011250096638997396,-0.02757738749186198,0.003999196370442709,0.03950820604960124,-0.0037128275366552746,-0.029613980243607303,-0.0013712437325886398,-0.0017003716943554026,0.22933333333333333,0.7716666666666666,0.3,1350,1.0
1,1,4,-2.5463833808898926,0.7733333333333333,random_normmatched,-0.01280078633626302,-0.04828173319498698,-0.0022207717895507814,0.06253135522206624,-0.01069598876055708,-0.043890232626653695,0.0008670316009432477,-0.0028095090698770824,0.23333333333333334,0.7766666666666666,0.32,1350,1.0
1,1,4,-2.5463833808898926,0.7733333333333333,random,-0.010272537231445313,-0.020233866373697916,0.0034531580607096352,0.04063108603159587,-0.004068450145245963,-0.03864946715316839,0.0014944050994576616,-0.0027843055990335397,0.224,0.7783333333333333,0.3,1350,2.0
1,1,4,-2.5463833808898926,0.7733333333333333,random_normmatched,-0.015452486673990885,-0.02034027099609375,0.006807019551595052,0.06505560557047527,-0.019388490377429533,-0.05653903357785076,0.0037999296566637287,-0.0048029249152844655,0.23066666666666666,0.7833333333333333,0.2866666666666667,1350,2.0
1,1,4,-2.5463833808898926,0.7733333333333333,random,0.00767327880859375,-0.00856554667154948,0.003003972371419271,0.039258596102396646,0.003117259299074734,6.37958038262075e-05,0.0010151785476152709,0.0019097042411424065,0.22666666666666666,0.7733333333333333,0.3,1350,3.0
1,1,4,-2.5463833808898926,0.7733333333333333,random_normmatched,0.04896512095133464,0.043376439412434895,-0.007897443135579427,0.06516057968139649,0.040033156941393984,0.023253212073718884,0.0034945874710702175,0.03300806790446921,0.24666666666666667,0.7633333333333333,0.32,1350,3.0
1,1,4,-2.5463833808898926,0.7733333333333333,random,0.0013331502278645833,-0.011833419799804687,8.605702718098959e-05,0.04100256125132243,0.0007788136292385117,-0.0031174395274921,0.0002604597033967249,0.0005184780820840197,0.22666666666666666,0.775,0.3,1350,4.0
1,1,4,-2.5463833808898926,0.7733333333333333,random_normmatched,0.02822331746419271,0.0033968607584635418,-0.016057940165201824,0.06776288509368897,0.01914889525266706,0.010841448101635813,0.012723633189896612,0.014519261855848562,0.23733333333333334,0.7633333333333333,0.3,1350,4.0
1,1,4,-2.5463833808898926,0.7733333333333333,random,0.007227134704589844,-0.007552998860677083,0.001311126708984375,0.03970695654551188,0.0016280233657999111,0.007513979703839316,0.00012256927218669408,0.0009242807427101571,0.228,0.775,0.3,1350,5.0
1,1,4,-2.5463833808898926,0.7733333333333333,random_normmatched,0.020707168579101563,0.007581837972005208,-0.010224497477213542,0.06644762357076009,0.012827640392288701,0.016667681554099707,0.008207672565126696,0.014382972725350624,0.23333333333333334,0.7766666666666666,0.29333333333333333,1350,5.0
1,1,4,-2.5463833808898926,0.7733333333333333,random,0.002552772521972656,-0.011563084920247395,0.0009010569254557292,0.040716304779052734,0.0006205069404451387,-0.010313250083009848,-2.184372507596838e-05,0.00045016324258762344,0.228,0.7733333333333333,0.3,1350,6.0
1,1,4,-2.5463833808898926,0.7733333333333333,random_normmatched,0.010867624918619792,-0.014975357055664062,0.0005806859334309896,0.059055205980936686,0.01597227951489151,0.002761183734090854,-0.0025886347747927693,0.010976151240205413,0.236,0.7866666666666666,0.30666666666666664,1350,6.0
1,1,4,-2.5463833808898926,0.7733333333333333,random,0.00039987691243489583,-0.013201141357421875,0.004800849914550781,0.04290746529897054,-0.00019764538095164567,-0.006578264550293059,-0.0004312262857126814,-0.00044508973643596025,0.224,0.7766666666666666,0.29333333333333333,1350,7.0
1,1,4,-2.5463833808898926,0.7733333333333333,random_normmatched,0.0027296117146809896,-0.007018076578776042,-0.0009663441975911459,0.060505399703979494,0.009381406674954278,-0.014918529371330914,0.0006787697732078732,0.006544359929246361,0.22533333333333333,0.7783333333333333,0.3,1350,7.0
1,1,4,-2.5463833808898926,0.7733333333333333,random,0.001568756103515625,-0.015255762736002603,0.0006985727945963542,0.04206186612447103,9.101211902787247e-05,-0.0008693836821469627,0.0011229851190434413,-0.00015117411899082876,0.22533333333333333,0.7716666666666666,0.29333333333333333,1350,8.0
1,1,4,-2.5463833808898926,0.7733333333333333,random_normmatched,-0.01195983378092448,-0.026980489095052084,-0.014432380676269532,0.0626970116297404,0.007675412841443643,-0.018778760280239677,0.01366136679580861,0.007325142343422236,0.23066666666666666,0.7733333333333333,0.3,1350,8.0
1,1,4,-2.5463833808898926,0.7733333333333333,random,0.021234166463216145,0.004129460652669271,-0.01152502187093099,0.05057938416798909,0.014809710636974862,0.004510192957209046,0.004673549834580779,0.013337963888224521,0.22933333333333333,0.7816666666666666,0.3,1350,9.0
1,1,4,-2.5463833808898926,0.7733333333333333,random_normmatched,0.13237531280517578,0.13716567993164064,-0.10468726857503255,0.10600547154744466,0.10777233987911654,0.08274648030511117,0.085107521640988,0.09244383322194231,0.2733333333333333,0.7683333333333333,0.38,1350,9.0
1,1,4,-2.5463833808898926,0.7733333333333333,random,0.01368608856201172,0.0008081563313802083,-0.0034845072428385418,0.049574201901753746,0.006616464325510822,-0.006276313621932225,0.00176169642737685,0.008294301327088213,0.22666666666666666,0.7783333333333333,0.2866666666666667,1350,10.0
1,1,4,-2.5463833808898926,0.7733333333333333,random_normmatched,0.09079496256510416,0.07439524332682292,-0.05547538757324219,0.10655704339345297,0.10565726615143417,0.043654841663282894,0.04530084173993048,0.08389582064609327,0.27066666666666667,0.7766666666666666,0.3333333333333333,1350,10.0
1,1,4,-2.5463833808898926,0.7733333333333333,random,-0.003363599141438802,-0.017001241048177084,0.005650037129720052,0.03994325319925944,-0.002533098291858344,-0.01423841024209148,-0.0009205463046521502,-0.0009156832172907874,0.22133333333333333,0.775,0.3,1350,11.0
1,1,4,-2.5463833808898926,0.7733333333333333,random_normmatched,0.016410914103190104,0.0008022308349609375,-0.010772692362467447,0.06330753326416015,0.014145260068295662,-0.008159921745971781,0.010131119690234135,0.013386874273053875,0.22533333333333333,0.7816666666666666,0.2866666666666667,1350,11.0
1,1,4,-2.5463833808898926,0.7733333333333333,random,0.003803270975748698,-0.01067365010579427,-0.0025837300618489585,0.03959792931874593,-0.0002120796721731685,-0.003984418948784248,0.0010367317605791207,0.0008698167262378527,0.228,0.7716666666666666,0.3,1350,12.0
1,1,4,-2.5463833808898926,0.7733333333333333,random_normmatched,0.0265242919921875,0.014012578328450521,-0.0232744878133138,0.0638947582244873,-0.0011452566369944228,0.013965273119352356,0.01732440056563804,0.002374726109971825,0.22266666666666668,0.7716666666666666,0.32,1350,12.0
1,1,4,-2.5463833808898926,0.7733333333333333,random,-0.0014641164143880208,-0.021602147420247395,0.000860277811686198,0.04473904132843018,-0.0018035684045523428,-0.008006016559834737,-0.00037571207130665616,-0.00030439629683486015,0.228,0.7733333333333333,0.3,1350,13.0
1,1,4,-2.5463833808898926,0.7733333333333333,random_normmatched,-0.01093804931640625,-0.052422714233398435,-0.018707120259602864,0.05943432490030925,-0.0037064437203955507,-0.014577447442661757,0.014412568009413849,-0.0001454582042801897,0.224,0.765,0.28,1350,13.0
1,1,4,-2.5463833808898926,0.7733333333333333,random,0.007732782999674479,-0.011037623087565104,-0.0020484034220377605,0.04679503599802653,0.0031250563458458066,0.0005354340236864073,0.004339054880828835,0.00277063698496651,0.22666666666666666,0.7783333333333333,0.3,1350,14.0
1,1,4,-2.5463833808898926,0.7733333333333333,random_normmatched,0.03072894032796224,0.01845209757486979,-0.014684827168782551,0.07461387316385905,0.03723713596928743,-0.008121519863663947,0.01524072293846424,0.03366251456223676,0.248,0.7716666666666666,0.31333333333333335,1350,14.0
1,1,4,-2.5463833808898926,0.7733333333333333,random,0.002856061299641927,-0.00027407328287760416,-0.0021640726725260418,0.039751834869384765,0.001403392980429789,-0.004048899829373802,0.0011708236640719052,0.0018184160817995513,0.22933333333333333,0.775,0.3,1350,15.0
1,1,4,-2.5463833808898926,0.7733333333333333,random_normmatched,0.01578746795654297,0.0031346638997395834,0.011607958475748697,0.05951654275258382,0.013744634048046376,0.01283622814293979,-0.004865674622990113,0.009668380224376475,0.232,0.7716666666666666,0.32666666666666666,1350,15.0
1,1,4,-2.5463833808898926,0.7733333333333333,random,0.000100433349609375,-0.01783917744954427,0.0016391245524088542,0.041109897295633954,-0.0008426637462835217,-0.001134001895374837,0.00011363192942308096,-0.00040617030720981306,0.228,0.7716666666666666,0.3,1350,16.0
1,1,4,-2.5463833808898926,0.7733333333333333,random_normmatched,-0.008561833699544271,-0.026650187174479166,-0.011033429463704426,0.05634387493133545,-0.01778557440544683,-0.01926362100404707,0.007846947870407234,-0.010400851072620043,0.23333333333333334,0.7716666666666666,0.3,1350,16.0
1,1,4,-2.5463833808898926,0.7733333333333333,random,-0.003481483459472656,-0.014524129231770834,0.0011600443522135416,0.04272682984670003,-0.001979041491882735,-0.004831341069535034,0.0002074014441105251,-0.0013969768132674966,0.22,0.78,0.2866666666666667,1350,17.0
1,1,4,-2.5463833808898926,0.7733333333333333,random_normmatched,-0.009076499938964843,-0.016761322021484375,-0.014254997253417969,0.06481528282165527,-0.003338268946022345,-0.012465315631971653,0.011974704431012948,0.00023361968893477895,0.23066666666666666,0.7733333333333333,0.2866666666666667,1350,17.0
1,1,4,-2.5463833808898926,0.7733333333333333,random,0.0062567316691080725,-0.0021613311767578127,-0.00416583506266276,0.0416011126836141,0.002659228761894869,0.003464399796449791,0.0033683242051032645,0.004220577703509191,0.22666666666666666,0.7733333333333333,0.3,1350,18.0
1,1,4,-2.5463833808898926,0.7733333333333333,random_normmatched,0.01602215576171875,-0.007809168497721355,-0.014833480834960937,0.06793469746907552,0.01880326283326338,-0.017980484275206588,0.010362181338173418,0.008706095751501618,0.23466666666666666,0.775,0.30666666666666664,1350,18.0
1,1,4,-2.5463833808898926,0.7733333333333333,random,-0.0014739456176757813,-0.008935546875,-0.00028569793701171877,0.042565048535664875,0.0002806785960859578,-0.013243515636908185,0.0033683242051032645,0.0007293324513946858,0.22533333333333333,0.7733333333333333,0.3,1350,19.0
1,1,4,-2.5463833808898926,0.7733333333333333,random_normmatched,0.02098083750406901,0.013509419759114584,-0.026773877461751302,0.05688597361246745,0.01081932618031342,0.009547798289137106,0.024527898833110205,0.004637908769389802,0.23733333333333334,0.7716666666666666,0.32,1350,19.0
1,1,4,-2.5463833808898926,0.7733333333333333,random,0.0018545862833658853,-0.01606040954589844,0.006770329793294271,0.041776016553243,-0.00031194230109553235,-0.002233291962490796,-0.001564574748479151,0.00011830390981492549,0.224,0.7766666666666666,0.29333333333333333,1350,20.0
1,1,4,-2.5463833808898926,0.7733333333333333,random_normmatched,-8.526357014973958e-05,-0.03534601847330729,-0.007765446980794271,0.06728577613830566,-0.016796251829143852,-0.021639874537158477,-0.0015806329059075755,-0.010262364256117186,0.22133333333333333,0.7733333333333333,0.2733333333333333,1350,20.0
1,1,4,-2.5463833808898926,0.7733333333333333,random,-0.0003042271931966146,-0.0132916259765625,0.006762163798014323,0.04549480756123861,0.0019154229935865984,-0.004331788930578378,-0.0027977542238568124,0.0017467041597264558,0.22266666666666668,0.775,0.3,1350,21.0
1,1,4,-2.5463833808898926,0.7733333333333333,random_normmatched,-0.002242197672526042,-0.007155965169270834,-0.004477869669596354,0.05728100617726644,0.003746086609147239,-0.006779500970951416,0.005031372259540858,0.006721713210263213,0.23466666666666666,0.77,0.29333333333333333,1350,21.0
1,1,4,-2.5463833808898926,0.7733333333333333,random,-0.0008465092976888021,-0.01473902384440104,0.004885772705078125,0.04089385827382406,-0.0005613837344523874,-0.011622702443858763,-0.0014728678804510659,7.833284496189252e-05,0.22533333333333333,0.77,0.3,1350,22.0
1,1,4,-2.5463833808898926,0.7733333333333333,random_normmatched,-0.025276410420735678,-0.022623240152994793,0.002554512023925781,0.06469410260518392,-0.012255372363753209,-0.047583400973351675,0.004029513771290202,-0.008415025655299448,0.224,0.77,0.2866666666666667,1350,22.0
1,1,4,-2.5463833808898926,0.7733333333333333,random,0.002777081807454427,-0.013605499267578125,0.0007806218465169271,0.03652698834737142,0.002259870955942172,-0.006859930835249282,0.0009295741622846821,0.0016271960180507306,0.232,0.7683333333333333,0.3,1350,23.0
1,1,4,-2.5463833808898926,0.7733333333333333,random_normmatched,0.02687836710611979,-0.003136316935221354,-0.0012497456868489584,0.062233872413635254,0.015335484785657234,0.011244190053251064,-0.0019570587395391654,0.010979478447889596,0.22,0.77,0.28,1350,23.0
1,1,4,-2.5463833808898926,0.7733333333333333,random,0.0007304712931315104,-0.016964238484700522,-0.005350438435872396,0.039188504219055176,-0.0010421301904723135,-0.008443657668537418,0.0066711532173295215,0.00014102766335965502,0.23066666666666666,0.7716666666666666,0.3,1350,24.0
1,1,4,-2.5463833808898926,0.7733333333333333,random_normmatched,0.025856229146321616,-0.008970845540364583,-0.047734898885091144,0.06125200907389323,0.019135512185565813,0.01352916670028625,0.034619342680602176,0.017748011268578584,0.23333333333333334,0.7716666666666666,0.3,1350,24.0
1,1,4,-2.5463833808898926,0.7733333333333333,random,0.0016112213134765626,-0.011246388753255208,0.0020102081298828127,0.03991394678751627,0.0016186669096746244,0.0008228694067262351,0.0009226266722825545,0.0010626069449038893,0.22666666666666666,0.7716666666666666,0.3,1350,25.0
1,1,4,-2.5463833808898926,0.7733333333333333,random_normmatched,0.01550611114501953,0.0006773122151692709,-0.014642341613769531,0.0747163200378418,-0.000542674455266637,-0.03393868592622272,0.02344291551417939,0.0013991802300131323,0.248,0.7633333333333333,0.34,1350,25.0
1,1,4,-2.5463833808898926,0.7733333333333333,random,0.001437159220377604,-0.016626205444335938,0.0046053314208984375,0.0422093915939331,0.000593315646181703,-0.0023220609810394137,0.0005120812142838092,0.0002966380595542281,0.22666666666666666,0.7766666666666666,0.3,1350,26.0
1,1,4,-2.5463833808898926,0.7733333333333333,random_normmatched,0.011412226359049479,-0.0025634002685546876,0.007922035217285156,0.06323043346405029,0.0073432586489959595,-0.00276133211619294,0.003414174229373858,0.004553294771814333,0.24666666666666667,0.7716666666666666,0.3333333333333333,1350,26.0
1,1,4,-2.5463833808898926,0.7733333333333333,random,-0.00012034352620442709,-0.024638849894205728,-0.0017372894287109376,0.039703445434570314,-0.0008788574852691501,-0.01722517774128162,0.0028568741428465147,0.0003643351854905312,0.22533333333333333,0.7766666666666666,0.3,1350,27.0
1,1,4,-2.5463833808898926,0.7733333333333333,random_normmatched,0.008919057210286458,-0.03139218648274739,-0.010599291483561198,0.05959258874257405,0.005857394879120921,-0.016098849998858356,0.01296643520509483,0.00592634112932713,0.21866666666666668,0.7716666666666666,0.29333333333333333,1350,27.0
1,1,4,-2.5463833808898926,0.7733333333333333,random,0.016305638631184897,-1.6682942708333332e-05,-0.003787803649902344,0.04890754381815592,0.008977771006223004,-0.0047793832836473754,0.0026502448809425216,0.0066436966500580084,0.228,0.7733333333333333,0.3,1350,28.0
1,1,4,-2.5463833808898926,0.7733333333333333,random_normmatched,0.06675170135498047,0.06400474548339843,-0.04748651377360026,0.07696253458658854,0.04710663777211084,0.025649776503144654,0.01378840473937711,0.03755364586857608,0.25733333333333336,0.7716666666666666,0.36666666666666664,1350,28.0
1,1,4,-2.5463833808898926,0.7733333333333333,random,0.003054217020670573,-0.013743031819661458,0.007725168863932291,0.040551433563232424,0.003023171550514024,-0.006131283983834572,-0.00045653385408773913,0.0010822502794638744,0.224,0.775,0.29333333333333333,1350,29.0
1,1,4,-2.5463833808898926,0.7733333333333333,random_normmatched,0.012971417744954427,-0.013277486165364583,0.03019959004720052,0.06790273348490397,0.01720964163311094,0.0068608285717887746,-0.022380643051686137,0.014094247388740525,0.23333333333333334,0.7683333333333333,0.30666666666666664,1350,29.0
1,1,4,-2.5463833808898926,0.7733333333333333,random,0.0019399439493815104,-0.008848673502604166,-0.004095596313476562,0.045919488271077474,-0.0015506797684748956,0.004492902916787426,0.003317426476015962,-0.0009885899019230287,0.228,0.77,0.3,1350,30.0
1,1,4,-2.5463833808898926,0.7733333333333333,random_normmatched,-0.01758771006266276,-0.020113817850748696,-0.05422580210367839,0.06194466908772787,-0.01843585946964598,-0.01535812858013936,0.03720423254938934,-0.01267877885464926,0.23333333333333334,0.7783333333333333,0.31333333333333335,1350,30.0
1,1,4,-2.5463833808898926,0.7733333333333333,random,-0.003582354227701823,-0.01626640319824219,0.004662340799967448,0.03920758883158366,-0.0034753495717935548,-0.009612172634701491,-0.004117777324261069,-0.00220131620842181,0.224,0.7716666666666666,0.3,1350,31.0
1,1,4,-2.5463833808898926,0.7733333333333333,random_normmatched,-0.030338406880696615,-0.058944168090820315,0.011907582600911458,0.06284936745961507,-0.01924934906842347,-0.03046523849103995,-0.01287390140471401,-0.01711912059548775,0.22933333333333333,0.7716666666666666,0.32,1350,31.0
1,1,4,-2.5463833808898926,0.7733333333333333,random,0.002823071797688802,-0.015130742390950521,0.005606834411621094,0.03901355902353922,0.0014261445524222632,-0.000989408346263481,-0.00030131612745895624,0.0011676242579165522,0.224,0.7716666666666666,0.3,1350,32.0
1,1,4,-2.5463833808898926,0.7733333333333333,random_normmatched,0.015730244954427083,0.018016560872395834,-0.024661163330078124,0.06168346405029297,0.012839741599654213,0.0070944013810015525,0.018859872230591098,0.008438591028408705,0.23066666666666666,0.775,0.3,1350,32.0
1,1,4,-2.5463833808898926,0.7733333333333333,random,-0.0048134994506835935,-0.015010579427083334,0.01153887430826823,0.03735975424448649,-0.0003691589537838656,-0.034865654020615824,-0.0037425824501147384,0.0006398531522539262,0.224,0.7716666666666666,0.3,1350,33.0
1,1,4,-2.5463833808898926,0.7733333333333333,random_normmatched,-0.024129015604654948,-0.022200520833333334,0.06380804443359375,0.07666641076405843,-0.004238663650298091,-0.10101514545274787,-0.04347739243331495,0.01637990460663557,0.208,0.78,0.3,1350,33.0
1,1,4,-2.5463833808898926,0.7733333333333333,random,0.001006268819173177,-0.006945063273111979,-0.0032194366455078126,0.044123907089233395,-0.00016257126604978745,-0.012985574625234026,0.0023711783377261732,0.0006831500588542765,0.22666666666666666,0.775,0.3,1350,34.0
1,1,4,-2.5463833808898926,0.7733333333333333,random_normmatched,0.040677230834960935,0.024999542236328123,-0.07405155690511067,0.07161768754323324,0.01745446890172261,0.0117600803386923,0.05673470713981267,0.02966133176217718,0.23733333333333334,0.77,0.29333333333333333,1350,34.0
1,1,4,-2.5463833808898926,0.7733333333333333,random,0.0029532623291015623,-0.01052843729654948,-0.00026630655924479165,0.043137006759643555,-0.0006176318611891497,-0.01794291274296802,0.002059419125386849,0.0006174340935880405,0.22666666666666666,0.775,0.3,1350,35.0
1,1,4,-2.5463833808898926,0.7733333333333333,random_normmatched,0.03920625813802083,0.026855748494466147,-0.02597613271077474,0.07233921051025391,0.024822463071336225,-0.02508390428399922,0.018262866968593004,0.03357146348268901,0.236,0.7783333333333333,0.30666666666666664,1350,35.0
1,1,4,-2.5463833808898926,0.7733333333333333,random,-0.004264368693033854,-0.014640172322591146,-3.3721923828125e-06,0.04321173032124837,-0.0026837434986031103,-0.0368296632418311,0.0001437420952375605,-0.0003496509578870645,0.22133333333333333,0.7766666666666666,0.29333333333333333,1350,36.0
1,1,4,-2.5463833808898926,0.7733333333333333,random_normmatched,-0.01709326680501302,-0.012615865071614583,-0.03688331095377604,0.06314754645029703,-0.01810626371547019,-0.05471782684652839,0.02877110258525705,-0.015641482036919143,0.228,0.7766666666666666,0.28,1350,36.0
1,1,4,-2.5463833808898926,0.7733333333333333,random,0.010626070658365886,0.0017515818277994792,-0.0009598032633463541,0.042235093116760256,0.005969890063262158,0.037892778592005134,-0.00018549798305680877,0.0018618708351639725,0.22533333333333333,0.7666666666666667,0.29333333333333333,1350,37.0
1,1,4,-2.5463833808898926,0.7733333333333333,random_normmatched,0.032743204752604164,0.0011834971110026042,-0.05222623697916667,0.08198790550231934,0.033356983747215574,0.07492872799410454,0.0421387300440506,0.022672681163518046,0.244,0.7633333333333333,0.29333333333333333,1350,37.0
1,1,4,-2.5463833808898926,0.7733333333333333,random,0.0010463587443033855,-0.012722218831380208,0.0008436457316080729,0.039355525970458986,0.0011118588695549201,0.004922687961898329,0.0011162143513819842,0.001149462601389558,0.22266666666666668,0.775,0.3,1350,38.0
1,1,4,-2.5463833808898926,0.7733333333333333,random_normmatched,-0.031093528747558594,-0.016262715657552083,0.010250495910644532,0.059285723368326826,-0.024760301726217425,-0.030355356304947848,-0.010119007299497725,-0.016425247845038852,0.22,0.77,0.28,1350,38.0
1,1,4,-2.5463833808898926,0.7733333333333333,random,-0.008159993489583333,-0.01731951395670573,0.003756670633951823,0.04718509038289388,-0.0034818897771093597,-0.009380680377673633,-0.001537798245348174,-0.0005803031165582883,0.22533333333333333,0.775,0.3,1350,39.0
1,1,4,-2.5463833808898926,0.7733333333333333,random_normmatched,-0.038026486714680986,-0.04067235310872396,-0.014712267557779948,0.09199195384979247,-0.03143669751062749,-0.05149301968742286,-0.0020467570396182373,-0.009771068622831483,0.216,0.7816666666666666,0.28,1350,39.0
1,1,4,-2.5463833808898926,0.7733333333333333,random,0.006895891825358073,-0.004026667277018229,0.002981188456217448,0.042249722480773924,0.0032027928909808554,-0.005305367975682496,-0.0029812421932909443,0.00455385670041254,0.22266666666666668,0.7733333333333333,0.29333333333333333,1350,40.0
1,1,4,-2.5463833808898926,0.7733333333333333,random_normmatched,0.030156036376953126,0.03354413350423177,-0.011884140014648438,0.07124722639719645,0.04321060881723325,-0.022924863572064594,0.0072086053204799445,0.05239985540731659,0.228,0.78,0.3333333333333333,1350,40.0
1,1,4,-2.5463833808898926,0.7733333333333333,random,0.001104296366373698,-0.017124481201171875,0.0011973419189453124,0.043826627731323245,0.0007086439802170223,-0.008977576954902039,0.0010290711810674524,0.0010041805563450056,0.21866666666666668,0.775,0.28,1350,41.0
1,1,4,-2.5463833808898926,0.7733333333333333,random_normmatched,0.016131019592285155,-0.0050128173828125,-0.006967160542805989,0.05861477533976237,0.005924181489023546,-0.02412027581325438,0.012372090195788953,0.005021970287674598,0.22133333333333333,0.7783333333333333,0.26666666666666666,1350,41.0
1,1,4,-2.5463833808898926,0.7733333333333333,random,0.006186943054199218,-0.010301411946614583,0.002378252665201823,0.04301096121470133,0.0013535673194581637,-0.0010891995512392362,-2.9365554794728788e-05,0.001261122189060489,0.23066666666666666,0.7733333333333333,0.3,1350,42.0
1,1,4,-2.5463833808898926,0.7733333333333333,random_normmatched,0.04349402364095052,0.0560602060953776,-0.015182263692220052,0.07273550192515055,0.024437503989895026,0.008661245234334283,0.008119312610737447,0.011483677169778784,0.24533333333333332,0.7683333333333333,0.32,1350,42.0
1,1,4,-2.5463833808898926,0.7733333333333333,random,-0.0038676605224609376,-0.014468994140625,-0.0020080235799153647,0.038797766367594404,-0.002636961217976676,-0.010657564466212665,0.0019547245387273814,-0.0012813808437027057,0.224,0.7816666666666666,0.3,1350,43.0
1,1,4,-2.5463833808898926,0.7733333333333333,random_normmatched,-0.009508677164713542,-0.0019541422526041666,-0.020516146341959637,0.0617130454381307,-0.007617228038332776,0.0015766403003357112,0.019174497419421177,-0.0027322229720412867,0.22533333333333333,0.7816666666666666,0.29333333333333333,1350,43.0
1,1,4,-2.5463833808898926,0.7733333333333333,random,0.005669189453125,-0.008827489217122396,0.004868171691894531,0.043577224413553876,0.0034813872400661747,0.004335366380116034,-0.0014486912900652466,0.0016851479584116898,0.228,0.7683333333333333,0.3,1350,44.0
1,1,4,-2.5463833808898926,0.7733333333333333,random_normmatched,0.0041871744791666665,-0.0023812103271484376,0.014399197896321615,0.0694874095916748,0.008182220881563347,0.008428738374910302,0.0006217837036970835,0.007662133664846408,0.232,0.765,0.32666666666666666,1350,44.0
1,1,4,-2.5463833808898926,0.7733333333333333,random,0.0034788233439127605,-0.00407562255859375,-0.0008084360758463542,0.04163889567057292,0.003539859234066857,-0.012825989732068313,0.004099686801994528,0.003649180166314502,0.228,0.7716666666666666,0.3,1350,45.0
1,1,4,-2.5463833808898926,0.7733333333333333,random_normmatched,0.036747461954752605,0.0029263814290364583,-0.051514600118001304,0.06616985479990642,0.01378010577823947,0.014931661405909744,0.030147938115232805,0.018692269463438042,0.23333333333333334,0.7716666666666666,0.29333333333333333,1350,45.0
1,1,4,-2.5463833808898926,0.7733333333333333,random,0.004142430623372396,-0.010020650227864584,0.0011092605590820313,0.040096500714619954,-5.10705300777892e-06,0.00023118414154164787,0.0007443529758837775,0.00047833983856236987,0.224,0.7766666666666666,0.2866666666666667,1350,46.0
1,1,4,-2.5463833808898926,0.7733333333333333,random_normmatched,-0.00030822245279947915,-0.02751635233561198,0.022479777018229168,0.06485570748647054,0.0016618396085089384,-0.003601109108999496,-0.008490983933697812,0.001903140340687581,0.232,0.77,0.2866666666666667,1350,46.0
1,1,4,-2.5463833808898926,0.7733333333333333,random,-0.0015239461263020834,-0.011031265258789063,0.007851160685221355,0.039043267567952476,-0.000592936142854937,-0.0011681639825204778,-0.0016708713455117043,-0.0002751524803328511,0.22133333333333333,0.7716666666666666,0.29333333333333333,1350,47.0
1,1,4,-2.5463833808898926,0.7733333333333333,random_normmatched,-0.01696924082438151,-0.04320933024088542,0.00203387451171875,0.058700909614562986,-0.006692792966694274,-0.025323765891272595,-0.00484531654113025,-0.005269359828691273,0.22933333333333333,0.775,0.30666666666666664,1350,47.0
1,1,4,-2.5463833808898926,0.7733333333333333,random,0.008293706258138021,-0.004973983764648438,-0.016276351928710936,0.043364458084106446,0.004564500931397878,0.010441541817030919,0.016180420691895563,0.0026864320461493863,0.232,0.775,0.3,1350,48.0
1,1,4,-2.5463833808898926,0.7733333333333333,random_normmatched,0.061752479553222654,0.008090540568033855,-0.08897782389322917,0.07449955463409424,0.03090729877246536,0.02517991013181498,0.06721009434562253,0.03401226743593106,0.2826666666666667,0.7683333333333333,0.3333333333333333,1350,48.0
1,1,4,-2.5463833808898926,0.7733333333333333,random,0.005946866353352865,-0.005283406575520833,0.0038767064412434894,0.040929956436157225,0.001467898325105075,0.0007826335452993185,-0.00036898457981202694,0.00119583082654511,0.22666666666666666,0.7683333333333333,0.3,1350,49.0
1,1,4,-2.5463833808898926,0.7733333333333333,random_normmatched,0.018509981791178385,-0.01328320821126302,0.0008541895548502605,0.06150352795918783,0.01152519116452959,0.0016969548451606334,-0.003960069301212771,0.011444321677227153,0.232,0.78,0.3,1350,49.0
1,1,4,-2.5463833808898926,0.7733333333333333,random,-0.001344866434733073,-0.014409917195638021,0.00925671895345052,0.039062727292378745,-0.001618070421495534,-0.010494267729946204,-0.0021502481556585134,-9.436949885164478e-05,0.22666666666666666,0.7716666666666666,0.29333333333333333,1350,50.0
1,1,4,-2.5463833808898926,0.7733333333333333,random_normmatched,-0.008083053588867187,-0.016703440348307293,0.008023790995279948,0.07187660694122315,-0.006579967781015115,-0.012718676995869135,-0.015041589087311827,-0.007779858621685588,0.21466666666666667,0.775,0.31333333333333335,1350,50.0
1,1,4,-2.5463833808898926,0.7733333333333333,random,0.002752772013346354,-0.010981318155924479,0.0003844731648763021,0.03860027154286703,0.00028206809408638333,0.003491790465295394,0.0008468990312593629,0.00027488513124920085,0.22133333333333333,0.7783333333333333,0.2866666666666667,1350,51.0
1,1,4,-2.5463833808898926,0.7733333333333333,random_normmatched,0.02204521179199219,0.0054571533203125,-0.026268651326497396,0.06796414534250896,0.003073412118188751,0.03912389376147412,0.014561484888429644,0.0008560756482308211,0.22933333333333333,0.7716666666666666,0.29333333333333333,1350,51.0
1,1,4,-2.5463833808898926,0.7733333333333333,random,0.000800219217936198,-0.015813573201497396,-0.005585627237955729,0.039123727480570476,-0.0005405147221655326,0.0034192182356514054,0.004129315969959928,-0.0007250094046031257,0.228,0.7716666666666666,0.3,1350,52.0
1,1,4,-2.5463833808898926,0.7733333333333333,random_normmatched,0.0016852467854817708,-0.015775731404622396,-0.015594874064127604,0.05624274094899495,0.0002853719118212488,0.005514199979063116,0.01596435645232156,0.0027341376437343056,0.24133333333333334,0.7683333333333333,0.30666666666666664,1350,52.0
1,1,4,-2.5463833808898926,0.7733333333333333,random,0.002756444295247396,-0.009897079467773438,-0.0037925440470377605,0.03817730903625488,0.002118984450648939,6.771586082825435e-05,0.0008934083556071067,0.00265080200468587,0.22933333333333333,0.7733333333333333,0.3,1350,53.0
1,1,4,-2.5463833808898926,0.7733333333333333,random_normmatched,0.018255104064941408,0.01048614501953125,-0.07592436981201171,0.0749544366200765,0.03533076565682005,0.022911751538050865,0.04577701162401921,0.027511710499923306,0.22666666666666666,0.775,0.2733333333333333,1350,53.0
1,1,4,-2.5463833808898926,0.7733333333333333,random,0.00010225423177083333,-0.01457122802734375,0.0028031514485677084,0.04188991228739421,0.00036178297017775806,-0.009254587388769045,-4.3409950566120816e-05,0.00048173835139289,0.228,0.7716666666666666,0.3,1350,54.0
1,1,4,-2.5463833808898926,0.7733333333333333,random_normmatched,0.03620446523030599,0.015511245727539062,-0.021350351969401042,0.06849194844563802,0.03272827830940205,0.006109848087524744,0.006931510775122775,0.03357277157758258,0.24266666666666667,0.775,0.34,1350,54.0
1,1,4,-2.5463833808898926,0.7733333333333333,random,0.0005892435709635417,-0.011074676513671874,0.0040476710001627605,0.04114031950632731,8.519052779627668e-05,-0.002133461039393346,-7.485164900229477e-05,9.409649385675756e-05,0.22533333333333333,0.7683333333333333,0.3,1350,55.0
1,1,4,-2.5463833808898926,0.7733333333333333,random_normmatched,-0.0020358022054036457,-0.019739913940429687,-0.009804682413736979,0.0649938170115153,-0.003899004333318828,-0.005960261251868601,0.012790275523267119,0.0003496588177596406,0.22666666666666666,0.7683333333333333,0.3,1350,55.0
1,1,4,-2.5463833808898926,0.7733333333333333,random,-0.005661811828613281,-0.015340677897135417,0.0027444127400716146,0.04302750746409098,-0.0016685680090094876,-0.022328243139327505,-0.00031888979109766,-0.00039292051713409997,0.22533333333333333,0.7716666666666666,0.3,1350,56.0
1,1,4,-2.5463833808898926,0.7733333333333333,random_normmatched,-0.03276193237304687,-0.031733500162760414,-0.011864166259765625,0.08119824091593425,-0.024910005024222012,-0.0673844554511521,-0.023678851270566962,-0.017287495784933177,0.232,0.7666666666666667,0.3,1350,56.0
1,1,4,-2.5463833808898926,0.7733333333333333,random,-0.0014924672444661458,-0.01670588175455729,-0.001112444559733073,0.04390345573425293,-0.0010241624285676184,-0.0012484699877293851,-5.234729332973393e-05,-0.00016114240686011068,0.224,0.7833333333333333,0.2733333333333333,1350,57.0
1,1,4,-2.5463833808898926,0.7733333333333333,random_normmatched,-0.024862279256184897,-0.04202130635579427,-0.0029030278523763022,0.06664674599965413,-0.009388155595203168,-0.004353631455039519,0.0006892589345627977,-0.003752202410317852,0.23333333333333334,0.775,0.29333333333333333,1350,57.0
1,1,4,-2.5463833808898926,0.7733333333333333,random,-0.002574292500813802,-0.022401580810546873,0.005732287089029948,0.03939286867777506,0.001278715670455869,-0.010121361230322194,-0.0006640492423094388,-9.610952380063713e-05,0.224,0.7733333333333333,0.29333333333333333,1350,58.0
1,1,4,-2.5463833808898926,0.7733333333333333,random_normmatched,0.005182278951009115,-0.030497385660807293,0.01191620127360026,0.06917251586914062,0.013651123105180657,-0.005373472569072371,-0.0072826979403278575,0.004362468139522324,0.22933333333333333,0.7766666666666666,0.25333333333333335,1350,58.0
1,1,4,-2.5463833808898926,0.7733333333333333,random,0.009099258422851562,-0.0004285176595052083,-0.004285911560058594,0.04655836423238118,0.003837950335345858,-0.016410308238119245,0.0021254749497943287,0.002682454873118743,0.22666666666666666,0.775,0.3,1350,59.0
1,1,4,-2.5463833808898926,0.7733333333333333,random_normmatched,0.09504320271809896,0.0770031483968099,-0.07238892110188802,0.08966703573862711,0.07434592416074162,0.01270303654588268,0.04344358519906104,0.06916637067646908,0.2733333333333333,0.7716666666666666,0.36,1350,59.0
1,1,4,-2.5463833808898926,0.7733333333333333,random,-0.0009717661539713542,-0.016823527018229166,0.011821683247884114,0.04443374315897624,-0.0006009578851840433,-0.0024553622267057826,-0.0025233283687727693,-0.00037655494333630087,0.22933333333333333,0.7683333333333333,0.3,1350,60.0
1,1,4,-2.5463833808898926,0.7733333333333333,random_normmatched,-0.0066516443888346355,-0.04188835144042969,0.015736277262369792,0.06386152426401774,-0.009175456718160517,-0.0212448785260232,-0.011006213661370653,-0.008415234903522565,0.22666666666666666,0.7683333333333333,0.2866666666666667,1350,60.0
1,1,4,-2.5463833808898926,0.7733333333333333,random,0.006007771809895833,-0.013157221476236979,0.0059459381103515625,0.039002572695414225,0.0007989613502446819,0.002018225816127029,-0.0014554991554457466,0.0007247074962992049,0.22666666666666666,0.7716666666666666,0.3,1350,61.0
1,1,4,-2.5463833808898926,0.7733333333333333,random_normmatched,0.048786969502766925,0.010993245442708334,0.006205533345540365,0.06268142223358154,0.027104368833232497,0.054133353733526464,0.01032773794498092,0.02242859860530185,0.24666666666666667,0.7633333333333333,0.32666666666666666,1350,61.0
1,1,4,-2.5463833808898926,0.7733333333333333,random,-0.00424407958984375,-0.017719573974609375,0.009687716166178386,0.03918360074361165,-0.0020958068780672742,-0.014260386137951856,-0.003609915805105537,-0.0023171252996848184,0.22533333333333333,0.7733333333333333,0.3,1350,62.0
1,1,4,-2.5463833808898926,0.7733333333333333,random_normmatched,-0.047347381591796876,-0.0630877939860026,0.05169324239095052,0.06492657661437988,-0.03417669225386013,-0.07547507088285815,-0.03526337500379941,-0.02477407397386293,0.21333333333333335,0.7716666666666666,0.29333333333333333,1350,62.0
1,1,4,-2.5463833808898926,0.7733333333333333,random,-0.002762095133463542,-0.014495925903320312,0.004055742899576823,0.03851306120554606,-0.0018744100437657982,-0.0005761192581621799,-0.000709338729217235,-0.0005285284391103601,0.22533333333333333,0.775,0.3,1350,63.0
1,1,4,-2.5463833808898926,0.7733333333333333,random_normmatched,-0.053377291361490886,-0.06724985758463542,-0.032139368693033854,0.054190991719563805,-0.04281807563211303,-0.048909163620172176,0.02255019255584782,-0.040167392774742995,0.22266666666666668,0.7783333333333333,0.26666666666666666,1350,63.0
1,1,4,-2.5463833808898926,0.7733333333333333,random,-0.011682083129882812,-0.026559346516927082,0.005023338317871094,0.041885093053181964,-0.004921391259615676,-0.027394803660288354,-0.00017465384767202113,-0.001854462198956401,0.224,0.7766666666666666,0.3,1350,64.0
1,1,4,-2.5463833808898926,0.7733333333333333,random_normmatched,-0.03515694681803386,-0.0963227081298828,-0.014057177225748698,0.07266423702239991,-0.041803047342802185,-0.036478893163120064,-0.006904801496513605,-0.024156552737202526,0.22266666666666668,0.775,0.2733333333333333,1350,64.0
1,1,4,-2.5463833808898926,0.7733333333333333,random,-0.009259373982747395,-0.021434046427408853,-0.009956036885579427,0.04185699780782064,-0.0032653203010000044,-0.004452266073612219,0.0066570849200387324,-0.0008859575024815343,0.22666666666666666,0.775,0.3,1350,65.0
1,1,4,-2.5463833808898926,0.7733333333333333,random_normmatched,-0.04906634012858073,-0.06997306823730469,-0.0706331787109375,0.05883279323577881,-0.02986309102514557,-0.030975338367066067,0.05491512484098451,-0.022101717196614905,0.23066666666666666,0.7766666666666666,0.29333333333333333,1350,65.0
1,1,4,-2.5463833808898926,0.7733333333333333,random,0.007286534627278646,-0.0077581024169921875,0.009505449930826823,0.038889799118041996,0.0018355268585621301,0.004033470952074708,-0.0005083674494739186,0.0008011444398566161,0.22533333333333333,0.7766666666666666,0.3,1350,66.0
1,1,4,-2.5463833808898926,0.7733333333333333,random_normmatched,0.020033531188964844,0.004423726399739584,0.01858299763997396,0.05885217030843099,0.019597097354413298,0.008745717145380328,-0.005358575368412031,0.010063329482001122,0.23333333333333334,0.7733333333333333,0.31333333333333335,1350,66.0
1,1,4,-2.5463833808898926,0.7733333333333333,random,-0.008107747395833333,-0.021509806315104168,-0.0007006963094075521,0.04413934071858724,-0.006194880431544632,-0.010513329140636936,-0.001105676976184136,-0.002486606290642873,0.228,0.7783333333333333,0.29333333333333333,1350,67.0
1,1,4,-2.5463833808898926,0.7733333333333333,random_normmatched,-0.044220423380533856,-0.0502380116780599,-0.014208900451660155,0.05785956859588623,-0.04845552686350636,-0.03289498390782351,0.015631952857084703,-0.032970417687785414,0.21866666666666668,0.7733333333333333,0.2866666666666667,1350,67.0
1,1,4,-2.5463833808898926,0.7733333333333333,random,-0.002767809549967448,-0.017694676717122396,0.0020840708414713543,0.04138290882110596,-0.0027999418115147927,-0.0032884753583080116,-0.0003560527187382846,-0.0008455799277525058,0.224,0.775,0.28,1350,68.0
1,1,4,-2.5463833808898926,0.7733333333333333,random_normmatched,-0.004546051025390625,-0.034930521647135414,-0.004928001403808594,0.057108710606892904,-0.0069714916190216835,-0.018898010599728374,0.009404815831458186,-0.002647865895866152,0.22133333333333333,0.775,0.26666666666666666,1350,68.0
1,1,4,-2.5463833808898926,0.7733333333333333,random,0.006172393798828125,-0.009449691772460937,-0.0044476547241210935,0.0444931157430013,0.0020721867579062965,-0.0011127566039114273,0.0020863312476389387,0.0026701206229588813,0.232,0.7716666666666666,0.3,1350,69.0
1,1,4,-2.5463833808898926,0.7733333333333333,random_normmatched,0.031198026021321615,0.034390157063802086,-0.012759231567382812,0.06222010612487793,0.019015280135823428,0.011707930426037197,0.020740616959631978,0.025760854992243013,0.24933333333333332,0.7583333333333333,0.32666666666666666,1350,69.0
1,1,4,-2.5463833808898926,0.7733333333333333,random,-0.0038443883260091145,-0.016289113362630208,0.0021797815958658853,0.03793912569681803,0.0005477314350842891,-0.0011691932681161296,0.00025983612607957484,0.000340604876061207,0.22533333333333333,0.7766666666666666,0.29333333333333333,1350,70.0
1,1,4,-2.5463833808898926,0.7733333333333333,random_normmatched,-0.06211552937825521,-0.0683574930826823,-0.002920763651529948,0.06659561634063721,-0.05318650971128837,-0.0630310288218835,-0.006559670640313304,-0.03675825208394686,0.22,0.77,0.2733333333333333,1350,70.0
1,1,4,-2.5463833808898926,0.7733333333333333,random,5.14678955078125e-05,-0.010348612467447917,0.005854291280110677,0.040609305699666344,-0.00019036122605829811,-0.008807695973275772,-0.0014284370714232573,9.346369788378902e-05,0.224,0.775,0.3,1350,71.0
1,1,4,-2.5463833808898926,0.7733333333333333,random_normmatched,0.039652669270833336,0.04363385518391927,-0.01964947255452474,0.0608331839243571,0.030072905223209826,0.016635550945761322,0.012295230116227749,0.0267850308745632,0.236,0.7733333333333333,0.32,1350,71.0
1,1,4,-2.5463833808898926,0.7733333333333333,random,-0.002117479960123698,-0.014528350830078125,0.00383831787109375,0.03966692447662354,-0.0008912239830995099,-0.006803840742298476,0.0008239723142523416,1.9198054597134158e-05,0.22266666666666668,0.7766666666666666,0.3,1350,72.0
1,1,4,-2.5463833808898926,0.7733333333333333,random_normmatched,-0.05300488535563151,-0.08115188598632812,-0.016970555623372397,0.057976088523864745,-0.030183927460175366,-0.048330795868422524,0.01502802794656489,-0.02326332966008307,0.22,0.7766666666666666,0.26666666666666666,1350,72.0
1,1,4,-2.5463833808898926,0.7733333333333333,random,0.0005786539713541666,-0.01070813496907552,0.0026371358235677085,0.03900742053985596,5.6969418017446886e-05,-0.009801543372048192,0.000491882292150639,0.0018202759079624274,0.22666666666666666,0.775,0.3,1350,73.0
1,1,4,-2.5463833808898926,0.7733333333333333,random_normmatched,-0.010475786844889323,-0.03157506306966146,-0.015457806905110677,0.052704690297444665,-0.013666663580335654,-0.02334967271248812,0.011542559889534908,-0.002837840340232212,0.228,0.7733333333333333,0.2866666666666667,1350,73.0
1,1,4,-2.5463833808898926,0.7733333333333333,random,0.009651967366536458,0.0002410888671875,0.002218012491861979,0.04254655520121257,0.002806918672261937,0.006466575238365799,-0.0012256927218669406,0.0026159355960046243,0.224,0.775,0.3,1350,74.0
1,1,4,-2.5463833808898926,0.7733333333333333,random_normmatched,0.027441251118977866,0.0025970204671223957,-0.013370592753092448,0.06426060358683268,0.026270543945045355,0.0019947050488430093,0.011422083842223867,0.030681015562988863,0.236,0.7733333333333333,0.3,1350,74.0
1,1,4,-2.5463833808898926,0.7733333333333333,random,0.01788122049967448,0.006255009969075521,-0.009292521158854167,0.05203356424967448,0.003961891499985261,-0.00418800958520815,0.004100067196759265,0.004889831100185143,0.22666666666666666,0.7783333333333333,0.3,1350,75.0
1,1,4,-2.5463833808898926,0.7733333333333333,random_normmatched,0.06492196400960286,0.0560846201578776,-0.09369394683837891,0.09417915503184,0.045889663904591184,0.01960614085764174,0.05797324635162008,0.028324060877920484,0.24933333333333332,0.7716666666666666,0.31333333333333335,1350,75.0
1,1,4,-2.5463833808898926,0.7733333333333333,random,-0.008399406433105468,-0.021032002766927082,0.005560597737630208,0.043643255233764645,-0.0033464586816383556,-0.008268922443955056,-0.0009811925591195249,-0.003008313395521385,0.22266666666666668,0.775,0.29333333333333333,1350,76.0
1,1,4,-2.5463833808898926,0.7733333333333333,random_normmatched,-0.02828497314453125,-0.040165430704752605,-0.014579434712727865,0.06313720385233561,-0.023820571991532827,-0.00940768507604729,0.010681834452341214,-0.01588221920788786,0.22,0.775,0.2733333333333333,1350,76.0
1,1,4,-2.5463833808898926,0.7733333333333333,random,0.0028190180460611978,-0.010883941650390624,-5.661519368489583e-05,0.041931645075480146,0.0016576521435299862,-0.009770808314780336,0.002372228543250166,0.0014458182221636653,0.22666666666666666,0.7783333333333333,0.3,1350,77.0
1,1,4,-2.5463833808898926,0.7733333333333333,random_normmatched,0.04568927001953125,0.06392290751139323,-0.021042132059733074,0.07662659804026285,0.025572753999763165,0.018702292422566862,0.016305743928510766,0.027230796340521057,0.25066666666666665,0.7683333333333333,0.34,1350,77.0
1,1,4,-2.5463833808898926,0.7733333333333333,random,0.0007625045776367187,-0.01696428934733073,0.0031348800659179686,0.040594809850056965,-0.0005113352641565965,-0.011345455179381006,-0.0008125865728260237,0.00013734708536492564,0.22266666666666668,0.7766666666666666,0.3,1350,78.0
1,1,4,-2.5463833808898926,0.7733333333333333,random_normmatched,-0.004529614766438802,-0.018082402547200522,0.02972039794921875,0.06277388095855713,-0.003316731727015749,-0.031171753183687482,-0.018031450362781965,-0.00012974917724727225,0.22666666666666666,0.7733333333333333,0.31333333333333335,1350,78.0
1,1,4,-2.5463833808898926,0.7733333333333333,random,-0.006216069539388021,-0.026125106811523437,0.0013839670817057293,0.042417041460673016,-0.0019069571991320396,-0.006956715745488996,0.0007253179562221287,-0.00027171802054486204,0.22666666666666666,0.7733333333333333,0.3,1350,79.0
1,1,4,-2.5463833808898926,0.7733333333333333,random_normmatched,-0.020421109517415364,-0.061087849934895834,-0.01648908233642578,0.06805790583292644,-0.02639004077308195,-0.009260563685289538,0.010021901064854294,-0.015371715137642896,0.23333333333333334,0.7733333333333333,0.32,1350,79.0
1,1,4,-2.5463833808898926,0.7733333333333333,random,0.00627832285563151,-0.008921966552734376,-0.005266853332519531,0.04316559155782064,0.005380280343695092,-0.003264247017886621,0.0017044789413462145,0.004280944940601403,0.22666666666666666,0.7716666666666666,0.29333333333333333,1350,80.0
1,1,4,-2.5463833808898926,0.7733333333333333,random_normmatched,0.016801409403483073,0.02182792663574219,-0.034132736206054684,0.0739509375890096,0.024895606649670287,-0.0018089404332957196,0.019136127620147613,0.02117252743122006,0.228,0.7716666666666666,0.30666666666666664,1350,80.0
1,1,4,-2.5463833808898926,0.7733333333333333,random,0.0017270100911458332,-0.011927464803059895,0.005942873636881511,0.045160679817199706,-0.000768899122674087,0.0007955292435030851,-0.0027858974157434005,-0.00025504602711717465,0.23066666666666666,0.77,0.3,1350,81.0
1,1,4,-2.5463833808898926,0.7733333333333333,random_normmatched,-0.0005584309895833333,-0.023292694091796875,0.010665384928385417,0.062731138865153,-0.011679045238051789,-0.008244680352774815,-0.002560406071419046,-0.003644768353131191,0.228,0.77,0.3,1350,81.0
1,1,4,-2.5463833808898926,0.7733333333333333,random,0.00933769989013672,-0.0021583302815755207,0.00463562266031901,0.040252553621927895,0.007660594384142111,0.001772093952844107,-0.0010697548169911295,0.006406234148797469,0.224,0.775,0.3,1350,82.0
1,1,4,-2.5463833808898926,0.7733333333333333,random_normmatched,0.0785768814086914,0.04598548889160156,-0.00032500203450520833,0.06711853345235189,0.05808762091047743,0.06038741214894036,0.001874191611518087,0.050011439596743285,0.23466666666666666,0.765,0.29333333333333333,1350,82.0
1,1,4,-2.5463833808898926,0.7733333333333333,random,-0.0014164937337239583,-0.012383855183919271,-0.0007136688232421875,0.041185882886250816,-0.0006259688491917029,-0.004258724414571815,0.0019022227625825558,0.00017103115039379026,0.22666666666666666,0.7733333333333333,0.3,1350,83.0
1,1,4,-2.5463833808898926,0.7733333333333333,random_normmatched,-0.0061055908203125,-0.01286834716796875,-0.0025411020914713543,0.061885620752970376,-0.005642016810343761,-0.02057268737905395,0.001892801521008062,0.0029768329108205115,0.22933333333333333,0.7666666666666667,0.32,1350,83.0
1,1,4,-2.5463833808898926,0.7733333333333333,random,0.012724054972330728,-0.001942469278971354,0.0006017913818359375,0.05001217047373454,0.0026303197148055354,0.046178654507062836,0.0005234729332973392,0.00029072605736119836,0.22666666666666666,0.7683333333333333,0.3,1350,84.0
1,1,4,-2.5463833808898926,0.7733333333333333,random_normmatched,0.009055165608723959,-0.02501599629720052,0.011485148111979166,0.0739430046081543,0.014033235055297678,0.03535348547342033,-0.0012662403956221532,0.008228753559419644,0.224,0.775,0.29333333333333333,1350,84.0
1,1,4,-2.5463833808898926,0.7733333333333333,random,0.0010942789713541668,-0.010667673746744792,0.008551612854003906,0.038174837430318194,1.2475274833715795e-05,-0.0012992080216878237,-0.003261268153842079,-8.262840971296956e-05,0.22666666666666666,0.7733333333333333,0.3,1350,85.0
1,1,4,-2.5463833808898926,0.7733333333333333,random_normmatched,-0.012091189066569011,-0.018060836791992187,0.017029205322265626,0.058524951934814454,-0.008564924602287203,-0.01099063533805591,-0.013946085000992285,-0.00863978821262086,0.22133333333333333,0.7716666666666666,0.29333333333333333,1350,85.0
1,1,4,-2.5463833808898926,0.7733333333333333,random,0.002955482482910156,-0.008671544392903645,-0.002858968098958333,0.038001489639282224,0.00017693417311534388,-0.007078966548751457,-0.00015576511673725705,8.170633663473182e-05,0.22933333333333333,0.775,0.3,1350,86.0
1,1,4,-2.5463833808898926,0.7733333333333333,random_normmatched,0.03557602437337239,0.02313341776529948,-0.027122716267903645,0.061090895334879554,0.024735351176549993,0.01631201894090342,0.02569258943435401,0.02404305934583529,0.24133333333333334,0.775,0.32,1350,86.0
1,1,4,-2.5463833808898926,0.7733333333333333,random,0.006195772806803386,-0.011541112263997396,-0.002241602579752604,0.03941849072774251,0.0014138142154329807,-7.914936359442137e-05,0.0011393883603489376,0.0014067450861800122,0.22533333333333333,0.7733333333333333,0.3,1350,87.0
1,1,4,-2.5463833808898926,0.7733333333333333,random_normmatched,0.005857078552246093,0.0026552581787109373,-0.01660155995686849,0.054147629737854,0.002034919821623194,0.0046758190630912895,0.009417405746344327,0.0003207625653974819,0.22,0.7683333333333333,0.29333333333333333,1350,87.0
1,1,4,-2.5463833808898926,0.7733333333333333,random,0.005533620198567709,-0.0068656412760416665,0.00719287363688151,0.04347784996032715,0.0036071368091046855,-0.000822965085889279,-0.0034021858540419195,0.0011332472979512826,0.22933333333333333,0.7733333333333333,0.29333333333333333,1350,88.0
1,1,4,-2.5463833808898926,0.7733333333333333,random_normmatched,0.02555462137858073,0.004931386311848958,-0.013757726033528647,0.05820809523264567,0.01996730049716363,0.02160987604761976,0.0029901996969157484,0.013563786787177576,0.23066666666666666,0.7733333333333333,0.3,1350,88.0
1,1,4,-2.5463833808898926,0.7733333333333333,random,-0.0033316853841145835,-0.020834986368815103,0.00484649403889974,0.04057602882385254,-0.0006247305371726956,-0.013949573021120907,-0.0017159212618983782,-3.076821876415736e-05,0.22933333333333333,0.775,0.3,1350,89.0
1,1,4,-2.5463833808898926,0.7733333333333333,random_normmatched,0.01702477264404297,-0.0243896484375,-0.013592826843261718,0.0870344082514445,-0.0031038114654776384,-0.021200663329547554,-0.0015360900394704275,0.0007854409411209494,0.24666666666666667,0.77,0.30666666666666664,1350,89.0
1,1,4,-2.5463833808898926,0.7733333333333333,random,-0.0021695175170898437,-0.017979812622070313,0.0021715113321940102,0.03952746232350667,-0.0003399512392187554,-0.014306248623257706,-0.00012943097639980138,-0.00026358564336862453,0.224,0.7783333333333333,0.3,1350,90.0
1,1,4,-2.5463833808898926,0.7733333333333333,random_normmatched,-0.028242594401041668,-0.050750478108723955,-0.009569857279459635,0.07357321421305339,-0.034896462528611505,-0.07439738787051572,0.003344869061524366,-0.019622634451672834,0.232,0.7766666666666666,0.29333333333333333,1350,90.0
1,1,4,-2.5463833808898926,0.7733333333333333,random,0.002179962158203125,-0.006717631022135417,0.0031990890502929686,0.038911965688069663,0.0013265570187705744,-0.010627091101600079,-0.0004925770411508517,0.002103483434819508,0.22666666666666666,0.7766666666666666,0.3,1350,91.0
1,1,4,-2.5463833808898926,0.7733333333333333,random_normmatched,0.0109962158203125,0.006601994832356771,-0.01699376678466797,0.05739681243896484,-0.0048243440714106234,-0.004734287993678209,0.006858562130100434,-0.002033843948700663,0.22933333333333333,0.7716666666666666,0.29333333333333333,1350,91.0
1,1,4,-2.5463833808898926,0.7733333333333333,random,0.0013536020914713541,-0.008726679484049479,0.0029769261678059896,0.04613220373789469,-0.0008175331666636252,-0.009033847705480616,-0.0005036892214112753,-0.00016027276110725346,0.224,0.7733333333333333,0.3,1350,92.0
1,1,4,-2.5463833808898926,0.7733333333333333,random_normmatched,0.005488370259602865,-0.008433100382486979,-0.024270535786946615,0.07288087526957195,-0.007714398075299005,-0.03224764072833418,0.010136580621503126,-0.0042948269258706534,0.24533333333333332,0.7666666666666667,0.30666666666666664,1350,92.0
1,1,4,-2.5463833808898926,0.7733333333333333,random,0.006445078531901041,-0.016335601806640624,-0.007077397664388021,0.03863977273305257,0.0019222478066852175,0.007281219149615332,0.0025931061646997464,0.001624156369044099,0.22533333333333333,0.775,0.3,1350,93.0
1,1,4,-2.5463833808898926,0.7733333333333333,random_normmatched,0.027527135213216147,-0.0196026611328125,-0.02101866404215495,0.05479419231414795,0.014328503380388104,0.018773113661263496,0.014914871536567679,0.013138953171411788,0.23733333333333334,0.7716666666666666,0.31333333333333335,1350,93.0
1,1,4,-2.5463833808898926,0.7733333333333333,random,0.002644554138183594,-0.007403233846028646,0.004038172403971354,0.038837919235229494,0.00035571148810893666,0.0013306331257660867,-0.0010886716833334057,0.0011456414491781803,0.22533333333333333,0.7733333333333333,0.3,1350,94.0
1,1,4,-2.5463833808898926,0.7733333333333333,random_normmatched,-0.0005633010864257812,-0.007243270874023437,0.0004480438232421875,0.06420654932657878,0.0032528148189961744,0.022186364555235188,0.004287371000030403,0.0018299283881984718,0.22666666666666666,0.7716666666666666,0.30666666666666664,1350,94.0
1,1,4,-2.5463833808898926,0.7733333333333333,random,-0.002499834696451823,-0.030521214803059894,-0.007982073465983073,0.04223927179972331,-0.00029109983108914934,-0.0038616712654827314,0.005096141060223423,-0.0009517019439575102,0.22933333333333333,0.7733333333333333,0.29333333333333333,1350,95.0
1,1,4,-2.5463833808898926,0.7733333333333333,random_normmatched,-0.002376617431640625,-0.05020665486653646,-0.04256364949544271,0.0674533732732137,-0.011607054723429539,-0.0033101441292466777,0.01518864711004898,-0.003533903057905721,0.22666666666666666,0.775,0.30666666666666664,1350,95.0
1,1,4,-2.5463833808898926,0.7733333333333333,random,-0.00010509999593098958,-0.023757832845052083,0.0035186716715494793,0.040339385668436686,0.0011942735313657464,-0.0008141119260129829,-0.0010983981693363845,0.00044441799601669795,0.228,0.7733333333333333,0.3,1350,96.0
1,1,4,-2.5463833808898926,0.7733333333333333,random_normmatched,0.00013527170817057292,-0.013695398966471354,-0.000723559061686198,0.0580126937230428,-0.0019773310611439533,-1.300987948682734e-05,-0.001838305854562981,0.0020175708831651797,0.23466666666666666,0.7683333333333333,0.3,1350,96.0
1,1,4,-2.5463833808898926,0.7733333333333333,random,-0.0015562947591145834,-0.021643651326497395,0.003240229288736979,0.043725560506184896,-0.0010307695831357675,-0.005011956282228286,0.0004467236071368091,0.0002491222662525889,0.21866666666666668,0.7816666666666666,0.2733333333333333,1350,97.0
1,1,4,-2.5463833808898926,0.7733333333333333,random_normmatched,0.028789095560709636,0.006853230794270833,-0.023884709676106772,0.06543245792388916,0.001149936761900484,0.019772171972608332,0.013329041041355906,0.003566753162548611,0.23333333333333334,0.7783333333333333,0.28,1350,97.0
1,1,4,-2.5463833808898926,0.7733333333333333,random,0.004007619222005208,-0.006782379150390625,0.0046901652018229165,0.03964717388153076,-0.0005515617248401233,-0.004342735281306016,0.0005308025193460316,-0.00037435399709595144,0.228,0.7733333333333333,0.29333333333333333,1350,98.0
1,1,4,-2.5463833808898926,0.7733333333333333,random_normmatched,0.002290985107421875,-0.016907704671223957,-0.0027013651529947916,0.06910077412923177,-0.008309353018898371,-0.0473150028301208,0.005710962025948777,0.0048040748882430175,0.248,0.775,0.32,1350,98.0
1,1,4,-2.5463833808898926,0.7733333333333333,random,-0.0005045496622721354,-0.01926002502441406,0.0015496419270833333,0.04000937143961589,-0.0012410138808902774,-0.005813323252331716,0.0009115106882791502,9.135181104965406e-05,0.22666666666666666,0.775,0.3,1350,99.0
1,1,4,-2.5463833808898926,0.7733333333333333,random_normmatched,0.00335052490234375,-0.023090159098307292,-0.01713746897379557,0.05895958423614502,0.001713945783524896,-0.01145703075415435,0.012136883003851254,0.0024881423536327356,0.228,0.7716666666666666,0.28,1350,99.0
1,1,4,-2.5463833808898926,0.7733333333333333,shuffled_labels,0.16051829020182293,0.07698628743489583,-0.10706253814697266,0.4057427390416463,0.08801492144859939,0.0028597499977869065,0.060679683888532565,0.1352519826584978,0.296,0.7366666666666667,0.34,1350,
1,2,0,-2.55214262008667,0.7722222222222223,das,1.9995847437116834,2.130073829933449,-2.0686212680957934,0.7682025157080756,1.43452234745673,1.8571407660917931,1.2026287647273783,1.2031293478454974,0.8861111111111111,0.7588888888888888,0.9027777777777778,1980,
1,2,0,-2.55214262008667,0.7722222222222223,random,-0.007488918304443359,-0.008663583684850621,0.006364832984076606,0.040360114839341904,-0.0025907233524749395,-0.00775483452814193,0.00031832813622523546,-0.0013184939645407548,0.22962962962962963,0.77,0.25,1980,0.0
1,2,0,-2.55214262008667,0.7722222222222223,random_normmatched,-0.0013835324181450737,0.010753137094003183,0.01839345826043023,0.054689447614881724,-0.0033160717730797325,-0.0067226380564727505,-0.012289120503589018,0.0006603649049168092,0.2351851851851852,0.7677777777777778,0.25,1980,0.0
1,2,0,-2.55214262008667,0.7722222222222223,random,-0.011026871645892108,-0.016924434238009982,0.0007275157504611546,0.03645580185784234,-0.004536749684354834,-0.013709473049951846,0.001660337346712791,-0.001941885283864612,0.23055555555555557,0.7711111111111111,0.25,1980,1.0
1,2,0,-2.55214262008667,0.7722222222222223,random_normmatched,-0.015683423148261176,-0.04200462058738426,-0.0027606469613534433,0.052920553419325084,-0.013756668677590057,-0.03831456480070623,0.010626026455002092,-0.00789171433725628,0.23055555555555557,0.7722222222222223,0.25,1980,1.0
1,2,0,-2.55214262008667,0.7722222222222223,random,-0.007363540154916269,-0.009090105692545572,0.0013139442161277488,0.03837123764885796,-0.002450877548446378,-0.010414236847636578,0.000473987629078798,-0.0010015387803281952,0.23055555555555557,0.7711111111111111,0.25,1980,2.0
1,2,0,-2.55214262008667,0.7722222222222223,random_normmatched,-0.022656562593248157,-0.0255955766748499,0.007930148089373553,0.05733908123440213,-0.012470790746819387,-0.04612653943875421,-0.008274979996787477,-0.0044708593042333145,0.22685185185185186,0.77,0.25,1980,2.0
1,2,0,-2.55214262008667,0.7722222222222223,random,-0.0070957819620768225,-0.006999086450647425,-0.0013156113801179108,0.03774409400092231,-0.0028182654252544665,-0.011808293763528915,0.002173572849972878,-0.000136995645422514,0.22962962962962963,0.77,0.25,1980,3.0
1,2,0,-2.55214262008667,0.7722222222222223,random_normmatched,-0.03234964829904062,-0.03196377224392361,-0.017485472008034034,0.053176311916775174,-0.02474175667781095,-0.04251936999788925,0.004438185964623136,-0.010753552009125554,0.22870370370370371,0.7688888888888888,0.25,1980,3.0
1,2,0,-2.55214262008667,0.7722222222222223,random,-0.002827059781109845,-0.01319035777339229,-0.0023310943886085795,0.03629134284125434,-0.00045732073267342583,-0.009594962775411045,0.002252884749218404,0.000492413328235793,0.23148148148148148,0.77,0.25,1980,4.0
1,2,0,-2.55214262008667,0.7722222222222223,random_normmatched,0.02398832639058431,0.022341110088207102,-0.01029295391506619,0.051557605531480574,0.009350749382833683,0.012313770966118567,0.012325494510220532,0.015467195505920368,0.23333333333333334,0.7644444444444445,0.25462962962962965,1980,4.0
1,2,0,-2.55214262008667,0.7722222222222223,random,-0.0074770998071741175,-0.01209366763079608,-0.00015202275028935186,0.0385251956515842,-0.0016289595477247377,-0.014736519495670706,0.00012723358966767225,-0.0002956244534090598,0.22870370370370371,0.7688888888888888,0.25,1980,5.0
1,2,0,-2.55214262008667,0.7722222222222223,random_normmatched,-0.012764563383879485,-0.0265331091704192,-0.0141467465294732,0.05279803699917263,-0.0025359119588436716,-0.017253392729507166,0.008378741501449388,0.005063242586262572,0.23148148148148148,0.77,0.25,1980,5.0
1,2,0,-2.55214262008667,0.7722222222222223,random,-0.010269657770792643,-0.020532042891890916,0.007779373946013274,0.03969244639078776,-0.0055965808790590385,-0.00969488739821567,1.5152961051138627e-05,-0.005355629520459655,0.22777777777777777,0.77,0.25,1980,6.0
1,2,0,-2.55214262008667,0.7722222222222223,random_normmatched,-0.012231005562676324,-0.01266815044261791,0.0023815914436622902,0.05889556990729438,-0.003074407034236496,-0.006810321462471499,-0.00014151618607200256,-0.00027271230481226,0.23333333333333334,0.7711111111111111,0.2638888888888889,1980,6.0
1,2,0,-2.55214262008667,0.7722222222222223,random,-0.0052549786037868924,-0.01412342212818287,-0.0009241068804705585,0.040707607269287106,-0.0004722511852872862,-0.014314720257863352,0.002568577617718718,-5.295022640295298e-05,0.23055555555555557,0.77,0.25,1980,7.0
1,2,0,-2.55214262008667,0.7722222222222223,random_normmatched,0.007065356219256366,0.02233798415572555,-0.01964448822869195,0.05875308566623264,-0.003608088799338315,-0.013622129294266436,0.013141321330234434,0.0008939977076373987,0.22777777777777777,0.77,0.24074074074074073,1980,7.0
1,2,0,-2.55214262008667,0.7722222222222223,random,-0.0002913051181369358,-0.003397694340458623,-0.009577198381777162,0.03885433620876736,0.00011901446736322957,-0.009337620376845065,0.0025143340544799934,0.0016577235566562689,0.23148148148148148,0.7711111111111111,0.25,1980,8.0
1,2,0,-2.55214262008667,0.7722222222222223,random_normmatched,0.06544321554678457,0.06471819347805446,-0.07034900453355578,0.058690720664130315,0.032300240709675805,0.03707497819920181,0.04918292982544491,0.03406613264756311,0.24351851851851852,0.77,0.24537037037037038,1980,8.0
1,2,0,-2.55214262008667,0.7722222222222223,random,-0.008391413865266022,-0.011807830245406539,-0.004086782314159252,0.03698165787590874,-0.002166563509805211,-0.010061697306372078,0.003351489373669277,-0.0015738738222798247,0.23055555555555557,0.7711111111111111,0.25,1980,9.0
1,2,0,-2.55214262008667,0.7722222222222223,random_normmatched,-0.00949607425265842,-0.02036552075986509,-0.019375101725260416,0.05037724812825521,0.0013618868001272265,-0.016401050163205335,0.007860532249080763,0.004096206732932029,0.2324074074074074,0.7711111111111111,0.25462962962962965,1980,9.0
1,2,0,-2.55214262008667,0.7722222222222223,random,-0.009456885302508319,-0.010080443488226997,-0.0032582901142261646,0.03524741066826714,-0.002500689438876358,-0.012069357993330056,0.0015634457002545294,-0.0013643903457202494,0.23148148148148148,0.77,0.25,1980,10.0
1,2,0,-2.55214262008667,0.7722222222222223,random_normmatched,-0.023058764139811196,-0.03736176314177336,-0.03308567117761683,0.058167511622111,-0.018992590939871736,-0.020327850233180504,0.012298140189118553,-0.012346302814179639,0.23333333333333334,0.7666666666666667,0.25462962962962965,1980,10.0
1,2,0,-2.55214262008667,0.7722222222222223,random,-0.006308624479505751,-0.0024436491507071035,0.006221131925229673,0.03864171240064833,-0.0019427327756022783,-0.012224098309536314,-0.00047230877304511637,-0.0006464985404884124,0.22870370370370371,0.7711111111111111,0.25,1980,11.0
1,2,0,-2.55214262008667,0.7722222222222223,random_normmatched,0.006731243486757632,0.023601708588776766,-0.015202921408194082,0.05457175466749403,-0.004230037206438889,-0.01950048558939456,0.007492801554337852,0.004829673325108214,0.23055555555555557,0.7711111111111111,0.25462962962962965,1980,11.0
1,2,0,-2.55214262008667,0.7722222222222223,random,-0.01482733443931297,-0.015114272082293476,-0.0028379493289523655,0.039188381830851236,-0.006380122954573821,-0.015749166620027785,0.0024485647248409332,-0.004752672501074813,0.22777777777777777,0.7722222222222223,0.25,1980,12.0
1,2,0,-2.55214262008667,0.7722222222222223,random_normmatched,-0.052805633898134585,-0.05604788109108254,-0.0366594049665663,0.0527421866522895,-0.035664436888769274,-0.047017723629458,0.02021103123064848,-0.023736408347836187,0.23055555555555557,0.7711111111111111,0.25925925925925924,1980,12.0
1,2,0,-2.55214262008667,0.7722222222222223,random,-0.006827817139802156,-0.009300708770751953,-0.0006291142216435185,0.03832045767042372,-0.0019063568707953296,-0.006081237903729935,0.0018315212571131142,-0.001971669429335543,0.23055555555555557,0.7688888888888888,0.25,1980,13.0
1,2,0,-2.55214262008667,0.7722222222222223,random_normmatched,-0.02704922534801342,-0.043345663282606334,-0.018044713691428856,0.052230194939507375,-0.013402748348692553,-0.03848940034892682,0.015867824175890163,-0.005317847333718405,0.23796296296296296,0.7733333333333333,0.27314814814814814,1980,13.0
1,2,0,-2.55214262008667,0.7722222222222223,random,-0.006881330631397389,-0.012368820331714771,-0.005856641133626302,0.03713551309373644,-0.0024075866546479936,-0.007185735759073648,0.0023175017383189715,-0.0010664035532494268,0.23055555555555557,0.7711111111111111,0.25462962962962965,1980,14.0
1,2,0,-2.55214262008667,0.7722222222222223,random_normmatched,0.0004887439586498119,-0.01656627655029297,-0.06238394489994756,0.05468334515889486,-0.0008699415820374672,-0.009454410308517886,0.03764921716529704,0.003159084140784566,0.24444444444444444,0.7633333333333333,0.2777777777777778,1980,14.0
1,2,0,-2.55214262008667,0.7722222222222223,random,3.886929264775029e-05,-0.003364015508581091,-0.005907350116305881,0.035705027050442165,0.0006598082729648294,-0.008238451740527192,0.005011408162841168,0.0010934152169803377,0.23055555555555557,0.77,0.25,1980,15.0
1,2,0,-2.55214262008667,0.7722222222222223,random_normmatched,0.07845049257631655,0.08035794010868778,-0.11918978691101074,0.06814249568515354,0.03358926756663759,0.057273860967558564,0.09798172431276803,0.03926220636937578,0.26944444444444443,0.7666666666666667,0.2777777777777778,1980,15.0
1,2,0,-2.55214262008667,0.7722222222222223,random,-0.0148817362608733,-0.02052533185040509,0.009818787044949002,0.03821032524108887,-0.0038746229004457174,-0.014477916079929746,-2.840798235577024e-05,-0.002512662728401404,0.22685185185185186,0.7711111111111111,0.25,1980,16.0
1,2,0,-2.55214262008667,0.7722222222222223,random_normmatched,-0.027304534558896667,-0.003310645068133319,0.03350528081258138,0.05569664001464844,-0.011423933506700044,-0.022384928244262088,-0.02275527621254234,-0.006598233544162271,0.2212962962962963,0.7677777777777778,0.24537037037037038,1980,16.0
1,2,0,-2.55214262008667,0.7722222222222223,random,-0.004664180896900318,-0.007192541051793982,-0.001695853692513925,0.037387177149454755,-0.0010117546920545436,-0.010817092261799704,0.001783615760406033,-0.0003492700197376145,0.22962962962962963,0.7722222222222223,0.25,1980,17.0
1,2,0,-2.55214262008667,0.7722222222222223,random_normmatched,0.016884607738918728,0.03109384466100622,-0.010667770880239982,0.055571923785739476,0.006680847800305651,0.000594112130423306,0.0063099491867690885,0.0005199051863103224,0.24722222222222223,0.7688888888888888,0.2638888888888889,1980,17.0
1,2,0,-2.55214262008667,0.7722222222222223,random,-0.0031127982669406466,-0.010025412948043258,0.0007540914747450086,0.03444065305921767,-0.001457288501840882,-0.002272789492747401,0.0012344158163760098,7.328255473715986e-05,0.23055555555555557,0.7677777777777778,0.25,1980,18.0
1,2,0,-2.55214262008667,0.7722222222222223,random_normmatched,0.0026184647171585648,-0.007127549913194444,-0.033872671480532045,0.051430780622694225,-0.003881179715363664,0.006531696634771472,0.027273785138204963,-0.0020450458378808317,0.2361111111111111,0.7677777777777778,0.25925925925925924,1980,18.0
1,2,0,-2.55214262008667,0.7722222222222223,random,-0.003317649276168258,-0.008999029795328775,-0.0018751744870786314,0.03742004500495063,-0.00021683455864108451,-0.0026749372792998815,0.0017260999562350578,-0.0004925624554895275,0.22870370370370371,0.77,0.25,1980,19.0
1,2,0,-2.55214262008667,0.7722222222222223,random_normmatched,-0.008124770058525934,-0.015174459528040004,-0.012879297468397352,0.059000589582655166,-0.0022778880366002693,-0.010004045215797903,-0.0032071277599729706,-0.006536153621936194,0.23796296296296296,0.7666666666666667,0.25,1980,19.0
1,2,0,-2.55214262008667,0.7722222222222223,random,-0.01013239754570855,-0.009486604619909215,0.0007810786918357567,0.04331835534837511,-0.0012930913842087682,-0.012592259001894266,0.0006518929337803619,-0.0010837156887087782,0.23055555555555557,0.7688888888888888,0.25,1980,20.0
1,2,0,-2.55214262008667,0.7722222222222223,random_normmatched,-0.018846430601897064,-0.03154922414709021,0.004837119137799298,0.055050486458672415,0.00893835972696792,-0.00801890725736861,0.0005741903976677753,0.009213081771357148,0.23333333333333334,0.7688888888888888,0.25,1980,20.0
1,2,0,-2.55214262008667,0.7722222222222223,random,-0.010882836801034433,-0.01579994625515408,-0.00026981035868326825,0.040065848032633467,-0.006015760712741481,-0.006808265878460564,0.0019041916725712365,-0.004164475715696133,0.22962962962962963,0.7711111111111111,0.25,1980,21.0
1,2,0,-2.55214262008667,0.7722222222222223,random_normmatched,-0.03405038162514015,-0.03740508468062789,-0.013264233977706343,0.04988104184468587,-0.013112600441527494,-0.012348482495468781,0.010631475172730956,-0.011181257866381427,0.22870370370370371,0.7688888888888888,0.2361111111111111,1980,21.0
1,2,0,-2.55214262008667,0.7722222222222223,random,-0.007270239017627857,-0.006880795514142072,-0.0016702175140380859,0.035942280027601456,-0.0022026191775495127,-0.010743813433200506,0.001737211243903233,-0.0008109989619769063,0.22777777777777777,0.77,0.25,1980,22.0
1,2,0,-2.55214262008667,0.7722222222222223,random_normmatched,-0.0009352224844473379,0.0004557503594292535,-0.020875385072496203,0.05113583140903049,-0.004057490182035049,-0.00486881600845098,0.010562814912524773,-0.0034351172504269033,0.2351851851851852,0.7711111111111111,0.25925925925925924,1980,22.0
1,2,0,-2.55214262008667,0.7722222222222223,random,-0.004599611847488969,-0.0040069156222873265,0.0019271991871021412,0.04100443098280165,-0.0007819545238132218,-0.00480713545025448,0.0015166785494108708,0.0007829195723976963,0.22962962962962963,0.77,0.25,1980,23.0
1,2,0,-2.55214262008667,0.7722222222222223,random_normmatched,0.01639384870175962,0.006370297184696904,-0.0014983018239339192,0.05203919410705567,0.01006006217884148,0.01610349150757684,-0.00012896476521430454,0.007174775254337703,0.23425925925925925,0.77,0.25,1980,23.0
1,2,0,-2.55214262008667,0.7722222222222223,random,-0.0030055664203785084,-0.00023402108086480034,-0.001154698265923394,0.0353595839606391,-0.0005766012597575006,-0.0065655637258271666,0.002289348343032214,-0.0004024134864258758,0.22962962962962963,0.7711111111111111,0.25,1980,24.0
1,2,0,-2.55214262008667,0.7722222222222223,random_normmatched,0.01511644787258572,0.005894254755090784,-0.005497141237612124,0.04763705359564887,0.006983443629118087,-0.009401205694820879,0.004123078678301806,0.009102039102727283,0.23148148148148148,0.7722222222222223,0.25,1980,24.0
1,2,0,-2.55214262008667,0.7722222222222223,random,-0.00944843468842683,-0.011472295831750941,0.000987118261831778,0.03468187544080946,-0.0035414918641121034,-0.011537807169147658,0.001036173552548232,-0.0022196243383029515,0.23055555555555557,0.77,0.25,1980,25.0
1,2,0,-2.55214262008667,0.7722222222222223,random_normmatched,-0.017485244185836225,-0.006722697505244502,-0.008835089648211444,0.0518021986219618,-0.012570516559317204,-0.03408253118015698,0.008635157462827364,-0.0056735654033167335,0.2351851851851852,0.7733333333333333,0.2638888888888889,1980,25.0
1,2,0,-2.55214262008667,0.7722222222222223,random,-0.008706126389680085,0.0020549032423231336,0.004196730366459599,0.041560242970784506,-0.0014821782399700657,-0.015497587150932654,0.00025503761324004447,0.00018429571680050042,0.22962962962962963,0.7666666666666667,0.25,1980,26.0
1,2,0,-2.55214262008667,0.7722222222222223,random_normmatched,0.0019522278397171586,0.06101687749226888,-0.0058437135484483505,0.06801598654852974,-0.010704596060091573,-0.0020030313901389703,-0.0034594420565529347,0.0027982972063698708,0.23703703703703705,0.7622222222222222,0.25925925925925924,1980,26.0
1,2,0,-2.55214262008667,0.7722222222222223,random,-0.008136396054868345,-0.013467718053747106,-0.001786717662104854,0.03874842749701606,-0.001861513058264764,-0.011583520841809936,0.0011352663529329333,-0.00045939022407403727,0.22777777777777777,0.7722222222222223,0.25,1980,27.0
1,2,0,-2.55214262008667,0.7722222222222223,random_normmatched,-0.009633671795880353,0.00044750284265588833,-0.0142305056254069,0.051983540852864586,-0.010188405440918296,-0.03561140340573128,0.009739109243828797,-0.006328857349863751,0.22407407407407406,0.7711111111111111,0.23148148148148148,1980,27.0
1,2,0,-2.55214262008667,0.7722222222222223,random,-0.0071436228575529875,-0.01075122974537037,0.004271576139662001,0.037233386569552954,-0.003584895270168739,-0.004332370541059902,-0.000685723156613083,-0.0012077487782889843,0.22870370370370371,0.7722222222222223,0.25,1980,28.0
1,2,0,-2.55214262008667,0.7722222222222223,random_normmatched,-0.01274078333819354,-0.03350286130551939,0.020095657419275353,0.05293845600552029,-0.014657294789650449,-0.011162161023378001,-0.008830863267582423,-0.01042647877780489,0.23333333333333334,0.7677777777777778,0.25,1980,28.0
1,2,0,-2.55214262008667,0.7722222222222223,random,-0.008229672467267071,-0.017787721421983507,-0.006749036577012804,0.04091217041015625,-0.003991379882366114,-0.01142076487710037,0.0041340974252408735,-0.0034875577147156405,0.22962962962962963,0.7722222222222223,0.25,1980,29.0
1,2,0,-2.55214262008667,0.7722222222222223,random_normmatched,-0.01435476055851689,-0.0251315434773763,-0.027883307139078776,0.06071449491712782,-0.0068614616217213585,-0.03140715783013054,0.019851152020150788,-0.0011610898785528931,0.2361111111111111,0.7711111111111111,0.2638888888888889,1980,29.0
1,2,0,-2.55214262008667,0.7722222222222223,random,-0.007749744697853371,-0.009877593429000289,-0.007578475387008102,0.0397003608279758,-0.0027749517537384106,-0.010185574079164875,0.004089813658483737,2.7598495155737825e-05,0.23148148148148148,0.77,0.25462962962962965,1980,30.0
1,2,0,-2.55214262008667,0.7722222222222223,random_normmatched,-0.0030725479125976564,-0.012773884667290581,-0.032696255931147826,0.05415570153130425,0.010674957583994634,-0.006764949388766313,0.023656817323893235,0.013412417430399934,0.2361111111111111,0.7622222222222222,0.25,1980,30.0
1,2,0,-2.55214262008667,0.7722222222222223,random,-0.0008139292399088542,0.003235163512053313,0.0013678744987205224,0.03820604006449382,-0.00043186082498737453,-0.007903465768319743,0.0031233277566699016,0.0010988128353605802,0.23333333333333334,0.7711111111111111,0.25,1980,31.0
1,2,0,-2.55214262008667,0.7722222222222223,random_normmatched,0.04129760177047164,0.05302754154911748,-0.007670955304746274,0.05371564017401801,0.023645505495430444,0.01851379726453268,-0.0029760808773262827,0.02235830149333793,0.2361111111111111,0.7711111111111111,0.26851851851851855,1980,31.0
1,2,0,-2.55214262008667,0.7722222222222223,random,-0.010828742274531612,-0.013573363975242333,-0.0016112733770299841,0.03755189153883192,-0.003839546289410789,-0.014095715950587359,-0.0003028799603095217,-0.0020272285909703094,0.22962962962962963,0.77,0.25,1980,32.0
1,2,0,-2.55214262008667,0.7722222222222223,random_normmatched,0.004910235934787326,0.0007288720872667101,-0.00788784556918674,0.05467054261101617,-0.0009447702217858315,0.003351133916670193,0.0055835378497336545,0.0027984725785590815,0.23981481481481481,0.7655555555555555,0.26851851851851855,1980,32.0
1,2,0,-2.55214262008667,0.7722222222222223,random,-0.011014698169849537,-0.00865971600567853,-0.002088428426671911,0.03997291035122342,-0.005218061493625291,-0.008689767288475276,0.002784633673754324,-0.0029257839984386975,0.22962962962962963,0.7688888888888888,0.25,1980,33.0
1,2,0,-2.55214262008667,0.7722222222222223,random_normmatched,-0.029845230667679398,-0.0521371982715748,-0.005550502847742151,0.055338555441962346,-0.013246824392830626,-0.034351481364851895,-0.0009194427328814807,-0.0074292992089348454,0.22962962962962963,0.7688888888888888,0.24074074074074073,1980,33.0
1,2,0,-2.55214262008667,0.7722222222222223,random,-0.004389934186582212,-0.0024382096749764903,-0.00015325016445583769,0.03621672418382433,-0.0014704350267134834,-0.006804680181980811,0.0023887704139052956,0.0001971463260171654,0.22962962962962963,0.77,0.25,1980,34.0
1,2,0,-2.55214262008667,0.7722222222222223,random_normmatched,-0.006366676754421658,-0.019641664293077257,-0.007215727700127496,0.0530183580186632,-0.0041238887066185476,-0.03012819180684162,0.006816706133940855,0.002126468693869345,0.2351851851851852,0.7711111111111111,0.25,1980,34.0
1,2,0,-2.55214262008667,0.7722222222222223,random,-0.007608083442405418,-0.025389141506618924,0.004438817059552228,0.04374219046698676,-0.0015571450646010804,-0.015612132894177623,-0.0014022110458377195,7.163119852005497e-05,0.22870370370370371,0.77,0.25,1980,35.0
1,2,0,-2.55214262008667,0.7722222222222223,random_normmatched,0.005372093341968678,-0.008503490024142794,-0.0019776432602493853,0.0598320664299859,0.010462993667734868,-0.004163033571702467,0.007327766371990433,0.013295968496161277,0.24537037037037038,0.7677777777777778,0.25,1980,35.0
1,2,0,-2.55214262008667,0.7722222222222223,random,-0.005663064674094871,-0.016889307234022353,0.002172053301775897,0.04261383798387316,-0.0021683072510466006,-0.011031187741180205,-0.000129125089547709,-0.000860789220347543,0.22962962962962963,0.7722222222222223,0.25462962962962965,1980,36.0
1,2,0,-2.55214262008667,0.7722222222222223,random_normmatched,0.004134587888364439,-0.006379869249131944,0.0037820816040039064,0.05368879742092556,0.0018628444110593621,-0.008121544779729432,0.0030932166091848247,0.008264884954845488,0.2361111111111111,0.7688888888888888,0.25462962962962965,1980,36.0
1,2,0,-2.55214262008667,0.7722222222222223,random,-0.010635273544876664,-0.02391135251080548,0.0024957833466706454,0.037045149273342556,-0.005525391823373041,-0.0026200864403162407,-0.00026756141559835253,-0.0026179507185025925,0.22870370370370371,0.7711111111111111,0.25,1980,37.0
1,2,0,-2.55214262008667,0.7722222222222223,random_normmatched,-0.052408808249014394,-0.09434186087714301,-0.02001064795034903,0.05573398272196452,-0.03556424038292045,-0.026697219762151385,0.01615476947543094,-0.03197925918196279,0.23425925925925925,0.7677777777777778,0.25462962962962965,1980,37.0
1,2,0,-2.55214262008667,0.7722222222222223,random,-0.006588778672394929,-0.0114032957288954,-8.041063944498698e-05,0.03690280384487576,-0.00014523834292253155,-0.008479668715955468,0.0015607607256626133,0.000442049593534698,0.22870370370370371,0.7711111111111111,0.25,1980,38.0
1,2,0,-2.55214262008667,0.7722222222222223,random_normmatched,0.0057179786540843824,-0.013794174900761357,-0.011330166569462528,0.0513182078467475,-0.0023742267958741107,-0.008357658383540748,0.0072527370249330855,0.0022927368942932177,0.23796296296296296,0.7622222222222222,0.25,1980,38.0
1,2,0,-2.55214262008667,0.7722222222222223,random,-0.017844553346987122,-0.024965551164415147,0.005215146806504992,0.039463250901963974,-0.006288449564651029,-0.014673830650050698,-6.691169362684965e-05,-0.0032066018697337892,0.23055555555555557,0.77,0.25,1980,39.0
1,2,0,-2.55214262008667,0.7722222222222223,random_normmatched,-0.062196682117603444,-0.09180801886099356,0.029583187456484195,0.054933241738213436,-0.04132392955257077,-0.05430920984268296,-0.02756836229447175,-0.04029310464174517,0.23148148148148148,0.7655555555555555,0.24537037037037038,1980,39.0
1,2,0,-2.55214262008667,0.7722222222222223,random,-0.02025400091100622,-0.02603182969269929,0.005349305823997215,0.0362047905392117,-0.008064435613110824,-0.024420387883302006,-0.0010581853105503533,-0.0040472525178623705,0.22870370370370371,0.7688888888888888,0.25,1980,40.0
1,2,0,-2.55214262008667,0.7722222222222223,random_normmatched,-0.06691574343928584,-0.05662058017871998,0.019830746120876735,0.051382136874728736,-0.04979924052805679,-0.060725172507490405,-0.0230391224485035,-0.044921897855565676,0.23148148148148148,0.7666666666666667,0.25462962962962965,1980,40.0
1,2,0,-2.55214262008667,0.7722222222222223,random,0.00046442702964500146,9.248874805591724e-05,0.0026448603029604312,0.03849730279710558,0.00028439941184868944,-0.009769164980108392,-0.00025502878797502613,0.001985253894790496,0.23148148148148148,0.7655555555555555,0.25,1980,41.0
1,2,0,-2.55214262008667,0.7722222222222223,random_normmatched,0.06234071343033402,0.053437480220088256,0.011514125046906647,0.061609687805175783,0.02213380880108839,0.031700311551836925,-0.007784534526047281,0.02085837140043117,0.24259259259259258,0.7666666666666667,0.25,1980,41.0
1,2,0,-2.55214262008667,0.7722222222222223,random,-0.009279786215888128,-0.010676807827419706,0.0021825808065908925,0.03749949773152669,-0.0050894262705822035,-0.012858719635193678,0.0006656446124914039,-0.002303288686049425,0.22870370370370371,0.7688888888888888,0.25,1980,42.0
1,2,0,-2.55214262008667,0.7722222222222223,random_normmatched,-0.036657592985365126,-0.042660642553258826,0.029871947677047164,0.05656581348843045,-0.026650782980884816,-0.038618212817308394,-0.01960439767280385,-0.01932403630038427,0.22407407407407406,0.7666666666666667,0.2361111111111111,1980,42.0
1,2,0,-2.55214262008667,0.7722222222222223,random,-0.0037447982364230688,-0.017529999768292462,-0.0029075710861771195,0.03898952907986111,-0.0010021635452504367,-0.0114609428578417,0.0032823786130969455,7.269389398664249e-05,0.23148148148148148,0.7722222222222223,0.25,1980,43.0
1,2,0,-2.55214262008667,0.7722222222222223,random_normmatched,0.019808597917909974,-0.00754849116007487,-0.014872803511442961,0.05228976249694824,0.005072037790074629,0.001338237042415268,0.013206365489711028,0.010160864344111415,0.2351851851851852,0.7666666666666667,0.2638888888888889,1980,43.0
1,2,0,-2.55214262008667,0.7722222222222223,random,-0.012664685425934968,-0.024735962903058087,-0.0030329757266574437,0.03992686589558919,-0.004313302821686786,-0.017167383944604847,0.0025748746591178363,-0.0014730574116749938,0.22962962962962963,0.77,0.25,1980,44.0
1,2,0,-2.55214262008667,0.7722222222222223,random_normmatched,-0.042981177789193616,-0.07100177694250036,-0.013640705744425457,0.05561339696248373,-0.03340996856504498,-0.046861182967040005,0.01071428301176889,-0.021059282310119633,0.23425925925925925,0.7644444444444445,0.25462962962962965,1980,44.0
1,2,0,-2.55214262008667,0.7722222222222223,random,0.001279272856535735,-0.006153106689453125,-0.006944859469378436,0.03867352379692925,0.0011351268577489237,0.0068781477356789035,0.003949969615550925,0.0005024602048809858,0.23333333333333334,0.7711111111111111,0.25,1980,45.0
1,2,0,-2.55214262008667,0.7722222222222223,random_normmatched,0.024787798634281866,0.01635120533130787,-0.0637971560160319,0.06177988370259603,0.005527242076198969,0.035478000103658563,0.03707897604089122,0.007873626917497432,0.25462962962962965,0.7622222222222222,0.26851851851851855,1980,45.0
1,2,0,-2.55214262008667,0.7722222222222223,random,-0.00512306601912887,-0.014886909061008029,-0.0024030579460991752,0.035440758599175344,-0.0015101886690763867,-0.0041750937362819256,0.00268714630296606,-2.291057285322803e-05,0.23055555555555557,0.7711111111111111,0.25,1980,46.0
1,2,0,-2.55214262008667,0.7722222222222223,random_normmatched,0.0021133334548385056,0.008831748255976924,-0.0035885793191415293,0.05082808918423123,0.0003646967785211576,-0.017886293038560732,0.002989541154428585,0.0032920538643603737,0.2361111111111111,0.7666666666666667,0.26851851851851855,1980,46.0
1,2,0,-2.55214262008667,0.7722222222222223,random,-0.006842108126039859,-0.01544240668967918,0.0027018776646366826,0.036093965106540254,-0.0021560977224517304,-0.009712888320563474,0.0014665646129639292,-0.001193769009943421,0.23148148148148148,0.7722222222222223,0.25,1980,47.0
1,2,0,-2.55214262008667,0.7722222222222223,random_normmatched,0.006603873217547382,-0.007500895747432002,-0.009688230797096535,0.05193605422973633,0.004601054128017558,-0.0030408783292864123,0.004617865772824218,0.0062383736634860935,0.23425925925925925,0.7633333333333333,0.24537037037037038,1980,47.0
1,2,0,-2.55214262008667,0.7722222222222223,random,0.00027753688670970777,-0.014613734351264106,-0.003864201792964229,0.03744224760267469,0.0005057335136476029,-0.0022911878560984995,0.0038618126249368666,0.0007809457763161233,0.2324074074074074,0.7711111111111111,0.25,1980,48.0
1,2,0,-2.55214262008667,0.7722222222222223,random_normmatched,0.01788741041112829,0.004217236130325882,-0.030331814730608905,0.049706525802612304,0.009553770275811675,0.006123031315860553,0.017401913950499386,0.014830436604970479,0.24351851851851852,0.7688888888888888,0.27314814814814814,1980,48.0
1,2,0,-2.55214262008667,0.7722222222222223,random,-0.007621369538483796,-0.014746348063151041,-0.005467436048719618,0.04194269604153103,-0.0021894848077248716,-0.018308256923916483,0.0027724901900239383,0.0003290329589615064,0.23148148148148148,0.7722222222222223,0.25,1980,49.0
1,2,0,-2.55214262008667,0.7722222222222223,random_normmatched,-0.009594814865677445,-0.02411211861504449,-0.04575093763845938,0.05622998979356554,-0.012421547258037128,-0.011119695173444667,0.028139039282633633,-0.007973860804773488,0.23333333333333334,0.77,0.26851851851851855,1980,49.0
1,2,0,-2.55214262008667,0.7722222222222223,random,-0.007304191589355469,-0.012950226112648292,0.004914372055618851,0.038373755349053275,-0.0010058655485048053,-0.019154052970208002,-0.0016723773363166376,-0.0003963155231121925,0.22870370370370371,0.7711111111111111,0.25,1980,50.0
1,2,0,-2.55214262008667,0.7722222222222223,random_normmatched,-0.015076640800193504,-0.016922632853190105,0.012702493314389829,0.051819012959798176,-0.014269560001184702,-0.03854496794802532,-0.012710449781979605,-0.00823711389632295,0.22592592592592592,0.7688888888888888,0.25,1980,50.0
1,2,0,-2.55214262008667,0.7722222222222223,random,-0.014222319920857747,-0.02209951259471752,0.0008624536019784433,0.03912728309631348,-0.005034377223259288,-0.018088495722527857,0.001049501867026714,-0.0029513986384207746,0.22870370370370371,0.7711111111111111,0.25,1980,51.0
1,2,0,-2.55214262008667,0.7722222222222223,random_normmatched,-0.04633709413033944,-0.08297582908912941,0.005967495176527235,0.05622948116726346,-0.03713933353869274,-0.04171884031318487,-0.010853665367657061,-0.01885459034609594,0.23055555555555557,0.7677777777777778,0.24537037037037038,1980,51.0
1,2,0,-2.55214262008667,0.7722222222222223,random,-0.004275782903035482,-0.009141286214192709,0.004707668445728444,0.04292298846774631,-0.00015764161738699017,-0.016696760567366555,-0.0004127528881896581,0.0003292358447789847,0.22777777777777777,0.7688888888888888,0.25,1980,52.0
1,2,0,-2.55214262008667,0.7722222222222223,random_normmatched,0.042740276124742294,0.0572675245779532,-0.03049409124586317,0.06523886362711588,-0.0008446229804668433,-0.006789232121247323,0.010621203997855433,0.011274136746806489,0.24814814814814815,0.7622222222222222,0.2777777777777778,1980,52.0
1,2,0,-2.55214262008667,0.7722222222222223,random,-0.005988398304692021,-0.008636439288104023,0.0021642596633345995,0.03859089003668891,-0.0023420448451177116,-0.004987319627795662,-0.0006272199457452051,-0.00044813964422295836,0.23148148148148148,0.77,0.25,1980,53.0
1,2,0,-2.55214262008667,0.7722222222222223,random_normmatched,0.01365314766212746,0.020667093771475332,0.014620191079598886,0.061653060913085936,0.0146652088404668,-0.00446013113035519,-0.003990793674794119,0.02036427640834597,0.2324074074074074,0.7666666666666667,0.24074074074074073,1980,53.0
1,2,0,-2.55214262008667,0.7722222222222223,random,-0.008493278644703053,-0.01702686592384621,-0.0008107538576479312,0.03935459772745768,-0.001330730177515263,-0.0130458671049227,0.0015535403059102925,-0.0009607084452376854,0.23055555555555557,0.7688888888888888,0.25,1980,54.0
1,2,0,-2.55214262008667,0.7722222222222223,random_normmatched,-0.028680289233172382,-0.03561374876234266,-0.020263371644196688,0.05445225185818142,-0.019190262298361335,-0.021999280858443215,0.017983204850059453,-0.01370177916818367,0.23981481481481481,0.7655555555555555,0.26851851851851855,1980,54.0
1,2,0,-2.55214262008667,0.7722222222222223,random,-0.008413092295328776,-0.010943359798855253,0.0016282063943368417,0.03836675431993273,-0.003933577064568459,-0.01411393544710457,0.0019012261626640764,-0.0008582926009621454,0.23055555555555557,0.77,0.25462962962962965,1980,55.0
1,2,0,-2.55214262008667,0.7722222222222223,random_normmatched,-0.01592585422374584,-0.011291768815782335,0.0032409526683666087,0.052434023751152886,-0.012549526186146933,-0.026907737892929124,-0.0007769474659381939,-0.007972457075020301,0.2324074074074074,0.7711111111111111,0.25,1980,55.0
1,2,0,-2.55214262008667,0.7722222222222223,random,-0.0030683058279531972,-0.0076494040312590425,-0.0016405458803530092,0.03789273685879178,-0.0028071855553074673,-0.0109234379010404,0.0016061263886592565,0.00032724928906073894,0.22777777777777777,0.77,0.25,1980,56.0
1,2,0,-2.55214262008667,0.7722222222222223,random_normmatched,0.014009193137839989,0.025129724431920936,-0.037762615415785045,0.052254391776190866,-0.002120775901174693,-0.020824454831694143,0.019574441745088364,0.012086753114030263,0.24074074074074073,0.77,0.27314814814814814,1980,56.0
1,2,0,-2.55214262008667,0.7722222222222223,random,-0.011882577119050202,-0.016893863677978516,0.0007408671908908421,0.03981986151801215,-0.0047782730035792215,-0.019495671579588487,0.001232602026628696,-0.0023079091928441694,0.22962962962962963,0.7722222222222223,0.25,1980,57.0
1,2,0,-2.55214262008667,0.7722222222222223,random_normmatched,-0.024878996389883536,-0.03936223630551939,0.0205420211509422,0.05414557774861654,-0.01184080717740385,-0.029195201887063545,-0.020943862390648875,-0.005659401146144006,0.22592592592592592,0.7722222222222223,0.25462962962962965,1980,57.0
1,2,0,-2.55214262008667,0.7722222222222223,random,-0.015579704002097801,-0.03239038255479601,0.009829996250293873,0.039125882254706486,-0.005717646356787044,-0.02340976335721842,-0.002826591268547188,-0.001877420929350048,0.22777777777777777,0.77,0.25,1980,58.0
1,2,0,-2.55214262008667,0.7722222222222223,random_normmatched,-0.030311852914315682,-0.052038351694742836,0.04876057130319101,0.06481936560736762,-0.03207589869895696,-0.05634086786562679,-0.028022978008683253,-0.007247617583063533,0.21666666666666667,0.7666666666666667,0.23148148148148148,1980,58.0
1,2,0,-2.55214262008667,0.7722222222222223,random,0.0039426679964418765,0.00040946183381257233,-0.013439143145525898,0.04283221562703451,0.0011857293498840561,-0.0014305979623294204,0.008178402844928098,0.0031354850592773447,0.23148148148148148,0.7688888888888888,0.2638888888888889,1980,59.0
1,2,0,-2.55214262008667,0.7722222222222223,random_normmatched,0.0590128916281241,0.05450178075719763,-0.06082276944760923,0.060149397320217554,0.038299615103238524,0.03869647740918321,0.053707923281115795,0.034443549850814714,0.23703703703703705,0.7644444444444445,0.25925925925925924,1980,59.0
1,2,0,-2.55214262008667,0.7722222222222223,random,-0.004597494337293837,0.0009756618075900608,0.0006121352866843894,0.03578265508015951,-0.0008864507200055872,-0.009065485250069479,0.0008576889262212437,9.489254881447154e-05,0.22870370370370371,0.77,0.25,1980,60.0
1,2,0,-2.55214262008667,0.7722222222222223,random_normmatched,0.001989226871066623,0.03620223645810728,-0.011008066601223415,0.054604055616590715,-0.008742045460257537,-0.021058513773625092,0.006119689274922317,0.0018064795756095368,0.23333333333333334,0.7677777777777778,0.25,1980,60.0
1,2,0,-2.55214262008667,0.7722222222222223,random,0.002778311128969546,0.00023605205394603587,0.008134343889024523,0.04700763702392578,0.002216515833876379,-0.0025166793487113362,-0.0008410220298158714,0.0032277828979215936,0.23333333333333334,0.7644444444444445,0.25,1980,61.0
1,2,0,-2.55214262008667,0.7722222222222223,random_normmatched,0.02237091064453125,0.0218621536537453,-0.001559165672019676,0.06129884084065755,0.024181034616356997,-0.0012465973620632434,0.004716363452683833,0.03450079712026262,0.25,0.7688888888888888,0.25925925925925924,1980,61.0
1,2,0,-2.55214262008667,0.7722222222222223,random,-0.012745851940578885,-0.014550791846381294,-0.004577640250877098,0.035396429697672524,-0.00441164242747822,-0.01585718426834852,0.00236164751800953,-0.003825777961132027,0.23055555555555557,0.7688888888888888,0.25,1980,62.0
1,2,0,-2.55214262008667,0.7722222222222223,random_normmatched,-0.04519173304239909,-0.04960113101535373,-0.007498236055727359,0.0509110599093967,-0.028527931373882705,-0.04563541727204563,0.009012033413851876,-0.021539140171651358,0.22407407407407406,0.77,0.25,1980,62.0
1,2,0,-2.55214262008667,0.7722222222222223,random,-0.0066887855529785155,-0.003631733081958912,0.0005802013255931713,0.03818023045857748,-0.0011705494360139189,-0.008049341476467404,0.0011561368760433306,-0.0010725653409733465,0.22870370370370371,0.77,0.25,1980,63.0
1,2,0,-2.55214262008667,0.7722222222222223,random_normmatched,-0.017482211854722766,0.013402020489728009,-0.027920189610234014,0.054775660832722985,-0.011878750290669853,-0.013785189702304378,0.010185662007586888,-0.007052307512065911,0.2324074074074074,0.7755555555555556,0.2638888888888889,1980,63.0
1,2,0,-2.55214262008667,0.7722222222222223,random,-0.014053252891257957,-0.027673332779495803,-0.0021723923859772857,0.03645771662394206,-0.00856962038574061,-0.008409834895776456,0.0011123388501499513,-0.004664076207567662,0.23055555555555557,0.77,0.25,1980,64.0
1,2,0,-2.55214262008667,0.7722222222222223,random_normmatched,-0.07334517549585413,-0.11329325923213253,-0.013479635450575086,0.05474236382378472,-0.03879566715398301,-0.044449626765448995,0.004191487089995775,-0.02860397246084201,0.22962962962962963,0.7711111111111111,0.26851851851851855,1980,64.0
1,2,0,-2.55214262008667,0.7722222222222223,random,-0.0024453057183159723,-0.01082045943648727,-0.0012516374941225405,0.04105659484863281,0.0006288059015827794,-0.01095258709738471,0.0024492703516379418,0.0006228117114191077,0.22870370370370371,0.77,0.25,1980,65.0
1,2,0,-2.55214262008667,0.7722222222222223,random_normmatched,0.05900949372185601,0.03413767284817166,-0.025495186558476202,0.05387615309821235,0.027044829777525897,0.03602337194856064,0.011097198522564727,0.02897921590503104,0.23703703703703705,0.77,0.25,1980,65.0
1,2,0,-2.55214262008667,0.7722222222222223,random,0.0028389542191116896,0.012113853737160011,-0.009218567389029044,0.04089387363857693,0.0021696068398935377,-0.009283392036976807,0.004439192048570842,0.0028004179049830775,0.23148148148148148,0.7677777777777778,0.25462962962962965,1980,66.0
1,2,0,-2.55214262008667,0.7722222222222223,random_normmatched,0.05477460578635887,0.10545144257722078,-0.06665626102023654,0.07011766221788195,0.04379680983146007,0.00503580589270728,0.037648132608163715,0.05619217027188102,0.2462962962962963,0.7666666666666667,0.27314814814814814,1980,66.0
1,2,0,-2.55214262008667,0.7722222222222223,random,-0.009018998675876194,-0.018898487091064453,-0.0036658304708975333,0.04138886133829753,-0.0022421907337466713,-0.017423675830216676,0.004425054612407473,1.1290239901514593e-05,0.23333333333333334,0.7677777777777778,0.25,1980,67.0
1,2,0,-2.55214262008667,0.7722222222222223,random_normmatched,0.022329090259693287,0.038508998023139104,-0.033920404646131726,0.05700853135850695,-0.003319544011892412,-0.0013754598268760651,0.017263115929544694,0.014281549993750862,0.23796296296296296,0.7633333333333333,0.25,1980,67.0
1,2,0,-2.55214262008667,0.7722222222222223,random,-0.0030237657052499278,-0.003963647065339265,-0.001743014653523763,0.0398469787173801,-0.0007261917146126577,-0.009128008308191339,0.0036810400262421938,6.37570496823893e-05,0.22870370370370371,0.7722222222222223,0.25,1980,68.0
1,2,0,-2.55214262008667,0.7722222222222223,random_normmatched,0.00424343744913737,0.0018136766221788195,-0.03119156978748463,0.051178664101494686,0.0056535381117943226,-0.014718810375437305,0.024905769393659433,0.011750604414889867,0.24074074074074073,0.7688888888888888,0.2638888888888889,1980,68.0
1,2,0,-2.55214262008667,0.7722222222222223,random,-0.00954328113132053,-0.023081638194896555,0.004224738368281611,0.03748341878255208,-0.0028361477940922596,-0.011117159524819394,0.0013334020407506186,-0.0017026183472352936,0.22870370370370371,0.7711111111111111,0.25,1980,69.0
1,2,0,-2.55214262008667,0.7722222222222223,random_normmatched,-0.042035754521687826,-0.05779875649346246,0.008017684795238353,0.05404391076829698,-0.01886428176716933,-0.03275931511916592,-1.7665151312337024e-05,-0.01580940049847777,0.225,0.7688888888888888,0.24537037037037038,1980,69.0
1,2,0,-2.55214262008667,0.7722222222222223,random,0.010892032693933558,0.015535089704725478,-0.007235657727276837,0.04177995999654134,0.005704480869723168,0.01060732628732047,0.0035708291718273793,0.007500635508150535,0.22962962962962963,0.77,0.25,1980,70.0
1,2,0,-2.55214262008667,0.7722222222222223,random_normmatched,0.09317359394497342,0.1402141253153483,-0.05358586841159397,0.07544168366326226,0.08764039445204388,0.05709481822984521,0.04140827258626277,0.08855960833078616,0.25833333333333336,0.77,0.26851851851851855,1980,70.0
1,2,0,-2.55214262008667,0.7722222222222223,random,-0.0062783417878327545,-0.0063822004530164934,0.0016455226474338107,0.039759014977349176,-0.0029493809591375868,-0.007977807993738312,0.0008838942989718424,-0.0015598641587211024,0.23055555555555557,0.7666666666666667,0.25,1980,71.0
1,2,0,-2.55214262008667,0.7722222222222223,random_normmatched,-0.010810295740763346,-0.011033764591923467,0.0026924256925229674,0.05189234521653917,-0.010902025239963734,-0.004024366602584802,-0.003178270452021264,-0.00449724029032008,0.2351851851851852,0.77,0.25,1980,71.0
1,2,0,-2.55214262008667,0.7722222222222223,random,-0.012121267671938296,-0.01245203724613896,0.007883946100870768,0.038731790118747285,-0.00528763698839516,-0.015081750952349482,-0.0013229237687193735,-0.0027869703062470773,0.22962962962962963,0.7688888888888888,0.25,1980,72.0
1,2,0,-2.55214262008667,0.7722222222222223,random_normmatched,-0.044464008896439165,-0.051556163363986544,0.028840485325566045,0.05317827330695258,-0.02615521769046293,-0.040643336536153325,-0.01688958822710404,-0.01992041078011462,0.22777777777777777,0.7711111111111111,0.25,1980,72.0
1,2,0,-2.55214262008667,0.7722222222222223,random,-0.015233488436098452,-0.01292597806012189,0.0013275676303439671,0.036117353439331056,-0.005637051711979627,-0.010549933475332545,0.00031901814490267445,-0.0033839312719241917,0.22962962962962963,0.7666666666666667,0.25,1980,73.0
1,2,0,-2.55214262008667,0.7722222222222223,random_normmatched,-0.05777092333193178,-0.0596613883972168,0.004198008996469003,0.057961182064480254,-0.05231139317251499,-0.05077829512209267,-0.00013956703945619507,-0.03753968980484156,0.23425925925925925,0.7666666666666667,0.24537037037037038,1980,73.0
1,2,0,-2.55214262008667,0.7722222222222223,random,-0.0058010701779966,-0.012727825729935258,-0.0015734760849564163,0.038594724867078996,-0.0019485144078036601,-0.010730340135616698,0.0032240916439940396,-0.0009949145196734698,0.22962962962962963,0.7711111111111111,0.25,1980,74.0
1,2,0,-2.55214262008667,0.7722222222222223,random_normmatched,0.0004577265845404731,-0.008020612928602431,-0.013997341085363317,0.052184274461534286,-0.006096791566445123,-0.014731154826421521,0.008684854050708981,-0.00495181072811522,0.24166666666666667,0.7677777777777778,0.25462962962962965,1980,74.0
1,2,0,-2.55214262008667,0.7722222222222223,random,0.0005953806417959708,0.0024231628135398583,-0.010379898989642108,0.04037044419182671,0.0005777525266670401,-0.0019242380657246026,0.006121604569975689,0.0007390001078743402,0.23703703703703705,0.77,0.26851851851851855,1980,75.0
1,2,0,-2.55214262008667,0.7722222222222223,random_normmatched,0.029178619384765625,0.025186679981372976,-0.06592041474801523,0.05810965538024902,0.02125441038468914,0.009419066867662822,0.04900532114199525,0.017638601991677598,0.25,0.7677777777777778,0.27314814814814814,1980,75.0
1,2,0,-2.55214262008667,0.7722222222222223,random,-0.018058236440022787,-0.011821111043294271,0.0011008068367286965,0.03850702497694227,-0.008685492970144117,-0.019909602982305756,-0.0023322319682110297,-0.006293828366671894,0.22870370370370371,0.7688888888888888,0.25,1980,76.0
1,2,0,-2.55214262008667,0.7722222222222223,random_normmatched,-0.09328080989696362,-0.09765600275110316,0.0006157998685483579,0.059938251707288955,-0.06437344534131562,-0.08353674969575102,0.002260414545716373,-0.05085975848006401,0.21203703703703702,0.7655555555555555,0.24074074074074073,1980,76.0
1,2,0,-2.55214262008667,0.7722222222222223,random,-0.000570608068395544,-0.008790581314652055,-0.009939110720599139,0.04017459233601888,0.0009663092723188409,-0.01054286517655835,0.00633313623679564,0.0014203965675081147,0.2351851851851852,0.7666666666666667,0.25,1980,77.0
1,2,0,-2.55214262008667,0.7722222222222223,random_normmatched,0.038555830496328845,0.04827619481969763,-0.042084354824490015,0.06272134251064725,0.033032633759247004,1.1839923996860414e-05,0.040166764044665584,0.041898390383126156,0.23981481481481481,0.7677777777777778,0.24074074074074073,1980,77.0
1,2,0,-2.55214262008667,0.7722222222222223,random,-0.004549891860396774,-0.001991430918375651,0.005067915386623807,0.03358150164286296,-0.0014536964605231764,-0.009616178359340418,-0.0003335274650703338,-0.00023143742472569008,0.23055555555555557,0.77,0.25,1980,78.0
1,2,0,-2.55214262008667,0.7722222222222223,random_normmatched,0.0058765128806785305,0.013157367706298828,0.015305321304886429,0.050755050447252065,-0.0031160748145719662,-0.0009582115452950537,-0.011278502277972079,0.001474402886221687,0.22962962962962963,0.77,0.25,1980,78.0
1,2,0,-2.55214262008667,0.7722222222222223,random,-0.003620840001989294,-0.00812246181346752,-0.00998064500314218,0.038437069786919485,-0.0011118714335099891,-0.0059281799192520135,0.004012045365857849,0.00044010689116996573,0.23055555555555557,0.7722222222222223,0.25,1980,79.0
1,2,0,-2.55214262008667,0.7722222222222223,random_normmatched,0.012979380289713542,-0.0077532485679343895,-0.05065344174702962,0.051718324025472,0.00290204289479562,0.02456546698004782,0.04002167702730495,0.0010926626385473347,0.24259259259259258,0.7655555555555555,0.2638888888888889,1980,79.0
1,2,0,-2.55214262008667,0.7722222222222223,random,-0.0018443036962438512,-0.0056156229089807585,0.012187881822939272,0.04160975138346354,-0.00014123728664367392,0.0024657759689179354,-0.002492243214161286,0.0006774701985456961,0.23055555555555557,0.7655555555555555,0.25,1980,80.0
1,2,0,-2.55214262008667,0.7722222222222223,random_normmatched,-0.004656827008282697,-0.01296926427770544,0.009855807269061054,0.064950622982449,-0.00430273980211456,0.0022803821858579172,-0.013692228902252381,-0.0027757432373210853,0.2324074074074074,0.7677777777777778,0.25,1980,80.0
1,2,0,-2.55214262008667,0.7722222222222223,random,-0.007915530381379304,-0.009727425045437284,-0.0022718853420681424,0.04014708095126682,-0.0032771689056999374,-0.0112343182721762,0.0021377643697936257,-0.0015136247196591915,0.22962962962962963,0.77,0.25462962962962965,1980,81.0
1,2,0,-2.55214262008667,0.7722222222222223,random_normmatched,-0.0072803497314453125,-0.015412012736002604,-0.03280790117051866,0.054316987991333006,-0.006726093000194006,-0.036576273624782475,0.02506964242197285,0.0016937509766479413,0.2351851851851852,0.77,0.26851851851851855,1980,81.0
1,2,0,-2.55214262008667,0.7722222222222223,random,-0.016757518273812753,-0.01890438574331778,-0.001595306396484375,0.03726021342807346,-0.006612919605050671,-0.01512244013277412,0.0027426367763507065,-0.004693391047792162,0.22870370370370371,0.7722222222222223,0.25,1980,82.0
1,2,0,-2.55214262008667,0.7722222222222223,random_normmatched,-0.09166255173859773,-0.0822029643588596,-0.016417547508522316,0.05605241033766005,-0.04812084861652239,-0.05671701293590895,0.007624480913358895,-0.041026531902989896,0.22777777777777777,0.7688888888888888,0.24537037037037038,1980,82.0
1,2,0,-2.55214262008667,0.7722222222222223,random,-0.007030827910811813,-0.011120036796287255,-0.004951704872979058,0.03793874210781521,-0.001569115009056339,-0.0037173564471623148,0.0018926867054070973,-0.0012421543292793233,0.22962962962962963,0.7711111111111111,0.25462962962962965,1980,83.0
1,2,0,-2.55214262008667,0.7722222222222223,random_normmatched,0.007267639372083876,-0.0032937615006058303,-0.018396628344500506,0.049272899627685544,-0.005925999995062324,0.004056245430879677,0.008853109521263159,-0.0011216961320293481,0.24074074074074073,0.7688888888888888,0.2638888888888889,1980,83.0
1,2,0,-2.55214262008667,0.7722222222222223,random,-0.009526130888197157,-0.011748472849527994,-0.0016232543521457249,0.03595823499891493,-0.0034018732410091047,-0.014948813321169955,0.0014523474241694876,-0.0017378047957629832,0.22962962962962963,0.7711111111111111,0.25,1980,84.0
1,2,0,-2.55214262008667,0.7722222222222223,random_normmatched,-0.007623328102959527,-0.0012450041594328704,-0.005662907494439019,0.05186181386311849,-0.006428254617713158,-0.022291473062985158,-0.0012791591324633643,-0.0011489203270046598,0.2351851851851852,0.7666666666666667,0.25925925925925924,1980,84.0
1,2,0,-2.55214262008667,0.7722222222222223,random,0.0008542043191415292,0.002192991751211661,-0.004557542447690611,0.039155346552530924,0.0008080727115965221,-0.004800487643303604,0.0018310343138364638,0.0010745914694478388,0.23148148148148148,0.7711111111111111,0.25,1980,85.0
1,2,0,-2.55214262008667,0.7722222222222223,random_normmatched,0.0467673036787245,0.07704353332519531,-0.06145348725495515,0.08205904006958008,0.009441942472026621,0.0008199815420385134,0.04004471488860297,0.011976860699909778,0.24166666666666667,0.7733333333333333,0.2638888888888889,1980,85.0
1,2,0,-2.55214262008667,0.7722222222222223,random,-0.008810783315587926,-0.007888423071967231,-0.0008876517966941551,0.04038857883877224,-0.0021895769764002553,0.0011182646956796227,0.0014159252433920985,-0.001275715477746998,0.22962962962962963,0.7688888888888888,0.25,1980,86.0
1,2,0,-2.55214262008667,0.7722222222222223,random_normmatched,-0.04795474476284451,-0.08227941724989149,0.0040371453320538556,0.05577614042494032,-0.03467437615619267,-0.02411542535231959,-0.00445208073595114,-0.03317218371549648,0.23333333333333334,0.7655555555555555,0.25462962962962965,1980,86.0
1,2,0,-2.55214262008667,0.7722222222222223,random,-0.00690204832288954,-0.013810599291766132,-0.0027327201984546803,0.039567074245876736,-0.003216319070329793,-0.012240739739367717,0.0011336677722823684,-0.0005320019603145664,0.22870370370370371,0.7711111111111111,0.25,1980,87.0
1,2,0,-2.55214262008667,0.7722222222222223,random_normmatched,0.011702120745623554,0.01526447578712746,0.005867391162448459,0.0536097526550293,0.005499880496616764,0.006965664129029672,0.000818297195001629,0.007810790401108705,0.23796296296296296,0.7644444444444445,0.25462962962962965,1980,87.0
1,2,0,-2.55214262008667,0.7722222222222223,random,-0.008985854961253979,-0.012759756158899379,-0.0012105482595938224,0.03876910421583388,-0.0022240272376564453,-0.014209078952519454,0.0031936961454214624,-0.0010249135536217631,0.22870370370370371,0.77,0.25,1980,88.0
1,2,0,-2.55214262008667,0.7722222222222223,random_normmatched,-0.01019033326043023,-0.010800962094907407,-0.017839120935510707,0.056348225275675456,-0.007511258919276797,-0.015498243059584875,0.014377834882550157,-0.003594474325070471,0.2361111111111111,0.77,0.25,1980,88.0
1,2,0,-2.55214262008667,0.7722222222222223,random,-0.008322957709983543,-0.0062645452993887445,-0.0003612023812753183,0.03793391121758355,-0.0009163558571394482,-0.01568392868421553,0.0018070435416844524,-5.030271018540178e-05,0.22962962962962963,0.7688888888888888,0.25,1980,89.0
1,2,0,-2.55214262008667,0.7722222222222223,random_normmatched,0.006739681738394278,-0.017672291508427373,-0.023382801479763456,0.05232203695509169,0.008966367120919923,-0.02362889381177342,0.020807245977760805,0.01467558164019667,0.23981481481481481,0.7688888888888888,0.25462962962962965,1980,89.0
1,2,0,-2.55214262008667,0.7722222222222223,random,-0.004381517127708153,-0.01404446142691153,-0.00179292360941569,0.039060509999593096,-0.0023735565182109422,-0.016101626618340224,0.001083065500180307,-0.0003933462245471798,0.23333333333333334,0.7666666666666667,0.25,1980,90.0
1,2,0,-2.55214262008667,0.7722222222222223,random_normmatched,0.009741975643016675,-0.007022451471399378,-0.015292409614280418,0.05706169976128472,0.0034394400199421844,-0.026151391312566677,0.00706683099574716,0.008126730205554107,0.24166666666666667,0.7622222222222222,0.25925925925925924,1980,90.0
1,2,0,-2.55214262008667,0.7722222222222223,random,-0.013355710771348742,-0.005375632533320674,-0.0009719548402009187,0.03805268817477756,-0.006627285732943227,-0.008540356622870194,0.0020853271461142684,-0.005180493369912371,0.22870370370370371,0.7722222222222223,0.25,1980,91.0
1,2,0,-2.55214262008667,0.7722222222222223,random_normmatched,-0.0357702996995714,-0.024771178210223163,-0.005728077005456995,0.05550896008809408,-0.008505550973853943,-0.02585640618870665,0.0029346403345949616,-0.005996114076922871,0.24166666666666667,0.77,0.25925925925925924,1980,91.0
1,2,0,-2.55214262008667,0.7722222222222223,random,-0.009001131410951968,-0.008535614720097295,-0.0009708899038809318,0.03934846772087945,-0.005749283847864106,-0.009737250119973636,0.0015023059118382926,-0.004031818062465969,0.2324074074074074,0.7688888888888888,0.2638888888888889,1980,92.0
1,2,0,-2.55214262008667,0.7722222222222223,random_normmatched,-0.015857964974862557,-0.003592932665789569,-0.016430558098687067,0.05353841145833333,-0.013211529361397096,-0.006153415294225952,0.009921608569301722,-0.007168135277322166,0.23425925925925925,0.7722222222222223,0.27314814814814814,1980,92.0
1,2,0,-2.55214262008667,0.7722222222222223,random,-0.0025461868003562645,-0.009014359226933232,-0.0011416629508689598,0.041729595396253795,0.0003405341735385893,0.0013380069474181883,0.0028380053058244563,0.001117763962573059,0.23055555555555557,0.7688888888888888,0.25,1980,93.0
1,2,0,-2.55214262008667,0.7722222222222223,random_normmatched,0.0017229574697989005,0.004756168082908348,0.00010303214744285301,0.05162890964084201,0.0007181793292189106,0.0030665905683961935,-0.002605566672621344,0.006871199294382889,0.22777777777777777,0.7688888888888888,0.24537037037037038,1980,93.0
1,2,0,-2.55214262008667,0.7722222222222223,random,-0.020930585154780634,-0.03250164455837674,0.0037614769405788845,0.04195169236924913,-0.011895866311593974,-0.024852530363725103,6.269147878921173e-05,-0.008245895912134545,0.22870370370370371,0.7711111111111111,0.25,1980,94.0
1,2,0,-2.55214262008667,0.7722222222222223,random_normmatched,-0.045810393933896666,-0.05100882494891131,-0.0007216365249068648,0.060714457829793296,-0.052077495737522086,-0.045394249891631905,-0.008637080189169942,-0.042539845514140306,0.22870370370370371,0.7722222222222223,0.25,1980,94.0
1,2,0,-2.55214262008667,0.7722222222222223,random,-0.005539364284939236,-0.006679729179099754,-0.0012413837291576245,0.04283223046196832,-0.002914097093443908,-0.02139113012059791,-8.522249873966727e-05,0.0004781414091112961,0.22962962962962963,0.7688888888888888,0.25,1980,95.0
1,2,0,-2.55214262008667,0.7722222222222223,random_normmatched,-0.0026194802036991825,0.02669456270005968,-0.023490029794198494,0.06115524715847439,0.005863288002516882,-0.024286137322238388,0.017589016172203265,0.007135044024118818,0.22777777777777777,0.7788888888888889,0.25,1980,95.0
1,2,0,-2.55214262008667,0.7722222222222223,random,-0.008177965658682364,-0.010387632581922743,-0.0009620754807083695,0.03871677398681641,-0.002399716946022269,-0.015605335098425509,0.0010643767480099963,-0.0009501765927417914,0.22870370370370371,0.77,0.25,1980,96.0
1,2,0,-2.55214262008667,0.7722222222222223,random_normmatched,0.022312245545563873,0.043955732274938514,0.005469142066107856,0.05225520769755045,0.005610922123410356,0.024006107541085335,7.175857788126137e-05,0.007296688624040924,0.23703703703703705,0.7688888888888888,0.25925925925925924,1980,96.0
1,2,0,-2.55214262008667,0.7722222222222223,random,-0.007534940154464156,-0.017469123557761864,-0.0026852254514341,0.03829108132256402,-0.0018781923160633182,-0.013302683198696546,0.0024064278292612994,-0.0007692117065199269,0.23055555555555557,0.77,0.25462962962962965,1980,97.0
1,2,0,-2.55214262008667,0.7722222222222223,random_normmatched,0.005217292573716906,-0.002138844242802373,-0.0274559462511981,0.06000583224826389,-0.0008338201285139277,-0.014814670720920927,0.01890000150459477,0.002570280135788934,0.2324074074074074,0.7722222222222223,0.25,1980,97.0
1,2,0,-2.55214262008667,0.7722222222222223,random,-0.01126183757075557,-0.017494819782398367,0.00324382605376067,0.039570272233751085,-0.005035482637459281,-0.004274401238887104,0.0008727665911896224,-0.0027335815117890145,0.23148148148148148,0.7711111111111111,0.25,1980,98.0
1,2,0,-2.55214262008667,0.7722222222222223,random_normmatched,-0.03542740609910753,-0.062195142110188804,-0.002204082630298756,0.052775836520724824,-0.021575696646347058,-0.020466213634840663,0.002606653825086319,-0.012099141031819072,0.23425925925925925,0.77,0.25925925925925924,1980,98.0
1,2,0,-2.55214262008667,0.7722222222222223,random,-0.009779200730500398,-0.014889240264892578,-0.00034536432336877893,0.037358507580227324,-0.003297248191020969,-0.01688617878465117,0.00015825739467756166,-0.0014492906238973773,0.23055555555555557,0.7666666666666667,0.25,1980,99.0
1,2,0,-2.55214262008667,0.7722222222222223,random_normmatched,-0.03878812613310637,-0.016211174152515554,-0.015007766087849934,0.05565588315327962,-0.013552717804761902,-0.03259132392989864,0.011812959079356835,-0.005792728450225881,0.2324074074074074,0.7722222222222223,0.26851851851851855,1980,99.0
1,2,0,-2.55214262008667,0.7722222222222223,shuffled_labels,0.7887229513238978,0.8148208017702456,-0.7448160100866247,0.5732942401038276,0.4975322434940445,0.6404835286427226,0.40840187564076447,0.4104375824029345,0.5425925925925926,0.6922222222222222,0.5509259259259259,1980,
1,2,1,-2.33187198638916,0.7666666666666667,das,2.758294835408529,2.789765548706055,-2.3090199381510415,0.6239741738637289,1.2593525205623504,3.534149853567985,1.4752755541003972,1.2998256212120611,0.9306666666666666,0.7116666666666667,0.9533333333333334,1350,
1,2,1,-2.33187198638916,0.7666666666666667,random,-0.007228571573893229,-0.01309313456217448,0.0071077880859375,0.04244335810343425,-0.00027436774846089534,-0.000357282502108115,-0.0024974247814108616,0.00046892168671515075,0.236,0.7583333333333333,0.23333333333333334,1350,0.0
1,2,1,-2.33187198638916,0.7666666666666667,random_normmatched,-0.05904332224527995,-0.10841527303059896,-0.010621170043945312,0.05220150152842204,-0.04041779894514565,-0.06549972747559779,0.0031974307513508086,-0.025600631810798503,0.236,0.7583333333333333,0.24,1350,0.0
1,2,1,-2.33187198638916,0.7666666666666667,random,0.013805061340332032,0.013607559204101562,0.009162691752115886,0.04690552393595378,0.007063415205256786,0.01923352921811564,-0.004126653476580912,0.005381663675589857,0.24,0.7633333333333333,0.23333333333333334,1350,1.0
1,2,1,-2.33187198638916,0.7666666666666667,random_normmatched,0.04722670237223307,0.061737594604492185,0.008650660196940104,0.05398099899291992,0.024850563274818167,0.058792478682474184,-0.011985601846951867,0.029208232758309777,0.23066666666666666,0.7666666666666667,0.24666666666666667,1350,1.0
1,2,1,-2.33187198638916,0.7666666666666667,random,0.003712394714355469,-0.00894256591796875,0.004980580647786458,0.0413923438390096,0.0016812819131538388,0.006395104233145404,-0.0010569393946391308,0.0015460316247386892,0.24133333333333334,0.7616666666666667,0.23333333333333334,1350,2.0
1,2,1,-2.33187198638916,0.7666666666666667,random_normmatched,0.016277308146158853,0.00889916737874349,0.009096143086751302,0.05328818798065185,0.00350208606203069,0.009134663856899343,-0.001429518325787733,-0.007708372526093448,0.24266666666666667,0.7616666666666667,0.23333333333333334,1350,2.0
1,2,1,-2.33187198638916,0.7666666666666667,random,0.004538258870442708,-0.00331085205078125,0.002820716857910156,0.0398603630065918,0.002661321864357972,-0.004481710335077195,-0.0028814110902179407,0.0012406692835732164,0.23733333333333334,0.7666666666666667,0.23333333333333334,1350,3.0
1,2,1,-2.33187198638916,0.7666666666666667,random_normmatched,0.010742833455403646,0.042221781412760416,-0.03480901590983073,0.05892974535624186,0.008908377832839695,-0.07776281287869813,0.020418572553072768,0.013499313934632454,0.22133333333333333,0.7666666666666667,0.23333333333333334,1350,3.0
1,2,1,-2.33187198638916,0.7666666666666667,random,-0.001233472188313802,-0.016669158935546876,0.009887489318847656,0.04442317644755046,-0.0015212056177730914,0.0009588124647845542,-0.0035785386590875714,0.0010005291620849737,0.23733333333333334,0.765,0.23333333333333334,1350,4.0
1,2,1,-2.33187198638916,0.7666666666666667,random_normmatched,-0.0008955586751302083,0.006242624918619792,0.026186614990234374,0.054146893819173175,-0.0020683249535344023,-0.037178912722599565,-0.016698417029156688,0.013285401688027509,0.236,0.7633333333333333,0.24666666666666667,1350,4.0
1,2,1,-2.33187198638916,0.7666666666666667,random,0.005843043009440104,-0.003560231526692708,0.004474113464355469,0.03835095882415771,0.001825217514638273,0.0042997537917902,-0.0029330847655066735,0.002195865048553582,0.24,0.765,0.23333333333333334,1350,5.0
1,2,1,-2.33187198638916,0.7666666666666667,random_normmatched,0.01610321553548177,0.012632815043131511,0.009093920389811197,0.04753760019938151,0.016106633960783923,-0.031583018336760256,-0.009920244361069594,0.01583347295497259,0.22933333333333333,0.7566666666666667,0.23333333333333334,1350,5.0
1,2,1,-2.33187198638916,0.7666666666666667,random,0.007126391092936198,0.012936731974283855,0.007969919840494792,0.038405117988586424,0.0018234983144674991,0.009724979749431007,-0.0020564550829258836,0.0010300325484009392,0.232,0.7633333333333333,0.23333333333333334,1350,6.0
1,2,1,-2.33187198638916,0.7666666666666667,random_normmatched,0.034519241333007815,0.05566970825195312,0.0059025115966796875,0.05348266919453939,0.027920815675050375,0.04176833744777542,-0.005244165373991204,0.01780942721174548,0.22933333333333333,0.765,0.23333333333333334,1350,6.0
1,2,1,-2.33187198638916,0.7666666666666667,random,0.031352012634277344,0.026318155924479166,-0.0017724126180013022,0.041008130709330244,0.015969450086553476,0.04118218030920762,0.001247126129367706,0.008393581452435503,0.24266666666666667,0.7633333333333333,0.23333333333333334,1350,7.0
1,2,1,-2.33187198638916,0.7666666666666667,random_normmatched,0.20614175923665365,0.21675699869791668,-0.07791509246826171,0.06551078637440999,0.12895922007036856,0.27282287766551533,0.04536052343914533,0.09353406435846918,0.24666666666666667,0.7616666666666667,0.23333333333333334,1350,7.0
1,2,1,-2.33187198638916,0.7666666666666667,random,0.0030390955607096353,-0.013389536539713542,0.011550944010416666,0.04245337963104248,0.0008862836721027377,0.006804362827862987,-0.005119870855807779,7.669569385635536e-05,0.236,0.7633333333333333,0.23333333333333334,1350,8.0
1,2,1,-2.33187198638916,0.7666666666666667,random_normmatched,0.02517840321858724,0.0010517120361328125,0.06217921447753906,0.05026511987050374,0.009582605396529111,0.031676533589602734,-0.053128352564895134,0.006062527241748227,0.22533333333333333,0.7633333333333333,0.23333333333333334,1350,8.0
1,2,1,-2.33187198638916,0.7666666666666667,random,0.01131354014078776,0.0006567128499348958,0.007947011311848958,0.040602374076843264,0.007055648920880388,0.016971941811323697,-0.003238973121737997,0.003533348050838468,0.23333333333333334,0.7666666666666667,0.23333333333333334,1350,9.0
1,2,1,-2.33187198638916,0.7666666666666667,random_normmatched,0.0642611821492513,0.09087944030761719,-0.006716728210449219,0.06147595882415771,0.041454500651147065,0.04677505541460183,-0.0008417716573207921,0.04936460197938616,0.23466666666666666,0.7633333333333333,0.23333333333333334,1350,9.0
1,2,1,-2.33187198638916,0.7666666666666667,random,0.004898979187011719,-0.0033767954508463543,0.0032677383422851564,0.04097574392954508,0.0011260357919949061,0.009181880749016196,-0.0002915157327397013,-0.0005074186301656131,0.23733333333333334,0.7633333333333333,0.23333333333333334,1350,10.0
1,2,1,-2.33187198638916,0.7666666666666667,random_normmatched,0.0026460545857747396,-0.016602757771809896,-0.026207661946614582,0.05000121752421061,0.00470634223070138,0.009873245082479812,0.015331827122961494,0.005607800258257326,0.24,0.76,0.23333333333333334,1350,10.0
1,2,1,-2.33187198638916,0.7666666666666667,random,0.008208386739095052,-0.0006505330403645833,0.004442598978678386,0.04085492451985677,0.001985235859274771,0.018472706655940765,-0.003883238985318695,0.0016049018568206547,0.23733333333333334,0.7666666666666667,0.23333333333333334,1350,11.0
1,2,1,-2.33187198638916,0.7666666666666667,random_normmatched,0.019920679728190106,-0.024947369893391927,-0.006627616882324219,0.053886337280273436,0.011949027227004335,0.05546444986731011,-0.007421787137230856,0.008594601038017612,0.23733333333333334,0.7633333333333333,0.23333333333333334,1350,11.0
1,2,1,-2.33187198638916,0.7666666666666667,random,-0.021574244181315105,-0.028175735473632814,0.01756029510498047,0.03847905953725179,-0.011092407466894891,-0.027956041262451364,-0.005727228835571398,-0.0059275065943510865,0.23066666666666666,0.77,0.23333333333333334,1350,12.0
1,2,1,-2.33187198638916,0.7666666666666667,random_normmatched,-0.16754188537597656,-0.19877507527669272,0.04387762705485026,0.06285176118214925,-0.08283278342805649,-0.2593619686107174,-0.01115710213485584,-0.06562081046214555,0.22533333333333333,0.7716666666666666,0.22666666666666666,1350,12.0
1,2,1,-2.33187198638916,0.7666666666666667,random,0.0016728871663411458,-0.00461090087890625,0.0014700393676757813,0.039297078450520835,0.0008494184723285481,0.0026901152268716936,-0.00024298029080270888,-0.0005510070665878031,0.24133333333333334,0.755,0.23333333333333334,1350,13.0
1,2,1,-2.33187198638916,0.7666666666666667,random_normmatched,-0.027099039713541665,-0.016154365539550783,-0.020784398396809897,0.05695389270782471,-0.022907196142114818,-0.07190541878654856,0.01350026317237008,-0.013347909910841576,0.244,0.7616666666666667,0.23333333333333334,1350,13.0
1,2,1,-2.33187198638916,0.7666666666666667,random,0.012757588704427083,0.01128161112467448,-0.0038072408040364584,0.04188965797424316,0.008793798119704037,0.01900158144850394,0.0016142488837003245,0.0060980603944734806,0.23733333333333334,0.7666666666666667,0.23333333333333334,1350,14.0
1,2,1,-2.33187198638916,0.7666666666666667,random_normmatched,0.13118212381998698,0.06797622680664063,-0.09303255462646484,0.06178112506866455,0.07999105803080825,0.1587310294193989,0.05812692818203089,0.06691762578260912,0.268,0.7666666666666667,0.24666666666666667,1350,14.0
1,2,1,-2.33187198638916,0.7666666666666667,random,-0.004270215352376302,-0.015395304361979167,0.005346448262532552,0.03957047939300537,-0.001956550338637517,-0.0036458294616956337,-0.0008979308131447484,-0.002774032497252058,0.23866666666666667,0.7616666666666667,0.23333333333333334,1350,15.0
1,2,1,-2.33187198638916,0.7666666666666667,random_normmatched,-0.02550262451171875,-0.03872647603352865,-0.013258232116699218,0.04642176628112793,-0.016307223904336757,-0.05125068163361464,0.005654015033191125,-0.006965486166811548,0.236,0.7633333333333333,0.23333333333333334,1350,15.0
1,2,1,-2.33187198638916,0.7666666666666667,random,0.003920575459798177,0.0003519185384114583,0.008307401021321615,0.039708797136942545,0.0010600572099625503,0.005056985543136482,-0.0035827226120045937,0.0006445532636170587,0.23466666666666666,0.7616666666666667,0.23333333333333334,1350,16.0
1,2,1,-2.33187198638916,0.7666666666666667,random_normmatched,0.003402325948079427,-0.007601801554361979,0.015505399068196615,0.05125919977823893,0.00016676241656506672,-0.0153496845092318,-0.007090691499286264,-0.0010626590402620208,0.22133333333333333,0.765,0.23333333333333334,1350,16.0
1,2,1,-2.33187198638916,0.7666666666666667,random,0.000258636474609375,-0.0025065867106119793,0.007931805928548178,0.04721194267272949,0.0004996299055779372,0.0043171506111334326,-0.0017386844393759877,-0.0015285365490830829,0.236,0.76,0.23333333333333334,1350,17.0
1,2,1,-2.33187198638916,0.7666666666666667,random_normmatched,-0.006698097229003906,-0.013025741577148437,0.006425407409667969,0.06028194904327393,-0.005575433252104501,0.012031072427830357,-0.010347865827888006,-0.03178715816232926,0.236,0.7633333333333333,0.26,1350,17.0
1,2,1,-2.33187198638916,0.7666666666666667,random,0.009516830444335938,-0.005908940633138021,0.0025189539591471354,0.0417005983988444,0.006796837405053998,0.012244908096417258,-0.0011855492767301756,0.00411534956596618,0.23866666666666667,0.7616666666666667,0.23333333333333334,1350,18.0
1,2,1,-2.33187198638916,0.7666666666666667,random_normmatched,0.024347185770670573,0.014929771423339844,-0.01596735382080078,0.0508515199025472,0.016500258145365605,-0.003100641862560933,0.016547025375216896,0.01744673052295217,0.23466666666666666,0.7633333333333333,0.23333333333333334,1350,18.0
1,2,1,-2.33187198638916,0.7666666666666667,random,0.004225941975911458,-0.002797749837239583,0.005593009948730469,0.0387844721476237,0.0007783644556318635,0.008517127460338052,-0.0015440723349914884,0.0002482133898406172,0.236,0.7616666666666667,0.23333333333333334,1350,19.0
1,2,1,-2.33187198638916,0.7666666666666667,random_normmatched,0.02420874532063802,0.029046351114908855,-0.016724217732747397,0.05397098064422608,0.008960601239506968,0.04260081364806285,-0.0057149554878275135,0.005302330857188778,0.236,0.7616666666666667,0.24,1350,19.0
1,2,1,-2.33187198638916,0.7666666666666667,random,-0.0015362930297851563,-0.009956715901692708,-0.00045981343587239584,0.041573869387308754,-0.00139226560496505,-0.0034362633635855446,-0.0018785127199322635,-0.0010072264796879078,0.23733333333333334,0.77,0.23333333333333334,1350,20.0
1,2,1,-2.33187198638916,0.7666666666666667,random_normmatched,-0.009835352579752604,-0.04749963124593099,-0.009214553833007812,0.047429676055908206,0.0033781073759847186,-0.05657657183487303,0.009475085207858464,0.006830852756831623,0.22933333333333333,0.7583333333333333,0.23333333333333334,1350,20.0
1,2,1,-2.33187198638916,0.7666666666666667,random,0.012547220865885417,-0.0011142985026041667,-0.0037814534505208335,0.0410955286026001,0.004476224177971602,0.022024727133361906,0.0001862894655743011,0.002918580150773744,0.24266666666666667,0.76,0.23333333333333334,1350,21.0
1,2,1,-2.33187198638916,0.7666666666666667,random_normmatched,0.10507165018717447,0.09597663879394532,-0.040096939086914064,0.04971589883168538,0.06267315569220014,0.13890878984851668,0.023140425330417786,0.04560897024251596,0.24266666666666667,0.76,0.23333333333333334,1350,21.0
1,2,1,-2.33187198638916,0.7666666666666667,random,0.007079803466796875,0.0017668660481770834,-0.003299102783203125,0.040498580932617184,0.0014688964878042025,0.011569516712673504,0.0007398291401563612,0.0005650754198447815,0.23866666666666667,0.7666666666666667,0.23333333333333334,1350,22.0
1,2,1,-2.33187198638916,0.7666666666666667,random_normmatched,0.023468032836914062,0.042176984151204425,-0.04331654103597005,0.04696248690287272,0.006206790855096902,0.015361234007191778,0.021705475222743874,-0.002658957459248866,0.236,0.7633333333333333,0.23333333333333334,1350,22.0
1,2,1,-2.33187198638916,0.7666666666666667,random,0.015898590087890626,0.013790486653645833,0.011220410664876302,0.03867471694946289,0.0044584591095402715,0.03010144456460017,-0.0013141591588212204,0.002003190942239458,0.24,0.7633333333333333,0.23333333333333334,1350,23.0
1,2,1,-2.33187198638916,0.7666666666666667,random_normmatched,0.04580087534586588,0.10224180857340495,-0.024215690612792967,0.05104104518890381,0.0259364268430184,0.10136590747351194,0.013985120322521952,0.01665097612935473,0.24533333333333332,0.7616666666666667,0.26,1350,23.0
1,2,1,-2.33187198638916,0.7666666666666667,random,0.015670631408691408,0.008436635335286458,0.007605939229329427,0.04785491307576498,0.006628662791780504,0.01484086944025067,-0.0024853903802154443,0.0026294204089946822,0.24133333333333334,0.765,0.23333333333333334,1350,24.0
1,2,1,-2.33187198638916,0.7666666666666667,random_normmatched,0.06123961130777995,0.04204830169677734,0.004760444641113281,0.05570271809895833,0.04060464270006117,0.029085006845875568,-0.0011395075784178055,0.045723499937756755,0.232,0.77,0.24,1350,24.0
1,2,1,-2.33187198638916,0.7666666666666667,random,0.0067352015177408854,0.0007120005289713542,0.004881846110026042,0.04012717405954997,0.0010044454178485874,0.009819572226291729,-0.0034311557634229013,0.0015588594782475842,0.23333333333333334,0.7616666666666667,0.23333333333333334,1350,25.0
1,2,1,-2.33187198638916,0.7666666666666667,random_normmatched,0.0060474599202473955,-0.00014377593994140624,0.0008229166666666667,0.046332820256551104,-0.002748714539705644,-0.00535705113058241,-0.004822356479020744,-0.002459978230598874,0.24,0.7616666666666667,0.24,1350,25.0
1,2,1,-2.33187198638916,0.7666666666666667,random,0.006129913330078125,-0.00016805013020833334,0.0017367045084635416,0.040873022079467775,0.001833895009016156,0.006557399298955595,-0.0014243100619653602,0.0018730137726968889,0.244,0.7616666666666667,0.23333333333333334,1350,26.0
1,2,1,-2.33187198638916,0.7666666666666667,random_normmatched,0.03049236297607422,0.015712941487630208,0.01219232177734375,0.0511175282796224,0.01643322511591209,-0.0076228182011404515,-0.00546558083728089,0.01624938562130442,0.232,0.7616666666666667,0.23333333333333334,1350,26.0
1,2,1,-2.33187198638916,0.7666666666666667,random,0.002403953552246094,-0.0009052785237630208,0.013123298645019531,0.04280934810638428,0.0016673376322888715,0.009335837054855732,-0.0028246458805814907,0.0008275222990956942,0.23466666666666666,0.7666666666666667,0.23333333333333334,1350,27.0
1,2,1,-2.33187198638916,0.7666666666666667,random_normmatched,0.006199658711751302,-0.0030797576904296876,0.043754918416341146,0.05282133897145589,-0.0007529524006057525,-0.015537100979851753,-0.022096736650903188,0.0014979828326487673,0.22666666666666666,0.76,0.23333333333333334,1350,27.0
1,2,1,-2.33187198638916,0.7666666666666667,random,-0.003486529032389323,-0.0062967173258463545,0.008206354777018228,0.04090957323710124,-0.0005802300576361857,0.011077889122674047,-0.004396797904572175,-0.0018332963751785595,0.236,0.765,0.23333333333333334,1350,28.0
1,2,1,-2.33187198638916,0.7666666666666667,random_normmatched,-0.032865951538085934,-0.024804407755533855,-0.00177032470703125,0.059118096033732095,-0.022056192057581744,0.03390898191337646,0.005150630914288626,-0.008363328069885243,0.24133333333333334,0.7666666666666667,0.24,1350,28.0
1,2,1,-2.33187198638916,0.7666666666666667,random,0.015336924235026042,0.006674067179361979,0.0021883392333984374,0.040679825146993004,0.005025138847521001,0.03143718273736702,-8.309467492073771e-05,0.0028692167943099316,0.24266666666666667,0.7583333333333333,0.23333333333333334,1350,29.0
1,2,1,-2.33187198638916,0.7666666666666667,random_normmatched,0.0923577880859375,0.11056989034016927,0.00013306427001953124,0.051124107042948404,0.04429597148056378,0.18881146469584692,-0.003822592913885078,0.03595078796024152,0.256,0.755,0.26,1350,29.0
1,2,1,-2.33187198638916,0.7666666666666667,random,0.022089691162109376,0.02784283955891927,-0.005582817077636719,0.04434534867604573,0.011676617596610686,0.028796108657392447,0.00040219817672108524,0.006037461788619265,0.23866666666666667,0.7616666666666667,0.23333333333333334,1350,30.0
1,2,1,-2.33187198638916,0.7666666666666667,random_normmatched,0.16160477956136068,0.2461618677775065,-0.08912928517659505,0.0692237901687622,0.11271681847991498,0.1851555389205173,0.0522086707860613,0.08913957422963985,0.248,0.7616666666666667,0.23333333333333334,1350,30.0
1,2,1,-2.33187198638916,0.7666666666666667,random,0.01095844014485677,-0.006282882690429687,-0.0044336929321289065,0.042375229199727374,0.004760124545030363,0.00816647133681184,0.000977938363808544,0.004258313019127893,0.24,0.7666666666666667,0.23333333333333334,1350,31.0
1,2,1,-2.33187198638916,0.7666666666666667,random_normmatched,0.04738623809814453,0.03494728088378906,-0.028860275268554687,0.05435205141703288,0.033805692098004235,0.012236673019939356,0.03908544281582065,0.03377802744402034,0.24133333333333334,0.765,0.24,1350,31.0
1,2,1,-2.33187198638916,0.7666666666666667,random,0.01242150624593099,0.00044298807779947916,0.006192743937174479,0.03944201787312825,0.004919912580355601,0.009598743187883757,-0.001875365917036688,0.0026307988085757287,0.23733333333333334,0.7633333333333333,0.23333333333333334,1350,32.0
1,2,1,-2.33187198638916,0.7666666666666667,random_normmatched,0.03662651824951172,0.06055800120035807,0.004023028055826823,0.05321294625600179,0.035698183934020696,-0.006979984083759433,-0.00916793595851435,0.032958961251168636,0.22666666666666666,0.7566666666666667,0.23333333333333334,1350,32.0
1,2,1,-2.33187198638916,0.7666666666666667,random,0.021253756205240885,0.010384394327799478,-0.0060451126098632815,0.0430111567179362,0.008481237133531256,0.024327545792374266,-6.590267321299888e-05,0.007134117837858465,0.23733333333333334,0.765,0.23333333333333334,1350,33.0
1,2,1,-2.33187198638916,0.7666666666666667,random_normmatched,0.10936786142985026,0.09971026102701823,-0.08164603424072266,0.06029683430989583,0.0578436358791345,0.11141915680810549,0.05067619081302588,0.05892368238275252,0.26266666666666666,0.7616666666666667,0.24666666666666667,1350,33.0
1,2,1,-2.33187198638916,0.7666666666666667,random,0.006307533264160156,0.008675104777018229,0.006836166381835937,0.03968571662902832,0.001638411952456824,0.005291090584418643,-0.0012822015517561728,6.01805013838172e-05,0.23466666666666666,0.7683333333333333,0.23333333333333334,1350,34.0
1,2,1,-2.33187198638916,0.7666666666666667,random_normmatched,-0.0024267120361328126,-0.03304555257161458,0.0030221354166666665,0.05173994859059652,0.006116939986923359,-0.03639569835351723,0.0012463466755368512,-0.008196555193191776,0.23333333333333334,0.7633333333333333,0.24,1350,34.0
1,2,1,-2.33187198638916,0.7666666666666667,random,0.004728159586588542,0.007392959594726562,0.005297236124674479,0.040521736145019534,0.003208231967798424,0.01352214728350755,-0.002406880239083437,0.00147566333166071,0.23333333333333334,0.7633333333333333,0.23333333333333334,1350,35.0
1,2,1,-2.33187198638916,0.7666666666666667,random_normmatched,0.01220342763264974,-0.011176058451334635,0.007384854634602865,0.05283574422200521,0.01435130995889679,0.040091897266057545,-0.012819460257200313,0.01807763342752056,0.23066666666666666,0.7666666666666667,0.23333333333333334,1350,35.0
1,2,1,-2.33187198638916,0.7666666666666667,random,-0.0005879618326822916,-0.005898971557617188,0.01012616475423177,0.03820825576782227,7.478520742866394e-05,-0.0010506886138175963,-0.002248724302016145,-0.00041964666581721687,0.232,0.765,0.23333333333333334,1350,36.0
1,2,1,-2.33187198638916,0.7666666666666667,random_normmatched,-0.1069179204305013,-0.09262126922607422,0.019839322408040365,0.04899000962575277,-0.03471999144159694,-0.18005299376509318,-0.023149215154263807,-0.03236159400909334,0.22266666666666668,0.7616666666666667,0.23333333333333334,1350,36.0
1,2,1,-2.33187198638916,0.7666666666666667,random,0.003464800516764323,-0.011566823323567708,-0.002754582722981771,0.04199395815531413,0.0013928386716886413,0.0060727304144787,0.001051483217823147,0.0017001135144704914,0.24133333333333334,0.7566666666666667,0.23333333333333334,1350,37.0
1,2,1,-2.33187198638916,0.7666666666666667,random_normmatched,-0.011581904093424479,-0.03907882690429688,-0.043056973775227866,0.05295250097910563,-0.0053449933309360044,-0.02408957677599974,0.025412533247359575,-0.0013008090546035875,0.23066666666666666,0.755,0.23333333333333334,1350,37.0
1,2,1,-2.33187198638916,0.7666666666666667,random,0.009475537618001302,-0.004691543579101562,-0.004308743794759115,0.04633622328440348,0.0018304752448068853,0.008880626696911122,0.001651578297390111,0.0010144722534103066,0.24,0.7616666666666667,0.23333333333333334,1350,38.0
1,2,1,-2.33187198638916,0.7666666666666667,random_normmatched,0.04970105489095052,0.0384396489461263,-0.026913800557454428,0.0546481974919637,0.031190302564903388,0.03570724398233356,0.020643055256358955,0.025717744858378896,0.24133333333333334,0.76,0.24666666666666667,1350,38.0
1,2,1,-2.33187198638916,0.7666666666666667,random,0.005352518717447917,0.0073305002848307295,0.007281219482421875,0.03807904084523519,0.0002000002865333618,0.0062928330511897975,-0.0012796579937793607,0.00018138011034563045,0.23866666666666667,0.7733333333333333,0.23333333333333334,1350,39.0
1,2,1,-2.33187198638916,0.7666666666666667,random_normmatched,0.0021556599934895834,-0.007073020935058594,-0.011835955301920572,0.06655973434448242,-0.021526176446717463,0.007671765645046776,0.010295026197930414,0.006143437104883473,0.228,0.765,0.23333333333333334,1350,39.0
1,2,1,-2.33187198638916,0.7666666666666667,random,0.009353202819824219,0.007545445760091146,0.0024737548828125,0.04042915821075439,0.005878640792307025,0.00900011999916953,-0.0007535827415225523,0.0029644474195171236,0.24133333333333334,0.7583333333333333,0.23333333333333334,1350,40.0
1,2,1,-2.33187198638916,0.7666666666666667,random_normmatched,0.032216496785481774,0.05246070861816406,-0.02573840077718099,0.05149949073791504,0.015193893524852934,0.0033315900510269597,0.011130101905590122,0.018806322746758333,0.24266666666666667,0.7583333333333333,0.23333333333333334,1350,40.0
1,2,1,-2.33187198638916,0.7666666666666667,random,0.0008423538208007813,-0.000181884765625,0.011402460734049479,0.03841097036997477,0.0005845911274695513,0.006027688805608961,-0.003202886752531992,0.0007455260741781774,0.23733333333333334,0.7666666666666667,0.23333333333333334,1350,41.0
1,2,1,-2.33187198638916,0.7666666666666667,random_normmatched,-0.003210767110188802,0.01407012939453125,0.040184473673502606,0.04856200536092122,0.0002134665008521149,-0.01807510245032859,-0.024360931112216766,0.0006015812994156067,0.22666666666666666,0.7633333333333333,0.23333333333333334,1350,41.0
1,2,1,-2.33187198638916,0.7666666666666667,random,0.004399752298990886,-0.00143341064453125,0.0072169189453125,0.03840746402740478,0.0006023959333823295,0.01141312551908321,-0.0008532963514274375,-0.00033482122325032915,0.23466666666666666,0.7633333333333333,0.23333333333333334,1350,42.0
1,2,1,-2.33187198638916,0.7666666666666667,random_normmatched,0.029608907063802082,0.04645861307779948,-3.496297200520833e-05,0.051775248845418294,0.013103398350500317,0.046965030525591145,0.0038151742447547535,0.011564902100349743,0.236,0.7633333333333333,0.22666666666666666,1350,42.0
1,2,1,-2.33187198638916,0.7666666666666667,random,0.0044711125691731775,-0.011042531331380208,0.0111878662109375,0.04905879656473795,0.0009077376901686106,0.015101191210486623,-0.0045065942077009745,0.001220644321068793,0.23733333333333334,0.76,0.23333333333333334,1350,43.0
1,2,1,-2.33187198638916,0.7666666666666667,random_normmatched,-0.002477361043294271,-0.04455748240152995,0.009229532877604167,0.05933246294657389,-0.0032339539442166327,0.05527643668679453,-0.008467060841061377,0.009272933903581252,0.23733333333333334,0.76,0.23333333333333334,1350,43.0
1,2,1,-2.33187198638916,0.7666666666666667,random,-0.005596361796061198,-0.02612553914388021,0.009102729797363282,0.03902297973632812,-0.0008959821785676114,-0.006696672866536225,-0.0038606754154207426,0.00034396336137106407,0.22933333333333333,0.7683333333333333,0.23333333333333334,1350,44.0
1,2,1,-2.33187198638916,0.7666666666666667,random_normmatched,-0.04619170888264974,-0.11080637613932291,0.009705235799153646,0.051688764890034995,-0.02428476610914544,-0.051403248305970206,-0.009926192289623343,-0.017280268390532753,0.22133333333333333,0.7716666666666666,0.23333333333333334,1350,44.0
1,2,1,-2.33187198638916,0.7666666666666667,random,0.0012031021118164063,-0.0037208302815755208,0.013988062540690105,0.04299721082051595,-0.0004914047154795351,0.005826295014063081,-0.004541499805628744,-0.0014238590510548279,0.23333333333333334,0.76,0.23333333333333334,1350,45.0
1,2,1,-2.33187198638916,0.7666666666666667,random_normmatched,-0.02441364034016927,-0.031922403971354166,0.06125150553385417,0.0647997252146403,-0.005318213487922411,-0.044221586608838494,-0.017243857100001102,-0.02243320256892126,0.204,0.7683333333333333,0.21333333333333335,1350,45.0
1,2,1,-2.33187198638916,0.7666666666666667,random,0.002010297139485677,-0.008004735310872396,0.003177642822265625,0.0417406702041626,0.0006083795274285275,0.006432466122356028,-0.00014383974762141493,-1.4064381110973593e-05,0.24,0.7616666666666667,0.23333333333333334,1350,46.0
1,2,1,-2.33187198638916,0.7666666666666667,random_normmatched,0.03032953389485677,-0.015375518798828125,0.01557110341389974,0.048440082867940264,0.00891071619433226,0.0678909070284215,-0.0065234830552651285,0.004301661161607638,0.22933333333333333,0.7633333333333333,0.23333333333333334,1350,46.0
1,2,1,-2.33187198638916,0.7666666666666667,random,0.025826825459798176,0.01905543009440104,0.0032892659505208335,0.04270843982696533,0.014974233487440527,0.02022824758357129,-0.0005908317920226247,0.006763830169965684,0.23466666666666666,0.7616666666666667,0.23333333333333334,1350,47.0
1,2,1,-2.33187198638916,0.7666666666666667,random_normmatched,0.08628822326660156,0.11869505564371745,-0.009558326721191406,0.05696172396341959,0.07067689208723794,0.06913312643492052,-0.00010139658790475459,0.04950822303059946,0.23466666666666666,0.765,0.23333333333333334,1350,47.0
1,2,1,-2.33187198638916,0.7666666666666667,random,0.0030493672688802083,-0.003942578633626302,0.009326759338378907,0.0431784454981486,0.0013344249584234455,-0.0017154157481416542,-0.0023858439923122804,0.001686269991725756,0.23733333333333334,0.76,0.23333333333333334,1350,48.0
1,2,1,-2.33187198638916,0.7666666666666667,random_normmatched,0.03945962524414062,0.02726464589436849,0.016583401997884113,0.060474518140157064,0.012129081061931796,-0.027075081425950942,-0.011887123047454222,0.005578775579648663,0.22533333333333333,0.7666666666666667,0.23333333333333334,1350,48.0
1,2,1,-2.33187198638916,0.7666666666666667,random,-0.0009082310994466146,-0.01044904073079427,0.007340812683105468,0.043517352739969886,0.0017931186071577653,0.0050381130890008235,-0.002413757039766533,7.357079699740877e-05,0.23466666666666666,0.7716666666666666,0.23333333333333334,1350,49.0
1,2,1,-2.33187198638916,0.7666666666666667,random_normmatched,-0.024296424865722657,-0.05958044687906901,0.019194246927897136,0.051833602587382,-0.01641841549312585,-0.0210875638790081,-0.022652487232302673,-0.007739112815176058,0.232,0.765,0.23333333333333334,1350,49.0
1,2,1,-2.33187198638916,0.7666666666666667,random,0.002167762756347656,-0.004736531575520834,0.009311856587727865,0.03931190013885498,0.0005262309303110005,0.00013359513036444913,-0.0016080252263971724,0.0012621945452825933,0.236,0.77,0.23333333333333334,1350,50.0
1,2,1,-2.33187198638916,0.7666666666666667,random_normmatched,-0.022514696756998697,-0.01907885233561198,-0.0013268992106119791,0.047835005124409996,-0.011526633516755806,-0.04353686151199367,0.005117772375032056,-0.009998540206145243,0.23866666666666667,0.765,0.23333333333333334,1350,50.0
1,2,1,-2.33187198638916,0.7666666666666667,random,0.01743646494547526,0.008291117350260417,0.010836306254069011,0.04635936737060547,0.011317921625222684,0.028836401289165783,-0.003969633194316897,0.007298148305391016,0.232,0.7566666666666667,0.23333333333333334,1350,51.0
1,2,1,-2.33187198638916,0.7666666666666667,random_normmatched,0.048447413126627606,0.04326641082763672,0.01712700398763021,0.05160573164621989,0.025692300418768507,0.09731745359166734,-0.018025649292348483,0.022932161957587262,0.23066666666666666,0.76,0.25333333333333335,1350,51.0
1,2,1,-2.33187198638916,0.7666666666666667,random,-0.00190765380859375,-0.01310010274251302,0.005540445963541666,0.04138910293579102,0.001045985854175363,0.004942662221331132,-0.003847856515553747,-0.00020079750753229414,0.236,0.7583333333333333,0.23333333333333334,1350,52.0
1,2,1,-2.33187198638916,0.7666666666666667,random_normmatched,-0.008084566752115885,-0.013242073059082031,0.005707906087239583,0.04852740923563639,-0.00193187183271164,0.017291367835634255,-0.012033208240736655,-0.008043198193183084,0.23733333333333334,0.76,0.24666666666666667,1350,52.0
1,2,1,-2.33187198638916,0.7666666666666667,random,0.011615679423014324,-0.007989654541015625,0.011373934427897135,0.040910776456197104,0.008010184348982109,0.0186843411361984,-0.004207455884607285,0.003756224307034982,0.23466666666666666,0.7666666666666667,0.23333333333333334,1350,53.0
1,2,1,-2.33187198638916,0.7666666666666667,random_normmatched,0.08360781606038412,0.02151800791422526,-0.01786088053385417,0.05664268493652344,0.04205465198994076,0.08512148739122793,0.012404509363844176,0.04226648367119382,0.24266666666666667,0.765,0.24,1350,53.0
1,2,1,-2.33187198638916,0.7666666666666667,random,0.003107714335123698,-3.41796875e-05,0.0009454371134440104,0.03954891522725423,0.0017070038895720477,0.00658338144123472,0.0005805165909979813,0.00042314027667266917,0.24133333333333334,0.765,0.23333333333333334,1350,54.0
1,2,1,-2.33187198638916,0.7666666666666667,random_normmatched,-0.025410807291666667,-0.05666638692220052,-0.03104447428385417,0.052866527239481605,-0.012981803552886965,-0.06336194220922857,0.03214262045198489,-0.007943046271086785,0.24266666666666667,0.7583333333333333,0.24666666666666667,1350,54.0
1,2,1,-2.33187198638916,0.7666666666666667,random,-0.0012514063517252605,-0.008209482828776041,0.006604774475097656,0.038423226674397785,-0.0008219885396399275,-0.002610903786019682,-0.0020273594140533774,-0.0008568598867164461,0.232,0.76,0.23333333333333334,1350,55.0
1,2,1,-2.33187198638916,0.7666666666666667,random_normmatched,-0.022304799397786457,-0.04769493103027344,0.0032188288370768228,0.045834315617879234,-0.003105344062125588,-0.06525592066845458,-0.003026817005172296,0.002418095147352222,0.24,0.76,0.24666666666666667,1350,55.0
1,2,1,-2.33187198638916,0.7666666666666667,random,0.006690823872884114,0.008308232625325521,0.0007083511352539062,0.04217656294504801,0.002126685150692953,0.015616960023949805,-0.0004744992471335919,0.0011710947609886383,0.23733333333333334,0.7666666666666667,0.23333333333333334,1350,56.0
1,2,1,-2.33187198638916,0.7666666666666667,random_normmatched,0.025538602193196615,0.06965164184570312,-0.044704788208007815,0.0549992036819458,0.00774671596950712,0.024649822822465486,0.026783992527209925,0.009799243327993456,0.23466666666666666,0.7633333333333333,0.24666666666666667,1350,56.0
1,2,1,-2.33187198638916,0.7666666666666667,random,0.00184967041015625,-0.003188145955403646,0.0068685429890950524,0.044554073015848794,4.3649414527869714e-05,0.0024889002422458922,-0.0006449296363961886,1.570418696058922e-05,0.22933333333333333,0.7633333333333333,0.23333333333333334,1350,57.0
1,2,1,-2.33187198638916,0.7666666666666667,random_normmatched,-0.005721282958984375,-0.0203445561726888,0.013944623311360677,0.051693565050760906,-0.005396158871007893,-0.03577096735751976,-0.010782250404370208,-0.005596177311636658,0.23066666666666666,0.7666666666666667,0.23333333333333334,1350,57.0
1,2,1,-2.33187198638916,0.7666666666666667,random,0.008114082336425781,0.020829671223958332,0.0068273213704427085,0.038092336654663085,0.004098072827591118,0.006101234815590093,-0.0018059945260906094,0.0020942591020617,0.236,0.765,0.23333333333333334,1350,58.0
1,2,1,-2.33187198638916,0.7666666666666667,random_normmatched,0.021562395731608074,0.013071085611979167,-0.018439585367838542,0.049921971956888835,0.01676994917084137,-0.0269652874056315,0.01184613086730177,0.021343069247893146,0.236,0.7616666666666667,0.23333333333333334,1350,58.0
1,2,1,-2.33187198638916,0.7666666666666667,random,0.002980580647786458,-0.005501327514648438,0.011351717631022135,0.038624264399210614,0.001275742572508656,0.009488448693624101,-0.003522068083192096,0.0003930722233814887,0.23866666666666667,0.7616666666666667,0.23333333333333334,1350,59.0
1,2,1,-2.33187198638916,0.7666666666666667,random_normmatched,-0.015738301595052084,-0.019231821695963543,0.03050104014078776,0.05020938237508138,-0.016740474181547692,-0.018693761076206673,-0.013555168548908427,-0.018834294367143362,0.22,0.76,0.24,1350,59.0
1,2,1,-2.33187198638916,0.7666666666666667,random,0.02179723103841146,0.014592132568359374,0.003126782735188802,0.04382831255594889,0.011628671702523005,0.023015850135624055,-0.0027931272107839696,0.004145948780914202,0.23733333333333334,0.7566666666666667,0.23333333333333334,1350,60.0
1,2,1,-2.33187198638916,0.7666666666666667,random_normmatched,0.10813188934326172,0.0963055419921875,-0.03408816274007161,0.06534728050231933,0.07821507411095739,0.11250306293088488,0.02996852431020675,0.05326980790190484,0.24,0.7633333333333333,0.26,1350,60.0
1,2,1,-2.33187198638916,0.7666666666666667,random,0.020477394104003906,0.019789047241210937,0.0011631393432617188,0.04481697559356689,0.009632100714788393,0.03567523888249519,-0.0012923344515572855,0.005800293823867452,0.24,0.76,0.23333333333333334,1350,61.0
1,2,1,-2.33187198638916,0.7666666666666667,random_normmatched,0.09371937815348308,0.08000258127848307,-0.04535150909423828,0.05716605186462402,0.04204607799780136,0.09891491219900858,0.019447793836174024,0.040347621296953386,0.252,0.7666666666666667,0.25333333333333335,1350,61.0
1,2,1,-2.33187198638916,0.7666666666666667,random,-0.0015179595947265624,0.009759292602539063,0.0039895375569661455,0.045133482615152994,-0.0022401178225183705,0.007059739831309301,-0.000157593348987606,-0.0016574777644011204,0.23733333333333334,0.7616666666666667,0.23333333333333334,1350,62.0
1,2,1,-2.33187198638916,0.7666666666666667,random_normmatched,0.005498924255371094,0.02039471944173177,0.001160090128580729,0.047056538263956706,-0.0018606022178853231,0.03980433132166559,-0.00730241507960018,0.001115802553666299,0.23733333333333334,0.7633333333333333,0.25333333333333335,1350,62.0
1,2,1,-2.33187198638916,0.7666666666666667,random,0.02681091817220052,0.012019271850585938,0.005377166748046875,0.042014395395914714,0.013313071431000262,0.017017047940701534,-0.0008475656841915246,0.009252780122807164,0.24133333333333334,0.7683333333333333,0.23333333333333334,1350,63.0
1,2,1,-2.33187198638916,0.7666666666666667,random_normmatched,0.09448457590738932,0.07766609191894532,0.017124499003092448,0.05076900323232015,0.046874015026116087,0.022100200080780626,-0.008672203322090686,0.046349143163508105,0.22666666666666666,0.7633333333333333,0.23333333333333334,1350,63.0
1,2,1,-2.33187198638916,0.7666666666666667,random,0.018076250712076823,0.013615137736002604,0.006856117248535156,0.04169476350148519,0.008520022547538822,0.015959121316914987,-0.0014408988807517757,0.006311149608159306,0.23466666666666666,0.765,0.23333333333333334,1350,64.0
1,2,1,-2.33187198638916,0.7666666666666667,random_normmatched,0.07282086944580078,0.16771339416503905,-0.016582023620605468,0.060660691261291505,0.05070610892782426,0.019577541740887605,0.012700420719948377,0.04729684608192936,0.24266666666666667,0.765,0.26,1350,64.0
1,2,1,-2.33187198638916,0.7666666666666667,random,0.024222752888997397,0.02058832804361979,-0.0009504063924153646,0.0439463742574056,0.01242605297148748,0.016089141566097417,-0.00022865362271292652,0.006142092560811205,0.236,0.76,0.23333333333333334,1350,65.0
1,2,1,-2.33187198638916,0.7666666666666667,random_normmatched,0.11061459350585938,0.13871072133382162,-0.026586293538411458,0.06634415785471598,0.042907224795451,0.02652162207071521,0.02313107188444753,0.013253422276002173,0.248,0.7616666666666667,0.23333333333333334,1350,65.0
1,2,1,-2.33187198638916,0.7666666666666667,random,0.015273592631022135,-0.0023708089192708334,0.0010905176798502603,0.04025888125101725,0.007069497103256993,0.020807046423885495,-0.000994270765430896,0.005484657491482365,0.24133333333333334,0.7633333333333333,0.23333333333333334,1350,66.0
1,2,1,-2.33187198638916,0.7666666666666667,random_normmatched,0.10107810719807943,0.09439196268717448,-0.048133598327636716,0.059447749455769854,0.07192152432878354,0.08788438621147017,0.03635477987790813,0.0705768168965704,0.22933333333333333,0.7683333333333333,0.24,1350,66.0
1,2,1,-2.33187198638916,0.7666666666666667,random,0.003965520222981771,0.002644678751627604,0.0018190027872721354,0.04086173057556152,0.001733001108843746,0.009596783621643396,-0.0010171934343745478,0.002566386413705864,0.23333333333333334,0.7616666666666667,0.23333333333333334,1350,67.0
1,2,1,-2.33187198638916,0.7666666666666667,random_normmatched,0.016864509582519532,0.027095425923665366,-0.007238182067871093,0.05308344682057699,0.009773849290231196,-0.00604254415676243,0.00946256950657747,0.010930543409127047,0.23866666666666667,0.765,0.24666666666666667,1350,67.0
1,2,1,-2.33187198638916,0.7666666666666667,random,0.010216415405273438,0.005519460042317709,0.003116569519042969,0.041188807487487794,0.002313418969977095,0.014321060379952608,-0.0014011481391807152,0.0011571373071632852,0.24,0.7583333333333333,0.23333333333333334,1350,68.0
1,2,1,-2.33187198638916,0.7666666666666667,random_normmatched,0.09491605377197265,0.10905840555826823,-0.022498756408691405,0.05269586245218913,0.047865971154686465,0.11642617988890118,0.007119944053343198,0.03597957025524423,0.24,0.76,0.23333333333333334,1350,68.0
1,2,1,-2.33187198638916,0.7666666666666667,random,0.0022792867024739585,-0.012136917114257812,0.0014752705891927084,0.03574823538462321,0.00014738422672244187,0.0005740863291420552,-0.0004189117749452363,0.0002872947762571916,0.23733333333333334,0.765,0.23333333333333334,1350,69.0
1,2,1,-2.33187198638916,0.7666666666666667,random_normmatched,0.004113675435384115,-0.0003241221110026042,-0.011341644287109374,0.053755661646525066,0.008718419961957064,-0.02594435000491965,0.011142561709252818,0.005194722534570756,0.23066666666666666,0.765,0.23333333333333334,1350,69.0
1,2,1,-2.33187198638916,0.7666666666666667,random,0.00598174794514974,0.0007396189371744791,0.0021812718709309895,0.040214592615763343,0.00037593177067588924,0.006564036885397598,-0.0006687713868734323,-0.0010015774162031757,0.23733333333333334,0.7666666666666667,0.23333333333333334,1350,70.0
1,2,1,-2.33187198638916,0.7666666666666667,random_normmatched,0.013323023478190104,0.011968523661295572,-0.032415074666341144,0.04879977385203044,0.005259892922482697,-0.02369671088138487,0.014061840047558614,0.007797387337902706,0.23466666666666666,0.7633333333333333,0.23333333333333334,1350,70.0
1,2,1,-2.33187198638916,0.7666666666666667,random,-6.422170003255209e-05,-0.004518559773763021,0.011608879089355468,0.04030174891153971,-0.0008737677443882491,0.008753863201050522,-0.002328943164675021,4.053911852430708e-05,0.23866666666666667,0.7616666666666667,0.23333333333333334,1350,71.0
1,2,1,-2.33187198638916,0.7666666666666667,random_normmatched,-0.0001777979532877604,-0.016216519673665365,0.04519219716389974,0.051490155855814616,-0.0010440784064300265,0.004548511936078406,-0.020369687120102318,0.00044112325837625987,0.22266666666666668,0.7616666666666667,0.23333333333333334,1350,71.0
1,2,1,-2.33187198638916,0.7666666666666667,random,0.016898602803548178,0.004961344401041666,-0.0019268849690755208,0.05171035766601562,0.01123972424092645,0.008568346475376075,0.00020871189153312238,0.004932455726857103,0.24,0.7633333333333333,0.23333333333333334,1350,72.0
1,2,1,-2.33187198638916,0.7666666666666667,random_normmatched,0.02788263956705729,0.029574559529622395,-0.009867647806803385,0.06522953033447265,0.056097008495859885,-0.04607229600848465,0.03684074045951355,0.01686785807127192,0.248,0.765,0.24666666666666667,1350,72.0
1,2,1,-2.33187198638916,0.7666666666666667,random,0.01340936279296875,0.018184458414713542,0.012920064290364583,0.037669828732808434,0.006772284609382072,0.018939100042635774,-0.005485394678215872,0.0017359742831008352,0.228,0.7633333333333333,0.23333333333333334,1350,73.0
1,2,1,-2.33187198638916,0.7666666666666667,random_normmatched,0.0706461435953776,0.04207300821940104,0.04495427703857422,0.04815908273061117,0.04968332174372356,0.07921310603678816,-0.026613239060183213,0.028047218721082807,0.22266666666666668,0.7616666666666667,0.23333333333333334,1350,73.0
1,2,1,-2.33187198638916,0.7666666666666667,random,0.015918530782063803,0.010738550821940104,0.0011345265706380208,0.04404170354207357,0.006723791867896659,0.02006529437640933,-0.000424842452196569,0.0046739786164301566,0.23733333333333334,0.7633333333333333,0.23333333333333334,1350,74.0
1,2,1,-2.33187198638916,0.7666666666666667,random_normmatched,0.08153291575113933,0.11446197509765625,-0.06546639251708984,0.05362068653106689,0.050527315131332615,0.09057572097142556,0.04770335390214561,0.04446139093437279,0.24666666666666667,0.7616666666666667,0.23333333333333334,1350,74.0
1,2,1,-2.33187198638916,0.7666666666666667,random,-0.003393732706705729,-0.002425537109375,0.013527684529622396,0.03699055353800456,-0.00019484268602104013,0.00441838379663291,-0.004234173449516071,-0.00013011047144381293,0.236,0.765,0.23333333333333334,1350,75.0
1,2,1,-2.33187198638916,0.7666666666666667,random_normmatched,-0.04887630208333334,-0.03555638631184896,0.0719973882039388,0.05300636291503906,-0.027247367565191815,-0.018263101731728862,-0.06403300615353875,-0.022537760593576497,0.216,0.7666666666666667,0.23333333333333334,1350,75.0
1,2,1,-2.33187198638916,0.7666666666666667,random,0.004441759745279948,0.0003367360432942708,0.006187067667643229,0.04107698917388916,0.001311041343497801,0.010010374781063636,-0.0017117558567837662,-0.00019006941119724006,0.24,0.7616666666666667,0.23333333333333334,1350,76.0
1,2,1,-2.33187198638916,0.7666666666666667,random_normmatched,0.005917284647623698,-0.012104441324869791,-0.003618853251139323,0.05312140305836995,0.0047644767399380224,-0.007830912072791307,0.0033111198734712597,0.00340701102491517,0.24,0.7633333333333333,0.23333333333333334,1350,76.0
1,2,1,-2.33187198638916,0.7666666666666667,random,0.0031198959350585936,0.001675999959309896,0.0022087732950846354,0.03993063926696777,0.0013274471963860201,0.007853166646489477,-0.0014889288434435015,-0.000317113348656444,0.23466666666666666,0.7666666666666667,0.23333333333333334,1350,77.0
1,2,1,-2.33187198638916,0.7666666666666667,random_normmatched,-0.009703290303548178,-0.008063608805338542,-0.060552724202473956,0.049327389399210615,0.0002954130018939754,-0.03081613112667432,0.025629523533502216,0.010009590074961473,0.24133333333333334,0.765,0.23333333333333334,1350,77.0
1,2,1,-2.33187198638916,0.7666666666666667,random,0.002392791748046875,-0.006730016072591146,0.007272008260091146,0.03888315677642822,0.001102293842827855,0.00834212801119796,-0.0014704892127352619,-0.00010862338730862832,0.232,0.7683333333333333,0.23333333333333334,1350,78.0
1,2,1,-2.33187198638916,0.7666666666666667,random_normmatched,-0.032462234497070315,-0.09997371673583984,0.04747436777750651,0.05114171187082926,-0.018213497665584492,-0.04354169838420794,-0.05472844516969222,-0.019580095556610822,0.22933333333333333,0.7716666666666666,0.23333333333333334,1350,78.0
1,2,1,-2.33187198638916,0.7666666666666667,random,0.017714205423990884,0.0056103515625,-0.0018899815877278646,0.04256874561309815,0.009165629177119165,0.025881320108040305,-5.444133874117298e-05,0.003963822076350708,0.24133333333333334,0.7633333333333333,0.23333333333333334,1350,79.0
1,2,1,-2.33187198638916,0.7666666666666667,random_normmatched,0.09971489969889323,0.10013847351074219,-0.03800885264078776,0.05787333965301514,0.04658717601636152,0.13279427176769384,0.021041678126313655,0.04353207801914314,0.24133333333333334,0.7583333333333333,0.24666666666666667,1350,79.0
1,2,1,-2.33187198638916,0.7666666666666667,random,0.011704485575358073,0.01356964111328125,0.004092933654785157,0.04474886417388916,0.004764801268015492,0.00825200127348933,-0.0016750740330573539,0.002440023760693396,0.23333333333333334,0.76,0.23333333333333334,1350,80.0
1,2,1,-2.33187198638916,0.7666666666666667,random_normmatched,0.05141016133626302,0.08830669403076172,0.0032323760986328123,0.051700050036112465,0.013525717558407181,0.022049830724399765,-0.0010796577072459989,0.014091766074040139,0.23066666666666666,0.7616666666666667,0.23333333333333334,1350,80.0
1,2,1,-2.33187198638916,0.7666666666666667,random,0.00034096781412760416,-0.004143956502278646,0.003736981709798177,0.04265333334604899,-0.00018239219642002702,-0.005340194054084495,-0.0013920127816486854,-0.000521759647767719,0.236,0.7616666666666667,0.23333333333333334,1350,81.0
1,2,1,-2.33187198638916,0.7666666666666667,random_normmatched,-0.021877713521321614,-0.030211257934570312,-0.009102002461751302,0.05354780356089274,-0.004501648428280758,-0.10663648399778329,-0.003776453810491585,-0.007237684913592586,0.232,0.765,0.23333333333333334,1350,81.0
1,2,1,-2.33187198638916,0.7666666666666667,random,0.01192479705810547,0.005848464965820313,-8.552296956380209e-05,0.04210572242736817,0.0058346788462447655,0.0165851390185245,0.00013952223572301212,0.003714733222303566,0.23466666666666666,0.7633333333333333,0.23333333333333334,1350,82.0
1,2,1,-2.33187198638916,0.7666666666666667,random_normmatched,0.0897882563273112,0.09207258860270183,-0.052179718017578126,0.06730048974355061,0.09301824102365765,0.14150922580495978,0.03804933817956759,0.0745356480864306,0.236,0.765,0.23333333333333334,1350,82.0
1,2,1,-2.33187198638916,0.7666666666666667,random,0.0035233256022135415,-0.0035158793131510415,0.005248260498046875,0.04348286310831706,0.0018289492295959398,0.012875282629033149,-0.001506978989339867,-0.0002991995904410121,0.24,0.76,0.23333333333333334,1350,83.0
1,2,1,-2.33187198638916,0.7666666666666667,random_normmatched,0.0055604680379231775,0.011994234720865886,-0.012446266174316406,0.04939725399017334,-0.0065731341555986655,0.038699334049898414,-0.0017085627972337574,0.0021295076604811117,0.23333333333333334,0.7633333333333333,0.23333333333333334,1350,83.0
1,2,1,-2.33187198638916,0.7666666666666667,random,0.01164471435546875,0.014039891560872396,0.0005717849731445312,0.05066351572672526,0.005220064785193102,0.008724383434660442,0.00050164627700247,0.004987823393350248,0.24266666666666667,0.7666666666666667,0.23333333333333334,1350,84.0
1,2,1,-2.33187198638916,0.7666666666666667,random_normmatched,0.05009816741943359,0.09000030517578125,-0.07808025868733724,0.0715952475865682,0.06438404639548194,0.008002103514540162,0.06441269973166151,0.07817207151269119,0.25333333333333335,0.7666666666666667,0.26,1350,84.0
1,2,1,-2.33187198638916,0.7666666666666667,random,0.0027495447794596353,-0.007567469278971354,0.006419212341308594,0.0372418212890625,0.001595541991759809,0.0028363093259587747,-0.001868515464957669,0.0008982080256367653,0.236,0.7683333333333333,0.23333333333333334,1350,85.0
1,2,1,-2.33187198638916,0.7666666666666667,random_normmatched,-0.020746932983398438,-0.0109368896484375,0.0254077885945638,0.05264676253000895,-0.009327454555455693,-0.05161786120330204,-0.027013792283370034,-0.00889432131225028,0.22933333333333333,0.765,0.23333333333333334,1350,85.0
1,2,1,-2.33187198638916,0.7666666666666667,random,0.011005203247070312,0.0023554229736328126,0.009954472859700522,0.04320809523264567,0.003938114524519376,0.009059223985295834,-0.003056737903635965,0.002683648800857119,0.23733333333333334,0.765,0.23333333333333334,1350,86.0
1,2,1,-2.33187198638916,0.7666666666666667,random_normmatched,0.04612603759765625,0.04713603973388672,0.016389190673828127,0.05055860678354899,0.03322698170054685,0.020935742172070226,-0.007959737398895904,0.01487416173145128,0.24,0.765,0.24,1350,86.0
1,2,1,-2.33187198638916,0.7666666666666667,random,-0.0039028956095377605,-0.01068781534830729,0.004873405456542969,0.03962683359781901,-0.00018732422583671405,-0.0017450332442478169,-0.00223553328872964,5.610869711068861e-05,0.24133333333333334,0.76,0.23333333333333334,1350,87.0
1,2,1,-2.33187198638916,0.7666666666666667,random_normmatched,-0.01852807108561198,0.002420756022135417,0.0013901774088541667,0.04639650980631511,-0.0037924236594217594,-0.009096950735288047,-0.004708316201026076,0.0004006974249184792,0.23733333333333334,0.76,0.23333333333333334,1350,87.0
1,2,1,-2.33187198638916,0.7666666666666667,random,-0.004748430887858073,-0.009539235432942708,0.007870231628417969,0.04160823186238607,-0.002073928472676895,0.0030061536504070816,-0.003341863154240066,-0.002280929932520312,0.236,0.7633333333333333,0.23333333333333334,1350,88.0
1,2,1,-2.33187198638916,0.7666666666666667,random_normmatched,-0.045469820658365884,-0.022136077880859376,-0.01335321299235026,0.054573810895284014,-0.02566664866766149,-0.03887259541092298,-0.0006847023427135065,-0.016325412926717332,0.22933333333333333,0.7633333333333333,0.23333333333333334,1350,88.0
1,2,1,-2.33187198638916,0.7666666666666667,random,0.002260813395182292,0.0046476491292317705,0.004834503173828125,0.039750399589538576,0.0018922552061747067,0.003510947295308603,-0.000810631984089009,7.554778042981966e-05,0.23866666666666667,0.7616666666666667,0.23333333333333334,1350,89.0
1,2,1,-2.33187198638916,0.7666666666666667,random_normmatched,-0.008121386210123697,0.001763598124186198,-0.004051831563313802,0.049098207155863445,-0.002164543288283825,-0.02351088530919829,0.003949957382729332,-0.007227046151243543,0.23466666666666666,0.7716666666666666,0.23333333333333334,1350,89.0
1,2,1,-2.33187198638916,0.7666666666666667,random,0.007888969421386718,0.00034662882486979164,-0.00024035898844401043,0.04172127723693848,0.003220634986583075,0.015420902758587625,0.00046647631300331376,0.002788069333481162,0.23733333333333334,0.7583333333333333,0.23333333333333334,1350,90.0
1,2,1,-2.33187198638916,0.7666666666666667,random_normmatched,0.04502556355794271,0.04895174662272135,-0.04891079966227214,0.050905887285868326,0.01987996995595209,0.09915264341363138,0.02020153061981497,0.028617940029441024,0.23733333333333334,0.7616666666666667,0.23333333333333334,1350,90.0
1,2,1,-2.33187198638916,0.7666666666666667,random,0.00683197275797526,-0.005577507019042968,-0.0018681844075520834,0.03992572625478109,0.004063043070262278,0.011369200254699256,0.0006586384870723198,0.002551979175849925,0.236,0.7633333333333333,0.23333333333333334,1350,91.0
1,2,1,-2.33187198638916,0.7666666666666667,random_normmatched,0.02326611328125,0.013227310180664063,-0.0017271601359049478,0.05266568183898926,0.020397163892784946,-0.004807526235988258,-0.0030979987077345383,0.01400038880221547,0.236,0.76,0.24666666666666667,1350,91.0
1,2,1,-2.33187198638916,0.7666666666666667,random,0.004883516947428386,-0.0012052408854166666,0.004906176249186198,0.0371392297744751,0.0017845297772632912,0.0068599944878146865,-0.001523052785490311,0.0018312813211050155,0.24,0.765,0.23333333333333334,1350,92.0
1,2,1,-2.33187198638916,0.7666666666666667,random_normmatched,0.003361541748046875,-0.02131263732910156,-0.009376358032226563,0.047886236508687334,-0.003445185932378288,-0.032925705660937304,-0.00021604615479391804,0.008125675164986324,0.23333333333333334,0.7633333333333333,0.23333333333333334,1350,92.0
1,2,1,-2.33187198638916,0.7666666666666667,random,0.0004420725504557292,-0.006264394124348959,0.006583424886067708,0.041355045636494954,0.000777476524857982,-0.002034780385788763,-0.001217766787631501,-3.377207665967731e-05,0.23466666666666666,0.7633333333333333,0.23333333333333334,1350,93.0
1,2,1,-2.33187198638916,0.7666666666666667,random_normmatched,-0.03697413126627604,0.002160313924153646,-0.03432571665445964,0.05733392715454102,-0.01872637828628696,-0.09224265925654083,0.016766831355517955,-0.02027783603550443,0.24266666666666667,0.7633333333333333,0.23333333333333334,1350,93.0
1,2,1,-2.33187198638916,0.7666666666666667,random,-0.004599377950032552,-0.005998407999674479,0.005407196044921875,0.04192017714182536,0.0002431895952267027,-0.0020947735714128553,-0.002088156812860053,-0.0005420811050609665,0.236,0.7583333333333333,0.23333333333333334,1350,94.0
1,2,1,-2.33187198638916,0.7666666666666667,random_normmatched,-0.04929369099934896,-0.07791491190592448,0.01029918924967448,0.04792793909708659,-0.027578263006107457,-0.039724653384618835,-0.007659528588088783,-0.020515787458273326,0.23333333333333334,0.7616666666666667,0.23333333333333334,1350,94.0
1,2,1,-2.33187198638916,0.7666666666666667,random,0.0033555170694986977,-0.00039947509765625,0.002949638366699219,0.038050079345703126,-0.0003976406653853801,0.009985796220407944,8.209993837558843e-05,0.00046061878257510215,0.23733333333333334,0.7666666666666667,0.23333333333333334,1350,95.0
1,2,1,-2.33187198638916,0.7666666666666667,random_normmatched,0.007901532491048177,0.011351114908854166,-0.016866655985514324,0.046107239723205566,0.007282165618326289,0.006366655420180573,0.011196074826398582,0.0055985088894009325,0.24133333333333334,0.7666666666666667,0.23333333333333334,1350,95.0
1,2,1,-2.33187198638916,0.7666666666666667,random,0.004896245320638021,-0.009145177205403646,-0.0012421035766601563,0.04465719064076742,0.0008745471982191039,0.014070731178910471,0.0002878443622565811,-0.00012150316310552429,0.244,0.755,0.23333333333333334,1350,96.0
1,2,1,-2.33187198638916,0.7666666666666667,random_normmatched,-0.009150721232096355,-0.013355178833007813,-0.03173461659749349,0.06454469998677571,-0.012084652193573072,0.03742049511768406,0.006241269686632789,-0.01803798336855394,0.24533333333333332,0.7566666666666667,0.26,1350,96.0
1,2,1,-2.33187198638916,0.7666666666666667,random,0.010192649841308594,0.0056033579508463546,0.007064854939778646,0.047458566029866533,0.0038879157083038236,0.01037570358603008,-0.002682100631971423,0.0015953481994174577,0.24,0.765,0.23333333333333334,1350,97.0
1,2,1,-2.33187198638916,0.7666666666666667,random_normmatched,0.02255162811279297,0.019570274353027342,0.008657636006673177,0.0539496119817098,0.014824432409027751,-0.006549384707117331,-0.0015620254770330518,0.013291789912368113,0.23733333333333334,0.76,0.26666666666666666,1350,97.0
1,2,1,-2.33187198638916,0.7666666666666667,random,0.006803484598795573,-0.0005409495035807292,0.002254503885904948,0.03922820727030436,0.003958171859845072,0.011112674460096937,-0.0015193434378904076,0.0025540010343721733,0.236,0.76,0.23333333333333334,1350,98.0
1,2,1,-2.33187198638916,0.7666666666666667,random_normmatched,0.030939844767252603,0.0005609003702799479,-0.01605467987060547,0.04585985819498698,0.005194280328816496,0.0061221527852877615,0.009329526260066275,0.008081363458616228,0.232,0.7633333333333333,0.23333333333333334,1350,98.0
1,2,1,-2.33187198638916,0.7666666666666667,random,0.009583961486816407,0.007671432495117187,0.009328687032063802,0.038683139483133955,0.004777657274580622,0.011168946954322799,-0.003418343006222072,0.00141638282804438,0.236,0.7633333333333333,0.23333333333333334,1350,99.0
1,2,1,-2.33187198638916,0.7666666666666667,random_normmatched,0.019330731709798175,0.027621256510416668,0.025309967041015624,0.048227151234944664,0.01620174240937308,0.00228635365450982,-0.01616587245192889,0.004411596613722643,0.232,0.7633333333333333,0.24666666666666667,1350,99.0
1,2,1,-2.33187198638916,0.7666666666666667,shuffled_labels,0.062370635986328124,0.04797813415527344,0.0003062286376953125,0.3841060145696004,0.041746334930160646,0.11552643515659207,0.04854438458563796,0.14152307854370924,0.264,0.7483333333333333,0.23333333333333334,1350,
1,2,2,-2.4364137649536133,0.8388888888888889,das,2.955977874332004,2.8845807358070656,-2.3481125902246545,0.5425877306196425,2.0212993627943643,2.675837576962293,1.583943114571157,1.7090054000554389,0.9314814814814815,0.7355555555555555,0.9305555555555556,1980,
1,2,2,-2.4364137649536133,0.8388888888888889,random,0.004909513614795826,-0.004089373129385489,-0.0021048757765028212,0.040703374014960395,0.0010255107730691374,0.009191702599884215,-1.4342188550245766e-05,0.000981506594045714,0.1675925925925926,0.8277777777777777,0.1527777777777778,1980,0.0
1,2,2,-2.4364137649536133,0.8388888888888889,random_normmatched,-0.02624529732598199,-0.056188203670360426,0.0013938585917154947,0.0511904780069987,0.0076769764523510736,0.024017731263052962,-0.003886568258599017,0.0021739799357304835,0.17592592592592593,0.8277777777777777,0.16666666666666666,1980,0.0
1,2,2,-2.4364137649536133,0.8388888888888889,random,0.004944368644996926,0.00010776519775390625,0.0012612166228117767,0.040632248984442815,0.002100189208831986,0.00322179359593689,-0.0007022757611923835,0.0018920817050180538,0.1675925925925926,0.8277777777777777,0.1388888888888889,1980,1.0
1,2,2,-2.4364137649536133,0.8388888888888889,random_normmatched,0.006018479665120442,-0.018262403982656973,-0.017114528020222983,0.05331981870863173,0.008938541472479914,-0.01698431569415107,0.010809229437368558,0.008397121336924905,0.18981481481481483,0.8288888888888889,0.1712962962962963,1980,1.0
1,2,2,-2.4364137649536133,0.8388888888888889,random,0.004869853125678169,-0.0016119745042588976,0.006030458874172634,0.045750418768988714,-0.0012182654376611435,-0.004919907573055204,-0.0009659788156315249,-0.0008732026562608013,0.16574074074074074,0.8377777777777777,0.1527777777777778,1980,2.0
1,2,2,-2.4364137649536133,0.8388888888888889,random_normmatched,-0.0038642777336968318,-0.023624049292670354,0.021978980523568614,0.0512011973063151,-0.04920636649313245,-0.06382117253525874,-0.02640561873418712,-0.023402580206921278,0.1537037037037037,0.8355555555555556,0.10185185185185185,1980,2.0
1,2,2,-2.4364137649536133,0.8388888888888889,random,0.0037020577324761283,-0.008062892489963107,-0.006738766917475948,0.04039628346761068,0.0017725376080633929,0.003607022235521183,0.005055673692115828,0.00154481002862076,0.1712962962962963,0.8288888888888889,0.1574074074074074,1980,3.0
1,2,2,-2.4364137649536133,0.8388888888888889,random_normmatched,0.013880955731427228,-0.005679254178647642,-0.02614726843657317,0.052011762195163305,0.013942570310769911,0.008284625067324997,0.027689985361007828,0.013584109923702452,0.19537037037037036,0.8244444444444444,0.17592592592592593,1980,3.0
1,2,2,-2.4364137649536133,0.8388888888888889,random,0.01687278747558594,0.011330639874493634,-0.011891764181631582,0.040885134802924265,0.009529885240725827,0.01789542000483745,0.002974251835228451,0.005769558137374961,0.1787037037037037,0.8277777777777777,0.1574074074074074,1980,4.0
1,2,2,-2.4364137649536133,0.8388888888888889,random_normmatched,0.13810878329806858,0.11130686159487124,-0.07776476012335884,0.05705397076076931,0.11882570050239037,0.17041399387233067,0.04309670884212217,0.08902899260381994,0.21944444444444444,0.8277777777777777,0.19444444444444445,1980,4.0
1,2,2,-2.4364137649536133,0.8388888888888889,random,0.01045431031121148,0.007947074042426215,-0.0039238664839002825,0.04370413144429525,0.001964097786949044,0.004280793575333104,0.00026266415846840183,0.0024924281279413117,0.17037037037037037,0.83,0.1527777777777778,1980,5.0
1,2,2,-2.4364137649536133,0.8388888888888889,random_normmatched,0.06622686739321108,0.05044866491247107,-0.080002463305438,0.05263056543138292,0.027854303704691153,0.03993537515633634,0.04880755033943296,0.02663197747150356,0.2111111111111111,0.8255555555555556,0.18055555555555555,1980,5.0
1,2,2,-2.4364137649536133,0.8388888888888889,random,0.007805444576122143,0.001125212068910952,-0.004721173533686885,0.040788543489244246,0.0008735401729834543,0.0015663597908710236,0.0019295961583072647,0.0011069077581799818,0.1675925925925926,0.8288888888888889,0.14814814814814814,1980,6.0
1,2,2,-2.4364137649536133,0.8388888888888889,random_normmatched,-0.0030592883074725117,-0.016734529424596717,-0.009120587949399595,0.04862244711981879,-0.0021032514033049055,-0.01437932667423582,0.0035520820309442014,0.0032871253991112676,0.1675925925925926,0.83,0.14814814814814814,1980,6.0
1,2,2,-2.4364137649536133,0.8388888888888889,random,0.0008892712769684968,-0.0074682412324128325,0.002859899732801649,0.0423188050587972,0.00022280599577487745,-0.0017082837994453707,-0.0006006298189612307,0.00041226403481475803,0.1638888888888889,0.8388888888888889,0.13425925925925927,1980,7.0
1,2,2,-2.4364137649536133,0.8388888888888889,random_normmatched,-0.008114352049650969,-0.021359602610270183,0.019458290382667824,0.044306965933905706,-0.01576347453839934,-0.023517956775377886,-0.011425264957877965,-0.009537002855910453,0.16111111111111112,0.8411111111111111,0.12037037037037036,1980,7.0
1,2,2,-2.4364137649536133,0.8388888888888889,random,-0.009260331259833441,-0.011823477568449798,0.012460208822179724,0.03894487063090007,-0.004406189786806037,-0.015167016744356417,-0.003409611367779508,-0.0018338901856468006,0.1648148148148148,0.8288888888888889,0.13425925925925927,1980,8.0
1,2,2,-2.4364137649536133,0.8388888888888889,random_normmatched,-0.055134266394155994,-0.06660726335313585,0.05420047088905617,0.050643789503309465,-0.0491547104631105,-0.08088121824412915,-0.034230605097878605,-0.041152509576574445,0.1527777777777778,0.8277777777777777,0.05555555555555555,1980,8.0
1,2,2,-2.4364137649536133,0.8388888888888889,random,-0.00958762698703342,-0.012204629403573496,0.006514437993367513,0.0451848570505778,-0.006474707501497549,-0.005068576885927204,-0.0024323289396879764,-0.0045942337132326636,0.1638888888888889,0.8333333333333334,0.14814814814814814,1980,9.0
1,2,2,-2.4364137649536133,0.8388888888888889,random_normmatched,-0.05827843171578866,-0.06146990811383283,0.03725776319150571,0.05745254728529189,-0.049486722235283116,-0.032899605744596466,-0.02406433430971835,-0.04194743072753462,0.15833333333333333,0.8288888888888889,0.1111111111111111,1980,9.0
1,2,2,-2.4364137649536133,0.8388888888888889,random,0.016628842883639864,0.006579611036512587,-0.005344470342000325,0.03917988035413954,0.0067557776110360925,0.009850582989055928,0.0006716839326820223,0.00624883504686264,0.175,0.8277777777777777,0.16666666666666666,1980,10.0
1,2,2,-2.4364137649536133,0.8388888888888889,random_normmatched,0.11331253934789587,0.05933602650960287,-0.0636824749134205,0.0467587693532308,0.07600216032321361,0.06570669757487697,0.040168751784058696,0.0640062873689374,0.20833333333333334,0.8322222222222222,0.2037037037037037,1980,10.0
1,2,2,-2.4364137649536133,0.8388888888888889,random,0.003721163007948134,0.002997327733922888,-0.001616880628797743,0.038120347128974066,0.0015093385098748687,0.0041623092974547105,0.001029791795267849,0.0008665280022280463,0.1648148148148148,0.8333333333333334,0.1388888888888889,1980,11.0
1,2,2,-2.4364137649536133,0.8388888888888889,random_normmatched,0.023712227079603406,0.041902365507902925,0.001444297366672092,0.047961356904771595,0.015835156358952412,0.04268001543390643,-0.0043976195281611565,0.007549626268544441,0.17222222222222222,0.8333333333333334,0.14814814814814814,1980,11.0
1,2,2,-2.4364137649536133,0.8388888888888889,random,-0.0007250520918104384,-0.0044477250840928816,-0.0020750752201786748,0.041273840798272024,-0.0014670307951000676,0.004599820476452015,0.0012683735271837512,-4.244299270401812e-05,0.16296296296296298,0.8311111111111111,0.14814814814814814,1980,12.0
1,2,2,-2.4364137649536133,0.8388888888888889,random_normmatched,-0.0038522508409288194,-0.027676052517361112,-0.015455364297937464,0.053262893888685436,0.02663663129081755,0.04869036950469011,0.01147428203236514,0.024462338197214377,0.1787037037037037,0.8333333333333334,0.1527777777777778,1980,12.0
1,2,2,-2.4364137649536133,0.8388888888888889,random,0.006052914372196904,-0.003398595032868562,-0.005023188061184353,0.046914423836602104,3.784061939926688e-05,-0.007170105145913515,0.0003613351093654149,0.0006023002543645789,0.17407407407407408,0.8255555555555556,0.1574074074074074,1980,13.0
1,2,2,-2.4364137649536133,0.8388888888888889,random_normmatched,0.02584419250488281,0.027951364163999206,-0.0330902894337972,0.05452988200717502,0.04115835750002286,-0.014399892136066773,0.011403744724725367,0.03557558868901904,0.19444444444444445,0.8255555555555556,0.21296296296296297,1980,13.0
1,2,2,-2.4364137649536133,0.8388888888888889,random,0.003292297433923792,-0.008487683755380136,0.0005130803143536602,0.04019893646240234,-0.0008598943736254868,0.0036881969874032116,-0.0010731491182507074,-6.012440643079237e-05,0.1648148148148148,0.8355555555555556,0.1388888888888889,1980,14.0
1,2,2,-2.4364137649536133,0.8388888888888889,random_normmatched,0.03844532790007415,0.025558542322229455,-0.01392716301812066,0.04858661545647515,0.03138369368133141,0.04618433205264503,0.02540305823196121,0.02165848127321027,0.19537037037037036,0.8266666666666667,0.19444444444444445,1980,14.0
1,2,2,-2.4364137649536133,0.8388888888888889,random,-0.00019832540441442419,-0.00978390375773112,0.0002549524660463686,0.03749500380622016,-0.0007389971846326804,0.0036811029333665094,0.00021619521259074175,-0.00017648833729505775,0.16296296296296298,0.8311111111111111,0.12962962962962962,1980,15.0
1,2,2,-2.4364137649536133,0.8388888888888889,random_normmatched,0.0034327083163791234,-0.029360665215386286,0.007312684588962131,0.04816491974724663,-0.005239164432199118,0.02672713479125474,-0.00495230458718301,-0.007292453213393784,0.16018518518518518,0.8333333333333334,0.13425925925925927,1980,15.0
1,2,2,-2.4364137649536133,0.8388888888888889,random,-0.02586377991570367,-0.029657452194779006,0.008992089165581597,0.04639349831475152,-0.011933447509716819,-0.020890049506264247,-0.0010048121609960436,-0.008593201790331784,0.16018518518518518,0.8311111111111111,0.12037037037037036,1980,16.0
1,2,2,-2.4364137649536133,0.8388888888888889,random_normmatched,-0.21661440001593696,-0.2306770748562283,0.030718019273546008,0.0689471764034695,-0.2164030458987614,-0.15445707990473945,-0.04561473902845921,-0.15161935864569812,0.1648148148148148,0.8355555555555556,0.12037037037037036,1980,16.0
1,2,2,-2.4364137649536133,0.8388888888888889,random,0.0022660149468315973,-0.0068355489660192415,0.0010414247159604673,0.041659230126274954,-0.0003613356616248013,-0.002411664045692181,-0.0002460926356923586,0.0002476564586091759,0.1685185185185185,0.8311111111111111,0.14814814814814814,1980,17.0
1,2,2,-2.4364137649536133,0.8388888888888889,random_normmatched,0.007809958634553132,-0.0339414808485243,-0.010298594722041378,0.04755046632554796,0.004369145037749437,-8.481210516914043e-05,0.010183226291191349,0.007331617600518821,0.1787037037037037,0.8344444444444444,0.14814814814814814,1980,17.0
1,2,2,-2.4364137649536133,0.8388888888888889,random,0.00797716599923593,0.006520024052372685,-0.006501517472443757,0.04262468973795573,0.0014746977396945281,0.009424562601441764,0.0020034292085324167,0.0006087200366186217,0.17222222222222222,0.8288888888888889,0.1574074074074074,1980,18.0
1,2,2,-2.4364137649536133,0.8388888888888889,random_normmatched,0.03291265876204879,0.04877923153064869,-0.03063836450929995,0.048756115171644424,0.041693854826712916,0.07937043865056408,0.010851284634323206,0.02336943216587624,0.1814814814814815,0.8388888888888889,0.13425925925925927,1980,18.0
1,2,2,-2.4364137649536133,0.8388888888888889,random,-0.003059152320579246,-0.007187843322753906,-0.004421854019165039,0.039499273300170896,-0.0022755611194292605,0.0012923309100814119,0.0013794312385474032,-0.001261206403939387,0.1685185185185185,0.8344444444444444,0.1574074074074074,1980,19.0
1,2,2,-2.4364137649536133,0.8388888888888889,random_normmatched,-0.024799525296246565,-0.03821410073174371,-0.03175118057816117,0.04475130081176758,-0.0010635200032267002,-0.009724605304804339,0.01391474755526999,2.8973877217474436e-05,0.17314814814814813,0.8322222222222222,0.16666666666666666,1980,19.0
1,2,2,-2.4364137649536133,0.8388888888888889,random,0.010413653762252242,0.00042224813390661167,-0.00991103384229872,0.037800628874037,0.005127369380096426,0.012132546643065375,0.0045373793466176125,0.004243652622060132,0.17314814814814813,0.8366666666666667,0.14814814814814814,1980,20.0
1,2,2,-2.4364137649536133,0.8388888888888889,random_normmatched,0.05548421895062482,0.04131463721946434,-0.11538794658802173,0.04755472501118978,0.04940618359475402,0.061989103920515314,0.07454693940179857,0.03449699901234046,0.2222222222222222,0.8211111111111111,0.2037037037037037,1980,20.0
1,2,2,-2.4364137649536133,0.8388888888888889,random,0.0004923414300989222,-0.00433739909419307,0.003041982650756836,0.03753674719068739,-0.0014275471168225724,0.0002794956618950187,0.0011698726140474992,-0.0007579502613705124,0.17222222222222222,0.8355555555555556,0.14814814814814814,1980,21.0
1,2,2,-2.4364137649536133,0.8388888888888889,random_normmatched,-0.0020904488033718534,-0.006033932721173322,-0.006102060388635706,0.042989112006293406,-0.008407071854873393,-0.0039446832211752865,0.008987041531426583,-0.004737587323943498,0.17685185185185184,0.8311111111111111,0.16203703703703703,1980,21.0
1,2,2,-2.4364137649536133,0.8388888888888889,random,0.0031277109075475624,-0.003769168147334346,-0.008020888434516059,0.03600917922125922,-7.989613502446819e-05,0.005569490239580621,0.0025209171927814047,-9.177610923860685e-05,0.17222222222222222,0.8377777777777777,0.16203703703703703,1980,22.0
1,2,2,-2.4364137649536133,0.8388888888888889,random_normmatched,0.02334225089461715,0.017267704010009766,-0.06542316366125037,0.04686177783542209,0.016141536324766358,0.054839171300773044,0.044411890312469296,0.01095502748173225,0.18055555555555555,0.8388888888888889,0.16203703703703703,1980,22.0
1,2,2,-2.4364137649536133,0.8388888888888889,random,0.0010058314711959273,-0.0022861339427806713,0.0013017566115767867,0.03840411927964952,0.0007852251768240209,0.003231677668003799,0.0003581042217873437,0.000496985130063875,0.17037037037037037,0.8277777777777777,0.1574074074074074,1980,23.0
1,2,2,-2.4364137649536133,0.8388888888888889,random_normmatched,-0.025666561833134403,-0.019321989130090783,-0.017237096362643773,0.043468164867824975,-0.014712804513505182,-0.0056918450132554844,0.013951450151902616,-0.011068703344778823,0.16111111111111112,0.8355555555555556,0.12037037037037036,1980,23.0
1,2,2,-2.4364137649536133,0.8388888888888889,random,0.0073711766137017146,0.0019237200419108074,-0.002883058124118381,0.039863775041368274,0.0016755449507598113,0.00480839553884809,0.0017606272670094016,0.0017569157836710486,0.1685185185185185,0.8322222222222222,0.1388888888888889,1980,24.0
1,2,2,-2.4364137649536133,0.8388888888888889,random_normmatched,0.027156093385484484,0.023135273544876662,0.0030428621504041886,0.05112137794494629,0.02867789953361641,0.015574738678302825,-0.0022551593547512996,0.01982927932394704,0.17222222222222222,0.8388888888888889,0.10648148148148148,1980,24.0
1,2,2,-2.4364137649536133,0.8388888888888889,random,0.008239799075656466,0.0029585626390245226,-0.005641297940854673,0.03813635932074653,0.0019760836604692986,0.007047252775503999,0.0017024267455532632,0.0027647690026479047,0.1712962962962963,0.8333333333333334,0.1527777777777778,1980,25.0
1,2,2,-2.4364137649536133,0.8388888888888889,random_normmatched,0.06388238800896538,0.030461276019061054,-0.034682498154816804,0.046882732179429794,0.05507861535821691,0.07133064631188514,0.024375083053478054,0.047497217856481005,0.18518518518518517,0.83,0.12962962962962962,1980,25.0
1,2,2,-2.4364137649536133,0.8388888888888889,random,0.0003921279200801143,-0.008992548342104311,-0.006909658290721752,0.03972547954983181,-0.002506789045082874,0.008689171679866629,0.0008276047747632913,-0.0016900291085674263,0.16944444444444445,0.8422222222222222,0.1574074074074074,1980,26.0
1,2,2,-2.4364137649536133,0.8388888888888889,random_normmatched,0.009960347634774666,0.012994854538529008,-0.06302532266687463,0.049566520055135094,0.0007412614323015435,0.06132665969014035,0.03690468627548836,0.002031817523634474,0.18796296296296297,0.8355555555555556,0.16666666666666666,1980,26.0
1,2,2,-2.4364137649536133,0.8388888888888889,random,0.0036112908963803893,-0.00020609961615668403,0.001411934252138491,0.04207529597812229,0.0012416480159176163,0.0008717812054933244,-0.00022510570566550484,0.0010942364505488215,0.16666666666666666,0.8366666666666667,0.13425925925925927,1980,27.0
1,2,2,-2.4364137649536133,0.8388888888888889,random_normmatched,0.009513800232498735,0.014886909061008029,-0.0020227714821144387,0.044830294715033636,0.0057569690242860305,0.002393688146608735,-0.004595265616113689,0.0061700488529093,0.1675925925925926,0.8322222222222222,0.1388888888888889,1980,27.0
1,2,2,-2.4364137649536133,0.8388888888888889,random,0.005096629813865379,-0.004286889676694517,-0.002397952256379304,0.03746405177646213,-0.0011334277845424828,6.036329242614452e-06,0.0016905956703736765,0.00014176944232970198,0.17037037037037037,0.8288888888888889,0.1388888888888889,1980,28.0
1,2,2,-2.4364137649536133,0.8388888888888889,random_normmatched,-0.009849108590020073,-0.029760819894296152,-0.03393914081432201,0.05422046131557889,-0.00422032253048467,-0.02280171981787898,0.027031004440887536,-0.0009274585959479509,0.17685185185185184,0.8344444444444444,0.10185185185185185,1980,28.0
1,2,2,-2.4364137649536133,0.8388888888888889,random,-0.016657868138066044,-0.027722005490903503,0.006263612817834925,0.040677584542168514,-0.00928636251134395,-0.019808241037530313,-0.00128925970232648,-0.005673571479837079,0.1675925925925926,0.83,0.14351851851851852,1980,29.0
1,2,2,-2.4364137649536133,0.8388888888888889,random_normmatched,-0.14053528397171586,-0.16764291127522787,0.03963455447444209,0.051728539996676974,-0.11268231447949498,-0.14966308440686701,-0.02867835694810863,-0.083296544562199,0.14722222222222223,0.8344444444444444,0.06018518518518518,1980,29.0
1,2,2,-2.4364137649536133,0.8388888888888889,random,0.0007380591498480903,-0.004327332531964338,0.0034514162275526257,0.04334451251559787,-0.00013182993238196208,-0.0022327814959591527,-0.0007086054514204956,-0.00012155346258347475,0.1648148148148148,0.8355555555555556,0.13425925925925927,1980,30.0
1,2,2,-2.4364137649536133,0.8388888888888889,random_normmatched,1.18237954598886e-05,-0.0009630874351218894,-0.017847430264508284,0.052566101286146374,-0.00624672892310225,-0.006374992762596278,0.01816199143412789,-0.0024028235913313694,0.16574074074074074,0.8366666666666667,0.1388888888888889,1980,30.0
1,2,2,-2.4364137649536133,0.8388888888888889,random,-0.005893813239203559,-0.008470517617684824,0.004730595482720269,0.037455102072821725,-0.004418045760854591,-0.005749910890347407,-0.0017259069498663268,-0.0022100699486622697,0.1638888888888889,0.8288888888888889,0.1527777777777778,1980,31.0
1,2,2,-2.4364137649536133,0.8388888888888889,random_normmatched,-0.02672205677738896,-0.04432249069213867,0.01564311804594817,0.049294555452134875,-0.010925177933341954,-0.026802933464515576,-0.013598192756317547,-0.005037632224768145,0.17222222222222222,0.8355555555555556,0.16203703703703703,1980,31.0
1,2,2,-2.4364137649536133,0.8388888888888889,random,0.011275793004918981,0.0024241164878562645,-0.002169105741712782,0.04266637166341146,0.0013586286392507736,0.01724723278623109,-0.00026506489209528287,0.0014722091469890988,0.1638888888888889,0.8233333333333334,0.13425925925925927,1980,32.0
1,2,2,-2.4364137649536133,0.8388888888888889,random_normmatched,0.04425649113125271,0.02071415936505353,0.0012147091053150319,0.04789676136440701,0.031161793980928987,0.0659439357996294,0.002566120880597237,0.023701982856975945,0.17314814814814813,0.8233333333333334,0.12962962962962962,1980,32.0
1,2,2,-2.4364137649536133,0.8388888888888889,random,-0.005421458350287543,-0.013506377184832538,-0.0034485463742856626,0.040680876837836374,-0.0040999418421437395,-0.0037851277588305103,0.002114497733023096,-0.0024368008179678066,0.1675925925925926,0.8277777777777777,0.13425925925925927,1980,33.0
1,2,2,-2.4364137649536133,0.8388888888888889,random_normmatched,-0.030050752781055592,-0.04223500357733832,0.0025946546483922887,0.046961578792995874,-0.022923699910062167,-0.024612275068258697,-0.004750343092920125,-0.014413515586417243,0.16666666666666666,0.8311111111111111,0.1111111111111111,1980,33.0
1,2,2,-2.4364137649536133,0.8388888888888889,random,0.0052002182713261355,-0.0033058766965512877,-0.0007970474384449147,0.040961089664035374,0.001085675045394127,-0.00044923877788159776,0.00045360650919835845,0.0020026177013294276,0.16944444444444445,0.84,0.1574074074074074,1980,34.0
1,2,2,-2.4364137649536133,0.8388888888888889,random_normmatched,0.021381062048452873,-0.0076630380418565534,-0.00421208452295374,0.04869741121927897,0.03054080557697457,0.00025798347954145417,0.01176721029334166,0.028983226696505285,0.16666666666666666,0.8411111111111111,0.14351851851851852,1980,34.0
1,2,2,-2.4364137649536133,0.8388888888888889,random,-0.0002613085287588614,-0.008804409592239945,-0.0013552718692355686,0.036778411865234374,0.0004599998288895795,-0.0017251523665107531,0.0020712570245142847,0.0005422147255510843,0.16944444444444445,0.8333333333333334,0.14814814814814814,1980,35.0
1,2,2,-2.4364137649536133,0.8388888888888889,random_normmatched,0.006994381657353154,0.0002990475407353154,0.008948944233081959,0.043143036100599504,0.0003743141126621899,-0.0035512051525396077,-0.0020712009980476394,0.0023476943184407816,0.1712962962962963,0.8255555555555556,0.14351851851851852,1980,35.0
1,2,2,-2.4364137649536133,0.8388888888888889,random,0.0002044924983271846,-0.007289639225712529,0.003716813193427192,0.03672088517083062,-0.00109693338367244,0.0009457930614106014,-0.0006760327485980248,-0.0006316104012655944,0.16018518518518518,0.8388888888888889,0.14351851851851852,1980,36.0
1,2,2,-2.4364137649536133,0.8388888888888889,random_normmatched,-0.009277522122418438,-0.020980693675853587,0.004044684657344112,0.043194893731011284,-0.008323598790639403,0.005453070645749902,-0.001099260869568503,-0.009663110783262567,0.15925925925925927,0.8422222222222222,0.14351851851851852,1980,36.0
1,2,2,-2.4364137649536133,0.8388888888888889,random,-0.006486165082013166,-0.0130820804172092,0.0005057935361508969,0.0435848511589898,-0.0018511088203761305,0.001265249664374493,0.0005244359162952727,-0.0002199819943642298,0.1675925925925926,0.8322222222222222,0.1388888888888889,1980,37.0
1,2,2,-2.4364137649536133,0.8388888888888889,random_normmatched,-0.02465769096657082,-0.0409006189416956,0.0009150681672272858,0.04665072017245823,-0.01689367260463722,0.0395185250021965,-0.0012895790562859506,-0.009365707885159367,0.1712962962962963,0.8355555555555556,0.12962962962962962,1980,37.0
1,2,2,-2.4364137649536133,0.8388888888888889,random,-0.012468659436261213,-0.016843795776367188,0.02202832963731554,0.03956951671176487,-0.007566574499492844,-0.017622319722942186,-0.009325589552446856,-0.005764323651530836,0.16574074074074074,0.8366666666666667,0.14814814814814814,1980,38.0
1,2,2,-2.4364137649536133,0.8388888888888889,random_normmatched,-0.10748036349261249,-0.11560600775259512,0.11285558276706271,0.05216311348809136,-0.06955546907431434,-0.11067209709443725,-0.06782594794877389,-0.05063949917277334,0.13240740740740742,0.8322222222222222,0.08796296296296297,1980,38.0
1,2,2,-2.4364137649536133,0.8388888888888889,random,0.010863749186197917,0.0012175242106119792,-0.01019136110941569,0.03678551567925347,0.003306544411562815,0.005945531597066358,0.0027237551827344005,0.0029247135981188633,0.17222222222222222,0.8355555555555556,0.14814814814814814,1980,39.0
1,2,2,-2.4364137649536133,0.8388888888888889,random_normmatched,0.023749575791535554,0.008239375220404731,-0.05355274235760724,0.04556944211324056,0.01162270936657257,-0.0029386938885833723,0.03152094143880413,0.01328981129148248,0.18703703703703703,0.8344444444444444,0.1712962962962963,1980,39.0
1,2,2,-2.4364137649536133,0.8388888888888889,random,-0.007102570710358796,-0.009914345211452909,0.0013132024694372108,0.039198216332329644,-0.004193598900017669,-0.013210944628366503,0.00015585025474033773,-0.001846190458314053,0.1675925925925926,0.8277777777777777,0.1388888888888889,1980,40.0
1,2,2,-2.4364137649536133,0.8388888888888889,random_normmatched,-0.03409903667591236,-0.03552127767492224,-0.0003635459476047092,0.051432932747734916,-0.059039843572141704,-0.07199889970980318,-0.005468427188472771,-0.03440561989880065,0.16574074074074074,0.8288888888888889,0.1111111111111111,1980,40.0
1,2,2,-2.4364137649536133,0.8388888888888889,random,0.001221305352670175,-0.0036404044539840134,9.644649646900319e-05,0.040799775653415256,-0.001850055649208609,-0.0005603221030504101,6.404632172359585e-05,-0.0008509287075331099,0.17314814814814813,0.8244444444444444,0.1574074074074074,1980,41.0
1,2,2,-2.4364137649536133,0.8388888888888889,random_normmatched,0.00035794046190049914,-0.023828612433539495,-0.028397063855771666,0.04673211733500163,-0.004006842523612761,-0.004377599573336524,0.01727782572719368,0.004127456366845578,0.1648148148148148,0.8288888888888889,0.1111111111111111,1980,41.0
1,2,2,-2.4364137649536133,0.8388888888888889,random,0.002103457627473054,0.0009187945613154659,-0.0008717077749746818,0.03947451803419325,0.00022655459438699276,0.0037166204612966913,-0.0007754017550405229,0.0003655058345514989,0.17222222222222222,0.8355555555555556,0.1527777777777778,1980,42.0
1,2,2,-2.4364137649536133,0.8388888888888889,random_normmatched,0.016242551803588866,0.019956518102575233,-0.02852848724082664,0.04723634825812446,0.015156791741296593,0.022060498609464987,0.01586987491982156,0.012133168028022919,0.18425925925925926,0.8355555555555556,0.1388888888888889,1980,42.0
1,2,2,-2.4364137649536133,0.8388888888888889,random,0.014488697052001953,0.0060026733963577834,-0.0022741335409658925,0.04099493238661024,0.0046901686776413525,0.009584666326494786,-3.7863820511595794e-05,0.00433987038195414,0.16944444444444445,0.8344444444444444,0.16203703703703703,1980,43.0
1,2,2,-2.4364137649536133,0.8388888888888889,random_normmatched,0.07615368631150987,0.08588298161824544,-0.04158624366477684,0.05192324426439073,0.0844693818510095,0.06940926354784106,0.026110284716055743,0.07486245265459457,0.19722222222222222,0.8255555555555556,0.20833333333333334,1980,43.0
1,2,2,-2.4364137649536133,0.8388888888888889,random,-0.0005068673027886285,-0.003659107066966869,-0.002010008140846535,0.04431379954020182,-0.00332371905441018,-0.002402160673306615,0.0015108733423556573,-0.0022704245239502344,0.16944444444444445,0.8288888888888889,0.14351851851851852,1980,44.0
1,2,2,-2.4364137649536133,0.8388888888888889,random_normmatched,-0.053772656122843425,-0.06995866916797779,0.0038064727076777705,0.057435728708903,-0.033951104615379056,-0.0655123516282028,-0.0034854722533650363,-0.011927561327193201,0.1638888888888889,0.8255555555555556,0.1527777777777778,1980,44.0
1,2,2,-2.4364137649536133,0.8388888888888889,random,0.009654785085607458,0.0017009841071234809,-0.021449398111414025,0.05041682561238607,0.0047172390787142224,0.00967026987390831,0.00947992638898575,0.0026907547277720953,0.17777777777777778,0.8277777777777777,0.16203703703703703,1980,45.0
1,2,2,-2.4364137649536133,0.8388888888888889,random_normmatched,0.024566129401878075,0.03389727627789533,-0.1246524386935764,0.058808716668023,0.022528278455399287,0.038892352658916295,0.10946918984927809,0.015884760487469052,0.22314814814814815,0.8344444444444444,0.2175925925925926,1980,45.0
1,2,2,-2.4364137649536133,0.8388888888888889,random,-0.0019628171567563656,-0.013101577758789062,0.0030589474572075737,0.04084263483683268,-0.0032604730966174613,-0.002760420656350304,-0.001250062927196678,-0.0015036831163762043,0.16944444444444445,0.8333333333333334,0.14814814814814814,1980,46.0
1,2,2,-2.4364137649536133,0.8388888888888889,random_normmatched,-0.009492367285269279,-0.02730791657059281,0.03584202837060999,0.050013132095336914,-0.021673889815622092,-0.0036532380368767513,-0.02063990273242727,-0.012864477043704626,0.1574074074074074,0.8366666666666667,0.11574074074074074,1980,46.0
1,2,2,-2.4364137649536133,0.8388888888888889,random,-0.03480774384957773,-0.03362196463125723,0.01387472152709961,0.05170022222730849,-0.019563632356825303,-0.04818471605718549,-0.004394982175345964,-0.01335536928893672,0.1574074074074074,0.8311111111111111,0.1388888888888889,1980,47.0
1,2,2,-2.4364137649536133,0.8388888888888889,random_normmatched,-0.18022678516529225,-0.1710306450172707,0.03978943648161711,0.060295020209418404,-0.16746855206114256,-0.2565978406307231,-0.022270755456999733,-0.1127664909097735,0.1537037037037037,0.8322222222222222,0.12037037037037036,1980,47.0
1,2,2,-2.4364137649536133,0.8388888888888889,random,0.000442771558408384,-0.0034362121864601417,0.0003913384896737558,0.03768573019239638,-2.4663589507553223e-05,-0.0029207259683797305,-0.00039740110460145654,0.00013806199293435673,0.16944444444444445,0.8311111111111111,0.14814814814814814,1980,48.0
1,2,2,-2.4364137649536133,0.8388888888888889,random_normmatched,-0.008874889656349465,-0.030734150498001662,0.009677579667833116,0.04822485711839464,-0.0025376261689805148,-0.03223122067745598,-0.021149416189927227,-0.000881285951097728,0.17314814814814813,0.8277777777777777,0.13425925925925927,1980,48.0
1,2,2,-2.4364137649536133,0.8388888888888889,random,0.007258194464224356,-0.007929819601553457,0.002760791778564453,0.04351196183098687,0.0008661845428808012,0.003307936595850272,-0.00013383135020546782,0.0014783884274535094,0.16944444444444445,0.8311111111111111,0.14351851851851852,1980,49.0
1,2,2,-2.4364137649536133,0.8388888888888889,random_normmatched,0.008613528145684137,-0.036622294673213256,0.023704910278320314,0.04916521072387695,-0.0009172966878050744,-0.011266970525338081,-0.0030200739039248975,0.0019188889830328824,0.15555555555555556,0.8366666666666667,0.0787037037037037,1980,49.0
1,2,2,-2.4364137649536133,0.8388888888888889,random,0.00565505204377351,-0.0013716132552535445,-0.009677161110772027,0.041917967266506616,0.00023214668602954434,-0.00038766957576336737,0.0027526664198177534,9.956958016931421e-05,0.17037037037037037,0.8355555555555556,0.14814814814814814,1980,50.0
1,2,2,-2.4364137649536133,0.8388888888888889,random_normmatched,0.012375904012609412,-0.017775888796205872,-0.053931200945818866,0.053412468168470596,0.025728207258521547,-0.005805632149193164,0.04149095371496277,0.01953061105107638,0.1935185185185185,0.8322222222222222,0.16666666666666666,1980,50.0
1,2,2,-2.4364137649536133,0.8388888888888889,random,0.0044195722650598596,-0.0032263508549442996,-0.00643029389558015,0.03955481105380588,0.0006543646457309545,0.004315697390688745,0.001963485240802974,0.0017092121417417718,0.175,0.8333333333333334,0.14351851851851852,1980,51.0
1,2,2,-2.4364137649536133,0.8388888888888889,random_normmatched,0.03240148579632794,0.020094818539089628,-0.020801879741527415,0.04780056847466363,0.014617413625883612,0.025650859654409722,0.02459410200421898,0.01481723982532825,0.17314814814814813,0.8411111111111111,0.09722222222222222,1980,51.0
1,2,2,-2.4364137649536133,0.8388888888888889,random,0.0013338406880696616,-0.011445222077546295,-0.009178453021579318,0.04235546006096734,0.0002338212681429975,-0.0015569545875841813,0.004373665259310095,0.0004331342176174172,0.16944444444444445,0.8311111111111111,0.1574074074074074,1980,52.0
1,2,2,-2.4364137649536133,0.8388888888888889,random_normmatched,-0.00253075846919307,-0.03464831246270074,-0.01961759991115994,0.05352382871839735,0.004373612281206498,-0.0075235834888953135,0.015367465073145715,0.006577024920785535,0.1712962962962963,0.8355555555555556,0.14814814814814814,1980,52.0
1,2,2,-2.4364137649536133,0.8388888888888889,random,0.00557488688716182,-0.005346633769847729,0.002475367652045356,0.037167303297254775,0.0006615998459011519,0.004685724882898093,-0.0007234837335346198,0.0011124344886606161,0.17037037037037037,0.83,0.1574074074074074,1980,53.0
1,2,2,-2.4364137649536133,0.8388888888888889,random_normmatched,0.01112757788764106,-0.015649248052526404,0.01059469293665003,0.046868647469414604,0.009949436036283937,0.005008202642992414,-0.009572328405328314,0.0033461433411949614,0.18055555555555555,0.8366666666666667,0.16203703703703703,1980,53.0
1,2,2,-2.4364137649536133,0.8388888888888889,random,0.008548900816175672,0.0010926635177047163,0.0015901812800654658,0.039621268378363717,0.003313987800869333,0.003537037740700745,0.00043303376141176967,0.002231533673360501,0.16574074074074074,0.8311111111111111,0.14351851851851852,1980,54.0
1,2,2,-2.4364137649536133,0.8388888888888889,random_normmatched,0.04984720194781268,0.020348531228524668,0.01812113126118978,0.046033635669284395,0.031949604390568875,0.03357459111925186,-0.0068466481902862055,0.026919554484426757,0.15833333333333333,0.8344444444444444,0.125,1980,54.0
1,2,2,-2.4364137649536133,0.8388888888888889,random,0.0031988249884711373,-0.0009054431208857784,0.0004920994793927227,0.0374914805094401,-0.00027998384708574506,-0.0011077279589595992,-9.508339816644415e-05,-0.00017370237222125618,0.16666666666666666,0.8277777777777777,0.1527777777777778,1980,55.0
1,2,2,-2.4364137649536133,0.8388888888888889,random_normmatched,-7.89765958432798e-05,-0.01868885534780997,-0.0075633755436650026,0.04596151881747776,0.0053024019313981,-0.0033733653286373783,0.007170379435046739,0.004382311573975452,0.18055555555555555,0.8311111111111111,0.1574074074074074,1980,55.0
1,2,2,-2.4364137649536133,0.8388888888888889,random,0.0015658237315990307,-0.00222388020268193,0.0024017175038655598,0.03772330284118652,-0.0018969527782585769,0.0010587457948270308,-0.0003275741536003196,-0.0007964198183704904,0.1712962962962963,0.8266666666666667,0.16666666666666666,1980,56.0
1,2,2,-2.4364137649536133,0.8388888888888889,random_normmatched,0.02781666119893392,-0.009300355558042173,0.019571706983778213,0.04738892131381565,0.021748423602047096,0.0232806721959586,-0.006655356805538047,0.013850245595353312,0.18055555555555555,0.8377777777777777,0.1712962962962963,1980,56.0
1,2,2,-2.4364137649536133,0.8388888888888889,random,0.004991561395150644,-0.007707242612485532,-0.006058258480495877,0.039320312076144746,0.0010802892720963042,0.00131316550991963,0.0025745329482356203,0.000686635803327833,0.17222222222222222,0.8288888888888889,0.14814814814814814,1980,57.0
1,2,2,-2.4364137649536133,0.8388888888888889,random_normmatched,0.0031466325124104816,-0.033350979840313946,-0.051725760212651004,0.04771729893154568,-0.009018672357093187,0.0051903743808969505,0.03176812463396175,-0.00043349283733900743,0.19444444444444445,0.8255555555555556,0.17592592592592593,1980,57.0
1,2,2,-2.4364137649536133,0.8388888888888889,random,-0.0012400521172417534,-0.012195092660409433,0.0006791626965558088,0.03698860804239909,-0.0017097772895236193,-0.0013760107592398565,0.00030332286497532495,-0.0008231251369172478,0.16944444444444445,0.8344444444444444,0.1574074074074074,1980,58.0
1,2,2,-2.4364137649536133,0.8388888888888889,random_normmatched,-0.031499138584843385,-0.03518664395367658,0.006165601589061596,0.04684266408284505,-0.024756759086041722,-0.013992041977860505,-0.0030357632431353538,-0.015832891988916055,0.1685185185185185,0.8277777777777777,0.1712962962962963,1980,58.0
1,2,2,-2.4364137649536133,0.8388888888888889,random,0.010944926297223127,0.003566265106201172,-0.0018698780624954788,0.0418495061662462,0.0027168755719345133,0.005817510965674423,0.001447182059719433,0.0030930509556085202,0.17685185185185184,0.8277777777777777,0.14814814814814814,1980,59.0
1,2,2,-2.4364137649536133,0.8388888888888889,random_normmatched,0.04566461951644332,0.03771617677476671,-0.004424854561134621,0.04878502739800347,0.037216246598181124,0.021237026087154335,0.004333789926833713,0.028053777670792656,0.18703703703703703,0.8266666666666667,0.16666666666666666,1980,59.0
1,2,2,-2.4364137649536133,0.8388888888888889,random,-0.0012973114296242043,-0.007839185220223886,-0.00356615561026114,0.03893382814195421,-0.001950856763968934,-0.002833777833967427,0.002388266995169425,-0.0009641845921510169,0.1675925925925926,0.8266666666666667,0.1574074074074074,1980,60.0
1,2,2,-2.4364137649536133,0.8388888888888889,random_normmatched,-0.049811218403003836,-0.0401253170437283,-0.034767368104722765,0.047043052249484595,-0.027433134137522863,-0.049721418550543926,0.02323578994898491,-0.019202203473940235,0.1814814814814815,0.8288888888888889,0.1712962962962963,1980,60.0
1,2,2,-2.4364137649536133,0.8388888888888889,random,0.016764782093189382,0.004958453001799407,-0.015057657383106373,0.03959503597683377,0.00745421361187029,0.007292737354204963,0.004209365271099354,0.004979300114119454,0.1712962962962963,0.8311111111111111,0.1527777777777778,1980,61.0
1,2,2,-2.4364137649536133,0.8388888888888889,random_normmatched,0.09176638921101889,0.06295684531882957,-0.09639180501302083,0.04939287609524197,0.059273274319917205,0.05537769254476319,0.08041118666465488,0.051005262958931624,0.18518518518518517,0.8311111111111111,0.13425925925925927,1980,61.0
1,2,2,-2.4364137649536133,0.8388888888888889,random,0.015072416376184535,0.0023944819415057145,-0.0067842324574788416,0.040349103079901805,0.0040388866353124825,0.007039375565562993,0.0016714127957939947,0.004736869237121164,0.17407407407407408,0.8277777777777777,0.1527777777777778,1980,62.0
1,2,2,-2.4364137649536133,0.8388888888888889,random_normmatched,0.1048113328439218,0.08712625503540039,-0.028562598758273654,0.047264166937934025,0.08374253529581999,0.07975886634956482,0.014066113407173345,0.06552140406991847,0.1814814814814815,0.8266666666666667,0.16203703703703703,1980,62.0
1,2,2,-2.4364137649536133,0.8388888888888889,random,-0.003148380915323893,-0.007704416910807292,-0.006593430483782733,0.04029752625359429,-0.004409299832943279,-0.005491894687007805,0.0015401719223360735,-0.0023387605916739534,0.17037037037037037,0.8311111111111111,0.14814814814814814,1980,63.0
1,2,2,-2.4364137649536133,0.8388888888888889,random_normmatched,-0.07311953085440176,-0.07757575423629195,-0.03454880714416504,0.05194361686706543,-0.05249772201558478,-0.07951950627776568,0.014766079900730807,-0.042612985707264,0.175,0.8288888888888889,0.1388888888888889,1980,63.0
1,2,2,-2.4364137649536133,0.8388888888888889,random,0.0039952242815936055,-0.0037399397956000436,0.004357954307838722,0.03806124687194824,-0.0005490088577038647,0.00030428379170628845,-0.0005748953771517165,0.000502237251283814,0.1675925925925926,0.8333333333333334,0.1388888888888889,1980,64.0
1,2,2,-2.4364137649536133,0.8388888888888889,random_normmatched,0.024683387191207322,0.015171386577464916,0.053686887246591077,0.04501925044589573,0.015304974981157706,0.0010812514658830377,-0.03696077804001613,0.016118984689349213,0.15555555555555556,0.8388888888888889,0.10185185185185185,1980,64.0
1,2,2,-2.4364137649536133,0.8388888888888889,random,0.00048087261341236254,-0.010520564185248481,0.0022846628118444374,0.039528705808851455,5.667311831406164e-06,-0.002093448260216307,-0.00020966736960261972,0.0004364458523313095,0.1675925925925926,0.8377777777777777,0.1388888888888889,1980,65.0
1,2,2,-2.4364137649536133,0.8388888888888889,random_normmatched,0.007840907132184063,-0.005422433217366536,0.02176955540974935,0.04517226431104872,0.002207730403196894,-0.003665054217881205,-0.017299378276177488,0.00011262291598786876,0.1648148148148148,0.8288888888888889,0.13425925925925927,1980,65.0
1,2,2,-2.4364137649536133,0.8388888888888889,random,0.0035568714141845704,0.003051545884874132,-0.00422157711452908,0.03826239479912652,0.000636042709694788,0.0017261965646200971,0.002796166063101768,0.001772686099215279,0.16944444444444445,0.8311111111111111,0.1574074074074074,1980,66.0
1,2,2,-2.4364137649536133,0.8388888888888889,random_normmatched,0.06690826769228335,0.051561479215268734,-0.04261430457786278,0.04984593285454644,0.06654938732605567,0.052928504880847924,0.02796067103339814,0.04614022068929035,0.19074074074074074,0.83,0.18055555555555555,1980,66.0
1,2,2,-2.4364137649536133,0.8388888888888889,random,-0.003470526801215278,-0.013469095583315249,-0.0058118149086281105,0.03988229645623101,-0.0025901785763441125,-0.004533258414797534,0.0015567327038079092,-0.0013470141135955432,0.16666666666666666,0.8277777777777777,0.14351851851851852,1980,67.0
1,2,2,-2.4364137649536133,0.8388888888888889,random_normmatched,-0.00310177449826841,-0.029328770107693143,-0.022990406884087457,0.04402313444349501,-0.0044187993210117295,0.007711174940416452,0.01183121898880428,-0.002649098756722426,0.1814814814814815,0.8288888888888889,0.14814814814814814,1980,67.0
1,2,2,-2.4364137649536133,0.8388888888888889,random,-0.004068328716136791,-0.014656896944399233,0.0060468762009232135,0.0357363944583469,-0.0013852715197882563,-0.00411817482303258,-0.0007700091541132303,-0.0010273562314604475,0.16944444444444445,0.8255555555555556,0.1388888888888889,1980,68.0
1,2,2,-2.4364137649536133,0.8388888888888889,random_normmatched,-0.02100531613385236,-0.03874501475581416,0.03298522278114602,0.04747763951619466,-0.0250776757790397,-0.008929332079348106,-0.021210600397624575,-0.01951094187266125,0.16111111111111112,0.8277777777777777,0.125,1980,68.0
1,2,2,-2.4364137649536133,0.8388888888888889,random,-0.012502848660504376,-0.01662476857503255,0.0076613408547860605,0.045416238572862415,-0.006088604390466669,-0.014142090626166563,-0.0020650620892903324,-0.004319397556639879,0.1648148148148148,0.8288888888888889,0.14351851851851852,1980,69.0
1,2,2,-2.4364137649536133,0.8388888888888889,random_normmatched,-0.1300979596597177,-0.16067734471073858,0.05377467296741627,0.06458408885531955,-0.15099808485407046,-0.13436482142723918,-0.0348995833649076,-0.10008256432130869,0.15185185185185185,0.83,0.09722222222222222,1980,69.0
1,2,2,-2.4364137649536133,0.8388888888888889,random,-0.007851362228393555,-0.009500415236861617,-0.000549422370062934,0.0341945923699273,-0.004555816568895219,-0.005300351088733319,-0.0007881722924877998,-0.0028069600558519392,0.1638888888888889,0.8333333333333334,0.12962962962962962,1980,70.0
1,2,2,-2.4364137649536133,0.8388888888888889,random_normmatched,-0.08519939669856319,-0.12313961099695277,-0.022922084949634693,0.04714874373541938,-0.060118898437257845,-0.05967844974520273,0.006843124216467839,-0.049194300878373176,0.17777777777777778,0.83,0.1527777777777778,1980,70.0
1,2,2,-2.4364137649536133,0.8388888888888889,random,0.0024340294025562426,0.0007490935149016204,-0.003555933634440104,0.03963973045349121,0.0010108597953095758,0.004382686713048512,0.0003090355384306654,0.000590026888593108,0.1685185185185185,0.83,0.1527777777777778,1980,71.0
1,2,2,-2.4364137649536133,0.8388888888888889,random_normmatched,0.016312590351811162,0.019979989087140118,-0.029895944948549625,0.05242172559102376,0.016421220261361703,0.03970224935857614,0.0205544735979856,0.009252653554788421,0.18518518518518517,0.8233333333333334,0.16203703703703703,1980,71.0
1,2,2,-2.4364137649536133,0.8388888888888889,random,-0.0011878402144820603,-0.010841687520345053,0.001921560146190502,0.036435416539510095,-0.0022365261023156997,-0.003807085190537352,0.0001376154679786008,-0.0013273620488990613,0.1685185185185185,0.8311111111111111,0.14814814814814814,1980,72.0
1,2,2,-2.4364137649536133,0.8388888888888889,random_normmatched,0.013794747105351201,-0.0058382705405906395,0.022387241434167933,0.04822891659206814,0.01920774930086812,-0.004611922838902179,-0.0295301680037494,0.02057870966595572,0.17407407407407408,0.8311111111111111,0.13425925925925927,1980,72.0
1,2,2,-2.4364137649536133,0.8388888888888889,random,0.004749395229198315,0.00025879895245587385,0.005569982528686524,0.040615271462334526,0.0014503908586810947,0.002856543628069908,-0.00029056211618460866,0.0020706586949790105,0.16111111111111112,0.8288888888888889,0.1388888888888889,1980,73.0
1,2,2,-2.4364137649536133,0.8388888888888889,random_normmatched,0.03277043413232874,0.03317749941790545,0.03831668783117224,0.04563707775539822,0.03399593131977666,0.029530752387439886,-0.02704280270319533,0.027610853923080533,0.15462962962962962,0.8366666666666667,0.0787037037037037,1980,73.0
1,2,2,-2.4364137649536133,0.8388888888888889,random,0.005818156842832212,-0.0031070356015805846,-0.0034030684718379268,0.042373259862264,0.0001263252234341825,0.00407691461454666,0.001287010893118828,0.0008526353511077969,0.16944444444444445,0.8333333333333334,0.14814814814814814,1980,74.0
1,2,2,-2.4364137649536133,0.8388888888888889,random_normmatched,0.0339969034548159,0.02803359208283601,-0.039898370813440394,0.0510887802971734,0.009227421285434424,0.04058757672648652,0.028292104859248372,0.01403393917086913,0.1824074074074074,0.8311111111111111,0.14814814814814814,1980,74.0
1,2,2,-2.4364137649536133,0.8388888888888889,random,-0.0005875269571940105,-0.005880673726399739,0.0039808820795129846,0.03641394191318088,-0.0009113627479186637,-0.0028700817438875657,-0.0003937541204201248,-0.0002278521355829311,0.1648148148148148,0.8311111111111111,0.14351851851851852,1980,75.0
1,2,2,-2.4364137649536133,0.8388888888888889,random_normmatched,-0.02839569162439417,-0.03451237855134187,0.02472439695287634,0.049638347625732424,-0.015147113304514327,-0.03445056156275836,-0.025571907942515945,-0.012085183402677759,0.17314814814814813,0.8255555555555556,0.1574074074074074,1980,75.0
1,2,2,-2.4364137649536133,0.8388888888888889,random,0.004318329139992043,-0.003041338037561487,-0.0012359389552363642,0.03728602621290419,-0.00045415556599039293,0.0020036702427656053,0.0008417076439636692,0.00048257297962031777,0.16296296296296298,0.8322222222222222,0.14351851851851852,1980,76.0
1,2,2,-2.4364137649536133,0.8388888888888889,random_normmatched,0.045708998927363645,0.035297393798828125,-0.013864139274314598,0.04454751968383789,0.03788742953444062,0.037653335255077344,0.014964175472842515,0.023789504116062527,0.18611111111111112,0.8311111111111111,0.1712962962962963,1980,76.0
1,2,2,-2.4364137649536133,0.8388888888888889,random,0.0031593605324074076,-0.006414095560709636,-0.0005142017647072121,0.03671377287970649,0.0012658451503881096,0.002748020951648359,3.931870513674308e-05,0.0014859156433857633,0.17314814814814813,0.8277777777777777,0.1574074074074074,1980,77.0
1,2,2,-2.4364137649536133,0.8388888888888889,random_normmatched,0.031019715909604673,0.01648316559968171,0.003496175342135959,0.05093657811482748,0.026832653601326792,0.04043822965441337,0.0010903821104075392,0.02227534560824953,0.1787037037037037,0.8255555555555556,0.1527777777777778,1980,77.0
1,2,2,-2.4364137649536133,0.8388888888888889,random,0.0003414189374005353,-0.009213076697455512,-0.0024970443160445602,0.03919171015421549,5.471101213780421e-05,-0.0039826554462586245,1.0321208923201175e-06,0.00036011162777382954,0.1685185185185185,0.8244444444444444,0.14814814814814814,1980,78.0
1,2,2,-2.4364137649536133,0.8388888888888889,random_normmatched,0.04278750949435764,0.01679070790608724,0.009395315029003003,0.04903433693779839,0.02373166781263093,0.03445759113624748,-0.006787581960940608,0.025753460052973992,0.1685185185185185,0.8255555555555556,0.11574074074074074,1980,78.0
1,2,2,-2.4364137649536133,0.8388888888888889,random,0.005430800826461227,-0.0033283057036223233,-0.004305775960286458,0.04324144257439507,-0.0007294212093797158,0.013851996366043739,0.0008104247087481926,-0.001421104015297711,0.17407407407407408,0.8344444444444444,0.1388888888888889,1980,79.0
1,2,2,-2.4364137649536133,0.8388888888888889,random_normmatched,0.010263824462890625,0.000503628342239945,-0.01878679946616844,0.05211427476671007,0.0020408446752287475,0.06481149179798953,0.017265088232124935,-0.0046565235110096245,0.1824074074074074,0.8266666666666667,0.16203703703703703,1980,79.0
1,2,2,-2.4364137649536133,0.8388888888888889,random,0.0028134451972113717,-0.007210342972366898,0.00870815736276132,0.03763166003757053,-6.191673351683077e-05,0.000858933951921408,-0.0020198627910075506,0.0006575727230554168,0.16111111111111112,0.8344444444444444,0.13425925925925927,1980,80.0
1,2,2,-2.4364137649536133,0.8388888888888889,random_normmatched,0.0007107452110007958,-0.01162419495759187,0.04529984262254503,0.047928712632921006,0.0009658113791345144,-0.0014992165689214903,-0.04820783681055067,0.0005977342472004803,0.15833333333333333,0.8411111111111111,0.1111111111111111,1980,80.0
1,2,2,-2.4364137649536133,0.8388888888888889,random,0.005373333118580006,-0.0024588196365921584,-0.0031431957527443214,0.03709862815009223,0.00020433230183191764,0.001597443443879101,0.00170496918381408,0.0002884662988094841,0.1685185185185185,0.8266666666666667,0.1527777777777778,1980,81.0
1,2,2,-2.4364137649536133,0.8388888888888889,random_normmatched,0.04676394285979094,0.034591763107864944,-0.04027623600429959,0.04949033419291178,0.03442985834445551,0.016918422167055667,0.03984577793497229,0.03336098044768507,0.18888888888888888,0.8311111111111111,0.14814814814814814,1980,81.0
1,2,2,-2.4364137649536133,0.8388888888888889,random,-3.24249267578125e-05,-0.008343060811360678,0.0038367024174442996,0.03861925760904948,-0.001677576036606193,-0.000706751032990388,0.0008290918552831194,-0.0005298949196064983,0.16203703703703703,0.8422222222222222,0.1388888888888889,1980,82.0
1,2,2,-2.4364137649536133,0.8388888888888889,random_normmatched,-0.02896906888043439,-0.03658646124380606,0.01293929241321705,0.045184959835476345,-0.021931020780464015,-0.031021937297463206,-0.003339096314575351,-0.01628530367108359,0.14907407407407408,0.8388888888888889,0.11574074074074074,1980,82.0
1,2,2,-2.4364137649536133,0.8388888888888889,random,0.006799659022578486,-0.002654640762894242,-0.009317991468641493,0.03815318637424045,0.0005444538242266991,0.005893404423514494,0.0014083555315297373,0.0019542665560427015,0.17407407407407408,0.8322222222222222,0.16203703703703703,1980,83.0
1,2,2,-2.4364137649536133,0.8388888888888889,random_normmatched,0.023420381546020507,0.025998574716073496,-0.06184055716903122,0.044881216684977215,0.01293525266935473,0.0437574964938942,0.03324774893646895,0.016786144630668565,0.18796296296296297,0.8322222222222222,0.14814814814814814,1980,83.0
1,2,2,-2.4364137649536133,0.8388888888888889,random,0.023005923518428097,0.01795851742779767,0.0017814194714581525,0.03799772686428494,0.01367600405018141,0.013633394045669286,-0.0008207476278643785,0.010905847029702334,0.16944444444444445,0.8322222222222222,0.1527777777777778,1980,84.0
1,2,2,-2.4364137649536133,0.8388888888888889,random_normmatched,0.19410805172390408,0.1668641478927047,0.0179780642191569,0.05239839341905382,0.13122465092872643,0.1277351240726849,-0.013841074543553334,0.12117860509774858,0.19722222222222222,0.8311111111111111,0.18981481481481483,1980,84.0
1,2,2,-2.4364137649536133,0.8388888888888889,random,0.007800418359261972,-0.003219887062355324,-0.005417226862024378,0.04421105172899034,0.0004603672470081648,0.00010757250785918867,0.002837337401844143,0.0010602548835977363,0.17407407407407408,0.8288888888888889,0.14351851851851852,1980,85.0
1,2,2,-2.4364137649536133,0.8388888888888889,random_normmatched,0.0008364871696189597,-0.017194271087646484,-0.04354736363446271,0.04895855267842611,-0.0015069921821128608,-0.02679608214960364,0.021026612108060803,0.008709650712819154,0.17314814814814813,0.8266666666666667,0.1527777777777778,1980,85.0
1,2,2,-2.4364137649536133,0.8388888888888889,random,0.00025892434296784575,-0.0043387942843967015,0.003365785104257089,0.041750224431355794,-0.002215207187178407,-0.0016624799334711035,-0.0009518864269786893,-0.00030450040631474756,0.16574074074074074,0.8366666666666667,0.14814814814814814,1980,86.0
1,2,2,-2.4364137649536133,0.8388888888888889,random_normmatched,-0.03446078653688784,-0.039826251842357496,0.0053210311465793185,0.05009851773579915,-0.0031417289078321054,-0.019255055665956446,0.00018167230539631974,-0.00042420995457885513,0.16203703703703703,0.8344444444444444,0.10648148148148148,1980,86.0
1,2,2,-2.4364137649536133,0.8388888888888889,random,0.0012780012907805266,-0.002974987030029297,-0.0063368479410807295,0.04140842013888889,-0.0006504092939104675,0.001411273429678488,0.002724279611844402,-4.991158440626099e-05,0.1648148148148148,0.8344444444444444,0.1388888888888889,1980,87.0
1,2,2,-2.4364137649536133,0.8388888888888889,random_normmatched,0.010300235395078306,0.008718508261221426,-0.03095138161270707,0.05256667455037435,0.004448626804703807,0.005485044275706371,0.021400744279053304,0.004287073085276479,0.17777777777777778,0.8411111111111111,0.16666666666666666,1980,87.0
1,2,2,-2.4364137649536133,0.8388888888888889,random,-0.0021306691346345123,-0.013239542643229166,-0.001213767793443468,0.04183810022142198,-0.00118142067486181,-0.001769368331276016,-0.001564608933184752,-0.0013343847354311618,0.16944444444444445,0.8288888888888889,0.14814814814814814,1980,88.0
1,2,2,-2.4364137649536133,0.8388888888888889,random_normmatched,-0.012230763611970124,-0.027655742786548757,0.0035443765145760997,0.044468846850925024,-0.014072722476374016,-0.016842869159480835,-0.0070468792614743645,-0.014916050119767807,0.16944444444444445,0.8288888888888889,0.1388888888888889,1980,88.0
1,2,2,-2.4364137649536133,0.8388888888888889,random,-0.004445106011849863,-0.012194403895625362,-0.0029837096178973164,0.04183659765455458,-0.003648369348053653,-0.00503057271583099,0.0017075891877642803,-0.0017545603036539272,0.17314814814814813,0.8266666666666667,0.1574074074074074,1980,89.0
1,2,2,-2.4364137649536133,0.8388888888888889,random_normmatched,-0.06806112571998879,-0.09250771557843243,-0.01840922920792191,0.059097518920898436,-0.08747063745973824,-0.049801439791176585,0.01071935258634086,-0.06401733199573392,0.16666666666666666,0.8222222222222222,0.1388888888888889,1980,89.0
1,2,2,-2.4364137649536133,0.8388888888888889,random,0.0015693505605061848,-0.006466459344934534,-0.001832527584499783,0.04024255328708225,-0.0009650493897808191,0.0005382511586017035,-0.00022062162326728064,0.0005424828391193767,0.1648148148148148,0.8277777777777777,0.1388888888888889,1980,90.0
1,2,2,-2.4364137649536133,0.8388888888888889,random_normmatched,0.027217564759431063,0.014224017107928241,-0.0011158219090214483,0.049704818725585936,0.015927173549837893,0.03109347241528879,-0.00021468114560258442,0.011749033039228082,0.1685185185185185,0.8366666666666667,0.125,1980,90.0
1,2,2,-2.4364137649536133,0.8388888888888889,random,0.00036555396185980905,-0.005191661693431713,-0.003138383229573568,0.04115802976820204,-0.0010333059092531853,-0.0014204412405566939,0.0007641740104395881,-0.00044173689550451107,0.16944444444444445,0.8355555555555556,0.1574074074074074,1980,91.0
1,2,2,-2.4364137649536133,0.8388888888888889,random_normmatched,-0.020675678606386538,-0.028568868283872253,0.0035865501121238427,0.04545923656887478,-0.020296690078353285,-0.03199794198608658,-0.00976119000377565,-0.014255771756832694,0.1685185185185185,0.8277777777777777,0.14814814814814814,1980,91.0
1,2,2,-2.4364137649536133,0.8388888888888889,random,-0.009759279533668801,-0.016621695624457464,0.005411349402533637,0.039466749827067056,-0.005253636066246155,-0.010445123084929241,-0.0010245277077911067,-0.002665563784500817,0.1675925925925926,0.8388888888888889,0.13425925925925927,1980,92.0
1,2,2,-2.4364137649536133,0.8388888888888889,random_normmatched,-0.03589453167385525,-0.03421098214608652,0.035796979621604635,0.04732733620537652,-0.027208468931899193,-0.034377760444256014,-0.023331896224092936,-0.015889716701226485,0.15462962962962962,0.84,0.1111111111111111,1980,92.0
1,2,2,-2.4364137649536133,0.8388888888888889,random,0.000242171464142976,-0.007819670218008536,0.0011305385165744357,0.036064621607462564,-0.0020390024983315226,-0.00426728005790487,-0.0010687252863249416,-0.0016180941289470163,0.1685185185185185,0.8288888888888889,0.14814814814814814,1980,93.0
1,2,2,-2.4364137649536133,0.8388888888888889,random_normmatched,-0.047178801783808955,-0.06864805574770327,-0.01513236540335196,0.04673712094624837,-0.035877880494487605,-0.030109810240537233,0.00296414660940777,-0.03053581562493846,0.17685185185185184,0.8344444444444444,0.16666666666666666,1980,93.0
1,2,2,-2.4364137649536133,0.8388888888888889,random,0.002974543748078523,-0.000556875158239294,-0.005179530602914316,0.036513285107082794,-7.1406367325516545e-06,0.0020518566924178213,0.0009430271850951096,0.00011686193703866283,0.16666666666666666,0.8333333333333334,0.14814814814814814,1980,94.0
1,2,2,-2.4364137649536133,0.8388888888888889,random_normmatched,-0.008626505180641456,-0.019166328288890696,-0.050286845807675964,0.04628364245096842,-0.004139836899095991,-0.009775929859701629,0.0317633989206815,0.004161337549669538,0.17962962962962964,0.8366666666666667,0.17592592592592593,1980,94.0
1,2,2,-2.4364137649536133,0.8388888888888889,random,0.0015204941784894026,-0.00972802550704391,0.0011919533764874494,0.03505604849921332,-0.0012383494358815127,0.0045206340051224736,-6.441847888955424e-05,-0.0010195905725786237,0.1638888888888889,0.8322222222222222,0.14351851851851852,1980,95.0
1,2,2,-2.4364137649536133,0.8388888888888889,random_normmatched,-0.0058685708928991245,-0.006268024444580078,-0.01898876119543005,0.04492331186930339,0.002357430843925582,0.027747191430184316,0.017043216590263796,0.0018908780682532567,0.17962962962962964,0.8344444444444444,0.1574074074074074,1980,95.0
1,2,2,-2.4364137649536133,0.8388888888888889,random,-0.005079209363019025,-0.015893883175320096,0.007306989034016927,0.037275533676147464,-0.003442646854850469,-0.004354952979757721,-0.0024323289396879764,-0.0011788844346747643,0.1685185185185185,0.8277777777777777,0.1527777777777778,1980,96.0
1,2,2,-2.4364137649536133,0.8388888888888889,random_normmatched,-0.023224408538253218,-0.043617478123417604,0.018687853989777743,0.04414846844143338,-0.012555844049941759,-0.018626475393844637,-0.015098632647123956,-0.005251287088857588,0.15925925925925927,0.83,0.09259259259259259,1980,96.0
1,2,2,-2.4364137649536133,0.8388888888888889,random,0.005482705434163412,0.0012683338589138454,-0.0030620769218162253,0.03541914092169868,0.000276180860009912,0.006660805358431966,0.001091268742559081,0.0005301047069573551,0.17037037037037037,0.8288888888888889,0.1527777777777778,1980,97.0
1,2,2,-2.4364137649536133,0.8388888888888889,random_normmatched,0.022129608083654332,0.02294535107082791,0.004467706327085142,0.04662205272250705,0.010157385434512046,0.023637182099881582,-0.00033624464267798405,0.011568680977310751,0.1712962962962963,0.8277777777777777,0.13425925925925927,1980,97.0
1,2,2,-2.4364137649536133,0.8388888888888889,random,-0.0002987420117413556,-0.01215540921246564,-0.005642530653211806,0.036013837390475804,-0.0016737865230305336,-0.00659781938005446,0.0021365135416361604,-0.00022462438065728888,0.1675925925925926,0.8355555555555556,0.1574074074074074,1980,98.0
1,2,2,-2.4364137649536133,0.8388888888888889,random_normmatched,-0.009676216266773365,-0.04591380225287543,-0.01704088846842448,0.04677281061808268,-0.00567663663630825,-0.052174283561124905,0.011866592561966044,-0.0013530930232568193,0.175,0.8333333333333334,0.12037037037037036,1980,98.0
1,2,2,-2.4364137649536133,0.8388888888888889,random,-0.005312524018464265,-0.017480726595278138,-0.0031230626282868564,0.04222175386216905,-0.0035945616388834666,-0.001437461965698983,0.0004885902524953726,-0.0012367780544040407,0.15555555555555556,0.8355555555555556,0.1388888888888889,1980,99.0
1,2,2,-2.4364137649536133,0.8388888888888889,random_normmatched,-0.01670935242264359,-0.02480204900105794,-0.011079140062685367,0.047321468989054365,-0.013868563285339565,-0.006096727549293367,0.002191703659143804,-0.007324171870135862,0.17314814814814813,0.8255555555555556,0.17592592592592593,1980,99.0
1,2,2,-2.4364137649536133,0.8388888888888889,shuffled_labels,0.7414757551970306,0.726622051662869,-0.49780827981454356,0.70201812532213,0.6445112899611991,0.8723180194433428,0.2804587372411754,0.3197933891742635,0.5,0.6677777777777778,0.49537037037037035,1980,
1,2,3,-2.5384693145751953,0.7888888888888889,das,2.5071696881894714,2.47166668927228,-2.466431004912765,0.7781142584482829,1.4144855315380718,2.1579070442018224,1.4082652062312708,1.2419212045146293,0.9268518518518518,0.7855555555555556,0.9444444444444444,1980,
1,2,3,-2.5384693145751953,0.7888888888888889,random,0.012868799986662688,0.01201329407868562,-0.015210621445267289,0.046593808068169484,0.004450615755828724,0.009857549576344347,0.005157160676270443,0.0017106739353904448,0.2101851851851852,0.7944444444444444,0.21296296296296297,1980,0.0
1,2,3,-2.5384693145751953,0.7888888888888889,random_normmatched,0.05854182243347168,0.05587988429599338,-0.08627291432133427,0.06859161270989313,0.04402226950130112,0.025820261470223774,0.04755810927898307,0.0334390137403545,0.24351851851851852,0.7811111111111111,0.25462962962962965,1980,0.0
1,2,3,-2.5384693145751953,0.7888888888888889,random,-0.0005452332673249421,0.0034961700439453125,-0.0008604632483588324,0.0418909846411811,0.00040527207741277127,0.0023844620208590653,0.001026140629417813,0.0003902407870085135,0.2101851851851852,0.7911111111111111,0.2037037037037037,1980,1.0
1,2,3,-2.5384693145751953,0.7888888888888889,random_normmatched,-0.023706370812875254,-0.012711145259715893,-0.006340009194833261,0.05202113469441732,-0.008897373946933178,0.003362243402439601,-0.00010216305213472425,-0.0075396365059905955,0.2074074074074074,0.7911111111111111,0.2361111111111111,1980,1.0
1,2,3,-2.5384693145751953,0.7888888888888889,random,-0.0010165426466200087,0.0011871125962999132,-0.0010277783429181134,0.04522984292772081,-0.00030338989745418783,0.0015724224706183333,0.00045103541348043063,-0.00024551561886874864,0.2074074074074074,0.7955555555555556,0.2037037037037037,1980,2.0
1,2,3,-2.5384693145751953,0.7888888888888889,random_normmatched,-0.005054682272451895,0.009707194787484628,-0.005489955125031648,0.054581516053941515,-0.003716570046472794,-0.011868241841885722,0.009506389703114036,0.0015238070380451814,0.19907407407407407,0.79,0.2037037037037037,1980,2.0
1,2,3,-2.5384693145751953,0.7888888888888889,random,0.010688972473144532,0.005222744411892361,-0.007561794916788737,0.04613151762220594,0.0045001890384869184,0.01129530464862076,0.0014792281081979007,0.0032692843451450756,0.2101851851851852,0.7911111111111111,0.21296296296296297,1980,3.0
1,2,3,-2.5384693145751953,0.7888888888888889,random_normmatched,0.05910718176099989,0.05471441480848524,-0.05607688162061903,0.06666987101236979,0.05651573068620168,0.05835582301273936,0.03096451382732187,0.05706504655845531,0.2351851851851852,0.78,0.2824074074074074,1980,3.0
1,2,3,-2.5384693145751953,0.7888888888888889,random,0.004064499890362775,0.007507553807011357,0.005384397506713867,0.04262985123528375,0.001809220580167746,0.008092304698144814,0.00042315018458220587,0.0011806990779510726,0.2101851851851852,0.7855555555555556,0.19444444444444445,1980,4.0
1,2,3,-2.5384693145751953,0.7888888888888889,random_normmatched,0.011606550216674805,0.016671631071302626,0.03411071742022479,0.05638926082187229,0.010233040527489218,0.03342266877842905,-0.02283120625416088,0.011797136601742822,0.2175925925925926,0.7866666666666666,0.25925925925925924,1980,4.0
1,2,3,-2.5384693145751953,0.7888888888888889,random,0.001313334924203378,-0.0013049708472357856,-0.00890538250958478,0.037705427805582684,0.0011289695080567604,0.0003631558243832999,0.0021754860378628864,0.0005031590344538193,0.21203703703703702,0.7866666666666666,0.20833333333333334,1980,5.0
1,2,3,-2.5384693145751953,0.7888888888888889,random_normmatched,-0.007902593965883609,0.0052666134304470485,-0.021058144392790617,0.05453168657090929,-0.004678059235923504,-0.006686092589413703,0.010858780943086255,-0.0023306766521600897,0.2037037037037037,0.7911111111111111,0.19444444444444445,1980,5.0
1,2,3,-2.5384693145751953,0.7888888888888889,random,0.008168220520019531,0.01016821684660735,-0.005331646954571759,0.04358992470635308,0.0027913148373833827,0.011484820039086598,0.0013050137989964478,0.0016607593645986958,0.2111111111111111,0.7911111111111111,0.2037037037037037,1980,6.0
1,2,3,-2.5384693145751953,0.7888888888888889,random_normmatched,0.05006671128449617,0.05349450641208225,-0.02263179178591128,0.058295842276679145,0.01960238026228774,0.049651616087258946,-0.0009477403491188781,0.01348956430899505,0.22777777777777777,0.7844444444444445,0.2638888888888889,1980,6.0
1,2,3,-2.5384693145751953,0.7888888888888889,random,-0.0048015205948441116,-0.009317609998914931,-0.002663707733154297,0.044315179189046226,-0.0006342047728397564,-0.008331380265812847,0.0004785026029478867,-0.00012056621860083764,0.2074074074074074,0.7911111111111111,0.2037037037037037,1980,7.0
1,2,3,-2.5384693145751953,0.7888888888888889,random_normmatched,-0.01420355549565068,-0.022929474159523292,-0.005553217287416812,0.06545532014634874,-0.010184447216287001,-0.04305614410219602,-0.0051690756243654365,-0.008212594597402444,0.20277777777777778,0.7911111111111111,0.2037037037037037,1980,7.0
1,2,3,-2.5384693145751953,0.7888888888888889,random,-0.0037564065721299913,-0.0010315753795482495,-0.0037710225140606918,0.044120727115207245,-0.0004316144813697061,2.1554481022146052e-05,0.00017394871663571794,-0.0015233659041606687,0.2101851851851852,0.79,0.21296296296296297,1980,8.0
1,2,3,-2.5384693145751953,0.7888888888888889,random_normmatched,-0.016868886241206416,0.003074089686075846,0.0006652372854727286,0.05305712699890137,-0.009711252410120108,-0.00010876245705246388,0.0010242237240252307,-0.0053682193819717,0.2101851851851852,0.7855555555555556,0.2222222222222222,1980,8.0
1,2,3,-2.5384693145751953,0.7888888888888889,random,-0.000745550791422526,-0.0014670336688006366,-0.005499198701646593,0.04480940606858995,0.00038174914913208507,0.0014096786806954771,0.0037812752146635566,0.0002872043689989886,0.2101851851851852,0.7922222222222223,0.2037037037037037,1980,9.0
1,2,3,-2.5384693145751953,0.7888888888888889,random_normmatched,-0.009448447050871672,-5.974592985930266e-05,-0.042237250010172527,0.05600665940178765,-0.0018249447268763007,-0.0013418923153600776,0.025643353881084706,0.0006665014059875972,0.21574074074074073,0.7855555555555556,0.24074074074074073,1980,9.0
1,2,3,-2.5384693145751953,0.7888888888888889,random,-0.0016347991095648873,0.0007601490727177372,0.0018538616321705007,0.04060753928290473,0.00015308225281658025,-0.00718091912153499,0.00024012609979890082,7.856855451197575e-05,0.2111111111111111,0.7866666666666666,0.19907407407407407,1980,10.0
1,2,3,-2.5384693145751953,0.7888888888888889,random_normmatched,-0.03264757262335883,-0.01367560139408818,0.026212234850283022,0.05888559447394477,-0.027246211034470936,-0.05067113604930323,-0.021588929393905144,-0.024159383549840843,0.1935185185185185,0.7944444444444444,0.19444444444444445,1980,10.0
1,2,3,-2.5384693145751953,0.7888888888888889,random,0.016274356842041017,0.0073598755730523,-0.015294696666576244,0.04467557271321614,0.008128918272503782,0.016564454294280686,0.005366133445363034,0.007812971655602617,0.21203703703703702,0.7933333333333333,0.20833333333333334,1980,11.0
1,2,3,-2.5384693145751953,0.7888888888888889,random_normmatched,0.1039533120614511,0.06113551281116627,-0.07551386268050582,0.06971303939819336,0.060207899325195324,0.07667771370773013,0.0458942529373033,0.05987364472671916,0.23333333333333334,0.7955555555555556,0.25925925925925924,1980,11.0
1,2,3,-2.5384693145751953,0.7888888888888889,random,0.011068492465549045,0.00773212644788954,-0.006271113289727105,0.04852571593390571,0.0026889684837875967,0.011025249637303306,0.0016447918229853219,0.0018619383856644859,0.2101851851851852,0.7911111111111111,0.19907407407407407,1980,12.0
1,2,3,-2.5384693145751953,0.7888888888888889,random_normmatched,0.03467335171169705,0.038234207365247935,-0.013536294301350912,0.06605239338344998,0.023792030935862817,0.03576211398435667,0.00014324091833228428,0.023744506111844234,0.23055555555555557,0.7844444444444445,0.25462962962962965,1980,12.0
1,2,3,-2.5384693145751953,0.7888888888888889,random,-0.005495661276358145,-0.007264472820140698,0.010359748204549154,0.044568389256795245,-0.0009467031590682716,-0.011728195558766263,-0.0006128924398380517,-0.0012133654427934377,0.2074074074074074,0.7933333333333333,0.19907407407407407,1980,13.0
1,2,3,-2.5384693145751953,0.7888888888888889,random_normmatched,-0.041604397031995984,-0.04889732820016367,0.05694612397087945,0.06239999135335286,-0.036891645110609717,-0.06444077867786634,-0.038604478223022265,-0.03519850609772074,0.1962962962962963,0.7855555555555556,0.2175925925925926,1980,13.0
1,2,3,-2.5384693145751953,0.7888888888888889,random,0.01227868398030599,0.011790699428982206,-0.008804616221675166,0.04313282754686144,0.005076193474785532,0.01398197416236654,0.003388752226278268,0.004188782842248429,0.21203703703703702,0.79,0.19907407407407407,1980,14.0
1,2,3,-2.5384693145751953,0.7888888888888889,random_normmatched,0.06636557225827817,0.0860932403140598,-0.07039441179346155,0.0642779975467258,0.050407937852565705,0.03934565767615715,0.04483636716903845,0.04619499798444099,0.22407407407407406,0.7922222222222223,0.24074074074074073,1980,14.0
1,2,3,-2.5384693145751953,0.7888888888888889,random,-0.0036658816867404516,-0.009417710480866608,-0.005169449912177192,0.04531810336642795,0.0013637619338213683,-0.00890737839502246,0.001168846818982261,0.0008984144943322697,0.20925925925925926,0.7911111111111111,0.2037037037037037,1980,15.0
1,2,3,-2.5384693145751953,0.7888888888888889,random_normmatched,-0.011748539959942853,-0.01752097518355758,-0.01306338840060764,0.060420973036024304,-0.005743554552748201,-0.02371063011013771,0.00743156928610076,-0.006636612912521875,0.2212962962962963,0.7855555555555556,0.23148148148148148,1980,15.0
1,2,3,-2.5384693145751953,0.7888888888888889,random,0.004635072637487341,0.009285308696605541,-0.005981597193965206,0.04910056538052029,0.002029129795987469,4.7651116202118296e-05,0.0011254076026052232,0.001435652961653836,0.2101851851851852,0.7911111111111111,0.2175925925925926,1980,16.0
1,2,3,-2.5384693145751953,0.7888888888888889,random_normmatched,0.027058864522863317,0.07457755230091236,-0.006217735785025137,0.06278752221001518,0.03133483560261013,-0.003282397358976426,0.0006975224547083211,0.03048894533088549,0.2222222222222222,0.7855555555555556,0.27314814814814814,1980,16.0
1,2,3,-2.5384693145751953,0.7888888888888889,random,0.0032046847873263887,0.007829206961172598,-0.006908913011904116,0.045604671902126734,0.0009083248780783576,0.011275081891735777,0.0031941533975013963,0.0006367139388759584,0.2111111111111111,0.79,0.2037037037037037,1980,17.0
1,2,3,-2.5384693145751953,0.7888888888888889,random_normmatched,-0.005123691205625181,0.010758532418145074,-0.054120952111703376,0.05476849661933051,-0.0034186344051962813,0.027544522251224113,0.0316669457188309,-0.0036246670815476235,0.21944444444444444,0.7866666666666666,0.2361111111111111,1980,17.0
1,2,3,-2.5384693145751953,0.7888888888888889,random,0.0003996513507984303,0.007549683252970378,-0.002696425826461227,0.04260392083062066,0.0003566880866830778,0.0037036899109456974,0.0015335240606286762,6.158769042122978e-05,0.21296296296296297,0.7877777777777778,0.2175925925925926,1980,18.0
1,2,3,-2.5384693145751953,0.7888888888888889,random_normmatched,-0.028663615827207212,-0.0016577508714463976,-0.039842693893997756,0.06144716368781196,-0.011892120510484357,-0.01659849720934983,0.02066013129830855,-0.0062497000039399946,0.21944444444444444,0.7877777777777778,0.25,1980,18.0
1,2,3,-2.5384693145751953,0.7888888888888889,random,0.0057084348466661244,0.017102850808037653,-0.00579257364626284,0.042611209021674264,0.0016573941623736195,0.008914406108593323,0.003363411071731096,0.0011545444646737513,0.21851851851851853,0.7888888888888889,0.2361111111111111,1980,19.0
1,2,3,-2.5384693145751953,0.7888888888888889,random_normmatched,0.03934066383926957,0.054616848627726235,-0.06910925617924443,0.06972732649909126,0.014862772715216658,0.03397465627140784,0.04554249346997907,0.012419486171473731,0.225,0.7811111111111111,0.26851851851851855,1980,19.0
1,2,3,-2.5384693145751953,0.7888888888888889,random,0.023449230194091796,0.019854121738009982,-0.008126876972339771,0.044093044069078234,0.009765153218037184,0.02512524181804851,0.0018800877284266136,0.00858457917150297,0.2101851851851852,0.7922222222222223,0.19444444444444445,1980,20.0
1,2,3,-2.5384693145751953,0.7888888888888889,random_normmatched,0.15020611197860154,0.16571850246853298,-0.0822625619393808,0.08092581748962402,0.10963115582934019,0.11278077216863165,0.040191225383076706,0.10701443369861444,0.25833333333333336,0.7922222222222223,0.2916666666666667,1980,20.0
1,2,3,-2.5384693145751953,0.7888888888888889,random,0.009591812557644314,0.0035605960422092015,-0.004385674441302264,0.0427486515045166,0.003510777206260974,0.009831056955533893,0.0014255252849313669,0.003971088165347969,0.20833333333333334,0.79,0.2037037037037037,1980,21.0
1,2,3,-2.5384693145751953,0.7888888888888889,random_normmatched,0.06585584216647677,0.06285471386379665,-0.0240136429115578,0.061492440965440535,0.05204979098265146,0.05938925752389404,0.013750112204000634,0.04425357949336545,0.2175925925925926,0.79,0.2222222222222222,1980,21.0
1,2,3,-2.5384693145751953,0.7888888888888889,random,0.005005967175519025,0.0009066970260054977,-0.003582299197161639,0.04585136625501845,0.002215477741122852,0.0069826107870151,0.0035079056595100694,0.001083229695639789,0.2074074074074074,0.79,0.19907407407407407,1980,22.0
1,2,3,-2.5384693145751953,0.7888888888888889,random_normmatched,0.013449061358416522,0.0014956527286105687,-0.0325217812149613,0.05487346543206109,0.010018373711610013,0.024909055565749173,0.019091333551800913,0.00874967150056532,0.21388888888888888,0.79,0.21296296296296297,1980,22.0
1,2,3,-2.5384693145751953,0.7888888888888889,random,0.002311777185510706,-0.002056121826171875,-0.0012048968562373408,0.04522412300109863,0.0018543883870457125,0.0064113235073968156,0.00019738659568467173,0.001036399165979111,0.20925925925925926,0.7877777777777778,0.19907407407407407,1980,23.0
1,2,3,-2.5384693145751953,0.7888888888888889,random_normmatched,-0.012114288188793041,-0.009616171872174298,-0.02166468302408854,0.05646904945373535,0.002286076353605553,0.009421044453085614,0.014067656594722196,0.0032026879240380363,0.20833333333333334,0.7911111111111111,0.2361111111111111,1980,23.0
1,2,3,-2.5384693145751953,0.7888888888888889,random,0.0025611559549967447,-8.761441266095196e-05,-0.0006280263264973958,0.03876621670193142,0.0013867310628711818,0.002516012565126155,0.0017879592427342307,0.0007868694096360683,0.21203703703703702,0.7877777777777778,0.20833333333333334,1980,24.0
1,2,3,-2.5384693145751953,0.7888888888888889,random_normmatched,0.02053301422684281,0.04436967991016529,-0.02489599651760525,0.05541371875339084,0.015746714075483788,0.008228509314453368,0.013209438635651728,0.019107138550432064,0.22037037037037038,0.7866666666666666,0.25462962962962965,1980,24.0
1,2,3,-2.5384693145751953,0.7888888888888889,random,0.006202531743932653,0.002316333629466869,-0.006108852669044778,0.05168593406677246,0.0016979902742901903,0.02238869833985775,0.00022240926909253966,0.0011575275803808317,0.21203703703703702,0.7888888888888889,0.2037037037037037,1980,25.0
1,2,3,-2.5384693145751953,0.7888888888888889,random_normmatched,-0.010559484693739149,-0.030290356388798467,-0.029675480171486184,0.08158292982313368,0.012204394656936115,0.050942689566483214,0.01925320806080378,0.012152494176807352,0.22407407407407406,0.79,0.25462962962962965,1980,25.0
1,2,3,-2.5384693145751953,0.7888888888888889,random,0.004170813383879485,0.002280729788321036,0.0003166887495252821,0.04309657096862793,0.0017260490513324308,0.0013764267546910681,0.0006248613871945277,0.0015594918988764345,0.21296296296296297,0.7888888888888889,0.2222222222222222,1980,26.0
1,2,3,-2.5384693145751953,0.7888888888888889,random_normmatched,0.005472670661078559,0.025369732468216506,-0.0055024818137839986,0.06294214566548666,-0.0026985815515599403,-0.01898509259919612,-0.0018248130290203157,0.0035854036297053586,0.22685185185185186,0.7788888888888889,0.2824074074074074,1980,26.0
1,2,3,-2.5384693145751953,0.7888888888888889,random,-0.00411150543778031,0.0016429512589066118,0.0007478996559425636,0.04928712103101942,6.234152498255521e-05,-0.004222581164624239,0.0006206638211808189,7.217308869701177e-05,0.21296296296296297,0.7888888888888889,0.21296296296296297,1980,27.0
1,2,3,-2.5384693145751953,0.7888888888888889,random_normmatched,-0.041091208987765845,-0.02904402768170392,0.0321334097120497,0.07947355058458117,-0.02072093843726345,-0.048542289128531195,-0.021748412254378395,-0.018958770026505888,0.22592592592592592,0.7722222222222223,0.2824074074074074,1980,27.0
1,2,3,-2.5384693145751953,0.7888888888888889,random,0.0003620041741265191,0.006753850866247107,-0.008381947764643917,0.04525346120198568,0.00019395174885034375,0.007575090158601278,0.0016088632216314713,0.0002442922899941223,0.20833333333333334,0.79,0.19444444444444445,1980,28.0
1,2,3,-2.5384693145751953,0.7888888888888889,random_normmatched,-0.001165361757631655,0.01087728253117314,-0.057675079063132954,0.05638629701402452,-0.0007515595797081352,0.03136300781307423,0.03392584692519822,9.437869088633604e-05,0.21203703703703702,0.7866666666666666,0.2361111111111111,1980,28.0
1,2,3,-2.5384693145751953,0.7888888888888889,random,-0.0010645689787688079,-0.003912802095766421,-0.0013791207913999204,0.04271123250325521,7.221138370227219e-05,-0.004127215748787677,0.000702334205001305,-6.1767165077346e-05,0.20925925925925926,0.7933333333333333,0.19907407407407407,1980,29.0
1,2,3,-2.5384693145751953,0.7888888888888889,random_normmatched,0.003987269931369357,0.02179135216606988,-0.02212925840307165,0.06737073156568739,0.0016457457219134592,-0.0027098276915125973,0.013401260638769591,0.0018196253189157908,0.21203703703703702,0.7977777777777778,0.21296296296296297,1980,29.0
1,2,3,-2.5384693145751953,0.7888888888888889,random,0.003210219630488643,0.011576952757658783,-0.006751798700403284,0.04217266294691298,0.0013453117031627087,0.007117238809797794,0.00216920222690828,0.0007891486206705175,0.21203703703703702,0.7922222222222223,0.21296296296296297,1980,30.0
1,2,3,-2.5384693145751953,0.7888888888888889,random_normmatched,0.011673462832415545,0.04283637470669217,-0.05418842986777977,0.06423780865139432,0.012984905873027376,0.027345850526900518,0.0314113924829065,0.009555021331343557,0.22685185185185186,0.7866666666666666,0.2777777777777778,1980,30.0
1,2,3,-2.5384693145751953,0.7888888888888889,random,-0.000391281975640191,0.002509823551884404,0.008489474543818721,0.04068370183308919,0.0008582680011361256,-0.0036881923626754993,-0.00039205844131510743,0.00042117890571977785,0.20833333333333334,0.7877777777777778,0.19444444444444445,1980,31.0
1,2,3,-2.5384693145751953,0.7888888888888889,random_normmatched,0.020019962169505932,0.048707026022451895,0.03434612132884838,0.052403040991889104,0.006347244379535948,0.0066573632955169585,-0.015438846237452588,0.0066530927337095595,0.2175925925925926,0.7888888888888889,0.25462962962962965,1980,31.0
1,2,3,-2.5384693145751953,0.7888888888888889,random,-0.0007377324280915437,-0.0015154856222647209,-0.006295783431441696,0.0452432738410102,0.00025112693659943777,-0.00245100132302108,0.0025634202975311823,-9.434591388105549e-05,0.2101851851851852,0.7922222222222223,0.20833333333333334,1980,32.0
1,2,3,-2.5384693145751953,0.7888888888888889,random_normmatched,-0.0047103934817843965,-0.0033863473821569372,-0.05504429428665726,0.054486089282565646,0.001351316737905766,-0.02172894641264165,0.018596161641098785,-0.00046141857419317424,0.2101851851851852,0.7933333333333333,0.2222222222222222,1980,32.0
1,2,3,-2.5384693145751953,0.7888888888888889,random,-0.0014251249807852287,0.003246060124150029,-0.0054526858859592015,0.04793969366285536,-0.0005104544164355017,0.0009773045279060722,0.0011890998999505996,-0.00024708827109443625,0.2101851851851852,0.7933333333333333,0.2037037037037037,1980,33.0
1,2,3,-2.5384693145751953,0.7888888888888889,random_normmatched,-0.012158406222308123,0.02601419554816352,-0.03455036834434227,0.06123903274536133,-0.004397722861555176,0.00332986117287535,0.01789251216178904,-0.00026616240226909,0.21666666666666667,0.7855555555555556,0.24074074074074073,1980,33.0
1,2,3,-2.5384693145751953,0.7888888888888889,random,-0.02908628958242911,-0.03628460566202799,0.0192104110011348,0.043338487413194446,-0.010296428047332606,-0.03707863592110399,-0.00495262080925569,-0.008312474502825077,0.20092592592592592,0.7911111111111111,0.19444444444444445,1980,34.0
1,2,3,-2.5384693145751953,0.7888888888888889,random_normmatched,-0.2081135979405156,-0.21101366149054634,0.14567448298136393,0.08293907271491156,-0.11356682677548688,-0.19146414528533762,-0.08072360492558937,-0.09582730089093938,0.1685185185185185,0.7822222222222223,0.17592592592592593,1980,34.0
1,2,3,-2.5384693145751953,0.7888888888888889,random,0.01293455406471535,0.02502208285861545,-0.007516709080448857,0.044424786037868924,0.0037552691473181797,0.011792697086261497,0.002289584019898666,0.002623562060016217,0.21574074074074073,0.7888888888888889,0.21296296296296297,1980,35.0
1,2,3,-2.5384693145751953,0.7888888888888889,random_normmatched,0.08646844051502368,0.12793296354788322,-0.017767243915134005,0.056452945073445636,0.04343664186987585,0.06635965331059768,0.006391621083724767,0.03786657861631888,0.24166666666666667,0.78,0.27314814814814814,1980,35.0
1,2,3,-2.5384693145751953,0.7888888888888889,random,0.001141834259033203,0.01156667426780418,-0.00392441572966399,0.04124387317233615,0.00015373992719480925,0.005779865982078204,0.000596818664214296,8.546566609162518e-07,0.2101851851851852,0.7911111111111111,0.19907407407407407,1980,36.0
1,2,3,-2.5384693145751953,0.7888888888888889,random_normmatched,-0.033388128987065065,-0.0028309027353922525,-0.022493281187834564,0.05700571378072103,-0.018561323065147066,0.0007817799554287062,0.01406416622631157,-0.022411033325220264,0.2037037037037037,0.7944444444444444,0.2222222222222222,1980,36.0
1,2,3,-2.5384693145751953,0.7888888888888889,random,0.016010722407588253,0.013736495265254268,-0.004785228658605505,0.0548682255215115,0.005451898006769788,-0.007340093402048962,0.0018421935983406485,0.0024664719971512683,0.21296296296296297,0.7888888888888889,0.2222222222222222,1980,37.0
1,2,3,-2.5384693145751953,0.7888888888888889,random_normmatched,0.10171347194247776,0.11295958801552101,-0.025780093228375472,0.07548611534966362,0.025380179675385646,-0.028941441159767486,0.0122709922083137,0.01898888883120038,0.25,0.7766666666666666,0.2962962962962963,1980,37.0
1,2,3,-2.5384693145751953,0.7888888888888889,random,0.007023542898672598,0.008781362462926793,-0.002282481723361545,0.041939465204874675,0.0013960557783461685,0.005900805289421329,0.0017904868449209635,0.0009537095122869701,0.21296296296296297,0.7922222222222223,0.20833333333333334,1980,38.0
1,2,3,-2.5384693145751953,0.7888888888888889,random_normmatched,0.020519735195018627,0.03370798075640643,-0.0035103321075439452,0.05249411900838216,0.01307798654911969,0.002930467052840202,0.0025495590706152028,0.015477298214399134,0.2074074074074074,0.7911111111111111,0.22685185185185186,1980,38.0
1,2,3,-2.5384693145751953,0.7888888888888889,random,0.002760101247716833,0.0020525985293918187,0.0005410547609682436,0.041280689239501955,0.0015764796622800134,0.001760363301304969,0.00041514824564936847,0.0007857060417840059,0.2101851851851852,0.79,0.2037037037037037,1980,39.0
1,2,3,-2.5384693145751953,0.7888888888888889,random_normmatched,-0.003954186262907805,0.0040749090689199945,0.0020723201610423903,0.05477939817640517,0.0016580061647493353,-0.011161466030283007,0.001628818749003697,0.0011055359665454148,0.2101851851851852,0.7877777777777778,0.24074074074074073,1980,39.0
1,2,3,-2.5384693145751953,0.7888888888888889,random,0.0010460323757595486,-0.0040264129638671875,-0.0024849397164803965,0.044039681752522784,0.0006445453791638768,-0.000329449818582536,0.0009201132463338536,0.0011847299171835043,0.2111111111111111,0.7911111111111111,0.19907407407407407,1980,40.0
1,2,3,-2.5384693145751953,0.7888888888888889,random_normmatched,0.011284506762469256,0.004894848223085757,-0.025591742550885237,0.05813906245761447,-0.005861016540555996,0.01249555754407242,0.015148987084057312,-0.00159456189893715,0.2101851851851852,0.7888888888888889,0.2037037037037037,1980,40.0
1,2,3,-2.5384693145751953,0.7888888888888889,random,0.009516991509331597,0.01017106020892108,-0.00402191126788104,0.04253369013468424,0.002935315822356292,0.01842021324883263,0.001299328900968294,0.0018322654073333422,0.21296296296296297,0.7822222222222223,0.20833333333333334,1980,41.0
1,2,3,-2.5384693145751953,0.7888888888888889,random_normmatched,0.05252208709716797,0.07332711749606663,0.00917746932418258,0.061487766901652016,0.03180510418608235,0.08710774670267446,-0.0025484087268347333,0.024304191937342012,0.22870370370370371,0.7766666666666666,0.2638888888888889,1980,41.0
1,2,3,-2.5384693145751953,0.7888888888888889,random,0.0024774480749059605,-0.006805543546323423,-0.001737871876469365,0.044655061297946504,0.0008424677620148553,0.007122974264999869,0.0008307037154110459,-0.00010687983268167415,0.2101851851851852,0.79,0.2037037037037037,1980,42.0
1,2,3,-2.5384693145751953,0.7888888888888889,random_normmatched,-0.00023261529427987557,-0.024786304544519494,-0.0015891181098090278,0.05609268612331814,0.00284748148079563,0.010660334434906578,0.008627619637975967,0.003387772144731935,0.21203703703703702,0.7866666666666666,0.2222222222222222,1980,42.0
1,2,3,-2.5384693145751953,0.7888888888888889,random,-0.011303029236970125,-0.0007842735007957175,0.004090851324575919,0.04662613762749566,-0.004489913091555995,-0.01006081114229169,-0.00013716394448845445,-0.002017828062014418,0.20833333333333334,0.79,0.2037037037037037,1980,43.0
1,2,3,-2.5384693145751953,0.7888888888888889,random_normmatched,-0.0817505748183639,-0.1003924564079002,0.021614512690791378,0.07572835604349772,-0.07452269297232002,-0.07040957751142016,-0.016855414921788058,-0.039641816669383365,0.19166666666666668,0.7866666666666666,0.2037037037037037,1980,43.0
1,2,3,-2.5384693145751953,0.7888888888888889,random,0.003009552425808377,0.002814045658817998,-0.004185051388210721,0.041498405668470593,0.0012980628763134203,0.0027852902316916972,0.0008086483113533326,0.0010140050377450897,0.2101851851851852,0.7888888888888889,0.20833333333333334,1980,44.0
1,2,3,-2.5384693145751953,0.7888888888888889,random_normmatched,0.006987552289609556,0.01202896789268211,-0.03515788360878273,0.057049634721544056,0.010470871508454587,0.01640904695459008,0.02445444792251621,0.007533300375018251,0.21944444444444444,0.7866666666666666,0.2361111111111111,1980,44.0
1,2,3,-2.5384693145751953,0.7888888888888889,random,-0.006657566847624602,-0.007032597506487811,-0.0020287160520200374,0.04634969181484646,-0.0015881459067227138,-0.005514809065125292,0.0014066954842035374,-0.0011725802024526487,0.21296296296296297,0.7933333333333333,0.20833333333333334,1980,45.0
1,2,3,-2.5384693145751953,0.7888888888888889,random_normmatched,-0.04283711115519206,-0.04086603058709039,-0.022666646816112378,0.05524393717447917,-0.022985698009796107,-0.02534935322263145,0.007830599026573097,-0.020174869523871854,0.19814814814814816,0.7944444444444444,0.2175925925925926,1980,45.0
1,2,3,-2.5384693145751953,0.7888888888888889,random,-0.009765918166549117,-0.01700558485808196,0.008405948568273473,0.0470680120256212,-0.001705006142736291,-0.013493616768970955,-0.0005184748124958409,-0.0007574719443972224,0.2101851851851852,0.7888888888888889,0.21296296296296297,1980,46.0
1,2,3,-2.5384693145751953,0.7888888888888889,random_normmatched,-0.048096481959025064,-0.06438602341545953,0.04172116032353154,0.07246445443895128,-0.03919209214025765,-0.055457597269443264,-0.05998346051453686,-0.019209777466106897,0.20833333333333334,0.7755555555555556,0.2175925925925926,1980,46.0
1,2,3,-2.5384693145751953,0.7888888888888889,random,0.009403516628124095,0.009323817712289316,-0.005025042427910699,0.04575082249111599,0.0026925196651919297,0.012449266981650933,0.002762562294240134,0.0017035732992043114,0.2101851851851852,0.7888888888888889,0.20833333333333334,1980,47.0
1,2,3,-2.5384693145751953,0.7888888888888889,random_normmatched,0.04203364760787399,0.04625791973537869,-0.03279310862223307,0.06269758542378744,0.01612868448345997,0.028192677933028387,0.03309984108634462,0.016845246585865472,0.23148148148148148,0.7844444444444445,0.28703703703703703,1980,47.0
1,2,3,-2.5384693145751953,0.7888888888888889,random,-0.002252638781512225,-0.0008085921958640769,-0.0035138960237856265,0.04639741791619195,0.00012211065897758762,-0.006652266781657047,0.0014218118389010283,0.00018319935228383236,0.2064814814814815,0.79,0.2037037037037037,1980,48.0
1,2,3,-2.5384693145751953,0.7888888888888889,random_normmatched,0.0024321573751944084,0.019198691403424298,-0.03272997891461408,0.06422910478379991,0.0029301472035869166,-0.03267207285310236,0.022582063792621135,0.004084137277231453,0.21944444444444444,0.7922222222222223,0.24537037037037038,1980,48.0
1,2,3,-2.5384693145751953,0.7888888888888889,random,0.005549158873381438,0.007041984134250217,-0.010067406407109014,0.041851363711886934,0.0014914898595941432,0.0064470947763093645,0.0022868791143338804,0.0008874238965853648,0.21574074074074073,0.7877777777777778,0.2222222222222222,1980,49.0
1,2,3,-2.5384693145751953,0.7888888888888889,random_normmatched,0.03581298192342122,0.05910778045654297,-0.060131694652416086,0.058361937204996744,0.017984073804482463,0.04057683465334406,0.028133757146022828,0.018547300743138907,0.23148148148148148,0.7911111111111111,0.27314814814814814,1980,49.0
1,2,3,-2.5384693145751953,0.7888888888888889,random,-0.00367690192328559,-0.012269020080566406,0.0001026648062246817,0.04119462649027506,-0.0005467371898861471,0.0040935309898405044,0.0002413340668289665,-0.0007785214963024168,0.20925925925925926,0.7866666666666666,0.19444444444444445,1980,50.0
1,2,3,-2.5384693145751953,0.7888888888888889,random_normmatched,-0.07777739630805122,-0.10182885770444516,0.005421394771999783,0.05976513968573676,-0.029760804781617925,-0.005663168767475131,-0.008665713510682148,-0.02055454317117634,0.2064814814814815,0.7811111111111111,0.2175925925925926,1980,50.0
1,2,3,-2.5384693145751953,0.7888888888888889,random,0.0006349916811342592,-0.0016532827306676794,-0.009302773299040617,0.04527140087551541,0.0014230734829424846,0.0041415064545125965,0.0019834968376182616,0.0003761880979031208,0.2101851851851852,0.7911111111111111,0.19907407407407407,1980,51.0
1,2,3,-2.5384693145751953,0.7888888888888889,random_normmatched,-0.02731670450281214,0.004744900597466363,-0.031819815105862084,0.058290317323472764,-0.012076195817107912,-0.004919043671138861,0.016546322058639096,-0.003153380385961496,0.2074074074074074,0.7866666666666666,0.20833333333333334,1980,51.0
1,2,3,-2.5384693145751953,0.7888888888888889,random,0.007518579341747143,0.010833749064692744,-0.00012110957392939814,0.04218776596917046,0.002525026421589305,0.008026823406185914,0.0009337175952964481,0.00199143919044911,0.21203703703703702,0.7922222222222223,0.20833333333333334,1980,52.0
1,2,3,-2.5384693145751953,0.7888888888888889,random_normmatched,0.02076915458396629,0.03334576112252695,-0.037633994773582174,0.054524097442626956,0.010514751437365851,0.009098587527028404,0.022914988262925193,0.01507682987400081,0.21851851851851853,0.7833333333333333,0.25,1980,52.0
1,2,3,-2.5384693145751953,0.7888888888888889,random,0.0031593110826280382,-0.0026487950925473814,-0.00953937636481391,0.041514179441663954,0.0011212590422856692,-0.0003516068496225199,0.0026649830965366876,0.0008763949682085881,0.20555555555555555,0.7911111111111111,0.19444444444444445,1980,53.0
1,2,3,-2.5384693145751953,0.7888888888888889,random_normmatched,0.03645781057852286,0.06455613948680737,-0.056623151567247176,0.06282899432712132,0.02763816795887022,0.008872227649754013,0.039561174126818865,0.020425123899568055,0.22685185185185186,0.7822222222222223,0.2638888888888889,1980,53.0
1,2,3,-2.5384693145751953,0.7888888888888889,random,-0.01018119388156467,-0.0009667431866681134,-0.004119376783017759,0.04828402519226074,-0.002164296448337606,-0.012403544365573654,0.001385574914612608,-0.0013960022924571413,0.20833333333333334,0.7955555555555556,0.2037037037037037,1980,54.0
1,2,3,-2.5384693145751953,0.7888888888888889,random_normmatched,-0.04278184043036567,-0.013033637294062862,-0.020270510073061344,0.06516034338209364,-0.02809557468765958,-0.04449401507542155,0.010267230267198762,-0.017285992726787415,0.1962962962962963,0.7977777777777778,0.21296296296296297,1980,54.0
1,2,3,-2.5384693145751953,0.7888888888888889,random,0.0014748820552119503,0.004356719829418041,-0.0032609568701850045,0.041386182573106556,0.001310240634234888,0.002096952115983758,0.0025461488278533248,0.001035397060787568,0.20925925925925926,0.7911111111111111,0.2037037037037037,1980,55.0
1,2,3,-2.5384693145751953,0.7888888888888889,random_normmatched,0.010396948567143193,0.03096267029091164,-0.03486505790993019,0.054900877210828994,0.0067800269655558945,-0.0017959126433128231,0.018291824731254437,0.007820371592411859,0.22592592592592592,0.7866666666666666,0.25,1980,55.0
1,2,3,-2.5384693145751953,0.7888888888888889,random,0.007936442339861835,0.003927848957203052,-0.0058593414447925705,0.04255479176839193,0.0027369392324382525,0.008942837289145309,0.00305630201767167,0.0020819122575192702,0.2111111111111111,0.7877777777777778,0.20833333333333334,1980,56.0
1,2,3,-2.5384693145751953,0.7888888888888889,random_normmatched,0.03638299306233724,0.054312697163334596,-0.03059077086272063,0.057542719311184355,0.030380459768950596,0.04487956277548793,0.018110413340368975,0.02622073634454454,0.2222222222222222,0.7822222222222223,0.25462962962962965,1980,56.0
1,2,3,-2.5384693145751953,0.7888888888888889,random,0.008075050071433738,0.008521027035183378,-0.004739286281444408,0.040885756810506185,0.0023371097880438025,0.01396848779207702,0.0017984956189502593,0.0015327497040172329,0.20925925925925926,0.7922222222222223,0.20833333333333334,1980,57.0
1,2,3,-2.5384693145751953,0.7888888888888889,random_normmatched,0.04026608820314761,0.04923913213941786,-0.039692967026321975,0.05459379725986057,0.0254320318525776,0.0621892075806345,0.018603436574884148,0.016431933450672162,0.23148148148148148,0.7822222222222223,0.2962962962962963,1980,57.0
1,2,3,-2.5384693145751953,0.7888888888888889,random,0.00303237173292372,0.006442696959884079,0.0013649092780219185,0.04297913127475315,0.001374741248218729,0.007571487445370097,0.0008812754469015099,0.0013164668281355407,0.21296296296296297,0.7888888888888889,0.2175925925925926,1980,58.0
1,2,3,-2.5384693145751953,0.7888888888888889,random_normmatched,0.018857991253888165,0.024471971723768447,-0.013495685436107494,0.05638484107123481,0.008067510286375361,0.026528242950717495,0.002646742777536031,0.00990875620168726,0.21203703703703702,0.79,0.22685185185185186,1980,58.0
1,2,3,-2.5384693145751953,0.7888888888888889,random,0.00866438900982892,0.014459751270435474,-0.0024715600190339266,0.042852263980441625,0.002362823369279278,0.01230648396518588,0.0012919204828378684,0.0016930480863693895,0.2101851851851852,0.7911111111111111,0.2037037037037037,1980,59.0
1,2,3,-2.5384693145751953,0.7888888888888889,random_normmatched,0.05005722752323857,0.08457997993186668,0.008968275564688223,0.05509610811869303,0.024617898895625705,0.05970416880226098,-0.005051316144531326,0.022144659895497555,0.22407407407407406,0.7833333333333333,0.25925925925925924,1980,59.0
1,2,3,-2.5384693145751953,0.7888888888888889,random,0.01074157644201208,0.013068057872630932,-0.0029002401563856337,0.04026406288146973,0.002943771992964704,0.014996920130902426,0.001035679069931187,0.003068102364666184,0.21296296296296297,0.7866666666666666,0.21296296296296297,1980,60.0
1,2,3,-2.5384693145751953,0.7888888888888889,random_normmatched,0.051681922983240196,0.052475929260253906,0.0008796815518979673,0.05576531622144911,0.02973991775804636,0.055292351684420586,-0.0020857581524470537,0.030446741997236626,0.23333333333333334,0.7877777777777778,0.25,1980,60.0
1,2,3,-2.5384693145751953,0.7888888888888889,random,-0.005281794512713397,-0.008932166629367404,-0.002954509523179796,0.04208918465508355,-0.00035967552990325577,-0.01186650973064887,0.001519182171185985,-4.9352692741053605e-05,0.21203703703703702,0.7855555555555556,0.19907407407407407,1980,61.0
1,2,3,-2.5384693145751953,0.7888888888888889,random_normmatched,-0.01574824474476002,-0.059046012383920175,-0.020323250028822158,0.07469543033175999,-0.03531592290420448,-0.06208841232397566,0.002106421764505925,-0.006616382710410261,0.21203703703703702,0.7877777777777778,0.23148148148148148,1980,61.0
1,2,3,-2.5384693145751953,0.7888888888888889,random,0.0031505125540274162,0.009494181032533999,-0.006574217478434245,0.04051728036668566,0.0012362405380121223,0.0027840563097474963,0.0009136314127351516,0.0003623525028713336,0.21203703703703702,0.7911111111111111,0.2037037037037037,1980,62.0
1,2,3,-2.5384693145751953,0.7888888888888889,random_normmatched,-0.002904565246016891,-0.007165599752355505,-0.02651609844631619,0.06315795262654622,-0.01007472344132846,-0.013242924264873508,0.02001404570599498,-0.008162722777704839,0.20462962962962963,0.7977777777777778,0.18981481481481483,1980,62.0
1,2,3,-2.5384693145751953,0.7888888888888889,random,0.0006257039529305918,-0.00497977821915238,0.004986950203224465,0.044752475950453015,0.00029724136459985357,0.0038132511582437494,0.00015907636177732524,0.0002311710808835752,0.2074074074074074,0.7877777777777778,0.19907407407407407,1980,63.0
1,2,3,-2.5384693145751953,0.7888888888888889,random_normmatched,-0.027471190911752208,-0.017618762122260198,0.053942304187350805,0.05990575578477648,-0.016265419269134076,-0.018933442331255317,-0.02664511548395607,-0.013503481440111847,0.20277777777777778,0.7922222222222223,0.2175925925925926,1980,63.0
1,2,3,-2.5384693145751953,0.7888888888888889,random,0.0015024891606083622,-0.000812389232494213,-0.0033457632418032045,0.04302620146009657,0.0006447250333568907,0.011231883729020625,0.0011074968881129108,-3.247764274101425e-05,0.21203703703703702,0.7911111111111111,0.20833333333333334,1980,64.0
1,2,3,-2.5384693145751953,0.7888888888888889,random_normmatched,0.01638613983436867,0.0322430310425935,-0.018677504857381184,0.06627061314053005,0.016487177711828244,0.06000332134351616,0.008747114780539387,0.008683751796405181,0.21851851851851853,0.7855555555555556,0.2638888888888889,1980,64.0
1,2,3,-2.5384693145751953,0.7888888888888889,random,0.010003870504873771,0.01515980120058413,-0.010840364738746926,0.041751927269829646,0.004711281768981123,0.01004569032137233,0.004170338036570157,0.0036371986618768575,0.21388888888888888,0.79,0.21296296296296297,1980,65.0
1,2,3,-2.5384693145751953,0.7888888888888889,random_normmatched,0.11175470881991917,0.1467053007196497,-0.0794965284842032,0.08007363319396972,0.0864858103890272,0.0816607639418688,0.0514012138216243,0.07052513437782587,0.24351851851851852,0.7833333333333333,0.28703703703703703,1980,65.0
1,2,3,-2.5384693145751953,0.7888888888888889,random,-0.006138416572853371,0.002593870516176577,0.0017526714890091508,0.04606038411458333,-0.0008764581404924075,-0.007245542033947776,-0.0005414491298732637,-0.000135975073345465,0.2101851851851852,0.7877777777777778,0.20833333333333334,1980,66.0
1,2,3,-2.5384693145751953,0.7888888888888889,random_normmatched,-0.03317129170453107,-0.031672133339775935,-0.02069125352082429,0.05997433662414551,-0.024456112345738586,-0.03192761362304091,0.007058195153490864,-0.008404895808128365,0.21851851851851853,0.78,0.2361111111111111,1980,66.0
1,2,3,-2.5384693145751953,0.7888888888888889,random,-0.001385780617042824,0.002892653147379557,-0.00324488569189001,0.046992938783433705,0.0006035119372381763,-0.0028168704493646995,0.0011342279000350099,0.00034135113684467843,0.20833333333333334,0.7922222222222223,0.2037037037037037,1980,67.0
1,2,3,-2.5384693145751953,0.7888888888888889,random_normmatched,-0.016552389992607965,0.011990838580661349,0.0012560614833125362,0.061781269709269206,-0.003824021608083298,-0.02439381218884896,-0.0018425249020468395,-8.873437749679651e-05,0.20462962962962963,0.7911111111111111,0.2361111111111111,1980,67.0
1,2,3,-2.5384693145751953,0.7888888888888889,random,0.0002909695660626447,-0.0013487250716597945,-0.007456781246044018,0.042252538469102645,0.0012998846523490646,0.0034302817164421043,0.0015516873541149762,0.0005773208510043333,0.21296296296296297,0.7888888888888889,0.20833333333333334,1980,68.0
1,2,3,-2.5384693145751953,0.7888888888888889,random_normmatched,0.033002583185831706,0.038161763438472045,-0.03608235959653501,0.059939169353908965,0.016744615831369873,0.03377170383478468,0.02207535003395035,0.01634274523058895,0.22037037037037038,0.7888888888888889,0.24537037037037038,1980,68.0
1,2,3,-2.5384693145751953,0.7888888888888889,random,0.0026947586624710648,0.003932211134168837,0.0023821512858072918,0.04553589397006565,-0.00024685500770357067,0.014042179333500852,-0.0004368586101868695,-0.0005859596065459386,0.21296296296296297,0.7844444444444445,0.20833333333333334,1980,69.0
1,2,3,-2.5384693145751953,0.7888888888888889,random_normmatched,-0.00019934442308213975,-0.02585913516857006,-0.011276690165201823,0.07000550270080566,-0.00042278387337045813,0.07187620484083022,0.007720895644604453,-0.00865137319633993,0.225,0.7811111111111111,0.2361111111111111,1980,69.0
1,2,3,-2.5384693145751953,0.7888888888888889,random,0.007864065523500796,0.011108981238471137,-0.0026837649168791593,0.04251355701022678,0.0035950369252229324,0.0056187901129458855,0.0008944753245897059,0.0026610286945597966,0.21296296296296297,0.7833333333333333,0.20833333333333334,1980,70.0
1,2,3,-2.5384693145751953,0.7888888888888889,random_normmatched,0.05717214301780418,0.08045263643617984,-0.010523232707270869,0.05618983056810167,0.02871969352943765,0.03494306884977176,0.00783762653709357,0.025716559060010337,0.23425925925925925,0.7833333333333333,0.2777777777777778,1980,70.0
1,2,3,-2.5384693145751953,0.7888888888888889,random,0.008423180050320096,0.013157314724392362,0.000927273432413737,0.043013921313815644,0.002293891160049492,0.009164127926827628,0.001371527075533042,0.0014269211496864608,0.21203703703703702,0.7855555555555556,0.2222222222222222,1980,71.0
1,2,3,-2.5384693145751953,0.7888888888888889,random_normmatched,0.022440020243326822,0.02573377114755136,-0.02085599722685637,0.06139544169108073,0.01418285839557274,0.03375545536301989,0.011823453426739317,0.006227001116776342,0.2222222222222222,0.7833333333333333,0.27314814814814814,1980,71.0
1,2,3,-2.5384693145751953,0.7888888888888889,random,-0.0056475215488009985,-0.004148836489076968,-0.0005741596221923828,0.04507616678873698,-0.00036544854671832837,0.004186878285748429,0.0009845142661711952,-0.0006468589358590564,0.21296296296296297,0.7866666666666666,0.21296296296296297,1980,72.0
1,2,3,-2.5384693145751953,0.7888888888888889,random_normmatched,-0.044408079429909035,-0.026974148220486112,-0.023010759000424985,0.07645195537143283,-0.026609283342206767,0.012065398318847351,0.012494814087418957,-0.03283660984355419,0.22592592592592592,0.7822222222222223,0.2824074074074074,1980,72.0
1,2,3,-2.5384693145751953,0.7888888888888889,random,-0.00710258130674009,-0.009007083045111762,0.002087139200281214,0.04376009941101074,-0.0018219068355977053,-0.0005795145344729841,-0.0005521839450217218,-0.0016519386323343827,0.20925925925925926,0.7888888888888889,0.2037037037037037,1980,73.0
1,2,3,-2.5384693145751953,0.7888888888888889,random_normmatched,-0.03930908132482458,-0.011180471490930629,0.017841685259783708,0.06093146112230089,-0.02257660281643343,-0.012316212125487544,-0.005627674706346382,-0.023295976370047926,0.19722222222222222,0.7888888888888889,0.23148148148148148,1980,73.0
1,2,3,-2.5384693145751953,0.7888888888888889,random,-0.0077593061659071184,-0.00432355315596969,0.00027483304341634115,0.044686573876274956,-0.0010689531181275517,-0.006083776147168639,0.0015281792757348982,-0.00014043265576855647,0.2074074074074074,0.79,0.2037037037037037,1980,74.0
1,2,3,-2.5384693145751953,0.7888888888888889,random_normmatched,-0.054249661057083697,-0.03939917352464464,0.0006955464680989584,0.06045118649800618,-0.023909012205359993,-0.04622737297301232,-0.006891022161491131,-0.013212208649773934,0.20833333333333334,0.7855555555555556,0.24074074074074073,1980,74.0
1,2,3,-2.5384693145751953,0.7888888888888889,random,0.003562944906729239,0.0018529185542353877,-0.004486551991215459,0.04390809482998318,0.0011227098070706253,0.007114029931359465,0.002628145406114905,0.0006182956267001282,0.21203703703703702,0.7888888888888889,0.2037037037037037,1980,75.0
1,2,3,-2.5384693145751953,0.7888888888888889,random_normmatched,0.0011497532879864729,0.007056907371238426,-0.012727815133553965,0.05730830722384982,0.016187158571790997,0.01559929549268714,0.010503209296684007,0.004056372106753203,0.22962962962962963,0.7811111111111111,0.25,1980,75.0
1,2,3,-2.5384693145751953,0.7888888888888889,random,0.00913127793206109,0.0126785260659677,-0.0035547539039894388,0.04025284979078505,0.002083618274404536,0.014128449321855594,0.0010915302610215024,0.0012944091097768866,0.21296296296296297,0.7877777777777778,0.2037037037037037,1980,76.0
1,2,3,-2.5384693145751953,0.7888888888888889,random_normmatched,0.0380570270397045,0.06258042653401692,-0.01785994635687934,0.05831433826022678,0.02943056762731683,0.05507548170141867,0.005986916950733298,0.019794992603427937,0.21666666666666667,0.78,0.25925925925925924,1980,76.0
1,2,3,-2.5384693145751953,0.7888888888888889,random,0.0018184326313160084,0.006507564474035193,-0.006162814740781431,0.04461317910088433,0.00040748250570535067,0.0010490387367102587,0.0035959979708185775,0.001190118537506828,0.2101851851851852,0.7833333333333333,0.20833333333333334,1980,77.0
1,2,3,-2.5384693145751953,0.7888888888888889,random_normmatched,-0.008372831344604491,0.006048370290685583,-0.04524464430632415,0.055567670398288305,-0.006950164534689153,-0.004824833715365726,0.022696015103904184,-0.006192230819189275,0.20833333333333334,0.7822222222222223,0.25,1980,77.0
1,2,3,-2.5384693145751953,0.7888888888888889,random,-0.007923617186369719,-0.0037504655343514903,0.013839197158813477,0.048407450781928166,-0.0031795759694112674,-0.0016678990506753364,-0.0023443151722217443,-0.003406940627549222,0.20925925925925926,0.79,0.19444444444444445,1980,78.0
1,2,3,-2.5384693145751953,0.7888888888888889,random_normmatched,-0.0791050946270978,-0.07009826766120063,0.08906632529364691,0.07094367874993218,-0.03905610262566413,-0.036920018472152386,-0.058548531772607715,-0.02796811337699304,0.18611111111111112,0.7844444444444445,0.19907407407407407,1980,78.0
1,2,3,-2.5384693145751953,0.7888888888888889,random,0.0024695272798891423,-0.0014385382334391277,-0.005165780032122576,0.052578386730617946,0.0005769814610593555,0.0066738443830499415,0.0014737427349359948,0.0014038922197460455,0.20833333333333334,0.7877777777777778,0.20833333333333334,1980,79.0
1,2,3,-2.5384693145751953,0.7888888888888889,random_normmatched,-0.009224469573409468,0.008713854683770074,-0.006328725814819336,0.08063829845852322,-0.032958641285606105,0.006465737970140977,-0.020705695449424855,0.01311662812879261,0.19722222222222222,0.79,0.23148148148148148,1980,79.0
1,2,3,-2.5384693145751953,0.7888888888888889,random,0.0008771366543240017,-0.005242436020462601,-0.0033849981096055774,0.04553275956047906,0.001334062671250115,0.0032020142347377895,0.001364198465022596,0.0008740834089524373,0.2111111111111111,0.79,0.2037037037037037,1980,80.0
1,2,3,-2.5384693145751953,0.7888888888888889,random_normmatched,-0.015165318383110894,-0.012627954836244936,-0.02150040202670627,0.059366253746880426,-0.00611926700693279,-4.508564722844497e-05,0.009428899241003858,0.0011441184907347475,0.2064814814814815,0.7866666666666666,0.22685185185185186,1980,80.0
1,2,3,-2.5384693145751953,0.7888888888888889,random,-0.003956141295256438,-0.004968660849112051,-0.007393459037498192,0.047737565570407446,-0.0012612852054835959,-0.0020853909163839365,0.0028635147855404523,-0.001038062115038115,0.2074074074074074,0.7944444444444444,0.19444444444444445,1980,81.0
1,2,3,-2.5384693145751953,0.7888888888888889,random_normmatched,-0.039832065723560475,-0.03412836569326895,-0.012373548083835178,0.062033416959974504,-0.019658489352917828,-0.02604328792096129,0.004666438814052005,-0.017062095485693894,0.20277777777777778,0.7944444444444444,0.2222222222222222,1980,81.0
1,2,3,-2.5384693145751953,0.7888888888888889,random,-0.014034186469184027,-0.017369853125678167,-0.003517239182083695,0.046060143576727976,-0.0018025951511863216,-0.021515249680159162,0.0008610437251131613,-0.0003670172464504338,0.2037037037037037,0.7955555555555556,0.2037037037037037,1980,82.0
1,2,3,-2.5384693145751953,0.7888888888888889,random_normmatched,-0.06547766261630589,-0.07171448954829464,0.006412633260091146,0.06331664297315809,-0.027950936863712486,-0.0790771729055297,-0.01162539765965917,-0.018904795724398626,0.19814814814814816,0.7888888888888889,0.2222222222222222,1980,82.0
1,2,3,-2.5384693145751953,0.7888888888888889,random,-0.003727134068806966,-0.019768635431925457,0.0013136280907524956,0.04392322116427951,5.248293383175788e-05,-0.003191550880921569,0.000874427590085067,-0.0010372126937474389,0.20833333333333334,0.7911111111111111,0.19444444444444445,1980,83.0
1,2,3,-2.5384693145751953,0.7888888888888889,random_normmatched,-0.03129034218964753,-0.05890368532251428,-0.00797567367553711,0.062116436428493925,-0.017847110806360048,-0.004430877410967049,-0.0022977869824555245,-0.025480636058999515,0.21296296296296297,0.7888888888888889,0.2175925925925926,1980,83.0
1,2,3,-2.5384693145751953,0.7888888888888889,random,0.0011103524102105034,-0.0038025820696795426,-0.0022967391543918187,0.043306534025404186,0.0003120134733084046,0.0020553602070525817,0.0008053553251288308,0.00037029605610873397,0.2101851851851852,0.7933333333333333,0.19907407407407407,1980,84.0
1,2,3,-2.5384693145751953,0.7888888888888889,random_normmatched,0.018595672536779333,0.018092305571944627,-0.008467029642175746,0.05866133583916558,0.005192150642376818,0.019945961244705955,0.004419821900170533,0.004655976677113034,0.225,0.7844444444444445,0.25,1980,84.0
1,2,3,-2.5384693145751953,0.7888888888888889,random,0.0029262330796983507,0.0062251974035192415,-0.0037947495778401694,0.04382624626159668,0.0011553274578359266,0.0051106409093104425,0.0014200524156534077,0.0007536431658491636,0.2074074074074074,0.7888888888888889,0.19907407407407407,1980,85.0
1,2,3,-2.5384693145751953,0.7888888888888889,random_normmatched,-0.022638933746903032,0.020540025499131944,-0.036562670601738824,0.055046609242757165,-0.012867298219485004,-0.016169445247287403,0.02208337636514784,-0.009120251469381925,0.20555555555555555,0.7888888888888889,0.2175925925925926,1980,85.0
1,2,3,-2.5384693145751953,0.7888888888888889,random,0.001386508235224971,0.00011599505389178241,-0.0056689474317762585,0.04544326358371311,0.0012501262262084012,0.0006601860794565627,0.0011079118596494478,0.0007620027044197138,0.21203703703703702,0.79,0.20833333333333334,1980,86.0
1,2,3,-2.5384693145751953,0.7888888888888889,random_normmatched,0.005714865084047671,0.011118111787018952,-0.007409279434769242,0.055907597011990016,0.005618931574715692,-0.0013077119503822497,0.006757457155777705,0.009368040245778668,0.19814814814814816,0.79,0.2037037037037037,1980,86.0
1,2,3,-2.5384693145751953,0.7888888888888889,random,-0.003538267700760453,-0.006534655888875325,-0.008978718298452872,0.0417199092441135,0.00015785970822246176,-0.004231162230749329,0.0024796145793630547,6.312779572924804e-05,0.20833333333333334,0.79,0.19444444444444445,1980,87.0
1,2,3,-2.5384693145751953,0.7888888888888889,random_normmatched,-0.0018648147583007813,0.04088641979076244,-0.05018885047347457,0.05449100176493327,0.000701414214227112,-0.00221223022845871,0.03047274444482565,0.00350300224394144,0.225,0.7877777777777778,0.2361111111111111,1980,87.0
1,2,3,-2.5384693145751953,0.7888888888888889,random,-0.0003375759831181279,-0.0062310607345015916,0.0028987531308774595,0.041816155115763344,0.001245342124492171,-0.0003606381701967707,-0.0006483978142300522,0.00019245998881931367,0.21203703703703702,0.79,0.20833333333333334,1980,88.0
1,2,3,-2.5384693145751953,0.7888888888888889,random_normmatched,-0.03064994458799009,-0.023153746569598163,0.007327288168447989,0.052627976735432944,-0.013465091431685804,-0.02605611348773165,-0.005897286325030603,-0.013582180845525229,0.19907407407407407,0.7922222222222223,0.19907407407407407,1980,88.0
1,2,3,-2.5384693145751953,0.7888888888888889,random,0.001529764246057581,0.0014775417469165943,0.01013986622845685,0.044756187862820096,0.0013266628489676893,-0.0036566777840089304,-0.001726207002463584,0.0014851506718346645,0.2101851851851852,0.7877777777777778,0.21296296296296297,1980,89.0
1,2,3,-2.5384693145751953,0.7888888888888889,random_normmatched,-0.00276487668355306,-0.007643531869958948,0.041355726453993054,0.05470439910888672,0.0018802397195871478,-0.025310914345373012,-0.02412834064874491,0.0028792413197176675,0.2101851851851852,0.7877777777777778,0.2361111111111111,1980,89.0
1,2,3,-2.5384693145751953,0.7888888888888889,random,-4.142478660300926e-05,0.0034038755628797743,-0.008922737616079824,0.04068891101413303,-0.00015198838294930192,0.0051096380788216815,0.0015967535861364656,-0.0003627227815801296,0.2101851851851852,0.7933333333333333,0.21296296296296297,1980,90.0
1,2,3,-2.5384693145751953,0.7888888888888889,random_normmatched,0.009266563698097512,0.016422165764702693,-0.04923897495976201,0.053954892688327365,0.008482619201636218,0.03514299360732754,0.035666081750261494,0.007589644067804465,0.21481481481481482,0.7866666666666666,0.2222222222222222,1980,90.0
1,2,3,-2.5384693145751953,0.7888888888888889,random,-0.0002843150386103877,0.003403645974618417,0.0021365819153962313,0.043692937427096894,-0.0006877091294008987,-0.0013115850695591149,0.0006638820376154797,-4.511280279410019e-05,0.20925925925925926,0.7911111111111111,0.19444444444444445,1980,91.0
1,2,3,-2.5384693145751953,0.7888888888888889,random_normmatched,-0.04151837560865614,-0.023654063542683918,-0.014739144289935077,0.05413509474860297,-0.025960593518259877,-0.04999501618320756,0.005527808988376638,-0.01950409050700668,0.19814814814814816,0.7955555555555556,0.19907407407407407,1980,91.0
1,2,3,-2.5384693145751953,0.7888888888888889,random,0.00041716893513997396,0.010204650737621166,-0.004959519704182943,0.0415046140882704,0.0008919016855037995,0.001319899559287261,0.0014357803046312159,0.0004143026583760402,0.2074074074074074,0.7922222222222223,0.2037037037037037,1980,92.0
1,2,3,-2.5384693145751953,0.7888888888888889,random_normmatched,-0.019700922789397064,0.0060445114418312355,-0.034588993920220266,0.054279476801554365,-0.005556461604049178,-0.03248622203530417,0.020967188373476733,-0.004521360686771871,0.20092592592592592,0.7911111111111111,0.22685185185185186,1980,92.0
1,2,3,-2.5384693145751953,0.7888888888888889,random,0.01630252555564598,0.008733219570583768,-0.0003498430605287905,0.045153541564941405,0.005562058163202427,0.02546262139943959,0.002391361614186029,0.004300438357697195,0.2111111111111111,0.79,0.19907407407407407,1980,93.0
1,2,3,-2.5384693145751953,0.7888888888888889,random_normmatched,0.05402407646179199,0.04219403090300383,-0.020825283615677447,0.058077941470676,0.022426219233742266,0.07301681589789681,0.01168939472080343,0.019690153880633623,0.20555555555555555,0.7944444444444444,0.20833333333333334,1980,93.0
1,2,3,-2.5384693145751953,0.7888888888888889,random,-0.0027744134267171225,-0.0037465007216842088,0.00048151192841706453,0.04546969519721137,0.00038724898863419505,-0.0017399940848805398,0.0005569786270043185,0.0004375213982507002,0.2074074074074074,0.79,0.19907407407407407,1980,94.0
1,2,3,-2.5384693145751953,0.7888888888888889,random_normmatched,-0.014569256040785048,-0.0063611578058313445,0.004135855921992549,0.057621080610487194,0.0005869304490156794,-0.012945319959168686,-0.0034908229875919294,0.00036947537015402155,0.20462962962962963,0.7933333333333333,0.21296296296296297,1980,94.0
1,2,3,-2.5384693145751953,0.7888888888888889,random,0.005271961070873119,0.011874587447554976,-0.0005092214654993128,0.04256276024712457,0.002752855528565137,0.0063738361597732085,0.0002618542299468082,0.0016685362130603432,0.2064814814814815,0.7911111111111111,0.19907407407407407,1980,95.0
1,2,3,-2.5384693145751953,0.7888888888888889,random_normmatched,-0.0005481384418628834,0.025585801513106736,-0.011636635109230324,0.05636793454488118,-0.0014455705240742696,0.002960166144703375,0.0014056902406407493,0.00011529332342649232,0.22314814814814815,0.7866666666666666,0.23148148148148148,1980,95.0
1,2,3,-2.5384693145751953,0.7888888888888889,random,0.0115621460808648,0.019073556970666955,-0.0046336756812201604,0.04802698877122667,0.0019845156327144304,0.01360901831057899,0.00201609466537006,0.0008163524226160687,0.21574074074074073,0.7888888888888889,0.23148148148148148,1980,96.0
1,2,3,-2.5384693145751953,0.7888888888888889,random_normmatched,0.054988138763992875,0.08212155765957302,-0.01406248410542806,0.07280351638793946,0.026372639871173813,0.05126088929964205,0.01320435286645422,0.020396086101530594,0.2361111111111111,0.7833333333333333,0.27314814814814814,1980,96.0
1,2,3,-2.5384693145751953,0.7888888888888889,random,-0.0040830453236897785,-0.005138123476946795,0.0006526752754493996,0.04224130736456977,-0.0002353530331332348,-0.001601189430826358,0.0013665324354976919,-0.001425613327211518,0.20555555555555555,0.7922222222222223,0.19444444444444445,1980,97.0
1,2,3,-2.5384693145751953,0.7888888888888889,random_normmatched,-0.018588696585761177,-0.020203740508468064,-0.0001457143712926794,0.051741682688395185,-0.008500466894030459,-0.003172501257747299,-0.0013171549423846851,-0.006750535694667177,0.21481481481481482,0.7855555555555556,0.2175925925925926,1980,97.0
1,2,3,-2.5384693145751953,0.7888888888888889,random,-0.008000239619502315,-0.003909587860107422,0.01297459602355957,0.04592142422993978,-0.0023914339469361555,0.00038878508674488715,-0.0011946403623046933,-0.001428241632413793,0.21203703703703702,0.7833333333333333,0.20833333333333334,1980,98.0
1,2,3,-2.5384693145751953,0.7888888888888889,random_normmatched,-0.07066837946573894,-0.053221826200132015,0.049472967783610024,0.061127971013387045,-0.04267597578017773,-0.03013448383132879,-0.03634171167270569,-0.02999139587236757,0.2074074074074074,0.7877777777777778,0.24074074074074073,1980,98.0
1,2,3,-2.5384693145751953,0.7888888888888889,random,-0.006490272945827908,-0.009626247264720776,-0.006071058909098307,0.0433276187049018,-0.0005685975819016247,-0.015290127559468188,0.00215398691850709,-0.0008285088319958528,0.20833333333333334,0.7888888888888889,0.19907407407407407,1980,99.0
1,2,3,-2.5384693145751953,0.7888888888888889,random_normmatched,-0.010815993061772099,0.01232335302564833,-0.017347955703735353,0.05549583223130968,-0.008756537254573156,-0.031813246806808686,0.00963613558061314,-0.004438731827195783,0.2074074074074074,0.79,0.2222222222222222,1980,99.0
1,2,3,-2.5384693145751953,0.7888888888888889,shuffled_labels,1.164997077871252,1.2182911060474537,-0.9145440313551161,0.5866491508483886,0.5837882093721454,0.9392497343744055,0.49533490260777935,0.5528450408194794,0.5398148148148149,0.7788888888888889,0.5787037037037037,1980,
1,2,4,-2.5547685623168945,0.9111111111111111,das,2.8329122684620045,2.778645126907914,-2.3268677958735715,0.8636124028099907,0.8640919702309188,0.990824940929663,0.7344272307728837,0.9029256839701171,0.7666666666666667,0.8055555555555556,0.7962962962962963,450,
1,2,4,-2.5547685623168945,0.9111111111111111,random,-0.004009260954680266,-0.006290082578305845,-0.023011271158854166,0.04480620490180121,-0.0005775971164679595,-0.0016844082043746874,0.004110891829716099,-0.0006258661540524833,0.07777777777777778,0.9222222222222223,0.1111111111111111,450,0.0
1,2,4,-2.5547685623168945,0.9111111111111111,random_normmatched,0.038924556308322485,0.016186820136176214,-0.07855365894458911,0.06412116156684028,0.00879710856065048,0.013255743335029385,0.016943789752364963,0.0076196676254658155,0.07407407407407407,0.9222222222222223,0.09259259259259259,450,0.0
1,2,4,-2.5547685623168945,0.9111111111111111,random,0.036667604799623846,0.0344202959979022,-0.026009962293836807,0.04945421748691135,0.011985026555947676,0.014585804839703623,0.004969141017450195,0.01102626011068256,0.0962962962962963,0.9111111111111111,0.1111111111111111,450,1.0
1,2,4,-2.5547685623168945,0.9111111111111111,random_normmatched,0.2588213320131655,0.20017673351146556,-0.15451510394061052,0.10174590216742621,0.07673449435823083,0.10891892026203004,0.05497624796594131,0.06373641450454426,0.13703703703703704,0.9111111111111111,0.1111111111111111,450,1.0
1,2,4,-2.5547685623168945,0.9111111111111111,random,0.014454530786584924,0.005555965282298901,0.00034847965946903934,0.045073970158894854,0.0013198592322345268,0.00423188521260712,-0.0010711222686978605,0.002322975315832678,0.08148148148148149,0.9166666666666666,0.1111111111111111,450,2.0
1,2,4,-2.5547685623168945,0.9111111111111111,random_normmatched,0.005935506467466001,-0.0009862405282479744,0.002677239312065972,0.056192345089382596,0.0022696743942491413,-0.0029207488263002456,-0.005741175206493444,0.0032303544230848392,0.07407407407407407,0.9166666666666666,0.07407407407407407,450,2.0
1,2,4,-2.5547685623168945,0.9111111111111111,random,0.010300466749403213,0.008134064850983795,-0.015754572550455728,0.0446853690677219,0.0009730018516550234,0.0032442451149585073,0.0021128079294869726,0.0007558769821804707,0.08148148148148149,0.9166666666666666,0.1111111111111111,450,3.0
1,2,4,-2.5547685623168945,0.9111111111111111,random_normmatched,-0.006355893170392072,-0.03010262383355035,-0.0355987548828125,0.058419259389241536,-0.0005524952572792328,-0.0020685867571063974,0.011100976135753324,0.0020985031259407273,0.06296296296296296,0.9222222222222223,0.05555555555555555,450,3.0
1,2,4,-2.5547685623168945,0.9111111111111111,random,0.0030758610478153936,-0.0005140657778139468,-0.0063181841814959495,0.03896678818596734,-0.0006525802197073091,0.00031827090938245405,-0.00012071324948958028,-0.000569263119197438,0.07777777777777778,0.9111111111111111,0.09259259259259259,450,4.0
1,2,4,-2.5547685623168945,0.9111111111111111,random_normmatched,0.007007514105902778,0.009233262803819444,0.060544459025065105,0.058281665378146705,-0.002097709118502047,-0.0012648383841711197,-0.023800091411219495,-0.001996103792208017,0.05555555555555555,0.9166666666666666,0.05555555555555555,450,4.0
1,2,4,-2.5547685623168945,0.9111111111111111,random,-0.002652450844093605,-0.013855051111291957,-0.012241038569697627,0.04173698425292969,-0.000417178719840745,-0.0013604994639126611,0.0010512664859394765,-0.0006233949848781324,0.08148148148148149,0.9222222222222223,0.1111111111111111,450,5.0
1,2,4,-2.5547685623168945,0.9111111111111111,random_normmatched,-0.03040405556007668,-0.03202148720070168,-0.02095675998263889,0.059703461329142254,-0.014631237959943607,-0.011184620340009721,0.008676762251773017,-0.016898990488669215,0.07037037037037037,0.9277777777777778,0.1111111111111111,450,5.0
1,2,4,-2.5547685623168945,0.9111111111111111,random,-0.003925648442021122,-0.02000462567364728,-0.009740066528320313,0.041009044647216795,-0.0005484346581431139,-0.0007940407209597312,0.0006426985645901279,-0.0004738435350538582,0.08518518518518518,0.9222222222222223,0.1111111111111111,450,6.0
1,2,4,-2.5547685623168945,0.9111111111111111,random_normmatched,-0.0846975326538086,-0.08394757023564091,-0.024006398518880208,0.05978680186801487,-0.020563701028433773,-0.026021045260176984,0.006284384829196556,-0.02270218645540586,0.06666666666666667,0.9277777777777778,0.09259259259259259,450,6.0
1,2,4,-2.5547685623168945,0.9111111111111111,random,0.003710619608561198,-0.023254253246166087,-0.0287432211416739,0.03949981265597873,0.0008611695796276816,0.0009252646826909669,0.0044184720024967985,0.0005795183662743773,0.07777777777777778,0.9222222222222223,0.09259259259259259,450,7.0
1,2,4,-2.5547685623168945,0.9111111111111111,random_normmatched,0.04554417928059896,0.019801033867730036,-0.1773132182933666,0.05813524458143446,0.011694864668563891,0.014218363536878956,0.06528180458248582,0.01333713157056257,0.06666666666666667,0.9166666666666666,0.05555555555555555,450,7.0
1,2,4,-2.5547685623168945,0.9111111111111111,random,0.015272352430555556,0.0051771799723307295,-0.02423858642578125,0.046562782923380536,0.0007648276530413658,0.0047955612834539845,0.005934571789107068,0.0007923180164817709,0.08148148148148149,0.9166666666666666,0.1111111111111111,450,8.0
1,2,4,-2.5547685623168945,0.9111111111111111,random_normmatched,0.0984169430202908,0.043937753748010705,-0.08089444195782697,0.07229103512234158,0.026645791675793395,0.037731018196867874,0.03749671893760402,0.02774154409328828,0.11481481481481481,0.9222222222222223,0.1111111111111111,450,8.0
1,2,4,-2.5547685623168945,0.9111111111111111,random,-0.005438967104311343,-0.016493550053349248,-0.008059268527560764,0.04215244717068142,-0.0012096557216500392,-0.0026196502654985054,0.001821310896144986,-0.0011147118781914202,0.07777777777777778,0.9111111111111111,0.1111111111111111,450,9.0
1,2,4,-2.5547685623168945,0.9111111111111111,random_normmatched,-0.0152562176739728,-0.022182817812319153,-0.06168126706723814,0.0652587890625,-0.00033030328706489545,-0.004394711302659625,0.019367453902149095,0.0008933656243986729,0.08148148148148149,0.9222222222222223,0.09259259259259259,450,9.0
1,2,4,-2.5547685623168945,0.9111111111111111,random,-0.003016803882740162,-0.012945881596317998,-0.011857619108977141,0.04621557129753961,-0.0013755991121546134,-0.0017806264871437034,0.0011361076248386302,-0.0011678620114584455,0.08148148148148149,0.9222222222222223,0.1111111111111111,450,10.0
1,2,4,-2.5547685623168945,0.9111111111111111,random_normmatched,-0.04987251140453197,-0.040300086692527486,-0.0300270504421658,0.054741085900200735,-0.010551797176536992,-0.020279826282276685,0.008660321202619909,-0.007987088558587764,0.06666666666666667,0.9222222222222223,0.05555555555555555,450,10.0
1,2,4,-2.5547685623168945,0.9111111111111111,random,0.0006306471648039641,-0.015551249186197916,-0.008733170120804398,0.043399477005004884,4.953429244296427e-05,0.0007705000432820843,0.0008489723041025425,7.45764897375533e-05,0.08888888888888889,0.9111111111111111,0.1111111111111111,450,11.0
1,2,4,-2.5547685623168945,0.9111111111111111,random_normmatched,-0.02138635140878183,-0.03223235518844039,0.004545042249891493,0.06090712547302246,-0.007240141930924496,-0.0022813258124063118,0.0008900944000825095,-0.007938354372349781,0.09259259259259259,0.9055555555555556,0.1111111111111111,450,11.0
1,2,4,-2.5547685623168945,0.9111111111111111,random,0.0005821016099717882,-0.025431173819082754,-0.004624578687879775,0.041846497853597,0.0008393563132307799,0.0007998348234159518,0.0006089536869135058,0.0007718787869871994,0.07777777777777778,0.9111111111111111,0.1111111111111111,450,12.0
1,2,4,-2.5547685623168945,0.9111111111111111,random_normmatched,-0.008644358317057291,-0.005090360288266782,0.010330101295753761,0.06332343949211969,0.0003150483159755529,0.007267480442921096,-0.000392981320453716,-0.0020088989929106208,0.08518518518518518,0.9222222222222223,0.1111111111111111,450,12.0
1,2,4,-2.5547685623168945,0.9111111111111111,random,0.004056874027958623,-0.013717015584309896,-0.007500146936487269,0.044382365544637044,0.0003435250056500823,0.001141314086390896,0.0011769390544452696,0.0005955502576970741,0.08148148148148149,0.9222222222222223,0.1111111111111111,450,13.0
1,2,4,-2.5547685623168945,0.9111111111111111,random_normmatched,0.014068405716507523,0.05060259501139323,-0.030648846096462675,0.06205293337504069,-0.0005603282805704124,-0.0007968449822563864,0.008001378780213505,-0.00018149501530117008,0.07407407407407407,0.9222222222222223,0.09259259259259259,450,13.0
1,2,4,-2.5547685623168945,0.9111111111111111,random,0.004026031494140625,0.004456979257089121,-0.014722781711154515,0.041288328170776364,0.0002290166704333882,0.0006278460538466529,0.001566465193127503,0.00012798754254585886,0.07777777777777778,0.9111111111111111,0.09259259259259259,450,14.0
1,2,4,-2.5547685623168945,0.9111111111111111,random_normmatched,-0.019170316060384114,-0.013691937481915509,-0.04415456983778212,0.05694714652167426,-0.006855002744325703,-0.007717398222618984,0.004288466298604161,-0.006464379449028531,0.07407407407407407,0.9055555555555556,0.09259259259259259,450,14.0
1,2,4,-2.5547685623168945,0.9111111111111111,random,-0.00465046211525246,-0.00840865241156684,-0.009879557291666667,0.045943933063083225,-0.001838676580038839,-0.0006039994108744757,0.0005062495576280936,-0.0021557287090409934,0.07777777777777778,0.9222222222222223,0.09259259259259259,450,15.0
1,2,4,-2.5547685623168945,0.9111111111111111,random_normmatched,-0.05066634284125434,-0.014181419655128761,-0.031288669727466724,0.06369189156426323,-0.011643689665192265,-0.01502457541593039,0.006215872037017113,-0.013605647490591037,0.06666666666666667,0.9222222222222223,0.1111111111111111,450,15.0
1,2,4,-2.5547685623168945,0.9111111111111111,random,0.007074158279984086,-0.010837625574182582,-0.015022193060980902,0.04013921949598524,0.00017775357617146986,0.001848034004812525,0.001161367581627775,0.0002553087830905948,0.08518518518518518,0.9111111111111111,0.1111111111111111,450,16.0
1,2,4,-2.5547685623168945,0.9111111111111111,random_normmatched,0.0687297467832212,0.04074393378363715,-0.05141899674027054,0.06563179757859972,0.029150923232508476,0.019370752531409016,0.01817596642314537,0.03195381746929648,0.06296296296296296,0.9222222222222223,0.09259259259259259,450,16.0
1,2,4,-2.5547685623168945,0.9111111111111111,random,0.00344578778302228,-0.001640743679470486,-0.009806060791015625,0.047702227698432076,-0.0002558514371136595,0.001087191932463423,0.001915023012427995,-0.00032485897466936353,0.07777777777777778,0.9222222222222223,0.1111111111111111,450,17.0
1,2,4,-2.5547685623168945,0.9111111111111111,random_normmatched,-0.03690858770299841,-0.035297393798828125,-0.04939456515842014,0.05779925982157389,-0.0074915173240923585,-0.009261419614751853,0.017558770563405997,-0.0066560719937375,0.0962962962962963,0.9222222222222223,0.1111111111111111,450,17.0
1,2,4,-2.5547685623168945,0.9111111111111111,random,0.0238037109375,0.008696026272243924,-0.011624541106047454,0.04778318934970432,0.0016341114303856047,0.006509895841704255,0.0020322274529454613,0.0014880144976289432,0.08518518518518518,0.9222222222222223,0.1111111111111111,450,18.0
1,2,4,-2.5547685623168945,0.9111111111111111,random_normmatched,0.03780153769033927,0.002552597611038773,-0.013194020589192708,0.06046217812432183,0.008488541729744309,0.007244019765417309,0.007128714316011037,0.00784410428820875,0.08148148148148149,0.9111111111111111,0.1111111111111111,450,18.0
1,2,4,-2.5547685623168945,0.9111111111111111,random,0.010327607614022714,-0.01549035531503183,-0.00350189208984375,0.03820474942525228,0.0012234311604731002,0.003580356787335364,0.00012071324948958028,0.001127029108441456,0.08888888888888889,0.9111111111111111,0.1111111111111111,450,19.0
1,2,4,-2.5547685623168945,0.9111111111111111,random_normmatched,0.07275957178186487,0.06398674293800637,-0.009323211952492043,0.06671044561598036,0.015742798534395235,0.027405918621650142,0.0010811200157964404,0.014202509158030159,0.10740740740740741,0.9055555555555556,0.09259259259259259,450,19.0
1,2,4,-2.5547685623168945,0.9111111111111111,random,0.02296894214771412,0.01940988611291956,-0.017412948608398437,0.039963785807291666,0.0032652270727318885,0.0072265421855457965,0.002286302984225259,0.004493571241144057,0.08148148148148149,0.9222222222222223,0.1111111111111111,450,20.0
1,2,4,-2.5547685623168945,0.9111111111111111,random_normmatched,0.03707826402452257,0.03964805603027344,-0.08815755490903501,0.06757583088344998,0.02411247158554366,0.00735843927001382,0.02275702493569668,0.021649348815068362,0.08888888888888889,0.9333333333333333,0.09259259259259259,450,20.0
1,2,4,-2.5547685623168945,0.9111111111111111,random,0.007068153663917824,0.0048673417833116316,-0.017138629489474828,0.04628720283508301,0.0006434913587086001,0.002173163874231596,0.001652809372615239,0.00022666028659934015,0.07777777777777778,0.9222222222222223,0.1111111111111111,450,21.0
1,2,4,-2.5547685623168945,0.9111111111111111,random_normmatched,-0.0228379072966399,-0.013498094346788194,-0.003840199223271123,0.06684560775756836,-0.0011738263979832726,-0.013164942923441657,0.003237228123419322,-0.0005966429212407285,0.05925925925925926,0.9222222222222223,0.07407407407407407,450,21.0
1,2,4,-2.5547685623168945,0.9111111111111111,random,0.005348940248842592,0.0038854104501229746,-0.01273239983452691,0.045009952121310766,0.001529476666609737,0.00030585339069249314,0.0032247682363645016,0.0012442379197497493,0.08518518518518518,0.9111111111111111,0.1111111111111111,450,22.0
1,2,4,-2.5547685623168945,0.9111111111111111,random_normmatched,-0.05018694842303241,-0.0007564403392650463,-0.04173698425292969,0.0685534954071045,-0.03573090541224077,-0.02780056827581531,0.01112249364717019,-0.029141110607994073,0.05555555555555555,0.9055555555555556,0.05555555555555555,450,22.0
1,2,4,-2.5547685623168945,0.9111111111111111,random,-0.009409671359592014,-0.0317747328016493,-0.00964120935510706,0.040556308958265515,-0.0013026418791073388,-0.0024882726213061425,0.0007700444102055093,-0.0010933312166950245,0.08888888888888889,0.9111111111111111,0.1111111111111111,450,23.0
1,2,4,-2.5547685623168945,0.9111111111111111,random_normmatched,-0.04902684953477648,-0.01606128833912037,0.02784774215133102,0.07436619334750705,-0.020065023983800015,-0.0020956097474335443,-0.010502178884008296,-0.022008961183150443,0.09259259259259259,0.9222222222222223,0.1111111111111111,450,23.0
1,2,4,-2.5547685623168945,0.9111111111111111,random,0.005863090797706886,-0.010645548502604166,-0.005987859655309607,0.04366065131293403,-0.0014424022404951249,0.002316439163890274,0.0007514731410532662,-0.0018207776984592138,0.08888888888888889,0.9277777777777778,0.1111111111111111,450,24.0
1,2,4,-2.5547685623168945,0.9111111111111111,random_normmatched,-0.028977401168258102,-0.017124882450810185,-0.0017202659889503761,0.06294083065456814,-0.01084255672840995,-0.006542796734377679,-0.0013478780861085507,-0.007116727323113198,0.06666666666666667,0.9277777777777778,0.05555555555555555,450,24.0
1,2,4,-2.5547685623168945,0.9111111111111111,random,0.007030854401765046,-0.00012079874674479167,-0.015359906797055844,0.04681397014194065,0.0009987193146719186,0.00309571126178006,0.0021085031048547658,0.0009003752316602208,0.08888888888888889,0.9166666666666666,0.1111111111111111,450,25.0
1,2,4,-2.5547685623168945,0.9111111111111111,random_normmatched,0.03250676614266855,0.02701674567328559,-0.054217854252568,0.06176399124993218,0.020752730018019104,0.023327400125915075,0.017055715192802332,0.01906692845422699,0.11851851851851852,0.9111111111111111,0.12962962962962962,450,25.0
1,2,4,-2.5547685623168945,0.9111111111111111,random,0.006131348786530671,0.0005021978307653357,-0.014974777786820024,0.037041923734876844,-0.00046229194996833765,0.002098962583768886,0.0011023374761081452,-0.0002951294528894164,0.08518518518518518,0.9111111111111111,0.1111111111111111,450,26.0
1,2,4,-2.5547685623168945,0.9111111111111111,random_normmatched,-0.039252245867693866,-0.016647833364981192,-0.033282223454228155,0.054303275214301214,-0.005610099451453156,-0.01238125923978336,0.008675435732547858,-0.005608102002263466,0.07777777777777778,0.9111111111111111,0.09259259259259259,450,26.0
1,2,4,-2.5547685623168945,0.9111111111111111,random,0.025425006725169993,0.01719206350821036,-0.002748715436017072,0.03868802918328179,0.0033660596708718934,0.008325108774943527,0.00011042966113431485,0.002700673604304394,0.08148148148148149,0.9166666666666666,0.1111111111111111,450,27.0
1,2,4,-2.5547685623168945,0.9111111111111111,random_normmatched,0.08324371620460792,0.10626206574616609,0.013273225007233797,0.06126957999335395,0.031559706488867335,0.03026964489870815,-0.0017374272215585618,0.02673933628303513,0.1111111111111111,0.9222222222222223,0.1111111111111111,450,27.0
1,2,4,-2.5547685623168945,0.9111111111111111,random,-0.002239213166413484,-0.010810922693323207,-0.009372146041304976,0.03929974767896864,-0.0015453948973116595,-0.0010301287663848813,0.0007543754628928504,-0.0011534681512828519,0.08148148148148149,0.9166666666666666,0.1111111111111111,450,28.0
1,2,4,-2.5547685623168945,0.9111111111111111,random_normmatched,0.005088876794885706,-0.01283921135796441,-0.0006299619321469907,0.06862458652920193,-0.0018166359947911622,0.002021169193736227,0.002319477326870547,0.00015026997366860234,0.1,0.9166666666666666,0.1111111111111111,450,28.0
1,2,4,-2.5547685623168945,0.9111111111111111,random,0.009959178500705296,-0.003806502730758102,-0.008947118123372396,0.038062063852945964,0.0003826410480456506,0.0035163690554457358,8.043641983857501e-05,0.0003454821029712634,0.08148148148148149,0.9166666666666666,0.1111111111111111,450,29.0
1,2,4,-2.5547685623168945,0.9111111111111111,random_normmatched,0.04811994764539931,0.049700631035698786,-0.0426952079490379,0.05265855259365505,0.014063093565536103,0.01708778693288606,0.010843920057559757,0.011860178942582922,0.1037037037037037,0.9111111111111111,0.1111111111111111,450,29.0
1,2,4,-2.5547685623168945,0.9111111111111111,random,0.003398987098976418,-0.0016333262125651042,-0.02959965599907769,0.042452372445000545,0.0011633742078347572,0.0011743561130189034,0.006078175792886671,0.0013716818093357345,0.08518518518518518,0.9222222222222223,0.1111111111111111,450,30.0
1,2,4,-2.5547685623168945,0.9111111111111111,random_normmatched,-0.054303275214301214,-0.03289017853913484,-0.07022340562608508,0.059680774476793076,-0.012615793509258084,-0.01673697954365513,0.024045036215134704,-0.011606195439913685,0.08148148148148149,0.9166666666666666,0.09259259259259259,450,30.0
1,2,4,-2.5547685623168945,0.9111111111111111,random,0.024907910382306133,0.02927172625506366,-0.00034871984411168983,0.048361984888712566,0.0038846737481031865,0.006809733575474922,0.000342664040723641,0.003298665449896864,0.07407407407407407,0.9222222222222223,0.09259259259259259,450,31.0
1,2,4,-2.5547685623168945,0.9111111111111111,random_normmatched,0.05991133937129268,0.08261292069046586,0.005283214427806713,0.05680310991075304,0.018998408342744712,0.01751516739509292,-0.003744610731468125,0.019197768576695525,0.08518518518518518,0.9166666666666666,0.1111111111111111,450,31.0
1,2,4,-2.5547685623168945,0.9111111111111111,random,0.02305837560583044,0.0265303717719184,0.008759873001663773,0.03602193726433648,0.0022763912655108212,0.008234421307833886,-0.0009206043422611946,0.002180267737273292,0.08148148148148149,0.9222222222222223,0.1111111111111111,450,32.0
1,2,4,-2.5547685623168945,0.9111111111111111,random_normmatched,0.08033644358317057,0.11537368209273727,-0.00980964943214699,0.059148979187011716,0.02183008078974931,0.03233869811946276,0.0007120179941669626,0.024170226741641064,0.1,0.9166666666666666,0.1111111111111111,450,32.0
1,2,4,-2.5547685623168945,0.9111111111111111,random,0.012772475348578559,0.016211898238570603,-0.015325207180447048,0.046111212836371526,0.00015984556663180684,0.0026988661789593433,0.002652632938365673,0.0005036482144040284,0.07777777777777778,0.9222222222222223,0.1111111111111111,450,33.0
1,2,4,-2.5547685623168945,0.9111111111111111,random_normmatched,0.07182848188612197,0.09508472018771702,-0.0570371981020327,0.07332537968953451,0.03415123745174994,0.011335977139301102,0.015370627277966795,0.031312085001142805,0.08888888888888889,0.9333333333333333,0.05555555555555555,450,33.0
1,2,4,-2.5547685623168945,0.9111111111111111,random,0.013766020315664786,0.002932301274052373,-0.02126430935329861,0.04555294778611925,0.0018484916970694907,0.005351685439962789,0.001232999619786427,0.0014788519512356723,0.08518518518518518,0.9055555555555556,0.1111111111111111,450,34.0
1,2,4,-2.5547685623168945,0.9111111111111111,random_normmatched,0.2048738126401548,0.18497601261845342,-0.1114028012311017,0.08035511970520019,0.07460174991121299,0.07274768546977405,0.03785060106113927,0.0782785474290645,0.1259259259259259,0.9,0.1111111111111111,450,34.0
1,2,4,-2.5547685623168945,0.9111111111111111,random,0.012676069471571181,-0.0010496775309244792,-0.016643397013346353,0.04590863121880425,0.0009610631786285814,0.005581405833952057,0.0017583012329498754,0.0008184715876258845,0.09259259259259259,0.9166666666666666,0.1111111111111111,450,35.0
1,2,4,-2.5547685623168945,0.9111111111111111,random_normmatched,0.11545833305076317,0.12911189043963398,-0.1049529888011791,0.07673048443264431,0.011788707158375562,0.057827358070960025,0.034896741256289984,0.010108206820091913,0.12222222222222222,0.9055555555555556,0.1111111111111111,450,35.0
1,2,4,-2.5547685623168945,0.9111111111111111,random,0.0019523055465133102,-0.014708554303204571,-0.013870634856047453,0.044330628712972005,-0.00043217534048861487,0.0006780265800170787,0.002358559429164996,7.773770989820962e-05,0.07777777777777778,0.9222222222222223,0.09259259259259259,450,36.0
1,2,4,-2.5547685623168945,0.9111111111111111,random_normmatched,-0.002382638719346788,-0.02769844620316117,-0.05056070398401331,0.05495349566141764,-0.0018604898464357406,0.0017698777410359056,0.019951867664366088,-0.0030975825767524247,0.08518518518518518,0.9222222222222223,0.1111111111111111,450,36.0
1,2,4,-2.5547685623168945,0.9111111111111111,random,0.0002958721584743924,-0.003124378345630787,-0.009317030730070891,0.03888694445292155,-0.0009725081268618673,-0.0006686344587724332,-0.000458312392292857,-0.0008756676879317577,0.07777777777777778,0.9222222222222223,0.1111111111111111,450,37.0
1,2,4,-2.5547685623168945,0.9111111111111111,random_normmatched,-0.07308081167715567,-0.09383208663375289,-0.04617528562192564,0.062197738223605685,-0.01458773191908697,-0.034128892959784135,0.012769395260136268,-0.01755637207975426,0.05555555555555555,0.9333333333333333,0.09259259259259259,450,37.0
1,2,4,-2.5547685623168945,0.9111111111111111,random,0.009930653042263454,-0.007999137595847802,-0.022544196799949363,0.04729522069295247,0.0005112484311773836,0.003365596008733329,0.004203076164920166,0.0005561509718158908,0.08148148148148149,0.9166666666666666,0.1111111111111111,450,38.0
1,2,4,-2.5547685623168945,0.9111111111111111,random_normmatched,0.01252165193910952,-0.010129222163447627,-0.040313247398093895,0.05761118464999729,0.0024182445474670864,0.00661705235016752,0.013478326418035572,0.003310205147274065,0.09259259259259259,0.9166666666666666,0.09259259259259259,450,38.0
1,2,4,-2.5547685623168945,0.9111111111111111,random,0.021211934972692418,0.029334174262152776,-0.01948606703016493,0.040186309814453126,0.004121439102874547,0.007385885207129419,0.0022006953945408097,0.0040562027685216275,0.08518518518518518,0.9222222222222223,0.1111111111111111,450,39.0
1,2,4,-2.5547685623168945,0.9111111111111111,random_normmatched,0.18918076974374276,0.16876588044343172,-0.0668614281548394,0.0705659548441569,0.06182110196936702,0.0680571951879465,0.022786283990189726,0.06344778597544766,0.1111111111111111,0.9166666666666666,0.1111111111111111,450,39.0
1,2,4,-2.5547685623168945,0.9111111111111111,random,0.008318780969690394,0.001960189254195602,-0.019538921780056423,0.035042990578545465,0.0008416764483641614,0.002430110570885823,0.0017231484734831293,0.000631448598966436,0.08518518518518518,0.9166666666666666,0.1111111111111111,450,40.0
1,2,4,-2.5547685623168945,0.9111111111111111,random_normmatched,0.04788744184705946,0.06545222247088398,-0.0894725728918005,0.057087066438463,0.013261557083216361,0.017020973905864403,0.03073810348541268,0.012404546600012892,0.06666666666666667,0.9166666666666666,0.05555555555555555,450,40.0
1,2,4,-2.5547685623168945,0.9111111111111111,random,0.0008099167435257523,-0.004097973858868635,-0.009469095865885417,0.035244327121310766,-0.00012588072483212022,-0.00030928023899464205,0.0004758018732824183,1.9785544005945313e-05,0.08148148148148149,0.9111111111111111,0.1111111111111111,450,41.0
1,2,4,-2.5547685623168945,0.9111111111111111,random_normmatched,0.049623178552698204,0.04468317385073061,-0.014035260235821759,0.060559617148505315,0.027000279368864948,0.01713206384643128,0.004782104214470762,0.02663675959811859,0.07407407407407407,0.9111111111111111,0.1111111111111111,450,41.0
1,2,4,-2.5547685623168945,0.9111111111111111,random,0.0054705019350405094,-0.010191316957826968,-0.019885988588686343,0.037835587395562066,0.0005930481801657649,0.0013620605656722961,0.003480579319455627,0.0009169974786760366,0.08148148148148149,0.9222222222222223,0.1111111111111111,450,42.0
1,2,4,-2.5547685623168945,0.9111111111111111,random_normmatched,0.012076596860532408,0.06386544969346789,-0.07737012792516637,0.05526450475056966,0.002946862458693435,0.007066576508890749,0.022799549182441328,0.0024869618339033797,0.10740740740740741,0.9222222222222223,0.1111111111111111,450,42.0
1,2,4,-2.5547685623168945,0.9111111111111111,random,0.0014924932409215858,-0.0016963393599898726,-0.020444347240306714,0.04393813874986437,-0.0004364248250777133,0.000332039016377625,0.0030415873332179807,-0.0004042190704589107,0.08148148148148149,0.9166666666666666,0.1111111111111111,450,43.0
1,2,4,-2.5547685623168945,0.9111111111111111,random_normmatched,-0.01993637791386357,-0.002356635199652778,-0.052440516153971356,0.056495348612467446,-0.008789383028801579,-0.005738499818574077,0.017781990213272786,-0.005093150500883589,0.07777777777777778,0.9222222222222223,0.07407407407407407,450,43.0
1,2,4,-2.5547685623168945,0.9111111111111111,random,0.03766420858877677,0.037626690334743924,-0.01929568537959346,0.04701473977830675,0.011650155094969656,0.015318721350508643,0.004206392462983067,0.010219620703065459,0.08888888888888889,0.9111111111111111,0.1111111111111111,450,44.0
1,2,4,-2.5547685623168945,0.9111111111111111,random_normmatched,0.19393740053530092,0.24644145259150751,-0.08589438685664424,0.08391809463500977,0.060257785092291134,0.07870773526503295,0.029783359700384204,0.060424575794530484,0.11851851851851852,0.9055555555555556,0.16666666666666666,450,44.0
1,2,4,-2.5547685623168945,0.9111111111111111,random,-0.0026317384507921005,-0.01978676407425492,-0.009785715738932292,0.04161285294426812,-0.00025357922186398224,-0.0017697091423612196,0.0016289456408269567,2.7617344305942894e-05,0.07777777777777778,0.9111111111111111,0.1111111111111111,450,45.0
1,2,4,-2.5547685623168945,0.9111111111111111,random_normmatched,-0.0015644567984121817,0.002479270652488426,-0.03486335895679615,0.0586923705206977,0.002107252422550691,-0.002695299862175429,0.012239792890553375,0.0022866391139063852,0.06296296296296296,0.9222222222222223,0.09259259259259259,450,45.0
1,2,4,-2.5547685623168945,0.9111111111111111,random,0.004429463986997251,-0.006649441189236111,-0.011033474957501446,0.038991626103719076,0.0005048862284782873,0.0016133004359798811,0.0005949267641709446,0.0002834812732887129,0.08518518518518518,0.9166666666666666,0.1111111111111111,450,46.0
1,2,4,-2.5547685623168945,0.9111111111111111,random_normmatched,-0.017363597728587962,-0.018579412389684608,-0.05815532825611256,0.05657256974114312,-0.002238508808747404,-0.004146605464351165,0.01769110730851602,-0.0024833979080020425,0.07407407407407407,0.9111111111111111,0.07407407407407407,450,46.0
1,2,4,-2.5547685623168945,0.9111111111111111,random,-0.0011069756967050058,-0.02474036040129485,-0.011566585964626737,0.04131248262193468,-0.0008316307813818773,-0.00014367958943489498,0.0015155482147455545,-0.0009075815966581255,0.08148148148148149,0.9222222222222223,0.1111111111111111,450,47.0
1,2,4,-2.5547685623168945,0.9111111111111111,random_normmatched,-0.07352297747576678,-0.0401036297833478,-0.044921677200882526,0.05738230811225043,-0.020754420516794197,-0.021934429062674003,0.009734661333838294,-0.023351764012461758,0.06666666666666667,0.9277777777777778,0.05555555555555555,450,47.0
1,2,4,-2.5547685623168945,0.9111111111111111,random,0.010264198868362991,0.00335552074291088,-0.0058807373046875,0.03664690653483073,0.0011673369181409961,0.0036415091250271057,0.000345831161000879,0.0010114491877124565,0.07777777777777778,0.9222222222222223,0.1111111111111111,450,48.0
1,2,4,-2.5547685623168945,0.9111111111111111,random_normmatched,0.02684504191080729,0.019239637586805556,0.010102399190266927,0.061588154898749456,0.015453790356104983,0.012713512732299488,-8.351359786480698e-05,0.016769344340629835,0.08888888888888889,0.9055555555555556,0.09259259259259259,450,48.0
1,2,4,-2.5547685623168945,0.9111111111111111,random,0.008919800652398004,-0.0016001948603877314,-0.01093491448296441,0.04338723288642036,0.000595787729097386,0.002080082673567007,0.00011278640536381149,0.0006483246537321768,0.07777777777777778,0.9277777777777778,0.1111111111111111,450,49.0
1,2,4,-2.5547685623168945,0.9111111111111111,random_normmatched,0.017832748978226273,0.02501056812427662,-0.03583656593605324,0.056300285127427845,0.005471228544173339,0.0017071913390714225,0.009021190499252037,0.005345568342638246,0.08148148148148149,0.9111111111111111,0.09259259259259259,450,49.0
1,2,4,-2.5547685623168945,0.9111111111111111,random,0.005541017320421007,-0.0019054412841796875,-0.014781090065285012,0.03479589356316461,0.00016132728272708549,0.0017376653335113017,0.001155398245114554,-6.482280903876523e-05,0.08518518518518518,0.9166666666666666,0.1111111111111111,450,50.0
1,2,4,-2.5547685623168945,0.9111111111111111,random_normmatched,-0.007067192925347222,-0.03450450190791377,-0.043196911282009545,0.057175927691989474,-0.00035946445249894254,-0.0011906876556013915,0.012497766872222043,0.0004637143519591931,0.07407407407407407,0.9166666666666666,0.07407407407407407,450,50.0
1,2,4,-2.5547685623168945,0.9111111111111111,random,0.008872689141167536,0.014061256691261573,-0.006823998910409433,0.04955463939242893,0.0012665327801701049,0.003550628061542154,-0.00015254971089342562,0.0017517875883985758,0.08148148148148149,0.9166666666666666,0.1111111111111111,450,51.0
1,2,4,-2.5547685623168945,0.9111111111111111,random_normmatched,-0.02066229361074942,-0.05227505719220197,-0.023646361739547164,0.07804426087273492,0.0023779851268308956,-0.0017123553298759022,0.016233942277510807,0.0009859955636544522,0.07777777777777778,0.9277777777777778,0.09259259259259259,450,51.0
1,2,4,-2.5547685623168945,0.9111111111111111,random,0.005333949901439526,-0.012632581922743056,-0.0101104736328125,0.04549855126274956,0.0013973460756142447,0.001788175224331042,0.001066521457028819,0.001410149752392337,0.08148148148148149,0.9166666666666666,0.1111111111111111,450,52.0
1,2,4,-2.5547685623168945,0.9111111111111111,random_normmatched,-0.02306686683937355,0.007351345486111111,-0.03686642116970486,0.055135785208808054,-0.0014378114271569862,-0.00984332066109085,0.0036146400191865856,0.0005116654114181882,0.07407407407407407,0.9111111111111111,0.09259259259259259,450,52.0
1,2,4,-2.5547685623168945,0.9111111111111111,random,0.011943569889775029,0.007167674877025463,-0.00538177490234375,0.04363383717007107,0.0024021859619587993,0.003776506391491693,0.00130927447523314,0.002444760484234625,0.08888888888888889,0.9166666666666666,0.1111111111111111,450,53.0
1,2,4,-2.5547685623168945,0.9111111111111111,random_normmatched,0.0659547523215965,0.13697970354998554,-0.037446679009331595,0.055759239196777347,0.018196354162465435,0.022597044564656863,0.010169717711124742,0.019721459633799326,0.09259259259259259,0.9166666666666666,0.12962962962962962,450,53.0
1,2,4,-2.5547685623168945,0.9111111111111111,random,-0.004318484553584346,-0.03087015505190249,-0.0088475262677228,0.0423285166422526,-0.0035991889554887802,-0.0006553829872181316,0.0010340217360123936,-0.002840090022247372,0.08888888888888889,0.9166666666666666,0.1111111111111111,450,54.0
1,2,4,-2.5547685623168945,0.9111111111111111,random_normmatched,-0.19373334248860677,-0.16734638920536749,-0.03427758393464265,0.06361002922058105,-0.03885018134073763,-0.051477811979690695,0.009578296163489522,-0.03651706659360309,0.07037037037037037,0.9222222222222223,0.07407407407407407,450,54.0
1,2,4,-2.5547685623168945,0.9111111111111111,random,0.007385600054705585,-0.004630759910300926,-0.010669976693612557,0.047291427188449434,0.0008761659482183271,0.0035420240145552923,0.0005312153596142877,0.0008809953880904884,0.08888888888888889,0.9111111111111111,0.1111111111111111,450,55.0
1,2,4,-2.5547685623168945,0.9111111111111111,random_normmatched,0.07395611515751592,0.05395882217972367,-0.03603774176703559,0.0659945117102729,0.005280173797200017,0.03691456091399031,0.006093366060773484,0.0045741804699681145,0.1259259259259259,0.9055555555555556,0.1111111111111111,450,55.0
1,2,4,-2.5547685623168945,0.9111111111111111,random,0.007553058200412326,-0.015745374891493056,-0.009297250818323206,0.03894571728176541,-0.000544877216872607,0.0016917947845040571,0.0015613131280135823,0.00023672549039643857,0.07777777777777778,0.9222222222222223,0.1111111111111111,450,56.0
1,2,4,-2.5547685623168945,0.9111111111111111,random_normmatched,0.04816600658275463,0.04989588702166522,0.0013909940366391782,0.05399446487426758,0.00963915194962676,0.014858275623724628,-1.3265192251602227e-06,0.009278525707596156,0.09259259259259259,0.9111111111111111,0.05555555555555555,450,56.0
1,2,4,-2.5547685623168945,0.9111111111111111,random,-0.004272665800871672,-0.008526484171549479,-0.0010159245243778936,0.03564873271518283,-0.0005035228993284809,-0.0022527316588607945,-0.0011347517730496454,-0.00040187793199910666,0.07777777777777778,0.9166666666666666,0.1111111111111111,450,57.0
1,2,4,-2.5547685623168945,0.9111111111111111,random_normmatched,-0.042495607446741177,-0.00037751374421296296,0.02117603443287037,0.05724745856391059,-0.018379018284742626,-0.020446870193028766,-0.007890799610865586,-0.01724302528277306,0.06296296296296296,0.9222222222222223,0.05555555555555555,450,57.0
1,2,4,-2.5547685623168945,0.9111111111111111,random,0.00033550968876591437,-0.008875882184063946,-0.007282850477430556,0.0417404916551378,-0.0004537285162345699,-3.396284757771659e-05,0.00013689342330416816,-0.00020228410089703026,0.07407407407407407,0.9166666666666666,0.09259259259259259,450,58.0
1,2,4,-2.5547685623168945,0.9111111111111111,random_normmatched,-0.03216846607349537,-0.05739918461552373,-0.011019925717954283,0.059967925813463,-0.005252352872021902,-0.007767297984328871,0.003421047279914083,-0.004547013833073609,0.07037037037037037,0.9111111111111111,0.1111111111111111,450,58.0
1,2,4,-2.5547685623168945,0.9111111111111111,random,0.0146728515625,-0.0065466562906901045,-0.009609829937970197,0.04080509609646267,0.0023373268747323124,0.0037555527028217198,0.0012303188798846306,0.0024347093324750104,0.08148148148148149,0.9222222222222223,0.1111111111111111,450,59.0
1,2,4,-2.5547685623168945,0.9111111111111111,random_normmatched,0.09938391932734737,0.09290285463686343,-0.01824634693287037,0.06290048493279352,0.03638111626924427,0.02765746331669079,0.005345159153340787,0.0303862635547293,0.1037037037037037,0.9111111111111111,0.09259259259259259,450,59.0
1,2,4,-2.5547685623168945,0.9111111111111111,random,0.004250710098831742,-0.003780647560402199,-0.015378076058846933,0.03925479253133138,-0.0007234733354972397,0.001105308742425711,0.0019022285688797594,-0.0007842599219077354,0.08148148148148149,0.9222222222222223,0.1111111111111111,450,60.0
1,2,4,-2.5547685623168945,0.9111111111111111,random_normmatched,0.025200321056224682,0.05676439073350695,-0.043095256664134836,0.06331819428337945,0.010271311572444817,0.008035047024997893,0.016315285356062807,0.008404148127011868,0.07777777777777778,0.9111111111111111,0.09259259259259259,450,60.0
1,2,4,-2.5547685623168945,0.9111111111111111,random,0.003863913924605758,0.006573924311885127,-0.011714370162398726,0.03256694475809733,-0.000578051559517895,0.0010532566699716303,0.0017055715192802333,-0.0007589437596503625,0.08518518518518518,0.9166666666666666,0.1111111111111111,450,61.0
1,2,4,-2.5547685623168945,0.9111111111111111,random_normmatched,0.026117317764847367,0.08182398478190105,-0.06536639178240741,0.06251112620035808,0.006271314089109238,0.0036695266161380995,0.028140476981152997,0.0066820537830756845,0.07777777777777778,0.9222222222222223,0.05555555555555555,450,61.0
1,2,4,-2.5547685623168945,0.9111111111111111,random,-0.0004013344093605324,-0.011186317161277489,-0.00719657474093967,0.04209382798936632,-0.0002813002479100448,-0.0004657517395014151,0.0003994877258687674,-0.000368712724250568,0.07777777777777778,0.9055555555555556,0.1111111111111111,450,62.0
1,2,4,-2.5547685623168945,0.9111111111111111,random_normmatched,-0.09246828997576678,-0.22412836993182148,-0.031540312590422455,0.0781673961215549,-0.018827287362699043,-0.03682645611908992,0.004902077179653721,-0.019242370438822,0.07407407407407407,0.9111111111111111,0.05555555555555555,450,62.0
1,2,4,-2.5547685623168945,0.9111111111111111,random,0.008952338607222946,-0.00779441550925926,-0.004964277479383681,0.03620484140184191,0.0005292811708389289,0.0016329930389452029,0.00018510745918488144,0.0005721301639797112,0.07777777777777778,0.9111111111111111,0.1111111111111111,450,63.0
1,2,4,-2.5547685623168945,0.9111111111111111,random_normmatched,0.06627193733497902,0.10275169655128762,-0.014687206127025463,0.059794611401028104,0.01405380793095998,0.011625791002680257,0.00741204705173323,0.012565239276569128,0.07407407407407407,0.9277777777777778,0.07407407407407407,450,63.0
1,2,4,-2.5547685623168945,0.9111111111111111,random,0.013616773817274306,-0.0037868641040943287,-0.01711203963668258,0.040712732738918726,0.0011070232696427612,0.00450190201081171,0.0015314730782824734,0.001729402336113519,0.08148148148148149,0.9222222222222223,0.1111111111111111,450,64.0
1,2,4,-2.5547685623168945,0.9111111111111111,random_normmatched,0.07771839565700955,0.0764694920292607,-0.04264594890453197,0.06441318723890517,0.02467525479180792,0.026861627514287587,0.01650125378017413,0.028710538840886153,0.08518518518518518,0.9111111111111111,0.1111111111111111,450,64.0
1,2,4,-2.5547685623168945,0.9111111111111111,random,0.010388240107783565,0.011301535147207754,-0.014412562052408854,0.042923694186740455,0.0,0.002927472876215545,0.0026789417793694897,0.0001622726041179317,0.07777777777777778,0.9277777777777778,0.09259259259259259,450,65.0
1,2,4,-2.5547685623168945,0.9111111111111111,random_normmatched,-0.04974240903501157,-0.04520592866120515,-0.0329941643608941,0.06101936234368218,-0.021947327096632656,-0.020293746524838393,0.006829584230737407,-0.0194783811095176,0.06666666666666667,0.9222222222222223,0.07407407407407407,450,65.0
1,2,4,-2.5547685623168945,0.9111111111111111,random,0.009151557639793114,0.0013861479582609954,-0.009477954440646702,0.038732353846232095,0.0012721319369286537,0.0034131771751703074,0.00034955176013517147,0.0010757964024002214,0.08148148148148149,0.9222222222222223,0.1111111111111111,450,66.0
1,2,4,-2.5547685623168945,0.9111111111111111,random_normmatched,0.033164568300600404,-0.01215468512641059,-0.03963738900643808,0.06429749594794379,0.004617141387344193,0.013938351751806653,0.015437101131092671,0.004542411400223414,0.08518518518518518,0.9111111111111111,0.1111111111111111,450,66.0
1,2,4,-2.5547685623168945,0.9111111111111111,random,0.011101736845793547,0.0026534045184100114,-0.015135164614076968,0.03503053983052572,0.0011089700722339462,0.0036764544205408916,0.001154734985501974,0.0009677949184449582,0.08888888888888889,0.9166666666666666,0.1111111111111111,450,67.0
1,2,4,-2.5547685623168945,0.9111111111111111,random_normmatched,0.029432755929452402,0.07727679499873409,-0.08193951359501592,0.05733989609612359,0.007032051754701185,0.011680724839743037,0.025178058308849643,0.007156682507197614,0.08518518518518518,0.9166666666666666,0.1111111111111111,450,67.0
1,2,4,-2.5547685623168945,0.9111111111111111,random,0.010292978639955874,0.002662093551070602,-0.012866027266890914,0.04274943669637044,0.0007925952370332331,0.0031662615894102186,0.0032658903323444684,0.0006335781133112472,0.07777777777777778,0.9222222222222223,0.1111111111111111,450,68.0
1,2,4,-2.5547685623168945,0.9111111111111111,random_normmatched,0.07641821260805483,0.05244368093985098,-0.05149947272406684,0.062164158291286895,0.017467881953418907,0.02419692868072877,0.013369924342707088,0.017116531821099037,0.07037037037037037,0.9277777777777778,0.07407407407407407,450,68.0
1,2,4,-2.5547685623168945,0.9111111111111111,random,0.004185507032606337,-0.008287571094654224,-0.005229398939344618,0.03403488794962565,0.0009879591905596727,0.001288023052198507,0.0008067241360755066,0.0009656560831214919,0.08518518518518518,0.9111111111111111,0.1111111111111111,450,69.0
1,2,4,-2.5547685623168945,0.9111111111111111,random_normmatched,-0.006009123060438368,-0.0269640463369864,0.006888537936740451,0.050594197379218206,-1.2914473896619636e-05,-0.0027550491750178664,-0.0018166680788569251,0.0002569605184178459,0.07777777777777778,0.9166666666666666,0.09259259259259259,450,69.0
1,2,4,-2.5547685623168945,0.9111111111111111,random,0.009704222502531829,0.0002772013346354167,-0.016312620374891493,0.04585119883219401,0.00077402396788099,0.0038723048091948535,0.0018916164150784777,0.0006106058899712822,0.07777777777777778,0.9222222222222223,0.1111111111111111,450,70.0
1,2,4,-2.5547685623168945,0.9111111111111111,random_normmatched,-0.02437000274658203,-0.04029676649305555,-0.09000564151340061,0.06910659472147623,-0.001762944050237936,-0.005439402482580688,0.026030497900302693,-0.0024105820062149995,0.07777777777777778,0.9333333333333333,0.07407407407407407,450,70.0
1,2,4,-2.5547685623168945,0.9111111111111111,random,0.005094669483326099,-0.0162705315483941,-0.012581295437282987,0.03624125586615668,6.6348685290576e-05,0.001625129899624303,0.00222301144007146,0.00028299383206527567,0.08888888888888889,0.9111111111111111,0.1111111111111111,450,71.0
1,2,4,-2.5547685623168945,0.9111111111111111,random_normmatched,-0.01544295416937934,0.01190383345992477,-0.16586197747124565,0.05638310114542643,-0.009423261119900129,-0.006712528844462607,0.0534613778124073,-0.011557152665697701,0.07777777777777778,0.9222222222222223,0.05555555555555555,450,71.0
1,2,4,-2.5547685623168945,0.9111111111111111,random,-0.0022148202966760706,-0.014584011501736112,-0.013904684561270255,0.035657707850138345,-0.000339588921641017,-0.0013665892146384005,0.0025289755728907905,-0.0001877291156858676,0.07777777777777778,0.9166666666666666,0.1111111111111111,450,72.0
1,2,4,-2.5547685623168945,0.9111111111111111,random_normmatched,-0.052651857446741175,-0.012928998028790509,-0.038265821668836804,0.0568846066792806,-0.01871135074634897,-0.020918362249911435,0.00899019576190015,-0.020566601416275088,0.07037037037037037,0.9166666666666666,0.07407407407407407,450,72.0
1,2,4,-2.5547685623168945,0.9111111111111111,random,0.002932400173611111,-0.00529762550636574,-0.005756053218135128,0.03591399192810059,0.0004947916709847632,0.0010155131009392184,0.0005768465007156771,0.00036585859637554155,0.08518518518518518,0.9111111111111111,0.1111111111111111,450,73.0
1,2,4,-2.5547685623168945,0.9111111111111111,random_normmatched,-0.016685867309570314,0.02111512643319589,-0.036650735360604744,0.05210916731092665,-0.0005035228993284809,-0.006758959288757623,0.011282912043797404,0.00037725317542838024,0.08148148148148149,0.9111111111111111,0.09259259259259259,450,73.0
1,2,4,-2.5547685623168945,0.9111111111111111,random,-0.004760459617332176,0.0022564640751591434,-0.013185614126699942,0.03904797236124675,-0.00025742851300595144,-0.0015081654608811055,0.0004412642014873239,-0.00035480372772819747,0.08148148148148149,0.9166666666666666,0.1111111111111111,450,74.0
1,2,4,-2.5547685623168945,0.9111111111111111,random_normmatched,0.0009276566682038484,0.01629744635687934,-0.057262858638057,0.06281789673699273,-0.006805284672783394,0.0032526952433892496,0.015017070585117013,-0.008465676966453766,0.08888888888888889,0.9222222222222223,0.1111111111111111,450,74.0
1,2,4,-2.5547685623168945,0.9111111111111111,random,0.005102291813603154,0.015536484894929108,-0.008205371432834202,0.0373484558529324,0.0002548456182266275,0.0018675661307789217,7.232105382106997e-05,0.0001787896304430419,0.08148148148148149,0.9222222222222223,0.1111111111111111,450,75.0
1,2,4,-2.5547685623168945,0.9111111111111111,random_normmatched,-0.014923413594563803,0.0343110826280382,-0.0539610120985243,0.05331045256720649,0.007775374250691462,-0.0006972401871478016,0.018048205728186478,0.007388427284939549,0.07407407407407407,0.9222222222222223,0.05555555555555555,450,75.0
1,2,4,-2.5547685623168945,0.9111111111111111,random,0.009724270855938947,0.0014015480324074073,-0.011631845544885706,0.045522917641533746,0.00027630137436075486,0.003605607972126916,0.0002376737151162414,-0.00028290829729620497,0.08888888888888889,0.9166666666666666,0.1111111111111111,450,76.0
1,2,4,-2.5547685623168945,0.9111111111111111,random_normmatched,-0.009053738911946614,-0.04787572224934896,-0.012238806265371818,0.06983585357666015,-0.0014677935226397865,-0.0017376632727782082,0.013137463812567935,-0.001013554025382237,0.07037037037037037,0.9166666666666666,0.07407407407407407,450,76.0
1,2,4,-2.5547685623168945,0.9111111111111111,random,0.019211726718478733,0.00012567308213975694,-0.016932876021773728,0.04480819172329373,0.0028573224109951197,0.006178762069817626,0.002692170767462672,0.0025329305767860227,0.08518518518518518,0.9222222222222223,0.1111111111111111,450,77.0
1,2,4,-2.5547685623168945,0.9111111111111111,random_normmatched,0.059737078348795575,0.01386063187210648,-0.04501742610224971,0.0721664481692844,0.025075856172816272,0.019841357465179184,0.01466669499361678,0.026381938826130238,0.0962962962962963,0.9444444444444444,0.07407407407407407,450,77.0
1,2,4,-2.5547685623168945,0.9111111111111111,random,-0.005509009184660735,-0.02877079999005353,-0.011042700873480903,0.04212644894917806,-0.0018378923864594886,-0.0006658822007806513,0.0012880501676305763,-0.002691959769641179,0.08148148148148149,0.9111111111111111,0.1111111111111111,450,78.0
1,2,4,-2.5547685623168945,0.9111111111111111,random_normmatched,-0.11103991755732784,-0.10710087528935185,-0.004297164634422019,0.06869850158691407,-0.03585419331075736,-0.02709568572650223,0.0005940657992445033,-0.024247927838680423,0.0962962962962963,0.9111111111111111,0.12962962962962962,450,78.0
1,2,4,-2.5547685623168945,0.9111111111111111,random,0.0077464845445421,-0.00773867854365596,-0.013247115523726852,0.04410443305969238,0.0005983706238767098,0.002672624489964773,0.003584646777890846,0.0005352469779039439,0.09259259259259259,0.9111111111111111,0.1111111111111111,450,79.0
1,2,4,-2.5547685623168945,0.9111111111111111,random_normmatched,0.05706849274811921,0.03957458778663918,-0.0721665135136357,0.06056867175632053,0.013023102493010487,0.021754347449872306,0.019990949766660535,0.014501238156761413,0.1,0.9111111111111111,0.09259259259259259,450,79.0
1,2,4,-2.5547685623168945,0.9111111111111111,random,0.003894502145272714,0.004699424461082176,-0.007894388834635417,0.04238552517361111,9.219308614863548e-05,0.0013301759901895869,0.0008051971696722552,0.00014945161221756965,0.08148148148148149,0.9166666666666666,0.09259259259259259,450,80.0
1,2,4,-2.5547685623168945,0.9111111111111111,random_normmatched,0.015847700613516348,-0.01277358443648727,-0.019624738340024594,0.05359880129496256,0.004926029142632488,0.003163811889948502,0.006038315512929334,0.0057483562602501075,0.08148148148148149,0.9166666666666666,0.05555555555555555,450,80.0
1,2,4,-2.5547685623168945,0.9111111111111111,random,0.010316382514105903,0.009257846408420138,-0.008799687138310185,0.04780712127685547,0.0006612146376560827,0.003234128636457959,0.001000858755383388,0.0009074002070577654,0.08518518518518518,0.9166666666666666,0.1111111111111111,450,81.0
1,2,4,-2.5547685623168945,0.9111111111111111,random_normmatched,0.098374840065285,0.14820791173864295,-0.05340446189597801,0.0863910781012641,0.04731979146062881,0.028111155835554315,0.015352726568301424,0.04672552059346899,0.1111111111111111,0.9111111111111111,0.1111111111111111,450,81.0
1,2,4,-2.5547685623168945,0.9111111111111111,random,-0.004504613523130064,-0.005511531123408565,-0.013896066171151621,0.047049760818481445,-0.003879125874249019,-0.0024232739988604645,0.0015701007375269868,-0.004458661031320617,0.07407407407407407,0.9277777777777778,0.09259259259259259,450,82.0
1,2,4,-2.5547685623168945,0.9111111111111111,random_normmatched,-0.06272716522216797,-0.05801207930953414,-0.006261458220305266,0.07414187855190701,-0.022407562751406485,-0.02581168175126642,-0.0002522627234473036,-0.027975682101246818,0.07037037037037037,0.9333333333333333,0.09259259259259259,450,82.0
1,2,4,-2.5547685623168945,0.9111111111111111,random,0.013501301518192997,-0.01467203210901331,-0.032762400309244794,0.043776946597629124,0.001465140484189466,0.004306009436739555,0.005986289133546422,0.001413762206671279,0.08148148148148149,0.9166666666666666,0.09259259259259259,450,83.0
1,2,4,-2.5547685623168945,0.9111111111111111,random_normmatched,0.0913627271299009,0.021858356617115163,-0.16344184875488282,0.0620812733968099,0.019387078475716656,0.032255279280139104,0.05346075614244665,0.014688014652891422,0.1,0.9111111111111111,0.09259259259259259,450,83.0
1,2,4,-2.5547685623168945,0.9111111111111111,random,0.014195569356282552,-0.002504843252676505,-0.00592098942509404,0.042500909169514975,0.0018541276437366444,0.004921913758765509,0.001250982038119222,0.0012401813087565944,0.08148148148148149,0.9111111111111111,0.1111111111111111,450,84.0
1,2,4,-2.5547685623168945,0.9111111111111111,random_normmatched,0.09374451813874421,0.07893767180266203,-0.03510481516520182,0.08208015229966906,0.03930675442033514,0.04171952459738223,0.005396511217983493,0.03723719262603612,0.1111111111111111,0.9222222222222223,0.14814814814814814,450,84.0
1,2,4,-2.5547685623168945,0.9111111111111111,random,0.012017596209490741,0.005118546662507234,-0.014583079020182292,0.044543817308213975,0.0025442638738573074,0.004106391545672983,0.002910061451371625,0.002609349454009648,0.08148148148148149,0.9166666666666666,0.1111111111111111,450,85.0
1,2,4,-2.5547685623168945,0.9111111111111111,random_normmatched,0.03251716472484447,0.002765726160120081,-0.046256284360532404,0.060400899251302084,0.009045234465915238,0.01702941697655953,0.010398584206030986,0.010327621340444855,0.1037037037037037,0.9055555555555556,0.1111111111111111,450,85.0
1,2,4,-2.5547685623168945,0.9111111111111111,random,0.008782853020562066,0.012349729184751157,-0.019466400146484375,0.05868400467766656,0.001206211861944274,0.0006685016254841977,0.002018636027813278,0.0009515657688208281,0.06296296296296296,0.9444444444444444,0.05555555555555555,450,86.0
1,2,4,-2.5547685623168945,0.9111111111111111,random_normmatched,-0.07755335348623771,-0.061475400571469906,-0.07634064003273293,0.10052802827623156,0.030356795735688197,-0.051834212912643625,0.04689311786902645,0.02952138423516905,0.06296296296296296,0.9444444444444444,0.1111111111111111,450,86.0
1,2,4,-2.5547685623168945,0.9111111111111111,random,0.006466667740433305,-0.0191292232937283,-0.016047936898690683,0.04677431848314073,-0.0010470367870512815,0.002242194455657436,0.002814873795789993,-0.0011209609641828944,0.08518518518518518,0.9222222222222223,0.1111111111111111,450,87.0
1,2,4,-2.5547685623168945,0.9111111111111111,random_normmatched,-0.004790355541087963,0.015543690434208623,-0.06936167257803458,0.06927433013916015,-0.004219958161700608,-0.0023954242138421616,0.02118404201508841,-0.004432491874853693,0.06296296296296296,0.9277777777777778,0.07407407407407407,450,87.0
1,2,4,-2.5547685623168945,0.9111111111111111,random,0.0008434436939380787,-0.0035525427924262155,-0.012462601838288484,0.03922109603881836,-0.001938893014345828,0.0006200515690132578,0.002871171189492186,-0.0020534878074161436,0.08518518518518518,0.9111111111111111,0.09259259259259259,450,88.0
1,2,4,-2.5547685623168945,0.9111111111111111,random_normmatched,0.02705413677074291,0.035262849595811635,-0.06888823332609954,0.060233577092488604,0.01613445333562379,0.011594519214590981,0.020414490689200378,0.017147000571468833,0.08518518518518518,0.9166666666666666,0.1111111111111111,450,88.0
1,2,4,-2.5547685623168945,0.9111111111111111,random,0.018602159288194444,0.029427916915328416,-0.010358570240162037,0.045488590664333764,0.003015960137323906,0.00689979536084237,0.0006259215015228317,0.002582426455972968,0.08888888888888889,0.9166666666666666,0.1111111111111111,450,89.0
1,2,4,-2.5547685623168945,0.9111111111111111,random_normmatched,0.09695952380145037,0.09666167365180121,-0.035023215964988426,0.06627939012315538,0.023710974074193654,0.04312591840042602,0.0094310098042381,0.029140154287966666,0.1111111111111111,0.9055555555555556,0.1111111111111111,450,89.0
1,2,4,-2.5547685623168945,0.9111111111111111,random,0.02326566908094618,0.021898905436197918,-0.008248675311053241,0.040709866417778864,0.006105102293395323,0.007708803442391628,-0.0001280091052279615,0.006719661637808954,0.08518518518518518,0.9222222222222223,0.1111111111111111,450,90.0
1,2,4,-2.5547685623168945,0.9111111111111111,random_normmatched,0.13442022535536025,0.1187896728515625,0.01320601569281684,0.06360868877834744,0.050887930515596466,0.04542377007177782,-0.009174870220820681,0.05123678119184859,0.1,0.9277777777777778,0.09259259259259259,450,90.0
1,2,4,-2.5547685623168945,0.9111111111111111,random,-0.01124714038990162,-0.017804110491717304,-0.009662472760235822,0.04299446211920844,-0.0031823196211593747,-0.00339003640342175,0.000887441361632189,-0.004182826965866981,0.07777777777777778,0.9166666666666666,0.1111111111111111,450,91.0
1,2,4,-2.5547685623168945,0.9111111111111111,random_normmatched,-0.13354001928258824,-0.11965038158275464,-0.006644665753399884,0.06314051946004232,-0.042411472666822644,-0.03324057453862903,0.0027148427803143907,-0.04369513467928856,0.08148148148148149,0.9111111111111111,0.1111111111111111,450,91.0
1,2,4,-2.5547685623168945,0.9111111111111111,random,0.010365175317834924,-0.007188161214192708,-0.01281913474754051,0.037172518836127384,0.0012077957545083829,0.002801271587268752,0.0014319775035604606,0.0013511719041540298,0.08148148148148149,0.9166666666666666,0.1111111111111111,450,92.0
1,2,4,-2.5547685623168945,0.9111111111111111,random_normmatched,0.01784850932933666,-0.01245314986617477,-0.0462880946971752,0.06427720387776693,0.007014782918803638,-8.732804353983932e-05,0.010506268871457716,0.009988530625994679,0.07777777777777778,0.9222222222222223,0.05555555555555555,450,92.0
1,2,4,-2.5547685623168945,0.9111111111111111,random,0.002152767887821904,-0.017250484890407987,-0.009497013798466436,0.04522762828403049,-4.7353070954272e-05,0.00038085924793715274,0.0002918671100636038,3.6577688999662386e-07,0.08518518518518518,0.9166666666666666,0.1111111111111111,450,93.0
1,2,4,-2.5547685623168945,0.9111111111111111,random_normmatched,-0.0310903407909252,0.01233708416974103,-0.03681079723216869,0.05941289795769585,-0.012870281617221938,-0.012973809234785307,0.014443547605979401,-0.013656153775384282,0.07037037037037037,0.9277777777777778,0.09259259259259259,450,93.0
1,2,4,-2.5547685623168945,0.9111111111111111,random,-0.0047876993815104164,-0.014677683512369791,0.0034500545925564238,0.03971535364786784,-0.0014619184450973429,-0.0009256717222852872,-0.0006018144835824751,-0.0014489964496775217,0.08148148148148149,0.9222222222222223,0.1111111111111111,450,94.0
1,2,4,-2.5547685623168945,0.9111111111111111,random_normmatched,-0.03979554352936921,-0.08028701499656395,0.016039163094979745,0.0644858201344808,-0.011532625189681336,-0.008983495071685044,-0.027945520912730688,-0.008073922263959936,0.07037037037037037,0.9222222222222223,0.07407407407407407,450,94.0
1,2,4,-2.5547685623168945,0.9111111111111111,random,0.0045559706511320896,0.005030879267939815,-0.0214811678285952,0.03871704207526313,0.000523466675276316,0.0014064713045689476,0.004647460105348841,0.0005932901155745239,0.08518518518518518,0.9166666666666666,0.1111111111111111,450,95.0
1,2,4,-2.5547685623168945,0.9111111111111111,random_normmatched,0.01202948534930194,0.07659551832411024,-0.16807996961805555,0.06375755733913846,0.010979024741979574,0.006649314574086815,0.05607462068597294,0.01330661403016253,0.1,0.9111111111111111,0.16666666666666666,450,95.0
1,2,4,-2.5547685623168945,0.9111111111111111,random,-0.002915989911114728,-0.012449900309244791,-0.0036633385552300346,0.04096440739101834,-0.0006425824726087292,-0.0013786056234237223,0.0013490700519879467,-0.00034916164761259854,0.08888888888888889,0.9111111111111111,0.1111111111111111,450,96.0
1,2,4,-2.5547685623168945,0.9111111111111111,random_normmatched,-0.013449407506872107,0.00836979901349103,0.0031561957465277776,0.0711518817477756,-0.01179474569051212,-0.007269936337174744,-0.013346678289693173,-0.012807156970436327,0.08148148148148149,0.9166666666666666,0.07407407407407407,450,96.0
1,2,4,-2.5547685623168945,0.9111111111111111,random,-0.013190333048502605,-0.022399407845956308,0.0034625159369574654,0.044811556074354386,-0.0022548671423497884,-0.00586803255402456,-0.001238305696687068,-0.002014922601385788,0.07407407407407407,0.9166666666666666,0.09259259259259259,450,97.0
1,2,4,-2.5547685623168945,0.9111111111111111,random_normmatched,-0.09572469923231337,-0.12243553444191262,0.018780121979890048,0.0760228157043457,-0.04369060926384429,-0.03677353144425535,-0.007898492235172569,-0.037112518096468934,0.06296296296296296,0.9333333333333333,0.09259259259259259,450,97.0
1,2,4,-2.5547685623168945,0.9111111111111111,random,-0.0018210728963216146,-0.011595478764286748,-0.010651115134910301,0.041312678654988604,-0.0012692594384697176,-0.0010688995425415812,0.0022046749522162904,-0.001080707107733867,0.08148148148148149,0.9166666666666666,0.1111111111111111,450,98.0
1,2,4,-2.5547685623168945,0.9111111111111111,random_normmatched,-0.0608634595517759,-0.05088029084382234,-0.03496367843062789,0.05598804685804579,-0.025745085121909605,-0.023816448055444105,0.009170660747697422,-0.02248881437711225,0.07407407407407407,0.9222222222222223,0.07407407407407407,450,98.0
1,2,4,-2.5547685623168945,0.9111111111111111,random,0.00823547221996166,0.002269179732711227,-0.017678168967918115,0.04918773439195421,0.0006139525604627957,0.004523167038057174,0.00303573924677917,0.00015552755226803206,0.08518518518518518,0.9111111111111111,0.1111111111111111,450,99.0
1,2,4,-2.5547685623168945,0.9111111111111111,random_normmatched,0.060903054696542246,0.03686495180483217,-0.09114093074092158,0.07291219499376085,0.0020495381552088888,0.03466189546411317,0.030094168038829517,0.0024680660892592472,0.11481481481481481,0.9111111111111111,0.1111111111111111,450,99.0
1,2,4,-2.5547685623168945,0.9111111111111111,shuffled_labels,0.9438704879195602,0.8985787850839121,-0.5990289476182725,0.5122529877556695,0.31907219089152977,0.2970078333057089,0.17344396732638104,0.3226814572892618,0.26666666666666666,0.9388888888888889,0.2777777777777778,450,
