rank,split,fold,control,iia_cross,iia_same,pc_frac_median,pc_frac_mean,rev_frac_median,iia_cross_david,n_swaps,draw
1,0,0,das,0.9662698412698413,0.9809523809523809,1.0769574479342745,1.091436595707135,0.9678265211798304,0.9305555555555556,924,
1,0,1,das,0.9503968253968254,0.9785714285714285,1.0734655951601282,1.100294112466839,0.8778799516175282,0.9166666666666666,924,
1,0,2,das,0.9861111111111112,1.0,1.0111026212834688,1.0290203921756376,1.000433913686299,0.9722222222222222,924,
1,0,3,das,0.9900793650793651,1.0,1.0669536562795308,1.10639725267094,0.8984796756523699,0.9861111111111112,924,
1,0,4,das,1.0,0.9785714285714285,1.115576519079003,1.1704504655491665,0.8523320666384133,1.0,630,
1,1,0,das,0.9940476190476191,0.9952380952380953,1.1409508520956861,1.1811399727490484,0.9291471319156075,1.0,924,
1,1,1,das,0.9761904761904762,0.9452380952380952,1.1799457035963627,1.2331109272424856,1.2153026067338595,0.9861111111111112,924,
1,1,2,das,0.9325396825396826,1.0,0.918141210488236,0.9284414022734178,0.8620770787544707,0.8611111111111112,924,
1,1,3,das,1.0,1.0,1.0298923886793119,1.0548431652698962,0.9294943869057293,1.0,924,
1,1,4,das,0.9542857142857143,1.0,1.0891203448951856,1.0726703247650167,0.7224487569201717,0.96,630,
1,2,0,das,0.9464285714285714,1.0,1.0246238075191807,1.0077255288378035,0.6951802117166317,0.9305555555555556,924,
1,2,1,das,0.9801587301587301,0.95,1.1196059121713273,1.2119907629747273,1.0663525051157219,0.9722222222222222,924,
1,2,2,das,0.9861111111111112,1.0,0.9934386709595876,1.008717385868515,0.9906215460061458,0.9583333333333334,924,
1,2,3,das,0.9603174603174603,1.0,1.1095533597459841,1.0665034827587558,0.8644109586013438,0.9861111111111112,924,
1,2,4,das,0.9714285714285714,0.975,1.0560481038613183,1.0585197227011245,0.9944620371972459,1.0,630,
2,0,0,das,0.9722222222222222,0.9809523809523809,1.117534621909123,1.1346571149698774,0.9948117605605296,0.9583333333333334,924,
2,0,1,das,0.9563492063492064,0.9761904761904762,1.1016167233221754,1.1314506471950392,0.9275387375902844,0.9305555555555556,924,
2,0,2,das,0.9880952380952381,1.0,1.0436371939755273,1.0670542595763668,0.9571883072249923,0.9861111111111112,924,
2,0,3,das,0.9841269841269841,1.0,1.092846990571935,1.1244624871049445,0.9279473495779049,0.9861111111111112,924,
2,0,4,das,1.0,0.9785714285714285,1.1150246938300978,1.1661988661782559,0.8784802373088634,1.0,630,
2,1,0,das,0.9940476190476191,0.9928571428571429,1.1973720978655362,1.2342214265982503,0.9488908352116519,1.0,924,
2,1,1,das,0.9742063492063492,0.9523809523809523,1.1233018742348333,1.2003940345986526,1.1795660294031607,0.9861111111111112,924,
2,1,2,das,0.9503968253968254,1.0,0.9288983993179578,0.9322173472548315,0.8934685590115863,0.875,924,
2,1,3,das,0.998015873015873,1.0,1.0591323734628324,1.101021010663363,0.94502648117358,0.9861111111111112,924,
2,1,4,das,0.98,1.0,1.1221358395489747,1.1064372716285114,0.7363352622161256,0.98,630,
2,2,0,das,0.9444444444444444,1.0,1.0593434035716922,1.034054780157242,0.6999759240653831,0.9305555555555556,924,
2,2,1,das,0.9900793650793651,0.9571428571428572,1.1670645282335617,1.2512674350965765,1.1498456145282039,0.9861111111111112,924,
2,2,2,das,0.9861111111111112,1.0,0.9834928313088869,1.0214318691740207,0.971595256566714,0.9583333333333334,924,
2,2,3,das,0.9583333333333334,1.0,1.1139794544128376,1.074353821697906,0.845034673972624,0.9861111111111112,924,
2,2,4,das,0.9742857142857143,0.975,1.0848717033337878,1.0872746623048477,0.9720772510842909,1.0,630,
4,0,0,das,0.9801587301587301,0.9833333333333333,1.1022032262572738,1.124304372108643,1.0074386301017637,0.9861111111111112,924,
4,0,1,das,0.9503968253968254,0.9785714285714285,1.0741872019648433,1.1282499979803544,0.9203328958173356,0.9166666666666666,924,
4,0,2,das,0.9880952380952381,1.0,1.0603576839184006,1.080453421255434,1.0020289872846022,0.9722222222222222,924,
4,0,3,das,0.9880952380952381,1.0,1.1033233230618769,1.1263884177716759,0.9267451990415962,0.9861111111111112,924,
4,0,4,das,1.0,0.9785714285714285,1.1550795505887241,1.2111732800502546,0.9041239275004421,1.0,630,
4,1,0,das,0.9940476190476191,0.9976190476190476,1.1828391263830027,1.2110952720501464,0.9186221800129797,1.0,924,
4,1,1,das,0.9742063492063492,0.9428571428571428,1.20108493573772,1.2747706344171252,1.207139050400293,0.9861111111111112,924,
4,1,2,das,0.9523809523809523,1.0,0.9993656138259228,0.9907932961150111,0.8986271339796607,0.8888888888888888,924,
4,1,3,das,0.996031746031746,1.0,1.059035463969289,1.0858200305184447,0.922356136868774,0.9861111111111112,924,
4,1,4,das,0.98,1.0,1.1215481656063104,1.1015822227699303,0.7602987438952858,0.98,630,
4,2,0,das,0.9464285714285714,1.0,1.0151066893681429,1.003661679281163,0.7172165572577718,0.9305555555555556,924,
4,2,1,das,0.9861111111111112,0.95,1.1634336336465358,1.249839016598088,1.1940092065417156,0.9722222222222222,924,
4,2,2,das,0.9841269841269841,1.0,1.0115222899054253,1.0460170210685036,0.956532728487584,0.9305555555555556,924,
4,2,3,das,0.9821428571428571,1.0,1.133649606611765,1.1068851110637605,0.8443350099047762,0.9861111111111112,924,
4,2,4,das,0.9771428571428571,0.975,1.0892588222501436,1.0981155577335302,0.9900680929977541,1.0,630,
1,0,0,random,0.03571428571428571,0.9642857142857143,0.00037896358783854787,0.0020897405893738623,0.0006841987965948487,0.0,924,0.0
1,0,0,random_normmatched,0.047619047619047616,0.9571428571428572,0.013472131623407872,0.014650318732529389,0.018806686030205626,0.0,924,0.0
1,0,0,random,0.03571428571428571,0.9642857142857143,-0.0002770530295197617,-0.0001368917048538681,0.0007672893774808248,0.0,924,1.0
1,0,0,random_normmatched,0.037698412698412696,0.9642857142857143,0.003058304562680657,0.0016375544449279882,0.017916258434284144,0.0,924,1.0
1,0,0,random,0.03571428571428571,0.9642857142857143,-8.756638933437071e-06,-0.001155880873872814,-0.0006366644462177939,0.0,924,2.0
1,0,0,random_normmatched,0.03571428571428571,0.9642857142857143,0.0043002202105256425,-0.0016324668629685492,-0.0024855108361998713,0.0,924,2.0
1,0,0,random,0.03571428571428571,0.9642857142857143,0.006059381127332294,0.0062915800186993985,0.00012713592413264731,0.0,924,3.0
1,0,0,random_normmatched,0.03571428571428571,0.9642857142857143,0.06744705624531355,0.060653495644145884,-0.0019034090320376742,0.0,924,3.0
1,0,0,random,0.03571428571428571,0.9642857142857143,2.7079566120347808e-06,0.00031590193663536676,-7.405944908584115e-05,0.0,924,4.0
1,0,0,random_normmatched,0.03571428571428571,0.9642857142857143,-0.0015528310545738582,0.010982896387948964,0.008745259785280686,0.0,924,4.0
1,0,0,random,0.03571428571428571,0.9642857142857143,0.0026537917238267476,0.0042554887048442255,0.006867609677654688,0.0,924,5.0
1,0,0,random_normmatched,0.037698412698412696,0.9738095238095238,0.05668490459295979,0.05031396290871479,0.08457015488196404,0.0,924,5.0
1,0,0,random,0.03571428571428571,0.9642857142857143,0.00041318643957065793,6.050071991785481e-05,0.001270121397572307,0.0,924,6.0
1,0,0,random_normmatched,0.03571428571428571,0.9619047619047619,0.010241237315489645,0.010259957922435446,0.0162364135446972,0.0,924,6.0
1,0,0,random,0.03571428571428571,0.9642857142857143,-0.0006635469297216547,-0.0010650447773421338,-0.00042638721081544433,0.0,924,7.0
1,0,0,random_normmatched,0.03968253968253968,0.9571428571428572,0.01037750514512004,0.016857068489873388,0.002673879655634869,0.0,924,7.0
1,0,0,random,0.03571428571428571,0.9642857142857143,-0.0003245825330682691,9.98067765121651e-05,0.0012853935090849542,0.0,924,8.0
1,0,0,random_normmatched,0.03571428571428571,0.9642857142857143,0.0029832267815339086,0.014530027960607435,0.015064349081913245,0.0,924,8.0
1,0,0,random,0.03571428571428571,0.9642857142857143,-0.0008286258037664195,-0.002241170266823443,0.00048800205824229404,0.0,924,9.0
1,0,0,random_normmatched,0.037698412698412696,0.9619047619047619,-0.0009222718997567284,0.0004965806550208868,-0.0026489108862941656,0.0,924,9.0
1,0,0,random,0.03571428571428571,0.9642857142857143,0.001700695669497759,0.0012485985486035331,0.002793529197315795,0.0,924,10.0
1,0,0,random_normmatched,0.04563492063492063,0.9642857142857143,0.03619201980663078,0.025922191232266602,0.04313961558560998,0.0,924,10.0
1,0,0,random,0.03571428571428571,0.9642857142857143,-0.00029287898711174304,-0.0003463639716777329,8.681215798873602e-05,0.0,924,11.0
1,0,0,random_normmatched,0.04365079365079365,0.9595238095238096,0.013667813020030948,0.013729888913739044,0.011169697041995563,0.0,924,11.0
1,0,0,random,0.03571428571428571,0.9642857142857143,-0.001211615152987873,-0.0016339981658066588,0.0003488181781038669,0.0,924,12.0
1,0,0,random_normmatched,0.03571428571428571,0.9642857142857143,-0.010837074976020787,-0.008515723875635154,0.02148597609838717,0.0,924,12.0
1,0,0,random,0.03571428571428571,0.9642857142857143,-0.00044555861061732545,-4.081713159646783e-05,-0.000434142841217748,0.0,924,13.0
1,0,0,random_normmatched,0.037698412698412696,0.9547619047619048,-0.0009451460790003328,0.004486856692844678,-0.024290653460507287,0.0,924,13.0
1,0,0,random,0.03571428571428571,0.9642857142857143,-0.0005650346533904387,-0.00027276134776947554,0.0007674330503684649,0.0,924,14.0
1,0,0,random_normmatched,0.03571428571428571,0.9642857142857143,-0.02164884113330981,-0.008776904066231314,0.011203535028368546,0.0,924,14.0
1,0,0,random,0.03571428571428571,0.9642857142857143,-0.001625719748299292,-0.002408870137425979,0.0004961484419163242,0.0,924,15.0
1,0,0,random_normmatched,0.031746031746031744,0.9642857142857143,-0.011076901897670507,-0.016355922730395697,0.007736681394347184,0.0,924,15.0
1,0,0,random,0.03571428571428571,0.9642857142857143,-0.0004987282505739473,-0.000595214848122461,-0.001362131551939438,0.0,924,16.0
1,0,0,random_normmatched,0.037698412698412696,0.9523809523809523,-0.0038517564919098943,0.004759205238574587,-0.01607926839858178,0.0,924,16.0
1,0,0,random,0.03571428571428571,0.9642857142857143,-0.0009554320750825513,-0.0014949982868563219,0.0001885044382170424,0.0,924,17.0
1,0,0,random_normmatched,0.04365079365079365,0.9595238095238096,0.004237803346607032,0.007677581725748679,-0.0076241647912693765,0.0,924,17.0
1,0,0,random,0.03571428571428571,0.9642857142857143,-0.0017490797721436174,-0.0032303316766392216,0.0011191882319703354,0.0,924,18.0
1,0,0,random_normmatched,0.023809523809523808,0.9738095238095238,-0.008433587058577434,-0.010128903373073237,0.004220347323200152,0.0,924,18.0
1,0,0,random,0.03571428571428571,0.9642857142857143,-0.00022461167156967836,-0.0010084232876897419,0.0002860106622851721,0.0,924,19.0
1,0,0,random_normmatched,0.04365079365079365,0.9547619047619048,0.002793164647215212,0.000561911580326173,0.013045296935651152,0.0,924,19.0
1,0,0,random,0.03571428571428571,0.9642857142857143,-0.00031825767191446223,-0.0005123379857364762,-0.0002706440247191745,0.0,924,20.0
1,0,0,random_normmatched,0.037698412698412696,0.9571428571428572,-0.0005101845161494408,0.0037452278629959033,0.0014348617270999804,0.0,924,20.0
1,0,0,random,0.03571428571428571,0.9642857142857143,-0.002871151282916805,-0.00395066564492732,-0.00031393346685389454,0.0,924,21.0
1,0,0,random_normmatched,0.03968253968253968,0.9523809523809523,-0.02391925160324553,-0.015856759915302165,-0.0002554903923030566,0.0,924,21.0
1,0,0,random,0.03571428571428571,0.9642857142857143,-0.000256691656054601,-0.0004865512619416328,0.0005923738984887827,0.0,924,22.0
1,0,0,random_normmatched,0.03968253968253968,0.9619047619047619,0.01023327090685239,0.004128629877589297,-0.0008373946302810461,0.0,924,22.0
1,0,0,random,0.03571428571428571,0.9642857142857143,-0.0005081276752557375,-0.0008465412969890387,0.0003340988799051856,0.0,924,23.0
1,0,0,random_normmatched,0.04563492063492063,0.9595238095238096,0.026625797164939645,0.01776179157944797,0.015768319925156864,0.0,924,23.0
1,0,0,random,0.03571428571428571,0.9642857142857143,-0.00030383449114264327,0.0004893965303445636,-2.4324868173723517e-05,0.0,924,24.0
1,0,0,random_normmatched,0.04563492063492063,0.9595238095238096,0.01297232233351102,0.000932641889038805,0.007092862637238745,0.0,924,24.0
1,0,0,random,0.03571428571428571,0.9642857142857143,-0.0004995877545955292,-0.0017527880235854384,-0.00018438894936067694,0.0,924,25.0
1,0,0,random_normmatched,0.03571428571428571,0.9642857142857143,0.007901143882342742,0.006519820762287994,0.006950515471877673,0.0,924,25.0
1,0,0,random,0.03571428571428571,0.9642857142857143,-0.0012375106233991177,-0.001558636547138935,0.0006321114316831943,0.0,924,26.0
1,0,0,random_normmatched,0.03571428571428571,0.9619047619047619,-0.01839570320007196,-0.01973819692938102,0.009850078005279737,0.0,924,26.0
1,0,0,random,0.03571428571428571,0.9642857142857143,-0.0011096187780782257,-0.0012881567456618833,0.00032665076464942483,0.0,924,27.0
1,0,0,random_normmatched,0.041666666666666664,0.9595238095238096,0.009013366481473672,0.0045559990488944465,0.006134839353003718,0.0,924,27.0
1,0,0,random,0.03571428571428571,0.9642857142857143,-0.0003434589958080914,-0.0007621138488844814,0.0005828467126872098,0.0,924,28.0
1,0,0,random_normmatched,0.03571428571428571,0.9642857142857143,0.005305817806058214,0.006318810144437961,0.01351349349675992,0.0,924,28.0
1,0,0,random,0.03571428571428571,0.9642857142857143,-0.0008002281628600506,-0.0015482963806252572,0.0005477520077747452,0.0,924,29.0
1,0,0,random_normmatched,0.03968253968253968,0.9523809523809523,-0.01737606002235211,-0.010307321093433349,0.0023135955088468317,0.0,924,29.0
1,0,0,random,0.03571428571428571,0.9642857142857143,0.0013472968272332333,0.0017150150659545132,0.00048768681085566373,0.0,924,30.0
1,0,0,random_normmatched,0.03571428571428571,0.9642857142857143,0.036696002695534344,0.029223460886361657,0.008260731794322776,0.0,924,30.0
1,0,0,random,0.03571428571428571,0.9571428571428572,-0.00016810477088320696,0.0010791041683800978,0.0003987045618538158,0.0,924,31.0
1,0,0,random_normmatched,0.041666666666666664,0.9523809523809523,0.01483124287864296,0.0227933757614036,0.006667624788734214,0.0,924,31.0
1,0,0,random,0.03571428571428571,0.9619047619047619,0.000552835224738118,0.0013791690957907824,0.0001802973740204942,0.0,924,32.0
1,0,0,random_normmatched,0.04563492063492063,0.9571428571428572,0.029695323587039697,0.02523655114391312,0.04051227216621332,0.0,924,32.0
1,0,0,random,0.03968253968253968,0.9619047619047619,-7.5990654343244115e-06,-0.0008956172570877999,0.00042430956025230136,0.0,924,33.0
1,0,0,random_normmatched,0.03571428571428571,0.9642857142857143,0.0012510209784771394,0.002061576339056773,0.0035410050348010113,0.0,924,33.0
1,0,0,random,0.03571428571428571,0.9642857142857143,-0.00030097135150310497,-0.0006267325478482242,-0.0002986694657194994,0.0,924,34.0
1,0,0,random_normmatched,0.03968253968253968,0.9595238095238096,0.011319800081341104,0.012695656046072845,0.005180494906538864,0.0,924,34.0
1,0,0,random,0.03571428571428571,0.9642857142857143,-0.0018019619161341975,-0.00222662413979753,-0.0008330199108234539,0.0,924,35.0
1,0,0,random_normmatched,0.03968253968253968,0.9571428571428572,-0.018968681957840558,0.0017616185392514195,-0.00806305630348041,0.0,924,35.0
1,0,0,random,0.03571428571428571,0.9642857142857143,0.0006480529499512664,0.0015874037052663868,0.002550426268848352,0.0,924,36.0
1,0,0,random_normmatched,0.04563492063492063,0.9595238095238096,0.028283019013928778,0.030171583303383657,0.043453765382927355,0.0,924,36.0
1,0,0,random,0.03571428571428571,0.9642857142857143,0.00011951389702981307,-0.0018862923830225914,0.0007324052052172157,0.0,924,37.0
1,0,0,random_normmatched,0.041666666666666664,0.9642857142857143,0.002900627530149308,0.002081019313564956,0.00496720825452983,0.0,924,37.0
1,0,0,random,0.03571428571428571,0.9642857142857143,0.000543048058288973,-0.0003767980902535117,0.0010369928975065706,0.0,924,38.0
1,0,0,random_normmatched,0.037698412698412696,0.9642857142857143,0.016827890668443958,0.01354409218312828,0.030857346716446618,0.0,924,38.0
1,0,0,random,0.03571428571428571,0.9642857142857143,-0.0002396416525601634,-0.00048436779655182583,0.00023947983628242955,0.0,924,39.0
1,0,0,random_normmatched,0.04563492063492063,0.9547619047619048,0.01929834652707923,0.020650566557824518,0.00875098541503052,0.0,924,39.0
1,0,0,random,0.03571428571428571,0.9642857142857143,-0.00021409023645004957,-0.0010416148642387064,0.00043274830402666793,0.0,924,40.0
1,0,0,random_normmatched,0.037698412698412696,0.9619047619047619,0.012189524779877189,0.014754809132591824,0.010369650459659045,0.0,924,40.0
1,0,0,random,0.03571428571428571,0.9642857142857143,-0.00016030191318214303,-0.0001286708142094937,0.00011295354404095595,0.0,924,41.0
1,0,0,random_normmatched,0.037698412698412696,0.9619047619047619,-0.006246434193800734,-0.0007552944710596094,0.020286592270104552,0.0,924,41.0
1,0,0,random,0.03571428571428571,0.9642857142857143,-0.0017199738335961158,-0.0016448754282415291,0.0017203120511230549,0.0,924,42.0
1,0,0,random_normmatched,0.037698412698412696,0.9595238095238096,-0.004893280886998849,-0.0028359895328191574,0.03024260805095369,0.0,924,42.0
1,0,0,random,0.03571428571428571,0.9642857142857143,-0.0005501468026597666,-0.00014877049672754316,0.0002417332578280637,0.0,924,43.0
1,0,0,random_normmatched,0.037698412698412696,0.9595238095238096,0.014974820587857481,0.012651239574798306,0.013385540492213516,0.0,924,43.0
1,0,0,random,0.03571428571428571,0.9642857142857143,0.0009075166590924277,0.0010492436272169531,-0.00028952204786025727,0.0,924,44.0
1,0,0,random_normmatched,0.037698412698412696,0.9595238095238096,0.011518203511908473,0.012359511198689305,-8.843904978399694e-05,0.0,924,44.0
1,0,0,random,0.03571428571428571,0.9642857142857143,0.0002031600598935906,-8.94273023710132e-06,0.00023671227527978324,0.0,924,45.0
1,0,0,random_normmatched,0.037698412698412696,0.9642857142857143,0.010223977073981913,0.008077038810844653,0.00894088238986491,0.0,924,45.0
1,0,0,random,0.03571428571428571,0.9642857142857143,0.0005483075061560727,0.0006145003697274426,4.1867433969967916e-05,0.0,924,46.0
1,0,0,random_normmatched,0.03968253968253968,0.9619047619047619,0.016015378986932588,0.020711030685358206,0.0008815023239554837,0.0,924,46.0
1,0,0,random,0.03968253968253968,0.9642857142857143,0.002306860735481672,0.004178385979086531,0.002100351152976641,0.0,924,47.0
1,0,0,random_normmatched,0.047619047619047616,0.9547619047619048,0.04530594891067655,0.043099824354746595,0.03736400658830506,0.0,924,47.0
1,0,0,random,0.03571428571428571,0.9642857142857143,-0.0028870353895653084,-0.003502469220438314,0.00037176943328058815,0.0,924,48.0
1,0,0,random_normmatched,0.03373015873015873,0.9619047619047619,-0.025018076538978626,-0.023230914665077845,0.003246301686727395,0.0,924,48.0
1,0,0,random,0.03571428571428571,0.9642857142857143,0.00015935283546855586,0.0010266491825314881,0.0008992399859799746,0.0,924,49.0
1,0,0,random_normmatched,0.04563492063492063,0.9571428571428572,0.026026793262229397,0.02795508269333076,0.02909464973273597,0.0,924,49.0
1,0,0,random,0.03571428571428571,0.9642857142857143,0.001247017519977846,0.0025739781761617464,0.0024069268931944648,0.0,924,50.0
1,0,0,random_normmatched,0.03968253968253968,0.969047619047619,0.025297995007996156,0.026551879504401587,0.03401219508143323,0.0,924,50.0
1,0,0,random,0.03571428571428571,0.9642857142857143,-0.0007003118600987454,-0.0014502263369554382,0.0002153388104618785,0.0,924,51.0
1,0,0,random_normmatched,0.03571428571428571,0.9595238095238096,-0.0022189440410441885,-0.004741111842189578,0.009535126913325262,0.0,924,51.0
1,0,0,random,0.03571428571428571,0.9642857142857143,-0.00014822767254363451,1.3103648885514578e-05,0.0003832001053430448,0.0,924,52.0
1,0,0,random_normmatched,0.03571428571428571,0.9642857142857143,0.014362525665942733,0.022343484953419413,0.012076503952380777,0.0,924,52.0
1,0,0,random,0.03571428571428571,0.9642857142857143,-0.0009148325873102989,-0.0004655616039259471,0.0006926160219805858,0.0,924,53.0
1,0,0,random_normmatched,0.03571428571428571,0.9619047619047619,-0.002592989870840078,-0.005161752140717965,0.012337689617071056,0.0,924,53.0
1,0,0,random,0.03571428571428571,0.9642857142857143,0.00012534570336311283,0.00010702938213345572,0.0012712899505739695,0.0,924,54.0
1,0,0,random_normmatched,0.03968253968253968,0.9595238095238096,0.0016570677089143078,0.0016674416831517862,0.05780033638766216,0.0,924,54.0
1,0,0,random,0.03571428571428571,0.9642857142857143,-0.00033011765092739705,-3.632969232089161e-05,0.0004446472442386941,0.0,924,55.0
1,0,0,random_normmatched,0.037698412698412696,0.9619047619047619,0.004490959706592376,-0.00029407597658961243,0.007113413333380132,0.0,924,55.0
1,0,0,random,0.03571428571428571,0.9642857142857143,0.00020392781323352876,0.0012264229010218418,0.0006854449435682909,0.0,924,56.0
1,0,0,random_normmatched,0.04365079365079365,0.9547619047619048,0.02190169072474795,0.012897250493073173,0.010915589084499409,0.0,924,56.0
1,0,0,random,0.03571428571428571,0.9642857142857143,0.0002492212965369133,0.0007360211823750893,-0.0003107602938680808,0.0,924,57.0
1,0,0,random_normmatched,0.041666666666666664,0.9619047619047619,0.01755647875705058,0.02299182246884164,-0.0029353162439029793,0.0,924,57.0
1,0,0,random,0.03571428571428571,0.9642857142857143,0.0002490631167651155,0.0004698878329925424,0.001160475545950408,0.0,924,58.0
1,0,0,random_normmatched,0.041666666666666664,0.9547619047619048,0.016220992396934107,0.01618941347475444,0.011804673711532113,0.0,924,58.0
1,0,0,random,0.03571428571428571,0.9642857142857143,0.002466552717636378,0.00410823651507588,0.0034443592531812404,0.0,924,59.0
1,0,0,random_normmatched,0.03968253968253968,0.9619047619047619,0.0569730036129117,0.04616959302315481,0.05719654156974227,0.0,924,59.0
1,0,0,random,0.03571428571428571,0.9642857142857143,-0.0007075338120016454,-0.0008191383700746595,0.0007870088808713323,0.0,924,60.0
1,0,0,random_normmatched,0.037698412698412696,0.9619047619047619,-0.0020124343135826794,0.002948953348870194,0.012777824374976043,0.0,924,60.0
1,0,0,random,0.03571428571428571,0.9642857142857143,-0.0003785121909572749,-0.0011435864401650488,0.0011259935193984791,0.0,924,61.0
1,0,0,random_normmatched,0.03968253968253968,0.9595238095238096,0.0037579784179216495,-0.004360826280300247,0.07430517314542011,0.0,924,61.0
1,0,0,random,0.03571428571428571,0.9642857142857143,-0.00016423106632512674,0.0013164990454310587,-8.9457734614356e-06,0.0,924,62.0
1,0,0,random_normmatched,0.03571428571428571,0.9642857142857143,0.0166855905137235,0.020324043296607124,-0.0011914819145579145,0.0,924,62.0
1,0,0,random,0.03571428571428571,0.9642857142857143,-0.00046417750092552873,-0.0013694150352967995,0.0005048062628080587,0.0,924,63.0
1,0,0,random_normmatched,0.03571428571428571,0.9642857142857143,0.011438716207206304,0.008914914908918192,0.0086352807438515,0.0,924,63.0
1,0,0,random,0.03571428571428571,0.9642857142857143,-0.0014353078560918428,-0.0014652797514085273,-0.00035193357484177744,0.0,924,64.0
1,0,0,random_normmatched,0.03571428571428571,0.9642857142857143,-0.021793788902755025,-0.013670268716654325,0.009112805309375551,0.0,924,64.0
1,0,0,random,0.03571428571428571,0.9642857142857143,-0.0006534587951543542,-0.0010198477622000446,0.00045086052740653346,0.0,924,65.0
1,0,0,random_normmatched,0.03571428571428571,0.9619047619047619,0.014030314456893431,0.007118818205783754,0.018911681947114886,0.0,924,65.0
1,0,0,random,0.03571428571428571,0.9642857142857143,-0.00031473653660118756,-0.0005532930557891001,0.0013566629866203152,0.0,924,66.0
1,0,0,random_normmatched,0.037698412698412696,0.9595238095238096,0.008873219257907038,0.017601736069684053,0.010445024846456416,0.0,924,66.0
1,0,0,random,0.03571428571428571,0.9642857142857143,-0.0001729426332960379,-0.0016513548562703945,0.0006298225963629363,0.0,924,67.0
1,0,0,random_normmatched,0.03571428571428571,0.9619047619047619,0.006803481698487816,-0.0002178637713875806,-0.01485636363209301,0.0,924,67.0
1,0,0,random,0.03571428571428571,0.9642857142857143,0.0015832779561614921,0.002762177441614011,0.0019628451477491,0.0,924,68.0
1,0,0,random_normmatched,0.03571428571428571,0.9642857142857143,0.02334899591880995,0.028791421860889226,0.022706362249139675,0.0,924,68.0
1,0,0,random,0.03571428571428571,0.9642857142857143,-0.0008820690804475693,-0.0011887706330404723,0.002178995706991288,0.0,924,69.0
1,0,0,random_normmatched,0.037698412698412696,0.9642857142857143,-0.00812512328901513,-0.012767285694972645,0.03746040251489265,0.0,924,69.0
1,0,0,random,0.03571428571428571,0.9642857142857143,-0.0008444497007147383,-0.0007092231586689909,-0.0007091196331436541,0.0,924,70.0
1,0,0,random_normmatched,0.03968253968253968,0.9619047619047619,0.011255769356271636,0.00876087525520719,-0.009136706296326787,0.0,924,70.0
1,0,0,random,0.03571428571428571,0.9642857142857143,-0.0012309456429492119,-0.002015018409758352,7.02761477108308e-05,0.0,924,71.0
1,0,0,random_normmatched,0.03968253968253968,0.9619047619047619,0.003241840755881132,0.0033315705389609083,0.011465662528860636,0.0,924,71.0
1,0,0,random,0.03571428571428571,0.9642857142857143,0.001164821533662695,0.001303198443041986,0.0013460396330087438,0.0,924,72.0
1,0,0,random_normmatched,0.03571428571428571,0.9666666666666667,0.019009179117037152,0.020053514664666924,0.01877689241519274,0.0,924,72.0
1,0,0,random,0.03968253968253968,0.9642857142857143,0.0012526883512324677,0.0024717549423674268,0.0009577599780758595,0.0,924,73.0
1,0,0,random_normmatched,0.047619047619047616,0.9547619047619048,0.035657672710672036,0.03200542138288395,0.025955886367816237,0.0,924,73.0
1,0,0,random,0.03571428571428571,0.9642857142857143,-0.0003918086732190133,-0.0005895182022380509,0.0008921831740366377,0.0,924,74.0
1,0,0,random_normmatched,0.041666666666666664,0.9619047619047619,0.02245139790601559,0.019070434136644943,0.022449386650429698,0.0,924,74.0
1,0,0,random,0.03571428571428571,0.9619047619047619,0.0020982338469558996,0.0028576031330331026,0.0023183343829724966,0.0,924,75.0
1,0,0,random_normmatched,0.03571428571428571,0.9642857142857143,0.032455563200563295,0.029748227577338093,0.048943906078194134,0.0,924,75.0
1,0,0,random,0.03571428571428571,0.9642857142857143,-0.0011755973307392782,-0.0005001401030158122,0.00014630384874767536,0.0,924,76.0
1,0,0,random_normmatched,0.03571428571428571,0.9619047619047619,-0.007843292266904129,-0.011356588593818684,0.0031461548292729116,0.0,924,76.0
1,0,0,random,0.03571428571428571,0.9642857142857143,-0.00029904454618878576,-0.00024622808945962425,6.746659651543418e-05,0.0,924,77.0
1,0,0,random_normmatched,0.041666666666666664,0.9595238095238096,-0.0024541960240419976,0.0025532659810103306,0.01899870490386678,0.0,924,77.0
1,0,0,random,0.03571428571428571,0.9642857142857143,0.0025578978314801655,0.0032436134820108043,0.003704457664533786,0.0,924,78.0
1,0,0,random_normmatched,0.04563492063492063,0.9738095238095238,0.0952001986547042,0.0829440453296706,0.06814564515301329,0.0,924,78.0
1,0,0,random,0.03571428571428571,0.9642857142857143,-0.0008968848866748576,-0.000916638026873013,0.0011614646427642438,0.0,924,79.0
1,0,0,random_normmatched,0.03571428571428571,0.9642857142857143,-0.012026760006866876,0.0034577074066036947,0.014803680652020071,0.0,924,79.0
1,0,0,random,0.03968253968253968,0.9642857142857143,0.0005084192229144381,0.0016841980323901308,-0.0005213852545143374,0.0,924,80.0
1,0,0,random_normmatched,0.047619047619047616,0.9523809523809523,0.021334231535354,0.022314487787161785,0.006049147304699114,0.0,924,80.0
1,0,0,random,0.03571428571428571,0.9642857142857143,-0.000523406778180454,-0.0020159708896637795,0.00046128622757867296,0.0,924,81.0
1,0,0,random_normmatched,0.037698412698412696,0.9642857142857143,0.0033032780282355517,-0.005625141630603312,0.012169355247724842,0.0,924,81.0
1,0,0,random,0.037698412698412696,0.9642857142857143,-0.0007436757895277525,0.000249035534500709,0.00239289067567339,0.0,924,82.0
1,0,0,random_normmatched,0.04563492063492063,0.9642857142857143,0.021525483729319044,0.0203143242923129,0.03132554597057154,0.0,924,82.0
1,0,0,random,0.03571428571428571,0.9642857142857143,-0.00016913516752255296,-0.0005291773571876027,0.0004538383059609983,0.0,924,83.0
1,0,0,random_normmatched,0.03571428571428571,0.9642857142857143,-0.005380087866729895,0.0018919757697719907,0.003644844781373175,0.0,924,83.0
1,0,0,random,0.03571428571428571,0.9642857142857143,0.00027934971198736026,0.00011030681250911736,0.000758484490383431,0.0,924,84.0
1,0,0,random_normmatched,0.03571428571428571,0.9642857142857143,0.014672137090422983,0.011980596547890186,0.01090946173810446,0.0,924,84.0
1,0,0,random,0.03571428571428571,0.9642857142857143,-0.00021301653081809684,0.0014513408903698295,-0.0001588367479913093,0.0,924,85.0
1,0,0,random_normmatched,0.04563492063492063,0.9595238095238096,0.016227630320316613,0.012079190610870304,0.012523017694017848,0.0,924,85.0
1,0,0,random,0.03571428571428571,0.9619047619047619,-0.0007704109414373226,-0.0005518533593516256,0.00020411686609826378,0.0,924,86.0
1,0,0,random_normmatched,0.04563492063492063,0.9523809523809523,-0.00349489348486858,0.0006881003338397734,0.022491495001406327,0.0,924,86.0
1,0,0,random,0.03571428571428571,0.9642857142857143,0.0018679207867495747,0.002022248205900756,0.0005337045377686426,0.0,924,87.0
1,0,0,random_normmatched,0.037698412698412696,0.9642857142857143,0.04185111548500925,0.04223245337097139,-0.0009573473483575289,0.0,924,87.0
1,0,0,random,0.03571428571428571,0.9642857142857143,0.0004210492562521976,6.972726100008133e-05,-0.00016256033026502671,0.0,924,88.0
1,0,0,random_normmatched,0.03968253968253968,0.9619047619047619,0.006383747231628922,0.0034528322837153805,0.0013593194151650014,0.0,924,88.0
1,0,0,random,0.041666666666666664,0.9595238095238096,-0.0001319401903758372,0.001060076195605378,0.0033219164436857473,0.0,924,89.0
1,0,0,random_normmatched,0.047619047619047616,0.9547619047619048,0.012742052132399918,0.005687691606307433,0.04230976826152763,0.0,924,89.0
1,0,0,random,0.03571428571428571,0.9642857142857143,0.00012169255925286255,0.0004135932548833059,0.0002831962818033786,0.0,924,90.0
1,0,0,random_normmatched,0.03571428571428571,0.9642857142857143,0.030821610608792675,0.02866052173005112,0.007125771205562289,0.0,924,90.0
1,0,0,random,0.03571428571428571,0.9642857142857143,0.00038208979889967103,0.001268962657668523,0.0006213153174965326,0.0,924,91.0
1,0,0,random_normmatched,0.03571428571428571,0.9642857142857143,0.012985062368653877,0.013027306360758318,0.01948825724749904,0.0,924,91.0
1,0,0,random,0.03571428571428571,0.9619047619047619,0.00030674635673397937,-0.00036802294889425144,0.0007423999859580678,0.0,924,92.0
1,0,0,random_normmatched,0.041666666666666664,0.9595238095238096,0.03432511751588859,0.013494165199169473,0.016128830388724976,0.0,924,92.0
1,0,0,random,0.03571428571428571,0.9642857142857143,-0.0005342842919053578,-0.00034491433004983245,-0.0012807107838659036,0.0,924,93.0
1,0,0,random_normmatched,0.02976190476190476,0.9619047619047619,0.019291198456325084,0.015086249938828166,-0.0025388356744257025,0.0,924,93.0
1,0,0,random,0.03571428571428571,0.9642857142857143,0.0006039005416904636,0.0008739234915684202,0.0005666367064798013,0.0,924,94.0
1,0,0,random_normmatched,0.041666666666666664,0.9595238095238096,0.004561684830326575,0.004953345907140549,0.013416636910821015,0.0,924,94.0
1,0,0,random,0.03571428571428571,0.9642857142857143,0.00011426693735168693,-0.00097760803872653,-0.00038607490985262676,0.0,924,95.0
1,0,0,random_normmatched,0.03571428571428571,0.9642857142857143,0.009529020821175913,-0.0002329227359283593,-0.024363361794318653,0.0,924,95.0
1,0,0,random,0.03571428571428571,0.9642857142857143,0.0007243581379629545,0.0009688191330879936,0.0002166732380826475,0.0,924,96.0
1,0,0,random_normmatched,0.03571428571428571,0.9642857142857143,0.01421535917871224,0.014270787398231436,0.007295300240738515,0.0,924,96.0
1,0,0,random,0.03571428571428571,0.9642857142857143,-0.00184454609504238,-0.002139420696944435,-0.0012682070374097228,0.0,924,97.0
1,0,0,random_normmatched,0.037698412698412696,0.9595238095238096,0.00453542581995702,0.010006807444703811,-0.010686767330411684,0.0,924,97.0
1,0,0,random,0.03571428571428571,0.9642857142857143,-0.0019680877645951306,-0.0024437123013213435,0.00036713869708829847,0.0,924,98.0
1,0,0,random_normmatched,0.03571428571428571,0.9619047619047619,-0.01574794198049629,-0.014921954213641193,0.002921981113871505,0.0,924,98.0
1,0,0,random,0.03571428571428571,0.9642857142857143,-0.001417211242972001,-0.002096972694873736,0.001233207055381985,0.0,924,99.0
1,0,0,random_normmatched,0.03571428571428571,0.9642857142857143,-0.026770875762782628,-0.01380350600090739,0.01628892176992,0.0,924,99.0
1,0,0,shuffled_labels,0.13690476190476192,0.9761904761904762,0.25837504193154875,0.2712691607742491,0.23283295568225532,0.1527777777777778,924,
1,0,1,random,0.013888888888888888,0.9833333333333333,0.0030037268692618664,0.00467855027942596,-3.4267906610579425e-05,0.0,924,0.0
1,0,1,random_normmatched,0.0,0.9976190476190476,0.027479575655219184,0.026292310931283577,0.004473034992048099,0.0,924,0.0
1,0,1,random,0.017857142857142856,0.9833333333333333,0.0006151457764226564,0.001150826683012675,-0.002695271897477985,0.0,924,1.0
1,0,1,random_normmatched,0.00992063492063492,0.9880952380952381,0.014644460125698464,0.008866368740483284,-0.008612764974137772,0.0,924,1.0
1,0,1,random,0.017857142857142856,0.9761904761904762,-8.355327323432745e-05,-0.0024920780919060375,-0.00038015524654015783,0.0,924,2.0
1,0,1,random_normmatched,0.003968253968253968,0.9857142857142858,0.01956653295273745,0.023291447989986808,-0.0040210649617251765,0.0,924,2.0
1,0,1,random,0.01984126984126984,0.9785714285714285,0.0008255421819600363,-0.0006943982551122285,0.0023020170345557913,0.0,924,3.0
1,0,1,random_normmatched,0.017857142857142856,0.9904761904761905,0.024874609002210717,0.026294912535448196,0.042214002077554276,0.0,924,3.0
1,0,1,random,0.017857142857142856,0.9833333333333333,0.0011095833526513436,0.0004524828245488334,-0.00036720170887898936,0.0,924,4.0
1,0,1,random_normmatched,0.013888888888888888,0.9904761904761905,0.015212031608712876,0.01184521383520582,0.00032432929508356565,0.0,924,4.0
1,0,1,random,0.015873015873015872,0.9857142857142858,-0.00034444114070327576,-0.0011835699257717628,-0.0004475943362201825,0.0,924,5.0
1,0,1,random_normmatched,0.007936507936507936,0.9904761904761905,0.01324199265843094,0.0046912088955653845,0.024573738831640157,0.0,924,5.0
1,0,1,random,0.015873015873015872,0.9761904761904762,0.0008785444692434865,-0.00013885911535165753,-0.0014700859213229189,0.0,924,6.0
1,0,1,random_normmatched,0.005952380952380952,0.9904761904761905,0.012235311636289332,0.0127526673149598,0.0018204656013246364,0.0,924,6.0
1,0,1,random,0.013888888888888888,0.9809523809523809,0.00042599808183472836,0.0006152103070370435,-0.0016691580114942726,0.0,924,7.0
1,0,1,random_normmatched,0.007936507936507936,0.9952380952380953,0.009084863013784698,0.01433442582757103,0.004869010563918353,0.0,924,7.0
1,0,1,random,0.017857142857142856,0.9809523809523809,3.740174623188711e-05,0.0001593273174593253,-0.0007061145454797454,0.0,924,8.0
1,0,1,random_normmatched,0.005952380952380952,0.9928571428571429,0.013198740065606635,0.013375762324152473,0.0034510683789863517,0.0,924,8.0
1,0,1,random,0.023809523809523808,0.9857142857142858,0.0001852658352800965,0.00012115045704239135,-0.0012248655413949195,0.0,924,9.0
1,0,1,random_normmatched,0.013888888888888888,0.9904761904761905,0.006953429898546451,0.00769858599041484,0.0026020780875721083,0.0,924,9.0
1,0,1,random,0.011904761904761904,0.9880952380952381,-0.0018458033640279719,-0.004675089187423812,-0.0009232900166565655,0.0,924,10.0
1,0,1,random_normmatched,0.0,0.9952380952380953,-0.013513093241544724,-0.02028481816755045,-0.0014237574262672978,0.0,924,10.0
1,0,1,random,0.013888888888888888,0.9833333333333333,0.0003266758431200908,-0.0009413297286111313,-0.0016511777763443952,0.0,924,11.0
1,0,1,random_normmatched,0.005952380952380952,0.9857142857142858,-0.005179090801068059,-0.015426391576938559,-0.00028117252317388686,0.013888888888888888,924,11.0
1,0,1,random,0.017857142857142856,0.9785714285714285,0.0002308841380858028,-0.0005004708837621414,-0.0011676226406507882,0.0,924,12.0
1,0,1,random_normmatched,0.013888888888888888,0.9904761904761905,-0.001424493917359429,0.0037422099574880166,-0.004046227909430846,0.0,924,12.0
1,0,1,random,0.013888888888888888,0.9880952380952381,0.00028817714264643907,-0.0017394818652255368,-0.001006124486993821,0.0,924,13.0
1,0,1,random_normmatched,0.001984126984126984,0.9976190476190476,0.008067899224712224,0.00825132993167467,0.0014150509534069761,0.0,924,13.0
1,0,1,random,0.023809523809523808,0.9761904761904762,0.0017149159849981562,0.004813614582412365,0.0003220925857665281,0.0,924,14.0
1,0,1,random_normmatched,0.021825396825396824,0.9880952380952381,0.03090689269293249,0.042190034467806246,0.029560212865678115,0.0,924,14.0
1,0,1,random,0.01984126984126984,0.9880952380952381,0.0015221466132446155,-0.00053304639553084,-0.0007512769075059071,0.0,924,15.0
1,0,1,random_normmatched,0.017857142857142856,0.9809523809523809,-0.008222258207280786,-0.003536240879554396,0.017246840990594037,0.0,924,15.0
1,0,1,random,0.021825396825396824,0.9785714285714285,0.000614168208077223,0.0007353555074762589,6.026168183074281e-05,0.0,924,16.0
1,0,1,random_normmatched,0.017857142857142856,0.9809523809523809,-0.005303247958621559,-0.0009124440490748856,0.016312704176151657,0.0,924,16.0
1,0,1,random,0.017857142857142856,0.9833333333333333,0.0023116211119704085,0.0018810485998782616,-0.000507234000734238,0.0,924,17.0
1,0,1,random_normmatched,0.015873015873015872,0.9904761904761905,0.04502863170334398,0.03809899479821839,0.017266041269320926,0.027777777777777776,924,17.0
1,0,1,random,0.017857142857142856,0.9857142857142858,0.003650882962157727,0.0018329798362095879,0.0026614285466736256,0.0,924,18.0
1,0,1,random_normmatched,0.007936507936507936,0.9833333333333333,0.04601132037980238,0.047365320006474636,0.05266482602837168,0.0,924,18.0
1,0,1,random,0.01984126984126984,0.9880952380952381,0.001297458119826921,0.0008754548417100955,-0.0007202645759332613,0.0,924,19.0
1,0,1,random_normmatched,0.005952380952380952,1.0,0.009366864340609009,0.017723069115889837,0.0008248111694847983,0.0,924,19.0
1,0,1,random,0.017857142857142856,0.9833333333333333,0.00039015483524841924,0.00026259929056739255,-0.0003967245772415317,0.0,924,20.0
1,0,1,random_normmatched,0.003968253968253968,0.9928571428571429,-0.010471973923968314,-0.004643528987780058,0.016381795446123993,0.0,924,20.0
1,0,1,random,0.017857142857142856,0.9880952380952381,0.001030987603633998,0.0015682893903265279,-0.0013743608170013008,0.0,924,21.0
1,0,1,random_normmatched,0.001984126984126984,1.0,0.013169981132891471,0.011130783646146896,-0.0030351019335182606,0.0,924,21.0
1,0,1,random,0.011904761904761904,0.9904761904761905,0.0006800215050806586,-0.0006592450864190921,0.0006269095697019979,0.0,924,22.0
1,0,1,random_normmatched,0.013888888888888888,0.9976190476190476,0.011714770592730605,0.011790831385700843,0.020128921118396526,0.0,924,22.0
1,0,1,random,0.01984126984126984,0.9833333333333333,-0.0008530472636088269,-0.0037713182317014515,-0.0012222959468857182,0.0,924,23.0
1,0,1,random_normmatched,0.005952380952380952,0.9976190476190476,0.004410514875752496,-0.0018809874388151407,-0.004289660184438387,0.0,924,23.0
1,0,1,random,0.01984126984126984,0.9785714285714285,0.0007040039544797322,-0.0004873061723955515,9.034967613343225e-07,0.0,924,24.0
1,0,1,random_normmatched,0.021825396825396824,0.9880952380952381,0.012736457778444309,0.015185192258967665,0.011543631967395721,0.0,924,24.0
1,0,1,random,0.017857142857142856,0.9785714285714285,-0.00022032650646052062,0.0007084075815721622,0.00016547115865251706,0.0,924,25.0
1,0,1,random_normmatched,0.023809523809523808,0.9761904761904762,-0.006043229877787214,0.005349724120628516,0.009240458807213192,0.0,924,25.0
1,0,1,random,0.015873015873015872,0.9833333333333333,-0.0014044856569177713,-0.0025559856773928282,-0.00105383120314867,0.0,924,26.0
1,0,1,random_normmatched,0.013888888888888888,0.9880952380952381,-0.008674349956792796,-0.0046145691586411625,-0.0013262764668287626,0.0,924,26.0
1,0,1,random,0.015873015873015872,0.9833333333333333,-2.372605374222439e-05,-0.0007530905625373852,-0.0012613249500807765,0.0,924,27.0
1,0,1,random_normmatched,0.007936507936507936,0.9928571428571429,0.020323630174357725,0.012305373479879827,0.00018921229481338417,0.0,924,27.0
1,0,1,random,0.017857142857142856,0.9833333333333333,-0.0005076848260550148,-0.002223393813346182,-0.0011647196637532059,0.0,924,28.0
1,0,1,random_normmatched,0.005952380952380952,0.9904761904761905,-0.006506184211768529,-0.006785128835627139,-0.019965984922122145,0.0,924,28.0
1,0,1,random,0.021825396825396824,0.9833333333333333,-0.00047969544592561564,-0.0015066170559911124,-0.0008837702874738219,0.0,924,29.0
1,0,1,random_normmatched,0.021825396825396824,0.9809523809523809,-0.01824473743585029,-0.005741203070576248,-0.004421009882271943,0.013888888888888888,924,29.0
1,0,1,random,0.013888888888888888,0.9880952380952381,0.0025114490441603588,0.0048181523164331245,0.0009608369885080334,0.0,924,30.0
1,0,1,random_normmatched,0.023809523809523808,0.9952380952380953,0.04891056098018412,0.052966662593495896,0.04174847546373486,0.0,924,30.0
1,0,1,random,0.015873015873015872,0.9833333333333333,3.773707206926883e-05,-0.001937568468405711,-0.001697188312602938,0.0,924,31.0
1,0,1,random_normmatched,0.001984126984126984,0.9952380952380953,0.012895704994461904,0.012729855347710897,-0.01189291264901969,0.0,924,31.0
1,0,1,random,0.023809523809523808,0.9785714285714285,0.003089102287600411,0.006343493037643744,0.0011114442773876854,0.0,924,32.0
1,0,1,random_normmatched,0.03373015873015873,0.9785714285714285,0.03775475190843418,0.04673113728940294,0.03713342102708367,0.0,924,32.0
1,0,1,random,0.015873015873015872,0.9809523809523809,-0.00021970723150854067,-0.0012809636694952299,-0.0018511820643227809,0.0,924,33.0
1,0,1,random_normmatched,0.017857142857142856,0.9785714285714285,0.013484179044651066,0.0035097041910463075,-0.007817943356269117,0.0,924,33.0
1,0,1,random,0.017857142857142856,0.9785714285714285,0.0005255492110953309,0.0002875250311891754,-0.0004912449623324832,0.0,924,34.0
1,0,1,random_normmatched,0.011904761904761904,0.9809523809523809,0.011796757626082932,0.011554318379299783,-0.0029908384936956868,0.0,924,34.0
1,0,1,random,0.017857142857142856,0.9809523809523809,-0.001034963924294655,-0.006956518297422133,-0.0004290649927926755,0.0,924,35.0
1,0,1,random_normmatched,0.00992063492063492,0.9809523809523809,-0.006999923004633301,-0.037062228207607725,-0.0008642582585878589,0.0,924,35.0
1,0,1,random,0.021825396825396824,0.9761904761904762,-0.00035818337123751424,-0.0014167832233306986,-0.0011981599055595916,0.0,924,36.0
1,0,1,random_normmatched,0.013888888888888888,0.9833333333333333,-0.002855156581846129,-0.00105566958087177,-0.01157539511390618,0.0,924,36.0
1,0,1,random,0.017857142857142856,0.9809523809523809,0.0021789229770249486,0.0013434195817523407,-0.0010225476648430228,0.0,924,37.0
1,0,1,random_normmatched,0.005952380952380952,0.9952380952380953,0.025908020237353224,0.029958545949859312,0.01753262044656536,0.0,924,37.0
1,0,1,random,0.013888888888888888,0.9785714285714285,0.0007386299524467154,-3.0431307532383288e-05,-0.00021330949565304483,0.0,924,38.0
1,0,1,random_normmatched,0.005952380952380952,0.9952380952380953,0.01574196531351111,0.021473873313426203,-0.005474020195033751,0.0,924,38.0
1,0,1,random,0.007936507936507936,0.9880952380952381,0.0007303507295927522,0.0002722593929992341,-0.001877877235554199,0.0,924,39.0
1,0,1,random_normmatched,0.003968253968253968,0.9928571428571429,0.013774349500092311,0.017791149811357623,-0.011096531869393531,0.0,924,39.0
1,0,1,random,0.015873015873015872,0.9809523809523809,0.0027236608522149637,0.005260379152663882,-0.0019036365230422456,0.0,924,40.0
1,0,1,random_normmatched,0.017857142857142856,0.9880952380952381,0.017427270115421774,0.02231017902586315,0.009652960916830895,0.0,924,40.0
1,0,1,random,0.013888888888888888,0.9857142857142858,0.00020050174509968753,0.0003017515182695289,-0.0011334311048598806,0.0,924,41.0
1,0,1,random_normmatched,0.013888888888888888,0.9857142857142858,0.007030422552549164,0.006872544376075937,0.007700163777260224,0.0,924,41.0
1,0,1,random,0.01984126984126984,0.9833333333333333,0.0010352232487905659,-0.0015036148749906634,0.0014923969238298373,0.0,924,42.0
1,0,1,random_normmatched,0.01984126984126984,0.9809523809523809,0.028580875589564597,0.0005556160352134181,0.03597697236493781,0.0,924,42.0
1,0,1,random,0.011904761904761904,0.9809523809523809,0.0008743549667309218,0.0036273501301643737,-0.0013336493171251743,0.0,924,43.0
1,0,1,random_normmatched,0.007936507936507936,0.9904761904761905,0.008959468131444579,0.017421208948366983,-0.009210675580019293,0.0,924,43.0
1,0,1,random,0.021825396825396824,0.9809523809523809,0.0008543607806859549,-0.000920494816960064,-0.0015114453828683064,0.0,924,44.0
1,0,1,random_normmatched,0.007936507936507936,0.9880952380952381,0.005739043853073075,-0.0019216004549917386,-0.0018308183880324201,0.0,924,44.0
1,0,1,random,0.015873015873015872,0.9785714285714285,0.0008794288488062399,0.0011935155716178002,-0.0007955296960332695,0.0,924,45.0
1,0,1,random_normmatched,0.021825396825396824,0.9809523809523809,0.006312886658818073,0.01067964957425943,0.003568057626993325,0.0,924,45.0
1,0,1,random,0.011904761904761904,0.9857142857142858,0.0035094325159036157,0.0037277543225147087,-0.0008053358465680666,0.0,924,46.0
1,0,1,random_normmatched,0.001984126984126984,0.9952380952380953,0.046290983851611914,0.032221397690729355,0.0034750150393571774,0.0,924,46.0
1,0,1,random,0.015873015873015872,0.9833333333333333,-0.0011829765780547964,-0.0017684415761880662,-0.00399977501245382,0.0,924,47.0
1,0,1,random_normmatched,0.001984126984126984,0.9952380952380953,-0.005518520431955608,-0.0020520103487830896,-0.020263302195212822,0.0,924,47.0
1,0,1,random,0.00992063492063492,0.9857142857142858,-0.001429684140774313,-0.004388221938718284,-0.003999737877148798,0.0,924,48.0
1,0,1,random_normmatched,0.0,1.0,-0.02336045436260508,-0.02098299609433019,-0.019288469912659274,0.0,924,48.0
1,0,1,random,0.015873015873015872,0.9857142857142858,0.001649746854411834,0.0014539135974252408,-0.0011753772119307453,0.0,924,49.0
1,0,1,random_normmatched,0.003968253968253968,0.9976190476190476,0.017591640552059085,0.01751363022419719,-0.0062876333582074385,0.0,924,49.0
1,0,1,random,0.017857142857142856,0.9857142857142858,0.0020049932498726435,0.0033695047067668986,-0.0016784422453346402,0.0,924,50.0
1,0,1,random_normmatched,0.021825396825396824,0.9833333333333333,0.02335026826987377,0.03939298138205282,-0.005876353912409507,0.027777777777777776,924,50.0
1,0,1,random,0.017857142857142856,0.9809523809523809,-0.00016314875359805397,-0.0007671447820720313,-0.0006972987292027334,0.0,924,51.0
1,0,1,random_normmatched,0.005952380952380952,0.9880952380952381,0.021623423163087248,0.019652643873393178,-0.00118946603300498,0.0,924,51.0
1,0,1,random,0.015873015873015872,0.9833333333333333,0.0018785670739418872,0.0014297409054793847,-0.0010843447213826746,0.0,924,52.0
1,0,1,random_normmatched,0.011904761904761904,0.9952380952380953,0.01357940234394019,0.020176216168331648,0.005103046335343715,0.0,924,52.0
1,0,1,random,0.015873015873015872,0.9857142857142858,-0.00020830492406651854,-0.0014619274424641543,-0.0007392631120482019,0.0,924,53.0
1,0,1,random_normmatched,0.011904761904761904,0.9880952380952381,-0.008808836393284492,-0.012876000918540948,0.013030067533523414,0.0,924,53.0
1,0,1,random,0.017857142857142856,0.9785714285714285,0.0007544752738888775,-0.003790842388844867,-0.0012514434231606817,0.0,924,54.0
1,0,1,random_normmatched,0.015873015873015872,0.9880952380952381,-0.0027325045988820197,-0.010608708295489955,-8.380313326695032e-05,0.0,924,54.0
1,0,1,random,0.013888888888888888,0.9785714285714285,0.0010686436506580888,0.00020713733552074108,-0.0013226120140372559,0.0,924,55.0
1,0,1,random_normmatched,0.015873015873015872,0.9880952380952381,-0.00025814211901429397,1.9551065944928183e-06,0.0033641469131060813,0.0,924,55.0
1,0,1,random,0.017857142857142856,0.9833333333333333,-0.00010383468281350376,-0.0009580266419319256,-0.0009127317001222041,0.0,924,56.0
1,0,1,random_normmatched,0.011904761904761904,0.9880952380952381,-0.00043126518326225933,0.003131965356151306,-0.0007116341924849172,0.0,924,56.0
1,0,1,random,0.015873015873015872,0.9880952380952381,-0.0010956242799752796,-0.0020858167685456506,-9.652524591521221e-05,0.0,924,57.0
1,0,1,random_normmatched,0.00992063492063492,1.0,-0.02242594602008878,-0.01250192247460243,0.021584866096900336,0.0,924,57.0
1,0,1,random,0.021825396825396824,0.9809523809523809,0.00019765856914177158,-0.00029494955781371533,-0.000324499290210756,0.0,924,58.0
1,0,1,random_normmatched,0.031746031746031744,0.9857142857142858,0.03381775301150465,0.022822511496796608,0.026296160243134498,0.027777777777777776,924,58.0
1,0,1,random,0.01984126984126984,0.9857142857142858,0.0007548935836501179,-0.0002115080572367083,-0.0001391772481624482,0.0,924,59.0
1,0,1,random_normmatched,0.013888888888888888,0.9928571428571429,0.022267417470886088,0.021330386558210315,0.010163605767210624,0.0,924,59.0
1,0,1,random,0.021825396825396824,0.9833333333333333,0.0004164368785234409,2.1961150550029083e-05,-0.0017925262766106719,0.0,924,60.0
1,0,1,random_normmatched,0.005952380952380952,0.9928571428571429,0.00800380207862139,0.008917689754301083,-0.016504293163872058,0.0,924,60.0
1,0,1,random,0.023809523809523808,0.9785714285714285,-1.2022184370622354e-05,0.0028213094412242947,-0.0006256499111062842,0.0,924,61.0
1,0,1,random_normmatched,0.025793650793650792,0.9809523809523809,0.019278757162706467,0.016824793000732998,0.00852481797923671,0.0,924,61.0
1,0,1,random,0.011904761904761904,0.9880952380952381,0.0009562783212536498,0.0005987617091745282,0.0004727562074243465,0.0,924,62.0
1,0,1,random_normmatched,0.011904761904761904,0.9952380952380953,0.02695221802476501,0.02665006956333828,0.0302937911958892,0.0,924,62.0
1,0,1,random,0.017857142857142856,0.9833333333333333,0.0007309526473068212,-0.0003870257360688177,-0.0015172460274065817,0.0,924,63.0
1,0,1,random_normmatched,0.003968253968253968,0.9928571428571429,0.014254955627173726,0.008569102830767897,-0.004297342593330407,0.0,924,63.0
1,0,1,random,0.013888888888888888,0.9857142857142858,0.0028839889175149786,0.003833578081640974,0.0002913386022383172,0.0,924,64.0
1,0,1,random_normmatched,0.017857142857142856,0.9952380952380953,0.049323820784302835,0.04719656147506494,0.03825132349928065,0.0,924,64.0
1,0,1,random,0.015873015873015872,0.9833333333333333,-0.0011789885220155109,-0.003744256114666773,-0.0019736375376980626,0.0,924,65.0
1,0,1,random_normmatched,0.007936507936507936,0.9880952380952381,-0.019110098961288208,-0.0064091835968472415,-0.003337522917614524,0.0,924,65.0
1,0,1,random,0.021825396825396824,0.9785714285714285,-0.0006290213396778991,-0.002198131684819196,-0.0007433943384930957,0.0,924,66.0
1,0,1,random_normmatched,0.031746031746031744,0.9785714285714285,0.013688523425154977,0.010147445790077364,0.030277459977138307,0.05555555555555555,924,66.0
1,0,1,random,0.015873015873015872,0.9833333333333333,0.00012797677427197598,0.00045501061382931463,-0.0016181700512001803,0.0,924,67.0
1,0,1,random_normmatched,0.017857142857142856,0.9857142857142858,0.019168081119598966,0.017103303326379944,0.00023251172325965377,0.0,924,67.0
1,0,1,random,0.015873015873015872,0.9809523809523809,-2.210755119718991e-05,-0.0003305597195985798,3.038215799273613e-05,0.0,924,68.0
1,0,1,random_normmatched,0.00992063492063492,0.9904761904761905,0.007072962631851432,0.004890421736810103,0.00837084728300744,0.0,924,68.0
1,0,1,random,0.015873015873015872,0.9809523809523809,0.00042857152554478427,0.0007089594759548779,-0.0013624284365810892,0.0,924,69.0
1,0,1,random_normmatched,0.013888888888888888,0.9880952380952381,0.0255123366856745,0.040001515942459605,-0.007998690813710812,0.027777777777777776,924,69.0
1,0,1,random,0.023809523809523808,0.9761904761904762,0.0008433574519074085,0.00017207499229467954,0.0011553773717296132,0.0,924,70.0
1,0,1,random_normmatched,0.023809523809523808,0.9809523809523809,0.015284585974531254,0.007657200472609568,0.03153157517917028,0.0,924,70.0
1,0,1,random,0.01984126984126984,0.9880952380952381,0.00035919382015630697,-0.0008805334232098547,-0.0003006369431900687,0.0,924,71.0
1,0,1,random_normmatched,0.007936507936507936,1.0,0.004753213093442964,-0.0015569415022445013,0.014625008613567008,0.0,924,71.0
1,0,1,random,0.017857142857142856,0.9809523809523809,0.0003017847179810271,-0.0017671835260687657,-0.0006236393148513974,0.0,924,72.0
1,0,1,random_normmatched,0.013888888888888888,0.9880952380952381,0.010512701841486203,0.00738162471662202,-0.002194240801344469,0.0,924,72.0
1,0,1,random,0.017857142857142856,0.9857142857142858,-0.00034715957682887274,-0.0019172675572633614,-0.001279706708809108,0.0,924,73.0
1,0,1,random_normmatched,0.00992063492063492,0.9952380952380953,-0.01656971038949691,-0.013714718556505669,0.009263697285607615,0.0,924,73.0
1,0,1,random,0.021825396825396824,0.9785714285714285,-0.0010308290470711463,-0.0015024221236993758,0.00016957595820940813,0.0,924,74.0
1,0,1,random_normmatched,0.015873015873015872,0.9785714285714285,-0.014992019656768238,-0.00797421037257603,0.029578228683101483,0.0,924,74.0
1,0,1,random,0.011904761904761904,0.9880952380952381,-2.7805958473723125e-05,-0.0010869727585445961,-0.0030562402583483176,0.0,924,75.0
1,0,1,random_normmatched,0.001984126984126984,1.0,-0.005498685890787645,-0.0043975530774433376,-0.02067419094059321,0.0,924,75.0
1,0,1,random,0.015873015873015872,0.9857142857142858,0.00013966332973819621,-0.0011664347882206411,-0.0007373055275554997,0.0,924,76.0
1,0,1,random_normmatched,0.00992063492063492,0.9904761904761905,0.012340334964040411,0.005340492849913316,0.00036661091991281364,0.0,924,76.0
1,0,1,random,0.021825396825396824,0.9833333333333333,0.0002851329916563635,0.0004584812984174448,-0.00018691155076308374,0.0,924,77.0
1,0,1,random_normmatched,0.003968253968253968,0.9928571428571429,0.016702853088894284,0.017025919006328397,0.03352404777893572,0.0,924,77.0
1,0,1,random,0.00992063492063492,0.9904761904761905,-0.0003199047754877648,-0.00227783524856122,-0.002021758415922456,0.0,924,78.0
1,0,1,random_normmatched,0.0,1.0,0.0018021858949058727,-0.007355147151120048,-0.02426872662527494,0.0,924,78.0
1,0,1,random,0.01984126984126984,0.9809523809523809,0.0019264781454983206,0.002411457710793271,-0.0010043649660623041,0.0,924,79.0
1,0,1,random_normmatched,0.007936507936507936,0.9904761904761905,0.027781544230516667,0.0247153169511933,-0.004863433330370164,0.0,924,79.0
1,0,1,random,0.013888888888888888,0.9833333333333333,0.00010097079383961387,-0.002412265989767385,-0.0003911959486187261,0.0,924,80.0
1,0,1,random_normmatched,0.015873015873015872,0.9833333333333333,0.005207828207457799,0.004868744754569091,0.014428478305725856,0.0,924,80.0
1,0,1,random,0.015873015873015872,0.9857142857142858,-0.000255101589311565,-0.0011522008780336667,-0.0012380103165944593,0.0,924,81.0
1,0,1,random_normmatched,0.005952380952380952,0.9928571428571429,0.0006672859086595581,0.00031186016364164056,0.006077192376836531,0.0,924,81.0
1,0,1,random,0.017857142857142856,0.9833333333333333,-0.000444664591188798,-0.001138105578947043,-0.0017721416925200132,0.0,924,82.0
1,0,1,random_normmatched,0.003968253968253968,0.9976190476190476,0.0003284034730212848,-0.004853453238421955,-0.003477982005485379,0.0,924,82.0
1,0,1,random,0.015873015873015872,0.9857142857142858,0.0028608623284215647,2.5986877149954685e-05,-0.0005948189164344418,0.0,924,83.0
1,0,1,random_normmatched,0.0,1.0,0.013518490242793986,0.014716878930586577,-0.0033282693695284747,0.0,924,83.0
1,0,1,random,0.015873015873015872,0.9857142857142858,0.0013421986614909132,0.000719085853656687,-0.0005831540515654774,0.0,924,84.0
1,0,1,random_normmatched,0.005952380952380952,0.9904761904761905,0.007163645481845348,0.007348813727441904,0.0023531008869031034,0.0,924,84.0
1,0,1,random,0.017857142857142856,0.9857142857142858,-0.0008078158445163076,-0.0018695098424961931,-0.0019156169958169601,0.0,924,85.0
1,0,1,random_normmatched,0.00992063492063492,0.9928571428571429,-0.01758187810332418,-0.018386594397704275,-0.003668358024928875,0.0,924,85.0
1,0,1,random,0.015873015873015872,0.9904761904761905,-0.0007179237146803727,-0.003400611477950014,-0.003149931241561251,0.0,924,86.0
1,0,1,random_normmatched,0.001984126984126984,0.9928571428571429,-0.009655769257771347,-0.01802585180500084,-0.03821867193277873,0.0,924,86.0
1,0,1,random,0.015873015873015872,0.9785714285714285,-0.0009699468901498689,-0.0032694825374872355,-0.00048156265261876133,0.0,924,87.0
1,0,1,random_normmatched,0.007936507936507936,0.9880952380952381,-0.009943593569191445,-0.00549574927326164,0.012343086286573945,0.0,924,87.0
1,0,1,random,0.021825396825396824,0.9809523809523809,-0.002122657633480337,-0.0028561055871605024,-0.002249853647397886,0.0,924,88.0
1,0,1,random_normmatched,0.011904761904761904,0.9880952380952381,-0.01009176469978158,-0.01008594424930579,-0.052781843808226564,0.0,924,88.0
1,0,1,random,0.011904761904761904,0.9880952380952381,0.0002218987266832448,-0.00015272346217628445,-0.0005716531435122729,0.0,924,89.0
1,0,1,random_normmatched,0.001984126984126984,0.9976190476190476,0.006753837999490987,0.0017515277988676328,0.01847516273441796,0.0,924,89.0
1,0,1,random,0.015873015873015872,0.9833333333333333,0.0009470485362510534,0.0006312840118559608,-0.0015164423540766333,0.0,924,90.0
1,0,1,random_normmatched,0.0,0.9976190476190476,0.01693604392909557,0.013515699783426103,0.0006275637017868898,0.0,924,90.0
1,0,1,random,0.021825396825396824,0.9761904761904762,0.0019507081571420062,0.0006389885317148671,-9.284022868888083e-05,0.0,924,91.0
1,0,1,random_normmatched,0.00992063492063492,0.9857142857142858,0.004719458855692186,0.0035431593676744904,0.015414603767090047,0.0,924,91.0
1,0,1,random,0.011904761904761904,0.9785714285714285,-0.0033190511610203368,-0.004846613325238371,-0.004755604637651862,0.0,924,92.0
1,0,1,random_normmatched,0.007936507936507936,0.9785714285714285,-0.05704482276867867,-0.049078046745054546,-0.055178449954958825,0.013888888888888888,924,92.0
1,0,1,random,0.015873015873015872,0.9833333333333333,-0.0005888256467602635,-0.0017439671254647416,-0.0012290855941773117,0.0,924,93.0
1,0,1,random_normmatched,0.005952380952380952,0.9857142857142858,0.017386424015998624,0.007084474568295516,-0.01151366798686938,0.0,924,93.0
1,0,1,random,0.01984126984126984,0.9857142857142858,0.001417845619850918,0.0018679871413071927,-0.001143964870338679,0.0,924,94.0
1,0,1,random_normmatched,0.007936507936507936,0.9904761904761905,0.022235406872250674,0.017346964635806567,-0.0026880357726018853,0.0,924,94.0
1,0,1,random,0.017857142857142856,0.9857142857142858,-0.00010378547698957544,-0.0014519548862948208,-0.001994127331885291,0.0,924,95.0
1,0,1,random_normmatched,0.007936507936507936,0.9857142857142858,-0.013912766979437455,-0.022656136329378285,-0.0023140430738869027,0.0,924,95.0
1,0,1,random,0.01984126984126984,0.9857142857142858,0.0015406098051208056,0.0026703436893963537,-0.0002556694547720499,0.0,924,96.0
1,0,1,random_normmatched,0.007936507936507936,1.0,0.012733258781322185,0.008237694186126628,0.015901975301794685,0.0,924,96.0
1,0,1,random,0.017857142857142856,0.9785714285714285,0.0008043940215933156,-0.0020084032233219904,-0.00043748207947973616,0.0,924,97.0
1,0,1,random_normmatched,0.013888888888888888,1.0,0.02329096972628817,0.023975065397287307,0.004871846837931661,0.0,924,97.0
1,0,1,random,0.01984126984126984,0.9785714285714285,0.0007247546776723195,0.0003330398473898964,-0.00143770422074563,0.0,924,98.0
1,0,1,random_normmatched,0.017857142857142856,0.9880952380952381,0.024012645640334652,0.009602461300421469,-0.010332926046555183,0.027777777777777776,924,98.0
1,0,1,random,0.017857142857142856,0.9880952380952381,-0.00041235050228632833,-0.0015445542534904223,-0.0009230594278040378,0.0,924,99.0
1,0,1,random_normmatched,0.007936507936507936,0.9880952380952381,-0.011443124421142432,-0.004902846867660978,0.004629189467990489,0.0,924,99.0
1,0,1,shuffled_labels,0.4642857142857143,0.9571428571428572,0.49981876188458263,0.5552293402041123,0.39687011105878756,0.4722222222222222,924,
1,0,2,random,0.0,1.0,-0.0012509730553035988,-0.0013490911609666265,0.0001744380682669924,0.0,924,0.0
1,0,2,random_normmatched,0.0,1.0,-0.013730647532478095,-0.008343223268068746,0.012988910537416892,0.0,924,0.0
1,0,2,random,0.0,1.0,-1.4306687332826015e-05,-0.0006863630563674495,-0.0012781409140583473,0.0,924,1.0
1,0,2,random_normmatched,0.0,1.0,0.021095590599781402,0.01596311474598791,-0.016406133903328644,0.0,924,1.0
1,0,2,random,0.0,1.0,0.0014322809208060512,0.002531905929392422,-0.0001499711579805116,0.0,924,2.0
1,0,2,random_normmatched,0.0,1.0,0.06991588486391143,0.0415262531422142,0.013299103606178423,0.0,924,2.0
1,0,2,random,0.0,1.0,-0.00128721336367684,-0.002633135308301735,-7.156355115216871e-05,0.0,924,3.0
1,0,2,random_normmatched,0.0,1.0,-0.002121383024380678,-0.0019017840513942525,0.010321294277786944,0.0,924,3.0
1,0,2,random,0.0,1.0,-0.0007659587432815403,-0.0009920289526642778,-3.144561904779684e-05,0.0,924,4.0
1,0,2,random_normmatched,0.0,1.0,0.023405281910285528,0.008049062463500881,0.004526446743472428,0.0,924,4.0
1,0,2,random,0.0,1.0,-0.0008851266206260308,-0.0017627861693075917,-0.0002777047624459546,0.0,924,5.0
1,0,2,random_normmatched,0.0,1.0,-0.002580640400863015,-0.002463283877883863,0.003805038069927206,0.0,924,5.0
1,0,2,random,0.0,1.0,-0.000373258878505138,-0.0030048053885409105,-0.0013620339589016602,0.0,924,6.0
1,0,2,random_normmatched,0.0,1.0,0.000787204807476245,0.010137903746638463,-0.00031142182333247304,0.0,924,6.0
1,0,2,random,0.0,1.0,-0.0014522139318356854,-0.0036752177683793486,-0.0005911436747292042,0.0,924,7.0
1,0,2,random_normmatched,0.0,1.0,-0.0002833763337596733,-0.010606551949245877,0.00974118745224542,0.0,924,7.0
1,0,2,random,0.0,1.0,-0.0007913452170240786,-0.002659292694041202,-0.0015333507206915582,0.0,924,8.0
1,0,2,random_normmatched,0.0,1.0,0.015030670635821575,0.01057687736299995,-0.016797974910221586,0.0,924,8.0
1,0,2,random,0.0,1.0,-0.001332218673187659,-0.0023352281964573855,-0.00010963190484419505,0.0,924,9.0
1,0,2,random_normmatched,0.0,1.0,0.000596372772574263,-0.0032226490157652994,0.006727481891076871,0.0,924,9.0
1,0,2,random,0.0,1.0,-0.00024458451163098855,-0.0025873456118704827,-0.00022261464951816448,0.0,924,10.0
1,0,2,random_normmatched,0.0,1.0,-0.0031676512404153947,-0.0041174685536315295,0.005058025957868003,0.0,924,10.0
1,0,2,random,0.0,1.0,-0.000668739891362417,-0.0008964466739685401,-0.0001420354816727399,0.0,924,11.0
1,0,2,random_normmatched,0.0,1.0,0.01002280148004479,0.005882224782181585,0.02978095800947725,0.0,924,11.0
1,0,2,random,0.0,1.0,-0.0013615365451259956,-0.0022774858675552964,0.0005822593557041776,0.0,924,12.0
1,0,2,random_normmatched,0.0,1.0,-0.0062915440997476455,-0.005532546241518752,0.04222933680952941,0.0,924,12.0
1,0,2,random,0.0,1.0,4.561107225016128e-05,-0.0006297637231041775,-0.00234764208869223,0.0,924,13.0
1,0,2,random_normmatched,0.0,1.0,0.004676678110979805,-0.00022429431878191234,-0.025364555257823163,0.0,924,13.0
1,0,2,random,0.0,1.0,0.0012121323094131985,0.0002895341668378544,-0.0006126642493673578,0.0,924,14.0
1,0,2,random_normmatched,0.0,1.0,0.03410226091723375,0.03786245994899127,0.010061515082263262,0.0,924,14.0
1,0,2,random,0.0,1.0,-0.0005648720684184694,-0.0003724128179330831,-0.00046835868120251214,0.0,924,15.0
1,0,2,random_normmatched,0.0,1.0,0.029616226766249698,0.03625253872664948,0.00541914821202324,0.0,924,15.0
1,0,2,random,0.0,1.0,-0.00047324636617204383,-0.0016301939639472402,-0.0005784941439498455,0.0,924,16.0
1,0,2,random_normmatched,0.0,1.0,-0.002201495621146956,-0.0003804211145114465,0.010853751797453879,0.0,924,16.0
1,0,2,random,0.0,1.0,-0.0005746135712776429,-0.001480731182157157,-0.0011539534051443771,0.0,924,17.0
1,0,2,random_normmatched,0.0,1.0,0.015001633679856591,0.011434926130956126,-0.03192160830336826,0.0,924,17.0
1,0,2,random,0.0,1.0,-0.0008069736958641888,-0.0009207827531907317,0.00010176157684640904,0.0,924,18.0
1,0,2,random_normmatched,0.0,1.0,0.004931357996958146,0.011497012461254043,0.02744231264702006,0.0,924,18.0
1,0,2,random,0.0,1.0,0.0010381867734072267,0.002153674376774513,-0.0018859335848331318,0.0,924,19.0
1,0,2,random_normmatched,0.0,1.0,0.04134209837131128,0.030324409922708313,0.005815213301766254,0.0,924,19.0
1,0,2,random,0.0,1.0,-0.000957536289938101,-0.0024579542583911674,-0.0003161836214806488,0.0,924,20.0
1,0,2,random_normmatched,0.0,1.0,0.014083401946645096,0.01405279010558005,0.01237476568592882,0.0,924,20.0
1,0,2,random,0.0,1.0,0.0003092456736371104,0.0007991740250734879,0.00012237002329683385,0.0,924,21.0
1,0,2,random_normmatched,0.0,1.0,0.05563749617538933,0.04456919104407089,0.0273218036996555,0.0,924,21.0
1,0,2,random,0.0,1.0,-0.0004370105066335556,-0.0012169368304144,-0.0007744623227072427,0.0,924,22.0
1,0,2,random_normmatched,0.0,1.0,0.0015646803422599326,0.0025594770963976213,0.005375010748379715,0.0,924,22.0
1,0,2,random,0.0,1.0,-0.0007147646445121076,-0.0015798595474249295,0.00039742269482336495,0.0,924,23.0
1,0,2,random_normmatched,0.0,1.0,0.004599315596778783,0.00425451315023489,0.008481231691454042,0.0,924,23.0
1,0,2,random,0.0,1.0,-0.0010956905800153446,-0.0024072700362261076,-0.0008040829662682588,0.0,924,24.0
1,0,2,random_normmatched,0.0,1.0,0.01642347369963179,0.01352837690884211,0.011942039298140267,0.0,924,24.0
1,0,2,random,0.0,1.0,0.0004414404438619762,8.483751552772697e-05,-0.00038161956291948406,0.0,924,25.0
1,0,2,random_normmatched,0.0,1.0,0.0431943567188474,0.017135478725717124,0.012510216535424546,0.0,924,25.0
1,0,2,random,0.0,1.0,-0.0013389942759636797,-0.0019666948298692056,-0.00029332584194626844,0.0,924,26.0
1,0,2,random_normmatched,0.0,1.0,-0.0035297048372273437,-0.008543900228472621,0.006256777539981049,0.0,924,26.0
1,0,2,random,0.0,1.0,-0.00010927690768147583,-0.0009449736809943959,0.0008163221346006648,0.0,924,27.0
1,0,2,random_normmatched,0.0,1.0,0.0056407517573209874,0.006225870065882917,0.008416878715258454,0.0,924,27.0
1,0,2,random,0.0,1.0,-0.0004993883209603944,-0.002233188134515344,-0.000719568456504775,0.0,924,28.0
1,0,2,random_normmatched,0.0,1.0,0.006445493266287586,0.004081248083427022,0.008651080280292545,0.0,924,28.0
1,0,2,random,0.0,1.0,-0.0026591107854310302,-0.004844552156879326,0.0011061183627907672,0.0,924,29.0
1,0,2,random_normmatched,0.0,1.0,-0.046222620234312534,-0.043096899779616095,0.03172611762795047,0.0,924,29.0
1,0,2,random,0.0,1.0,-0.0006863027939952937,-0.0016309809960606892,-0.00031016849999010833,0.0,924,30.0
1,0,2,random_normmatched,0.0,1.0,0.0060345049335592624,0.0003975242145539012,0.014719271647842487,0.0,924,30.0
1,0,2,random,0.0,1.0,-0.0017008451235858923,-0.002800441721348068,0.0005540250994724221,0.0,924,31.0
1,0,2,random_normmatched,0.0,1.0,-0.018618138901051823,-0.015204028600238412,0.018416892021567995,0.0,924,31.0
1,0,2,random,0.0,1.0,-0.0010903196097462643,-0.001182382453078948,0.0005187041826183586,0.0,924,32.0
1,0,2,random_normmatched,0.0,1.0,-0.01569288145763683,-0.01577558521360211,0.012851274895486261,0.0,924,32.0
1,0,2,random,0.0,1.0,-0.0007511247379888745,-0.0020701668540902395,-0.0013779315997306538,0.0,924,33.0
1,0,2,random_normmatched,0.0,1.0,0.011960232104050596,0.009648079018805114,-0.0011549674049034855,0.0,924,33.0
1,0,2,random,0.0,1.0,0.004457890550262076,0.004480537556833146,0.0002359686375121542,0.0,924,34.0
1,0,2,random_normmatched,0.0,1.0,0.10660286993370713,0.10649564054062047,0.028806951428271093,0.0,924,34.0
1,0,2,random,0.0,1.0,-0.0004273585053506737,0.00033505125841843525,0.0005051210055234024,0.0,924,35.0
1,0,2,random_normmatched,0.0,1.0,0.009291740059560434,0.019143614533862374,0.023110970775799326,0.0,924,35.0
1,0,2,random,0.0,1.0,-0.0011514379038860389,-0.0008356128552838947,-0.00036337523022553393,0.0,924,36.0
1,0,2,random_normmatched,0.0,1.0,-0.006838180630882151,0.001742375587880947,0.009995024697140318,0.0,924,36.0
1,0,2,random,0.0,1.0,0.0005001139074268144,0.0014440440427256006,0.000896208794320441,0.0,924,37.0
1,0,2,random_normmatched,0.0,1.0,0.033561020783774695,0.03852128863373483,0.017689708953507625,0.0,924,37.0
1,0,2,random,0.0,1.0,-0.0010921738671489669,-0.00162979851800509,0.00023627525282675984,0.0,924,38.0
1,0,2,random_normmatched,0.0,1.0,-0.001034540432610675,0.0017770521386685435,0.007474388570343736,0.0,924,38.0
1,0,2,random,0.0,1.0,-0.0005191919844543559,-0.0017991921615901206,-0.0005958077520009286,0.0,924,39.0
1,0,2,random_normmatched,0.0,1.0,0.02635256728364838,0.021715594499330342,0.008653342224584904,0.0,924,39.0
1,0,2,random,0.0,1.0,-0.0005585518229546166,-0.0015980903790143368,-5.0264735014650684e-05,0.0,924,40.0
1,0,2,random_normmatched,0.0,1.0,0.007069698561805685,0.000479550832998334,0.005704398500834988,0.0,924,40.0
1,0,2,random,0.0,1.0,-0.001080030146191941,-0.004183797953263487,0.0014482377309966805,0.0,924,41.0
1,0,2,random_normmatched,0.0,1.0,0.007283009321064363,-0.0036956803285798263,0.039036819242643336,0.0,924,41.0
1,0,2,random,0.0,1.0,-0.0003424388215256846,-0.0007759098015485959,0.0005531700192374109,0.0,924,42.0
1,0,2,random_normmatched,0.0,1.0,0.0041799513889919536,0.0036386422198997083,0.02547972667661598,0.0,924,42.0
1,0,2,random,0.0,1.0,-0.001347632155873918,-0.0030707522403342,-0.0009669872459219076,0.0,924,43.0
1,0,2,random_normmatched,0.0,1.0,0.01333884145510254,-0.0016815028770158608,0.0014701636208920132,0.0,924,43.0
1,0,2,random,0.0,1.0,-0.001033948081777244,-0.002715128903127284,-0.0013669590747219852,0.0,924,44.0
1,0,2,random_normmatched,0.0,1.0,0.0063641605062325435,-0.0005859352830421302,-0.00466721042281572,0.0,924,44.0
1,0,2,random,0.0,1.0,-0.0006329218966263264,-0.0010209636036293006,-0.000658641271866277,0.0,924,45.0
1,0,2,random_normmatched,0.0,1.0,-0.005473285249914244,-0.011193410383826605,0.03725377768236625,0.0,924,45.0
1,0,2,random,0.0,1.0,-3.1817837641065516e-05,-0.0007849080056236305,-0.0017070755543755671,0.0,924,46.0
1,0,2,random_normmatched,0.0,1.0,0.011245711815022486,0.015794989661682884,-0.011684544412781142,0.0,924,46.0
1,0,2,random,0.0,1.0,-0.0007342540301790671,-0.0017655512218751241,-0.00016433775419000065,0.0,924,47.0
1,0,2,random_normmatched,0.0,1.0,0.01392603932668204,0.014752112187442407,0.01995687302810778,0.0,924,47.0
1,0,2,random,0.0,1.0,-0.0013654366983702716,-0.0015338721872271924,-0.0017896946962374185,0.0,924,48.0
1,0,2,random_normmatched,0.0,1.0,-0.014534999659223044,-0.009666163060775699,-0.01227748256850025,0.0,924,48.0
1,0,2,random,0.0,1.0,-0.0024738909512340874,-0.004115989668279186,0.000307881653879926,0.0,924,49.0
1,0,2,random_normmatched,0.0,1.0,-0.012790895095730056,-0.015048704716663122,0.04364711097831495,0.0,924,49.0
1,0,2,random,0.0,1.0,-0.00017741157855557689,-0.0026648542812939715,-0.00085986935869273,0.0,924,50.0
1,0,2,random_normmatched,0.0,1.0,-0.0006684420645157606,-1.8340739058894176e-05,-0.009613362459760091,0.0,924,50.0
1,0,2,random,0.0,1.0,-0.00021964323683313825,0.00013613060718418703,-0.0004421011829625872,0.0,924,51.0
1,0,2,random_normmatched,0.0,1.0,0.017577461488380734,0.01673357179979803,0.008461338455086082,0.0,924,51.0
1,0,2,random,0.0,1.0,0.00025827975155720084,-0.00011570143635840561,0.001826254519229982,0.0,924,52.0
1,0,2,random_normmatched,0.0,1.0,0.025361428785204754,0.024815598307503694,0.05506398902596568,0.0,924,52.0
1,0,2,random,0.0,1.0,-0.0003658800261912194,-0.00046063165979398765,-0.00039478982601262765,0.0,924,53.0
1,0,2,random_normmatched,0.0,1.0,0.0013419142235139411,0.0024107321114239717,0.00627971221787739,0.0,924,53.0
1,0,2,random,0.0,1.0,-0.0019936458676707105,-0.003361631301327755,-0.0009873430908393164,0.0,924,54.0
1,0,2,random_normmatched,0.0,1.0,-0.003645182396603549,0.004922460765949341,0.0238563502691767,0.0,924,54.0
1,0,2,random,0.0,1.0,-0.001068571363517271,-0.0029426231868808234,1.9344268556779892e-05,0.0,924,55.0
1,0,2,random_normmatched,0.0,1.0,-0.003102289557553548,-0.002879121132318134,0.023939974319215192,0.0,924,55.0
1,0,2,random,0.0,1.0,-0.000603563536686634,-0.0013807760070052885,7.005314369675236e-05,0.0,924,56.0
1,0,2,random_normmatched,0.0,1.0,0.005958949442803467,0.009315771756400889,0.015890992476939533,0.0,924,56.0
1,0,2,random,0.0,1.0,-0.00018003186488446134,0.0002519228226623842,-0.0004057173028074507,0.0,924,57.0
1,0,2,random_normmatched,0.0,1.0,-0.0126611408698355,-0.007931798843412472,0.007189216184559083,0.0,924,57.0
1,0,2,random,0.0,1.0,-0.0004845908872677983,-0.0010586835269381385,-0.00022219602858795093,0.0,924,58.0
1,0,2,random_normmatched,0.0,1.0,-0.0024108545315638915,-0.004227824831304038,0.0009370265594387881,0.0,924,58.0
1,0,2,random,0.0,1.0,-0.0005029729017312066,0.0001393728789511727,-0.00016481236272150937,0.0,924,59.0
1,0,2,random_normmatched,0.0,1.0,0.0008706701402058296,0.0034028386432911235,0.010765829920284456,0.0,924,59.0
1,0,2,random,0.0,1.0,-0.0005183747511344203,-0.0019268813479468956,-0.00014718122321032666,0.0,924,60.0
1,0,2,random_normmatched,0.0,1.0,0.01649462517434226,0.016897347082738108,0.005551818302340452,0.0,924,60.0
1,0,2,random,0.0,1.0,0.0009172029244710143,0.0008448169952282803,-0.0009041804499927785,0.0,924,61.0
1,0,2,random_normmatched,0.0,1.0,0.01712541191941432,0.02139569896774103,0.030265822728829828,0.0,924,61.0
1,0,2,random,0.0,1.0,-0.0022280317340298405,-0.005167548668964,-0.0007171963465170714,0.0,924,62.0
1,0,2,random_normmatched,0.0,1.0,-0.015745934740562434,-0.014107007770895245,0.004803185694156735,0.0,924,62.0
1,0,2,random,0.0,1.0,0.0002892915347312954,-0.0011763802301624764,0.001075742060377774,0.0,924,63.0
1,0,2,random_normmatched,0.0,1.0,0.03223389435282966,0.021845740204286007,0.036637335609067886,0.0,924,63.0
1,0,2,random,0.0,1.0,3.0067259674043023e-05,5.206560327257638e-05,-0.00019897607681473156,0.0,924,64.0
1,0,2,random_normmatched,0.0,1.0,0.01239571692190225,0.014574272286182044,-0.0071114111403892954,0.0,924,64.0
1,0,2,random,0.0,1.0,-0.001005210027357295,-0.0009212234473534544,-0.0002583491243095237,0.0,924,65.0
1,0,2,random_normmatched,0.0,1.0,0.01392802148139621,0.0070706360407880005,0.02389345588008359,0.0,924,65.0
1,0,2,random,0.0,1.0,-0.0008800867760255212,-0.0018515791143802914,-0.0002998990595868815,0.0,924,66.0
1,0,2,random_normmatched,0.0,1.0,0.0181530933930596,0.005732585968507899,0.0049285323131587205,0.0,924,66.0
1,0,2,random,0.0,1.0,-0.0007285274707909085,-0.002320879923416763,-0.00041831349768322413,0.0,924,67.0
1,0,2,random_normmatched,0.0,1.0,0.006498328975884725,0.009406749587651654,0.0012368468375196042,0.0,924,67.0
1,0,2,random,0.0,1.0,-0.0011369818176327228,-0.002358635494650391,0.0005976016657512036,0.0,924,68.0
1,0,2,random_normmatched,0.0,1.0,-0.01107912688262166,-0.010139975919770368,0.026410823483297124,0.0,924,68.0
1,0,2,random,0.0,1.0,-0.0005308278124106149,-0.0007745181197795882,-0.0009355832120927991,0.0,924,69.0
1,0,2,random_normmatched,0.0,1.0,-0.0009643176777041984,0.0033253528641871296,-0.003297193682974137,0.0,924,69.0
1,0,2,random,0.0,1.0,-0.000804430277314698,-0.001074594472442663,0.0005160100322022384,0.0,924,70.0
1,0,2,random_normmatched,0.0,1.0,0.018203000795700787,0.014637363961474163,0.030397695106136276,0.0,924,70.0
1,0,2,random,0.0,1.0,0.0002594554592148004,0.0004916308361252114,-0.0007286946084558168,0.0,924,71.0
1,0,2,random_normmatched,0.0,1.0,0.019203228685053718,0.01572317721766051,0.00932339361099319,0.0,924,71.0
1,0,2,random,0.0,1.0,-0.00030767476073558333,3.472983673487136e-05,-4.13775199214574e-05,0.0,924,72.0
1,0,2,random_normmatched,0.0,1.0,0.001813082053534651,0.005264971523478191,0.008539718957727236,0.0,924,72.0
1,0,2,random,0.0,1.0,-0.00048627531262545893,-0.001832000836351309,0.000496024064723962,0.0,924,73.0
1,0,2,random_normmatched,0.0,1.0,-0.017551257188351273,-0.0188342792759573,0.028098621548129366,0.0,924,73.0
1,0,2,random,0.0,1.0,0.00031749344700807646,0.0011144175401844997,0.001107564147141765,0.0,924,74.0
1,0,2,random_normmatched,0.0,1.0,0.020497085904611544,0.023203761939191016,0.013064225731822346,0.0,924,74.0
1,0,2,random,0.0,1.0,-0.00030971377979585385,-0.0002019669208162529,0.00040325555187589285,0.0,924,75.0
1,0,2,random_normmatched,0.0,1.0,0.010309553604201757,0.011696577185996902,0.01179503016170285,0.0,924,75.0
1,0,2,random,0.0,1.0,-0.0008546865210782253,-0.0018509903706446494,0.0008793323690501446,0.0,924,76.0
1,0,2,random_normmatched,0.0,1.0,0.005110793303620954,0.0037986182606767178,0.024711155900677052,0.0,924,76.0
1,0,2,random,0.0,1.0,-0.0007927947819738984,-0.002291572724517408,-0.0008105239693336071,0.0,924,77.0
1,0,2,random_normmatched,0.0,1.0,0.00767685133582733,0.006890621502032449,0.014610330596926738,0.0,924,77.0
1,0,2,random,0.0,1.0,-0.0006992086261189798,-0.0015609258349579785,-0.0004993818854708808,0.0,924,78.0
1,0,2,random_normmatched,0.0,1.0,-0.00810969133983025,0.0032182198450177125,-0.0036475567525376474,0.0,924,78.0
1,0,2,random,0.0,1.0,-0.0018513115567451253,-0.0055593204352163954,-0.0015023654271061136,0.0,924,79.0
1,0,2,random_normmatched,0.0,1.0,-0.021712084908793654,-0.02136619697749806,0.0009092543566200206,0.0,924,79.0
1,0,2,random,0.0,1.0,-0.0008620351541572293,-0.0020398580765361787,-0.0023773833192538294,0.0,924,80.0
1,0,2,random_normmatched,0.0,1.0,0.0025546399015046782,0.0008808189550671812,-0.003131774021569188,0.0,924,80.0
1,0,2,random,0.0,1.0,-0.0013768375729049788,-0.0029620253225963963,-0.0002459753951934841,0.0,924,81.0
1,0,2,random_normmatched,0.0,1.0,-0.021311217668221666,-0.02034418127667313,0.005129725676987376,0.0,924,81.0
1,0,2,random,0.0,1.0,-0.0008604271840486573,-0.0010009629390779907,0.00029665001858643586,0.0,924,82.0
1,0,2,random_normmatched,0.0,1.0,0.019816450948494838,0.012953507821940477,0.026450392948105104,0.0,924,82.0
1,0,2,random,0.0,1.0,-0.0003445285984575063,-0.0013840044657433225,-0.0016668736757440318,0.0,924,83.0
1,0,2,random_normmatched,0.0,1.0,0.02692575397588068,0.018502162575637002,-0.009058116474261742,0.0,924,83.0
1,0,2,random,0.0,1.0,-0.0013957342360878771,-0.0022343637095639467,0.0003733449161263222,0.0,924,84.0
1,0,2,random_normmatched,0.0,1.0,-0.028110471892729527,-0.02881132333854495,0.018153982261222217,0.0,924,84.0
1,0,2,random,0.0,1.0,-0.0004670490563074926,-0.0021268279098454633,4.552438396283454e-05,0.0,924,85.0
1,0,2,random_normmatched,0.0,1.0,0.0005202145700027676,0.0023218338804841306,0.011542840005429038,0.0,924,85.0
1,0,2,random,0.0,1.0,0.000559416602688386,-0.001083943826357631,-0.00146597087414618,0.0,924,86.0
1,0,2,random_normmatched,0.0,1.0,0.05448508813457996,0.04251755442655996,-0.01932446830367105,0.0,924,86.0
1,0,2,random,0.0,1.0,0.001119376307236566,3.796382199122353e-05,0.0011030513132430464,0.0,924,87.0
1,0,2,random_normmatched,0.0,1.0,0.04152102175858798,0.04339347906152069,0.02618581283591273,0.0,924,87.0
1,0,2,random,0.0,1.0,-0.0009532910853846108,-0.00217584672685237,-0.0009513230593070646,0.0,924,88.0
1,0,2,random_normmatched,0.0,1.0,-0.005300376711308306,-0.0018137977602680373,0.0032714260372436713,0.0,924,88.0
1,0,2,random,0.0,1.0,0.0016373040455434553,0.002082604989699658,-0.0001715260570136551,0.0,924,89.0
1,0,2,random_normmatched,0.0,1.0,0.0745409712648378,0.046669201827894566,0.009541752551207452,0.0,924,89.0
1,0,2,random,0.0,1.0,-0.0002698927021281246,-0.001901607729671534,0.0005557304107271616,0.0,924,90.0
1,0,2,random_normmatched,0.0,1.0,-0.002576004906198622,0.0021981757768296892,0.002006520944718136,0.0,924,90.0
1,0,2,random,0.0,1.0,-0.0004990504213932064,-0.0019912496247975814,-0.0006032962733031348,0.0,924,91.0
1,0,2,random_normmatched,0.0,1.0,0.00010059597714948167,0.00013584441179076006,0.010358632346309517,0.0,924,91.0
1,0,2,random,0.0,1.0,-0.001688913876976846,-0.0024846699450032836,0.0030801772419748164,0.0,924,92.0
1,0,2,random_normmatched,0.0,1.0,-0.019520218501185932,-0.02762737135004525,0.04759773024156015,0.0,924,92.0
1,0,2,random,0.0,1.0,-0.0009135145469821385,-0.004016387385062228,0.0002201166029503965,0.0,924,93.0
1,0,2,random_normmatched,0.0,1.0,-0.0063477537685298555,-0.008354343091413334,0.013516862139581379,0.0,924,93.0
1,0,2,random,0.0,1.0,-0.0005759231682849043,-0.002205331199460257,0.00011021476713071027,0.0,924,94.0
1,0,2,random_normmatched,0.0,1.0,-0.0017868482941652145,-0.004272373152511778,0.013409321043439164,0.0,924,94.0
1,0,2,random,0.0,1.0,-6.669294384302921e-05,-0.0006044556753047673,0.0015678975335372003,0.0,924,95.0
1,0,2,random_normmatched,0.0,1.0,0.012981530452815925,0.010723245703374538,0.04204333349233585,0.0,924,95.0
1,0,2,random,0.0,1.0,-0.0017035611246069226,-0.0024672889689812657,-0.0010980120305577447,0.0,924,96.0
1,0,2,random_normmatched,0.0,1.0,-0.02404607184230314,-0.0183343927919453,0.007002979871541963,0.0,924,96.0
1,0,2,random,0.0,1.0,2.0678724053220877e-05,-0.0002523974989309107,-0.0004968487124888818,0.0,924,97.0
1,0,2,random_normmatched,0.0,1.0,0.039208630042314105,0.02662865431373501,-0.01510936133568895,0.0,924,97.0
1,0,2,random,0.0,1.0,-7.466489509496359e-05,-0.0008719589641086613,-0.00042593796523823617,0.0,924,98.0
1,0,2,random_normmatched,0.0,1.0,0.013205154258447427,0.01376624884129117,0.031646243433977456,0.0,924,98.0
1,0,2,random,0.0,1.0,-0.0014621026397546107,-0.0027522573374014142,0.0003737920106528687,0.0,924,99.0
1,0,2,random_normmatched,0.0,1.0,0.004921607103680633,-0.00216646423656084,0.016891901654329074,0.0,924,99.0
1,0,2,shuffled_labels,0.23214285714285715,1.0,0.436306754088724,0.414190888538669,0.2950516363232343,0.16666666666666666,924,
1,0,3,random,0.0,1.0,-0.001079954773805205,-0.0027579053714744655,0.0009991511222899574,0.0,924,0.0
1,0,3,random_normmatched,0.0,1.0,-0.004242972582277637,-0.004488897072653339,0.02834528077206449,0.0,924,0.0
1,0,3,random,0.0,1.0,0.0004025565560325041,0.0002334394207102743,-0.0006313408060553711,0.0,924,1.0
1,0,3,random_normmatched,0.0,1.0,0.015224917089810275,0.012551804051562521,-0.001083506445840052,0.0,924,1.0
1,0,3,random,0.0,1.0,-0.0008546749968797434,-0.000695391251548298,-0.0005531007618338507,0.0,924,2.0
1,0,3,random_normmatched,0.0,1.0,-0.0024049544666295947,0.011009120507120688,-0.0038328644792663636,0.0,924,2.0
1,0,3,random,0.0,1.0,0.0019915750079686143,0.001323803385586461,-0.0005808635390533922,0.0,924,3.0
1,0,3,random_normmatched,0.0,1.0,0.06962418122076491,0.05104356535301671,-0.001299274194687902,0.0,924,3.0
1,0,3,random,0.0,1.0,-0.0011659159845072962,-0.001274916702249525,3.3066820526516406e-05,0.0,924,4.0
1,0,3,random_normmatched,0.0,1.0,0.0006441645757145806,0.001324736856004249,0.00627040448827422,0.0,924,4.0
1,0,3,random,0.0,1.0,-0.0025708699622719175,-0.004767984028649634,-0.0005587679513792958,0.0,924,5.0
1,0,3,random_normmatched,0.0,1.0,-0.01876723754310034,-0.03748298733985191,-0.008061796332910116,0.0,924,5.0
1,0,3,random,0.0,1.0,-0.0008974241200767875,-0.000670126382798495,-0.0003694359335633796,0.0,924,6.0
1,0,3,random_normmatched,0.0,1.0,0.011884674370848659,0.012898564130565785,0.012684938420658865,0.0,924,6.0
1,0,3,random,0.0,1.0,-0.0007205865924518752,-0.002469631676989448,-3.992130175078172e-06,0.0,924,7.0
1,0,3,random_normmatched,0.0,1.0,-0.02925387352883701,-0.015317608288125303,0.005333787539967269,0.0,924,7.0
1,0,3,random,0.0,1.0,0.00017764555978567312,-0.00019566995509515502,0.0008769249535869683,0.0,924,8.0
1,0,3,random_normmatched,0.0,1.0,0.013813526374511999,0.014182895210862821,0.011059854067066683,0.0,924,8.0
1,0,3,random,0.0,1.0,-0.0033133863728589726,-0.00552042991520279,-0.00019842128833620778,0.0,924,9.0
1,0,3,random_normmatched,0.0,1.0,-0.0036052079536382587,-0.008126157715733768,0.0014445680477554318,0.0,924,9.0
1,0,3,random,0.0,1.0,-0.0001470524662565857,-0.0007878493609240072,-0.00012544263340153708,0.0,924,10.0
1,0,3,random_normmatched,0.0,1.0,0.011915670718375486,0.012692647061361643,-0.004940318270086227,0.0,924,10.0
1,0,3,random,0.0,1.0,7.040590371152738e-05,0.000402048219628849,0.00020005049764029918,0.0,924,11.0
1,0,3,random_normmatched,0.0,1.0,0.015161317134908828,0.014460212575629891,0.009324930587999958,0.0,924,11.0
1,0,3,random,0.0,1.0,0.00029849858840956056,0.0004115764070893939,-0.0009555430830694164,0.0,924,12.0
1,0,3,random_normmatched,0.0,1.0,0.03221295133319249,0.0334795274482094,-0.022523019988124372,0.0,924,12.0
1,0,3,random,0.0,1.0,0.0002658112799078633,0.0003537412281042656,0.0001583039666365181,0.0,924,13.0
1,0,3,random_normmatched,0.0,1.0,0.025281705076119234,0.01918988682683478,0.0031067120991217457,0.0,924,13.0
1,0,3,random,0.0,1.0,-0.0007658773001410018,-0.0019230863359930063,-0.0001538162224489077,0.0,924,14.0
1,0,3,random_normmatched,0.0,1.0,0.01096820223511993,0.009528869173797456,0.010057695140855865,0.0,924,14.0
1,0,3,random,0.0,1.0,0.000706423385371743,0.0008085306846888786,-0.0014474820186407469,0.0,924,15.0
1,0,3,random_normmatched,0.0,1.0,0.025720849148725,0.02356981731993648,-0.0038773533534499686,0.0,924,15.0
1,0,3,random,0.0,1.0,-0.0008575711424141572,-0.0020078837750318584,-0.0012835449070452084,0.0,924,16.0
1,0,3,random_normmatched,0.0,1.0,0.005333867790372825,0.014006279034498394,0.007280264662541716,0.0,924,16.0
1,0,3,random,0.0,1.0,-0.0002262881270814931,-0.0005482387222479022,-8.320476515992896e-05,0.0,924,17.0
1,0,3,random_normmatched,0.0,1.0,0.00789634941095996,0.010447105430768216,0.009538744188831987,0.0,924,17.0
1,0,3,random,0.0,1.0,0.0013375342050361786,0.002735579697303587,0.001003048996131717,0.0,924,18.0
1,0,3,random_normmatched,0.0,1.0,0.051926536479690005,0.047970928931642495,0.027735464357398813,0.0,924,18.0
1,0,3,random,0.0,1.0,0.0006234955692998235,0.0014426961964978118,-0.0010939921276354493,0.0,924,19.0
1,0,3,random_normmatched,0.0,1.0,0.023646443749918603,0.023214176252883998,-0.004188532849420934,0.0,924,19.0
1,0,3,random,0.0,1.0,0.0004514529594194962,0.0007114601702802036,0.0010563277732388303,0.0,924,20.0
1,0,3,random_normmatched,0.0,1.0,0.04284087351954649,0.04331216155957245,0.048902020162027354,0.0,924,20.0
1,0,3,random,0.0,1.0,-0.0003219328329237786,-0.0001419823714161511,-0.00012681399064093905,0.0,924,21.0
1,0,3,random_normmatched,0.0,1.0,0.011118972910135833,0.009742651868999471,0.0008417682056370943,0.0,924,21.0
1,0,3,random,0.0,1.0,-0.0001758824570612434,-0.0009003864485327717,-0.0008567001799702095,0.0,924,22.0
1,0,3,random_normmatched,0.0,1.0,0.01919489385028567,0.016436847243528313,0.00754495751612963,0.0,924,22.0
1,0,3,random,0.0,1.0,-0.00021052757615097,-0.0007344181563238327,0.00012728871508595253,0.0,924,23.0
1,0,3,random_normmatched,0.0,1.0,0.004882434928347673,0.004386166560768078,0.025111200573213144,0.0,924,23.0
1,0,3,random,0.0,1.0,-0.0006447125522227445,-0.001206312626733779,-0.0009581316949886841,0.0,924,24.0
1,0,3,random_normmatched,0.0,1.0,0.010435445026548812,0.0058081250824213535,0.0015698415072204625,0.0,924,24.0
1,0,3,random,0.0,1.0,6.156667452273597e-05,-0.0006204709435280461,-0.0008236987199441428,0.0,924,25.0
1,0,3,random_normmatched,0.0,1.0,0.010171824900771967,0.009497750814942533,0.00024455070033443677,0.0,924,25.0
1,0,3,random,0.0,1.0,0.0009695595527598436,0.0019058463416557184,-0.001065686027569679,0.0,924,26.0
1,0,3,random_normmatched,0.0,1.0,0.02617723313877606,0.030679510087297083,-0.002289692434451371,0.0,924,26.0
1,0,3,random,0.0,1.0,-0.002226807733821702,-0.0036236407697056486,-0.00026254328509497184,0.0,924,27.0
1,0,3,random_normmatched,0.0,1.0,-0.024661475592457703,-0.013285832334103168,0.007744685035946872,0.0,924,27.0
1,0,3,random,0.0,1.0,-0.0005718682812707097,-0.001688797841732348,-0.0006382024834343562,0.0,924,28.0
1,0,3,random_normmatched,0.0,1.0,0.02148399038011571,-0.010674793775584713,0.0012787860254780251,0.0,924,28.0
1,0,3,random,0.0,1.0,-0.0009421642083745018,-0.0018079268655357013,0.0005089313492102903,0.0,924,29.0
1,0,3,random_normmatched,0.0,1.0,-0.004394170899911155,-0.007203013760888431,0.022041117943838943,0.0,924,29.0
1,0,3,random,0.0,1.0,-0.0013046664264513435,-0.0018807087481985858,-0.0005993124589663547,0.0,924,30.0
1,0,3,random_normmatched,0.0,1.0,-0.0210176919702407,-0.013222027736150459,-0.0014794491445618444,0.0,924,30.0
1,0,3,random,0.0,1.0,0.00019323676869795273,0.0008235329711897495,-0.0006261244840128094,0.0,924,31.0
1,0,3,random_normmatched,0.0,1.0,0.041228928333243854,0.035505187146280245,0.0039510147999016094,0.0,924,31.0
1,0,3,random,0.0,1.0,-0.0006836343363004268,-0.001511986326074222,-0.000740523705684152,0.0,924,32.0
1,0,3,random_normmatched,0.0,1.0,0.006396271053267299,0.012999828316984959,0.0016346941042901313,0.0,924,32.0
1,0,3,random,0.0,1.0,-0.0020078738717380345,-0.0019732851993954584,-0.00012990088486208978,0.0,924,33.0
1,0,3,random_normmatched,0.0,1.0,0.006899318075013057,-0.002519242185799323,0.020039345335340332,0.0,924,33.0
1,0,3,random,0.0,1.0,-0.0010886867021929428,-0.0018659278346579722,0.00018456572571008895,0.0,924,34.0
1,0,3,random_normmatched,0.0,1.0,-0.00870017282878667,-0.007466410414163631,-0.0016123951296321385,0.0,924,34.0
1,0,3,random,0.0,1.0,-0.00010673892563767132,-0.0008893326203271813,-0.00039173098039584097,0.0,924,35.0
1,0,3,random_normmatched,0.0,1.0,0.006701426716902121,0.007313481256859373,0.013853574182549476,0.0,924,35.0
1,0,3,random,0.0,1.0,-0.0001765550070528427,-0.00013758239709231183,-0.00021395328332332098,0.0,924,36.0
1,0,3,random_normmatched,0.0,1.0,0.010376375320191603,0.009064403229991806,0.012216738721993952,0.0,924,36.0
1,0,3,random,0.0,1.0,-0.0005483527290215144,-0.0015004986871650068,0.0002809151867125816,0.0,924,37.0
1,0,3,random_normmatched,0.0,1.0,0.007673173524229999,0.0007454840491426635,0.011623189778901206,0.0,924,37.0
1,0,3,random,0.0,1.0,-0.0011281811937307608,-0.00174158332753348,-0.00014183983208530308,0.0,924,38.0
1,0,3,random_normmatched,0.0,1.0,-0.005299179486854854,-0.0010171467534088024,0.014235332522989908,0.0,924,38.0
1,0,3,random,0.0,1.0,-0.0016973061181006451,-0.0023067883764908313,-0.00022141966320204988,0.0,924,39.0
1,0,3,random_normmatched,0.0,1.0,0.006662135863946889,0.011349841128002629,0.0028221566495602317,0.0,924,39.0
1,0,3,random,0.0,1.0,-0.0010518712666199362,-0.0020225028599472057,-0.00016253729611656874,0.0,924,40.0
1,0,3,random_normmatched,0.0,1.0,-0.023314961116927276,-0.020113783872373028,0.003146373730836886,0.0,924,40.0
1,0,3,random,0.0,1.0,-0.0001509845377708312,-0.0011365912195051666,-0.0002578732943184603,0.0,924,41.0
1,0,3,random_normmatched,0.0,1.0,0.010213440170005127,0.0031305012565134636,0.015241319585857924,0.0,924,41.0
1,0,3,random,0.0,1.0,0.00013961913107208787,0.00010298770582732421,-0.0006744068066448516,0.0,924,42.0
1,0,3,random_normmatched,0.0,1.0,0.020260328595990848,0.016886866117372282,-0.01066513269109192,0.0,924,42.0
1,0,3,random,0.0,1.0,-2.0410715712603227e-05,0.00042400668336436216,-0.000823838456583074,0.0,924,43.0
1,0,3,random_normmatched,0.0,1.0,0.011079682052508715,0.008128670613358778,-0.0038772958982624724,0.0,924,43.0
1,0,3,random,0.0,1.0,0.0051295500015648594,0.005098852004507331,-0.001111011569431625,0.0,924,44.0
1,0,3,random_normmatched,0.0,1.0,0.06506191760446553,0.06342158777180466,0.0035289792368529316,0.0,924,44.0
1,0,3,random,0.0,1.0,0.0006830484994099629,0.0015252432760931467,0.0015764355877594836,0.0,924,45.0
1,0,3,random_normmatched,0.0,1.0,0.029606118098812948,0.026912895369559407,0.022032892029066865,0.0,924,45.0
1,0,3,random,0.0,1.0,-0.000760732656435303,-0.0016489963595804884,-0.0002556702586068093,0.0,924,46.0
1,0,3,random_normmatched,0.0,1.0,0.002562599028422387,0.003207743336618443,-0.003225767604677144,0.0,924,46.0
1,0,3,random,0.0,1.0,-0.00020051012425717667,-0.00157457860435679,-0.00022086666795720816,0.0,924,47.0
1,0,3,random_normmatched,0.0,1.0,0.008885450027834522,0.00224123844991409,0.027091600160865183,0.0,924,47.0
1,0,3,random,0.0,1.0,0.0004273176292361434,0.0009978443421125207,0.0011479915721749855,0.0,924,48.0
1,0,3,random_normmatched,0.0,1.0,0.05327300285859795,0.04493276952055402,0.04741777330632527,0.0,924,48.0
1,0,3,random,0.0,1.0,-0.0009112427339584409,-0.0003797160803492635,0.0019840883931581373,0.0,924,49.0
1,0,3,random_normmatched,0.0,1.0,0.013377372237739238,0.016688744747778064,0.03197976181563386,0.0,924,49.0
1,0,3,random,0.0,1.0,0.0006382649934377103,-0.00031846681586333153,0.001035535606666198,0.0,924,50.0
1,0,3,random_normmatched,0.0,1.0,0.051239194536762435,0.03332470601020657,0.03506218816986813,0.0,924,50.0
1,0,3,random,0.0,1.0,1.3010240542304265e-05,-0.00037958905827185777,7.336808884555508e-05,0.0,924,51.0
1,0,3,random_normmatched,0.0,1.0,0.008522467817459392,0.004571320163215639,0.006849066295391807,0.0,924,51.0
1,0,3,random,0.0,1.0,0.0034270875195786784,0.0048593570172115914,9.338908312801513e-05,0.0,924,52.0
1,0,3,random_normmatched,0.0,1.0,0.06711087318499413,0.056150271133057504,0.004990382090713059,0.0,924,52.0
1,0,3,random,0.0,1.0,0.0003273955236276115,0.00024043594182057324,-1.961637604211923e-05,0.0,924,53.0
1,0,3,random_normmatched,0.0,1.0,0.006466079328505414,0.01011314547891797,0.013261213902514073,0.0,924,53.0
1,0,3,random,0.0,1.0,-0.0004194805903077769,-0.002188775699741423,5.345955156886631e-05,0.0,924,54.0
1,0,3,random_normmatched,0.0,1.0,0.011036403166517654,0.007691689877100342,-0.0003048886328765087,0.0,924,54.0
1,0,3,random,0.0,1.0,-6.313114283427742e-05,-0.00016148819999646733,-5.638633785266925e-05,0.0,924,55.0
1,0,3,random_normmatched,0.0,1.0,0.020285060563105622,0.01750543031956764,0.00675225607028352,0.0,924,55.0
1,0,3,random,0.0,1.0,-0.0006027603450083367,-0.0002917898162565746,-0.00038840937548674395,0.0,924,56.0
1,0,3,random_normmatched,0.0,1.0,0.014546458913053815,0.015314812676561792,0.005718132219670227,0.0,924,56.0
1,0,3,random,0.0,1.0,-0.0007493375888253195,-0.001806593301195555,-0.0002499972959448211,0.0,924,57.0
1,0,3,random_normmatched,0.0,1.0,-0.008291881277361206,-0.006916909613887388,0.012009404536441106,0.0,924,57.0
1,0,3,random,0.0,1.0,-0.0003374216675105077,-0.0017536926059951953,-0.0005860155216810359,0.0,924,58.0
1,0,3,random_normmatched,0.0,1.0,0.022536037214228616,0.015339299840009459,0.012202300834711882,0.0,924,58.0
1,0,3,random,0.0,1.0,-0.0001826205891775751,-0.00152579433275744,-0.00025826144504448057,0.0,924,59.0
1,0,3,random_normmatched,0.0,1.0,0.016022288544590445,0.011598400752004254,0.006720703221638195,0.0,924,59.0
1,0,3,random,0.0,1.0,-0.00032168243770658224,-0.0006628899883549264,-0.0003529396673075296,0.0,924,60.0
1,0,3,random_normmatched,0.0,1.0,0.004197181326513482,0.004891547170215524,-0.004078087324886482,0.0,924,60.0
1,0,3,random,0.0,1.0,-0.0005461672263650433,-0.0016479322193858003,-0.00035695229958187266,0.0,924,61.0
1,0,3,random_normmatched,0.0,1.0,0.01064310039988812,0.015845380751798824,0.005563557641587553,0.0,924,61.0
1,0,3,random,0.0,1.0,7.729370688422053e-05,0.0008128316721243692,0.00026201488900210357,0.0,924,62.0
1,0,3,random_normmatched,0.0,1.0,0.023019017832855905,0.02175094041728527,0.008398650689386163,0.0,924,62.0
1,0,3,random,0.0,1.0,-1.597537845453295e-05,-0.00017839688166389003,0.00010493488658063797,0.0,924,63.0
1,0,3,random_normmatched,0.0,1.0,0.0054600119984905444,0.004219214632666544,0.0044672975828320026,0.0,924,63.0
1,0,3,random,0.0,1.0,-0.001664930895177424,-0.003503233360792838,7.707276451212328e-05,0.0,924,64.0
1,0,3,random_normmatched,0.0,1.0,0.0008019142105398385,-0.0035504898681319712,0.0070493685951451765,0.0,924,64.0
1,0,3,random,0.0,1.0,-0.00020525923128228505,0.0006008481479178122,-0.0007364026510126487,0.0,924,65.0
1,0,3,random_normmatched,0.0,1.0,0.0077579612527983,0.010889720549640648,8.597745468408877e-05,0.0,924,65.0
1,0,3,random,0.0,1.0,-0.000502174503923069,-0.0013483634713976204,-0.0010052017184572486,0.0,924,66.0
1,0,3,random_normmatched,0.0,1.0,0.0014901832033298798,0.0010620419169706417,-0.007857953224320572,0.0,924,66.0
1,0,3,random,0.0,1.0,-0.00010190430697005034,-0.00045290547077494694,0.0006947783920469637,0.0,924,67.0
1,0,3,random_normmatched,0.0,1.0,0.00867417936772634,0.014723987647103462,0.023563375483096533,0.0,924,67.0
1,0,3,random,0.0,1.0,0.00010097982750580708,0.0004779205159608603,6.792639113399341e-05,0.0,924,68.0
1,0,3,random_normmatched,0.0,1.0,0.020909149717034628,0.021116382762035354,0.013090221602381822,0.0,924,68.0
1,0,3,random,0.0,1.0,-0.00021555907521037343,-0.0013396533486608716,-0.0007703603514288896,0.0,924,69.0
1,0,3,random_normmatched,0.0,1.0,0.022477547052465435,0.015220890871880093,-0.014770310578895968,0.0,924,69.0
1,0,3,random,0.0,1.0,-0.0007293094402389263,-0.0014930398759446606,-0.00033958149864054816,0.0,924,70.0
1,0,3,random_normmatched,0.0,1.0,0.009070240369486917,0.014207217291841582,0.001527717644070298,0.0,924,70.0
1,0,3,random,0.0,1.0,-8.474451921484388e-05,-0.0012349812581046136,0.0005175068949725071,0.0,924,71.0
1,0,3,random_normmatched,0.0,1.0,0.0204147921682752,0.01852994531383257,0.01460718863094076,0.0,924,71.0
1,0,3,random,0.0,1.0,-0.00027204655802487627,-0.001412625440546458,-0.00011174207492507958,0.0,924,72.0
1,0,3,random_normmatched,0.0,1.0,0.019104480718110665,0.016232767603068833,0.012513460375825992,0.0,924,72.0
1,0,3,random,0.0,1.0,0.0008816843428722141,0.0009313988391627069,-8.558225515195873e-06,0.0,924,73.0
1,0,3,random_normmatched,0.0,1.0,0.04533657824977215,0.03170850777768392,0.01019688810048107,0.0,924,73.0
1,0,3,random,0.0,1.0,-0.00034044536230191567,-0.0012097465999130021,-0.0005364210530271271,0.0,924,74.0
1,0,3,random_normmatched,0.0,1.0,0.020997455952422642,0.015628068637255594,0.010483087896431969,0.0,924,74.0
1,0,3,random,0.0,1.0,0.0002440496702237306,0.0011647987037153478,-0.00018343178500285578,0.0,924,75.0
1,0,3,random_normmatched,0.0,1.0,0.03592444787110785,0.03195828444410182,0.009627698979969727,0.0,924,75.0
1,0,3,random,0.0,1.0,-0.00035799020811353956,-0.0010196696426132488,-0.0004668782110619137,0.0,924,76.0
1,0,3,random_normmatched,0.0,1.0,0.01584947631117763,0.025634167756386276,0.011014993502932346,0.0,924,76.0
1,0,3,random,0.0,1.0,-0.0009152427684502803,-0.0024192777506167654,-0.0004054520453033896,0.0,924,77.0
1,0,3,random_normmatched,0.0,1.0,0.004827642808849874,-0.0015347963398064887,0.015347672383690267,0.0,924,77.0
1,0,3,random,0.0,1.0,-0.0001802616128138341,-0.0011142943781078858,0.00019627921087104588,0.0,924,78.0
1,0,3,random_normmatched,0.0,1.0,0.011292699643449963,0.010913203171462448,0.041056715308178435,0.0,924,78.0
1,0,3,random,0.0,1.0,-0.00018613482923844106,-0.0014305151509828508,-9.977127585633142e-05,0.0,924,79.0
1,0,3,random_normmatched,0.0,1.0,0.004249643314623623,0.0055407783744947,0.007454178314789385,0.0,924,79.0
1,0,3,random,0.0,1.0,-0.001012284330391347,-0.0017982411503592425,0.0001989771792661103,0.0,924,80.0
1,0,3,random_normmatched,0.0,1.0,0.00805683444453319,0.003789066151654818,0.013285082782200863,0.0,924,80.0
1,0,3,random,0.0,1.0,0.0003648139673708731,-0.0008263326821294524,-8.415219692542195e-05,0.0,924,81.0
1,0,3,random_normmatched,0.0,1.0,0.027639356109848356,0.023365606520982404,-0.005969057144037981,0.0,924,81.0
1,0,3,random,0.0,1.0,-0.00037157071416967283,-0.0008517571807996593,-0.0013375304259076863,0.0,924,82.0
1,0,3,random_normmatched,0.0,1.0,-0.002141650971717886,-3.8114360223686005e-05,-0.028617922160150022,0.0,924,82.0
1,0,3,random,0.0,1.0,0.0001006670182684538,8.715093864634508e-05,-9.529625357832476e-05,0.0,924,83.0
1,0,3,random_normmatched,0.0,1.0,0.0172133471685737,0.012131849613705711,0.0018398801596655398,0.0,924,83.0
1,0,3,random,0.0,1.0,-0.003531599516359825,-0.00361915363432176,-0.0004249773106236856,0.0,924,84.0
1,0,3,random_normmatched,0.0,1.0,-0.039957715160352424,-0.031366619166672854,-0.006807593158235462,0.0,924,84.0
1,0,3,random,0.0,1.0,9.041502468102326e-06,-0.00018554110311841174,-0.001230349341614542,0.0,924,85.0
1,0,3,random_normmatched,0.0,1.0,0.018350723998780814,0.019042130947735353,-0.005575921366826912,0.0,924,85.0
1,0,3,random,0.0,1.0,-0.0007518300734027487,-0.0009678524799523651,0.0009535635201611377,0.0,924,86.0
1,0,3,random_normmatched,0.0,1.0,-0.00038463564240270463,0.003497301832071772,0.0028678632248532216,0.0,924,86.0
1,0,3,random,0.0,1.0,0.00015401162559652495,0.0006470387802703199,0.0005159661764834206,0.0,924,87.0
1,0,3,random_normmatched,0.0,1.0,0.03207845897358527,0.034356550352608706,0.016364161957510615,0.0,924,87.0
1,0,3,random,0.0,1.0,-0.0005724364791939698,0.0002858144679404338,7.556312999582696e-05,0.0,924,88.0
1,0,3,random_normmatched,0.0,1.0,0.012895137984966769,0.022382196376681235,-0.0026448544296286693,0.0,924,88.0
1,0,3,random,0.0,1.0,-0.0004412307584655497,-0.0012305214158110807,-0.0003734253881981823,0.0,924,89.0
1,0,3,random_normmatched,0.0,1.0,0.004912514073346369,0.0048409944306852595,-0.0020938506444532247,0.0,924,89.0
1,0,3,random,0.0,1.0,0.0004957235569148794,0.0015848066256599958,-0.0003775253812516402,0.0,924,90.0
1,0,3,random_normmatched,0.0,1.0,0.028691636390010586,0.024967155001517624,0.007146262739275917,0.0,924,90.0
1,0,3,random,0.0,1.0,5.532187427917479e-05,0.00043976884933362437,-0.0011915426804089205,0.0,924,91.0
1,0,3,random_normmatched,0.0,1.0,0.027079322014563728,0.022856671344523512,-0.018779357963612204,0.0,924,91.0
1,0,3,random,0.0,1.0,-5.6251555031196815e-06,-0.0008897080256997755,0.0004030614345415002,0.0,924,92.0
1,0,3,random_normmatched,0.0,1.0,0.025473070429793465,0.01225712025885638,0.02383416396765988,0.0,924,92.0
1,0,3,random,0.0,1.0,0.0002965594180504706,0.00039425779589463364,-0.0004115594681667661,0.0,924,93.0
1,0,3,random_normmatched,0.0,1.0,0.029899666000774136,0.02458912283682141,0.007759562226655812,0.0,924,93.0
1,0,3,random,0.0,1.0,-0.0001501590295651391,-0.0007907031291551597,1.979850392149368e-05,0.0,924,94.0
1,0,3,random_normmatched,0.0,1.0,0.01232702246476242,0.008482122680533723,0.0005923575197576538,0.0,924,94.0
1,0,3,random,0.0,1.0,-0.0016474204155253718,-0.0011098460661671972,7.573957017204767e-05,0.0,924,95.0
1,0,3,random_normmatched,0.0,1.0,-0.003066966048827356,-4.511241357496323e-05,0.009165273455439778,0.0,924,95.0
1,0,3,random,0.0,1.0,0.0009360033910094198,0.0018586347579571606,-0.0013325591478173624,0.0,924,96.0
1,0,3,random_normmatched,0.0,1.0,0.023749680191477475,0.019293414584993975,0.014846874111694636,0.0,924,96.0
1,0,3,random,0.0,1.0,-0.000332613880810895,-0.0004958990691172942,-0.00022321113861850775,0.0,924,97.0
1,0,3,random_normmatched,0.0,1.0,-0.003695287711845061,0.006284352640769265,0.006416550243769501,0.0,924,97.0
1,0,3,random,0.0,1.0,-0.0015432247353890415,-0.0026217137216398437,-0.0004434829653970104,0.0,924,98.0
1,0,3,random_normmatched,0.0,1.0,-0.020949702629194895,-0.01028128944200852,0.012063859323701024,0.0,924,98.0
1,0,3,random,0.0,1.0,-0.00130610288307538,-0.0030239320359752987,-0.0002433988991182103,0.0,924,99.0
1,0,3,random_normmatched,0.0,1.0,-0.022859175680437063,-0.019758700133398376,0.008918021040055093,0.0,924,99.0
1,0,3,shuffled_labels,0.27976190476190477,0.9928571428571429,0.38973323974578744,0.4256829919444739,0.3199257176303,0.2638888888888889,924,
1,0,4,random,0.04285714285714286,0.9571428571428572,-0.0010764019164810062,-0.002814183950580173,-0.0008150836039694795,0.1,630,0.0
1,0,4,random_normmatched,0.04,0.9571428571428572,-0.03476570628806283,-0.013630908857241447,-0.0074402758850849625,0.06,630,0.0
1,0,4,random,0.04285714285714286,0.9571428571428572,0.0006896889771960795,0.0018737812768057844,-0.0004106804304445559,0.1,630,1.0
1,0,4,random_normmatched,0.04285714285714286,0.9571428571428572,0.023732628370452036,0.02610255174193499,0.001779701145342742,0.1,630,1.0
1,0,4,random,0.04285714285714286,0.9571428571428572,0.0017932919162294493,0.002807212928565205,-0.00037715909282276094,0.1,630,2.0
1,0,4,random_normmatched,0.04285714285714286,0.9571428571428572,0.0547133404279393,0.05842088522015851,0.008751281064399326,0.1,630,2.0
1,0,4,random,0.04285714285714286,0.9571428571428572,0.0043735950759700125,0.002682022543131185,-0.00031338019312023723,0.1,630,3.0
1,0,4,random_normmatched,0.04285714285714286,0.9571428571428572,0.04599745332478908,0.04475300550039278,-0.004425389061093398,0.1,630,3.0
1,0,4,random,0.04285714285714286,0.9571428571428572,3.171811124244865e-05,0.0006460331359261023,-0.00017328521849471065,0.1,630,4.0
1,0,4,random_normmatched,0.05142857142857143,0.9571428571428572,-0.003411620792676108,0.0011485416747314574,0.006516579081024493,0.1,630,4.0
1,0,4,random,0.04285714285714286,0.9571428571428572,9.359127087586722e-06,-0.0008186127234044499,-9.853166525095957e-05,0.1,630,5.0
1,0,4,random_normmatched,0.04857142857142857,0.95,-0.0036934192036841497,0.005350954021190671,0.0016593957942544664,0.1,630,5.0
1,0,4,random,0.04285714285714286,0.9571428571428572,-0.0003109762729955372,-0.001185450635041752,-0.0001293219757298297,0.1,630,6.0
1,0,4,random_normmatched,0.04285714285714286,0.9571428571428572,0.0014016410279913596,0.004856873231721875,0.001141564410987778,0.1,630,6.0
1,0,4,random,0.04285714285714286,0.9571428571428572,0.0007849262147806886,0.0005465773960679489,-0.00039636804907646243,0.1,630,7.0
1,0,4,random_normmatched,0.05142857142857143,0.9571428571428572,0.011004090103035106,0.016257785773652434,-0.016146306441004434,0.1,630,7.0
1,0,4,random,0.04285714285714286,0.9571428571428572,0.0006040793222600288,0.0019192537851657678,-0.0015543824555266019,0.1,630,8.0
1,0,4,random_normmatched,0.03428571428571429,0.9571428571428572,0.0298704758337316,0.03052562613629561,-0.0014257454603582816,0.04,630,8.0
1,0,4,random,0.04285714285714286,0.9571428571428572,0.00021806484731664745,-3.6623873350623677e-06,0.0002731837452112202,0.1,630,9.0
1,0,4,random_normmatched,0.04285714285714286,0.9571428571428572,0.017277744765005067,0.0243641133950585,-0.0020642335740198663,0.1,630,9.0
1,0,4,random,0.04285714285714286,0.9571428571428572,0.0035224291242270016,0.004816363273190993,0.00013231788434238368,0.1,630,10.0
1,0,4,random_normmatched,0.054285714285714284,0.9571428571428572,0.07676004124202676,0.060696069569978715,0.01186805223866916,0.1,630,10.0
1,0,4,random,0.04285714285714286,0.9571428571428572,0.0010795883993108381,0.00023319780017554573,0.001398311659950325,0.1,630,11.0
1,0,4,random_normmatched,0.054285714285714284,0.9571428571428572,0.03578524348527408,0.025508112060780255,0.023627730137453576,0.1,630,11.0
1,0,4,random,0.04285714285714286,0.9571428571428572,0.0021555104390035907,0.003918482799280763,1.4012697505754143e-05,0.1,630,12.0
1,0,4,random_normmatched,0.04285714285714286,0.9571428571428572,0.03532149241753204,0.04035910001375707,0.004347333758016796,0.1,630,12.0
1,0,4,random,0.04285714285714286,0.9571428571428572,0.0007208000219254759,0.0007094131557184395,-0.00011262812799554178,0.1,630,13.0
1,0,4,random_normmatched,0.04285714285714286,0.9571428571428572,0.016358735859057862,0.0238464285939909,-0.0009097535350432533,0.1,630,13.0
1,0,4,random,0.04285714285714286,0.9571428571428572,0.0010080879608195949,0.001439572573537897,-7.34615831251144e-05,0.1,630,14.0
1,0,4,random_normmatched,0.04285714285714286,0.9571428571428572,0.029974277071315763,0.030927426895916186,0.0038471313664937665,0.1,630,14.0
1,0,4,random,0.04285714285714286,0.9571428571428572,0.00037241317414302177,0.0016768465437004556,0.00048160394973952134,0.1,630,15.0
1,0,4,random_normmatched,0.04857142857142857,0.9571428571428572,0.011229127559634212,0.009142087016400352,0.014306916949925861,0.1,630,15.0
1,0,4,random,0.04285714285714286,0.9571428571428572,0.002319574936393813,0.0024732266581776016,-0.0005859189507225238,0.1,630,16.0
1,0,4,random_normmatched,0.04285714285714286,0.9571428571428572,0.023726310027046296,0.02131935409391035,0.01614809566143851,0.1,630,16.0
1,0,4,random,0.04285714285714286,0.9571428571428572,-0.0007721162439620246,0.00017026101878873424,-0.001137546378767638,0.1,630,17.0
1,0,4,random_normmatched,0.045714285714285714,0.9571428571428572,0.006956616938245626,0.009765352924438392,-0.009094768678213051,0.1,630,17.0
1,0,4,random,0.04285714285714286,0.9571428571428572,-0.00017845083118755314,0.002727424338679074,-0.0009832607120615928,0.1,630,18.0
1,0,4,random_normmatched,0.045714285714285714,0.9571428571428572,0.029386962991341085,0.029887233506948385,-0.000615723396581167,0.1,630,18.0
1,0,4,random,0.04285714285714286,0.9571428571428572,0.0005856250207106632,-0.0008464454514834238,4.7247732661899334e-05,0.1,630,19.0
1,0,4,random_normmatched,0.045714285714285714,0.9571428571428572,0.0029004659544226204,0.019158087351624293,0.0036366590334670013,0.1,630,19.0
1,0,4,random,0.04285714285714286,0.9571428571428572,-0.00013621475486543162,-0.0002848331443505387,-0.0003489599436236167,0.1,630,20.0
1,0,4,random_normmatched,0.045714285714285714,0.9571428571428572,0.011812496553135864,0.023175030112157432,-0.010327417458878975,0.1,630,20.0
1,0,4,random,0.04285714285714286,0.9571428571428572,-0.000949896445180157,-0.00036996489959986896,-0.0008646451423994764,0.1,630,21.0
1,0,4,random_normmatched,0.037142857142857144,0.9571428571428572,0.008069651406091503,0.020877594858779668,-0.016975913575318854,0.04,630,21.0
1,0,4,random,0.04285714285714286,0.9571428571428572,0.0004132347503201784,0.0014097689317194653,-9.082333383050578e-05,0.1,630,22.0
1,0,4,random_normmatched,0.04285714285714286,0.9571428571428572,0.025665561320210604,0.028078141930326258,0.021368847764814212,0.1,630,22.0
1,0,4,random,0.04285714285714286,0.9571428571428572,0.0010202711686950283,0.0004614568328561472,-0.00016782595748933532,0.1,630,23.0
1,0,4,random_normmatched,0.045714285714285714,0.9571428571428572,0.02738533568342542,0.031375740499770564,-0.0005245471714961737,0.1,630,23.0
1,0,4,random,0.04285714285714286,0.9571428571428572,-5.449341167066812e-05,-5.7206409204392736e-05,5.128396243309587e-05,0.1,630,24.0
1,0,4,random_normmatched,0.045714285714285714,0.95,0.022610314713530706,0.03427665966663815,-0.0010968219249955188,0.1,630,24.0
1,0,4,random,0.04285714285714286,0.9571428571428572,-5.9392137106227525e-05,0.0006985562286303766,-0.0016334791084263323,0.1,630,25.0
1,0,4,random_normmatched,0.045714285714285714,0.95,0.01966185005141331,0.030500731370955225,-0.02883218650189016,0.06,630,25.0
1,0,4,random,0.04285714285714286,0.9571428571428572,-3.679026596453971e-05,-0.0003468836969907252,0.0004967930174598149,0.1,630,26.0
1,0,4,random_normmatched,0.054285714285714284,0.9535714285714286,0.02128275671042338,0.023243095043359294,-0.0009497677277667043,0.1,630,26.0
1,0,4,random,0.04285714285714286,0.9571428571428572,0.002281532047625016,0.003053668727667175,-0.000272564914331135,0.1,630,27.0
1,0,4,random_normmatched,0.05714285714285714,0.9535714285714286,0.050270478661450416,0.055937593650979604,0.005489709885869562,0.1,630,27.0
1,0,4,random,0.04285714285714286,0.9571428571428572,0.001339469017935624,0.003966565434597929,0.001919388454971241,0.1,630,28.0
1,0,4,random_normmatched,0.05714285714285714,0.9571428571428572,0.043732470365332995,0.04367661004095382,0.045471376074366604,0.1,630,28.0
1,0,4,random,0.04285714285714286,0.9571428571428572,-3.162534979282534e-05,-0.00041029498708716457,-8.324630650661217e-05,0.1,630,29.0
1,0,4,random_normmatched,0.045714285714285714,0.9571428571428572,0.010211796872426883,0.010178561644677533,-0.01258734331213993,0.1,630,29.0
1,0,4,random,0.04285714285714286,0.9571428571428572,0.0005675874157956439,0.0015146043605335897,-0.0008487861185881429,0.1,630,30.0
1,0,4,random_normmatched,0.04285714285714286,0.9571428571428572,0.007548074378002435,0.015233376943550385,-0.02436129750943797,0.1,630,30.0
1,0,4,random,0.04285714285714286,0.9571428571428572,0.0008505593205483203,0.0023144963305446577,0.0005216062477066755,0.1,630,31.0
1,0,4,random_normmatched,0.04857142857142857,0.9571428571428572,0.03506570678642371,0.03060437501648616,0.01577815440476992,0.1,630,31.0
1,0,4,random,0.04285714285714286,0.9571428571428572,0.00350481182665608,0.0032292133095362086,-0.00010402187332489736,0.1,630,32.0
1,0,4,random_normmatched,0.045714285714285714,0.9535714285714286,0.05953544986471981,0.06151134594218097,0.004649826196203362,0.1,630,32.0
1,0,4,random,0.04285714285714286,0.9571428571428572,0.0004158441967959232,2.9210626164212216e-05,-0.0005738750536609118,0.1,630,33.0
1,0,4,random_normmatched,0.04285714285714286,0.9571428571428572,0.019916078531540888,0.022264530574076662,-0.0010343122088378796,0.1,630,33.0
1,0,4,random,0.04285714285714286,0.9571428571428572,-1.6408487916122035e-05,-0.00010332699329330493,-0.0005909631934312943,0.1,630,34.0
1,0,4,random_normmatched,0.045714285714285714,0.9571428571428572,0.014982090578748075,0.019435756750993755,0.007367858217669809,0.1,630,34.0
1,0,4,random,0.04285714285714286,0.9571428571428572,0.0009629276460924891,0.0021594212461764632,-0.00023402835833495828,0.1,630,35.0
1,0,4,random_normmatched,0.045714285714285714,0.9571428571428572,0.03403910454877358,0.04083365552803376,-0.008878869316000465,0.1,630,35.0
1,0,4,random,0.04285714285714286,0.9571428571428572,0.0001563185026444461,0.0010528331025411598,-0.00019042775724821212,0.1,630,36.0
1,0,4,random_normmatched,0.054285714285714284,0.9571428571428572,0.018545616098077828,0.023768184386864476,0.016185739543063783,0.1,630,36.0
1,0,4,random,0.04285714285714286,0.9571428571428572,0.0015270094288396502,0.003952198705654532,-0.0003428788656175733,0.1,630,37.0
1,0,4,random_normmatched,0.045714285714285714,0.9571428571428572,0.042649430059142616,0.042900646418355275,-0.0071578651008848216,0.1,630,37.0
1,0,4,random,0.04285714285714286,0.9571428571428572,0.003112745360878351,0.0045065157044208,0.00041770843976970127,0.1,630,38.0
1,0,4,random_normmatched,0.05714285714285714,0.9571428571428572,0.08889078610023365,0.060933360845191534,0.012904173697846775,0.1,630,38.0
1,0,4,random,0.04285714285714286,0.9571428571428572,0.0014209051581126236,0.0024206043735642106,0.0003289734453357944,0.1,630,39.0
1,0,4,random_normmatched,0.04857142857142857,0.9571428571428572,0.04370297865020826,0.04129961139551333,0.0006341617747734494,0.1,630,39.0
1,0,4,random,0.04285714285714286,0.9571428571428572,-0.00021824073570728695,-0.0009010938649369457,-0.00011996665027512854,0.1,630,40.0
1,0,4,random_normmatched,0.045714285714285714,0.9535714285714286,0.003927970049828313,0.008045263395236035,-0.00323630928997379,0.1,630,40.0
1,0,4,random,0.04285714285714286,0.9571428571428572,0.0012836485067882718,0.00015392217784404385,0.00028310415937137136,0.1,630,41.0
1,0,4,random_normmatched,0.04285714285714286,0.9571428571428572,0.04671184953237453,0.03560294356563916,0.02614249494119799,0.08,630,41.0
1,0,4,random,0.04285714285714286,0.9571428571428572,0.0003631600091751269,-0.00013903603749847344,0.0007251762019095269,0.1,630,42.0
1,0,4,random_normmatched,0.045714285714285714,0.9535714285714286,0.02227847880884023,0.021519684089025885,0.015884258203367786,0.1,630,42.0
1,0,4,random,0.04285714285714286,0.9571428571428572,0.0006876311518718282,-1.0237213100489798e-05,-0.00033556947229388485,0.1,630,43.0
1,0,4,random_normmatched,0.04857142857142857,0.9571428571428572,0.02141313966924988,0.025495351189688646,-2.278011494053647e-05,0.1,630,43.0
1,0,4,random,0.04285714285714286,0.9571428571428572,0.00014187882115837455,0.0006409070258815818,3.069883859471632e-05,0.1,630,44.0
1,0,4,random_normmatched,0.05714285714285714,0.9571428571428572,0.0005971959863438642,0.01029557489186544,0.015638436866028945,0.1,630,44.0
1,0,4,random,0.04285714285714286,0.9571428571428572,0.0006060955675849792,-0.0001644374970779352,0.0007561833661765449,0.1,630,45.0
1,0,4,random_normmatched,0.05142857142857143,0.9571428571428572,0.013040807601738097,0.017215927459511147,0.032311444412173415,0.1,630,45.0
1,0,4,random,0.04285714285714286,0.9571428571428572,0.0004981476996260133,0.0008740209978164415,-0.0003807335397318954,0.1,630,46.0
1,0,4,random_normmatched,0.04285714285714286,0.9571428571428572,0.011252763569783619,0.01367241970160015,0.0025790176595319914,0.1,630,46.0
1,0,4,random,0.04285714285714286,0.9571428571428572,-0.00039687619127557855,-0.0014918331353459178,-0.00023654137367721365,0.1,630,47.0
1,0,4,random_normmatched,0.04857142857142857,0.9571428571428572,0.003397677038767176,0.00750749299218464,0.0003063232065645732,0.1,630,47.0
1,0,4,random,0.04285714285714286,0.9571428571428572,0.0013383144702114385,0.0009644647847402824,0.0015260959502219624,0.1,630,48.0
1,0,4,random_normmatched,0.045714285714285714,0.9571428571428572,0.037188640472527595,0.034236524850545264,0.027053204861627142,0.1,630,48.0
1,0,4,random,0.04285714285714286,0.9571428571428572,0.0005037936748036853,0.001216580898798372,-3.906396344039659e-05,0.1,630,49.0
1,0,4,random_normmatched,0.04857142857142857,0.9571428571428572,0.013047119301041922,0.013666672841965316,0.0009607284694441663,0.1,630,49.0
1,0,4,random,0.04285714285714286,0.9571428571428572,0.00046616880041537855,-0.001066114847661681,0.00010069816625405824,0.1,630,50.0
1,0,4,random_normmatched,0.05142857142857143,0.9571428571428572,0.015596204947238644,0.021735166983503154,0.011411701320756827,0.1,630,50.0
1,0,4,random,0.04285714285714286,0.9571428571428572,0.00011654578703993834,6.0625730620317444e-05,0.00021448432787418633,0.1,630,51.0
1,0,4,random_normmatched,0.04857142857142857,0.9571428571428572,0.013894976649473065,0.023051033975171525,0.016792841609776867,0.1,630,51.0
1,0,4,random,0.04285714285714286,0.9571428571428572,-3.9619535684064647e-05,-0.002454783294107034,-0.00029876411524070443,0.1,630,52.0
1,0,4,random_normmatched,0.045714285714285714,0.9571428571428572,0.010276410791001932,0.01764510150945427,-0.011989220097132455,0.1,630,52.0
1,0,4,random,0.04285714285714286,0.9571428571428572,4.181179601660837e-05,-0.0010831015836887576,-0.0008195156976659723,0.1,630,53.0
1,0,4,random_normmatched,0.045714285714285714,0.9571428571428572,0.006769825918762089,-0.00012239957532631453,-0.010588995867448272,0.1,630,53.0
1,0,4,random,0.04285714285714286,0.9571428571428572,-0.00022115384031721515,-0.0004135043941416832,-0.00034161826134200036,0.1,630,54.0
1,0,4,random_normmatched,0.04285714285714286,0.9571428571428572,0.012492599149347788,0.013463040098356487,-0.0028854233160468864,0.1,630,54.0
1,0,4,random,0.04285714285714286,0.9571428571428572,0.0004147206623049975,-0.00045363341679762305,0.0006580566437545532,0.1,630,55.0
1,0,4,random_normmatched,0.045714285714285714,0.9571428571428572,0.022834286287831365,0.007712677103081594,0.041789981421559916,0.06,630,55.0
1,0,4,random,0.04285714285714286,0.9571428571428572,0.001094901489832826,0.0011738950799111718,-0.0008002724969025936,0.1,630,56.0
1,0,4,random_normmatched,0.045714285714285714,0.9571428571428572,0.019398399226477674,0.031360128468191736,-0.01340049622511015,0.1,630,56.0
1,0,4,random,0.04285714285714286,0.9571428571428572,0.0005800691934862951,0.000714819696166704,0.001270720946975681,0.1,630,57.0
1,0,4,random_normmatched,0.05142857142857143,0.9571428571428572,0.02242922137366813,0.023477168083726057,0.03153318727097148,0.1,630,57.0
1,0,4,random,0.04285714285714286,0.9571428571428572,0.00014856744908618518,-0.0001594983500807087,0.00042484027679499166,0.1,630,58.0
1,0,4,random_normmatched,0.045714285714285714,0.9571428571428572,0.009198462938669029,0.015923991181244542,0.026486350956012226,0.1,630,58.0
1,0,4,random,0.04285714285714286,0.9571428571428572,0.00019159247592868194,0.0009070734247480074,-0.0011441519712005114,0.1,630,59.0
1,0,4,random_normmatched,0.04857142857142857,0.9571428571428572,0.031030523916312305,0.018228969451285125,-0.0022940645832631506,0.1,630,59.0
1,0,4,random,0.04285714285714286,0.9571428571428572,-0.001227598315904308,-0.0012026647973209475,8.780172131119405e-05,0.1,630,60.0
1,0,4,random_normmatched,0.045714285714285714,0.9535714285714286,0.002099645238749285,0.006878797751088207,0.002980147460041178,0.1,630,60.0
1,0,4,random,0.04285714285714286,0.9571428571428572,0.0011308755481690164,0.0016304898519237294,-0.002081747599427936,0.1,630,61.0
1,0,4,random_normmatched,0.04285714285714286,0.9571428571428572,0.03905286531538469,0.037887708487831726,-0.03418446143344306,0.1,630,61.0
1,0,4,random,0.04285714285714286,0.9571428571428572,0.0015537881810026276,0.0013942416565820087,-0.0005209875015191585,0.1,630,62.0
1,0,4,random_normmatched,0.04285714285714286,0.9571428571428572,0.03356805300777565,0.04719133338233654,-0.006662461701354966,0.1,630,62.0
1,0,4,random,0.04285714285714286,0.9571428571428572,0.0006664283507468064,0.0011207809874776802,-0.00011701518728102755,0.1,630,63.0
1,0,4,random_normmatched,0.04857142857142857,0.95,0.012820179510244558,0.006843228664913179,-0.00044449117708910855,0.1,630,63.0
1,0,4,random,0.04285714285714286,0.9571428571428572,0.0022549500166891626,0.0026219663839850468,0.0018655557084724132,0.1,630,64.0
1,0,4,random_normmatched,0.045714285714285714,0.9571428571428572,0.04167560355968386,0.035891735760621456,0.018198953679648352,0.1,630,64.0
1,0,4,random,0.04285714285714286,0.9571428571428572,0.0012896046751299582,0.0018999325160781576,-0.0002354721697119443,0.1,630,65.0
1,0,4,random_normmatched,0.04285714285714286,0.9571428571428572,0.024645483354119074,0.039698801185184644,-0.0009009998408681873,0.1,630,65.0
1,0,4,random,0.04285714285714286,0.9571428571428572,0.00034668188397632177,0.0005126043231799682,0.00019357358089865136,0.1,630,66.0
1,0,4,random_normmatched,0.04857142857142857,0.9571428571428572,0.0006950544063286517,0.008156603256288726,-0.0012184825654730019,0.1,630,66.0
1,0,4,random,0.04285714285714286,0.9571428571428572,0.0006554308092361396,0.0010109957241909722,0.0004886085663830037,0.1,630,67.0
1,0,4,random_normmatched,0.04285714285714286,0.9571428571428572,0.022467482702026594,0.025597534176352608,0.0025365832723533593,0.1,630,67.0
1,0,4,random,0.04285714285714286,0.9571428571428572,0.00013925138225775603,0.00019198795152440407,-0.0011689901284292403,0.1,630,68.0
1,0,4,random_normmatched,0.04285714285714286,0.9571428571428572,0.014068873388454032,0.01292539651226799,-0.0011742322177980265,0.1,630,68.0
1,0,4,random,0.04285714285714286,0.9571428571428572,-0.0003999470829303845,-0.002096834588786985,0.0004434563390205387,0.1,630,69.0
1,0,4,random_normmatched,0.05714285714285714,0.9571428571428572,-0.007858393581220507,0.01082786532416325,0.008912810426960497,0.1,630,69.0
1,0,4,random,0.04285714285714286,0.9571428571428572,0.001895463053446729,0.0009419314759896226,-0.0023356997056692965,0.1,630,70.0
1,0,4,random_normmatched,0.04285714285714286,0.9571428571428572,0.03621700920543983,0.03140968433312208,-0.022305579641541316,0.1,630,70.0
1,0,4,random,0.04285714285714286,0.9571428571428572,0.0008476875995797834,0.0023954742729092857,7.297238666876933e-05,0.1,630,71.0
1,0,4,random_normmatched,0.05142857142857143,0.9571428571428572,0.028851711816175473,0.05166725686888918,-0.0011652189299230199,0.1,630,71.0
1,0,4,random,0.04285714285714286,0.9571428571428572,-0.0003189073158449108,-0.0006502269182747087,-0.0009371711537992773,0.1,630,72.0
1,0,4,random_normmatched,0.054285714285714284,0.9571428571428572,-0.00760119832717344,-0.001129110349956187,0.0016325606753713816,0.1,630,72.0
1,0,4,random,0.04285714285714286,0.9571428571428572,-9.084068944221297e-05,-0.0013635625185859153,0.0006846944811313014,0.1,630,73.0
1,0,4,random_normmatched,0.04285714285714286,0.9571428571428572,0.01617108721866924,0.015178363159241344,0.009721234245054226,0.1,630,73.0
1,0,4,random,0.04285714285714286,0.9571428571428572,0.0006976795071979362,0.0012494232301603807,-0.0008198267977510551,0.1,630,74.0
1,0,4,random_normmatched,0.04,0.9571428571428572,0.017910597156999306,0.020674010372265652,-0.006254136885724616,0.08,630,74.0
1,0,4,random,0.04285714285714286,0.9571428571428572,-8.654998528098976e-05,-0.001971461463994917,-0.0007038626978436414,0.1,630,75.0
1,0,4,random_normmatched,0.04285714285714286,0.9571428571428572,-0.0225732240725162,0.003553404817665568,-0.002847020481635894,0.1,630,75.0
1,0,4,random,0.04285714285714286,0.9535714285714286,0.0004683146024407745,0.00020706295182969166,-0.00024621691750208494,0.1,630,76.0
1,0,4,random_normmatched,0.05142857142857143,0.9571428571428572,0.024744569985117263,0.021712598806303066,-0.005800303967642685,0.1,630,76.0
1,0,4,random,0.04285714285714286,0.9571428571428572,-0.0012197040620974236,-0.0013357616154079826,0.0006596175928745296,0.1,630,77.0
1,0,4,random_normmatched,0.04285714285714286,0.9571428571428572,-0.007516813225341488,0.004400188627985062,0.015817249028825715,0.1,630,77.0
1,0,4,random,0.04285714285714286,0.9571428571428572,0.0052117288552444106,0.007541457975095218,-0.0009853842955217505,0.1,630,78.0
1,0,4,random_normmatched,0.05142857142857143,0.9571428571428572,0.07556836313431627,0.07361220802440543,-0.007226998869953455,0.1,630,78.0
1,0,4,random,0.04285714285714286,0.9571428571428572,0.0010714690130146512,0.0005110670373783408,-0.0008852366974815533,0.1,630,79.0
1,0,4,random_normmatched,0.02,0.9571428571428572,0.021669192134112544,0.034841260132706005,-0.004987371370687856,0.02,630,79.0
1,0,4,random,0.04285714285714286,0.9571428571428572,0.0017431933802685025,0.0036206783814426097,9.292946048545503e-05,0.1,630,80.0
1,0,4,random_normmatched,0.05714285714285714,0.9535714285714286,0.026893037286891346,0.039763204434493465,0.004985670371445623,0.1,630,80.0
1,0,4,random,0.04285714285714286,0.9571428571428572,0.00013767033312829722,-0.0005404013240539561,0.0002634901854331145,0.1,630,81.0
1,0,4,random_normmatched,0.04285714285714286,0.9571428571428572,0.031082331925126803,0.036939232473484344,0.003718491591320172,0.1,630,81.0
1,0,4,random,0.04285714285714286,0.9571428571428572,0.00022621225386518438,0.001040693158297017,-0.0009503345923986401,0.1,630,82.0
1,0,4,random_normmatched,0.045714285714285714,0.9571428571428572,0.02107760009440304,0.02341123129791766,0.009356706832528632,0.1,630,82.0
1,0,4,random,0.04285714285714286,0.9571428571428572,0.0006049147537577203,0.001028130749925993,-0.0002764167427126301,0.1,630,83.0
1,0,4,random_normmatched,0.045714285714285714,0.9571428571428572,0.004614346201846048,0.009719979084276437,0.0031707190267403775,0.1,630,83.0
1,0,4,random,0.04285714285714286,0.9571428571428572,0.0008441011396191022,0.0009518806988804452,-0.0002781538274661236,0.1,630,84.0
1,0,4,random_normmatched,0.045714285714285714,0.9571428571428572,0.01569157386455517,0.02919133419507748,0.007473617450504499,0.1,630,84.0
1,0,4,random,0.04285714285714286,0.9571428571428572,0.0003934353239847849,0.001384599924668064,-8.321332929109192e-05,0.1,630,85.0
1,0,4,random_normmatched,0.045714285714285714,0.9535714285714286,0.01788203549394683,0.025585091436518975,-0.0013216158528157739,0.1,630,85.0
1,0,4,random,0.04285714285714286,0.9571428571428572,0.0010561700481139349,0.00141006176934089,0.0005109404685134144,0.1,630,86.0
1,0,4,random_normmatched,0.04857142857142857,0.9571428571428572,0.040713690786582234,0.028555467318430304,0.011829359934597885,0.1,630,86.0
1,0,4,random,0.04285714285714286,0.9571428571428572,0.0032698650992673234,0.004800769290429193,-1.3265091434260305e-05,0.1,630,87.0
1,0,4,random_normmatched,0.05142857142857143,0.9571428571428572,0.053114001813157,0.041035680986552886,0.02028131677628736,0.08,630,87.0
1,0,4,random,0.04285714285714286,0.9571428571428572,6.488117545322406e-05,0.0007088212018094612,-2.5725234272611905e-05,0.1,630,88.0
1,0,4,random_normmatched,0.05714285714285714,0.9571428571428572,0.019282084505901645,0.014766499789810898,0.008364772693811194,0.1,630,88.0
1,0,4,random,0.04285714285714286,0.9571428571428572,4.30448682295017e-05,9.308349352459016e-05,0.00048663550788878476,0.1,630,89.0
1,0,4,random_normmatched,0.045714285714285714,0.9571428571428572,0.018043195365130778,0.023707296779835973,0.008236663056247658,0.1,630,89.0
1,0,4,random,0.04285714285714286,0.9571428571428572,-0.0007362458204940659,-0.0013978717041721969,-0.0005031574297538382,0.1,630,90.0
1,0,4,random_normmatched,0.05714285714285714,0.9571428571428572,-0.00012012730053456648,0.0029358672340422816,-0.0010935421291738917,0.1,630,90.0
1,0,4,random,0.04285714285714286,0.9571428571428572,-0.000989081473189187,-0.0026861665186993433,0.0009104051091954963,0.1,630,91.0
1,0,4,random_normmatched,0.04857142857142857,0.9571428571428572,-0.007121740090342922,-0.007815831033039693,0.01413444373258152,0.1,630,91.0
1,0,4,random,0.04285714285714286,0.9571428571428572,0.0002608803992585447,-0.0004067720192694163,-0.0010602479506384647,0.1,630,92.0
1,0,4,random_normmatched,0.045714285714285714,0.9571428571428572,0.015526584415062493,0.02137029936543239,-0.0021074865478038756,0.1,630,92.0
1,0,4,random,0.04285714285714286,0.9571428571428572,0.00027838540634885547,0.001402253535185052,0.0006174600948276835,0.1,630,93.0
1,0,4,random_normmatched,0.045714285714285714,0.9571428571428572,0.015083698780447255,0.02028968945451593,0.02773954565092346,0.1,630,93.0
1,0,4,random,0.04285714285714286,0.9571428571428572,0.00013560620654153022,0.00018829103559601752,-0.0005622554724540748,0.1,630,94.0
1,0,4,random_normmatched,0.04285714285714286,0.9571428571428572,0.03475906895351017,0.03565302819088537,-0.014479530358039986,0.1,630,94.0
1,0,4,random,0.04285714285714286,0.9571428571428572,0.0014490208195139017,0.0029940445159595333,0.0003489063335032566,0.1,630,95.0
1,0,4,random_normmatched,0.04285714285714286,0.9571428571428572,0.040303099920505,0.042285715929047396,0.00571312845081787,0.1,630,95.0
1,0,4,random,0.04285714285714286,0.9571428571428572,0.003067568271446114,0.004568668558446717,0.0019128570266770375,0.1,630,96.0
1,0,4,random_normmatched,0.05714285714285714,0.9571428571428572,0.02348944421251227,0.02469765661972468,0.017249268935484317,0.1,630,96.0
1,0,4,random,0.04285714285714286,0.9571428571428572,-3.258080253375757e-05,2.7555731633819304e-05,0.00026746380932678133,0.1,630,97.0
1,0,4,random_normmatched,0.04285714285714286,0.9535714285714286,0.025778819908155236,0.02841810223254944,0.007062941698720267,0.1,630,97.0
1,0,4,random,0.04285714285714286,0.9571428571428572,0.0008585331981888162,0.0024878540304024677,-5.8127289902429564e-05,0.1,630,98.0
1,0,4,random_normmatched,0.04857142857142857,0.9571428571428572,0.029021185066217915,0.030454664604836517,0.003421553823142435,0.1,630,98.0
1,0,4,random,0.04285714285714286,0.9571428571428572,0.0005537368181268997,0.0007539068485113008,0.001548986476446908,0.1,630,99.0
1,0,4,random_normmatched,0.04285714285714286,0.9571428571428572,0.022571810017596502,0.032712056176266366,0.03164654076624382,0.1,630,99.0
1,0,4,shuffled_labels,0.6114285714285714,0.9714285714285714,0.663806701621323,0.6629853110370557,0.46090264662432,0.64,630,
1,1,0,random,0.03571428571428571,0.9642857142857143,0.0001945273757763514,0.0006504030231834729,0.00048663022708197523,0.08333333333333333,924,0.0
1,1,0,random_normmatched,0.03571428571428571,0.9642857142857143,0.02820185937577468,0.030012976141755944,0.011486770157945496,0.08333333333333333,924,0.0
1,1,0,random,0.03571428571428571,0.9642857142857143,-1.250249516159092e-05,-0.0011478161888788419,-0.00044897559266762613,0.08333333333333333,924,1.0
1,1,0,random_normmatched,0.03968253968253968,0.9642857142857143,0.002119411649031338,0.005513052393551805,-0.012730136308052666,0.08333333333333333,924,1.0
1,1,0,random,0.03571428571428571,0.9642857142857143,-0.0011187751303706173,-0.0005188071342503977,-0.0008058872445124755,0.08333333333333333,924,2.0
1,1,0,random_normmatched,0.03968253968253968,0.9642857142857143,0.004204763328845257,0.012530037997571077,-0.026716103852761852,0.08333333333333333,924,2.0
1,1,0,random,0.03571428571428571,0.9642857142857143,-0.001543868787743954,-0.0024847380645578,-0.0002897531673899294,0.08333333333333333,924,3.0
1,1,0,random_normmatched,0.03571428571428571,0.9642857142857143,-0.04239693745039455,-0.02642359056369409,-0.0017549561318693518,0.08333333333333333,924,3.0
1,1,0,random,0.03571428571428571,0.9642857142857143,0.0021449138377068284,0.002126721201717854,0.0003401185699420439,0.08333333333333333,924,4.0
1,1,0,random_normmatched,0.037698412698412696,0.9595238095238096,0.01933703222880503,0.02643632707337455,0.0021631640019501523,0.08333333333333333,924,4.0
1,1,0,random,0.03571428571428571,0.9642857142857143,-7.435936352417693e-05,0.0005307280953936053,0.00147587538955666,0.08333333333333333,924,5.0
1,1,0,random_normmatched,0.041666666666666664,0.9547619047619048,0.05804356372479455,0.027045879222901328,0.014546939028309468,0.06944444444444445,924,5.0
1,1,0,random,0.03571428571428571,0.9642857142857143,0.0015400207566097146,0.001726197397328367,0.00024468137256032044,0.08333333333333333,924,6.0
1,1,0,random_normmatched,0.03571428571428571,0.9642857142857143,0.02953146966813156,0.030430378102256104,-0.0011254796820427857,0.08333333333333333,924,6.0
1,1,0,random,0.03571428571428571,0.9642857142857143,0.0009820290448540048,0.0007612545095729361,-0.00025035475506398827,0.08333333333333333,924,7.0
1,1,0,random_normmatched,0.03571428571428571,0.9642857142857143,0.02317102233805971,0.020634728917875177,0.006184608206030495,0.08333333333333333,924,7.0
1,1,0,random,0.03571428571428571,0.9642857142857143,0.0005156584633863687,0.00010595260286648357,0.0004522415015837151,0.08333333333333333,924,8.0
1,1,0,random_normmatched,0.037698412698412696,0.9642857142857143,0.017243432511473894,0.012867535284674115,0.011210962801190973,0.06944444444444445,924,8.0
1,1,0,random,0.03571428571428571,0.9642857142857143,0.002214533146003994,0.0028115874886856223,0.0005061012372096633,0.08333333333333333,924,9.0
1,1,0,random_normmatched,0.037698412698412696,0.9619047619047619,0.07135137407340801,0.06006369055375622,0.01478862318851842,0.08333333333333333,924,9.0
1,1,0,random,0.03571428571428571,0.9642857142857143,-0.001011474203756914,-0.0023552813838147017,-0.00011589948766203129,0.08333333333333333,924,10.0
1,1,0,random_normmatched,0.03968253968253968,0.9642857142857143,0.01705208992410595,0.009695587446518302,0.0038451800822634956,0.08333333333333333,924,10.0
1,1,0,random,0.03571428571428571,0.9642857142857143,6.915906885497422e-05,-0.00012341370783800878,3.6873820344233974e-05,0.08333333333333333,924,11.0
1,1,0,random_normmatched,0.03571428571428571,0.9642857142857143,0.02190596190776045,0.020282731578178528,0.01149631470982243,0.08333333333333333,924,11.0
1,1,0,random,0.03571428571428571,0.9642857142857143,0.001604393577588249,0.0012229269127510465,-0.00012526988739666189,0.08333333333333333,924,12.0
1,1,0,random_normmatched,0.03571428571428571,0.9642857142857143,0.02995126440293047,0.02884194228192998,-0.007225866972039458,0.08333333333333333,924,12.0
1,1,0,random,0.03571428571428571,0.9642857142857143,-0.00023941440957723096,0.0001292998955479241,0.0013825149158580696,0.08333333333333333,924,13.0
1,1,0,random_normmatched,0.03571428571428571,0.9642857142857143,0.01400917611985699,0.02674249715277525,0.007168240195425083,0.08333333333333333,924,13.0
1,1,0,random,0.03571428571428571,0.9642857142857143,0.0012003048894487314,0.0014516551776275128,0.0015364300721574034,0.08333333333333333,924,14.0
1,1,0,random_normmatched,0.037698412698412696,0.9642857142857143,0.03893977022740004,0.04533381340973905,0.022625612004586987,0.08333333333333333,924,14.0
1,1,0,random,0.037698412698412696,0.9642857142857143,-0.0006868417171109906,-0.00039558064025105696,0.0008743235221453422,0.08333333333333333,924,15.0
1,1,0,random_normmatched,0.037698412698412696,0.9595238095238096,0.0016328333894754196,0.003807768491498115,0.012550046522375086,0.08333333333333333,924,15.0
1,1,0,random,0.03571428571428571,0.9642857142857143,-6.568853518654668e-05,0.0008799017508349995,0.0012625510697908664,0.08333333333333333,924,16.0
1,1,0,random_normmatched,0.037698412698412696,0.9642857142857143,0.014569732758703071,0.016750008820650943,0.023741844082616734,0.08333333333333333,924,16.0
1,1,0,random,0.03571428571428571,0.9642857142857143,8.43592996798732e-05,0.0010268710911852574,6.741297067222509e-05,0.08333333333333333,924,17.0
1,1,0,random_normmatched,0.04365079365079365,0.9642857142857143,0.003000781123505814,0.004797793790177328,-0.012817668342115188,0.08333333333333333,924,17.0
1,1,0,random,0.03571428571428571,0.9642857142857143,0.0004626404475944583,0.0013046025135859903,0.0005254842473896876,0.08333333333333333,924,18.0
1,1,0,random_normmatched,0.04365079365079365,0.9619047619047619,0.002816572172503375,0.011047202472306169,0.007638151341200577,0.08333333333333333,924,18.0
1,1,0,random,0.03571428571428571,0.9642857142857143,0.001644344163355356,0.002685066528795961,0.0006902208817694472,0.08333333333333333,924,19.0
1,1,0,random_normmatched,0.03968253968253968,0.9642857142857143,0.03403120522017765,0.03438834597476195,0.012090217666563763,0.08333333333333333,924,19.0
1,1,0,random,0.03571428571428571,0.9642857142857143,-0.00014580253649553528,-0.0006431256428580099,0.0002749457327518849,0.08333333333333333,924,20.0
1,1,0,random_normmatched,0.037698412698412696,0.9619047619047619,0.011856080422133635,0.01698736239877737,-0.001472866808554016,0.08333333333333333,924,20.0
1,1,0,random,0.03571428571428571,0.9642857142857143,-0.0006797877233696741,-0.0005845314026313978,0.0002443608793897132,0.08333333333333333,924,21.0
1,1,0,random_normmatched,0.03571428571428571,0.9642857142857143,-0.003942856350023838,-0.0013528507539924044,0.006846440102201374,0.08333333333333333,924,21.0
1,1,0,random,0.03571428571428571,0.9642857142857143,-0.0008117607500783876,-0.001969249379252656,0.0003243646572547494,0.08333333333333333,924,22.0
1,1,0,random_normmatched,0.04365079365079365,0.9642857142857143,-0.008184270199516858,-0.00849274842669561,0.013864079652743505,0.08333333333333333,924,22.0
1,1,0,random,0.03571428571428571,0.9642857142857143,3.964567741739616e-05,0.0002895640295705624,0.000147185420854514,0.08333333333333333,924,23.0
1,1,0,random_normmatched,0.03571428571428571,0.9642857142857143,0.01608700855944778,0.018597166084463507,-0.010033548263167224,0.08333333333333333,924,23.0
1,1,0,random,0.03571428571428571,0.9642857142857143,0.0005033391374990638,0.0006159599225107128,0.0006090275914154008,0.08333333333333333,924,24.0
1,1,0,random_normmatched,0.047619047619047616,0.9642857142857143,0.020277512684741712,0.021328772194660794,0.007777745931052119,0.08333333333333333,924,24.0
1,1,0,random,0.03571428571428571,0.9642857142857143,-0.0005284918170882812,-0.0014033498693088954,0.00031475990641693284,0.08333333333333333,924,25.0
1,1,0,random_normmatched,0.037698412698412696,0.9642857142857143,0.020745614373357677,0.019905006212718863,-0.004047066424786321,0.08333333333333333,924,25.0
1,1,0,random,0.03571428571428571,0.9642857142857143,-0.0011245433383430445,-0.002044078022739815,0.0008745888299912959,0.08333333333333333,924,26.0
1,1,0,random_normmatched,0.03968253968253968,0.9642857142857143,-0.014648575099071522,0.0037271695343426407,0.01044828716076094,0.08333333333333333,924,26.0
1,1,0,random,0.03571428571428571,0.9642857142857143,-0.0003647282832625935,-0.0019161966474096378,-0.0008713948792454517,0.08333333333333333,924,27.0
1,1,0,random_normmatched,0.037698412698412696,0.9642857142857143,0.010015672577060906,0.0049317572371745284,-0.024524886634399577,0.08333333333333333,924,27.0
1,1,0,random,0.03571428571428571,0.9642857142857143,-0.0011656494849412767,-0.0018524383963985094,-0.0001679688040590851,0.08333333333333333,924,28.0
1,1,0,random_normmatched,0.037698412698412696,0.9642857142857143,0.004370421096451325,0.0062270286111678706,0.003113412130780511,0.08333333333333333,924,28.0
1,1,0,random,0.03571428571428571,0.9642857142857143,-0.000602352578545139,0.00034953843056982164,0.0010924114015716045,0.08333333333333333,924,29.0
1,1,0,random_normmatched,0.037698412698412696,0.9642857142857143,0.015372541646517532,0.016859550805474723,0.024385700805597058,0.08333333333333333,924,29.0
1,1,0,random,0.03571428571428571,0.9642857142857143,0.000178984129878897,0.0014189512283446456,0.0006506326247720385,0.08333333333333333,924,30.0
1,1,0,random_normmatched,0.03968253968253968,0.9595238095238096,0.008698825707241701,0.010206930782502231,0.0120671861369336,0.08333333333333333,924,30.0
1,1,0,random,0.03571428571428571,0.9642857142857143,0.00011458253380362208,-0.0007026405820802904,0.0001626435602287793,0.08333333333333333,924,31.0
1,1,0,random_normmatched,0.03968253968253968,0.9642857142857143,0.03440327552100311,0.032753397491509136,0.004257217146001106,0.08333333333333333,924,31.0
1,1,0,random,0.03571428571428571,0.9642857142857143,-0.00028564581437351324,3.477298291294673e-05,0.0008791936454304824,0.08333333333333333,924,32.0
1,1,0,random_normmatched,0.03571428571428571,0.9642857142857143,0.015265338371874205,0.01324787034815392,-0.001679511297930637,0.08333333333333333,924,32.0
1,1,0,random,0.03571428571428571,0.9642857142857143,0.0009485135602966942,0.0018954198576231877,0.0010539358457867447,0.08333333333333333,924,33.0
1,1,0,random_normmatched,0.037698412698412696,0.9642857142857143,0.025324947357593462,0.020678967225868043,0.0071907893617613045,0.08333333333333333,924,33.0
1,1,0,random,0.03571428571428571,0.9642857142857143,-0.0003445309224816657,-0.0005158469788183749,0.0005016560678703268,0.08333333333333333,924,34.0
1,1,0,random_normmatched,0.037698412698412696,0.9642857142857143,0.016035112780526585,0.01668068545815764,-0.003677255773234727,0.08333333333333333,924,34.0
1,1,0,random,0.03571428571428571,0.9642857142857143,4.164999238461215e-05,0.0017626733820064664,-0.0011768667438335119,0.08333333333333333,924,35.0
1,1,0,random_normmatched,0.03571428571428571,0.9642857142857143,0.027463970269143694,0.030009549494573573,-0.032038137972815,0.08333333333333333,924,35.0
1,1,0,random,0.03571428571428571,0.9642857142857143,-0.0002739042910289485,8.399035704891752e-05,0.0012345245409044663,0.08333333333333333,924,36.0
1,1,0,random_normmatched,0.041666666666666664,0.9595238095238096,0.013528548740614356,0.012767143528729598,0.00963016504786936,0.08333333333333333,924,36.0
1,1,0,random,0.03571428571428571,0.9642857142857143,6.043936486280309e-05,-0.0015088177742618562,-0.0010680055692431228,0.08333333333333333,924,37.0
1,1,0,random_normmatched,0.03571428571428571,0.9642857142857143,0.005479961528413357,-0.0020745210611130974,-0.00651042309670874,0.08333333333333333,924,37.0
1,1,0,random,0.03571428571428571,0.9642857142857143,-4.8291268099300534e-05,-4.990812472413228e-05,-6.761197587547356e-05,0.08333333333333333,924,38.0
1,1,0,random_normmatched,0.04563492063492063,0.9642857142857143,0.01472668659195742,0.019516135576594693,0.0020435530130023635,0.08333333333333333,924,38.0
1,1,0,random,0.03571428571428571,0.9642857142857143,0.0024016845520195024,0.0022613616719496,0.0008681804754604012,0.08333333333333333,924,39.0
1,1,0,random_normmatched,0.041666666666666664,0.9642857142857143,0.06544124490970427,0.04893933687371389,0.02480098579920382,0.08333333333333333,924,39.0
1,1,0,random,0.03571428571428571,0.9642857142857143,0.0011845818026299218,0.0018511384776790864,0.0004297750591901688,0.08333333333333333,924,40.0
1,1,0,random_normmatched,0.03968253968253968,0.9619047619047619,0.04061168683340463,0.03287196323691732,0.004508076910938593,0.08333333333333333,924,40.0
1,1,0,random,0.03571428571428571,0.9642857142857143,0.0004970058369408103,0.0013424389669252775,0.0008518657611085645,0.08333333333333333,924,41.0
1,1,0,random_normmatched,0.03968253968253968,0.9642857142857143,0.024338038082622564,0.024670588982885867,0.016065614577335293,0.08333333333333333,924,41.0
1,1,0,random,0.03571428571428571,0.9642857142857143,-0.00013616532281137908,0.00023200364140454536,-0.000451457867470024,0.08333333333333333,924,42.0
1,1,0,random_normmatched,0.03968253968253968,0.9642857142857143,0.005419772084238571,0.009830047756457473,0.01751111425467503,0.08333333333333333,924,42.0
1,1,0,random,0.03571428571428571,0.9642857142857143,-0.0009279311844986296,-0.0016344031994855758,0.001219627126514688,0.08333333333333333,924,43.0
1,1,0,random_normmatched,0.03571428571428571,0.9619047619047619,0.01718550821977829,0.010964504936842052,-0.003809863156270722,0.06944444444444445,924,43.0
1,1,0,random,0.03571428571428571,0.9642857142857143,0.0009891852550717607,0.0016922053772748555,0.0002754689739788948,0.08333333333333333,924,44.0
1,1,0,random_normmatched,0.03968253968253968,0.9642857142857143,0.026631123777953254,0.02163088427325404,0.007301106493693223,0.08333333333333333,924,44.0
1,1,0,random,0.03571428571428571,0.9642857142857143,0.0002798327813430629,-0.0005055288544082345,0.0004971866058075698,0.08333333333333333,924,45.0
1,1,0,random_normmatched,0.04563492063492063,0.9642857142857143,0.022280045100062408,0.020282043036539972,0.0026620118587182195,0.08333333333333333,924,45.0
1,1,0,random,0.03571428571428571,0.9642857142857143,-0.0002423150914616894,-0.000314654094894075,0.0006577979923146962,0.08333333333333333,924,46.0
1,1,0,random_normmatched,0.047619047619047616,0.9642857142857143,0.00860680116456438,0.015679942276752897,0.009744990353985298,0.08333333333333333,924,46.0
1,1,0,random,0.03571428571428571,0.9642857142857143,-0.0004737365820963099,-0.0023833564444138834,0.0017386387089166513,0.08333333333333333,924,47.0
1,1,0,random_normmatched,0.03571428571428571,0.9642857142857143,-0.0051353787835148644,-0.005892051827778818,0.009429353495954763,0.08333333333333333,924,47.0
1,1,0,random,0.03571428571428571,0.9642857142857143,-0.0002596382854931611,-0.0006317497473004463,0.001531010935903158,0.08333333333333333,924,48.0
1,1,0,random_normmatched,0.041666666666666664,0.9619047619047619,0.0044292164410076745,0.004234974636031941,0.02305792442962391,0.08333333333333333,924,48.0
1,1,0,random,0.03571428571428571,0.9642857142857143,0.0004104606847203921,0.00024669104405299503,-0.00030112639410493264,0.08333333333333333,924,49.0
1,1,0,random_normmatched,0.03571428571428571,0.9642857142857143,0.01705916059074767,0.02050793567162115,-0.0004775630111625837,0.08333333333333333,924,49.0
1,1,0,random,0.03571428571428571,0.9642857142857143,-0.0003140224982948516,-0.0008940476972538999,0.0007620629668637259,0.08333333333333333,924,50.0
1,1,0,random_normmatched,0.037698412698412696,0.9642857142857143,0.003941871721057854,0.011647544573362095,0.00508459729281005,0.08333333333333333,924,50.0
1,1,0,random,0.03571428571428571,0.9642857142857143,0.00613247783515527,0.007002293453623558,0.001732219815472271,0.08333333333333333,924,51.0
1,1,0,random_normmatched,0.047619047619047616,0.9642857142857143,0.10244830403043143,0.10068144064086709,0.019170278232863908,0.08333333333333333,924,51.0
1,1,0,random,0.03571428571428571,0.9642857142857143,0.0001377005304052975,0.000322855604947518,0.00043442266091726033,0.08333333333333333,924,52.0
1,1,0,random_normmatched,0.03571428571428571,0.9642857142857143,0.022890666422360123,0.020411477984905845,0.018752388040167944,0.08333333333333333,924,52.0
1,1,0,random,0.03571428571428571,0.9642857142857143,-0.00020663363015159032,-0.0013257836121744516,0.00012029147295338882,0.08333333333333333,924,53.0
1,1,0,random_normmatched,0.037698412698412696,0.9642857142857143,0.010221183396337163,0.009214422210258895,-0.01243720165956539,0.08333333333333333,924,53.0
1,1,0,random,0.03571428571428571,0.9642857142857143,-0.0009496048788320223,-0.0018100127829273668,-0.00099132007236687,0.08333333333333333,924,54.0
1,1,0,random_normmatched,0.03571428571428571,0.9642857142857143,-0.012269715385184704,-0.00373459440314555,-0.03451239410781207,0.08333333333333333,924,54.0
1,1,0,random,0.03571428571428571,0.9642857142857143,0.002124088496677819,0.003734671642468306,0.0013358836397275365,0.08333333333333333,924,55.0
1,1,0,random_normmatched,0.047619047619047616,0.9642857142857143,0.02029145740442577,0.0268274829974344,0.012878593256132824,0.08333333333333333,924,55.0
1,1,0,random,0.03571428571428571,0.9642857142857143,0.005367152906113998,0.007112995037270769,0.0016230538381766372,0.08333333333333333,924,56.0
1,1,0,random_normmatched,0.041666666666666664,0.9595238095238096,0.07815756972304157,0.08209742100305364,0.014703966973426026,0.08333333333333333,924,56.0
1,1,0,random,0.03571428571428571,0.9642857142857143,-0.00013820380885924726,-5.927323398860077e-05,0.002219516283266041,0.08333333333333333,924,57.0
1,1,0,random_normmatched,0.047619047619047616,0.9642857142857143,0.011795113758514112,0.015759180367108275,0.03840602589465342,0.06944444444444445,924,57.0
1,1,0,random,0.03571428571428571,0.9642857142857143,0.002341401709130002,0.0024740099653679883,-0.0036105556886911793,0.08333333333333333,924,58.0
1,1,0,random_normmatched,0.03571428571428571,0.9642857142857143,0.01191781584010449,0.0192578123327742,-0.02672427829316037,0.08333333333333333,924,58.0
1,1,0,random,0.03571428571428571,0.9642857142857143,0.0008898113199688054,0.0002559834566774964,0.000631070958177146,0.08333333333333333,924,59.0
1,1,0,random_normmatched,0.03571428571428571,0.9642857142857143,0.017877433169575296,0.01889518277802017,0.007706718699057485,0.08333333333333333,924,59.0
1,1,0,random,0.03571428571428571,0.9642857142857143,-0.00047791569186809144,-0.0017425002915676514,0.00031210173716481596,0.08333333333333333,924,60.0
1,1,0,random_normmatched,0.037698412698412696,0.9595238095238096,0.0027531006646801027,0.010619060876142398,-0.013489932476537961,0.041666666666666664,924,60.0
1,1,0,random,0.03571428571428571,0.9642857142857143,0.0020185668988119392,0.003201011472420456,-0.00030270246413825665,0.08333333333333333,924,61.0
1,1,0,random_normmatched,0.04563492063492063,0.9642857142857143,0.0297249219352898,0.024416822909809444,-0.0004827302333416306,0.08333333333333333,924,61.0
1,1,0,random,0.03571428571428571,0.9642857142857143,-0.0004639151438364116,-0.00033533431643564875,0.0015638371018113436,0.08333333333333333,924,62.0
1,1,0,random_normmatched,0.03968253968253968,0.9642857142857143,-0.011225501017538983,-0.01629793450745483,0.008286418899927444,0.08333333333333333,924,62.0
1,1,0,random,0.03571428571428571,0.9642857142857143,-0.0003342061107008506,-0.0009190436135947429,-0.0010756750950521904,0.08333333333333333,924,63.0
1,1,0,random_normmatched,0.037698412698412696,0.9619047619047619,0.004230696149009252,0.006278645391318097,-0.02950120729911975,0.08333333333333333,924,63.0
1,1,0,random,0.03571428571428571,0.9642857142857143,0.00031982491210501274,-0.00014120528363348526,0.00029999656930348886,0.08333333333333333,924,64.0
1,1,0,random_normmatched,0.03373015873015873,0.9642857142857143,0.03595062217699599,0.03204759170482651,-0.0068448698422110404,0.06944444444444445,924,64.0
1,1,0,random,0.03571428571428571,0.9642857142857143,0.0006183339451715218,0.0006972745132385839,0.0005634183622099159,0.08333333333333333,924,65.0
1,1,0,random_normmatched,0.04365079365079365,0.9642857142857143,0.039751584564213044,0.03529777306488601,0.011807425039286602,0.08333333333333333,924,65.0
1,1,0,random,0.03571428571428571,0.9642857142857143,0.0012486320933259294,0.0019194494881724252,0.00047368936701447785,0.08333333333333333,924,66.0
1,1,0,random_normmatched,0.04365079365079365,0.9619047619047619,0.02206902081577177,0.01944075439976509,0.007677303478067193,0.08333333333333333,924,66.0
1,1,0,random,0.03571428571428571,0.9642857142857143,0.000309025109522321,0.0003422136550725499,0.0016238838784636434,0.08333333333333333,924,67.0
1,1,0,random_normmatched,0.037698412698412696,0.9642857142857143,0.01737874993752636,0.01614369959296795,0.007353749861843751,0.08333333333333333,924,67.0
1,1,0,random,0.03571428571428571,0.9642857142857143,-0.0009649594542631877,-0.0015717165866004916,0.0010054982374220842,0.08333333333333333,924,68.0
1,1,0,random_normmatched,0.04365079365079365,0.9642857142857143,-0.0367581399187935,-0.00873673709026446,0.018510103993606745,0.08333333333333333,924,68.0
1,1,0,random,0.03571428571428571,0.9642857142857143,0.000956298953560575,0.0020949690278056618,0.0009700254688810612,0.08333333333333333,924,69.0
1,1,0,random_normmatched,0.04563492063492063,0.9642857142857143,0.02063309364786713,0.024634176513548975,-0.014624402734325366,0.08333333333333333,924,69.0
1,1,0,random,0.03571428571428571,0.9642857142857143,-0.0021680706964292045,-0.0022833646577789628,-0.0006251677105451598,0.08333333333333333,924,70.0
1,1,0,random_normmatched,0.03571428571428571,0.9642857142857143,-0.005700682503534137,-0.005927421526507489,0.0028094034825720746,0.08333333333333333,924,70.0
1,1,0,random,0.03571428571428571,0.9642857142857143,-0.0001399961463443238,-0.00025476438324949555,0.0001441651101007493,0.08333333333333333,924,71.0
1,1,0,random_normmatched,0.03571428571428571,0.9642857142857143,0.005399570617499454,0.012428624816782563,0.0032372287713175706,0.08333333333333333,924,71.0
1,1,0,random,0.03571428571428571,0.9642857142857143,7.60820899286995e-06,0.0007412092430574745,0.0015073830047314025,0.08333333333333333,924,72.0
1,1,0,random_normmatched,0.047619047619047616,0.9642857142857143,0.05527246363779599,0.040511085746815466,0.01575969155096948,0.08333333333333333,924,72.0
1,1,0,random,0.03571428571428571,0.9642857142857143,0.0005651217346189547,0.0018561086769537042,0.001408047472345768,0.08333333333333333,924,73.0
1,1,0,random_normmatched,0.03571428571428571,0.9642857142857143,0.03399084934782555,0.035012229482001514,0.007305504917608691,0.08333333333333333,924,73.0
1,1,0,random,0.03571428571428571,0.9642857142857143,-0.0007414985264862246,-0.0010437996230000034,0.003877523731041339,0.08333333333333333,924,74.0
1,1,0,random_normmatched,0.03571428571428571,0.9642857142857143,0.007464821872881604,0.020584554575952638,0.04371145714155032,0.08333333333333333,924,74.0
1,1,0,random,0.03571428571428571,0.9642857142857143,0.00012652428308308517,-0.0003176964032552838,0.0007136984845605152,0.08333333333333333,924,75.0
1,1,0,random_normmatched,0.04365079365079365,0.9642857142857143,0.004614270307716053,0.007785841450458973,0.007148487370695959,0.08333333333333333,924,75.0
1,1,0,random,0.03571428571428571,0.9642857142857143,0.0007032651869371392,0.0030616591081812487,0.0008109728374009647,0.08333333333333333,924,76.0
1,1,0,random_normmatched,0.03968253968253968,0.9642857142857143,0.027531698492908555,0.05952961359810882,-0.0014932436443849013,0.08333333333333333,924,76.0
1,1,0,random,0.03571428571428571,0.9642857142857143,0.0007686802314012977,0.002251300789378461,-0.0001763988324468922,0.08333333333333333,924,77.0
1,1,0,random_normmatched,0.037698412698412696,0.9642857142857143,0.09166380099640606,0.06290061554251378,0.012475776816323066,0.08333333333333333,924,77.0
1,1,0,random,0.03571428571428571,0.9642857142857143,0.00033536646457536876,-0.00022354328093360002,0.00021247282806939046,0.08333333333333333,924,78.0
1,1,0,random_normmatched,0.037698412698412696,0.9642857142857143,0.020899984460316795,0.015429711832120307,0.02216610149627566,0.08333333333333333,924,78.0
1,1,0,random,0.03571428571428571,0.9642857142857143,-0.0009936335554399775,-0.0015219364473910404,0.00016482458336954627,0.08333333333333333,924,79.0
1,1,0,random_normmatched,0.037698412698412696,0.9642857142857143,0.002718120114818295,0.0005474291382770737,-0.004777627617072136,0.08333333333333333,924,79.0
1,1,0,random,0.03571428571428571,0.9642857142857143,0.0010409182412786956,0.0007752464708137521,0.00023715131723039536,0.08333333333333333,924,80.0
1,1,0,random_normmatched,0.037698412698412696,0.9642857142857143,0.03069286352906314,0.035302167378160214,0.0045898187862059535,0.06944444444444445,924,80.0
1,1,0,random,0.03571428571428571,0.9642857142857143,0.0002888205862559965,0.0010405882637240166,-0.00046509113741931686,0.08333333333333333,924,81.0
1,1,0,random_normmatched,0.037698412698412696,0.9642857142857143,0.0002737566900589189,0.0001111525958409072,-0.0038733081677979186,0.08333333333333333,924,81.0
1,1,0,random,0.03571428571428571,0.9642857142857143,-0.0023492769355747943,-0.004604157715946159,-0.0032015925197767386,0.08333333333333333,924,82.0
1,1,0,random_normmatched,0.01984126984126984,0.9595238095238096,-0.0289738063275096,-0.016128957438789573,-0.051901632838359635,0.013888888888888888,924,82.0
1,1,0,random,0.03571428571428571,0.9642857142857143,0.0013701430450736313,0.002538393928036149,0.00247038393905358,0.08333333333333333,924,83.0
1,1,0,random_normmatched,0.04563492063492063,0.9642857142857143,0.05780233903998999,0.06570273622964383,0.04406194993987928,0.08333333333333333,924,83.0
1,1,0,random,0.03571428571428571,0.9642857142857143,0.0014336006770877228,0.0017113805993086305,-7.885760775025589e-05,0.08333333333333333,924,84.0
1,1,0,random_normmatched,0.04365079365079365,0.9642857142857143,0.015581599833427216,0.0194807976557634,0.0004037897863994721,0.08333333333333333,924,84.0
1,1,0,random,0.03571428571428571,0.9642857142857143,0.0006237303391806844,0.00023753767529406607,0.0007533792985265455,0.08333333333333333,924,85.0
1,1,0,random_normmatched,0.037698412698412696,0.9642857142857143,0.02799170028529707,0.025563468041616612,0.01592261593332093,0.06944444444444445,924,85.0
1,1,0,random,0.03571428571428571,0.9642857142857143,0.0002839743514299543,-9.919022462563907e-05,5.094387431056142e-05,0.08333333333333333,924,86.0
1,1,0,random_normmatched,0.03571428571428571,0.9642857142857143,0.013622661256015134,0.014935948919035604,0.004862499383865789,0.08333333333333333,924,86.0
1,1,0,random,0.03571428571428571,0.9642857142857143,0.0018675884534960754,0.002066254363403086,0.00044490927536811433,0.08333333333333333,924,87.0
1,1,0,random_normmatched,0.03571428571428571,0.9642857142857143,0.03759885973445015,0.0313465162719593,0.009981581184242663,0.08333333333333333,924,87.0
1,1,0,random,0.03571428571428571,0.9642857142857143,5.05433250162066e-05,0.001202622900919175,-2.05033131180528e-05,0.08333333333333333,924,88.0
1,1,0,random_normmatched,0.03571428571428571,0.9642857142857143,0.02303753062326491,0.018983560434526828,0.007137215418897389,0.08333333333333333,924,88.0
1,1,0,random,0.03571428571428571,0.9642857142857143,-5.037632071469182e-05,-0.0005473445819760241,0.00020734270523176175,0.08333333333333333,924,89.0
1,1,0,random_normmatched,0.03968253968253968,0.9642857142857143,0.00918601846716834,0.011501992501577853,0.007524545809169053,0.08333333333333333,924,89.0
1,1,0,random,0.03571428571428571,0.9642857142857143,0.0010342670074594234,0.0005962865621832557,0.0002657135586655926,0.08333333333333333,924,90.0
1,1,0,random_normmatched,0.037698412698412696,0.9642857142857143,0.04078936901422456,0.019663881108952008,0.024678092377775913,0.08333333333333333,924,90.0
1,1,0,random,0.03571428571428571,0.9642857142857143,0.0005512699494296411,0.0016134257747900977,0.0007053108751690596,0.08333333333333333,924,91.0
1,1,0,random_normmatched,0.03968253968253968,0.9642857142857143,0.02127537162312088,0.028056025674191368,0.010808792045181724,0.08333333333333333,924,91.0
1,1,0,random,0.03571428571428571,0.9642857142857143,0.0006312927093633245,0.00046900202600330194,0.000323642930218335,0.08333333333333333,924,92.0
1,1,0,random_normmatched,0.037698412698412696,0.9642857142857143,0.0013444135702515288,0.012767998224078071,0.003098767711416602,0.08333333333333333,924,92.0
1,1,0,random,0.03571428571428571,0.9642857142857143,-6.55611051275253e-06,-0.00012949566855947225,0.00032840066066031423,0.08333333333333333,924,93.0
1,1,0,random_normmatched,0.041666666666666664,0.9595238095238096,0.029391370054784288,0.030483659607594936,0.014327010833727958,0.08333333333333333,924,93.0
1,1,0,random,0.03571428571428571,0.9642857142857143,0.0005143398157932079,0.0003746612443439603,-0.0016061507270056857,0.08333333333333333,924,94.0
1,1,0,random_normmatched,0.03968253968253968,0.9642857142857143,0.03349067152673485,0.035747474282702446,-0.03719185382378398,0.08333333333333333,924,94.0
1,1,0,random,0.03571428571428571,0.9642857142857143,0.0004071650438710324,-0.0005803489872328244,0.0011388182756343168,0.08333333333333333,924,95.0
1,1,0,random_normmatched,0.037698412698412696,0.9642857142857143,0.012752902256287196,0.01466830388809368,0.008908024837409243,0.08333333333333333,924,95.0
1,1,0,random,0.03571428571428571,0.9642857142857143,-0.00010322966969506134,-0.0008487872299390035,-0.00027997179455431596,0.08333333333333333,924,96.0
1,1,0,random_normmatched,0.03571428571428571,0.9642857142857143,0.014735973752395076,0.016784975168937455,-0.016456582555401188,0.08333333333333333,924,96.0
1,1,0,random,0.03571428571428571,0.9642857142857143,0.001331095715795918,0.0006637526761239376,0.000761794765667943,0.08333333333333333,924,97.0
1,1,0,random_normmatched,0.03571428571428571,0.9642857142857143,0.015165103887891183,0.01366615411849515,0.01674038259483561,0.08333333333333333,924,97.0
1,1,0,random,0.03571428571428571,0.9642857142857143,-0.00036301844206023184,-0.0011482626101535578,0.00035263164712271626,0.08333333333333333,924,98.0
1,1,0,random_normmatched,0.031746031746031744,0.9642857142857143,-0.005689303755794616,0.00019898962797934572,0.014403319253104535,0.05555555555555555,924,98.0
1,1,0,random,0.03571428571428571,0.9642857142857143,0.0001324724827140183,0.0007005133977621155,-0.0009646263696537631,0.08333333333333333,924,99.0
1,1,0,random_normmatched,0.03571428571428571,0.9642857142857143,0.02107275200899904,0.02176954432115296,-0.04381133800427156,0.08333333333333333,924,99.0
1,1,0,shuffled_labels,0.041666666666666664,0.9642857142857143,0.05181799680583522,0.07212253074071844,0.041153202090814106,0.08333333333333333,924,
1,1,1,random,0.051587301587301584,0.95,-0.0015402099745971556,-0.002655294960275078,-0.0012271213816383037,0.0,924,0.0
1,1,1,random_normmatched,0.047619047619047616,0.9523809523809523,-0.022055896930933443,-0.019736331940848745,0.007457175988450627,0.0,924,0.0
1,1,1,random,0.051587301587301584,0.9404761904761905,-0.0005374411045638547,-0.0008263725917502432,-0.003395260933780109,0.0,924,1.0
1,1,1,random_normmatched,0.03968253968253968,0.9476190476190476,0.0009326766534801085,-0.004152147622460833,-0.032322177345532596,0.0,924,1.0
1,1,1,random,0.05555555555555555,0.9452380952380952,0.0005446525495642543,0.0011713773339780027,-0.0005496292002488055,0.0,924,2.0
1,1,1,random_normmatched,0.05952380952380952,0.9380952380952381,0.029622056021241835,0.026329171801891597,-0.0019841848577414225,0.0,924,2.0
1,1,1,random,0.05555555555555555,0.9452380952380952,-0.0006939807487252388,-0.00198916408841925,1.0948394487480147e-05,0.0,924,3.0
1,1,1,random_normmatched,0.047619047619047616,0.95,0.002235644922038518,-0.0009070888393392673,0.014229924744680433,0.0,924,3.0
1,1,1,random,0.051587301587301584,0.9452380952380952,0.00196728863383102,0.001491163727705854,-0.0019028660425759276,0.0,924,4.0
1,1,1,random_normmatched,0.047619047619047616,0.9547619047619048,0.02143110783840299,0.049125925739724886,-0.023137035402060663,0.0,924,4.0
1,1,1,random,0.05357142857142857,0.9476190476190476,-0.002115388932968024,-0.00440368182418453,-0.0018711288257394405,0.0,924,5.0
1,1,1,random_normmatched,0.05357142857142857,0.9547619047619048,-0.00909085898620157,-0.011150507626033626,-0.012059018677874182,0.0,924,5.0
1,1,1,random,0.051587301587301584,0.9428571428571428,0.0004111153182436162,-0.0007762710293267721,0.0014044129912598093,0.0,924,6.0
1,1,1,random_normmatched,0.06547619047619048,0.9333333333333333,0.017770847883574987,0.008323353237509547,0.05137284678984981,0.0,924,6.0
1,1,1,random,0.05357142857142857,0.9452380952380952,7.353919254671048e-05,-0.0008176228097238649,-0.001391366239687422,0.0,924,7.0
1,1,1,random_normmatched,0.03968253968253968,0.9595238095238096,-0.0068393197187403745,-0.006211565228750432,-0.009112296798759174,0.0,924,7.0
1,1,1,random,0.05952380952380952,0.9452380952380952,0.002199070532645328,0.003613760390353004,0.0017869910623614597,0.0,924,8.0
1,1,1,random_normmatched,0.05555555555555555,0.9547619047619048,0.03625474539038833,0.03181741013200417,0.033166080787672345,0.0,924,8.0
1,1,1,random,0.05555555555555555,0.9452380952380952,-0.001013160025446515,-0.0017677090330683399,-0.0011188438712475125,0.0,924,9.0
1,1,1,random_normmatched,0.047619047619047616,0.9547619047619048,-0.016452434525929215,-0.0063123251057328016,-3.3432975290863926e-05,0.0,924,9.0
1,1,1,random,0.047619047619047616,0.9476190476190476,0.00011730175436771435,0.0006002924195852368,-0.00033707959384234184,0.0,924,10.0
1,1,1,random_normmatched,0.04563492063492063,0.9547619047619048,0.00499164584884965,0.003605861486719441,0.012148013279655378,0.0,924,10.0
1,1,1,random,0.05555555555555555,0.9428571428571428,0.004125801702753113,0.005448784297970697,-2.5627004152814394e-05,0.0,924,11.0
1,1,1,random_normmatched,0.057539682539682536,0.9547619047619048,0.07287326524380447,0.055288743763740225,0.012688175340691167,0.0,924,11.0
1,1,1,random,0.051587301587301584,0.9452380952380952,-0.0016750886908263763,-0.004726954312293771,-0.0017906935802245003,0.0,924,12.0
1,1,1,random_normmatched,0.041666666666666664,0.9619047619047619,-0.007574386844929859,-0.019777224299664484,-0.005816909951938199,0.0,924,12.0
1,1,1,random,0.05555555555555555,0.9523809523809523,0.0009697609597127414,0.0014722688921295838,-5.023408364025304e-05,0.0,924,13.0
1,1,1,random_normmatched,0.051587301587301584,0.9523809523809523,0.013387151812953212,0.008376058394089033,0.05347555306836052,0.0,924,13.0
1,1,1,random,0.057539682539682536,0.9404761904761905,-0.0004300840723544574,-0.0013488495765293267,-0.0005166609530006754,0.0,924,14.0
1,1,1,random_normmatched,0.06349206349206349,0.9380952380952381,-0.0012021138871981694,-0.001457203386652412,0.006776443413728959,0.0,924,14.0
1,1,1,random,0.051587301587301584,0.9357142857142857,-0.00023057435574220348,-0.0007356148202037458,-0.0011064300692825823,0.0,924,15.0
1,1,1,random_normmatched,0.051587301587301584,0.9380952380952381,0.0017229080393648378,0.008467392401924949,-0.005028693625669454,0.0,924,15.0
1,1,1,random,0.047619047619047616,0.9523809523809523,-0.0007917246578012621,-0.00023037080656892025,-0.0017890019423845317,0.0,924,16.0
1,1,1,random_normmatched,0.041666666666666664,0.9547619047619048,-0.007283513605162871,7.719501490866681e-05,-0.004814244090733588,0.0,924,16.0
1,1,1,random,0.057539682539682536,0.9452380952380952,-0.00012058201990726132,0.00031924097042828047,-0.0010966423476365312,0.0,924,17.0
1,1,1,random_normmatched,0.047619047619047616,0.9547619047619048,-0.001200488480163726,0.004366121573324341,-0.022397927646532,0.0,924,17.0
1,1,1,random,0.05952380952380952,0.9404761904761905,0.002345348072164876,0.004631425031951194,6.153034747479213e-05,0.0,924,18.0
1,1,1,random_normmatched,0.07341269841269842,0.930952380952381,0.06132506380377242,0.04475289627352729,0.013176376597620313,0.0,924,18.0
1,1,1,random,0.05357142857142857,0.9523809523809523,0.0017209164324258916,0.0035837755643691577,-0.0008197725127304769,0.0,924,19.0
1,1,1,random_normmatched,0.047619047619047616,0.9523809523809523,0.030700973891062622,0.032821929780762434,-0.005660769376748866,0.0,924,19.0
1,1,1,random,0.041666666666666664,0.95,-0.0002815920842960102,-0.0027487863970041284,-0.002977340558976478,0.0,924,20.0
1,1,1,random_normmatched,0.037698412698412696,0.9619047619047619,0.00470365104481443,0.001571800919272729,-0.018349537838345868,0.0,924,20.0
1,1,1,random,0.05357142857142857,0.9404761904761905,-0.0025392181728795633,-0.003112879141494904,-0.0004760881431404437,0.0,924,21.0
1,1,1,random_normmatched,0.047619047619047616,0.95,-0.042094427464500345,-0.0314172821155941,0.016838559578304085,0.0,924,21.0
1,1,1,random,0.05555555555555555,0.9404761904761905,-0.0018483255687536271,-0.00489824309839544,-0.0010411357184067532,0.0,924,22.0
1,1,1,random_normmatched,0.041666666666666664,0.9523809523809523,-0.025997255634432538,-0.017286826694381915,0.0006617232653493188,0.0,924,22.0
1,1,1,random,0.0496031746031746,0.95,-0.0005164371486480702,-0.005056591877670461,0.00016163023388409488,0.0,924,23.0
1,1,1,random_normmatched,0.051587301587301584,0.9547619047619048,0.01665934013923754,-0.006443303508402768,0.026618174061062178,0.0,924,23.0
1,1,1,random,0.051587301587301584,0.95,-0.0020405920391017183,-0.0024529191434767028,-0.0005016109918132617,0.0,924,24.0
1,1,1,random_normmatched,0.037698412698412696,0.9619047619047619,-0.01825022012718841,-0.015540250316117088,0.01753308374815828,0.0,924,24.0
1,1,1,random,0.0496031746031746,0.9452380952380952,-0.00011621518168024851,-0.00036943671179974876,-0.0011668587628650244,0.0,924,25.0
1,1,1,random_normmatched,0.04365079365079365,0.9571428571428572,0.003886730261233459,0.008652174034866629,-0.0050906023931403775,0.0,924,25.0
1,1,1,random,0.051587301587301584,0.9476190476190476,-0.0014430290782813616,-0.0011456225634487137,0.00015361159184964541,0.0,924,26.0
1,1,1,random_normmatched,0.05555555555555555,0.9547619047619048,0.005438332861646177,0.007937415707975286,0.04643714488501802,0.0,924,26.0
1,1,1,random,0.057539682539682536,0.9404761904761905,0.00027153065567819324,-0.0004459134748285155,-0.0008935799313010743,0.0,924,27.0
1,1,1,random_normmatched,0.05952380952380952,0.9357142857142857,-0.030586331490165576,-0.01732260800009958,0.010430697639063995,0.0,924,27.0
1,1,1,random,0.051587301587301584,0.9476190476190476,-0.0008080251217030101,-0.0009067077209401198,-0.0016612781596143716,0.0,924,28.0
1,1,1,random_normmatched,0.0496031746031746,0.95,0.002253386941647877,0.0028523124646674825,-0.007614597113087923,0.0,924,28.0
1,1,1,random,0.057539682539682536,0.9476190476190476,-0.001593653736938633,-0.0029130963044870515,-0.0002994048389957643,0.0,924,29.0
1,1,1,random_normmatched,0.04563492063492063,0.9571428571428572,-0.020104667411950293,-0.01248829680536294,0.008404224119186473,0.0,924,29.0
1,1,1,random,0.05555555555555555,0.9428571428571428,0.000775304003549946,-0.0010643729319961045,-0.0008392966873389648,0.0,924,30.0
1,1,1,random_normmatched,0.05555555555555555,0.9476190476190476,0.007453252082453768,0.0024920011905088953,-0.002749320717529858,0.0,924,30.0
1,1,1,random,0.047619047619047616,0.9523809523809523,-0.0011488206788844565,-0.0041343637209064294,-0.0007806398671689897,0.0,924,31.0
1,1,1,random_normmatched,0.03571428571428571,0.9642857142857143,-0.0014435847060017674,-0.007509985313720995,0.02126850566938456,0.0,924,31.0
1,1,1,random,0.05357142857142857,0.9523809523809523,1.537402135829343e-05,-0.0010229751234684145,-0.00019415503417006272,0.0,924,32.0
1,1,1,random_normmatched,0.05357142857142857,0.95,-0.008041640642050586,-0.007052712355322311,0.010900229504116085,0.0,924,32.0
1,1,1,random,0.0496031746031746,0.9476190476190476,-0.0007299072605595103,-0.0020357005629342492,-0.002285640935505702,0.0,924,33.0
1,1,1,random_normmatched,0.04365079365079365,0.9547619047619048,-0.028865220363409078,-0.025518475362777727,-0.028451060015215635,0.0,924,33.0
1,1,1,random,0.05555555555555555,0.9428571428571428,-0.0007384473252120675,-0.0016486791149173503,-0.0010280491790184082,0.0,924,34.0
1,1,1,random_normmatched,0.03968253968253968,0.9571428571428572,0.007800848358058215,-0.009832756316855675,-0.017293093050840782,0.0,924,34.0
1,1,1,random,0.047619047619047616,0.9523809523809523,-0.0010093132659862625,-0.002703338736886154,-0.0016015264900157413,0.0,924,35.0
1,1,1,random_normmatched,0.03968253968253968,0.9595238095238096,-0.022818683592856256,-0.014360717320582344,0.000346157222497199,0.0,924,35.0
1,1,1,random,0.0496031746031746,0.95,-0.00018101063585325552,0.00015943699971417654,-0.0011699552884447003,0.0,924,36.0
1,1,1,random_normmatched,0.0496031746031746,0.95,0.02232276411377143,0.02106175822196423,0.013126573381648549,0.0,924,36.0
1,1,1,random,0.05357142857142857,0.9476190476190476,0.0004811813662157153,0.002254828929554039,0.0009106535063407415,0.0,924,37.0
1,1,1,random_normmatched,0.05555555555555555,0.9571428571428572,0.04406833453500281,0.03310462683241768,-0.00441482745250376,0.0,924,37.0
1,1,1,random,0.05357142857142857,0.9428571428571428,-0.0010729260638871068,-0.002144391709501161,-0.0008100141391485269,0.0,924,38.0
1,1,1,random_normmatched,0.047619047619047616,0.9547619047619048,-0.016765168839160606,-0.006772803261810025,0.01337076082084896,0.0,924,38.0
1,1,1,random,0.057539682539682536,0.95,0.0006787150372046259,0.0010866848898005437,-0.002291766491746468,0.0,924,39.0
1,1,1,random_normmatched,0.041666666666666664,0.9547619047619048,0.01770179504957367,0.019024827617541904,-0.028595916485260532,0.0,924,39.0
1,1,1,random,0.04563492063492063,0.9523809523809523,-0.0008912627756409992,-0.0036701121549365385,-0.0023766789922912723,0.0,924,40.0
1,1,1,random_normmatched,0.04563492063492063,0.9476190476190476,0.0104294558279204,0.005932671660605731,-0.030053022469402328,0.0,924,40.0
1,1,1,random,0.05555555555555555,0.9452380952380952,0.0010825419283855971,0.0008702767143624121,-0.0008586637921341341,0.0,924,41.0
1,1,1,random_normmatched,0.05555555555555555,0.9547619047619048,0.0003613570213495933,0.009238334358024791,0.004450888174092225,0.0,924,41.0
1,1,1,random,0.0496031746031746,0.9476190476190476,-0.0011190378241197696,-0.0018505093481582114,-0.0026020469225455003,0.0,924,42.0
1,1,1,random_normmatched,0.03571428571428571,0.95,-0.005197508246262909,-0.012124364461353418,-0.0025679783442914324,0.0,924,42.0
1,1,1,random,0.047619047619047616,0.95,0.00026128263180024444,0.0016654557781345858,-0.0017591487353539512,0.0,924,43.0
1,1,1,random_normmatched,0.041666666666666664,0.9547619047619048,0.0008681789829780287,0.004153057400735122,-0.006114348787409036,0.0,924,43.0
1,1,1,random,0.057539682539682536,0.9428571428571428,-0.00030462616475529134,-0.001869804171565529,-0.0014410885387412605,0.0,924,44.0
1,1,1,random_normmatched,0.0496031746031746,0.9547619047619048,-0.009360542368840593,-0.0071347302724957765,-0.012535382613608079,0.0,924,44.0
1,1,1,random,0.0496031746031746,0.9476190476190476,9.02506942844279e-05,0.00021001968931203812,-0.0012112473554015428,0.0,924,45.0
1,1,1,random_normmatched,0.047619047619047616,0.9595238095238096,0.02102732523343271,0.027138588840372502,0.011644450085192173,0.0,924,45.0
1,1,1,random,0.057539682539682536,0.9452380952380952,0.0014922377267179384,0.0007767838673846196,0.0017034948003141715,0.0,924,46.0
1,1,1,random_normmatched,0.057539682539682536,0.95,0.03468023294446866,0.03067855325530262,0.023516916985982038,0.0,924,46.0
1,1,1,random,0.05555555555555555,0.95,0.00030213758296007985,0.0005180853261335759,-0.0011755694391472277,0.0,924,47.0
1,1,1,random_normmatched,0.047619047619047616,0.9571428571428572,0.0011310085596624795,0.002563550356776012,0.0015167574162494673,0.0,924,47.0
1,1,1,random,0.057539682539682536,0.9404761904761905,0.0007493709176098384,0.0015273497720563974,0.0004326817261498116,0.0,924,48.0
1,1,1,random_normmatched,0.05555555555555555,0.95,0.021870008212303768,0.015890236871888473,0.016323749793007176,0.0,924,48.0
1,1,1,random,0.05555555555555555,0.95,0.00026423571613792254,-1.6855221866963492e-05,0.000835340262054209,0.0,924,49.0
1,1,1,random_normmatched,0.057539682539682536,0.9595238095238096,0.022698901594642527,-0.0010363548880524811,0.04714546194947103,0.0,924,49.0
1,1,1,random,0.05952380952380952,0.9452380952380952,0.00033295767937186794,0.0007495988050423597,-0.0005942249538981691,0.0,924,50.0
1,1,1,random_normmatched,0.057539682539682536,0.9452380952380952,0.014961276058497838,0.016692275121443497,-0.0011199404296292161,0.0,924,50.0
1,1,1,random,0.05952380952380952,0.9404761904761905,-0.00030366335760745176,0.0013397579913540427,-0.0003421191709165003,0.0,924,51.0
1,1,1,random_normmatched,0.05952380952380952,0.9404761904761905,0.0017443873416913764,0.008453765874620914,-0.013729977090349062,0.0,924,51.0
1,1,1,random,0.05357142857142857,0.9452380952380952,-0.00010630942968540327,-0.0009965029172434782,-0.0002572076364578535,0.0,924,52.0
1,1,1,random_normmatched,0.05555555555555555,0.9476190476190476,-0.020787240215872145,0.0011219488660801397,0.013076166686752305,0.0,924,52.0
1,1,1,random,0.05357142857142857,0.9452380952380952,0.00019931662140590823,0.002369920073069156,-0.0011813736770923899,0.0,924,53.0
1,1,1,random_normmatched,0.05952380952380952,0.9619047619047619,0.023943092166648916,0.03933285790523895,0.0001303083752751281,0.041666666666666664,924,53.0
1,1,1,random,0.05555555555555555,0.9452380952380952,3.872212453207175e-05,-0.0007839838733021733,-0.0009152348344846307,0.0,924,54.0
1,1,1,random_normmatched,0.041666666666666664,0.9619047619047619,-0.00026960015676025874,0.00031855360559446906,0.0005690279641668383,0.0,924,54.0
1,1,1,random,0.05555555555555555,0.9452380952380952,3.8440003026457995e-05,-0.0011599245738476152,-0.001128336033689137,0.0,924,55.0
1,1,1,random_normmatched,0.057539682539682536,0.9452380952380952,0.0008339796236877465,0.0021860091313430532,0.018674789645791175,0.0,924,55.0
1,1,1,random,0.0496031746031746,0.9452380952380952,-0.00016021908792858308,-0.0019816940263767307,-0.001290206835199808,0.0,924,56.0
1,1,1,random_normmatched,0.0496031746031746,0.95,0.025516028790927694,0.023602651684158954,0.0032035889284369994,0.0,924,56.0
1,1,1,random,0.05357142857142857,0.9428571428571428,0.00027760675171540044,0.004185896421570743,-0.000512706363307884,0.0,924,57.0
1,1,1,random_normmatched,0.05555555555555555,0.9547619047619048,-0.010067415025311967,-0.003250360053749838,-0.0028172639922053244,0.0,924,57.0
1,1,1,random,0.051587301587301584,0.9452380952380952,-0.0002027006213708429,-0.0007084020826711794,-0.0015452838295910245,0.0,924,58.0
1,1,1,random_normmatched,0.04563492063492063,0.9547619047619048,0.005751389359248361,0.010867639700176485,-0.0011558589369921202,0.013888888888888888,924,58.0
1,1,1,random,0.051587301587301584,0.9452380952380952,-0.00017888858080259573,-0.0002772982406373814,9.89723669777827e-06,0.0,924,59.0
1,1,1,random_normmatched,0.041666666666666664,0.9547619047619048,0.0024091598472184735,0.007353516465340072,0.010032600705134734,0.0,924,59.0
1,1,1,random,0.0496031746031746,0.9404761904761905,0.0004679208201922487,-0.00013617378961697395,0.002573591901062752,0.0,924,60.0
1,1,1,random_normmatched,0.04365079365079365,0.9666666666666667,0.027925005226921595,0.0258752345951687,0.05744200503299035,0.0,924,60.0
1,1,1,random,0.05555555555555555,0.9476190476190476,0.0024242392552256816,0.006191556476603671,-0.00021749265833428388,0.0,924,61.0
1,1,1,random_normmatched,0.057539682539682536,0.9452380952380952,0.0443398092289038,0.04496257995983724,0.013074042913516852,0.0,924,61.0
1,1,1,random,0.051587301587301584,0.9523809523809523,0.0015118749482085137,0.003460060980606265,9.463678165704248e-05,0.0,924,62.0
1,1,1,random_normmatched,0.05357142857142857,0.9571428571428572,0.01870883868339433,0.030534610111150634,0.011908360851360137,0.0,924,62.0
1,1,1,random,0.05357142857142857,0.9404761904761905,-0.0001800715236657701,-0.0013275632970417962,0.0009912393293091677,0.0,924,63.0
1,1,1,random_normmatched,0.047619047619047616,0.9595238095238096,-0.0032132893552475903,-0.004196045644925828,0.013228838933818148,0.0,924,63.0
1,1,1,random,0.05357142857142857,0.9452380952380952,0.000757120313334352,0.0019421328016252868,-0.00013269669195460052,0.0,924,64.0
1,1,1,random_normmatched,0.06349206349206349,0.9476190476190476,0.03606945312739157,0.02664031493524776,0.01740926901883349,0.0,924,64.0
1,1,1,random,0.05357142857142857,0.9476190476190476,-0.0011358253386385734,-0.00265929265162991,0.003151199394520977,0.0,924,65.0
1,1,1,random_normmatched,0.04365079365079365,0.9642857142857143,-0.010603220924581888,-0.011371470077391773,0.04013047450992748,0.0,924,65.0
1,1,1,random,0.0496031746031746,0.9476190476190476,0.0014069368861562754,0.0019985370903707377,-0.0003873499494212719,0.0,924,66.0
1,1,1,random_normmatched,0.037698412698412696,0.9595238095238096,0.023317588654995197,0.020981832653747305,-0.006670645857234569,0.0,924,66.0
1,1,1,random,0.0496031746031746,0.9476190476190476,-0.0007462234623363362,-0.001202156220272672,-0.0015650606715008975,0.0,924,67.0
1,1,1,random_normmatched,0.0496031746031746,0.9452380952380952,-0.008197958518586276,-0.011434259504221837,-0.023216755580581554,0.0,924,67.0
1,1,1,random,0.05357142857142857,0.9404761904761905,0.00021053233275957335,-0.0009264944715483114,-0.0010813780943913713,0.0,924,68.0
1,1,1,random_normmatched,0.05357142857142857,0.9476190476190476,-0.004126728976776935,-0.006198713257797557,-0.0016420128975528012,0.0,924,68.0
1,1,1,random,0.051587301587301584,0.9476190476190476,-0.0009252426360089234,0.0005338356666700711,0.0006759859027289136,0.0,924,69.0
1,1,1,random_normmatched,0.047619047619047616,0.9452380952380952,0.0005081605055863887,0.00026265820535808354,0.011769368131570278,0.0,924,69.0
1,1,1,random,0.05555555555555555,0.9404761904761905,-0.0008048293954302929,0.002229658790904878,-0.0004897483615481796,0.0,924,70.0
1,1,1,random_normmatched,0.061507936507936505,0.9404761904761905,-0.0008912136269587179,-0.0009042014866827131,-0.005339302328082024,0.0,924,70.0
1,1,1,random,0.051587301587301584,0.9452380952380952,0.002715030947573172,0.0033996106137926356,-9.133169930165744e-05,0.0,924,71.0
1,1,1,random_normmatched,0.0496031746031746,0.9571428571428572,0.09234663113768765,0.06178253726233997,0.05505597931237062,0.0,924,71.0
1,1,1,random,0.05555555555555555,0.9476190476190476,-0.0010218512714511151,-0.0009432346280165568,-0.0008052866518122976,0.0,924,72.0
1,1,1,random_normmatched,0.05555555555555555,0.9452380952380952,-0.003431030950152128,-0.0019814182647962136,-0.0006588968439632585,0.0,924,72.0
1,1,1,random,0.0496031746031746,0.9523809523809523,0.005783804452758691,0.005342181929133948,0.00264338279403781,0.0,924,73.0
1,1,1,random_normmatched,0.0496031746031746,0.9619047619047619,0.07246225551737005,0.042211992448218216,0.049933211993195364,0.0,924,73.0
1,1,1,random,0.05357142857142857,0.9476190476190476,0.0014112162685601742,0.006657734718625438,-0.0014931642237342674,0.0,924,74.0
1,1,1,random_normmatched,0.04365079365079365,0.9547619047619048,0.011486077082560896,0.02098576146130659,-0.00261681786485505,0.0,924,74.0
1,1,1,random,0.05357142857142857,0.9428571428571428,0.0009408034043416297,0.0017296428276235858,-0.00016456654374148922,0.0,924,75.0
1,1,1,random_normmatched,0.057539682539682536,0.9476190476190476,0.01114444801924953,0.015727973336586924,0.007070857086343323,0.013888888888888888,924,75.0
1,1,1,random,0.057539682539682536,0.9428571428571428,0.0017391068691362177,0.0015656447939567631,-0.0004866160641683302,0.0,924,76.0
1,1,1,random_normmatched,0.06547619047619048,0.930952380952381,0.004119301480965392,0.006529358573892735,0.0017002929985140943,0.0,924,76.0
1,1,1,random,0.051587301587301584,0.95,-0.003097635064408635,-0.004137367348889245,-0.0010806381886748922,0.0,924,77.0
1,1,1,random_normmatched,0.037698412698412696,0.9523809523809523,-0.02742243909363116,-0.025663472871303838,0.004902633260210159,0.0,924,77.0
1,1,1,random,0.057539682539682536,0.9452380952380952,-0.00023490405361788658,0.00022242613881114676,-0.0002640775093521431,0.0,924,78.0
1,1,1,random_normmatched,0.04563492063492063,0.9619047619047619,0.01360656169860775,0.003497680987965772,-0.0018747765190002359,0.0,924,78.0
1,1,1,random,0.05357142857142857,0.9452380952380952,-0.001841796215756673,-0.0054606623846720015,-0.0006713612576580753,0.0,924,79.0
1,1,1,random_normmatched,0.04563492063492063,0.9476190476190476,-0.02765544524271065,-0.03440667837740174,0.004577390913551218,0.0,924,79.0
1,1,1,random,0.05357142857142857,0.9452380952380952,-0.0010898665105271983,-0.0016203766438862284,-0.0011856890337778895,0.0,924,80.0
1,1,1,random_normmatched,0.047619047619047616,0.95,0.007603502399311509,-0.0006703300148780718,0.0010918052266015773,0.0,924,80.0
1,1,1,random,0.05357142857142857,0.9452380952380952,-0.0012533997739726378,-0.0006921655038975049,-0.0012654833807176514,0.0,924,81.0
1,1,1,random_normmatched,0.0496031746031746,0.9452380952380952,-0.01676402579290399,-0.01845032501198814,-0.001476760374947789,0.0,924,81.0
1,1,1,random,0.05357142857142857,0.9452380952380952,0.0036954032782419684,0.004369425575091043,0.0006320205948378238,0.0,924,82.0
1,1,1,random_normmatched,0.04563492063492063,0.9619047619047619,0.0461486372982522,0.038825593908973034,0.025223257933202195,0.0,924,82.0
1,1,1,random,0.05555555555555555,0.9476190476190476,-0.00031639576907457407,0.0011238492180841255,0.00040195024918598764,0.0,924,83.0
1,1,1,random_normmatched,0.0496031746031746,0.9595238095238096,-0.00016203943616171284,-0.005049805154684195,0.02146755547543896,0.0,924,83.0
1,1,1,random,0.0496031746031746,0.95,-0.000522094569500255,0.00022091442977269948,-0.002354854097801889,0.0,924,84.0
1,1,1,random_normmatched,0.041666666666666664,0.9642857142857143,-0.005148087556853418,-0.0031435206466152426,-0.010208056733862825,0.0,924,84.0
1,1,1,random,0.05357142857142857,0.9428571428571428,-0.00028213837540084824,-0.000620088508611807,-0.0002507065816724011,0.0,924,85.0
1,1,1,random_normmatched,0.047619047619047616,0.9285714285714286,0.0018118122585889618,0.005272768557169317,-0.01960258930081823,0.0,924,85.0
1,1,1,random,0.0496031746031746,0.9476190476190476,-0.000876082749025953,-0.0027934787680380722,-0.0006169198508385297,0.0,924,86.0
1,1,1,random_normmatched,0.05357142857142857,0.9571428571428572,0.0009944076760578552,-0.006580122414061517,-0.009952723407532098,0.0,924,86.0
1,1,1,random,0.05555555555555555,0.9523809523809523,-0.0012862188102095015,-0.0014876321227334692,-0.001168343732184697,0.0,924,87.0
1,1,1,random_normmatched,0.03968253968253968,0.9547619047619048,0.008538167132357753,0.009718704483239879,-0.02020917284980238,0.0,924,87.0
1,1,1,random,0.057539682539682536,0.9476190476190476,0.0014160506277653237,0.0014043202721062914,-0.0023444464959056412,0.0,924,88.0
1,1,1,random_normmatched,0.051587301587301584,0.9404761904761905,0.021619468274746076,0.019270291754394743,-0.03659523400103407,0.0,924,88.0
1,1,1,random,0.0496031746031746,0.9476190476190476,0.0005927139773111271,0.0011823760611606824,-0.0009393778742154442,0.0,924,89.0
1,1,1,random_normmatched,0.04563492063492063,0.9571428571428572,0.01752743952907578,0.028079943610706176,0.004513185728267786,0.0,924,89.0
1,1,1,random,0.051587301587301584,0.95,-0.0007847099287591945,-0.0014510256276833169,-0.0023046951910871533,0.0,924,90.0
1,1,1,random_normmatched,0.041666666666666664,0.9595238095238096,-0.0025970140817703157,-0.004359082641325149,-0.00038622053087277505,0.0,924,90.0
1,1,1,random,0.051587301587301584,0.9452380952380952,-1.4564228118778595e-05,0.0010189343197045055,-0.00114631559375663,0.0,924,91.0
1,1,1,random_normmatched,0.0496031746031746,0.9452380952380952,0.002264073674915436,-0.004835251549416865,0.01164168168533455,0.0,924,91.0
1,1,1,random,0.0496031746031746,0.9571428571428572,6.193887766993615e-06,-0.0036672608143981412,-0.002192139021063721,0.0,924,92.0
1,1,1,random_normmatched,0.037698412698412696,0.9619047619047619,-0.0016880074081682878,-0.005870403523851229,-0.017663178387400863,0.0,924,92.0
1,1,1,random,0.05357142857142857,0.95,0.0001522363444297465,0.0007908039211078787,0.00013812177408167186,0.0,924,93.0
1,1,1,random_normmatched,0.04365079365079365,0.9571428571428572,0.021894475187277197,0.022889480924178068,0.024052404126855005,0.0,924,93.0
1,1,1,random,0.05555555555555555,0.9428571428571428,-0.0002498310925978021,-0.00026290293184287914,0.00015485249039046082,0.0,924,94.0
1,1,1,random_normmatched,0.05357142857142857,0.9547619047619048,0.014224498600782082,0.013511187637766302,0.019071002951740273,0.0,924,94.0
1,1,1,random,0.05357142857142857,0.9452380952380952,-0.00015201324375553523,-0.002929647006374075,-0.00022011680560858314,0.0,924,95.0
1,1,1,random_normmatched,0.04365079365079365,0.9595238095238096,0.0012852787225926569,-0.002034747466123853,0.007657670378533651,0.0,924,95.0
1,1,1,random,0.04563492063492063,0.9428571428571428,0.0030221838756602183,0.00531813049253735,-0.0012450321083425997,0.0,924,96.0
1,1,1,random_normmatched,0.03968253968253968,0.9595238095238096,0.027565679258069284,0.013303044223734448,6.172267031821702e-05,0.0,924,96.0
1,1,1,random,0.05357142857142857,0.9476190476190476,-0.0018684044624768794,-0.00393575605446236,-0.0016070869516759058,0.0,924,97.0
1,1,1,random_normmatched,0.037698412698412696,0.9476190476190476,-0.025959462330611326,-0.02375429348249174,-0.001652554582453568,0.0,924,97.0
1,1,1,random,0.051587301587301584,0.9476190476190476,-0.0016884224648794771,-0.0010455223794447548,-0.0017770900043568016,0.0,924,98.0
1,1,1,random_normmatched,0.04563492063492063,0.9571428571428572,-0.020933057089564444,-0.01715115232909006,-0.024960607534368108,0.0,924,98.0
1,1,1,random,0.05357142857142857,0.9404761904761905,-0.00017864737882271607,0.0013239284876023349,-0.0009892502799849403,0.0,924,99.0
1,1,1,random_normmatched,0.041666666666666664,0.9595238095238096,0.013927456136813888,0.001888741074991185,0.00032187652624191573,0.0,924,99.0
1,1,1,shuffled_labels,0.4742063492063492,0.9714285714285714,0.4913380199449968,0.5256607084546372,0.44309435815531206,0.4861111111111111,924,
1,1,2,random,0.0,1.0,-0.002035744090460806,-0.002782165777293313,0.0003615772973800437,0.0,924,0.0
1,1,2,random_normmatched,0.0,1.0,-0.0005068658650854414,-0.002164911465746774,0.019036005778401158,0.0,924,0.0
1,1,2,random,0.0,1.0,-0.00017556058335002433,-0.0013445616592875338,0.0009491749519497474,0.0,924,1.0
1,1,2,random_normmatched,0.0,1.0,0.013409853438622391,0.010319276026838176,0.029279187443802403,0.0,924,1.0
1,1,2,random,0.0,1.0,0.0005527566150097557,-2.1591249150057435e-05,0.0011205141589995843,0.0,924,2.0
1,1,2,random_normmatched,0.0,1.0,0.03491149258336836,0.035683440777105,0.027600053452267882,0.0,924,2.0
1,1,2,random,0.0,1.0,-0.0003002196809431044,-0.0014198138125337616,-0.001413080447498213,0.0,924,3.0
1,1,2,random_normmatched,0.0,1.0,-0.00456857610157008,0.0055845390044835935,-0.001445395389731811,0.0,924,3.0
1,1,2,random,0.0,1.0,-0.0012313356401043726,-0.002382552144220479,-0.0019511464243713447,0.0,924,4.0
1,1,2,random_normmatched,0.0,1.0,-0.010683336016984216,0.001611534696822634,-0.021326162464214198,0.0,924,4.0
1,1,2,random,0.0,1.0,-7.131394593619911e-05,-0.0015510082204456758,-0.0007226178821766678,0.0,924,5.0
1,1,2,random_normmatched,0.0,1.0,-0.003639311447209873,-0.0030059386680734448,0.015075510353495376,0.0,924,5.0
1,1,2,random,0.0,1.0,0.0003139593112780913,-0.0011382216619901767,-0.0008947000682551329,0.0,924,6.0
1,1,2,random_normmatched,0.0,1.0,-0.0016235932874351764,0.007064897634063141,0.007218437071312421,0.0,924,6.0
1,1,2,random,0.0,1.0,0.00011323118738568793,-0.0009009621593251356,-0.00034634421386662754,0.0,924,7.0
1,1,2,random_normmatched,0.0,1.0,0.01310776565514952,0.0047130142665798526,0.017619916794265368,0.0,924,7.0
1,1,2,random,0.0,1.0,-0.00030577941461196905,-0.002684777845505999,0.001245904355743487,0.0,924,8.0
1,1,2,random_normmatched,0.0,1.0,0.02490035451334791,0.02326328619577469,0.03423256524633131,0.0,924,8.0
1,1,2,random,0.0,1.0,-0.0005661086814227909,-0.0012060217496555538,0.00017151072258342285,0.0,924,9.0
1,1,2,random_normmatched,0.0,1.0,0.00023505854236751015,-0.0016329656817799798,0.011322263418268882,0.0,924,9.0
1,1,2,random,0.0,1.0,-0.0003872643970432219,-0.001318187462391334,-0.00039073587412138803,0.0,924,10.0
1,1,2,random_normmatched,0.0,1.0,0.0011693087955270823,0.009011902731013273,0.004402186160020439,0.0,924,10.0
1,1,2,random,0.0,1.0,0.0022302875961625127,0.002601225171854155,0.002061242477897536,0.0,924,11.0
1,1,2,random_normmatched,0.0,1.0,0.040318030574517466,0.04437061787346912,0.04227588107686998,0.0,924,11.0
1,1,2,random,0.0,1.0,0.0014770960723172453,0.003127644488666751,-1.8741002106715646e-05,0.0,924,12.0
1,1,2,random_normmatched,0.0,1.0,0.03486075196081839,0.026083365406879545,0.0074576004271865275,0.0,924,12.0
1,1,2,random,0.0,1.0,-0.000147393814956424,0.0004477479706191159,2.5282825020580478e-05,0.0,924,13.0
1,1,2,random_normmatched,0.0,1.0,0.008245746142358183,0.007410560346006021,0.03145675219379889,0.0,924,13.0
1,1,2,random,0.0,1.0,0.0007240384356143441,0.0017208629961803811,-0.00018071497534997242,0.0,924,14.0
1,1,2,random_normmatched,0.0,1.0,0.03524092202438303,0.027914843639055012,0.003972282278959256,0.0,924,14.0
1,1,2,random,0.0,1.0,-0.00033744420599782514,-0.0014837531205602378,0.0006341484299149071,0.0,924,15.0
1,1,2,random_normmatched,0.0,1.0,-0.00022327090625700474,-0.001109497335356433,0.02787733315087656,0.0,924,15.0
1,1,2,random,0.0,1.0,-0.0004305660088067666,-0.0008068127207164738,0.0013179275561870157,0.0,924,16.0
1,1,2,random_normmatched,0.0,1.0,0.020898131529294716,0.018392578063760472,0.03816824594886363,0.0,924,16.0
1,1,2,random,0.0,1.0,-6.098562021465349e-05,-0.0011158904060258213,-0.0010021380935545646,0.0,924,17.0
1,1,2,random_normmatched,0.0,1.0,-0.002051303197893148,0.00653513562318304,0.005471232317341363,0.0,924,17.0
1,1,2,random,0.0,1.0,-0.0004758128368342842,-0.0005588808511421489,-0.001236004062209577,0.0,924,18.0
1,1,2,random_normmatched,0.0,1.0,0.012047738594694987,0.011240485229856741,0.006376389989056385,0.0,924,18.0
1,1,2,random,0.0,1.0,-7.96216553668615e-05,-0.0005520706386026639,-0.000478117374882826,0.0,924,19.0
1,1,2,random_normmatched,0.0,1.0,0.013923744371547328,0.009383580323633905,0.001410306382169135,0.0,924,19.0
1,1,2,random,0.0,1.0,0.0017755098833637018,0.0025913591750350196,0.0027227651186570905,0.0,924,20.0
1,1,2,random_normmatched,0.0,1.0,0.040249887285827166,0.04530279332700052,0.04376190236647931,0.0,924,20.0
1,1,2,random,0.0,1.0,0.0003128270253592332,-0.00033329255920683406,-3.1410944219530836e-05,0.0,924,21.0
1,1,2,random_normmatched,0.0,1.0,0.01208700207691779,0.013348658119220208,0.00148796425561469,0.0,924,21.0
1,1,2,random,0.0,1.0,-3.842828608908924e-06,0.001165646698621494,-0.0006305302790903691,0.0,924,22.0
1,1,2,random_normmatched,0.0,1.0,0.007739216597238502,0.008721298213703111,-0.002487364892281193,0.0,924,22.0
1,1,2,random,0.0,1.0,0.0003959007281397062,-0.0008930950550836179,0.0016035935201197736,0.0,924,23.0
1,1,2,random_normmatched,0.0,1.0,0.010693088772088813,0.007534019813268802,0.03165873864978125,0.0,924,23.0
1,1,2,random,0.0,1.0,-0.0012751775107542177,-0.003584202989869883,-0.0005766183515098572,0.0,924,24.0
1,1,2,random_normmatched,0.0,1.0,-0.015988340637559995,-0.010079707593935887,-0.007332204478406795,0.0,924,24.0
1,1,2,random,0.0,1.0,-0.0005980940819241017,-0.0015071473153519738,-0.0004963403948912413,0.0,924,25.0
1,1,2,random_normmatched,0.0,1.0,0.009422985966498168,0.021182374621974275,0.0009224305088654311,0.0,924,25.0
1,1,2,random,0.0,1.0,0.0001625300754189634,0.0002907747775995895,-0.0005660336429334672,0.0,924,26.0
1,1,2,random_normmatched,0.0,1.0,0.030033587384509623,0.017874175705357764,0.008367673828578556,0.0,924,26.0
1,1,2,random,0.0,1.0,-0.00034148424888452293,-0.00282235829030686,0.0004170344994297562,0.0,924,27.0
1,1,2,random_normmatched,0.0,1.0,-0.0075411372554134255,-0.008420810337345411,0.01553863949328058,0.0,924,27.0
1,1,2,random,0.0,1.0,0.0013202310444721957,0.0006265578615585404,-1.7518659705083686e-05,0.0,924,28.0
1,1,2,random_normmatched,0.0,1.0,0.02279840394112629,0.024088976107940897,0.009847347250333377,0.0,924,28.0
1,1,2,random,0.0,1.0,-0.0002611441754374256,-0.00026281649877568934,0.0025223551942091587,0.0,924,29.0
1,1,2,random_normmatched,0.0,1.0,0.014995021732787935,0.01647127368352936,0.047983751746433934,0.0,924,29.0
1,1,2,random,0.0,1.0,-0.00038937627016652146,-0.0010354418860762339,0.0006628244753872047,0.0,924,30.0
1,1,2,random_normmatched,0.0,1.0,0.004736501506473556,0.005051321648561071,0.026955513655078134,0.0,924,30.0
1,1,2,random,0.0,1.0,0.00014658664313946322,0.000574140907633096,-0.0011765809661346226,0.0,924,31.0
1,1,2,random_normmatched,0.0,1.0,0.0075400469092577055,0.0038219352668550726,-0.0040201034509140775,0.0,924,31.0
1,1,2,random,0.0,1.0,0.0011983179906244392,0.0017403193001770828,0.00010690434367550172,0.0,924,32.0
1,1,2,random_normmatched,0.0,1.0,0.02227257194169459,0.022344296157341632,0.0027081133267830492,0.0,924,32.0
1,1,2,random,0.0,1.0,0.000375342799505176,0.0005059253271095501,-0.00044721773702999896,0.0,924,33.0
1,1,2,random_normmatched,0.0,1.0,0.01463599519453285,0.008241059851679665,0.004924178786159225,0.0,924,33.0
1,1,2,random,0.0,1.0,0.00031954693475397136,-0.0006925438861725237,0.00019854204465874004,0.0,924,34.0
1,1,2,random_normmatched,0.0,1.0,0.011565187258256462,0.0024742391910540164,0.02696292175688078,0.0,924,34.0
1,1,2,random,0.0,1.0,-9.628256260815857e-05,-0.001667002070837792,-0.00010760096662084629,0.0,924,35.0
1,1,2,random_normmatched,0.0,1.0,-0.004346733868989797,-0.005033125588138653,0.007347801547162943,0.0,924,35.0
1,1,2,random,0.0,1.0,0.0005674384217803107,0.0010266115074661578,-0.0013400442613744116,0.0,924,36.0
1,1,2,random_normmatched,0.0,1.0,0.033146552174220155,0.02336094303585031,0.005826828530929333,0.0,924,36.0
1,1,2,random,0.0,1.0,-0.0007978049397047147,-0.002364511394995313,-0.0017655588456141338,0.0,924,37.0
1,1,2,random_normmatched,0.0,1.0,-0.0028066661834499165,-0.005848152013448469,-0.003720962562370306,0.0,924,37.0
1,1,2,random,0.0,1.0,-0.0005770382336357565,-0.0026858548264069664,8.285948193992093e-05,0.0,924,38.0
1,1,2,random_normmatched,0.0,1.0,-0.009419714839973895,-0.009621416432686833,0.01333444322948597,0.0,924,38.0
1,1,2,random,0.0,1.0,-0.0002857520259966141,-0.0011278655455456469,4.6211175687880167e-05,0.0,924,39.0
1,1,2,random_normmatched,0.0,1.0,-0.013646373249240944,-0.010594568512086415,0.01650234935257336,0.0,924,39.0
1,1,2,random,0.0,1.0,-0.00014690054722101911,-0.0005785405228601403,-0.0006774363111523527,0.0,924,40.0
1,1,2,random_normmatched,0.0,1.0,-0.01247868450557419,-0.014799495975439388,0.005907390301359334,0.0,924,40.0
1,1,2,random,0.0,1.0,-0.0015691892840815785,-0.0026211248305862914,-0.0002151538399430763,0.0,924,41.0
1,1,2,random_normmatched,0.0,1.0,0.016708699456801306,0.014256394697265761,0.011958649137699489,0.0,924,41.0
1,1,2,random,0.0,1.0,0.00028673761412478067,-0.00013955253328671243,7.318685930832552e-05,0.0,924,42.0
1,1,2,random_normmatched,0.0,1.0,0.02560943612131593,0.015792735933759423,0.00523717875269609,0.0,924,42.0
1,1,2,random,0.0,1.0,3.845011336923777e-05,-0.000551502772287989,-0.00021047137494030734,0.0,924,43.0
1,1,2,random_normmatched,0.0,1.0,-0.00046689531411043866,-0.001925890042224779,0.004471585188151548,0.0,924,43.0
1,1,2,random,0.0,1.0,0.0014764707033451477,0.001843016411205401,-0.00042965957220951847,0.0,924,44.0
1,1,2,random_normmatched,0.0,1.0,0.04827282028630382,0.04566654056816065,-0.0004215790599254411,0.0,924,44.0
1,1,2,random,0.0,1.0,-0.0007643707624736002,-0.0021299250459826656,-0.00023229139756205956,0.0,924,45.0
1,1,2,random_normmatched,0.0,1.0,0.0073347171168532,-0.0028104302776436087,0.0017912368390765017,0.0,924,45.0
1,1,2,random,0.0,1.0,-0.00031297633309019406,-0.0008782515844465762,0.00024123137204232838,0.0,924,46.0
1,1,2,random_normmatched,0.0,1.0,0.010403526531853401,0.008931008831228555,0.01007121071313649,0.0,924,46.0
1,1,2,random,0.0,1.0,-0.00033667963139045505,-0.001635628946511513,0.0010596708869158914,0.0,924,47.0
1,1,2,random_normmatched,0.0,1.0,0.016024343628171858,0.018453211233322213,0.022834952798607096,0.0,924,47.0
1,1,2,random,0.0,1.0,0.0005006920660131078,0.00032001319399590285,-0.0001433329725354219,0.0,924,48.0
1,1,2,random_normmatched,0.0,1.0,0.021211478391017675,0.01476352198304008,0.013204336254149442,0.0,924,48.0
1,1,2,random,0.0,1.0,-0.00029704351153505524,-0.000780432939518375,6.234493161578313e-05,0.0,924,49.0
1,1,2,random_normmatched,0.0,1.0,-0.008497035832414544,-0.008602542560002174,0.0024958720507372513,0.0,924,49.0
1,1,2,random,0.0,1.0,-3.275105179108787e-05,-0.0005748706979844129,-0.0007255673337077973,0.0,924,50.0
1,1,2,random_normmatched,0.0,1.0,0.013806033685624828,0.007185208187076682,0.005493696189072447,0.0,924,50.0
1,1,2,random,0.0,1.0,-6.614539738951922e-05,-0.0007170824503969227,0.0003213771896792378,0.0,924,51.0
1,1,2,random_normmatched,0.0,1.0,0.013710740876417458,0.010146647923106347,0.013462155048482874,0.0,924,51.0
1,1,2,random,0.0,1.0,5.295467865172745e-05,-0.002400604527403989,-0.0005582890987270519,0.0,924,52.0
1,1,2,random_normmatched,0.0,1.0,0.006844876449981593,0.002007950355303677,0.003715944192660358,0.0,924,52.0
1,1,2,random,0.0,1.0,-0.0004478964279581219,-6.548228826270413e-05,0.00017949538839420233,0.0,924,53.0
1,1,2,random_normmatched,0.0,1.0,0.005643028464336293,0.002001164642803582,0.013059765939220827,0.0,924,53.0
1,1,2,random,0.0,1.0,-0.00019095579189373044,-0.0006477233988715909,0.002534478497417295,0.0,924,54.0
1,1,2,random_normmatched,0.0,1.0,-0.0077516856903620795,-0.004319113052923536,0.04138778585475024,0.0,924,54.0
1,1,2,random,0.0,1.0,-0.0006582656657117531,-0.0015048406610935021,-5.618667409196627e-05,0.0,924,55.0
1,1,2,random_normmatched,0.0,1.0,-0.007240317536177696,0.0033002861334804467,0.021749496042159894,0.0,924,55.0
1,1,2,random,0.0,1.0,0.0003525255628192208,-0.0008030646970420207,-0.0002925732298617217,0.0,924,56.0
1,1,2,random_normmatched,0.0,1.0,0.02168105075355043,0.010235641964840678,0.021998317398834406,0.0,924,56.0
1,1,2,random,0.0,1.0,0.0002927385774028781,0.001077402915265883,-8.454410171764834e-05,0.0,924,57.0
1,1,2,random_normmatched,0.0,1.0,0.007685451565546534,0.010193772831947726,0.004929981150119368,0.0,924,57.0
1,1,2,random,0.0,1.0,0.0008926310453577948,0.0014313511981378594,0.0006116688090943971,0.0,924,58.0
1,1,2,random_normmatched,0.0,1.0,0.04485366827224529,0.029747419234368314,0.01631564354489533,0.0,924,58.0
1,1,2,random,0.0,1.0,0.00016140133747507797,0.0009726049816360043,-0.00014083303748816815,0.0,924,59.0
1,1,2,random_normmatched,0.0,1.0,0.012814407450086173,0.015366609745915982,0.017724249934159924,0.0,924,59.0
1,1,2,random,0.0,1.0,-6.656001059608595e-05,-0.0016967591731780122,-0.002470225329486442,0.0,924,60.0
1,1,2,random_normmatched,0.0,1.0,0.005291542939086912,0.0129648465274077,-0.015456716853790011,0.0,924,60.0
1,1,2,random,0.0,1.0,-0.00019598690440741955,-0.0013497701335840808,-0.00015685942987730823,0.0,924,61.0
1,1,2,random_normmatched,0.0,1.0,0.001101542193036967,0.00594799488147345,0.0043058812583710495,0.0,924,61.0
1,1,2,random,0.0,1.0,0.0011293399441791988,0.0022266498059831845,4.610844205176698e-05,0.0,924,62.0
1,1,2,random_normmatched,0.0,1.0,0.01486366722674368,0.01799524608195896,0.010740055892183896,0.0,924,62.0
1,1,2,random,0.0,1.0,-1.984031700340384e-05,0.00022393904582217503,0.00046963082510984076,0.0,924,63.0
1,1,2,random_normmatched,0.0,1.0,-0.004593303271398367,-0.00504338439600524,0.014329249679615439,0.0,924,63.0
1,1,2,random,0.0,1.0,0.00016598132787953558,-0.00019906523158455777,-2.1477280854019624e-05,0.0,924,64.0
1,1,2,random_normmatched,0.0,1.0,0.013287191722563665,0.013231467799910353,0.00889282525523589,0.0,924,64.0
1,1,2,random,0.0,1.0,0.0007811353866019912,0.001572930673137384,0.00015450587853340226,0.0,924,65.0
1,1,2,random_normmatched,0.0,1.0,0.04332474393048607,0.0321957805977809,0.025331912791263407,0.0,924,65.0
1,1,2,random,0.0,1.0,0.0010216023995614967,-0.000616836051480355,0.00042088078327368706,0.0,924,66.0
1,1,2,random_normmatched,0.0,1.0,0.0248888576024354,0.03058516012845498,0.011583286789019726,0.0,924,66.0
1,1,2,random,0.0,1.0,-0.00031680805393253326,-0.0005077177784523377,-4.345406299232397e-05,0.0,924,67.0
1,1,2,random_normmatched,0.0,1.0,0.0007258515438562023,-0.00040878500671746095,0.006675431533004449,0.0,924,67.0
1,1,2,random,0.0,1.0,-0.0011168582822684695,-0.002389382521205751,0.0016857094989087863,0.0,924,68.0
1,1,2,random_normmatched,0.0,1.0,-0.011468755363789135,-0.014589488782352078,0.03727587806662702,0.0,924,68.0
1,1,2,random,0.0,1.0,0.0009172952477520196,0.0013639845877246575,0.0007757645809108773,0.0,924,69.0
1,1,2,random_normmatched,0.0,1.0,0.020168533828832005,0.02009811418097071,0.0115811539071516,0.0,924,69.0
1,1,2,random,0.0,1.0,0.003446395645355111,0.003561458367294528,1.4964040364286042e-05,0.0,924,70.0
1,1,2,random_normmatched,0.0,1.0,0.05429754745950684,0.03712827567959343,0.019231045363973284,0.0,924,70.0
1,1,2,random,0.0,1.0,-8.52280344776985e-05,-0.0012012385005399264,0.00010031939974696407,0.0,924,71.0
1,1,2,random_normmatched,0.0,1.0,0.027241694685359884,0.009210429924268536,0.018781851507092655,0.0,924,71.0
1,1,2,random,0.0,1.0,-0.00017461603024155492,-0.001111430571721588,-0.0003897262457994897,0.0,924,72.0
1,1,2,random_normmatched,0.0,1.0,0.005629822085565233,0.0036608264620022484,0.007711352049379794,0.0,924,72.0
1,1,2,random,0.0,1.0,-0.0001755277188910978,-0.0016309501691112954,-0.00022503496135213558,0.0,924,73.0
1,1,2,random_normmatched,0.0,1.0,-0.0044167307669247795,-0.0016534461859134238,0.010752992624919803,0.0,924,73.0
1,1,2,random,0.0,1.0,-0.0009257534611301381,-0.0019788973997048576,-0.0008702415261432109,0.0,924,74.0
1,1,2,random_normmatched,0.0,1.0,0.005628811216250633,0.0007133229322820703,0.007772165834322598,0.0,924,74.0
1,1,2,random,0.0,1.0,-0.0001871779298023618,-0.0012363640365843068,-0.00037070161398566393,0.0,924,75.0
1,1,2,random_normmatched,0.0,1.0,0.005286109942621587,0.008756870981340004,-0.002494944955020878,0.0,924,75.0
1,1,2,random,0.0,1.0,-0.00016870044711203084,-9.905906138261504e-05,-0.0001393885577890071,0.0,924,76.0
1,1,2,random_normmatched,0.0,1.0,0.008731707482520201,0.009177834387299872,0.005084019920386456,0.0,924,76.0
1,1,2,random,0.0,1.0,-0.0005118710428903084,-0.0021093027180419353,-0.0010504114311023632,0.0,924,77.0
1,1,2,random_normmatched,0.0,1.0,0.00480090925062231,0.001972761122626936,0.003305330029496159,0.0,924,77.0
1,1,2,random,0.0,1.0,-0.0010965951230645801,-0.002965247143404422,-0.0006672474406967254,0.0,924,78.0
1,1,2,random_normmatched,0.0,1.0,-0.007425018454581015,-0.014480101970116049,0.01821282650733657,0.0,924,78.0
1,1,2,random,0.0,1.0,0.0006950528073475589,6.1508516570261675e-06,2.9590145710350703e-05,0.0,924,79.0
1,1,2,random_normmatched,0.0,1.0,0.018396202762414927,0.017217136279165244,0.0036086070627382076,0.0,924,79.0
1,1,2,random,0.0,1.0,-7.29332960320924e-05,-0.0008747549912516804,-0.00015030021563983053,0.0,924,80.0
1,1,2,random_normmatched,0.0,1.0,0.011767115954023709,0.01239553981587223,-0.0043876164556733085,0.0,924,80.0
1,1,2,random,0.0,1.0,-0.0010073643936249284,-0.0017624343103371687,-0.001545335813760846,0.0,924,81.0
1,1,2,random_normmatched,0.0,1.0,-0.010958005726972964,-0.004301408666967563,-0.011029949799992913,0.0,924,81.0
1,1,2,random,0.0,1.0,-0.0006286122144138016,-0.0011330752278662611,-0.000562654541309448,0.0,924,82.0
1,1,2,random_normmatched,0.0,1.0,-0.00984793992927982,-0.008406616501545948,-0.0009350225583201759,0.0,924,82.0
1,1,2,random,0.0,1.0,-0.0005339002405152879,-0.0007371046558642102,-1.5161716645160965e-05,0.0,924,83.0
1,1,2,random_normmatched,0.0,1.0,0.00019818334633456383,0.009988007086308872,0.013554505203558834,0.0,924,83.0
1,1,2,random,0.0,1.0,4.1255825944910614e-05,-0.00024469459246719856,0.0003132089855723935,0.0,924,84.0
1,1,2,random_normmatched,0.0,1.0,0.02359146268537502,0.019438123160931978,0.016335111857186353,0.0,924,84.0
1,1,2,random,0.0,1.0,-0.000498458183091747,-0.0008118281476755622,5.047769476196376e-05,0.0,924,85.0
1,1,2,random_normmatched,0.0,1.0,9.441065876798142e-05,0.00018964139846255106,0.0030262973368078636,0.0,924,85.0
1,1,2,random,0.0,1.0,0.0002405596174385124,0.0005996337188846539,-0.00041430261738630784,0.0,924,86.0
1,1,2,random_normmatched,0.0,1.0,0.004482460231121616,0.010382045101199363,0.014288299998418784,0.0,924,86.0
1,1,2,random,0.0,1.0,-0.000153823591764042,-0.0002577138209523,0.0009244885974106127,0.0,924,87.0
1,1,2,random_normmatched,0.0,1.0,0.005804421879001676,0.004639203474733357,0.011259439844982925,0.0,924,87.0
1,1,2,random,0.0,1.0,-0.0002145053559452403,-0.001113517838225696,-0.00039298324144035037,0.0,924,88.0
1,1,2,random_normmatched,0.0,1.0,0.0049000331484736915,-0.004169471210977288,-0.003658161057175766,0.0,924,88.0
1,1,2,random,0.0,1.0,7.639224507839648e-05,-0.001119907419383418,0.0024683025737212315,0.0,924,89.0
1,1,2,random_normmatched,0.0,1.0,0.0014168483411764873,-0.007271473257788951,0.0403762543386204,0.0,924,89.0
1,1,2,random,0.0,1.0,0.00018693879115118617,-0.00025864764905005874,-0.0001266387853126492,0.0,924,90.0
1,1,2,random_normmatched,0.0,1.0,0.026363082589027215,0.026718160851043997,0.015672617439803402,0.0,924,90.0
1,1,2,random,0.0,1.0,-0.0005453617082577998,-0.0014860489080798455,-0.0001929439317506188,0.0,924,91.0
1,1,2,random_normmatched,0.0,1.0,-0.012871349728408189,-0.020464352707674754,0.008956442198407515,0.0,924,91.0
1,1,2,random,0.0,1.0,-0.00013325690414747108,-0.0008681800653872604,0.0003599104962961661,0.0,924,92.0
1,1,2,random_normmatched,0.0,1.0,0.016640068211333937,0.008137902103261657,0.01807005622543076,0.0,924,92.0
1,1,2,random,0.0,1.0,-0.00015828319277243376,0.0004296115522156599,-0.00025272634778040337,0.0,924,93.0
1,1,2,random_normmatched,0.0,1.0,0.0059782314099577575,0.0006595076005722076,0.018937840044497688,0.0,924,93.0
1,1,2,random,0.0,1.0,0.00018088375082985425,0.0007574515463990956,-0.00028730668872869384,0.0,924,94.0
1,1,2,random_normmatched,0.0,1.0,0.004433673756905495,0.006860439718119352,-0.006863640601397108,0.0,924,94.0
1,1,2,random,0.0,1.0,-0.0006009540640759966,-0.0017981304513677832,-1.2356285921054814e-05,0.0,924,95.0
1,1,2,random_normmatched,0.0,1.0,0.004420108450723546,0.004644244641254916,0.022856452199140564,0.0,924,95.0
1,1,2,random,0.0,1.0,-0.0011324641217292744,-0.002445245099818746,4.391240661462696e-05,0.0,924,96.0
1,1,2,random_normmatched,0.0,1.0,-0.00030744262727644466,-0.00295679665389223,0.02161914712887001,0.0,924,96.0
1,1,2,random,0.0,1.0,0.00016165490233763843,-0.00042501023298927525,-1.9769320042719296e-05,0.0,924,97.0
1,1,2,random_normmatched,0.0,1.0,0.002740502223779578,-0.0004294316983145402,0.025928059372365343,0.0,924,97.0
1,1,2,random,0.0,1.0,0.001148128167404234,0.0022071987724485197,-0.0005937225613436242,0.0,924,98.0
1,1,2,random_normmatched,0.0,1.0,0.02903673637440344,0.03406770418676406,0.0034056789740319446,0.0,924,98.0
1,1,2,random,0.0,1.0,-0.001040814066255487,-0.0024980122801436934,-0.00036311724617140904,0.0,924,99.0
1,1,2,random_normmatched,0.0,1.0,0.004154438564506529,-0.0012975709552700625,0.001992610062652748,0.0,924,99.0
1,1,2,shuffled_labels,0.46825396825396826,0.9904761904761905,0.47815213089874353,0.5017148979995235,0.44419192345581016,0.4027777777777778,924,
1,1,3,random,0.0,1.0,0.00039456966394464833,-0.001053155768345032,-0.0009191757087812107,0.0,924,0.0
1,1,3,random_normmatched,0.0,1.0,0.031881344014240996,0.025667590688994647,0.01254339295112336,0.0,924,0.0
1,1,3,random,0.0,1.0,0.001230657238425468,0.0018873192524657488,0.0003409569704932115,0.0,924,1.0
1,1,3,random_normmatched,0.0,1.0,0.057738597626258624,0.038582101094003673,0.03815559435884152,0.0,924,1.0
1,1,3,random,0.0,1.0,5.691920865290176e-05,-0.002022753495546517,-0.0005580958062901952,0.0,924,2.0
1,1,3,random_normmatched,0.0,1.0,0.0008473947409175034,0.004526336109726768,0.00658526370941385,0.0,924,2.0
1,1,3,random,0.0,1.0,-0.0018931185693976242,-0.0024494124988572686,-0.0021370909566337066,0.0,924,3.0
1,1,3,random_normmatched,0.0,1.0,-0.014613913637846213,-0.005313126244575559,-0.04168628951369468,0.0,924,3.0
1,1,3,random,0.0,1.0,-0.0008494832473716614,-0.002398305953268334,-0.0008121946153142644,0.0,924,4.0
1,1,3,random_normmatched,0.0,1.0,-0.0019270721041744845,0.0054228969671859225,0.0012452990575932549,0.0,924,4.0
1,1,3,random,0.0,1.0,-0.0002813441438913767,-0.0005774077709654724,-0.00010164058469791442,0.0,924,5.0
1,1,3,random_normmatched,0.0,1.0,0.05203973536774685,0.028796129320312426,0.01962747279257896,0.0,924,5.0
1,1,3,random,0.0,1.0,-0.0006273203083721679,-0.0008849859714159945,-0.00025240373673838504,0.0,924,6.0
1,1,3,random_normmatched,0.0,1.0,0.02492871877265894,0.023997129934870763,0.002086564275026257,0.0,924,6.0
1,1,3,random,0.0,1.0,-0.0018489309948186857,-0.0025959943801377376,0.0006680608442139205,0.0,924,7.0
1,1,3,random_normmatched,0.0,1.0,-0.006172742675741395,-0.0038471106625945404,0.027257093422573216,0.0,924,7.0
1,1,3,random,0.0,1.0,-0.0006524628260362349,-0.0024943271247524173,-0.0005844350267851047,0.0,924,8.0
1,1,3,random_normmatched,0.0,1.0,0.008556499456887998,0.002842802232054614,0.013659536715737955,0.0,924,8.0
1,1,3,random,0.0,1.0,-0.00046883685672290825,-0.0015919604988577918,-0.0012417462966738397,0.0,924,9.0
1,1,3,random_normmatched,0.0,1.0,0.010440750082010886,0.010801698145600041,-0.015441637599237779,0.0,924,9.0
1,1,3,random,0.0,1.0,-0.0005260912012689153,-0.0017175931126556714,-0.0009719429965364362,0.0,924,10.0
1,1,3,random_normmatched,0.0,1.0,0.0217167209039493,0.01611441331878144,-0.0028513364893429805,0.0,924,10.0
1,1,3,random,0.0,1.0,-0.0006233606882237153,-0.0005043087695643256,-8.459524806758905e-05,0.0,924,11.0
1,1,3,random_normmatched,0.0,1.0,0.014952492024732335,0.019920324201650498,0.01756303987841725,0.0,924,11.0
1,1,3,random,0.0,1.0,-0.0008913660642056716,-0.0018692362651311514,-0.0005829394912213943,0.0,924,12.0
1,1,3,random_normmatched,0.0,1.0,0.0033723307207498944,0.007922576649969855,0.010162592436395404,0.0,924,12.0
1,1,3,random,0.0,1.0,-0.0022825061302624242,-0.004434192809754612,-0.0007926303244782935,0.0,924,13.0
1,1,3,random_normmatched,0.0,1.0,-0.011116603535034554,-0.01471998155198911,0.0018330137829219127,0.0,924,13.0
1,1,3,random,0.0,1.0,0.0002624579876846367,-0.0004651140671124111,0.0005691458549864276,0.0,924,14.0
1,1,3,random_normmatched,0.0,1.0,0.027616419208723028,0.023072599223203667,0.01811758682378536,0.0,924,14.0
1,1,3,random,0.0,1.0,-0.0008407033685797361,-0.001955595986287012,-0.0013120803843286286,0.0,924,15.0
1,1,3,random_normmatched,0.0,1.0,0.00421808928860601,0.003888615932613037,0.0024475858757003286,0.0,924,15.0
1,1,3,random,0.0,1.0,-0.0007062472356417029,-0.0010172856446819174,-0.0018222347770036182,0.0,924,16.0
1,1,3,random_normmatched,0.0,1.0,0.021931471675700066,0.014448365516946598,0.011396306953516948,0.0,924,16.0
1,1,3,random,0.0,1.0,-0.0004321877995308315,8.422108886915609e-05,-0.0012044455247900302,0.0,924,17.0
1,1,3,random_normmatched,0.0,1.0,0.024604342776581974,0.02879864383884959,0.00985903464559004,0.0,924,17.0
1,1,3,random,0.0,1.0,-0.0005661668382119709,-0.001145992867771204,-0.0006209954625625666,0.0,924,18.0
1,1,3,random_normmatched,0.0,1.0,0.010130157962435472,0.007287383873803021,0.006694498663796844,0.0,924,18.0
1,1,3,random,0.0,1.0,-0.001561438694013913,-0.002657360638970225,-0.0009933007350587148,0.0,924,19.0
1,1,3,random_normmatched,0.0,1.0,0.020849550057462817,0.01401116278665154,0.006479818989134167,0.0,924,19.0
1,1,3,random,0.0,1.0,-0.0005657324823163954,-0.0017699225183457389,-0.0013220127155417765,0.0,924,20.0
1,1,3,random_normmatched,0.0,1.0,0.016492557649967578,0.01439023294776852,-0.006029071074137008,0.0,924,20.0
1,1,3,random,0.0,1.0,-0.0006964086287322641,-0.000661752337743803,0.0001105002522775579,0.0,924,21.0
1,1,3,random_normmatched,0.0,1.0,0.0016765203324998396,0.0013436615920060734,0.015208294614388586,0.0,924,21.0
1,1,3,random,0.0,1.0,-0.000811989797707856,-0.001364033905753616,-0.0010794751997261303,0.0,924,22.0
1,1,3,random_normmatched,0.0,1.0,0.009340881379615718,0.013792910043924677,0.015399254171420209,0.0,924,22.0
1,1,3,random,0.0,1.0,-0.0006608332246780446,-0.0028032750452195586,-5.0379528901344914e-05,0.0,924,23.0
1,1,3,random_normmatched,0.0,1.0,-0.0005741814572496913,-0.0029502366079477396,0.004440659271709176,0.0,924,23.0
1,1,3,random,0.0,1.0,-0.00035497301204790387,-0.0009793177701350139,-0.00031614239977421064,0.0,924,24.0
1,1,3,random_normmatched,0.0,1.0,-0.0011867106944368922,0.003936342497470704,0.008653067699000337,0.0,924,24.0
1,1,3,random,0.0,1.0,-0.0001559363427599769,-0.0007329346313780857,0.0007857683510223354,0.0,924,25.0
1,1,3,random_normmatched,0.0,1.0,0.022002740123181333,0.01811612522922886,0.016519380830888452,0.0,924,25.0
1,1,3,random,0.0,1.0,-0.00046282788384764407,-0.0003812602512866773,-0.0009788512569610113,0.0,924,26.0
1,1,3,random_normmatched,0.0,1.0,0.013668349690694213,0.0142781093210017,-0.013117738341819174,0.0,924,26.0
1,1,3,random,0.0,1.0,-0.0020773578230117856,-0.005847761024556549,-0.0002515936373305497,0.0,924,27.0
1,1,3,random_normmatched,0.0,1.0,-0.011129698626614141,-0.01881191422440921,0.015960166067406117,0.0,924,27.0
1,1,3,random,0.0,1.0,-0.0006858738955141802,-0.0021849301698394982,-0.0005723417518675577,0.0,924,28.0
1,1,3,random_normmatched,0.0,1.0,0.006864733102202191,0.008732373961483257,0.005225742073908494,0.0,924,28.0
1,1,3,random,0.0,1.0,-0.0007039709441472838,-0.0021557457582113667,-0.0012434625143472708,0.0,924,29.0
1,1,3,random_normmatched,0.0,1.0,0.011741159300145547,0.012946953800560889,0.010163683920011747,0.0,924,29.0
1,1,3,random,0.0,1.0,-0.000943357464878925,-0.0015188725986845974,-0.0008126209095854505,0.0,924,30.0
1,1,3,random_normmatched,0.0,1.0,0.018059593543719513,0.011330472011431654,0.0018753010411106238,0.0,924,30.0
1,1,3,random,0.0,1.0,0.00010377067931575017,-0.0003756293509294806,-0.001349154401435467,0.0,924,31.0
1,1,3,random_normmatched,0.0,1.0,0.024200773346431163,0.022348559879276343,-0.00021666750536210143,0.0,924,31.0
1,1,3,random,0.0,1.0,-0.001338909399441574,-0.004160658363950482,-0.0019401752248384466,0.0,924,32.0
1,1,3,random_normmatched,0.0,1.0,0.010650723976457423,0.0067086948246902105,0.002146317040066221,0.0,924,32.0
1,1,3,random,0.0,1.0,-0.0007297211288181157,-0.0020173658566814906,-0.000933264634835771,0.0,924,33.0
1,1,3,random_normmatched,0.0,1.0,0.020306883233115858,0.012810304431084192,0.003924335789830363,0.0,924,33.0
1,1,3,random,0.0,1.0,-0.0006376340316756447,-0.002108538415648628,-0.0012565906306670838,0.0,924,34.0
1,1,3,random_normmatched,0.0,1.0,-0.0034022649889127576,-0.002061521918413186,0.005101907850410838,0.0,924,34.0
1,1,3,random,0.0,1.0,-0.0019586906565433634,-0.003727537248493195,-4.317955296356601e-05,0.0,924,35.0
1,1,3,random_normmatched,0.0,1.0,0.015564417918583956,0.010409810240038607,0.019984800395952816,0.0,924,35.0
1,1,3,random,0.0,1.0,-0.0007788348001691325,-0.001944782971107239,-0.00101111953495791,0.0,924,36.0
1,1,3,random_normmatched,0.0,1.0,0.014362216986899528,0.012842529055521591,-0.0047103334527070564,0.0,924,36.0
1,1,3,random,0.0,1.0,-0.000405361502535603,-0.0018164033150973025,0.00015826331980803646,0.0,924,37.0
1,1,3,random_normmatched,0.0,1.0,0.008882500208357028,0.0074465947044334135,0.022919281434780465,0.0,924,37.0
1,1,3,random,0.0,1.0,-0.0017938714798740097,-0.0032880978512074893,-0.0008026829750778144,0.0,924,38.0
1,1,3,random_normmatched,0.0,1.0,-0.03375019996892282,-0.0221298644494406,0.019698096294761977,0.0,924,38.0
1,1,3,random,0.0,1.0,-0.0011962238929518819,7.489593070482745e-05,-0.0017517211258945343,0.0,924,39.0
1,1,3,random_normmatched,0.0,1.0,0.01066826549389608,0.018874676562861823,-0.0023840155325859378,0.0,924,39.0
1,1,3,random,0.0,1.0,-0.0011334385813971727,-0.00014213003481524747,-0.0005688921026674113,0.0,924,40.0
1,1,3,random_normmatched,0.0,1.0,0.041400787663318346,0.026881146087313165,0.01628307162343926,0.0,924,40.0
1,1,3,random,0.0,1.0,-0.00011544446868436686,-0.001819942929466923,3.4892306965628816e-05,0.0,924,41.0
1,1,3,random_normmatched,0.0,1.0,0.03258226291848911,0.03693567332660721,0.01756419071392224,0.0,924,41.0
1,1,3,random,0.0,1.0,-0.000918432914150769,-0.0019172434790320474,-0.0008291281002442477,0.0,924,42.0
1,1,3,random_normmatched,0.0,1.0,0.010250491326338517,0.011271299403453979,-0.0019179332265064613,0.0,924,42.0
1,1,3,random,0.0,1.0,-0.00045892488054254154,0.0001642507059201992,-0.00015221785908567397,0.0,924,43.0
1,1,3,random_normmatched,0.0,1.0,0.01647677385449084,0.020704665391290542,0.006540607237173344,0.0,924,43.0
1,1,3,random,0.0,1.0,-0.001227559180695813,-0.0026828014205510283,-0.00019495633741352007,0.0,924,44.0
1,1,3,random_normmatched,0.0,1.0,0.005612341427267806,0.005044604143025646,0.01093042689732435,0.0,924,44.0
1,1,3,random,0.0,1.0,-0.00048212052230935,-0.0021195194572214875,-0.001305113707676122,0.0,924,45.0
1,1,3,random_normmatched,0.0,1.0,0.011836432716473905,0.012096590932498189,0.0023494106902233023,0.0,924,45.0
1,1,3,random,0.0,1.0,-7.733674737393634e-05,0.0009481971274075449,-0.0004580519311397019,0.0,924,46.0
1,1,3,random_normmatched,0.0,1.0,0.02975069220496579,0.023372226678857595,0.007979510227586608,0.0,924,46.0
1,1,3,random,0.0,1.0,-0.0017797594383389304,-0.0043246768175071735,-0.001049276849968389,0.0,924,47.0
1,1,3,random_normmatched,0.0,1.0,-0.017402930745123526,-0.018290274015629028,-0.002531593773560957,0.0,924,47.0
1,1,3,random,0.0,1.0,-0.002928944660507496,-0.0050444748920301175,-0.0014150820396617286,0.0,924,48.0
1,1,3,random_normmatched,0.0,1.0,-0.022373319591250884,-0.021395139193683785,-0.0031853657318914657,0.0,924,48.0
1,1,3,random,0.0,1.0,-0.002402770914767726,-0.003145568249149837,-2.450566813203261e-05,0.0,924,49.0
1,1,3,random_normmatched,0.0,1.0,-0.005255657037236041,-0.001453243154856706,0.004028836985120242,0.0,924,49.0
1,1,3,random,0.0,1.0,-0.00045168562160413065,-0.0009290369551897072,0.0019018981950379992,0.0,924,50.0
1,1,3,random_normmatched,0.0,1.0,0.03281346807607161,0.030144248567239688,0.05625211303389641,0.0,924,50.0
1,1,3,random,0.0,1.0,-0.001309396810316959,-0.0016136153308720013,-0.0007183268973098068,0.0,924,51.0
1,1,3,random_normmatched,0.0,1.0,0.009597697667069896,-0.0019979844646097265,0.005245051600857541,0.0,924,51.0
1,1,3,random,0.0,1.0,-0.0035913690726879707,-0.0062749603770769664,-0.0005821648315448037,0.0,924,52.0
1,1,3,random_normmatched,0.0,1.0,-0.034465536311348216,-0.03451976871020716,0.007469225363991048,0.0,924,52.0
1,1,3,random,0.0,1.0,-0.00026957578660532697,-0.0005274807176438867,-0.0010431194670593674,0.0,924,53.0
1,1,3,random_normmatched,0.0,1.0,0.028933446208148438,0.024625948964139926,0.005189667084798238,0.0,924,53.0
1,1,3,random,0.0,1.0,-0.0014973718204614546,-0.002566093985188934,-0.0006139380016344656,0.0,924,54.0
1,1,3,random_normmatched,0.0,1.0,0.01013273356311242,0.010295351894982548,-0.0028007455041156623,0.0,924,54.0
1,1,3,random,0.0,1.0,-0.0004080875086404566,-0.0009864460296609007,-0.0003007284423549092,0.0,924,55.0
1,1,3,random_normmatched,0.0,1.0,0.05422177967834943,0.023085587503671075,0.010111640215985106,0.0,924,55.0
1,1,3,random,0.0,1.0,6.434545183288395e-05,0.00010099819324160877,-0.0016136057978974722,0.0,924,56.0
1,1,3,random_normmatched,0.0,1.0,0.03292423870365251,0.01877309414489243,0.0017741098575138016,0.0,924,56.0
1,1,3,random,0.0,1.0,-0.000558627951041863,-0.0023462236606380865,-0.0012737243922047205,0.0,924,57.0
1,1,3,random_normmatched,0.0,1.0,0.012911052235538954,0.01311823499847687,0.0056631050328860046,0.0,924,57.0
1,1,3,random,0.0,1.0,-0.0006270710302860739,-0.0017427085232685517,-0.0006316165719808635,0.0,924,58.0
1,1,3,random_normmatched,0.0,1.0,0.015439004705704966,0.01330573013370129,0.00015194019793122006,0.0,924,58.0
1,1,3,random,0.0,1.0,-0.0008712000500338104,-0.0032577987346744195,-0.00036017830714737135,0.0,924,59.0
1,1,3,random_normmatched,0.0,1.0,-0.00242162936366864,-0.006747149987493075,0.00217632522939117,0.0,924,59.0
1,1,3,random,0.0,1.0,-0.0011947219902953459,-0.00316733974365112,-0.0006405677447941102,0.0,924,60.0
1,1,3,random_normmatched,0.0,1.0,-0.0005085208230940824,-0.001135952985083331,0.009114912876819654,0.0,924,60.0
1,1,3,random,0.0,1.0,-0.0005555523261667416,-0.0017684218811605606,-0.0012846664875165192,0.0,924,61.0
1,1,3,random_normmatched,0.0,1.0,0.009519169142991004,0.010720207488352586,0.001795896674643132,0.0,924,61.0
1,1,3,random,0.0,1.0,-0.002303463750322641,-0.0038643181770906636,0.00013043217292493212,0.0,924,62.0
1,1,3,random_normmatched,0.0,1.0,-0.017635398215818103,-0.012962782750957087,0.027342463561599764,0.0,924,62.0
1,1,3,random,0.0,1.0,-0.0004727840741686222,-0.0017210910989757693,-0.0006282741902289626,0.0,924,63.0
1,1,3,random_normmatched,0.0,1.0,0.014656501986072008,0.016727302897227955,0.008388649741671365,0.0,924,63.0
1,1,3,random,0.0,1.0,-7.070809551276542e-05,-0.0003439668449942571,-0.0009065689020328412,0.0,924,64.0
1,1,3,random_normmatched,0.0,1.0,0.018670979653987167,0.020982111333624036,0.0023053132937711756,0.0,924,64.0
1,1,3,random,0.0,1.0,-0.0005338284637305462,-0.0013243788530572513,0.00015618779285621798,0.0,924,65.0
1,1,3,random_normmatched,0.0,1.0,-0.00821921807591519,-0.009016673964142189,0.015425488610729133,0.0,924,65.0
1,1,3,random,0.0,1.0,-0.0007349064009641327,-0.002531899985284764,-0.0005835863264160913,0.0,924,66.0
1,1,3,random_normmatched,0.0,1.0,-0.0002317377028861572,-0.0006412611382724866,0.007016390525418974,0.0,924,66.0
1,1,3,random,0.0,1.0,-0.0007352545821566732,-0.0019227006006539405,-0.0005338610572074249,0.0,924,67.0
1,1,3,random_normmatched,0.0,1.0,0.013285050898581414,0.009912665190056832,0.0018191988977401305,0.0,924,67.0
1,1,3,random,0.0,1.0,-0.0008272185026543053,-0.0026598159160846906,-0.0009466378845051483,0.0,924,68.0
1,1,3,random_normmatched,0.0,1.0,0.01094707439030941,0.014117444143772835,0.009721673157044895,0.0,924,68.0
1,1,3,random,0.0,1.0,-0.0007849695063074573,-0.0009588762917625234,-0.0007110274274938804,0.0,924,69.0
1,1,3,random_normmatched,0.0,1.0,0.0008478593242197758,0.0018658118132838467,-0.001036732111775982,0.0,924,69.0
1,1,3,random,0.0,1.0,-0.00029878009651474185,-0.0015005206703679246,-0.00031300609675551853,0.0,924,70.0
1,1,3,random_normmatched,0.0,1.0,0.027773420046579934,0.022109230005610457,0.005122373824677985,0.0,924,70.0
1,1,3,random,0.0,1.0,-0.00011116715851884966,-0.0011980346572756035,-0.00019708662378725852,0.0,924,71.0
1,1,3,random_normmatched,0.0,1.0,0.03350525949925189,0.027766762571433463,0.010776290460859428,0.0,924,71.0
1,1,3,random,0.0,1.0,0.0044601661487759965,0.004162513321347225,0.0006140855640993494,0.0,924,72.0
1,1,3,random_normmatched,0.0,1.0,0.07234556522761093,0.07009429550859152,0.021793140201202404,0.0,924,72.0
1,1,3,random,0.0,1.0,-0.0007946762381735944,-0.0020825126335033495,0.0005506211175042763,0.0,924,73.0
1,1,3,random_normmatched,0.0,1.0,0.009219756392747431,0.009025739204526621,0.023311227222753163,0.0,924,73.0
1,1,3,random,0.0,1.0,-0.0006785939254991969,-0.00233499248926925,-0.00013947797642932392,0.0,924,74.0
1,1,3,random_normmatched,0.0,1.0,0.008393106706924326,0.0006669299906267653,0.015690366739954015,0.0,924,74.0
1,1,3,random,0.0,1.0,-0.0005188657107311675,-0.0019857016999897375,0.00016412760198700755,0.0,924,75.0
1,1,3,random_normmatched,0.0,1.0,0.03548422808711586,0.02653212522376611,0.02168267944644038,0.0,924,75.0
1,1,3,random,0.0,1.0,-0.0002938844432256967,-0.00028393851372130683,-0.0026664365372107597,0.0,924,76.0
1,1,3,random_normmatched,0.0,1.0,0.015336750817124998,0.020490013117147748,-0.03386220838099116,0.0,924,76.0
1,1,3,random,0.0,1.0,-0.0010959986891822654,-0.0016278146031642698,-0.00045270146137140334,0.0,924,77.0
1,1,3,random_normmatched,0.0,1.0,-0.0006066309637912251,-0.003316845496060405,-0.002039520289961853,0.0,924,77.0
1,1,3,random,0.0,1.0,0.0005048957851947231,0.00020508454664876246,0.0019774728957979264,0.0,924,78.0
1,1,3,random_normmatched,0.0,1.0,0.026096399815031326,0.026127496090949512,0.03783474571356105,0.0,924,78.0
1,1,3,random,0.0,1.0,-3.626440755268576e-05,-0.0006059924714225182,-0.001185798916224461,0.0,924,79.0
1,1,3,random_normmatched,0.0,1.0,0.007810077396391071,0.0018212671402142884,-0.012364478632265436,0.0,924,79.0
1,1,3,random,0.0,1.0,-0.0008309980272835901,-0.001622170509125816,-0.00045289520470003224,0.0,924,80.0
1,1,3,random_normmatched,0.0,1.0,0.010280431187364424,0.018396394147580993,-0.004676918187863517,0.0,924,80.0
1,1,3,random,0.0,1.0,-0.0007449777338391239,-0.0029636039469186372,-0.0015854303056485218,0.0,924,81.0
1,1,3,random_normmatched,0.0,1.0,-0.013460662775400064,-0.001655662149902408,-0.012923749965894175,0.0,924,81.0
1,1,3,random,0.0,1.0,-0.0001458920239905558,-8.70933443009182e-05,-0.00044024255164080777,0.0,924,82.0
1,1,3,random_normmatched,0.0,1.0,0.023620589450114304,0.017976740043667536,-0.007109539954117275,0.0,924,82.0
1,1,3,random,0.0,1.0,-0.0002526141706429302,-0.0010862234903324338,-0.0005051693395176069,0.0,924,83.0
1,1,3,random_normmatched,0.0,1.0,0.03491363393961608,0.021778175158085358,0.0014890041781687245,0.0,924,83.0
1,1,3,random,0.0,1.0,-0.0012170839039421654,-0.004651947007283908,-0.000731350205124946,0.0,924,84.0
1,1,3,random_normmatched,0.0,1.0,0.0035778599796206243,-0.012890539314598047,0.008982266370710108,0.0,924,84.0
1,1,3,random,0.0,1.0,0.0001896994265243093,-0.0001636263824021064,-0.00035828554056489966,0.0,924,85.0
1,1,3,random_normmatched,0.0,1.0,0.029219353363956223,0.021526549542719285,0.0038784010934117515,0.0,924,85.0
1,1,3,random,0.0,1.0,-0.0008360226692950668,-0.0011133632718668385,-0.00020784448973599644,0.0,924,86.0
1,1,3,random_normmatched,0.0,1.0,-0.00455393409341555,0.02054317054480193,0.011333620918991719,0.0,924,86.0
1,1,3,random,0.0,1.0,0.002661422529175856,0.0033127829716053446,0.00037537195057005566,0.0,924,87.0
1,1,3,random_normmatched,0.0,1.0,0.05287252993393976,0.04664923372476158,0.011424768803840466,0.0,924,87.0
1,1,3,random,0.0,1.0,-0.0007142155918379806,-0.0017688516463312928,-0.0005805283405234457,0.0,924,88.0
1,1,3,random_normmatched,0.0,1.0,0.009389435503946665,0.006976315759234923,0.0005118596435912111,0.0,924,88.0
1,1,3,random,0.0,1.0,-0.0007544350827776475,-0.0014457285217128258,-0.0004169252211661485,0.0,924,89.0
1,1,3,random_normmatched,0.0,1.0,0.009124553575535656,0.012432098146054943,0.0077838285115682925,0.0,924,89.0
1,1,3,random,0.0,1.0,-0.00047576003045853715,-0.001483074631666474,-0.0002226951896802424,0.0,924,90.0
1,1,3,random_normmatched,0.0,1.0,-0.002158144168908378,0.010491396294513712,0.019721764068860614,0.0,924,90.0
1,1,3,random,0.0,1.0,-5.1569623864928366e-05,-5.661024662917964e-05,-0.0005164066632717152,0.0,924,91.0
1,1,3,random_normmatched,0.0,1.0,0.02468795271218353,0.01862300576173703,-0.0032401481047266614,0.0,924,91.0
1,1,3,random,0.0,1.0,-0.0006724756723715314,-0.001720873797879125,-0.0001248359373770286,0.0,924,92.0
1,1,3,random_normmatched,0.0,1.0,0.03173673618616443,0.02523926789254614,0.010968338573631827,0.0,924,92.0
1,1,3,random,0.0,1.0,0.00010980979207932665,-0.000287775775217042,-8.498282866847956e-05,0.0,924,93.0
1,1,3,random_normmatched,0.0,1.0,0.03492957854155467,0.032107593216579265,0.016946385395871472,0.0,924,93.0
1,1,3,random,0.0,1.0,-0.0006519372594693571,-0.0016538418254753854,-0.001099452776426943,0.0,924,94.0
1,1,3,random_normmatched,0.0,1.0,0.03385581246459379,0.02483672728535334,-0.009084541595294163,0.0,924,94.0
1,1,3,random,0.0,1.0,-0.00025495535138117433,0.00013018086409953775,-4.2777255790611905e-05,0.0,924,95.0
1,1,3,random_normmatched,0.0,1.0,0.03317571571123684,0.015554481740538632,-0.0023142894150372973,0.0,924,95.0
1,1,3,random,0.0,1.0,-0.0006500355737547501,-0.0004261584486341355,-0.001763076964908245,0.0,924,96.0
1,1,3,random_normmatched,0.0,1.0,0.027084592327517733,0.01994255950062559,-0.0016890429254621568,0.0,924,96.0
1,1,3,random,0.0,1.0,-0.0006171197361278425,-0.0011510863590733615,-0.001203145978023656,0.0,924,97.0
1,1,3,random_normmatched,0.0,1.0,-0.011677342020583698,0.0267107960739746,0.0002374080300461016,0.0,924,97.0
1,1,3,random,0.0,1.0,-0.00037880367053828265,-0.0006758422462991095,-0.00012404496559780513,0.0,924,98.0
1,1,3,random_normmatched,0.0,1.0,0.04328813616024217,0.03638219440874192,0.011604310980020734,0.0,924,98.0
1,1,3,random,0.0,1.0,-0.0010343189692321258,-0.002867608858733551,-0.00017441193565100608,0.0,924,99.0
1,1,3,random_normmatched,0.0,1.0,0.015951298936135207,0.013444168196142792,0.01727538924608644,0.0,924,99.0
1,1,3,shuffled_labels,0.621031746031746,1.0,0.587654599835354,0.5882722384026082,0.5044069661945614,0.5555555555555556,924,
1,1,4,random,0.0,1.0,0.0006143514090059514,0.0005547958896803114,0.0005496707217934788,0.0,630,0.0
1,1,4,random_normmatched,0.0,1.0,0.012431333234954116,0.014244711289261223,0.006892016182294349,0.0,630,0.0
1,1,4,random,0.0,1.0,0.001064579147309253,0.0013532370995309798,0.0002732681373992195,0.0,630,1.0
1,1,4,random_normmatched,0.0,1.0,0.015655933637717976,0.010977974016265346,0.013374956840322695,0.0,630,1.0
1,1,4,random,0.0,1.0,-0.0007382717216565726,-0.0011192137166087777,0.0007992608563540329,0.0,630,2.0
1,1,4,random_normmatched,0.0,1.0,-0.010450067290062433,-0.00974148513745071,0.012262054487512884,0.0,630,2.0
1,1,4,random,0.0,1.0,0.0005807957189397469,0.0007017804921678152,0.0002899519857633575,0.0,630,3.0
1,1,4,random_normmatched,0.0,1.0,0.0016696644359777805,0.00609377084363844,-0.0016334894445137382,0.0,630,3.0
1,1,4,random,0.0,1.0,-0.00016739095445034605,-0.0001607415750797969,0.000185409858307605,0.0,630,4.0
1,1,4,random_normmatched,0.0,1.0,0.00397137875459757,0.001564833830106054,0.00733689200092941,0.0,630,4.0
1,1,4,random,0.0,1.0,5.782828757429128e-05,-0.0005173658040917566,0.0009228151765153375,0.0,630,5.0
1,1,4,random_normmatched,0.0,1.0,0.013364704357416728,0.004776212574316792,0.017817541369907992,0.0,630,5.0
1,1,4,random,0.0,1.0,0.0006765079760431022,-0.000785785571013601,-1.1208360939111202e-05,0.0,630,6.0
1,1,4,random_normmatched,0.0,1.0,0.0012651062566371998,0.006472944543377938,0.0165707264611989,0.0,630,6.0
1,1,4,random,0.0,1.0,3.770413801995156e-05,-0.0010753071364891652,9.094144740227218e-05,0.0,630,7.0
1,1,4,random_normmatched,0.0,1.0,-0.00728213231761629,-0.010842485539576549,0.0020393747480325886,0.0,630,7.0
1,1,4,random,0.0,1.0,0.0005237255983357778,0.00018813785462012687,0.0006199674715276767,0.0,630,8.0
1,1,4,random_normmatched,0.0,1.0,0.027474889151857935,0.02007527985202094,0.006645172931531373,0.0,630,8.0
1,1,4,random,0.0,1.0,0.0010378153528237078,0.0014403645557875045,0.0009032250192059246,0.0,630,9.0
1,1,4,random_normmatched,0.0,1.0,-0.007054648634569238,-0.000698024670918219,0.023406882254278404,0.0,630,9.0
1,1,4,random,0.0,1.0,0.0008981659252460155,0.0013905703224458823,0.0001443262689805403,0.0,630,10.0
1,1,4,random_normmatched,0.0,1.0,0.008411713649727178,0.007720594945130529,0.00215444815566903,0.0,630,10.0
1,1,4,random,0.0,1.0,0.0003738178403190924,0.0009842361944300238,0.0011892937385975199,0.0,630,11.0
1,1,4,random_normmatched,0.0,1.0,0.016718912979172277,0.018593229158723704,0.009518458213929751,0.0,630,11.0
1,1,4,random,0.0,1.0,0.001240352356380543,0.0008644758117169633,0.003312445269804042,0.0,630,12.0
1,1,4,random_normmatched,0.0,1.0,0.025434795449191965,0.024339982733646723,0.05016212672660977,0.0,630,12.0
1,1,4,random,0.0,1.0,0.001438177693744815,0.0006758911920782746,0.0026223518665841657,0.0,630,13.0
1,1,4,random_normmatched,0.0,1.0,0.011363096035526783,0.01748202136653565,0.03666072328130562,0.0,630,13.0
1,1,4,random,0.0,1.0,0.001688384060292237,0.0022709938294324656,0.001282437157382785,0.0,630,14.0
1,1,4,random_normmatched,0.0,1.0,0.02320095763069929,0.021818839733854817,0.019466854117992566,0.0,630,14.0
1,1,4,random,0.0,1.0,-0.00048586399500300545,-0.0006271162879499497,1.0294538175579068e-05,0.0,630,15.0
1,1,4,random_normmatched,0.0,1.0,-0.05324995915412403,-0.010023178038755236,0.0031595321725716536,0.0,630,15.0
1,1,4,random,0.0,1.0,0.0020626702074410612,0.001993841294201733,0.0006416505763072382,0.0,630,16.0
1,1,4,random_normmatched,0.0,1.0,0.04323280704236268,0.03172335741389222,0.008790067266640892,0.0,630,16.0
1,1,4,random,0.0,1.0,0.001737792222412645,0.0026584894808054545,-0.00022850234527873708,0.0,630,17.0
1,1,4,random_normmatched,0.0,1.0,0.04459543715917608,0.046090119803672516,-0.0014277651952148398,0.0,630,17.0
1,1,4,random,0.0,1.0,-0.00015119869390833412,-0.0005134661850026197,-0.00019408661047034742,0.0,630,18.0
1,1,4,random_normmatched,0.0,1.0,0.02127606443642741,0.013140202852988132,0.0003484298349419886,0.0,630,18.0
1,1,4,random,0.0,1.0,-0.0005836054554620475,-0.0008231018693868759,-0.0004048011951755288,0.0,630,19.0
1,1,4,random_normmatched,0.0,1.0,-0.012383137774936598,-0.007693957197750323,0.011200423914439771,0.0,630,19.0
1,1,4,random,0.0,1.0,0.00046614139560287467,0.0012852988554960395,2.9837415118602113e-05,0.0,630,20.0
1,1,4,random_normmatched,0.0,1.0,0.007600450186339235,0.008070643866435917,0.009505703947644882,0.0,630,20.0
1,1,4,random,0.0,1.0,0.00017278248389734603,0.00016913602653560852,0.0026318422876880103,0.0,630,21.0
1,1,4,random_normmatched,0.0,1.0,0.006408752804124522,0.008891197790480941,0.03428918639982836,0.0,630,21.0
1,1,4,random,0.0,1.0,-0.00047303635206211766,-0.0012863775155514717,4.2166251446218396e-05,0.0,630,22.0
1,1,4,random_normmatched,0.0,1.0,-0.004353308359620255,-0.0007285923411505291,0.010558580471267943,0.0,630,22.0
1,1,4,random,0.0,1.0,0.0006976644422184074,0.0003502238573800072,0.000670851222699272,0.0,630,23.0
1,1,4,random_normmatched,0.0,1.0,0.0033397200608390083,0.00310386593100111,0.0138790435244523,0.0,630,23.0
1,1,4,random,0.0,1.0,0.0007368473425363989,0.0005190953810761816,0.0007134870015072915,0.0,630,24.0
1,1,4,random_normmatched,0.0,1.0,-0.0014913484718198937,-0.002035903287836632,0.006683504457051558,0.0,630,24.0
1,1,4,random,0.0,1.0,0.0011218172640497205,0.001547169333799135,0.0010572601709295051,0.0,630,25.0
1,1,4,random_normmatched,0.0,1.0,0.004720115067690295,0.001308265511374892,0.008910264161443117,0.0,630,25.0
1,1,4,random,0.0,1.0,0.0006809233485929737,0.0009929612265673394,5.4796120578863336e-05,0.0,630,26.0
1,1,4,random_normmatched,0.0,1.0,0.01500715280950042,0.015578450263611274,0.012247732945428092,0.0,630,26.0
1,1,4,random,0.0,1.0,0.004654115989528087,0.0046186426710523466,0.001630048485363237,0.0,630,27.0
1,1,4,random_normmatched,0.0,1.0,0.04724078170677387,0.03500586364257739,0.03196911577708974,0.0,630,27.0
1,1,4,random,0.0,1.0,-0.001379317971587441,-0.0024271304964348698,-0.00021803780081216368,0.0,630,28.0
1,1,4,random_normmatched,0.0,1.0,-0.030648381604885012,-0.02624772721554547,0.0018547866089299776,0.0,630,28.0
1,1,4,random,0.0,1.0,0.0008752928375733317,0.0006351445470825202,1.8316531944910906e-05,0.0,630,29.0
1,1,4,random_normmatched,0.0,1.0,0.01342151679666531,0.01659026650730281,-0.00038148235456959183,0.0,630,29.0
1,1,4,random,0.0,1.0,0.0002228580466132766,-5.677052362703696e-05,-0.001771274344474228,0.0,630,30.0
1,1,4,random_normmatched,0.0,1.0,0.003548190066447189,0.003275849384665464,-0.02553570864445157,0.0,630,30.0
1,1,4,random,0.0,1.0,0.00014110337903789366,0.0005940820559740727,0.00037419270181777395,0.0,630,31.0
1,1,4,random_normmatched,0.0,1.0,0.028325120087091666,0.003956758349997128,-0.002271571714416449,0.0,630,31.0
1,1,4,random,0.0,1.0,-0.00018047386618242324,-0.000203043696849259,0.00031574231995075967,0.0,630,32.0
1,1,4,random_normmatched,0.0,1.0,-0.006589038202515576,-0.0015192527617724043,0.004901371623033022,0.0,630,32.0
1,1,4,random,0.0,1.0,0.0017852236200839521,0.002129638855188554,0.00041767061683548073,0.0,630,33.0
1,1,4,random_normmatched,0.0,1.0,0.022034158575812104,0.021547289434049544,0.0040618491702675615,0.0,630,33.0
1,1,4,random,0.0,1.0,0.0010133997921413453,0.001206660683582474,-0.0002033229503875592,0.0,630,34.0
1,1,4,random_normmatched,0.0,1.0,0.03044899579381386,0.02945664314386088,0.006401907703375692,0.0,630,34.0
1,1,4,random,0.0,1.0,5.035563851094749e-05,0.00019934113945477934,-3.7663002978836086e-05,0.0,630,35.0
1,1,4,random_normmatched,0.0,1.0,-0.0007183556414567161,0.0003691133516484589,0.01149238122360999,0.0,630,35.0
1,1,4,random,0.0,1.0,0.0005003466072194945,0.0004420986237861029,0.0001902365966788149,0.0,630,36.0
1,1,4,random_normmatched,0.0,1.0,0.025373303892048914,0.016189994178067334,0.002339809226086224,0.0,630,36.0
1,1,4,random,0.0,1.0,-0.00022693950299004204,-0.0007815358683629127,-0.00011221430059578614,0.0,630,37.0
1,1,4,random_normmatched,0.0,1.0,0.015608436422243221,0.011835897421081433,0.008484429491720749,0.0,630,37.0
1,1,4,random,0.0,1.0,0.0020653632059356134,0.0028177074633134367,0.0026752011875184937,0.0,630,38.0
1,1,4,random_normmatched,0.0,1.0,0.03365243915564662,0.03175165098847444,0.0449489195063336,0.0,630,38.0
1,1,4,random,0.0,1.0,0.0033081974406985663,0.0022598980059513455,-3.5617751355667436e-05,0.0,630,39.0
1,1,4,random_normmatched,0.0,1.0,0.031769255964644846,0.028152328443425675,0.005934419942102512,0.0,630,39.0
1,1,4,random,0.0,1.0,0.0011821690982646293,0.0013403335031132112,-0.001081155275950815,0.0,630,40.0
1,1,4,random_normmatched,0.0,1.0,0.016167899764912272,0.012955039855535012,-0.00462723276787381,0.0,630,40.0
1,1,4,random,0.0,1.0,-0.00034069645041569577,-0.0005457701028199095,-0.0002425167744137258,0.0,630,41.0
1,1,4,random_normmatched,0.0,1.0,-0.008517905479627405,-0.009947920023092595,0.009433296260590904,0.0,630,41.0
1,1,4,random,0.0,1.0,0.0014092289999793623,0.0006344692595226867,-3.52767708269143e-05,0.0,630,42.0
1,1,4,random_normmatched,0.0,1.0,0.003423822800092181,0.010284936915201503,-0.012910128416181995,0.0,630,42.0
1,1,4,random,0.0,1.0,0.0011253200950052042,0.0006579650242479128,0.00019648738603624902,0.0,630,43.0
1,1,4,random_normmatched,0.0,1.0,0.0006476802481988998,0.006934386383448752,0.006762156141030608,0.0,630,43.0
1,1,4,random,0.0,1.0,0.0003019208351891022,0.0010173037712641884,0.001518772723953105,0.0,630,44.0
1,1,4,random_normmatched,0.0,1.0,-0.00800095524225248,0.0004376591700729263,0.035637206031892424,0.0,630,44.0
1,1,4,random,0.0,1.0,-0.0006962189711574071,-0.0010222095604530714,8.695278742848832e-05,0.0,630,45.0
1,1,4,random_normmatched,0.0,1.0,0.012244502561199737,0.015060206364861979,0.010289233391458078,0.0,630,45.0
1,1,4,random,0.0,1.0,5.115784171921992e-05,0.0009985282276596182,0.00015730394401680176,0.0,630,46.0
1,1,4,random_normmatched,0.0,1.0,-0.0028341279416579583,-0.0034214878295902797,0.008077715904211144,0.0,630,46.0
1,1,4,random,0.0,1.0,0.0013300945315169483,0.0016784467847545624,-0.0005679082203098779,0.0,630,47.0
1,1,4,random_normmatched,0.0,1.0,0.03886646314205767,0.022831541147452755,-0.0006473620167550325,0.0,630,47.0
1,1,4,random,0.0,1.0,-3.525616328619427e-05,-9.365531442580725e-05,-0.0009410044243078202,0.0,630,48.0
1,1,4,random_normmatched,0.0,1.0,0.007355134190444117,0.003069845434641099,-0.009207547588647618,0.0,630,48.0
1,1,4,random,0.0,1.0,0.00024333997919066878,0.0004969184877370667,0.0004913773042752542,0.0,630,49.0
1,1,4,random_normmatched,0.0,1.0,0.01379382127551341,0.010822856093207699,0.017298786949820785,0.0,630,49.0
1,1,4,random,0.0,1.0,0.0022788999839319676,0.00319879934417091,7.456834232524016e-05,0.0,630,50.0
1,1,4,random_normmatched,0.0,1.0,0.05350078426678242,0.03576443563667284,-0.003195681250459688,0.0,630,50.0
1,1,4,random,0.0,1.0,0.00015971997079687942,0.00018452791199097263,0.0002715520004009428,0.0,630,51.0
1,1,4,random_normmatched,0.0,1.0,0.018633665845420554,0.023004703823676604,0.014601523654311364,0.0,630,51.0
1,1,4,random,0.0,1.0,0.00016968137918945927,0.00011879252632963879,-1.6307054854166153e-05,0.0,630,52.0
1,1,4,random_normmatched,0.0,1.0,0.010053541241787044,0.004251769690106779,-0.002092644338620174,0.0,630,52.0
1,1,4,random,0.0,1.0,0.0064107695106421685,0.007972360775819011,0.0005514969887881428,0.0,630,53.0
1,1,4,random_normmatched,0.0,1.0,0.07400665101704865,0.07408362938877464,0.007965538557491767,0.0,630,53.0
1,1,4,random,0.0,1.0,0.0005626193083074723,0.0020438571452515075,0.0022565332038179853,0.0,630,54.0
1,1,4,random_normmatched,0.0,1.0,0.03371656824538738,0.026826973562285618,0.034301635654432845,0.0,630,54.0
1,1,4,random,0.0,1.0,0.003147937152322319,0.0038312198589740922,-5.232381094139636e-05,0.0,630,55.0
1,1,4,random_normmatched,0.0,1.0,0.04350871360895272,0.04242258993704327,0.008405341598923238,0.0,630,55.0
1,1,4,random,0.0,1.0,0.0004180384539824381,0.0001843133159837911,-0.000516508912100302,0.0,630,56.0
1,1,4,random_normmatched,0.0,1.0,0.012959570845839135,0.012881613083927821,-0.0209305914430441,0.0,630,56.0
1,1,4,random,0.0,1.0,0.0001506149855763098,-0.00024578765483161604,0.0008736734011577517,0.0,630,57.0
1,1,4,random_normmatched,0.0,1.0,0.008703407632952602,0.01712657443568658,0.01704925741197839,0.0,630,57.0
1,1,4,random,0.0,1.0,0.0006567392912382247,0.002339347850421505,-0.00029292171787555416,0.0,630,58.0
1,1,4,random_normmatched,0.0,1.0,0.011564705564218819,0.010683708463389048,0.0013869194881203338,0.0,630,58.0
1,1,4,random,0.0,1.0,0.00047271276857254114,0.0001009482879212117,0.00014202177255521868,0.0,630,59.0
1,1,4,random_normmatched,0.0,1.0,0.010711378589025421,0.010995954288488655,-0.0019462845832643005,0.0,630,59.0
1,1,4,random,0.0,1.0,0.0006245759737303539,0.00063679085898436,3.9899861176000254e-05,0.0,630,60.0
1,1,4,random_normmatched,0.0,1.0,0.0009790434299788138,0.0023048930102677776,-0.0015429598938420128,0.0,630,60.0
1,1,4,random,0.0,1.0,0.0009608629886339832,0.0012558796270789783,0.00017398056779306014,0.0,630,61.0
1,1,4,random_normmatched,0.0,1.0,0.011017053159451938,0.016269691712296412,0.01865468835834986,0.0,630,61.0
1,1,4,random,0.0,1.0,0.0004757925794770627,0.0005541973868858163,0.0007297709159559349,0.0,630,62.0
1,1,4,random_normmatched,0.0,1.0,0.013484554141915489,0.01032748668710353,0.013054095227013623,0.0,630,62.0
1,1,4,random,0.0,1.0,-0.00022183564369949248,0.0002139040723562678,-0.00019742015543657503,0.0,630,63.0
1,1,4,random_normmatched,0.0,1.0,-0.010674448162575111,-0.0020603562579692707,0.0014242168160962152,0.0,630,63.0
1,1,4,random,0.0,1.0,0.0009084837866955056,-0.0005026194163199662,-0.00012840649232582758,0.0,630,64.0
1,1,4,random_normmatched,0.0,1.0,0.005338821374909707,0.0020021293710969575,0.01145802350975098,0.0,630,64.0
1,1,4,random,0.0,1.0,0.0018366152863730676,0.0027618867569503334,-0.0004502728111614842,0.0,630,65.0
1,1,4,random_normmatched,0.0,1.0,0.026096498652422036,0.021581090639894197,-0.004400304938690193,0.0,630,65.0
1,1,4,random,0.0,1.0,0.0005506294067192678,0.0013345970062199144,0.00027553398725935625,0.0,630,66.0
1,1,4,random_normmatched,0.0,1.0,0.009252743801821109,0.010503878152365044,0.00974808319841372,0.0,630,66.0
1,1,4,random,0.0,1.0,-0.00011059522030448965,0.00015080449484228668,-0.0006293779159562312,0.0,630,67.0
1,1,4,random_normmatched,0.0,1.0,-0.005574798903008889,-0.0030683477733794286,-0.00773594445304497,0.0,630,67.0
1,1,4,random,0.0,1.0,0.0007971786399207038,0.00046946614109531233,-0.000716326746441128,0.0,630,68.0
1,1,4,random_normmatched,0.0,1.0,0.011960597221150627,0.01088346014286499,0.009233738639710762,0.0,630,68.0
1,1,4,random,0.0,1.0,-0.0003599879986622314,-0.0008988995559728918,-0.00015861497091743216,0.0,630,69.0
1,1,4,random_normmatched,0.0,1.0,-0.005745468114702465,-0.00035642670206834776,0.0241561376860633,0.0,630,69.0
1,1,4,random,0.0,1.0,-0.0007216216001484005,-0.0014208632754857627,0.00024938748716354714,0.0,630,70.0
1,1,4,random_normmatched,0.0,1.0,0.0021747747575232425,0.0048426999034093515,0.0059106690921391855,0.0,630,70.0
1,1,4,random,0.0,1.0,0.0012666680823934665,0.0014095973950432018,-0.00035206572035265604,0.0,630,71.0
1,1,4,random_normmatched,0.0,1.0,0.010189209353211317,0.011527433258984206,0.018365662429493213,0.0,630,71.0
1,1,4,random,0.0,1.0,0.0010637084446260667,0.002455930870363497,0.00017582100446767346,0.0,630,72.0
1,1,4,random_normmatched,0.0,1.0,0.00827460311140143,0.017417396291319536,0.010793356054386775,0.0,630,72.0
1,1,4,random,0.0,1.0,0.0007567965239753503,0.0017399852204213857,0.0018025939137395518,0.0,630,73.0
1,1,4,random_normmatched,0.0,1.0,0.017457868649723658,0.018683939703535987,0.02896164245940022,0.0,630,73.0
1,1,4,random,0.0,1.0,0.0009440175858171955,0.0008322547308100744,0.0008158376674494975,0.0,630,74.0
1,1,4,random_normmatched,0.0,1.0,0.01017540874103837,0.00974593864869228,0.01864663339502733,0.0,630,74.0
1,1,4,random,0.0,1.0,0.0002605024495426991,0.0006491224578140775,0.00020791108619965887,0.0,630,75.0
1,1,4,random_normmatched,0.0,1.0,0.0115950973824064,0.017668356856752776,0.012508181554740688,0.0,630,75.0
1,1,4,random,0.0,1.0,0.0010945336804012444,0.0010078551210710826,0.00013288477308548134,0.0,630,76.0
1,1,4,random_normmatched,0.0,1.0,0.02513263380809403,0.0016111308113438507,0.01098683971069202,0.0,630,76.0
1,1,4,random,0.0,1.0,0.0006521395234216018,0.0013082260716447652,-0.00026179280507375766,0.0,630,77.0
1,1,4,random_normmatched,0.0,1.0,-0.002038789964916926,0.004292250700124408,0.017170935525545786,0.0,630,77.0
1,1,4,random,0.0,1.0,0.0022655781755183155,0.0015884722295257188,-0.001376133959995113,0.0,630,78.0
1,1,4,random_normmatched,0.0,1.0,0.025628230449216288,0.012357540130643633,-0.003559606093827622,0.0,630,78.0
1,1,4,random,0.0,1.0,0.0011070395911195827,0.0012233873470158217,0.00025619916200419985,0.0,630,79.0
1,1,4,random_normmatched,0.0,1.0,0.011048019493429498,0.007287201727450971,0.011347748107922018,0.0,630,79.0
1,1,4,random,0.0,1.0,0.0009394930124423243,0.0004995715828319247,0.0012620199955831546,0.0,630,80.0
1,1,4,random_normmatched,0.0,1.0,0.012632222214859136,0.01458374317085156,0.03581084217561959,0.0,630,80.0
1,1,4,random,0.0,1.0,-0.00037202650397367054,-0.0009257611044145914,-0.001224786185625284,0.0,630,81.0
1,1,4,random_normmatched,0.0,1.0,0.011183534577761556,0.001409161631864308,0.0014095225269649366,0.0,630,81.0
1,1,4,random,0.0,1.0,0.003139876678729994,0.003399957397361782,3.6723055642536986e-05,0.0,630,82.0
1,1,4,random_normmatched,0.0,1.0,0.041617050185762096,0.03563288543914604,0.006032236444092492,0.0,630,82.0
1,1,4,random,0.0,1.0,0.0013166900363852754,0.0014242768554473043,0.0012170595671962042,0.0,630,83.0
1,1,4,random_normmatched,0.0,1.0,0.02322339523520559,0.019780675105021458,0.01362198879837694,0.0,630,83.0
1,1,4,random,0.0,1.0,0.00035309383578439825,0.0005831829984729159,-0.0012828403850223356,0.0,630,84.0
1,1,4,random_normmatched,0.0,1.0,-0.013824277652476418,-0.012410729571537028,-0.01483182261291733,0.0,630,84.0
1,1,4,random,0.0,1.0,3.880342923542076e-05,0.0004208293274164746,0.000855626462463229,0.0,630,85.0
1,1,4,random_normmatched,0.0,1.0,0.017199073599977348,0.01120588223518427,0.011055392426133048,0.0,630,85.0
1,1,4,random,0.0,1.0,0.00029342233979317005,0.0004894890519359038,-0.0024675942042004947,0.0,630,86.0
1,1,4,random_normmatched,0.0,1.0,0.006226080038289808,0.005949729371401867,-0.01601626822776087,0.0,630,86.0
1,1,4,random,0.0,1.0,0.0017500181985460554,0.003332006032554869,0.00024378516303677825,0.0,630,87.0
1,1,4,random_normmatched,0.0,1.0,0.035805126811315854,0.028528220944052086,0.013195818625280102,0.0,630,87.0
1,1,4,random,0.0,1.0,0.00016949138959699515,0.0005489710147475955,0.0003110681216480707,0.0,630,88.0
1,1,4,random_normmatched,0.0,1.0,0.013709908605500531,0.021797994046213826,-0.002275229030812064,0.0,630,88.0
1,1,4,random,0.0,1.0,-9.481170863316485e-05,0.0004007691974894907,0.00014648153418019374,0.0,630,89.0
1,1,4,random_normmatched,0.0,1.0,0.01849406975585491,0.011736733378140336,0.005266814395251156,0.0,630,89.0
1,1,4,random,0.0,1.0,0.0007995897529698815,-0.0003130324525161397,0.00022830400394923759,0.0,630,90.0
1,1,4,random_normmatched,0.0,1.0,0.014999102414581203,0.016271804490687714,0.00995517450169101,0.0,630,90.0
1,1,4,random,0.0,1.0,0.0008088250523506346,0.0009638690527246828,-0.00010449636025547271,0.0,630,91.0
1,1,4,random_normmatched,0.0,1.0,0.007945083939069694,0.015354655334473583,0.008493858460714886,0.0,630,91.0
1,1,4,random,0.0,1.0,0.002107948736069667,0.0014226258788448997,-0.00023364918435094849,0.0,630,92.0
1,1,4,random_normmatched,0.0,1.0,0.018782543667934325,0.019654005920414466,-0.0022112663242773575,0.0,630,92.0
1,1,4,random,0.0,1.0,-0.00021394460779609062,0.00034087125356232356,0.0006955024403204947,0.0,630,93.0
1,1,4,random_normmatched,0.0,1.0,0.00024829593778997815,0.002089999332390129,0.006202771534054111,0.0,630,93.0
1,1,4,random,0.0,1.0,2.126722099587307e-05,-0.0005295452890508771,-0.0015140904906784107,0.0,630,94.0
1,1,4,random_normmatched,0.0,1.0,-0.01039011460896009,-0.008292897701838229,-0.029514174045930576,0.0,630,94.0
1,1,4,random,0.0,1.0,0.0011921709728879592,0.002124575278849894,0.0015357267464399245,0.0,630,95.0
1,1,4,random_normmatched,0.0,1.0,0.014599935250086788,0.030172640271260112,0.03271707981520478,0.0,630,95.0
1,1,4,random,0.0,1.0,0.00037228570176946316,-0.0003481106781549335,3.435803571986332e-05,0.0,630,96.0
1,1,4,random_normmatched,0.0,1.0,-0.0016542816417334856,0.000921246180964663,0.005319244631280996,0.0,630,96.0
1,1,4,random,0.0,1.0,0.000532260222990766,0.00014871606707532085,-0.00016249630727141725,0.0,630,97.0
1,1,4,random_normmatched,0.0,1.0,0.00802301984588941,0.00612861131436665,0.010380276060870629,0.0,630,97.0
1,1,4,random,0.0,1.0,0.0008765595258774098,0.0011608153980992993,0.0011018157726297823,0.0,630,98.0
1,1,4,random_normmatched,0.0,1.0,0.022176200535444772,0.018669753669219302,0.03590774913564796,0.0,630,98.0
1,1,4,random,0.0,1.0,0.00018247116057921442,-0.00027033737605629027,0.0010259059211929974,0.0,630,99.0
1,1,4,random_normmatched,0.0,1.0,0.00262864186836801,0.0034207027862187774,0.03463915726456189,0.0,630,99.0
1,1,4,shuffled_labels,0.3,1.0,0.465165133536785,0.4994098235292315,0.33031689007684467,0.34,630,
1,2,0,random,0.0,1.0,-0.0003739801177203826,-0.0022063278184234906,-0.0002856754244620144,0.0,924,0.0
1,2,0,random_normmatched,0.0,1.0,0.028738978279939993,0.017529362052259002,0.012334383820661142,0.0,924,0.0
1,2,0,random,0.0,1.0,0.00044519653774947974,-0.0007412192514497535,-0.0005087739732348041,0.0,924,1.0
1,2,0,random_normmatched,0.0,1.0,0.009150715287917242,0.01230433011836602,0.004026990574810737,0.0,924,1.0
1,2,0,random,0.0,1.0,-0.0015184985860399172,-0.0034604783937522148,8.710167507402239e-05,0.0,924,2.0
1,2,0,random_normmatched,0.0,1.0,-0.005432308424743572,-0.013996649752995135,0.015103989537571317,0.0,924,2.0
1,2,0,random,0.0,1.0,-0.003580662478314728,-0.005128935980667656,0.0008852289744547207,0.0,924,3.0
1,2,0,random_normmatched,0.0,1.0,-0.025297869092492112,-0.020354457092239014,0.022656024475131518,0.0,924,3.0
1,2,0,random,0.0,1.0,-0.0004331047846997258,-0.00040418874356399145,-0.00039352994173705747,0.0,924,4.0
1,2,0,random_normmatched,0.0,1.0,0.009039022002287941,0.0120366217480701,0.007457859711132104,0.0,924,4.0
1,2,0,random,0.0,1.0,-0.0009699681031007468,-0.003560029266673327,-0.000194785985979707,0.0,924,5.0
1,2,0,random_normmatched,0.0,1.0,-0.005657026456948469,-0.01319855093172051,0.005675828653161744,0.0,924,5.0
1,2,0,random,0.0,1.0,-0.001281226186684844,-0.004154586821740156,0.0008703188663316372,0.0,924,6.0
1,2,0,random_normmatched,0.0,1.0,-0.002996526417649044,-0.005000111367953863,0.01660205129789616,0.0,924,6.0
1,2,0,random,0.0,1.0,-0.00025906394722780853,-0.0008776020402200723,-0.00011201608904999735,0.0,924,7.0
1,2,0,random_normmatched,0.0,1.0,0.013984371401270075,0.01305155072477856,0.003465621925869347,0.0,924,7.0
1,2,0,random,0.0,1.0,-0.0020416475757265174,-0.004348795351433305,0.00040543652480733324,0.0,924,8.0
1,2,0,random_normmatched,0.0,1.0,-0.022203264305879766,-0.014965278311552182,0.011492365496575034,0.0,924,8.0
1,2,0,random,0.0,1.0,-0.0005562195918557937,-0.0018313863728877172,-5.5555894832330154e-05,0.0,924,9.0
1,2,0,random_normmatched,0.0,1.0,-0.0010242003150285198,-0.003069552611126272,0.0050030976598101845,0.0,924,9.0
1,2,0,random,0.0,1.0,-0.0012668515939828048,-0.0018904863601381123,0.00010945755944910336,0.0,924,10.0
1,2,0,random_normmatched,0.0,1.0,0.004093702683260352,0.0031960456521735914,0.0006526533955799142,0.0,924,10.0
1,2,0,random,0.0,1.0,-0.0004499887655822131,-0.0016111805274773717,-0.00032348016908728325,0.0,924,11.0
1,2,0,random_normmatched,0.0,1.0,0.0006229533486609427,0.003653869693555849,-0.006123990344758897,0.0,924,11.0
1,2,0,random,0.0,1.0,-0.00033317778180953273,-0.0008489196024714111,-0.0006768654590948586,0.0,924,12.0
1,2,0,random_normmatched,0.0,1.0,-0.0037292463107415456,0.0022804504246962377,0.003689389912838888,0.0,924,12.0
1,2,0,random,0.0,1.0,0.00041989932007164237,0.00018409799824320493,0.0005301906375992518,0.0,924,13.0
1,2,0,random_normmatched,0.0,1.0,0.01080123749917821,0.006101864709036924,0.00959288659791697,0.0,924,13.0
1,2,0,random,0.0,1.0,2.5961030986980916e-05,-0.00019307886567751707,-0.00041842726196063875,0.0,924,14.0
1,2,0,random_normmatched,0.0,1.0,0.00942608135807638,0.004774870603440715,0.033058431470908964,0.0,924,14.0
1,2,0,random,0.0,1.0,0.0012792937691438087,0.000138739015153199,-0.0002779866326838164,0.0,924,15.0
1,2,0,random_normmatched,0.0,1.0,0.025794957855635577,0.0277887182730919,0.002290320780398923,0.0,924,15.0
1,2,0,random,0.0,1.0,-0.0014920784697616263,-0.003296350933303894,-0.001055187747196085,0.0,924,16.0
1,2,0,random_normmatched,0.0,1.0,-0.010896352413463168,-0.006960877338502479,-0.0011724102409710056,0.0,924,16.0
1,2,0,random,0.0,1.0,-0.001250927503374963,-0.0025133231067448456,-0.0006395108923837379,0.0,924,17.0
1,2,0,random_normmatched,0.0,1.0,0.004836637412373293,0.0013652079136015679,0.007623231020538036,0.0,924,17.0
1,2,0,random,0.0,1.0,-0.001673798931995278,-0.0037785980203084843,-0.0007346556963004247,0.0,924,18.0
1,2,0,random_normmatched,0.0,1.0,-0.01510263945237856,-0.007923554346022713,0.0020202951778366604,0.0,924,18.0
1,2,0,random,0.0,1.0,0.0007743166774115938,-0.001145708484500172,-0.0005536871806342292,0.0,924,19.0
1,2,0,random_normmatched,0.0,1.0,0.010739098429634705,0.00945079744217413,0.0004395601059854499,0.0,924,19.0
1,2,0,random,0.0,1.0,-0.0007235912219242346,-0.0032427777887382345,0.001073516966025143,0.0,924,20.0
1,2,0,random_normmatched,0.0,1.0,-0.012707419535309513,-0.0027518294846913347,0.01643403328634918,0.0,924,20.0
1,2,0,random,0.0,1.0,-0.0010917361404734764,-0.00299375478928056,-0.00020846495948516382,0.0,924,21.0
1,2,0,random_normmatched,0.0,1.0,-0.00674334987256989,-0.0029266881865989617,0.01054840223326088,0.0,924,21.0
1,2,0,random,0.0,1.0,0.000632075930272919,-0.000525770828238883,0.0002834472052936817,0.0,924,22.0
1,2,0,random_normmatched,0.0,1.0,0.016467316752684695,0.01647772151469617,0.010603277481579644,0.0,924,22.0
1,2,0,random,0.0,1.0,-0.003478979627049781,-0.005778477437811084,0.000847822104085452,0.0,924,23.0
1,2,0,random_normmatched,0.0,1.0,-0.028147302185327912,-0.026799015073193936,0.025888585867577682,0.0,924,23.0
1,2,0,random,0.0,1.0,0.002055593361325836,0.0020109700680003583,0.0010335396502003141,0.0,924,24.0
1,2,0,random_normmatched,0.0,1.0,0.042365254029560366,0.03443703573362807,0.0172304554962631,0.0,924,24.0
1,2,0,random,0.0,1.0,-0.00035888945331737765,-0.0009723307665763542,-0.001051744245165325,0.0,924,25.0
1,2,0,random_normmatched,0.0,1.0,-0.0018154049680795437,0.00017988222059721215,-0.0014030037038992573,0.0,924,25.0
1,2,0,random,0.0,1.0,-0.0020244902226973513,-0.004736692045480248,0.0003007109143332154,0.0,924,26.0
1,2,0,random_normmatched,0.0,1.0,-0.02100271570209381,-0.022392268773348503,0.02214266024933311,0.0,924,26.0
1,2,0,random,0.0,1.0,-0.000645343937824371,-0.0017513334456050586,-0.00042501830260118574,0.0,924,27.0
1,2,0,random_normmatched,0.0,1.0,0.009014000114020607,0.0017073009419829685,0.004962989659613248,0.0,924,27.0
1,2,0,random,0.0,1.0,0.002191734344186012,0.0015904782390991326,0.00035386708112703847,0.0,924,28.0
1,2,0,random_normmatched,0.0,1.0,0.053865842326845506,0.017041500366049272,0.0226850298867663,0.0,924,28.0
1,2,0,random,0.0,1.0,-0.001625002151929953,-0.0020735999386861078,-0.001205986179113857,0.0,924,29.0
1,2,0,random_normmatched,0.0,1.0,0.004189680161942102,0.007794131416942395,8.220841438147752e-05,0.0,924,29.0
1,2,0,random,0.0,1.0,-9.821784061165008e-05,-0.0005374535198449198,-0.0006797905900685858,0.0,924,30.0
1,2,0,random_normmatched,0.0,1.0,0.020230611130352676,0.01064825076163885,0.008859894687496758,0.0,924,30.0
1,2,0,random,0.0,1.0,0.0022263015140277943,0.002777562447734984,-0.0015942812784577407,0.0,924,31.0
1,2,0,random_normmatched,0.0,1.0,0.024304289674562364,0.021179696138545184,-0.013837296757608192,0.0,924,31.0
1,2,0,random,0.0,1.0,-0.000726187565955438,-0.0016890128547185212,-0.00045309863323084474,0.0,924,32.0
1,2,0,random_normmatched,0.0,1.0,-0.008336149328415754,-0.0070017292628401845,-0.0012275749951887439,0.0,924,32.0
1,2,0,random,0.0,1.0,-0.001836064145765137,-0.005017700590861372,-0.0006476574484935763,0.0,924,33.0
1,2,0,random_normmatched,0.0,1.0,-0.045982514306530595,-0.00034206612208490547,0.0094434381143635,0.0,924,33.0
1,2,0,random,0.0,1.0,-0.0008000553559421521,-0.0017486107061246764,-0.0002881313005505396,0.0,924,34.0
1,2,0,random_normmatched,0.0,1.0,0.005687081513437343,0.012754522200310486,0.011493216377350263,0.0,924,34.0
1,2,0,random,0.0,1.0,-0.00062326281543232,-0.002121546008343446,0.00019995686566063074,0.0,924,35.0
1,2,0,random_normmatched,0.0,1.0,0.00848365866590537,-0.009471933911564827,0.0031192876336982762,0.0,924,35.0
1,2,0,random,0.0,1.0,3.5223408860097e-05,-0.0012249973906816101,-0.000507450611974759,0.0,924,36.0
1,2,0,random_normmatched,0.0,1.0,0.004505494780619327,0.0008687009936263814,0.005044480097795382,0.0,924,36.0
1,2,0,random,0.0,1.0,-0.0009909620360910964,-0.0014857167547801043,-0.00021968310002808974,0.0,924,37.0
1,2,0,random_normmatched,0.0,1.0,0.004207836966186581,0.01918011455520612,0.0020979400647677623,0.0,924,37.0
1,2,0,random,0.0,1.0,-0.0005309309336918301,-0.002014803649824676,-0.0006086777253515193,0.0,924,38.0
1,2,0,random_normmatched,0.0,1.0,0.007304468959676631,0.00341011433443187,0.014196062812707338,0.0,924,38.0
1,2,0,random,0.0,1.0,-0.000816649099650321,-0.0031194543671251547,-0.00043904203228151075,0.0,924,39.0
1,2,0,random_normmatched,0.0,1.0,-0.011066858384860226,-0.013279765189195903,0.0071862646562357805,0.0,924,39.0
1,2,0,random,0.0,1.0,-0.0015409246263146704,-0.0023336075650789738,-0.00016705107429019648,0.0,924,40.0
1,2,0,random_normmatched,0.0,1.0,0.004135952816511591,-0.007382516203519551,0.004466813210084419,0.0,924,40.0
1,2,0,random,0.0,1.0,-0.000537759911134705,-0.001945578172775977,0.00011862058189719528,0.0,924,41.0
1,2,0,random_normmatched,0.0,1.0,-0.013609320565552224,-0.006944350477958872,0.01597760168923021,0.0,924,41.0
1,2,0,random,0.0,1.0,-0.0015828322410002848,-0.002668561313667892,-0.0007306036593615769,0.0,924,42.0
1,2,0,random_normmatched,0.0,1.0,0.003556294476269698,0.0033177632880397523,0.0016576291893206797,0.0,924,42.0
1,2,0,random,0.0,1.0,-0.00125037215602569,-0.0032020843920441697,-0.0012708065177780092,0.0,924,43.0
1,2,0,random_normmatched,0.0,1.0,0.005062149022883406,0.004646189921051909,-0.009694856704632791,0.0,924,43.0
1,2,0,random,0.0,1.0,-0.00022698570658794535,-0.0008710902649246449,5.402481169288407e-05,0.0,924,44.0
1,2,0,random_normmatched,0.0,1.0,0.0014292332356560028,0.0029309812302715336,0.013692963634148188,0.0,924,44.0
1,2,0,random,0.0,1.0,-0.0009504525075874186,-0.0017063284789233344,-0.0002108353750653181,0.0,924,45.0
1,2,0,random_normmatched,0.0,1.0,0.004448579492770251,0.004587709616739143,-0.0018571040038612547,0.0,924,45.0
1,2,0,random,0.0,1.0,-0.000671957848126179,-0.0032619781586062106,8.819220143781199e-05,0.0,924,46.0
1,2,0,random_normmatched,0.0,1.0,-0.0012225614986665098,-0.003035591832732523,0.012187578395612197,0.0,924,46.0
1,2,0,random,0.0,1.0,-0.0011899267469070805,-0.002359764835455713,-0.0003091409573133784,0.0,924,47.0
1,2,0,random_normmatched,0.0,1.0,-0.012596145073695659,-0.01672049349525121,0.0005703955899408698,0.0,924,47.0
1,2,0,random,0.0,1.0,1.1608954844192654e-05,-0.001723095180888177,-0.00037790352289585483,0.0,924,48.0
1,2,0,random_normmatched,0.0,1.0,-0.001626720391464813,-0.0007790848505542307,0.005427616553879394,0.0,924,48.0
1,2,0,random,0.0,1.0,0.0010709710387266608,0.000842737271217383,0.0006475076855257092,0.0,924,49.0
1,2,0,random_normmatched,0.0,1.0,0.05101403964535865,0.03774639989660158,0.033183822124336015,0.0,924,49.0
1,2,0,random,0.0,1.0,-0.0011564423549990002,-0.0019446375812247813,-0.0004173164884673071,0.0,924,50.0
1,2,0,random_normmatched,0.0,1.0,0.003468148720932671,0.0007232632861915468,0.009420264182022766,0.0,924,50.0
1,2,0,random,0.0,1.0,-0.000402347621489289,-0.0005219347704929992,0.0007191170538742303,0.0,924,51.0
1,2,0,random_normmatched,0.0,1.0,0.014091585198829401,0.010936905801175192,0.015457387504011816,0.0,924,51.0
1,2,0,random,0.0,1.0,-0.00100660397852831,-0.0025856955839022636,-0.0008043262119953787,0.0,924,52.0
1,2,0,random_normmatched,0.0,1.0,-0.01423162869711915,-0.015911937559796963,-0.01283888750184696,0.0,924,52.0
1,2,0,random,0.0,1.0,-0.0006554328299201261,-0.0009180509998072142,0.00014438102445036742,0.0,924,53.0
1,2,0,random_normmatched,0.0,1.0,-0.003199589065697104,0.00030858945737047977,0.01700075077434903,0.0,924,53.0
1,2,0,random,0.0,1.0,-0.0005495892757215789,-0.0021003313465291426,0.0003136679850635236,0.0,924,54.0
1,2,0,random_normmatched,0.0,1.0,-0.00555216591685411,-0.007005138327633366,0.012250310653675425,0.0,924,54.0
1,2,0,random,0.0,1.0,-0.0006452748950493281,-0.002784987391705694,0.00023723499346767538,0.0,924,55.0
1,2,0,random_normmatched,0.0,1.0,-0.0040566622324072115,-0.005003249752017083,0.016776110809156676,0.0,924,55.0
1,2,0,random,0.0,1.0,-0.0011782219169882454,-0.0021775742985579607,0.00021857003938802812,0.0,924,56.0
1,2,0,random_normmatched,0.0,1.0,0.004282360542770331,0.002908395073862334,0.014544187523191315,0.0,924,56.0
1,2,0,random,0.0,1.0,0.0017803163040721022,0.0008500084887605536,-0.004663690787895156,0.0,924,57.0
1,2,0,random_normmatched,0.0,1.0,0.011293166094728968,0.010820322878155752,-0.028685669322188558,0.0,924,57.0
1,2,0,random,0.0,1.0,-0.0006015100270076128,-0.00221540955800569,-0.0009218900851372634,0.0,924,58.0
1,2,0,random_normmatched,0.0,1.0,0.004246099715992481,0.004545751704289314,0.004225149477105074,0.0,924,58.0
1,2,0,random,0.0,1.0,-0.0008274436060075672,-0.0027233868961005943,-0.0014438555658874066,0.0,924,59.0
1,2,0,random_normmatched,0.0,1.0,-0.01147112463125272,-0.014613168788551184,-0.00392957369800401,0.0,924,59.0
1,2,0,random,0.0,1.0,-0.0005668688110054367,-0.0013530722234043834,-0.00021560761666399608,0.0,924,60.0
1,2,0,random_normmatched,0.0,1.0,-0.005959958358784857,-0.012463598790802636,0.005103521334875458,0.0,924,60.0
1,2,0,random,0.0,1.0,0.0007521607058540393,0.0010261689574988537,-0.00010448387627241858,0.0,924,61.0
1,2,0,random_normmatched,0.0,1.0,0.017719156837555424,0.01730583666039166,0.007884618404351004,0.0,924,61.0
1,2,0,random,0.0,1.0,-0.00027330604678440585,0.0001781808673303239,-0.0003372462273428767,0.0,924,62.0
1,2,0,random_normmatched,0.0,1.0,0.023295820414780476,0.024774006560140584,0.0018030071098368945,0.0,924,62.0
1,2,0,random,0.0,1.0,0.0032232273427930365,0.001048766499817044,0.0032849575313635693,0.0,924,63.0
1,2,0,random_normmatched,0.0,1.0,0.053357968820781324,0.0490153464821862,0.02864647477152312,0.0,924,63.0
1,2,0,random,0.0,1.0,0.0007569299898982651,0.0011411783744046406,0.0006774128137021073,0.0,924,64.0
1,2,0,random_normmatched,0.0,1.0,0.06610693134195979,0.03403290778888816,0.028932205072164825,0.0,924,64.0
1,2,0,random,0.0,1.0,-0.00048142695985838415,-0.002722238103515262,0.0004275081668947611,0.0,924,65.0
1,2,0,random_normmatched,0.0,1.0,0.004233759769523034,0.007612256526529942,0.010226793369851911,0.0,924,65.0
1,2,0,random,0.0,1.0,-0.0006733675348863681,-0.001819074243547239,-0.0009638157388913934,0.0,924,66.0
1,2,0,random_normmatched,0.0,1.0,-0.0009040937519229249,0.008766320047226186,-0.0019043279035713644,0.0,924,66.0
1,2,0,random,0.0,1.0,-0.00125623285774142,-0.003241605125462754,0.0003116882201382802,0.0,924,67.0
1,2,0,random_normmatched,0.0,1.0,0.001681558440499253,-0.004092957093176555,0.012808371384466142,0.0,924,67.0
1,2,0,random,0.0,1.0,-0.00034066491411502853,0.0006483665018043259,-0.0003142370156456717,0.0,924,68.0
1,2,0,random_normmatched,0.0,1.0,0.002563267483821011,-0.0011295869088929467,-0.0006815203482793711,0.0,924,68.0
1,2,0,random,0.0,1.0,-0.0016283708162541286,-0.002906843727552344,-0.0024323949047114195,0.0,924,69.0
1,2,0,random_normmatched,0.0,1.0,-0.018159948587275668,-0.018307861805235914,-0.01878696275148179,0.0,924,69.0
1,2,0,random,0.0,1.0,-0.0012989542622998892,-0.0032436341583063164,-0.002044169267106948,0.0,924,70.0
1,2,0,random_normmatched,0.0,1.0,-0.005164918729597364,-0.006098395718248281,-0.002851680087242725,0.0,924,70.0
1,2,0,random,0.0,1.0,-0.0007848075372700596,-0.00373231038656449,0.00036381573360990056,0.0,924,71.0
1,2,0,random_normmatched,0.0,1.0,-0.0023154067867606955,-0.0015864650050261971,0.015222756402589918,0.0,924,71.0
1,2,0,random,0.0,1.0,-0.00024360070015647583,-0.0013134433239267351,-0.000411708807479787,0.0,924,72.0
1,2,0,random_normmatched,0.0,1.0,-0.009429128564040355,-0.007528054440855105,0.007537976023554615,0.0,924,72.0
1,2,0,random,0.0,1.0,-0.0008214273393586806,-0.0014970560348597402,5.9757501059569626e-05,0.0,924,73.0
1,2,0,random_normmatched,0.0,1.0,-0.008732129704235713,-0.006621550986646108,0.0021532761993887954,0.0,924,73.0
1,2,0,random,0.0,1.0,0.0005473631060289992,-0.0005184385506092472,-0.00020868969733641034,0.0,924,74.0
1,2,0,random_normmatched,0.0,1.0,0.029164643008884508,0.021905755929267114,0.015896501431849983,0.0,924,74.0
1,2,0,random,0.0,1.0,0.000465751413726085,0.00017624097183035657,-0.0001356290720143561,0.0,924,75.0
1,2,0,random_normmatched,0.0,1.0,0.0033888397770718394,-0.002315520856766536,0.015506587342317628,0.0,924,75.0
1,2,0,random,0.0,1.0,0.0028449897092770685,0.0018642432735480937,-0.00021610005953048703,0.0,924,76.0
1,2,0,random_normmatched,0.0,1.0,0.028835557258581092,0.025116508569759586,0.011537612730667238,0.0,924,76.0
1,2,0,random,0.0,1.0,0.0035292346707361134,0.001418082560703399,0.003868082581862666,0.0,924,77.0
1,2,0,random_normmatched,0.0,1.0,0.04537335909769767,0.04298950024849611,0.035894512564423164,0.0,924,77.0
1,2,0,random,0.0,1.0,-0.0002620557638165125,-0.0019322410523081057,-0.00019415670138657568,0.0,924,78.0
1,2,0,random_normmatched,0.0,1.0,0.0406962638675454,0.010972522350279778,0.03001583276723993,0.0,924,78.0
1,2,0,random,0.0,1.0,0.00020375297001434367,0.0010201232636678078,-1.0539851129098075e-05,0.0,924,79.0
1,2,0,random_normmatched,0.0,1.0,0.04452104785206924,0.03416417282749242,0.021851081565977933,0.0,924,79.0
1,2,0,random,0.0,1.0,-0.0015671956198845447,-0.00345747581718063,-0.0008019527325270647,0.0,924,80.0
1,2,0,random_normmatched,0.0,1.0,-0.006330740326792447,-0.004727705008144588,0.008242976546835173,0.0,924,80.0
1,2,0,random,0.0,1.0,-0.00042333123992709305,-0.001423394880598677,-9.21855549359407e-05,0.0,924,81.0
1,2,0,random_normmatched,0.0,1.0,-0.005413054445402254,-0.002472275371299325,-0.007536813530560219,0.0,924,81.0
1,2,0,random,0.0,1.0,-0.0002542429045724812,-0.0014101706111710663,0.0005379983711944079,0.0,924,82.0
1,2,0,random_normmatched,0.0,1.0,-0.005418731079305801,0.0004582420159887529,-0.012942181922541342,0.0,924,82.0
1,2,0,random,0.0,1.0,-0.0022070847334560275,-0.005012351153204861,-0.0006131839688454683,0.0,924,83.0
1,2,0,random_normmatched,0.0,1.0,-0.025800881952140087,-0.03253963829443551,-0.004362702174111435,0.0,924,83.0
1,2,0,random,0.0,1.0,-0.0007878494602462531,-0.001747300826728765,-5.630779737523274e-05,0.0,924,84.0
1,2,0,random_normmatched,0.0,1.0,-0.004594311382964664,-0.005054171282616715,0.011529165740087728,0.0,924,84.0
1,2,0,random,0.0,1.0,-0.00031946357856626036,-0.001134799436343144,-0.0008171647305660874,0.0,924,85.0
1,2,0,random_normmatched,0.0,1.0,0.010662295677612841,0.01633127632609903,-0.012545073092960867,0.0,924,85.0
1,2,0,random,0.0,1.0,-5.507999270999291e-05,-0.0030754804825825276,-7.028830780253387e-05,0.0,924,86.0
1,2,0,random_normmatched,0.0,1.0,5.5905662531760927e-05,-0.0044040816699730655,0.008318707368482042,0.0,924,86.0
1,2,0,random,0.0,1.0,-0.001254063747850496,-0.0023675164338371663,8.891076978180273e-05,0.0,924,87.0
1,2,0,random_normmatched,0.0,1.0,-0.005032318895640895,-0.007680165760366368,0.013043265485586712,0.0,924,87.0
1,2,0,random,0.0,1.0,-0.0006435999593419107,-0.002950334165258777,8.389630031134915e-05,0.0,924,88.0
1,2,0,random_normmatched,0.0,1.0,0.0032232002170570133,0.0005427844301701029,0.00792262466011062,0.0,924,88.0
1,2,0,random,0.0,1.0,-0.00246431351221118,-0.0031123154056125714,0.0004348663618790063,0.0,924,89.0
1,2,0,random_normmatched,0.0,1.0,-0.0018525789920647994,-0.0036407129911002777,0.01841777689394506,0.0,924,89.0
1,2,0,random,0.0,1.0,-0.0006212805153506089,-3.123934027920025e-05,-0.0005007547158982866,0.0,924,90.0
1,2,0,random_normmatched,0.0,1.0,0.008759961428124897,0.0037592238625546127,0.009322393546802595,0.0,924,90.0
1,2,0,random,0.0,1.0,0.0007066588607898656,0.0007410242715066435,-0.0007935978079487325,0.0,924,91.0
1,2,0,random_normmatched,0.0,1.0,0.033421123622629834,0.01775138261040833,-0.0019560720071078487,0.0,924,91.0
1,2,0,random,0.0,1.0,-0.000875840202703104,-0.0019799359515597333,-0.00030588127203152896,0.0,924,92.0
1,2,0,random_normmatched,0.0,1.0,-0.01016638937564541,-0.008181280863160358,0.003354459649343819,0.0,924,92.0
1,2,0,random,0.0,1.0,0.0008596024151150997,-0.00026052576355323925,-0.0009742958576076505,0.0,924,93.0
1,2,0,random_normmatched,0.0,1.0,0.023550147793673416,0.016164949996511725,-0.0002663872928912913,0.0,924,93.0
1,2,0,random,0.0,1.0,0.001039348189591031,3.2753960939315556e-05,-0.0003828335860373514,0.0,924,94.0
1,2,0,random_normmatched,0.0,1.0,0.019712793066542965,0.023472016861633093,0.0026473691954539413,0.0,924,94.0
1,2,0,random,0.0,1.0,0.00029516301194479247,0.000965197842081897,0.00010935998331899682,0.0,924,95.0
1,2,0,random_normmatched,0.0,1.0,0.025482135796787993,0.0231668446795716,0.009691859297490911,0.0,924,95.0
1,2,0,random,0.0,1.0,5.2326587014224e-05,-0.0006875268351404218,-4.009783844707257e-05,0.0,924,96.0
1,2,0,random_normmatched,0.0,1.0,0.024473603619473136,0.01699692333176368,0.006118366113594804,0.0,924,96.0
1,2,0,random,0.0,1.0,-0.0002810569050809351,-0.0016097516671743227,-0.00010490207898091459,0.0,924,97.0
1,2,0,random_normmatched,0.0,1.0,0.009221503543143664,0.008659591293514856,0.0019894118509502234,0.0,924,97.0
1,2,0,random,0.0,1.0,0.003916814191244731,0.003921703708692635,0.0021394252248240365,0.0,924,98.0
1,2,0,random_normmatched,0.0,1.0,0.04440136698697855,0.03971455855692947,0.022963815936443425,0.0,924,98.0
1,2,0,random,0.0,1.0,-0.0002965657427194767,-0.0007589282361933155,-0.0012103440106684014,0.0,924,99.0
1,2,0,random_normmatched,0.0,1.0,0.005516249445130161,0.0073263475596009025,-0.005933781480298352,0.0,924,99.0
1,2,0,shuffled_labels,0.08531746031746032,0.9976190476190476,0.31289842489579633,0.338770264005056,0.18241702714972374,0.08333333333333333,924,
1,2,1,random,0.05555555555555555,0.9428571428571428,-0.001483791302583414,-0.0019722577373188824,-0.000747885234070209,0.08333333333333333,924,0.0
1,2,1,random_normmatched,0.047619047619047616,0.9547619047619048,-0.020396992202428965,-0.009581419232525977,-0.0049195640043993944,0.08333333333333333,924,0.0
1,2,1,random,0.05555555555555555,0.9476190476190476,-0.001301084571472553,-0.011400603921593836,0.00010274919953586983,0.08333333333333333,924,1.0
1,2,1,random_normmatched,0.051587301587301584,0.9571428571428572,-0.0029797194566326523,-0.016591006239315132,-0.0013010337793531606,0.08333333333333333,924,1.0
1,2,1,random,0.051587301587301584,0.9476190476190476,0.0008498413001704792,0.011808817287466048,-0.00043532299457159156,0.08333333333333333,924,2.0
1,2,1,random_normmatched,0.03571428571428571,0.9619047619047619,0.007606335652506374,-0.006694941082601234,0.00040062955783777934,0.08333333333333333,924,2.0
1,2,1,random,0.05555555555555555,0.9523809523809523,3.412596695458918e-05,-0.007493203995548272,-0.0003193129123506621,0.08333333333333333,924,3.0
1,2,1,random_normmatched,0.04365079365079365,0.9619047619047619,0.008919611160640006,0.004603998313098886,-0.0031926786711234173,0.08333333333333333,924,3.0
1,2,1,random,0.0496031746031746,0.9452380952380952,-0.0005213710048501557,-0.011148763320994215,-0.0005118025941674002,0.08333333333333333,924,4.0
1,2,1,random_normmatched,0.03968253968253968,0.9547619047619048,-0.0013532031866241461,0.002568673522415134,0.0011677743589655792,0.08333333333333333,924,4.0
1,2,1,random,0.05555555555555555,0.95,-0.0009218833001960346,0.00961297518253483,-0.0013659239634187656,0.08333333333333333,924,5.0
1,2,1,random_normmatched,0.06746031746031746,0.9547619047619048,-0.008482641415831715,-0.007826824315501952,-0.0069470570221150905,0.08333333333333333,924,5.0
1,2,1,random,0.05357142857142857,0.9476190476190476,-0.0008140384464637705,0.010496731472653766,-0.0017534939928362154,0.08333333333333333,924,6.0
1,2,1,random_normmatched,0.041666666666666664,0.9595238095238096,0.0002739522726720975,0.010110497316411868,-0.014076869098652883,0.08333333333333333,924,6.0
1,2,1,random,0.05555555555555555,0.9476190476190476,-0.0009253844291672655,-0.008317034467148893,-0.00013818569967100728,0.08333333333333333,924,7.0
1,2,1,random_normmatched,0.04563492063492063,0.9523809523809523,-0.0008659823045868698,0.007293512336592483,0.00515963936678876,0.08333333333333333,924,7.0
1,2,1,random,0.05952380952380952,0.95,0.004951750358842632,0.009499782285288758,0.0005885022987350084,0.08333333333333333,924,8.0
1,2,1,random_normmatched,0.057539682539682536,0.95,0.09354503937366397,0.04279499704680448,0.01744365277057618,0.08333333333333333,924,8.0
1,2,1,random,0.05357142857142857,0.9476190476190476,0.0008650044004911012,0.01078095889813425,-0.000774623872797797,0.08333333333333333,924,9.0
1,2,1,random_normmatched,0.04563492063492063,0.9571428571428572,0.03026727726185517,0.03156102054269579,-0.0017550022649759501,0.08333333333333333,924,9.0
1,2,1,random,0.05357142857142857,0.9428571428571428,0.00020871836400217241,-0.008257710819218242,-0.0010689334121238843,0.08333333333333333,924,10.0
1,2,1,random_normmatched,0.041666666666666664,0.9547619047619048,-0.00032382086075001765,0.008075358447305545,-0.007233005979055612,0.08333333333333333,924,10.0
1,2,1,random,0.05555555555555555,0.9452380952380952,-0.0003289407539177275,-0.006026253694220126,-0.0007039574676568766,0.08333333333333333,924,11.0
1,2,1,random_normmatched,0.041666666666666664,0.9547619047619048,-0.011093439597340684,-0.015177944417299617,-0.006904757901148626,0.08333333333333333,924,11.0
1,2,1,random,0.05952380952380952,0.9428571428571428,0.0001691897061934311,0.014621852874094692,0.0003222222769853195,0.08333333333333333,924,12.0
1,2,1,random_normmatched,0.07142857142857142,0.9476190476190476,0.004877039378800118,0.03062637420714388,0.02502923905968643,0.09722222222222222,924,12.0
1,2,1,random,0.05357142857142857,0.9476190476190476,0.0005462000128762546,-0.008463676356275342,-0.0009949741354494616,0.08333333333333333,924,13.0
1,2,1,random_normmatched,0.047619047619047616,0.9595238095238096,0.011386868695644613,0.024293764083906287,0.004420737608412813,0.08333333333333333,924,13.0
1,2,1,random,0.057539682539682536,0.95,-0.0009719605441497157,-0.001333525643814502,3.8146800194751725e-05,0.08333333333333333,924,14.0
1,2,1,random_normmatched,0.06547619047619048,0.9571428571428572,0.004625079888219934,0.01890758473591033,0.007268218021864167,0.08333333333333333,924,14.0
1,2,1,random,0.05555555555555555,0.9428571428571428,0.00043406382506409164,0.01305678305749714,0.00038660086550847323,0.08333333333333333,924,15.0
1,2,1,random_normmatched,0.057539682539682536,0.9380952380952381,0.010184171603389488,0.019901252211261506,-0.0013553703333651786,0.08333333333333333,924,15.0
1,2,1,random,0.05357142857142857,0.95,0.0026251030828758773,-0.0045513914661509565,0.006455638231527715,0.08333333333333333,924,16.0
1,2,1,random_normmatched,0.05357142857142857,0.9642857142857143,0.043359663289185724,0.04809957950757047,0.08550964921440435,0.08333333333333333,924,16.0
1,2,1,random,0.05555555555555555,0.9476190476190476,0.0024239351485717945,-0.0012442301772582292,0.0012320074040923226,0.08333333333333333,924,17.0
1,2,1,random_normmatched,0.047619047619047616,0.9595238095238096,0.055995719541658134,0.0390227005430333,0.028949740754797785,0.08333333333333333,924,17.0
1,2,1,random,0.051587301587301584,0.9476190476190476,-0.0024722210596890798,-0.0009205229253297262,0.00022499525708665039,0.08333333333333333,924,18.0
1,2,1,random_normmatched,0.04365079365079365,0.9571428571428572,-0.01468788388890091,-0.009941995781731766,-0.0009869849778592144,0.08333333333333333,924,18.0
1,2,1,random,0.0496031746031746,0.9452380952380952,-0.0031642021232706806,0.010432632426863335,-0.0003007747555272088,0.08333333333333333,924,19.0
1,2,1,random_normmatched,0.04365079365079365,0.9547619047619048,-0.04061084947606952,-0.03515502416629706,-0.0054011870617073025,0.08333333333333333,924,19.0
1,2,1,random,0.05555555555555555,0.9428571428571428,-0.0026570314527588853,-0.010935894197183767,-0.002000802723245012,0.08333333333333333,924,20.0
1,2,1,random_normmatched,0.05555555555555555,0.9452380952380952,-0.060120670945260364,-0.04107071355036201,-0.017822017942771308,0.09722222222222222,924,20.0
1,2,1,random,0.047619047619047616,0.95,-0.00042955918351180356,0.010891094571507744,-0.0012670350088530378,0.08333333333333333,924,21.0
1,2,1,random_normmatched,0.041666666666666664,0.9642857142857143,0.0013077775044474278,0.009076970520091241,0.006952618266552031,0.08333333333333333,924,21.0
1,2,1,random,0.0496031746031746,0.9523809523809523,-0.0007836015305271628,-0.002471099893375427,-0.0003377506551195007,0.08333333333333333,924,22.0
1,2,1,random_normmatched,0.04563492063492063,0.9642857142857143,-0.0016365337948110916,-0.013536968330299843,0.0024259836588583408,0.08333333333333333,924,22.0
1,2,1,random,0.051587301587301584,0.9428571428571428,-0.0022408374606689247,-0.012719426601308806,-0.0040328706796754115,0.08333333333333333,924,23.0
1,2,1,random_normmatched,0.04563492063492063,0.9428571428571428,-0.026514044166329513,-0.04010327296129048,-0.03329940765635024,0.08333333333333333,924,23.0
1,2,1,random,0.05357142857142857,0.9428571428571428,0.0002749998686488647,0.012221704422631508,-0.0002495865244154235,0.08333333333333333,924,24.0
1,2,1,random_normmatched,0.05952380952380952,0.9523809523809523,0.005570112538063831,0.016066433851820796,-0.003683211208284792,0.08333333333333333,924,24.0
1,2,1,random,0.05555555555555555,0.9452380952380952,-0.00023191184039003052,-0.008623479495195088,-0.000347585134298529,0.08333333333333333,924,25.0
1,2,1,random_normmatched,0.04563492063492063,0.9523809523809523,-0.00730596436409305,-0.01430182379418013,-0.010945400233442218,0.08333333333333333,924,25.0
1,2,1,random,0.0496031746031746,0.9523809523809523,-0.0007302172725700156,0.0038171824045277526,-0.000273225896757116,0.08333333333333333,924,26.0
1,2,1,random_normmatched,0.051587301587301584,0.9547619047619048,-0.0038400544375674726,0.004736073199520688,7.610999686993641e-05,0.08333333333333333,924,26.0
1,2,1,random,0.05357142857142857,0.9476190476190476,0.0005377964527885576,-0.0043651485343969175,-0.0003834441994288178,0.08333333333333333,924,27.0
1,2,1,random_normmatched,0.05357142857142857,0.9595238095238096,0.012220676439749927,0.008548592850531287,0.0049785843958269444,0.08333333333333333,924,27.0
1,2,1,random,0.05555555555555555,0.9476190476190476,-0.0002613582925166003,-0.012103210333543559,-0.000743356105874927,0.08333333333333333,924,28.0
1,2,1,random_normmatched,0.051587301587301584,0.9571428571428572,-0.0005922967058673807,-0.016440788147776587,-0.004268745689071382,0.08333333333333333,924,28.0
1,2,1,random,0.05357142857142857,0.9404761904761905,0.0013831542548998332,-0.007966018601479573,-0.00011690184860343596,0.08333333333333333,924,29.0
1,2,1,random_normmatched,0.05555555555555555,0.9428571428571428,0.04218906691329007,0.03140151375916532,0.008182698930115855,0.08333333333333333,924,29.0
1,2,1,random,0.05555555555555555,0.9452380952380952,-0.00047150719922276906,-0.00893707476458974,-0.0006640750584001869,0.08333333333333333,924,30.0
1,2,1,random_normmatched,0.0496031746031746,0.9547619047619048,-0.009047351549577322,-0.0030638274695036004,0.003168534110214194,0.08333333333333333,924,30.0
1,2,1,random,0.05357142857142857,0.9452380952380952,0.0006638046969584594,-0.008379353672585963,-0.0002686565330490318,0.08333333333333333,924,31.0
1,2,1,random_normmatched,0.047619047619047616,0.9595238095238096,0.003080160027186359,-0.007777465446807381,0.0019501453556239456,0.08333333333333333,924,31.0
1,2,1,random,0.057539682539682536,0.9452380952380952,0.00012431626910291377,0.009205836088592542,-0.0013283142574181273,0.08333333333333333,924,32.0
1,2,1,random_normmatched,0.03571428571428571,0.9595238095238096,0.011323474358251335,0.009921875721298936,-0.01342433667835603,0.08333333333333333,924,32.0
1,2,1,random,0.0496031746031746,0.95,0.002049796925964145,0.012868910536242954,0.0006391865197074539,0.08333333333333333,924,33.0
1,2,1,random_normmatched,0.04365079365079365,0.9571428571428572,0.021601856137095383,0.02738031420758479,0.009315399957968753,0.08333333333333333,924,33.0
1,2,1,random,0.05952380952380952,0.9428571428571428,0.0012969040962044391,0.0008892062320924238,0.0001317216424307075,0.08333333333333333,924,34.0
1,2,1,random_normmatched,0.0496031746031746,0.9476190476190476,0.012727633753337745,0.01014802267277737,-0.0003467437023127518,0.08333333333333333,924,34.0
1,2,1,random,0.0496031746031746,0.95,-0.002541378589847673,-0.005855917521758702,-0.0026796412984864495,0.08333333333333333,924,35.0
1,2,1,random_normmatched,0.04563492063492063,0.9547619047619048,-0.02239987290506203,-0.03311087085358753,-0.05599022981754681,0.08333333333333333,924,35.0
1,2,1,random,0.05357142857142857,0.9476190476190476,0.0006061568651708486,-0.007790962444929718,-0.0010876045162090107,0.08333333333333333,924,36.0
1,2,1,random_normmatched,0.061507936507936505,0.9571428571428572,0.023884670086307458,0.0046991697310166045,-0.0007394946504219712,0.08333333333333333,924,36.0
1,2,1,random,0.05357142857142857,0.9452380952380952,0.0010027907550341502,-0.00806160133249048,0.0005361486453992043,0.08333333333333333,924,37.0
1,2,1,random_normmatched,0.05555555555555555,0.9595238095238096,0.02450703834510057,0.030964462724270676,0.013760713919709941,0.08333333333333333,924,37.0
1,2,1,random,0.05952380952380952,0.9476190476190476,-0.0021356931466143727,-0.013912151197788877,-0.001093346176661663,0.08333333333333333,924,38.0
1,2,1,random_normmatched,0.05357142857142857,0.9595238095238096,-0.03416148951792629,-0.03820936415241944,-0.0007174718931025485,0.08333333333333333,924,38.0
1,2,1,random,0.057539682539682536,0.9404761904761905,0.0005051020373384375,0.012332006410168845,4.985224348943548e-06,0.08333333333333333,924,39.0
1,2,1,random_normmatched,0.05357142857142857,0.9571428571428572,0.01805799965431653,0.010943405139160499,-0.002475656846445104,0.08333333333333333,924,39.0
1,2,1,random,0.0496031746031746,0.9428571428571428,-0.001424569555063262,0.008971674339344596,-5.9670734678248335e-05,0.08333333333333333,924,40.0
1,2,1,random_normmatched,0.0496031746031746,0.9571428571428572,-0.02017360981891706,0.0005615809004857263,0.005316279757260558,0.08333333333333333,924,40.0
1,2,1,random,0.05555555555555555,0.9452380952380952,0.0009699329905799126,-0.008441471931574492,0.00032445937508144814,0.08333333333333333,924,41.0
1,2,1,random_normmatched,0.04365079365079365,0.95,0.023068355282448643,0.025650056237503053,0.0053648023733116655,0.08333333333333333,924,41.0
1,2,1,random,0.04365079365079365,0.9523809523809523,0.0006270265073675586,0.009321547759679078,-0.0022102949246606673,0.08333333333333333,924,42.0
1,2,1,random_normmatched,0.037698412698412696,0.9619047619047619,0.013117029196533831,-0.002756402596960141,-0.03485078934628886,0.08333333333333333,924,42.0
1,2,1,random,0.05357142857142857,0.9428571428571428,-0.0003610423884020764,-0.010065118645894986,-0.0025147729567751116,0.08333333333333333,924,43.0
1,2,1,random_normmatched,0.047619047619047616,0.9523809523809523,-0.004116885632753472,-0.01611414383251529,-0.03310907907244047,0.08333333333333333,924,43.0
1,2,1,random,0.05357142857142857,0.9523809523809523,0.0008043106080922095,0.012067561649039224,-0.00032837098163041956,0.08333333333333333,924,44.0
1,2,1,random_normmatched,0.03571428571428571,0.9642857142857143,0.012256008290568282,0.017064644086078874,-0.0018734501661174805,0.08333333333333333,924,44.0
1,2,1,random,0.05555555555555555,0.9452380952380952,-0.0008642015039271207,0.012339725832076359,-0.00040076645068695265,0.08333333333333333,924,45.0
1,2,1,random_normmatched,0.06746031746031746,0.9476190476190476,-0.013619718540308832,-0.008693369169074835,0.0030139407338582707,0.08333333333333333,924,45.0
1,2,1,random,0.05357142857142857,0.9428571428571428,-5.7648391443338936e-06,0.015037905924972853,-0.0002529629447061787,0.08333333333333333,924,46.0
1,2,1,random_normmatched,0.06349206349206349,0.9547619047619048,0.01681718558587681,0.024216929372378168,0.009901386723250055,0.08333333333333333,924,46.0
1,2,1,random,0.05357142857142857,0.9476190476190476,0.00028923536660565923,-0.007468735788439905,-0.0014414049019034433,0.08333333333333333,924,47.0
1,2,1,random_normmatched,0.047619047619047616,0.9547619047619048,0.012180409495701757,0.021781266120404544,-0.012828112685380543,0.08333333333333333,924,47.0
1,2,1,random,0.05357142857142857,0.95,-1.9706816466502355e-05,-0.007765627295085691,0.001715294691352693,0.08333333333333333,924,48.0
1,2,1,random_normmatched,0.051587301587301584,0.9595238095238096,-0.0008711225620151574,0.0016451614629940283,0.03962397408792964,0.08333333333333333,924,48.0
1,2,1,random,0.05555555555555555,0.9404761904761905,-0.0008385382170221575,0.01102264989023554,-0.001447104404213259,0.08333333333333333,924,49.0
1,2,1,random_normmatched,0.04563492063492063,0.9595238095238096,0.0006906886326860503,0.014210031376251356,-0.02183869707050133,0.08333333333333333,924,49.0
1,2,1,random,0.0496031746031746,0.9476190476190476,-0.0010229035500690024,-0.012074105869750239,0.0012320382255853433,0.08333333333333333,924,50.0
1,2,1,random_normmatched,0.05952380952380952,0.9452380952380952,-0.01242522002776587,-0.0192237374885942,0.05474693956878819,0.08333333333333333,924,50.0
1,2,1,random,0.047619047619047616,0.95,-0.0002655725422720666,-0.0074591323019551695,-0.0007045480602345738,0.08333333333333333,924,51.0
1,2,1,random_normmatched,0.041666666666666664,0.9642857142857143,0.021524281645971678,-0.0006993528835287067,-0.0013455117615053039,0.08333333333333333,924,51.0
1,2,1,random,0.047619047619047616,0.9571428571428572,0.0010011814084215044,0.011125392963928822,-8.239498844652291e-05,0.08333333333333333,924,52.0
1,2,1,random_normmatched,0.03373015873015873,0.9642857142857143,0.016912700557666218,0.03097305704658796,0.007511394725140657,0.06944444444444445,924,52.0
1,2,1,random,0.05357142857142857,0.9452380952380952,0.0008466819732399075,-0.007850831321024905,-0.0003223917396735605,0.08333333333333333,924,53.0
1,2,1,random_normmatched,0.051587301587301584,0.9547619047619048,0.020011421586213683,0.021302404816310332,0.007054521845847745,0.08333333333333333,924,53.0
1,2,1,random,0.04563492063492063,0.9547619047619048,-0.00027120387639572067,-0.008235221816923958,-0.0015228139018803183,0.08333333333333333,924,54.0
1,2,1,random_normmatched,0.03571428571428571,0.9619047619047619,-0.008069128247549703,-0.013599684530949925,-0.017395098811305774,0.08333333333333333,924,54.0
1,2,1,random,0.057539682539682536,0.9452380952380952,-0.00024000106585236295,-0.007425643110866382,-0.0008847221993047558,0.08333333333333333,924,55.0
1,2,1,random_normmatched,0.0496031746031746,0.9523809523809523,0.011148164816136709,0.017789552469626466,-0.004990809489646494,0.08333333333333333,924,55.0
1,2,1,random,0.0496031746031746,0.95,-0.00022680544649890608,-0.006431364908465516,0.000341843610413616,0.08333333333333333,924,56.0
1,2,1,random_normmatched,0.041666666666666664,0.9595238095238096,0.007441926705775589,0.018813079324688228,0.000929703116401171,0.08333333333333333,924,56.0
1,2,1,random,0.05357142857142857,0.9428571428571428,-2.066506717102049e-05,0.003654112607486006,-0.005098400444490933,0.08333333333333333,924,57.0
1,2,1,random_normmatched,0.03968253968253968,0.9523809523809523,0.005426553432996758,-0.00331883643460776,-0.046468476876100895,0.08333333333333333,924,57.0
1,2,1,random,0.05952380952380952,0.9452380952380952,0.000602224381895984,-0.008905389378219039,-0.0008916468681042199,0.08333333333333333,924,58.0
1,2,1,random_normmatched,0.047619047619047616,0.9523809523809523,0.04354085916068366,0.03152129008543785,-0.004959597185230046,0.08333333333333333,924,58.0
1,2,1,random,0.057539682539682536,0.9428571428571428,-0.0007173023860183687,-0.008689449685135847,0.00040587081294304823,0.08333333333333333,924,59.0
1,2,1,random_normmatched,0.05952380952380952,0.9476190476190476,-0.0034308943584225203,-0.0036062822725294813,0.013268577259898533,0.08333333333333333,924,59.0
1,2,1,random,0.051587301587301584,0.9452380952380952,0.001135498609911325,0.006518886763291726,-0.0005846901358290458,0.08333333333333333,924,60.0
1,2,1,random_normmatched,0.047619047619047616,0.9571428571428572,0.02265875802796429,0.019544953801409345,0.01838152585650614,0.08333333333333333,924,60.0
1,2,1,random,0.05357142857142857,0.95,-0.0037585222852045985,0.004830857908651376,-0.0036067040833507886,0.08333333333333333,924,61.0
1,2,1,random_normmatched,0.04365079365079365,0.9547619047619048,-0.030354356878541343,-0.033892123759971825,-0.022215381956162503,0.08333333333333333,924,61.0
1,2,1,random,0.057539682539682536,0.9452380952380952,-0.0016435589036728421,-0.009556562678666577,0.0013573727963102627,0.08333333333333333,924,62.0
1,2,1,random_normmatched,0.061507936507936505,0.9571428571428572,0.0030341034078915268,-0.010578688888025909,0.02042130027698879,0.1111111111111111,924,62.0
1,2,1,random,0.05357142857142857,0.9523809523809523,1.8078909110025055e-05,-0.008397158111957303,-0.00030492664467231533,0.08333333333333333,924,63.0
1,2,1,random_normmatched,0.03968253968253968,0.9595238095238096,0.009102159781497608,0.020224313729885045,-0.0006333765410535851,0.08333333333333333,924,63.0
1,2,1,random,0.057539682539682536,0.9404761904761905,0.0035461314114399903,0.011425148076264685,-0.0004331143884673699,0.08333333333333333,924,64.0
1,2,1,random_normmatched,0.061507936507936505,0.9452380952380952,0.05657729404556381,0.040630512790756544,-0.0006692845369281473,0.08333333333333333,924,64.0
1,2,1,random,0.057539682539682536,0.9452380952380952,0.0004747096641344608,-0.008267981758831793,3.259350441039558e-05,0.08333333333333333,924,65.0
1,2,1,random_normmatched,0.05357142857142857,0.9547619047619048,0.007758053550501402,-0.01946547454956499,0.011986723881357582,0.08333333333333333,924,65.0
1,2,1,random,0.0496031746031746,0.9428571428571428,-0.001842394065367074,-0.003048313519668659,-0.0019367263085088924,0.08333333333333333,924,66.0
1,2,1,random_normmatched,0.057539682539682536,0.930952380952381,-0.049910348281050856,-0.03696787171266962,-0.013253697682452666,0.09722222222222222,924,66.0
1,2,1,random,0.05357142857142857,0.9452380952380952,0.004357659148760875,0.018030907913798553,0.0014312921359927308,0.08333333333333333,924,67.0
1,2,1,random_normmatched,0.09126984126984126,0.9595238095238096,0.06973487784191264,0.08185179398363933,0.04113712095693482,0.1388888888888889,924,67.0
1,2,1,random,0.05555555555555555,0.9452380952380952,0.001304530191359244,-0.005586214917490053,0.00045158281007263057,0.08333333333333333,924,68.0
1,2,1,random_normmatched,0.057539682539682536,0.9428571428571428,0.025403734205999062,0.010824938516422033,0.0035782871947557054,0.08333333333333333,924,68.0
1,2,1,random,0.05555555555555555,0.9428571428571428,0.002508287515402106,0.01722804763888141,0.0007894124992333458,0.08333333333333333,924,69.0
1,2,1,random_normmatched,0.07539682539682539,0.9476190476190476,0.049802286864915515,0.05708912432029462,0.03437691485864778,0.08333333333333333,924,69.0
1,2,1,random,0.05357142857142857,0.9452380952380952,-0.00028125350576220097,0.005925475651387247,-0.00011362103672934111,0.08333333333333333,924,70.0
1,2,1,random_normmatched,0.047619047619047616,0.9595238095238096,0.014950701840682165,0.020126797860225226,0.0022845977261540164,0.08333333333333333,924,70.0
1,2,1,random,0.057539682539682536,0.9428571428571428,-0.0005942576949186909,-0.003888879307660082,-0.0003071204358209915,0.08333333333333333,924,71.0
1,2,1,random_normmatched,0.037698412698412696,0.9571428571428572,-0.00308184511226233,-0.010854752511062033,-0.011531061633903252,0.08333333333333333,924,71.0
1,2,1,random,0.05357142857142857,0.9428571428571428,-0.0007385261601376618,-0.008669511748082701,0.0002839518602640505,0.08333333333333333,924,72.0
1,2,1,random_normmatched,0.047619047619047616,0.9571428571428572,-0.013181644770621028,0.0075663356973230565,0.016369226405537986,0.08333333333333333,924,72.0
1,2,1,random,0.0496031746031746,0.9523809523809523,0.00018128728485807612,0.01105800864168081,-0.0012500252589834815,0.08333333333333333,924,73.0
1,2,1,random_normmatched,0.047619047619047616,0.9595238095238096,0.005935455263997067,0.0071996294608044535,-0.0024033086599385086,0.08333333333333333,924,73.0
1,2,1,random,0.047619047619047616,0.9547619047619048,0.0015630526836107588,0.013221714214938233,-0.0024773525983105503,0.08333333333333333,924,74.0
1,2,1,random_normmatched,0.0496031746031746,0.9571428571428572,0.03486826074001761,0.042142076276703834,-0.019793632187832325,0.08333333333333333,924,74.0
1,2,1,random,0.051587301587301584,0.9476190476190476,-0.0019200573797344212,0.007815047800619774,-0.0009874114149199496,0.08333333333333333,924,75.0
1,2,1,random_normmatched,0.04563492063492063,0.9571428571428572,-0.02249420540187114,-0.020893827894763267,-0.008915793397494149,0.08333333333333333,924,75.0
1,2,1,random,0.051587301587301584,0.9476190476190476,-0.00026387824786906083,-0.00897589906822311,-0.00041504404007231883,0.08333333333333333,924,76.0
1,2,1,random_normmatched,0.051587301587301584,0.9595238095238096,0.014404590433460315,-0.0023418419944343924,-0.0012577183260227554,0.08333333333333333,924,76.0
1,2,1,random,0.05555555555555555,0.9452380952380952,0.00029181959872877643,0.009321785511907831,0.0012859069949013803,0.08333333333333333,924,77.0
1,2,1,random_normmatched,0.057539682539682536,0.9619047619047619,0.006112538616823156,-0.012218129774004757,0.037674417082747186,0.08333333333333333,924,77.0
1,2,1,random,0.05357142857142857,0.9452380952380952,0.000161187046916931,-0.008107563022717678,-0.000719981883302654,0.08333333333333333,924,78.0
1,2,1,random_normmatched,0.03571428571428571,0.9595238095238096,0.038660481132978645,0.03288646183825456,-0.000628950315358664,0.08333333333333333,924,78.0
1,2,1,random,0.04563492063492063,0.95,-0.0014029389259769243,-0.010391132629504729,-0.006627496696002073,0.08333333333333333,924,79.0
1,2,1,random_normmatched,0.041666666666666664,0.9571428571428572,-0.010379873438650664,-0.00457545010385346,-0.031924863298513594,0.08333333333333333,924,79.0
1,2,1,random,0.051587301587301584,0.9476190476190476,-0.0005744020918573777,0.00920094493087702,-0.00031629810251782985,0.08333333333333333,924,80.0
1,2,1,random_normmatched,0.047619047619047616,0.9523809523809523,0.002797910867612706,0.01828757762569796,0.000898198901565191,0.08333333333333333,924,80.0
1,2,1,random,0.05952380952380952,0.9428571428571428,0.0017454477778453157,0.014904392417181564,0.00026705822957544034,0.08333333333333333,924,81.0
1,2,1,random_normmatched,0.06746031746031746,0.9523809523809523,0.023238535736957326,0.03993308246634164,0.0231152093640142,0.08333333333333333,924,81.0
1,2,1,random,0.0496031746031746,0.9476190476190476,0.0013902458291594243,0.01291232247338432,-0.0007357473409686519,0.08333333333333333,924,82.0
1,2,1,random_normmatched,0.05357142857142857,0.9547619047619048,0.051339922110044706,0.043372458372479356,-0.009593985248692,0.08333333333333333,924,82.0
1,2,1,random,0.05555555555555555,0.95,-0.0008894874512744609,-0.010965001657316412,-0.0028660301261161005,0.08333333333333333,924,83.0
1,2,1,random_normmatched,0.04365079365079365,0.95,0.003954201246187761,0.004894266872312774,-0.027108895703659285,0.08333333333333333,924,83.0
1,2,1,random,0.05357142857142857,0.95,0.00047935012939156877,0.013110494909007175,0.0003188257491932717,0.08333333333333333,924,84.0
1,2,1,random_normmatched,0.0496031746031746,0.95,0.008728162591419435,0.018203225404912992,0.007416724912402244,0.08333333333333333,924,84.0
1,2,1,random,0.047619047619047616,0.9523809523809523,0.0005700352283800037,0.014149933380359513,-0.00047883098348150063,0.08333333333333333,924,85.0
1,2,1,random_normmatched,0.047619047619047616,0.9547619047619048,-0.0014027615591251528,0.01330457773864267,0.012473734216698791,0.08333333333333333,924,85.0
1,2,1,random,0.057539682539682536,0.9428571428571428,-0.0016891258323827396,0.008681784086364198,-0.0009470900679219426,0.08333333333333333,924,86.0
1,2,1,random_normmatched,0.05555555555555555,0.9476190476190476,-0.017704402984162114,-0.0018090713674562082,-0.00039691275988319036,0.08333333333333333,924,86.0
1,2,1,random,0.051587301587301584,0.95,-0.0007863715912229363,-0.0012295788114926461,-7.508776497205512e-05,0.08333333333333333,924,87.0
1,2,1,random_normmatched,0.06349206349206349,0.9523809523809523,-0.01844602509099317,-0.0032355287681832107,0.006646548512824311,0.08333333333333333,924,87.0
1,2,1,random,0.05357142857142857,0.9476190476190476,0.0014746312301509024,0.01461119075760282,2.7101250875191146e-05,0.08333333333333333,924,88.0
1,2,1,random_normmatched,0.061507936507936505,0.9523809523809523,0.04042669180939576,0.046098573130642244,0.0017494994081857034,0.08333333333333333,924,88.0
1,2,1,random,0.047619047619047616,0.9476190476190476,-0.00033994629599884424,-0.00693616192258831,-0.0014915684646124852,0.08333333333333333,924,89.0
1,2,1,random_normmatched,0.051587301587301584,0.9595238095238096,0.00503215007235006,-0.006946655800619403,-0.011560993936964425,0.08333333333333333,924,89.0
1,2,1,random,0.0496031746031746,0.9523809523809523,0.0005376030039359015,-0.0015913448397500598,-0.002631271493921698,0.08333333333333333,924,90.0
1,2,1,random_normmatched,0.03968253968253968,0.9595238095238096,-0.001644397900185714,0.00499401997358266,-0.019737756921725077,0.08333333333333333,924,90.0
1,2,1,random,0.051587301587301584,0.9523809523809523,0.0012341782839099878,0.014980126017665732,-8.742584803466044e-06,0.08333333333333333,924,91.0
1,2,1,random_normmatched,0.06746031746031746,0.9547619047619048,0.04912035944740685,0.058872671577853246,0.020063942688832073,0.125,924,91.0
1,2,1,random,0.05952380952380952,0.9428571428571428,0.0005783471753471926,0.012504720222587308,0.0002041593933802227,0.08333333333333333,924,92.0
1,2,1,random_normmatched,0.06349206349206349,0.9428571428571428,0.01170463131272509,0.0009673928122900112,0.014723677623173791,0.08333333333333333,924,92.0
1,2,1,random,0.051587301587301584,0.9476190476190476,0.0007297510953285184,-0.009314180521892562,0.0015339314626176403,0.08333333333333333,924,93.0
1,2,1,random_normmatched,0.05952380952380952,0.9619047619047619,0.013557962281222788,0.008910368801812871,0.05080549094608218,0.08333333333333333,924,93.0
1,2,1,random,0.051587301587301584,0.95,0.0010904079633371451,-0.0040322578061362715,5.8592693110986795e-06,0.08333333333333333,924,94.0
1,2,1,random_normmatched,0.0496031746031746,0.9595238095238096,0.027792820342251633,0.012585193189597894,0.017333606139565243,0.08333333333333333,924,94.0
1,2,1,random,0.05555555555555555,0.9428571428571428,-0.0009592933622094429,-0.009628033206189116,-0.001066621054888053,0.08333333333333333,924,95.0
1,2,1,random_normmatched,0.047619047619047616,0.9523809523809523,0.0008071114965072699,0.009090393070744808,-0.004889038667673732,0.08333333333333333,924,95.0
1,2,1,random,0.051587301587301584,0.9452380952380952,-0.0008515527258927999,0.006527943686567505,-0.0007861515015336236,0.08333333333333333,924,96.0
1,2,1,random_normmatched,0.03968253968253968,0.9595238095238096,0.005233929640122207,-0.003784962883503099,-0.004745572332886076,0.08333333333333333,924,96.0
1,2,1,random,0.05555555555555555,0.9428571428571428,0.001084384523610419,-0.007903981325012011,0.00015812556422011698,0.08333333333333333,924,97.0
1,2,1,random_normmatched,0.051587301587301584,0.9571428571428572,0.023382529583690657,0.009386249888640563,0.005009825068790671,0.09722222222222222,924,97.0
1,2,1,random,0.0496031746031746,0.9523809523809523,7.030133735883386e-05,-0.01006185385846311,-0.0005767793267815618,0.08333333333333333,924,98.0
1,2,1,random_normmatched,0.05357142857142857,0.9571428571428572,0.006192725065039085,0.0030453957852393737,-0.014248423592044366,0.08333333333333333,924,98.0
1,2,1,random,0.05357142857142857,0.9476190476190476,-0.0004184127907763959,-0.00813961608251995,0.00032814225197535314,0.08333333333333333,924,99.0
1,2,1,random_normmatched,0.051587301587301584,0.9547619047619048,-0.0026264542518882393,0.0009100799545488545,0.02500493212554494,0.08333333333333333,924,99.0
1,2,1,shuffled_labels,0.2857142857142857,0.9166666666666666,0.3186382193088848,0.3433601853688949,0.2776847042739484,0.2777777777777778,924,
1,2,2,random,0.0,1.0,0.00022600612526213105,-0.0015800357370316486,-0.0004686069839920636,0.0,924,0.0
1,2,2,random_normmatched,0.0,1.0,0.006088949148720536,0.01248641704335554,0.02275170243048117,0.0,924,0.0
1,2,2,random,0.0,1.0,0.00018214864099733483,-0.0013920246519096957,-0.0005775239313106334,0.0,924,1.0
1,2,2,random_normmatched,0.0,1.0,0.004655734754369579,0.0058344303031612095,0.002879545820965429,0.0,924,1.0
1,2,2,random,0.0,1.0,0.00011179987345649518,-0.0001548281341800575,-0.001044583465614953,0.0,924,2.0
1,2,2,random_normmatched,0.0,1.0,0.009456371987959972,0.014051061202697872,0.000983253663880273,0.0,924,2.0
1,2,2,random,0.0,1.0,-5.741757487074996e-05,-0.0008317519759335192,-0.0005630820543646622,0.0,924,3.0
1,2,2,random_normmatched,0.0,1.0,-0.005170947456558288,0.0014976239737398628,0.003962271175685766,0.0,924,3.0
1,2,2,random,0.0,1.0,0.0007305296089526235,3.035836230125266e-05,0.0017794954985719596,0.0,924,4.0
1,2,2,random_normmatched,0.0,1.0,0.0356142734567525,0.025803803644410366,0.030756634724853696,0.0,924,4.0
1,2,2,random,0.0,1.0,-0.0006512163920481624,-0.0014431862914330907,-3.438560566896168e-05,0.0,924,5.0
1,2,2,random_normmatched,0.0,1.0,-0.0071038448705841445,-0.004564437605071622,0.0030432750305611003,0.0,924,5.0
1,2,2,random,0.0,1.0,0.0019814461233055368,0.0024567433700165434,-0.00039176797143855623,0.0,924,6.0
1,2,2,random_normmatched,0.0,1.0,0.053412051747860755,0.04359360330691009,0.0008400732178269996,0.0,924,6.0
1,2,2,random,0.0,1.0,0.0003627804763837911,-0.0006207312705846316,0.00041832067338469937,0.0,924,7.0
1,2,2,random_normmatched,0.0,1.0,0.012736424889765565,0.009095702540886208,0.016673738303948853,0.0,924,7.0
1,2,2,random,0.0,1.0,6.304412538282839e-05,-0.00010078930625777294,0.0002047968663362724,0.0,924,8.0
1,2,2,random_normmatched,0.0,1.0,0.015790464595093742,0.017741061359503277,0.018121472038052422,0.0,924,8.0
1,2,2,random,0.0,1.0,0.0008047375023951416,0.001326456748655679,-0.0007128753252809659,0.0,924,9.0
1,2,2,random_normmatched,0.0,1.0,0.04851503951576082,0.053225630457251996,0.01798863288525391,0.0,924,9.0
1,2,2,random,0.0,1.0,0.00041347201193332717,0.0013207612882922709,0.0006799889687503259,0.0,924,10.0
1,2,2,random_normmatched,0.0,1.0,0.006812518499115914,0.006002941596016825,0.008621264048718342,0.0,924,10.0
1,2,2,random,0.0,1.0,0.0006685121033225982,0.0007499197409970502,-0.0007043107872949025,0.0,924,11.0
1,2,2,random_normmatched,0.0,1.0,0.04724198710285435,0.051560554364281905,-4.429421786887097e-05,0.0,924,11.0
1,2,2,random,0.0,1.0,3.1796116076324346e-05,-8.915617077301369e-05,-0.0006566547811153252,0.0,924,12.0
1,2,2,random_normmatched,0.0,1.0,0.009922614433694216,0.010642462150454435,3.5261830322596906e-06,0.0,924,12.0
1,2,2,random,0.0,1.0,0.0006801671281039094,0.0006118677329658616,-0.0003805631054585388,0.0,924,13.0
1,2,2,random_normmatched,0.0,1.0,0.022492712942381553,0.03316949093421375,0.012305171989850205,0.0,924,13.0
1,2,2,random,0.0,1.0,0.0006610849625775796,0.001064421935068311,-0.0012054594101599987,0.0,924,14.0
1,2,2,random_normmatched,0.0,1.0,0.02436964457367987,0.026844200096089642,-0.0017768381383012808,0.0,924,14.0
1,2,2,random,0.0,1.0,0.00023888464638864272,0.001408686493106199,0.0016448566239739078,0.0,924,15.0
1,2,2,random_normmatched,0.0,1.0,0.01602088395590983,0.018502830155117226,0.042871484966657866,0.0,924,15.0
1,2,2,random,0.0,1.0,0.0006546970360798332,0.0026416622834843756,-0.00022064669793350845,0.0,924,16.0
1,2,2,random_normmatched,0.0,1.0,0.025861415552560905,0.025992202617026613,0.006524344186523365,0.0,924,16.0
1,2,2,random,0.0,1.0,0.00016634032016412764,-0.0015697114746674788,0.0001988120876504766,0.0,924,17.0
1,2,2,random_normmatched,0.0,1.0,0.01898210410665816,0.019814615130053725,0.009130602362021237,0.0,924,17.0
1,2,2,random,0.0,1.0,-0.0011154660932198616,-0.002605302491551828,0.0004665925527562848,0.0,924,18.0
1,2,2,random_normmatched,0.0,1.0,-0.03494992764581216,-0.0223628153102512,0.007011706913732568,0.0,924,18.0
1,2,2,random,0.0,1.0,-0.00022767364659303857,-0.00010926287590401639,-0.00038738286573289095,0.0,924,19.0
1,2,2,random_normmatched,0.0,1.0,0.0007598221896733863,0.008298531352998822,0.012994282338364326,0.0,924,19.0
1,2,2,random,0.0,1.0,-6.92558720706985e-06,-0.001647448376327637,0.0015798072217651422,0.0,924,20.0
1,2,2,random_normmatched,0.0,1.0,0.00839706586351353,0.0020604309039899053,0.02189575300979702,0.0,924,20.0
1,2,2,random,0.0,1.0,4.0310620369914726e-05,3.800976016199712e-05,-3.3841814028583625e-05,0.0,924,21.0
1,2,2,random_normmatched,0.0,1.0,0.017384684695331235,0.016647882572764245,0.0010690517693628804,0.0,924,21.0
1,2,2,random,0.0,1.0,0.00025916301454965334,-0.0004201803222568783,0.0007346233059697682,0.0,924,22.0
1,2,2,random_normmatched,0.0,1.0,0.0009874105563309667,0.001098959721500903,0.017903752044188412,0.0,924,22.0
1,2,2,random,0.0,1.0,0.0003102605431902917,-0.0005761078687094333,0.0003515961523065218,0.0,924,23.0
1,2,2,random_normmatched,0.0,1.0,0.0019953123265867108,0.005711712993214914,0.030156873223724328,0.0,924,23.0
1,2,2,random,0.0,1.0,-6.990041187834015e-05,-5.465648036408442e-05,-4.01176751280696e-05,0.0,924,24.0
1,2,2,random_normmatched,0.0,1.0,0.0036671448721604123,0.006587722103448001,0.015410215473321639,0.0,924,24.0
1,2,2,random,0.0,1.0,-0.00027072375032468477,-0.0014576316365693556,3.447222911576552e-05,0.0,924,25.0
1,2,2,random_normmatched,0.0,1.0,-0.005724063648481372,0.0069534292209505535,0.01892193241111092,0.0,924,25.0
1,2,2,random,0.0,1.0,-4.603346871600099e-06,-0.0011927914476420115,-0.0004314336111981895,0.0,924,26.0
1,2,2,random_normmatched,0.0,1.0,0.0030529687521668306,0.005821629368448428,0.008667630116466738,0.0,924,26.0
1,2,2,random,0.0,1.0,0.0008559607823833346,-0.00043439253066044947,-0.00045858473113155336,0.0,924,27.0
1,2,2,random_normmatched,0.0,1.0,0.019668705968904736,0.015827763735730332,0.0027559145778565724,0.0,924,27.0
1,2,2,random,0.0,1.0,0.00018924251119095323,-0.0009633146976729941,-0.0002833721792414683,0.0,924,28.0
1,2,2,random_normmatched,0.0,1.0,0.03400262699682184,0.017125443474140203,0.03909762057685191,0.0,924,28.0
1,2,2,random,0.0,1.0,0.00042744140346103544,-0.000691651509658331,0.0005984391679109435,0.0,924,29.0
1,2,2,random_normmatched,0.0,1.0,0.021785231354782168,0.016720343534435505,0.022208565260174826,0.0,924,29.0
1,2,2,random,0.0,1.0,-0.00031727649676882114,-0.0001424194157029693,-0.0004704280745825069,0.0,924,30.0
1,2,2,random_normmatched,0.0,1.0,-0.0161300921175725,-0.006660853581502895,-0.002283091635890464,0.0,924,30.0
1,2,2,random,0.0,1.0,-0.00023884446501383318,-0.0014093061823026664,-0.0009159824765239265,0.0,924,31.0
1,2,2,random_normmatched,0.0,1.0,0.016625712730113734,0.018222671812030956,-0.008709876740946178,0.0,924,31.0
1,2,2,random,0.0,1.0,8.118622114939661e-05,-0.000325510541036359,-0.0002355487000974739,0.0,924,32.0
1,2,2,random_normmatched,0.0,1.0,-0.004565334382305641,-0.004949970628205164,0.008547764925701772,0.0,924,32.0
1,2,2,random,0.0,1.0,0.00017607403350853923,9.310484458006208e-05,0.0003412970646191047,0.0,924,33.0
1,2,2,random_normmatched,0.0,1.0,0.007981305667116296,0.008773278707009077,0.012768803974826139,0.0,924,33.0
1,2,2,random,0.0,1.0,0.0004112546158016518,0.0004890964882799449,0.0005260600370089168,0.0,924,34.0
1,2,2,random_normmatched,0.0,1.0,0.023913053050241426,0.018421893227476588,0.01698823922448356,0.0,924,34.0
1,2,2,random,0.0,1.0,-0.00023624567325169026,-0.001590223359612241,-0.00039696364716526947,0.0,924,35.0
1,2,2,random_normmatched,0.0,1.0,0.013228063339834208,0.01547976090786339,-0.00037027081987864514,0.0,924,35.0
1,2,2,random,0.0,1.0,-0.0003550547432990496,-0.0007263154018397367,-0.0003001167537682789,0.0,924,36.0
1,2,2,random_normmatched,0.0,1.0,0.03641180132947826,0.0349947621201646,0.03130640107897518,0.0,924,36.0
1,2,2,random,0.0,1.0,-0.0009613161214626147,-0.002376021306895999,-0.00010182434553980369,0.0,924,37.0
1,2,2,random_normmatched,0.0,1.0,-0.010764112641251341,0.0037813318233319466,0.011681595209800014,0.0,924,37.0
1,2,2,random,0.0,1.0,-0.00019593680853414856,-0.0012793203495600903,0.0003879918965161924,0.0,924,38.0
1,2,2,random_normmatched,0.0,1.0,0.01656236779168436,0.019468206337115906,0.024503474311251588,0.0,924,38.0
1,2,2,random,0.0,1.0,0.0022570402924066285,0.003837166020446656,0.000601099638199718,0.0,924,39.0
1,2,2,random_normmatched,0.0,1.0,0.06221793282494251,0.05754182948841373,0.027373772511600322,0.0,924,39.0
1,2,2,random,0.0,1.0,0.0003513644552969592,8.880523667762326e-05,-0.00023944839910253982,0.0,924,40.0
1,2,2,random_normmatched,0.0,1.0,0.009105091918353712,0.021516781825758877,0.01961619552540008,0.0,924,40.0
1,2,2,random,0.0,1.0,0.0006320841135252324,0.0012335343001117598,-0.0005641999970382323,0.0,924,41.0
1,2,2,random_normmatched,0.0,1.0,0.013017959279930796,0.014666225831416404,0.01059691262967797,0.0,924,41.0
1,2,2,random,0.0,1.0,-0.00043942231936484454,-0.0012718658150708457,-0.0009712803212127526,0.0,924,42.0
1,2,2,random_normmatched,0.0,1.0,-0.004740338706355426,-0.001881754351438694,0.0030360599934973675,0.0,924,42.0
1,2,2,random,0.0,1.0,-0.00011765877752768505,-0.00037814254002560245,-0.0011245637415909688,0.0,924,43.0
1,2,2,random_normmatched,0.0,1.0,-0.0049561121716488925,-0.007423052570572905,0.0114724820816676,0.0,924,43.0
1,2,2,random,0.0,1.0,-0.0005179338972082352,-0.0017843680592101688,-0.0005463298545313227,0.0,924,44.0
1,2,2,random_normmatched,0.0,1.0,0.01903984628636032,0.02776866607902353,0.01200568099800824,0.0,924,44.0
1,2,2,random,0.0,1.0,7.045000331794916e-06,0.0005053861322014639,-0.0011831478296771177,0.0,924,45.0
1,2,2,random_normmatched,0.0,1.0,0.013079983621835914,0.01095451900183389,0.014677424520564478,0.0,924,45.0
1,2,2,random,0.0,1.0,0.0005068202324417478,-0.0008192207231470814,-0.0003566873717548285,0.0,924,46.0
1,2,2,random_normmatched,0.0,1.0,0.02292933003055915,0.03142050412124107,0.008529666213199154,0.0,924,46.0
1,2,2,random,0.0,1.0,0.0001543101804989493,-0.0004974700536888998,0.0005811425812392833,0.0,924,47.0
1,2,2,random_normmatched,0.0,1.0,0.013973084934583664,0.018937224248714805,0.012125769284490082,0.0,924,47.0
1,2,2,random,0.0,1.0,0.00014554760067549423,0.000923832616898114,0.0004422649439274313,0.0,924,48.0
1,2,2,random_normmatched,0.0,1.0,-0.007543245959398194,-0.0008833418465366481,0.021302537440553226,0.0,924,48.0
1,2,2,random,0.0,1.0,0.00031474580104253987,0.0014928675777875937,0.002416023805311934,0.0,924,49.0
1,2,2,random_normmatched,0.0,1.0,0.026212904741652228,0.02466827650264259,0.045108778125573165,0.0,924,49.0
1,2,2,random,0.0,1.0,0.00014873915937238232,0.00032247994007203186,-0.0006691528006876233,0.0,924,50.0
1,2,2,random_normmatched,0.0,1.0,0.03458464070567482,0.030382614613164813,0.0037912151296258774,0.0,924,50.0
1,2,2,random,0.0,1.0,0.0003302615764604757,1.1970155588893878e-05,-3.1619742524417904e-05,0.0,924,51.0
1,2,2,random_normmatched,0.0,1.0,0.01128460236612358,0.009350449910005866,0.013374520632470818,0.0,924,51.0
1,2,2,random,0.0,1.0,0.00019890451974641183,0.0016623759662183402,0.0006929298425963593,0.0,924,52.0
1,2,2,random_normmatched,0.0,1.0,0.015410529754217153,0.01543231577412341,0.0357526567966457,0.0,924,52.0
1,2,2,random,0.0,1.0,-6.682243166525823e-05,-0.001848180672357624,-0.000388379894499453,0.0,924,53.0
1,2,2,random_normmatched,0.0,1.0,0.00021912517597783037,0.0029946257896103106,0.00949752327190307,0.0,924,53.0
1,2,2,random,0.0,1.0,0.001761368074656895,0.0026572098830094522,-0.00021081153160385353,0.0,924,54.0
1,2,2,random_normmatched,0.0,1.0,0.04521360413585265,0.041605460108219174,0.003498973308021968,0.0,924,54.0
1,2,2,random,0.0,1.0,0.00019243502498913822,0.0005574535529821155,0.0006594700675853743,0.0,924,55.0
1,2,2,random_normmatched,0.0,1.0,0.023183141776596004,0.02883200513771009,0.024698765125925105,0.0,924,55.0
1,2,2,random,0.0,1.0,0.0002612415411012496,7.145340737027484e-05,-0.0001588000877465054,0.0,924,56.0
1,2,2,random_normmatched,0.0,1.0,0.019687761337267642,0.02063222276718539,0.024223009636928562,0.0,924,56.0
1,2,2,random,0.0,1.0,0.00037168502573403867,0.0008437001854127061,0.00026648939012175854,0.0,924,57.0
1,2,2,random_normmatched,0.0,1.0,0.02743220030547627,0.025968729303557328,0.023529366082661644,0.0,924,57.0
1,2,2,random,0.0,1.0,-3.207896538050079e-06,0.0004103337013688452,-0.0008450672541657995,0.0,924,58.0
1,2,2,random_normmatched,0.0,1.0,0.003216391424250772,-0.0018518710698850235,0.0019418320439906515,0.0,924,58.0
1,2,2,random,0.0,1.0,0.0010472111828963597,0.0004083707114671136,-0.0008266753794708981,0.0,924,59.0
1,2,2,random_normmatched,0.0,1.0,0.004050761906081965,0.007320474032608812,-0.001283222274870021,0.0,924,59.0
1,2,2,random,0.0,1.0,0.0005185920213904592,-0.0002640035615506609,0.00039390337123290306,0.0,924,60.0
1,2,2,random_normmatched,0.0,1.0,0.00519253290872667,0.015281828710860718,0.00980151366851015,0.0,924,60.0
1,2,2,random,0.0,1.0,0.00122439567929279,0.001419849908251399,-0.0013049104054104485,0.0,924,61.0
1,2,2,random_normmatched,0.0,1.0,0.03320832180368391,0.02943933247109492,0.006239281641150992,0.0,924,61.0
1,2,2,random,0.0,1.0,-0.00022908165576254278,0.000656973174923638,-0.0015340603306032699,0.0,924,62.0
1,2,2,random_normmatched,0.0,1.0,0.002154491092535831,0.01712426958162346,-0.0006291611928523948,0.0,924,62.0
1,2,2,random,0.0,1.0,0.0003073880566858909,0.00033788610938714195,0.0005364252370468817,0.0,924,63.0
1,2,2,random_normmatched,0.0,1.0,0.00499935023721325,-0.0005197870999373776,0.018059899091612985,0.0,924,63.0
1,2,2,random,0.0,1.0,-0.00010244694040607714,-0.0007250996367422888,0.0005248725926003616,0.0,924,64.0
1,2,2,random_normmatched,0.0,1.0,-0.008241646008338722,-0.011660948128825462,0.010348591390749999,0.0,924,64.0
1,2,2,random,0.0,1.0,-0.0004823003171400165,-0.001039044146142125,0.0004104866678612154,0.0,924,65.0
1,2,2,random_normmatched,0.0,1.0,-0.000294954063820453,0.004350923079837474,0.015317029472766648,0.0,924,65.0
1,2,2,random,0.0,1.0,0.0001546623671920093,-0.0014235018811253862,-9.186265720792314e-05,0.0,924,66.0
1,2,2,random_normmatched,0.0,1.0,-0.008667017570866263,-0.008675572634413195,0.015004603905595139,0.0,924,66.0
1,2,2,random,0.0,1.0,0.00026215315487608136,-0.00029205684118611486,0.0007928173817395041,0.0,924,67.0
1,2,2,random_normmatched,0.0,1.0,0.007515088355431028,0.012592074361233302,0.015021028864461702,0.0,924,67.0
1,2,2,random,0.0,1.0,-3.158101519070035e-05,-0.0011367690474724257,0.0005035583687039479,0.0,924,68.0
1,2,2,random_normmatched,0.0,1.0,-0.003653481092200584,0.0080257603772511,0.013914217636604963,0.0,924,68.0
1,2,2,random,0.0,1.0,0.0003012270331113132,-0.00016056146506208174,-0.00011695687259720441,0.0,924,69.0
1,2,2,random_normmatched,0.0,1.0,0.008934207482972887,0.003888761229121176,0.006203471568376952,0.0,924,69.0
1,2,2,random,0.0,1.0,-0.00020394592318783106,-0.0007561850091154672,-0.0005093162568833487,0.0,924,70.0
1,2,2,random_normmatched,0.0,1.0,0.003269363474657032,0.000925682698679363,0.003910963227024437,0.0,924,70.0
1,2,2,random,0.0,1.0,-0.00015282867985858984,8.639050608598607e-05,0.00044536037738490155,0.0,924,71.0
1,2,2,random_normmatched,0.0,1.0,0.026718302761477235,0.029232946474139022,0.0048710657503115585,0.0,924,71.0
1,2,2,random,0.0,1.0,-0.00011681805119391107,-0.0015368685392734259,0.0005962370011550228,0.0,924,72.0
1,2,2,random_normmatched,0.0,1.0,-0.0018110232230654842,-0.001825403089231983,0.017974418527483563,0.0,924,72.0
1,2,2,random,0.0,1.0,0.0005577611075962619,0.0008687293476934354,-0.00021985027643212746,0.0,924,73.0
1,2,2,random_normmatched,0.0,1.0,0.02124796719390904,0.016948271660266304,0.007399462904111626,0.0,924,73.0
1,2,2,random,0.0,1.0,0.00013121962696136015,-0.0007801454095098554,-0.00034143203535683624,0.0,924,74.0
1,2,2,random_normmatched,0.0,1.0,0.01998701972950792,0.02300127721711785,0.0187881514801449,0.0,924,74.0
1,2,2,random,0.0,1.0,0.0015386739036494872,0.0014863799200743927,0.000521164130386864,0.0,924,75.0
1,2,2,random_normmatched,0.0,1.0,0.022884233481577088,0.022145953183459063,0.03184129734084179,0.0,924,75.0
1,2,2,random,0.0,1.0,0.0008965705880286513,0.00045317915257173693,-0.0011094491405927965,0.0,924,76.0
1,2,2,random_normmatched,0.0,1.0,0.036440260608008215,0.03584990995712419,-0.011624367484440042,0.0,924,76.0
1,2,2,random,0.0,1.0,-0.00018532003895762981,-0.0023753350482434103,-0.00019909713410087095,0.0,924,77.0
1,2,2,random_normmatched,0.0,1.0,-0.014473312363215097,-0.0067156930467200835,0.006154995789774775,0.0,924,77.0
1,2,2,random,0.0,1.0,-0.00020349336170816219,-0.0003718305072729353,-0.0002515670966815473,0.0,924,78.0
1,2,2,random_normmatched,0.0,1.0,0.009557297342309961,0.012444804390096917,0.0006937600803666421,0.0,924,78.0
1,2,2,random,0.0,1.0,-0.0003419798456716235,-0.0016094589011716397,0.00019592633666551458,0.0,924,79.0
1,2,2,random_normmatched,0.0,1.0,-0.0008160512351613948,0.0005719942739056176,0.012764758539520402,0.0,924,79.0
1,2,2,random,0.0,1.0,0.00014656796017954507,-0.0015093401480234072,0.00034062125535289523,0.0,924,80.0
1,2,2,random_normmatched,0.0,1.0,0.026444625157601293,0.012725777777108828,0.020054599461526663,0.0,924,80.0
1,2,2,random,0.0,1.0,-3.624765824618966e-05,-0.0005562681208382613,9.01932772200911e-05,0.0,924,81.0
1,2,2,random_normmatched,0.0,1.0,-0.002321857434058266,0.005088734658464527,0.013371461855002311,0.0,924,81.0
1,2,2,random,0.0,1.0,0.0010717640750078816,0.0005631233867091042,-0.000247921810605592,0.0,924,82.0
1,2,2,random_normmatched,0.0,1.0,0.0419899225413123,0.038485173075977944,-0.004409970934433256,0.0,924,82.0
1,2,2,random,0.0,1.0,-0.0002795396810127722,-0.0011589793217159164,0.00029636678543354367,0.0,924,83.0
1,2,2,random_normmatched,0.0,1.0,-0.0009304986134377892,4.926135873469777e-05,0.01941060251536807,0.0,924,83.0
1,2,2,random,0.0,1.0,0.0004095005969579703,0.0009181742239470395,-0.0005156683505707432,0.0,924,84.0
1,2,2,random_normmatched,0.0,1.0,0.01538174657173999,0.016831818101517466,-0.006494290923466484,0.0,924,84.0
1,2,2,random,0.0,1.0,0.0001117725501311175,-0.0010351725110064036,-0.0001917829397248736,0.0,924,85.0
1,2,2,random_normmatched,0.0,1.0,0.016240353123195377,0.015080580492700458,0.012583821221558038,0.0,924,85.0
1,2,2,random,0.0,1.0,0.00021311715226851236,-0.00011710803955102728,-0.00018064588061640762,0.0,924,86.0
1,2,2,random_normmatched,0.0,1.0,0.032094638062385356,0.02532606742416578,0.022294212460345304,0.0,924,86.0
1,2,2,random,0.0,1.0,0.0006822128807452152,0.0006162683989799143,0.0010281044291067477,0.0,924,87.0
1,2,2,random_normmatched,0.0,1.0,0.03669436911287723,0.0334934301160361,0.011767910087005763,0.0,924,87.0
1,2,2,random,0.0,1.0,0.0005952610994186949,-4.0448115555839504e-05,-0.00035657723694652453,0.0,924,88.0
1,2,2,random_normmatched,0.0,1.0,0.01821187022206138,0.01472852696055651,0.02001532189050731,0.0,924,88.0
1,2,2,random,0.0,1.0,0.00024305566813841736,-0.000762049841743597,-0.0004800038918379957,0.0,924,89.0
1,2,2,random_normmatched,0.0,1.0,0.04091770135943561,0.02826616119912692,0.0071583031257160725,0.0,924,89.0
1,2,2,random,0.0,1.0,0.001538626718379537,0.0025384359192268256,0.0019315108540415848,0.0,924,90.0
1,2,2,random_normmatched,0.0,1.0,0.0480722095441478,0.04349336576089078,0.023739728958378767,0.0,924,90.0
1,2,2,random,0.0,1.0,-5.745167752430515e-05,-0.00045534654937597665,0.00029395913182816904,0.0,924,91.0
1,2,2,random_normmatched,0.0,1.0,0.0074063639169790986,0.007633991436678007,0.010833447121351442,0.0,924,91.0
1,2,2,random,0.0,1.0,0.0010450514406347739,0.0012338541220398727,0.0015533773705445324,0.0,924,92.0
1,2,2,random_normmatched,0.0,1.0,0.04221701925449327,0.03925255391784726,0.03980785676532121,0.0,924,92.0
1,2,2,random,0.0,1.0,5.684077559302369e-05,-0.0004037246677603656,0.00015836764135336215,0.0,924,93.0
1,2,2,random_normmatched,0.0,1.0,0.01750227377305595,0.017074842761481558,0.04443859994227303,0.0,924,93.0
1,2,2,random,0.0,1.0,9.97410033979008e-06,-0.0010080025713997917,-0.0004547114260935694,0.0,924,94.0
1,2,2,random_normmatched,0.0,1.0,-0.002563621514096338,0.0043361114769230906,-0.0064559622244469445,0.0,924,94.0
1,2,2,random,0.0,1.0,0.0001600203944879262,-0.00018286800126428348,-0.0002720439847027831,0.0,924,95.0
1,2,2,random_normmatched,0.0,1.0,0.0026131018950793323,0.004386289494784096,0.0043688252004507235,0.0,924,95.0
1,2,2,random,0.0,1.0,0.0010323552316984874,0.0005372613820238864,0.0012099898891733663,0.0,924,96.0
1,2,2,random_normmatched,0.0,1.0,0.0057352869468952905,0.018185202588526395,0.03211401426475467,0.0,924,96.0
1,2,2,random,0.0,1.0,7.25657250896758e-05,0.0004372951959408175,-0.0006470494489565682,0.0,924,97.0
1,2,2,random_normmatched,0.0,1.0,0.014671244112746347,0.026859907608183776,-0.022040653327699285,0.0,924,97.0
1,2,2,random,0.0,1.0,0.00013761702986974015,-7.766273958357703e-05,-0.0011565600784756416,0.0,924,98.0
1,2,2,random_normmatched,0.0,1.0,-0.013749198583995526,-0.0029586884848787757,-0.007947463125327653,0.0,924,98.0
1,2,2,random,0.0,1.0,-0.0014016139539791035,-0.0019393533409365667,-0.00021257567185824645,0.0,924,99.0
1,2,2,random_normmatched,0.0,1.0,-0.014910706038261959,-0.009766646841717077,0.004920623736582105,0.0,924,99.0
1,2,2,shuffled_labels,0.5238095238095238,1.0,0.5332200201059285,0.5569624411253414,0.48569226520546616,0.4583333333333333,924,
1,2,3,random,0.0,1.0,0.00430530568324956,0.00512105251181536,0.005013646663748203,0.0,924,0.0
1,2,3,random_normmatched,0.0,1.0,0.04839566762581353,0.04385416433651371,0.06493947277177772,0.0,924,0.0
1,2,3,random,0.0,1.0,0.000818065239128132,0.0020369117029738508,0.0012355699039727356,0.0,924,1.0
1,2,3,random_normmatched,0.0,1.0,0.0257668901541774,0.01982665445767724,0.020005847727250052,0.0,924,1.0
1,2,3,random,0.0,1.0,0.0001626252529331155,0.001177274311604269,-0.00013974044790024214,0.0,924,2.0
1,2,3,random_normmatched,0.0,1.0,-0.0036093619231241567,-0.0016806909454920313,-0.003962326031129813,0.0,924,2.0
1,2,3,random,0.0,1.0,-0.0005847573188041267,-0.0003674436706747575,6.872678144200982e-05,0.0,924,3.0
1,2,3,random_normmatched,0.0,1.0,-0.0060101755186849825,-0.006440566649983191,0.0037608582262175184,0.0,924,3.0
1,2,3,random,0.0,1.0,-0.00018684138969325372,-0.00011473194443534218,0.0008000999502514733,0.0,924,4.0
1,2,3,random_normmatched,0.0,1.0,-0.004996027772957117,0.016548125906600458,0.018946839746717306,0.0,924,4.0
1,2,3,random,0.0,1.0,0.002069399768417725,0.003158138972485524,0.0007408194753716216,0.0,924,5.0
1,2,3,random_normmatched,0.0,1.0,0.03512539743116061,0.031940208739599275,0.00768955653063593,0.0,924,5.0
1,2,3,random,0.0,1.0,0.0034077402901691208,0.004795279450487418,-0.0004609677775346447,0.0,924,6.0
1,2,3,random_normmatched,0.0,1.0,0.06277612169553606,0.05072119724803143,-0.008072926644753271,0.0,924,6.0
1,2,3,random,0.0,1.0,0.00038490469221152805,0.0007843803764916096,0.0010435500058191128,0.0,924,7.0
1,2,3,random_normmatched,0.0,1.0,0.024240173576689943,0.025136125853006876,0.01994610758807801,0.0,924,7.0
1,2,3,random,0.0,1.0,0.0003053534851127764,0.0015263520096966596,0.00022512920153089076,0.0,924,8.0
1,2,3,random_normmatched,0.0,1.0,0.0031374893658859685,0.0004187090104553565,0.00813676427074978,0.0,924,8.0
1,2,3,random,0.0,1.0,-0.00018730652751939659,-0.0007965479330887501,-9.844152108945067e-05,0.0,924,9.0
1,2,3,random_normmatched,0.0,1.0,-0.002979756633681163,0.0073228645448581795,0.006775785439398067,0.0,924,9.0
1,2,3,random,0.0,1.0,0.00014027552866112882,0.0010741995563112586,0.00010233785674276146,0.0,924,10.0
1,2,3,random_normmatched,0.0,1.0,0.017131772495043555,0.013581551711334844,-0.001601812785924879,0.0,924,10.0
1,2,3,random,0.0,1.0,0.0004747939322242702,0.0008125050610178656,0.00020113282412994568,0.0,924,11.0
1,2,3,random_normmatched,0.0,1.0,0.02081244373332053,0.017688322039026056,0.01392781489478543,0.0,924,11.0
1,2,3,random,0.0,1.0,-0.0006869856987806372,-1.8699501396228656e-05,0.0001577714557825579,0.0,924,12.0
1,2,3,random_normmatched,0.0,1.0,0.0002682254926709822,0.0024655515928114304,0.01662373108825458,0.0,924,12.0
1,2,3,random,0.0,1.0,0.000717913498924936,0.0014602988830500713,-0.0007708353102538537,0.0,924,13.0
1,2,3,random_normmatched,0.0,1.0,0.02190410482993156,0.019773741667926423,-0.017567520008170953,0.0,924,13.0
1,2,3,random,0.0,1.0,0.0012632910339442332,0.0027468516259796585,0.0003772545477488038,0.0,924,14.0
1,2,3,random_normmatched,0.0,1.0,0.043612481582611023,0.03773110193943738,0.017303144923674678,0.0,924,14.0
1,2,3,random,0.0,1.0,0.00028422892922214354,0.0012394743754447588,-0.00032000227899344543,0.0,924,15.0
1,2,3,random_normmatched,0.0,1.0,0.017240105520813724,0.012907962854533233,-0.00332195352827363,0.0,924,15.0
1,2,3,random,0.0,1.0,0.0028048119584508265,0.0030638218477020535,0.0004213186050676412,0.0,924,16.0
1,2,3,random_normmatched,0.0,1.0,0.03505327821810303,0.03392988522245488,0.0010362100385926441,0.0,924,16.0
1,2,3,random,0.0,1.0,-3.1291692907503736e-05,-7.300074738665255e-05,0.001328252130848645,0.0,924,17.0
1,2,3,random_normmatched,0.0,1.0,0.0025611565430117655,0.0006793849090032843,0.024492655428632173,0.0,924,17.0
1,2,3,random,0.0,1.0,-0.000313531177764655,0.0011573607092721606,0.0006673657252967418,0.0,924,18.0
1,2,3,random_normmatched,0.0,1.0,0.03058520569027958,0.021008894191010413,-0.000717289691464499,0.0,924,18.0
1,2,3,random,0.0,1.0,-0.00011869856977857229,-8.888449396843268e-05,0.00023953483631946996,0.0,924,19.0
1,2,3,random_normmatched,0.0,1.0,-0.0316486817394795,-0.0059010590397052635,-0.005527752661595228,0.0,924,19.0
1,2,3,random,0.0,1.0,-0.0005317400326955034,-0.0002946312054250207,-0.0007189967459764269,0.0,924,20.0
1,2,3,random_normmatched,0.0,1.0,0.005197235117143716,0.003045048482123333,-0.009989915074002233,0.0,924,20.0
1,2,3,random,0.0,1.0,0.0003329109814817717,0.001672366261369871,-4.89675802577076e-05,0.0,924,21.0
1,2,3,random_normmatched,0.0,1.0,0.017455547070621413,0.012620473180365955,0.0030477855429561613,0.0,924,21.0
1,2,3,random,0.0,1.0,0.0011838594890830475,0.0019913663418478313,0.0011236286752587623,0.0,924,22.0
1,2,3,random_normmatched,0.0,1.0,0.03997725014763443,0.03654160531330808,0.031167477025922034,0.0,924,22.0
1,2,3,random,0.0,1.0,0.0005903144365756582,0.0016343700435397861,-0.00012610925664504837,0.0,924,23.0
1,2,3,random_normmatched,0.0,1.0,0.04803261516659726,0.03188664501395492,0.009417867515423575,0.0,924,23.0
1,2,3,random,0.0,1.0,-6.912346676749688e-05,-0.000139250161456501,0.0009164571661274102,0.0,924,24.0
1,2,3,random_normmatched,0.0,1.0,0.01345614199272485,0.011871062659773697,0.01221325077263182,0.0,924,24.0
1,2,3,random,0.0,1.0,0.0006424841611526444,-0.0001239674578173226,0.0003451315607463953,0.0,924,25.0
1,2,3,random_normmatched,0.0,1.0,0.002988020076102345,0.006105347787001554,0.008955223715230429,0.0,924,25.0
1,2,3,random,0.0,1.0,-0.00031839037522316254,0.0009116263709357285,0.00019172877614790566,0.0,924,26.0
1,2,3,random_normmatched,0.0,1.0,-0.0008132467839107899,0.00017346070078994515,-0.00684065035812252,0.0,924,26.0
1,2,3,random,0.0,1.0,5.970810826698696e-07,0.0007568396827445282,-0.0012759935373623825,0.0,924,27.0
1,2,3,random_normmatched,0.0,1.0,0.007198121060164556,0.010415181219205686,-0.02552645017760813,0.0,924,27.0
1,2,3,random,0.0,1.0,0.0002535192132838349,0.0009862419477340025,-2.9340936821839003e-06,0.0,924,28.0
1,2,3,random_normmatched,0.0,1.0,0.05070875667166154,0.029922520103681318,0.0036749417177004452,0.0,924,28.0
1,2,3,random,0.0,1.0,0.0002469963496016293,0.0016780713161613137,0.0001475199480019041,0.0,924,29.0
1,2,3,random_normmatched,0.0,1.0,0.0008868891831313999,0.013579739393273959,0.004920968688811087,0.0,924,29.0
1,2,3,random,0.0,1.0,-0.0014644130348377897,-0.0024852141567811197,0.001058535012031208,0.0,924,30.0
1,2,3,random_normmatched,0.0,1.0,-0.030795646764298315,-0.028733086653183124,0.01820397026221087,0.0,924,30.0
1,2,3,random,0.0,1.0,0.0004958764280998352,0.0014061841087830104,0.0004531314734524511,0.0,924,31.0
1,2,3,random_normmatched,0.0,1.0,0.02711937085282263,0.034473134185188464,0.001425422315285804,0.0,924,31.0
1,2,3,random,0.0,1.0,-6.224978692720147e-05,0.0008666695377295798,0.0001358744302349842,0.0,924,32.0
1,2,3,random_normmatched,0.0,1.0,0.010167276031122658,0.01672546635800969,0.010153973639424295,0.0,924,32.0
1,2,3,random,0.0,1.0,0.0007694412414077184,0.0016301710066939873,0.002111280966712542,0.0,924,33.0
1,2,3,random_normmatched,0.0,1.0,0.027915218921760677,0.025587784545050403,0.03211605411259839,0.0,924,33.0
1,2,3,random,0.0,1.0,-0.0009564911896387511,-0.0011939715658495695,-0.0034043305316341834,0.0,924,34.0
1,2,3,random_normmatched,0.0,1.0,0.0014976205951821445,0.0023036469240306557,-0.05039453699568776,0.0,924,34.0
1,2,3,random,0.0,1.0,0.001967930689651778,0.003187724494990647,4.239567189410995e-05,0.0,924,35.0
1,2,3,random_normmatched,0.0,1.0,0.032410796645081424,0.029121279190931864,0.005613166622356251,0.0,924,35.0
1,2,3,random,0.0,1.0,0.0007197233478862413,0.0005965087774573984,1.819873137245475e-05,0.0,924,36.0
1,2,3,random_normmatched,0.0,1.0,0.028267757324791448,0.03222690098054913,0.00546211835447963,0.0,924,36.0
1,2,3,random,0.0,1.0,0.0005230195758649476,0.0004897092944312282,0.00020217124827840094,0.0,924,37.0
1,2,3,random_normmatched,0.0,1.0,0.01393750543572381,0.012590402920619257,0.0279430205441367,0.0,924,37.0
1,2,3,random,0.0,1.0,0.00029774577798224316,0.0010730439874348787,0.0006343933135068828,0.0,924,38.0
1,2,3,random_normmatched,0.0,1.0,0.03208114370402011,0.015004576670447382,-0.0010859171716067603,0.0,924,38.0
1,2,3,random,0.0,1.0,8.954339656577428e-05,0.00031710537047171644,-0.00042095278508888826,0.0,924,39.0
1,2,3,random_normmatched,0.0,1.0,0.005171941204201128,0.00861621920954356,0.0040416246921429295,0.0,924,39.0
1,2,3,random,0.0,1.0,-4.691580527917851e-05,0.0007117322452524954,1.6128349400726266e-05,0.0,924,40.0
1,2,3,random_normmatched,0.0,1.0,0.015117418864374937,0.01535762196488792,-0.002147018922981885,0.0,924,40.0
1,2,3,random,0.0,1.0,-2.6013867058200662e-05,0.0003358376294791813,-0.0008866986720932875,0.0,924,41.0
1,2,3,random_normmatched,0.0,1.0,-0.006913888104596755,-0.000395209677792817,-0.018018676034207107,0.0,924,41.0
1,2,3,random,0.0,1.0,0.000516433283524089,0.0011465922650347425,-0.00029520268952768587,0.0,924,42.0
1,2,3,random_normmatched,0.0,1.0,0.007026276439094417,0.009137396020528194,0.0011455292057482417,0.0,924,42.0
1,2,3,random,0.0,1.0,0.000650994266869259,0.002930264197644885,0.001050957422989296,0.0,924,43.0
1,2,3,random_normmatched,0.0,1.0,0.03377550804762508,0.03511940264320487,0.00892336280102844,0.0,924,43.0
1,2,3,random,0.0,1.0,0.0005462464099662574,0.001581751070367809,-3.322282326400996e-05,0.0,924,44.0
1,2,3,random_normmatched,0.0,1.0,0.02413177925383827,0.02300391341619704,0.0029212790413435663,0.0,924,44.0
1,2,3,random,0.0,1.0,-0.00026939216050429814,0.00013048839643937056,0.00011109589788256723,0.0,924,45.0
1,2,3,random_normmatched,0.0,1.0,-0.007218025608654104,-0.0056185461681510715,0.0021054241623396763,0.0,924,45.0
1,2,3,random,0.0,1.0,-7.48610641066414e-05,0.00029322606424750695,0.0004415038496337867,0.0,924,46.0
1,2,3,random_normmatched,0.0,1.0,0.021828393956023262,0.025003611986010435,0.00013981364833294007,0.0,924,46.0
1,2,3,random,0.0,1.0,0.0004150216685478844,0.0008816415269249371,0.0011298667258932858,0.0,924,47.0
1,2,3,random_normmatched,0.0,1.0,0.02673180471385355,0.024064478765853107,0.019050334381710117,0.0,924,47.0
1,2,3,random,0.0,1.0,-0.0008722262382957224,-0.000760258759090379,-0.0007974967326330814,0.0,924,48.0
1,2,3,random_normmatched,0.0,1.0,-0.006362338128273023,-0.0032281573403567334,-0.011173215091447555,0.0,924,48.0
1,2,3,random,0.0,1.0,-0.0002922799480009059,0.0006996015800735482,0.0004253086609173872,0.0,924,49.0
1,2,3,random_normmatched,0.0,1.0,0.007945310464953219,0.009258667923874982,0.010996834296255576,0.0,924,49.0
1,2,3,random,0.0,1.0,3.227178354985959e-05,0.0006031815331461344,0.0005524246190539382,0.0,924,50.0
1,2,3,random_normmatched,0.0,1.0,0.01820638808540861,0.018577884029547288,0.003740349698919956,0.0,924,50.0
1,2,3,random,0.0,1.0,-0.0007626546238964638,-0.0003080141499153268,-0.00032334583388066575,0.0,924,51.0
1,2,3,random_normmatched,0.0,1.0,-0.01846126429530528,-0.003096434749055143,-0.009742778039956868,0.0,924,51.0
1,2,3,random,0.0,1.0,-4.1991180491078326e-05,0.001052524590676348,-2.223088026364552e-05,0.0,924,52.0
1,2,3,random_normmatched,0.0,1.0,0.015031157069381755,0.014609524584795686,-0.0015389131312688136,0.0,924,52.0
1,2,3,random,0.0,1.0,-3.70455138597846e-05,-0.0003730027334669652,0.0006120795879363693,0.0,924,53.0
1,2,3,random_normmatched,0.0,1.0,-0.0055952766554702455,-0.004607300756876908,0.011299425501457516,0.0,924,53.0
1,2,3,random,0.0,1.0,0.0006084079111783691,0.0005998051503521694,0.0015168692667584538,0.0,924,54.0
1,2,3,random_normmatched,0.0,1.0,0.01848908258633425,0.011983828320269101,0.02883855727733876,0.0,924,54.0
1,2,3,random,0.0,1.0,-0.0001187715528842036,7.98243469293498e-05,0.00015590180643879284,0.0,924,55.0
1,2,3,random_normmatched,0.0,1.0,0.009241154363459285,0.011425490919118831,-0.0023216499962848505,0.0,924,55.0
1,2,3,random,0.0,1.0,0.0005494903008037972,0.0017966248485860048,0.0004438339129808162,0.0,924,56.0
1,2,3,random_normmatched,0.0,1.0,0.016949276762827363,0.017002700469488662,0.010056941624512197,0.0,924,56.0
1,2,3,random,0.0,1.0,0.000569895432122433,0.001810000148622678,0.0005348452504837265,0.0,924,57.0
1,2,3,random_normmatched,0.0,1.0,0.021593748911633782,0.018978152048312304,0.010976789430434435,0.0,924,57.0
1,2,3,random,0.0,1.0,-5.7010999904259724e-05,-0.00023410717779468297,0.0001742854705650736,0.0,924,58.0
1,2,3,random_normmatched,0.0,1.0,-0.012068152168364885,-0.00015805307957212153,-0.005068558007831431,0.0,924,58.0
1,2,3,random,0.0,1.0,-0.0002433460509314057,-0.0007696517297185909,0.0006381495445142324,0.0,924,59.0
1,2,3,random_normmatched,0.0,1.0,-0.04180835911270232,-0.00062278003599038,0.00187521066211909,0.0,924,59.0
1,2,3,random,0.0,1.0,-0.0006401455973150936,-7.199763989522842e-05,0.0005761554137383308,0.0,924,60.0
1,2,3,random_normmatched,0.0,1.0,0.01017716405658042,0.012502314424941586,0.018667491861043314,0.0,924,60.0
1,2,3,random,0.0,1.0,0.00029008058865257825,0.0008657631215416029,2.0323477738933274e-05,0.0,924,61.0
1,2,3,random_normmatched,0.0,1.0,0.013324211809581465,0.015523273586993605,0.008807166636167173,0.0,924,61.0
1,2,3,random,0.0,1.0,0.00015755825302744486,0.0011055549620749819,0.00019599560995513596,0.0,924,62.0
1,2,3,random_normmatched,0.0,1.0,0.02262304735266149,0.026057475308450692,0.011324103347817058,0.0,924,62.0
1,2,3,random,0.0,1.0,6.386672827807392e-05,0.0007535903211852895,-3.948832673094618e-05,0.0,924,63.0
1,2,3,random_normmatched,0.0,1.0,0.025396715660461287,0.018464023742437465,0.004999048684987423,0.0,924,63.0
1,2,3,random,0.0,1.0,0.0008049239597110202,0.001732600111759895,9.762288656793828e-06,0.0,924,64.0
1,2,3,random_normmatched,0.0,1.0,0.02653760381259075,0.019469362894579543,0.008910321433366609,0.0,924,64.0
1,2,3,random,0.0,1.0,0.00016621698938824105,0.0009126080424859449,-0.00014548851638852747,0.0,924,65.0
1,2,3,random_normmatched,0.0,1.0,0.03800472522477356,0.018720813353252284,0.0001611858494396747,0.0,924,65.0
1,2,3,random,0.0,1.0,0.0005507773127697891,0.0021534966149741965,-0.0006067454720424665,0.0,924,66.0
1,2,3,random_normmatched,0.0,1.0,0.028133580402931322,0.0250839998749688,-0.008305574670213457,0.0,924,66.0
1,2,3,random,0.0,1.0,0.00027764769746295903,0.0009439919489927171,0.0005880670149875562,0.0,924,67.0
1,2,3,random_normmatched,0.0,1.0,0.013237827757418644,0.013897688716818785,0.010880606778277707,0.0,924,67.0
1,2,3,random,0.0,1.0,0.0006802570860117503,0.0017426648309286916,-0.001402277093026983,0.0,924,68.0
1,2,3,random_normmatched,0.0,1.0,0.011889619159922524,0.014162703209925064,-0.013028826234654324,0.0,924,68.0
1,2,3,random,0.0,1.0,-0.0004809753190322294,0.0009398883284411497,-0.0011936685942168946,0.0,924,69.0
1,2,3,random_normmatched,0.0,1.0,0.002201710663885631,0.001809116546874079,-0.0255913697379535,0.0,924,69.0
1,2,3,random,0.0,1.0,2.4527969371485694e-06,0.0015006624897666875,0.0010948367192311693,0.0,924,70.0
1,2,3,random_normmatched,0.0,1.0,0.02050080304400236,0.010007180926656908,0.01766319443129353,0.0,924,70.0
1,2,3,random,0.0,1.0,3.7905380123868265e-05,0.0003970141106807477,-9.771313329394208e-05,0.0,924,71.0
1,2,3,random_normmatched,0.0,1.0,0.002824703091699864,0.0025043711321190297,0.005703276797664783,0.0,924,71.0
1,2,3,random,0.0,1.0,0.0004256402112164328,0.0011046750391817226,-0.00019251375614729474,0.0,924,72.0
1,2,3,random_normmatched,0.0,1.0,0.025386441401402185,0.024765131132920497,0.007641916387203788,0.0,924,72.0
1,2,3,random,0.0,1.0,0.0012311537193511397,0.0019132221452683046,0.0007915963160934101,0.0,924,73.0
1,2,3,random_normmatched,0.0,1.0,0.028671122330123117,0.03142732365727217,0.017938099036387004,0.0,924,73.0
1,2,3,random,0.0,1.0,0.0003845942742266217,0.0016055760119308695,-0.00038455450887652637,0.0,924,74.0
1,2,3,random_normmatched,0.0,1.0,0.03442752907543863,0.028998090374771624,-0.007672349662261364,0.0,924,74.0
1,2,3,random,0.0,1.0,-0.0002460992654805794,1.0560545229695289e-05,0.0002385145554438244,0.0,924,75.0
1,2,3,random_normmatched,0.0,1.0,-0.008339409717967754,-0.0051136304243734115,0.006684676108000193,0.0,924,75.0
1,2,3,random,0.0,1.0,0.0002543819101473961,0.0007549909378684219,0.00023349330119087157,0.0,924,76.0
1,2,3,random_normmatched,0.0,1.0,0.041689329993039315,0.03438354277123202,0.0015370847301265458,0.0,924,76.0
1,2,3,random,0.0,1.0,0.0010744025865234057,0.0013963628939919137,0.0013066292819788996,0.0,924,77.0
1,2,3,random_normmatched,0.0,1.0,0.022331127993606564,0.019485153129916347,0.013286315777060726,0.0,924,77.0
1,2,3,random,0.0,1.0,0.00026097437122170916,0.0014582680924251886,0.00013483727713176706,0.0,924,78.0
1,2,3,random_normmatched,0.0,1.0,0.023883003153091966,0.022403262957928143,0.008251708488015718,0.0,924,78.0
1,2,3,random,0.0,1.0,0.00032808761075113404,0.0006367947154666492,0.0016094607955422402,0.0,924,79.0
1,2,3,random_normmatched,0.0,1.0,0.01831699302241097,0.030728666481554517,0.005448166445338725,0.0,924,79.0
1,2,3,random,0.0,1.0,-0.00015442545281458287,0.00010389318405248024,0.0012357549361422836,0.0,924,80.0
1,2,3,random_normmatched,0.0,1.0,0.034070115472805584,0.02704561984059957,0.030486650054901476,0.0,924,80.0
1,2,3,random,0.0,1.0,0.0004618001546351252,0.0009301549725862946,0.0002420972579934266,0.0,924,81.0
1,2,3,random_normmatched,0.0,1.0,0.012902260807404604,0.013396274369308183,-0.00376355527660472,0.0,924,81.0
1,2,3,random,0.0,1.0,-0.00028508650734509317,-0.00036395782947075867,0.00011879304633450512,0.0,924,82.0
1,2,3,random_normmatched,0.0,1.0,-0.010959395551455451,-0.004403329809749696,0.004671428357675301,0.0,924,82.0
1,2,3,random,0.0,1.0,-0.0037750387113101467,-0.004492182812307957,-0.001522594628830458,0.0,924,83.0
1,2,3,random_normmatched,0.0,1.0,-0.03357369446618759,-0.030376072104964753,-0.01577980818930118,0.0,924,83.0
1,2,3,random,0.0,1.0,0.0006105987401841951,0.0006694519622408923,6.556915250804585e-05,0.0,924,84.0
1,2,3,random_normmatched,0.0,1.0,0.01801061595832753,0.016731824443065153,-0.005701265354621869,0.0,924,84.0
1,2,3,random,0.0,1.0,7.494318546506697e-05,0.0014488744035754733,-2.8560216428921894e-05,0.0,924,85.0
1,2,3,random_normmatched,0.0,1.0,0.018313700124208868,0.015088904396536163,0.013762625093461885,0.0,924,85.0
1,2,3,random,0.0,1.0,0.0009856312384231302,0.0016608202160079465,-2.4101918943436907e-05,0.0,924,86.0
1,2,3,random_normmatched,0.0,1.0,0.02539276892065538,0.01905468366143505,0.004215663716582923,0.0,924,86.0
1,2,3,random,0.0,1.0,9.729168903324642e-05,0.0008868747284795337,0.0002652225161102273,0.0,924,87.0
1,2,3,random_normmatched,0.0,1.0,0.01427348150393836,0.01594472151318233,0.012373339108966042,0.0,924,87.0
1,2,3,random,0.0,1.0,0.001055762840042928,0.0020781899517022103,-0.0007191249968881973,0.0,924,88.0
1,2,3,random_normmatched,0.0,1.0,0.021981190270894197,0.024568108440616444,-0.00883787763650819,0.0,924,88.0
1,2,3,random,0.0,1.0,-0.000888840444903206,-0.0007771600474265379,-0.00015107539572084848,0.0,924,89.0
1,2,3,random_normmatched,0.0,1.0,-0.018080999460008407,-0.01178300633356602,0.0033580958363180163,0.0,924,89.0
1,2,3,random,0.0,1.0,-0.0005618920380480905,-0.000861860702286817,-0.0007953019474674215,0.0,924,90.0
1,2,3,random_normmatched,0.0,1.0,-8.571707456268645e-05,-0.0020837058771910524,-0.00010401389221958129,0.0,924,90.0
1,2,3,random,0.0,1.0,-9.271787232452034e-05,0.0013304580580504022,-0.00035979030305422437,0.0,924,91.0
1,2,3,random_normmatched,0.0,1.0,0.01945952146055383,0.020490971276341564,-0.0038659464580966885,0.0,924,91.0
1,2,3,random,0.0,1.0,0.0011164489488810028,0.0013370024003323878,0.0016473109378892647,0.0,924,92.0
1,2,3,random_normmatched,0.0,1.0,0.029104014634301692,0.032670671580490744,0.01887911984905949,0.0,924,92.0
1,2,3,random,0.0,1.0,-0.0002958106801165623,-0.00019633711560975537,-0.0005017039789572363,0.0,924,93.0
1,2,3,random_normmatched,0.0,1.0,0.001003785739154012,0.002546089743433177,-0.015050165692396329,0.0,924,93.0
1,2,3,random,0.0,1.0,-4.00645158420935e-05,0.00034009987577724446,7.990317349807742e-05,0.0,924,94.0
1,2,3,random_normmatched,0.0,1.0,0.001698992674299542,0.0018819194723415336,0.0069011813533231565,0.0,924,94.0
1,2,3,random,0.0,1.0,0.0007672878621403504,0.00199029113707706,0.0007914715844647801,0.0,924,95.0
1,2,3,random_normmatched,0.0,1.0,0.019306821262828025,0.016013507663111572,0.003840067443547263,0.0,924,95.0
1,2,3,random,0.0,1.0,-0.0002485883988386248,0.00029535595867738603,1.699051171505257e-05,0.0,924,96.0
1,2,3,random_normmatched,0.0,1.0,-0.002197449465541598,0.011120054768762275,-0.003853999511006947,0.0,924,96.0
1,2,3,random,0.0,1.0,-0.00015526051190695964,0.0005907864282064521,4.199152645683239e-05,0.0,924,97.0
1,2,3,random_normmatched,0.0,1.0,0.003476880532757531,0.005175608900711439,0.005494811952927956,0.0,924,97.0
1,2,3,random,0.0,1.0,-0.00010031155058599506,0.0007538338595989155,0.0003703212073794994,0.0,924,98.0
1,2,3,random_normmatched,0.0,1.0,0.00030764659929134134,0.009117879873506755,-0.00041328279687491594,0.0,924,98.0
1,2,3,random,0.0,1.0,0.0008898402737293376,0.0018804371888716852,-0.0005286619584417749,0.0,924,99.0
1,2,3,random_normmatched,0.0,1.0,0.027416730414554114,0.022666548968573733,0.005520853014380623,0.0,924,99.0
1,2,3,shuffled_labels,0.05952380952380952,1.0,0.22673721863098423,0.2263060102746653,0.16606750291114142,0.06944444444444445,924,
1,2,4,random,0.04857142857142857,0.9535714285714286,0.0005026752945157921,0.002257641642985716,-0.0006690998716613523,0.0,630,0.0
1,2,4,random_normmatched,0.05714285714285714,0.95,0.0282205421660591,0.03038082977946186,0.0017754938993860925,0.0,630,0.0
1,2,4,random,0.04285714285714286,0.9571428571428572,-0.0008108821333259207,-0.0009563177191809049,0.0004997137293827447,0.0,630,1.0
1,2,4,random_normmatched,0.04285714285714286,0.9571428571428572,0.0029954721668172006,-0.0010229127576922372,0.036882282905697776,0.0,630,1.0
1,2,4,random,0.04285714285714286,0.9571428571428572,-0.002644007633706392,-0.0022101078032837965,0.000549037315848995,0.0,630,2.0
1,2,4,random_normmatched,0.04285714285714286,0.9571428571428572,-0.01712188759950838,-0.012483276990040518,0.013451151032846012,0.0,630,2.0
1,2,4,random,0.04285714285714286,0.9571428571428572,0.0019443872868052168,0.0017563855780094013,-0.0004734487145385801,0.0,630,3.0
1,2,4,random_normmatched,0.04285714285714286,0.9571428571428572,0.02712543378180096,0.032702554605077656,0.003806407697728594,0.0,630,3.0
1,2,4,random,0.04285714285714286,0.9571428571428572,0.0003580070859061351,0.0013638648642254928,-0.00020325160797729624,0.0,630,4.0
1,2,4,random_normmatched,0.05714285714285714,0.9428571428571428,0.03548776094226715,0.03709661914033034,0.03300727489167711,0.0,630,4.0
1,2,4,random,0.04285714285714286,0.9571428571428572,-0.0011734190205739676,-0.0011402188585826138,-0.000542250117160376,0.0,630,5.0
1,2,4,random_normmatched,0.04285714285714286,0.9571428571428572,0.014214480448176098,0.0020869200728808085,-0.005461100551853334,0.0,630,5.0
1,2,4,random,0.04285714285714286,0.9571428571428572,-0.0010516075877745903,-0.001389120314476521,-0.0015273678901645982,0.0,630,6.0
1,2,4,random_normmatched,0.05142857142857143,0.95,0.001298474565174694,0.004887068398295142,-0.0059964907334014075,0.0,630,6.0
1,2,4,random,0.04285714285714286,0.9571428571428572,-0.0009722723328020516,-0.0004806883273023272,0.00013816156466810213,0.0,630,7.0
1,2,4,random_normmatched,0.04285714285714286,0.95,0.009989494710035058,0.013200285382813494,0.018993003737799347,0.0,630,7.0
1,2,4,random,0.04285714285714286,0.9571428571428572,-0.0009155667568794011,-0.0015624774577900188,9.140976713361823e-05,0.0,630,8.0
1,2,4,random_normmatched,0.04285714285714286,0.9535714285714286,-0.011125552874027722,-0.008747736608311426,0.008440938858277715,0.0,630,8.0
1,2,4,random,0.054285714285714284,0.9428571428571428,9.399381400871072e-05,0.004127574320457597,0.0017108945366138921,0.0,630,9.0
1,2,4,random_normmatched,0.05714285714285714,0.9428571428571428,0.02803373257189699,0.024343471443081473,0.05297208132294115,0.0,630,9.0
1,2,4,random,0.04285714285714286,0.9571428571428572,-0.0019637011320729806,-0.001311549243212102,-0.000947346318104222,0.0,630,10.0
1,2,4,random_normmatched,0.045714285714285714,0.95,-0.003938537487145457,-0.00625083359201092,0.01473176115518645,0.0,630,10.0
1,2,4,random,0.04285714285714286,0.9571428571428572,-0.0005369176458770748,-0.001589493936438,0.0014298712155641196,0.0,630,11.0
1,2,4,random_normmatched,0.02857142857142857,0.975,0.03112319195152029,0.02488969713757339,0.041888479797383325,0.0,630,11.0
1,2,4,random,0.04285714285714286,0.9571428571428572,-0.00047037194477572995,-0.000275778641279872,1.0971550616867814e-05,0.0,630,12.0
1,2,4,random_normmatched,0.045714285714285714,0.9535714285714286,0.012232529543273354,0.01000554962358915,0.0008493463066818217,0.0,630,12.0
1,2,4,random,0.04285714285714286,0.9571428571428572,-0.0006698143054060135,-0.0013452618653441105,-0.00046615903312541935,0.0,630,13.0
1,2,4,random_normmatched,0.045714285714285714,0.9535714285714286,-0.0188771391632375,-0.0002356397661245589,-0.010487406137759062,0.0,630,13.0
1,2,4,random,0.04285714285714286,0.9571428571428572,-0.0014720465184698054,-0.0019965377192580286,-0.0003264045848722124,0.0,630,14.0
1,2,4,random_normmatched,0.045714285714285714,0.9571428571428572,-0.006168754334333929,-0.005201810583518927,-0.0068403102190631926,0.0,630,14.0
1,2,4,random,0.045714285714285714,0.9535714285714286,-0.0027826835350911266,-0.0022077816264482056,-5.775689407290161e-05,0.0,630,15.0
1,2,4,random_normmatched,0.05714285714285714,0.9428571428571428,-0.0049530704980438045,-0.0069455712727207585,-0.01144242790833133,0.0,630,15.0
1,2,4,random,0.04285714285714286,0.9571428571428572,-0.00010146109639115474,0.0006590105625215944,-0.0009879114465833868,0.0,630,16.0
1,2,4,random_normmatched,0.04285714285714286,0.9571428571428572,0.0018279193904045714,0.0070159541711160445,-0.03335959903774081,0.0,630,16.0
1,2,4,random,0.04285714285714286,0.9571428571428572,0.0003332537068109005,0.0015933921630999614,-0.0006985074097278194,0.0,630,17.0
1,2,4,random_normmatched,0.04857142857142857,0.9642857142857143,0.03869054263485396,0.02193582708555786,0.020733292983062434,0.0,630,17.0
1,2,4,random,0.04285714285714286,0.9571428571428572,0.0012895752471823137,0.0031756630095688275,0.0027747136753715775,0.0,630,18.0
1,2,4,random_normmatched,0.05714285714285714,0.9535714285714286,0.047873447441106685,0.04820807789836181,0.031030251686990033,0.0,630,18.0
1,2,4,random,0.04285714285714286,0.9571428571428572,0.0003838262592990635,0.0017305557679411212,-0.0007322741661645724,0.0,630,19.0
1,2,4,random_normmatched,0.04285714285714286,0.9571428571428572,0.037120236869207006,0.030293227909415563,9.486304127575952e-05,0.0,630,19.0
1,2,4,random,0.04285714285714286,0.9571428571428572,-0.0008530236615705716,-0.0010381629025788936,0.0003260588939787882,0.0,630,20.0
1,2,4,random_normmatched,0.04285714285714286,0.9571428571428572,-0.001218655753552849,-0.002286759653201096,0.007587440907048006,0.0,630,20.0
1,2,4,random,0.04285714285714286,0.9571428571428572,-0.0002553772476148398,0.00017640924800970035,9.00206608394756e-05,0.0,630,21.0
1,2,4,random_normmatched,0.04285714285714286,0.9535714285714286,0.00517817232746005,0.0061467054608067735,0.010033560250078526,0.0,630,21.0
1,2,4,random,0.04285714285714286,0.9571428571428572,-0.0008558121163246161,-0.0005850448863526496,0.0011741284026479944,0.0,630,22.0
1,2,4,random_normmatched,0.04285714285714286,0.9571428571428572,-0.01524310039531701,-0.007253468671775958,0.03540892281961354,0.0,630,22.0
1,2,4,random,0.04857142857142857,0.9571428571428572,0.003996041431258661,0.0056790829561816246,0.003525229804434136,0.0,630,23.0
1,2,4,random_normmatched,0.05714285714285714,0.9607142857142857,0.07367103148388136,0.0700161219717755,0.06825408637413795,0.0,630,23.0
1,2,4,random,0.04285714285714286,0.9571428571428572,-8.155133300875755e-05,-1.1599212683182276e-05,0.0010638133793977867,0.0,630,24.0
1,2,4,random_normmatched,0.05714285714285714,0.95,0.028592036219851076,0.0301328206214921,0.05006048377996542,0.0,630,24.0
1,2,4,random,0.04285714285714286,0.9571428571428572,0.00012256061672686987,0.0012110502526894154,0.000254159258501916,0.0,630,25.0
1,2,4,random_normmatched,0.054285714285714284,0.9464285714285714,0.016059126455116823,0.019846740038747902,0.013971377410644763,0.0,630,25.0
1,2,4,random,0.04285714285714286,0.9571428571428572,-0.0019932790993390675,-0.0019505432270865658,-0.001343220451708053,0.0,630,26.0
1,2,4,random_normmatched,0.04285714285714286,0.95,-0.02579469789388264,-0.029705547435995936,-0.003574901688990186,0.0,630,26.0
1,2,4,random,0.04285714285714286,0.9571428571428572,0.0004179393771578392,0.000997612756122854,0.00037560741628867245,0.0,630,27.0
1,2,4,random_normmatched,0.05714285714285714,0.95,0.02275881363984923,0.01834344358383205,0.01692108533491882,0.0,630,27.0
1,2,4,random,0.04285714285714286,0.9571428571428572,-0.0003359748001845303,0.0008942251546258392,-0.0018437648802516436,0.0,630,28.0
1,2,4,random_normmatched,0.04285714285714286,0.9571428571428572,0.008750408116896135,0.004843595655527356,-0.01687827334883714,0.0,630,28.0
1,2,4,random,0.04285714285714286,0.9571428571428572,-0.0008763942063400228,-0.0005539713913545021,-0.000974038042926978,0.0,630,29.0
1,2,4,random_normmatched,0.05142857142857143,0.9464285714285714,0.027277006521704665,0.02547879981305999,0.0010302963054717893,0.0,630,29.0
1,2,4,random,0.04285714285714286,0.9571428571428572,-0.0012358375652896537,-0.0010256198870679403,-0.0008283288465520812,0.0,630,30.0
1,2,4,random_normmatched,0.04285714285714286,0.9571428571428572,-0.0010409743964737077,-0.0009314094363492531,0.000725742034202317,0.0,630,30.0
1,2,4,random,0.04285714285714286,0.9571428571428572,-0.0006736357289862825,-0.0001251096934845299,-0.000790560596783147,0.0,630,31.0
1,2,4,random_normmatched,0.04285714285714286,0.9571428571428572,0.009102024234717362,0.009253199004211506,0.016061721877669986,0.0,630,31.0
1,2,4,random,0.04285714285714286,0.9571428571428572,-0.0011076942763797192,-0.0007913560861996903,-0.0005783424277849391,0.0,630,32.0
1,2,4,random_normmatched,0.04285714285714286,0.9571428571428572,0.0001238988658488434,0.0026998971075524033,0.012083016880771732,0.0,630,32.0
1,2,4,random,0.04285714285714286,0.9571428571428572,-0.0026106344973965885,-0.0035136979117745084,0.000253687251430648,0.0,630,33.0
1,2,4,random_normmatched,0.03428571428571429,0.9571428571428572,-0.033771147184176085,-0.02839089246058663,0.020936669947914786,0.0,630,33.0
1,2,4,random,0.04285714285714286,0.9571428571428572,0.00014238729310688577,0.0012995602881797697,-0.0006275762364754961,0.0,630,34.0
1,2,4,random_normmatched,0.05142857142857143,0.95,0.014018445371509602,0.016447983709598876,0.005108223372480733,0.0,630,34.0
1,2,4,random,0.04285714285714286,0.9571428571428572,-7.806698226334015e-05,0.0011909486401635919,0.0013526432521189984,0.0,630,35.0
1,2,4,random_normmatched,0.05714285714285714,0.9571428571428572,0.015357675393642226,0.018162020495236696,0.03447917945839108,0.0,630,35.0
1,2,4,random,0.04285714285714286,0.9571428571428572,-0.0011471514376443514,-0.0011016831223325657,-0.0010774327463675478,0.0,630,36.0
1,2,4,random_normmatched,0.04857142857142857,0.9428571428571428,0.012164270153337394,0.009196513630725552,-0.010568536541373337,0.0,630,36.0
1,2,4,random,0.045714285714285714,0.9571428571428572,-0.0007399801791023455,-6.572741003074432e-05,-0.0007269364104770537,0.0,630,37.0
1,2,4,random_normmatched,0.05142857142857143,0.95,0.019349963671591183,0.00889544527367669,0.009076038698607248,0.0,630,37.0
1,2,4,random,0.04285714285714286,0.9571428571428572,-0.0008047649301233141,0.00045091916369103597,-0.00040947339823464105,0.0,630,38.0
1,2,4,random_normmatched,0.05142857142857143,0.9571428571428572,0.008928147724259216,0.009037233092969972,0.02773003334198261,0.0,630,38.0
1,2,4,random,0.04285714285714286,0.9571428571428572,-0.00032583975875427997,0.00027107160135026777,-0.0003407330383686686,0.0,630,39.0
1,2,4,random_normmatched,0.04285714285714286,0.9571428571428572,0.013941462914742693,0.012303081134720175,0.002249612966871652,0.0,630,39.0
1,2,4,random,0.04285714285714286,0.9571428571428572,-0.0007435165647510475,-0.0005682004204180816,-0.002626943848836903,0.0,630,40.0
1,2,4,random_normmatched,0.04285714285714286,0.95,0.00918479832899453,0.006183408962365964,-0.019046360208772,0.0,630,40.0
1,2,4,random,0.04285714285714286,0.9571428571428572,-0.00024306166701988435,-0.0008471208627658568,-0.0010328867890822746,0.0,630,41.0
1,2,4,random_normmatched,0.037142857142857144,0.9571428571428572,-0.005289151056941893,-0.002638288005013446,0.01544011387547069,0.0,630,41.0
1,2,4,random,0.04285714285714286,0.9571428571428572,-0.002682724173168938,-0.0026454290093912854,-0.0008188418121702035,0.0,630,42.0
1,2,4,random_normmatched,0.04285714285714286,0.9571428571428572,-0.008575357903483053,-0.002593377520009976,0.013344738375285096,0.0,630,42.0
1,2,4,random,0.04285714285714286,0.9535714285714286,0.00012461205942356022,0.0006858739118967818,8.242006942201913e-05,0.0,630,43.0
1,2,4,random_normmatched,0.04285714285714286,0.9535714285714286,0.03972793902726199,0.030407837278867846,0.007137990200163751,0.0,630,43.0
1,2,4,random,0.045714285714285714,0.9571428571428572,9.141243294360825e-05,0.002811747268500287,0.00022670112397279017,0.0,630,44.0
1,2,4,random_normmatched,0.05714285714285714,0.9428571428571428,0.07075456682534621,0.04250442666840273,0.02922646653548193,0.0,630,44.0
1,2,4,random,0.04285714285714286,0.9571428571428572,-0.0013243279697467741,-0.0004601690233671339,0.0006416932385000822,0.0,630,45.0
1,2,4,random_normmatched,0.04285714285714286,0.9571428571428572,-0.009818623506211955,-0.005207866542043877,0.03950194987470484,0.0,630,45.0
1,2,4,random,0.04285714285714286,0.9571428571428572,-0.001533882948589741,-0.0009331944275206282,0.0002328531499620036,0.0,630,46.0
1,2,4,random_normmatched,0.04,0.9571428571428572,-0.010072091975476729,-0.001103333281874015,0.0172199718931457,0.0,630,46.0
1,2,4,random,0.04285714285714286,0.9571428571428572,-0.0007377368879530186,-0.0008013385674700027,-0.00015817979913489055,0.0,630,47.0
1,2,4,random_normmatched,0.04285714285714286,0.9571428571428572,0.016453385569692947,0.010833585128571036,0.02033601136278955,0.0,630,47.0
1,2,4,random,0.04285714285714286,0.9571428571428572,0.002142154719066953,0.00405378657950571,-0.002385470785465723,0.0,630,48.0
1,2,4,random_normmatched,0.045714285714285714,0.9535714285714286,0.04131701775425205,0.042705986681532776,-0.020799545374832678,0.0,630,48.0
1,2,4,random,0.04857142857142857,0.9571428571428572,0.001925799121620339,0.003606818509476066,0.0009063571203722911,0.0,630,49.0
1,2,4,random_normmatched,0.05142857142857143,0.9714285714285714,0.056159567423602196,0.052609712820737786,0.027241378568422955,0.0,630,49.0
1,2,4,random,0.04285714285714286,0.9535714285714286,0.0002825166446553297,0.0007008175595138167,0.0005418891367979608,0.0,630,50.0
1,2,4,random_normmatched,0.05714285714285714,0.95,0.050272367096502055,0.04339229719981258,0.02504943761771794,0.0,630,50.0
1,2,4,random,0.045714285714285714,0.9571428571428572,-0.003395166100406534,-0.0019528439700460412,0.0008425860431422039,0.0,630,51.0
1,2,4,random_normmatched,0.04285714285714286,0.9428571428571428,-0.02045532219124183,-0.007479987651817392,0.01595733841221701,0.0,630,51.0
1,2,4,random,0.04285714285714286,0.9535714285714286,-0.0005167206771739758,-0.00014032824932213537,-0.0009048914224798656,0.0,630,52.0
1,2,4,random_normmatched,0.04857142857142857,0.9571428571428572,0.00580650634707648,0.0051857876501931926,0.005694940501520104,0.0,630,52.0
1,2,4,random,0.045714285714285714,0.9571428571428572,0.0004362766748176794,0.001630781616400331,-0.0005152602923243391,0.0,630,53.0
1,2,4,random_normmatched,0.054285714285714284,0.9428571428571428,0.05163755598716063,0.03596842219226995,0.011799421218372394,0.0,630,53.0
1,2,4,random,0.04285714285714286,0.9571428571428572,-0.00020592551107744364,4.381751825720192e-05,-0.0003699626873519029,0.0,630,54.0
1,2,4,random_normmatched,0.04285714285714286,0.9571428571428572,0.025244541141236514,0.022814799440679708,0.010027958732289115,0.0,630,54.0
1,2,4,random,0.04285714285714286,0.9571428571428572,-0.0007010215929255238,-0.0006445054988925032,-0.000275843465827873,0.0,630,55.0
1,2,4,random_normmatched,0.04857142857142857,0.9571428571428572,0.005516239794372033,0.003248873672655531,0.0035430693468959393,0.0,630,55.0
1,2,4,random,0.04285714285714286,0.9571428571428572,0.0002813007625950457,0.00031489105058499147,4.368119907803549e-06,0.0,630,56.0
1,2,4,random_normmatched,0.037142857142857144,0.9571428571428572,0.03397883718792786,0.02802677798947564,0.01833336008174314,0.0,630,56.0
1,2,4,random,0.04285714285714286,0.9571428571428572,-0.0007843165408230478,-0.000992060515690969,-0.0008409445818414237,0.0,630,57.0
1,2,4,random_normmatched,0.04285714285714286,0.9571428571428572,0.0029070844726934715,0.003139554195456407,0.004442785277578007,0.0,630,57.0
1,2,4,random,0.04285714285714286,0.9571428571428572,-0.001107065500081516,-0.0004397012931799229,-0.0009908345148983528,0.0,630,58.0
1,2,4,random_normmatched,0.04285714285714286,0.9571428571428572,0.01606979234976906,0.013276202427663872,0.015732682585154072,0.0,630,58.0
1,2,4,random,0.045714285714285714,0.9571428571428572,-0.002587219574622518,-0.002218089913553416,0.00033917574772639246,0.0,630,59.0
1,2,4,random_normmatched,0.054285714285714284,0.95,-0.006024273135051839,-0.006146818059031987,0.029240063059850534,0.0,630,59.0
1,2,4,random,0.04285714285714286,0.9571428571428572,-0.000420755002776983,-0.00049649270527772,-0.0001987191860765671,0.0,630,60.0
1,2,4,random_normmatched,0.04285714285714286,0.9535714285714286,-0.0021708500727443377,0.0045641446073108076,0.008813136434109532,0.0,630,60.0
1,2,4,random,0.04285714285714286,0.9571428571428572,-0.0010804151549616253,-0.000865663223565921,0.0006530678709936091,0.0,630,61.0
1,2,4,random_normmatched,0.04285714285714286,0.9571428571428572,0.0011561253538467826,0.007746923156234487,0.02191307992618677,0.0,630,61.0
1,2,4,random,0.04285714285714286,0.9571428571428572,-0.0013238376582782757,-0.000864145477450529,-0.00031055848907050594,0.0,630,62.0
1,2,4,random_normmatched,0.04285714285714286,0.9571428571428572,0.014070399786921798,0.015661830599835773,0.004562189411736565,0.0,630,62.0
1,2,4,random,0.045714285714285714,0.9571428571428572,-0.00020844099718852292,-0.00047536778039968794,-0.0012838125024479477,0.0,630,63.0
1,2,4,random_normmatched,0.05142857142857143,0.9571428571428572,0.01714470248266082,0.022307174996323818,0.0025050116725475534,0.0,630,63.0
1,2,4,random,0.04285714285714286,0.9571428571428572,-0.00037426398376448644,-0.00017097356170579637,-0.0003037272729681213,0.0,630,64.0
1,2,4,random_normmatched,0.04285714285714286,0.9571428571428572,0.014805092996316823,0.014417502709411624,0.00767491577914893,0.0,630,64.0
1,2,4,random,0.045714285714285714,0.9535714285714286,-0.0019562957675625737,-0.0025740836377554917,-0.0011998582193332706,0.0,630,65.0
1,2,4,random_normmatched,0.054285714285714284,0.95,-0.00968693355699348,-0.01144073961292602,0.01638853491634617,0.0,630,65.0
1,2,4,random,0.04285714285714286,0.9571428571428572,-0.0005860695608624928,0.00020122343147334996,0.0001525316761332887,0.0,630,66.0
1,2,4,random_normmatched,0.04285714285714286,0.9571428571428572,-0.007467559633945523,-0.0027129029238454256,0.03761021334822741,0.0,630,66.0
1,2,4,random,0.04285714285714286,0.9571428571428572,-0.00048712135133509885,-0.0021474135657382123,-0.0004230279368838355,0.0,630,67.0
1,2,4,random_normmatched,0.04285714285714286,0.9535714285714286,-0.013095043162370682,-0.006531155891674576,0.008292433461761032,0.0,630,67.0
1,2,4,random,0.04285714285714286,0.9571428571428572,-0.0008747661331454141,-0.00042037545024812385,-0.00015705263897207585,0.0,630,68.0
1,2,4,random_normmatched,0.05142857142857143,0.9535714285714286,0.007059759992352219,0.0006747909230952041,0.004943336428693527,0.0,630,68.0
1,2,4,random,0.04285714285714286,0.9571428571428572,0.0002827007395908238,0.0012155304901752702,0.0009077491032422851,0.0,630,69.0
1,2,4,random_normmatched,0.04285714285714286,0.9571428571428572,0.01885191227481053,0.024794055022231275,0.05453069872344503,0.0,630,69.0
1,2,4,random,0.04285714285714286,0.9571428571428572,0.0013100698928866883,0.0013640693254410529,-0.0018021736497174554,0.0,630,70.0
1,2,4,random_normmatched,0.04285714285714286,0.9571428571428572,0.05248458724176406,0.04451883953654094,-0.010229927384578594,0.0,630,70.0
1,2,4,random,0.04285714285714286,0.9571428571428572,-0.0002851841444805185,-0.00020569604931772005,-0.0009746990950625246,0.0,630,71.0
1,2,4,random_normmatched,0.04285714285714286,0.9571428571428572,0.00638973142095085,0.01008395797344547,0.0066155598050011795,0.0,630,71.0
1,2,4,random,0.04285714285714286,0.9571428571428572,-0.0011421246592538345,-0.0018744932690397222,-0.0011642193076838473,0.0,630,72.0
1,2,4,random_normmatched,0.045714285714285714,0.9571428571428572,0.014880542349956649,0.015060880871221548,-0.011764272542027646,0.0,630,72.0
1,2,4,random,0.04285714285714286,0.9571428571428572,-0.0005670158311856269,-0.0003367083959088224,-0.0006047809148369235,0.0,630,73.0
1,2,4,random_normmatched,0.04857142857142857,0.9571428571428572,0.010009137488854077,0.012103843364272542,0.007434124285661057,0.0,630,73.0
1,2,4,random,0.04285714285714286,0.9571428571428572,0.0001371197843426711,0.00045981088455199264,-0.00017561136624960958,0.0,630,74.0
1,2,4,random_normmatched,0.054285714285714284,0.9535714285714286,0.005529611011083518,0.007646335469773851,0.011752774764396796,0.0,630,74.0
1,2,4,random,0.04285714285714286,0.9571428571428572,-0.0005237329374407192,-0.0010279980164348494,-0.0009044694595092751,0.0,630,75.0
1,2,4,random_normmatched,0.04285714285714286,0.9571428571428572,0.006865907806571405,9.786290720783226e-05,-0.007731195431420687,0.0,630,75.0
1,2,4,random,0.04285714285714286,0.9571428571428572,-0.0017946656317644155,-0.0014944593944861968,-0.0012498368463108166,0.0,630,76.0
1,2,4,random_normmatched,0.04285714285714286,0.9571428571428572,-0.01012876302809031,-0.016769939419503513,-0.006262251364317429,0.0,630,76.0
1,2,4,random,0.04285714285714286,0.9571428571428572,-0.0025309748099333995,-0.0023416285130732767,0.0006603733386197337,0.0,630,77.0
1,2,4,random_normmatched,0.045714285714285714,0.9571428571428572,-0.01582774012198873,-0.014722419203862747,0.014691631568726701,0.0,630,77.0
1,2,4,random,0.04285714285714286,0.9571428571428572,-0.0002701748265137236,0.00046733502194174745,0.0004085920059763157,0.0,630,78.0
1,2,4,random_normmatched,0.02857142857142857,0.9642857142857143,-0.0034539280183912722,0.002763396326615375,0.01633530693704745,0.0,630,78.0
1,2,4,random,0.04285714285714286,0.9571428571428572,-0.0016988007304345068,-0.003292521083928445,-0.002212345047214164,0.0,630,79.0
1,2,4,random_normmatched,0.03142857142857143,0.9607142857142857,-0.008346779924121918,-0.013343512082892636,-0.022487172490219226,0.0,630,79.0
1,2,4,random,0.04285714285714286,0.9571428571428572,-0.0001453285160302872,-0.00045181730557497936,-0.001539173894246389,0.0,630,80.0
1,2,4,random_normmatched,0.045714285714285714,0.9571428571428572,0.007769732810170499,0.007844648837432825,0.0044433281305130455,0.0,630,80.0
1,2,4,random,0.04285714285714286,0.9571428571428572,0.0002752502680887792,0.0013096334169437301,0.001507215772913627,0.0,630,81.0
1,2,4,random_normmatched,0.05142857142857143,0.9535714285714286,0.014622009594226413,0.0182992036887841,0.022237375155428982,0.0,630,81.0
1,2,4,random,0.04285714285714286,0.9571428571428572,-0.00032439666145123234,2.936721348779774e-05,-0.0004999216285054113,0.0,630,82.0
1,2,4,random_normmatched,0.04285714285714286,0.9571428571428572,0.00940767550784709,0.01120701820924196,-0.006878555351801662,0.0,630,82.0
1,2,4,random,0.04285714285714286,0.9571428571428572,0.0005970772606696801,6.095300979450436e-05,-0.0017262505616076273,0.0,630,83.0
1,2,4,random_normmatched,0.04285714285714286,0.9607142857142857,0.01842849001406775,0.019439613490740644,-0.0012703196402140302,0.0,630,83.0
1,2,4,random,0.04285714285714286,0.9571428571428572,0.0009914988047889334,0.0025156004792449074,-0.00035316987079461265,0.0,630,84.0
1,2,4,random_normmatched,0.05142857142857143,0.9571428571428572,0.039912885549408465,0.04351378478759699,0.00827894805382442,0.0,630,84.0
1,2,4,random,0.04857142857142857,0.9571428571428572,-0.0014903172236457951,-0.0017380700408564291,0.0011734206229310825,0.0,630,85.0
1,2,4,random_normmatched,0.054285714285714284,0.95,-0.002701950034159984,0.001147046630168226,0.031730675693114024,0.0,630,85.0
1,2,4,random,0.04285714285714286,0.9571428571428572,-0.0007644050637292653,-0.0004332842066126205,5.423470678116462e-05,0.0,630,86.0
1,2,4,random_normmatched,0.054285714285714284,0.9535714285714286,0.02254262634682095,0.017732509379726306,0.04461322004977652,0.0,630,86.0
1,2,4,random,0.04285714285714286,0.9571428571428572,-0.0012382458955344767,-0.001189688615089013,-0.0005941387258251062,0.0,630,87.0
1,2,4,random_normmatched,0.03142857142857143,0.9607142857142857,-0.011596719726789254,-0.008697887152657388,-5.942119585330401e-05,0.0,630,87.0
1,2,4,random,0.04285714285714286,0.9571428571428572,-0.0011591544298978082,-0.0005075390364220055,-0.0007699328110709942,0.0,630,88.0
1,2,4,random_normmatched,0.04285714285714286,0.9571428571428572,0.010672622493276556,0.0074520763405228835,-0.00335521160353796,0.0,630,88.0
1,2,4,random,0.045714285714285714,0.9571428571428572,0.0002284358815345401,0.001233925565691316,0.0012432976637514477,0.0,630,89.0
1,2,4,random_normmatched,0.045714285714285714,0.9535714285714286,0.02805267973320692,0.03685091723216273,0.022373384778477085,0.0,630,89.0
1,2,4,random,0.04285714285714286,0.9571428571428572,-0.0015090773163398223,-0.00117660097902038,-0.0015043790807723052,0.0,630,90.0
1,2,4,random_normmatched,0.04285714285714286,0.9571428571428572,-0.0047442264850888856,-0.004759112229148981,-0.007166154887793797,0.0,630,90.0
1,2,4,random,0.04285714285714286,0.9571428571428572,-0.001040827050328238,-0.0007594082657325723,-0.00025521649248437566,0.0,630,91.0
1,2,4,random_normmatched,0.04857142857142857,0.9571428571428572,0.010077833080608155,0.014669925143094962,0.02620720574212338,0.0,630,91.0
1,2,4,random,0.04285714285714286,0.9571428571428572,-0.00041254363938185337,-0.0004172546859919292,-0.0003346306226405186,0.0,630,92.0
1,2,4,random_normmatched,0.04285714285714286,0.9571428571428572,0.012061354597509512,0.015326421197377005,-0.0050333608172669275,0.0,630,92.0
1,2,4,random,0.045714285714285714,0.9571428571428572,-0.00045694917806947806,-0.0006051593820488283,0.0015444173099789307,0.0,630,93.0
1,2,4,random_normmatched,0.054285714285714284,0.9571428571428572,0.00489869537706242,0.007658990225213799,0.047333493444647545,0.0,630,93.0
1,2,4,random,0.04285714285714286,0.9571428571428572,-0.000251247108275274,-0.0005534518828243816,0.0004414902369821139,0.0,630,94.0
1,2,4,random_normmatched,0.054285714285714284,0.95,0.006955178045904175,0.01067025056455749,0.01940573044230651,0.0,630,94.0
1,2,4,random,0.04285714285714286,0.9571428571428572,0.00012874558170795298,0.0007917088127447261,-0.0005307883799807855,0.0,630,95.0
1,2,4,random_normmatched,0.04857142857142857,0.9571428571428572,0.029420306886270318,0.024848519214498852,-0.004754193293804739,0.0,630,95.0
1,2,4,random,0.04285714285714286,0.9571428571428572,-0.0011651625998156522,-0.000648738918288682,-1.7683686971616752e-05,0.0,630,96.0
1,2,4,random_normmatched,0.04285714285714286,0.9571428571428572,-7.81203624784819e-05,-0.0023465869007128753,0.012340375131899133,0.0,630,96.0
1,2,4,random,0.04285714285714286,0.9571428571428572,-0.0005014854416068369,0.00012756480350022378,0.000423292053199585,0.0,630,97.0
1,2,4,random_normmatched,0.04285714285714286,0.9571428571428572,0.014089718356288604,0.012663369368271962,0.01609289169522545,0.0,630,97.0
1,2,4,random,0.04285714285714286,0.9571428571428572,-0.0003342987856572526,9.472523657727581e-05,0.001601956402968033,0.0,630,98.0
1,2,4,random_normmatched,0.04285714285714286,0.9571428571428572,0.016429666319037403,0.009803411207024429,0.03388685581317951,0.0,630,98.0
1,2,4,random,0.045714285714285714,0.95,-0.0003862687900400575,5.447993204683049e-05,-0.0009427513575374837,0.0,630,99.0
1,2,4,random_normmatched,0.054285714285714284,0.95,0.0025602956160062527,0.010865864643909384,-0.015442797254882016,0.0,630,99.0
1,2,4,shuffled_labels,0.5342857142857143,1.0,0.5735386802355996,0.5927718159714569,0.46089846773427284,0.5,630,
