site,split,fold,epoch,iia_cross,iia_same,pc_frac_median,pc_frac_mean,rev_frac_median,iia_cross_david,n_swaps
0,0,0,1,0.09325396825396826,0.9452380952380952,0.014822398459896434,0.2246003335656081,0.04112127030846727,0.08333333333333333,924
0,0,0,2,0.08928571428571429,0.9523809523809523,0.011301492523427626,0.19828520866988136,0.038182697073710935,0.08333333333333333,924
0,0,0,3,0.08928571428571429,0.9476190476190476,0.015052000400224676,0.2069552638855051,0.035300097672350886,0.08333333333333333,924
0,0,0,4,0.08928571428571429,0.95,0.01534158681867322,0.19519566735379376,0.03590393620716811,0.08333333333333333,924
0,0,0,5,0.0873015873015873,0.9547619047619048,0.01896187706359688,0.19511765171202494,0.03638528703508775,0.06944444444444445,924
0,0,0,6,0.0873015873015873,0.9547619047619048,0.02113627356460085,0.19477745730106305,0.036221611778612925,0.06944444444444445,924
0,0,0,7,0.0873015873015873,0.9571428571428572,0.021738990082829125,0.18746255085339197,0.034424070207837304,0.06944444444444445,924
0,0,0,8,0.08928571428571429,0.95,0.015114122010445052,0.20302528787937135,0.03818098413760223,0.08333333333333333,924
0,0,1,1,0.06944444444444445,0.9809523809523809,0.06791959304479984,0.1623892156827122,0.026027546429645953,0.041666666666666664,924
0,0,1,2,0.06349206349206349,0.9785714285714285,0.07723759414270341,0.1572817359030565,0.028015460880656734,0.027777777777777776,924
0,0,1,3,0.07142857142857142,0.9809523809523809,0.07796131751019403,0.16757082797836967,0.02717725332648884,0.041666666666666664,924
0,0,1,4,0.06547619047619048,0.9785714285714285,0.07637905658140676,0.15816643149925047,0.026433147998338277,0.041666666666666664,924
0,0,1,5,0.06547619047619048,0.9761904761904762,0.0800868794564397,0.15728133720671644,0.026342181018467744,0.041666666666666664,924
0,0,1,6,0.06944444444444445,0.9785714285714285,0.07839797683930547,0.16735332529464217,0.02348133316111399,0.027777777777777776,924
0,0,1,7,0.06746031746031746,0.9809523809523809,0.08603014985545179,0.16907279047925522,0.025404609136812625,0.013888888888888888,924
0,0,1,8,0.06746031746031746,0.9785714285714285,0.08465770565641498,0.16591583256677161,0.025741857867740317,0.013888888888888888,924
0,0,2,1,0.0873015873015873,0.9595238095238096,0.06701474920223237,0.2213242092622539,0.016711990949317516,0.1111111111111111,924
0,0,2,2,0.09126984126984126,0.9619047619047619,0.06900045894764464,0.21393465622412053,0.012266922887049347,0.1111111111111111,924
0,0,2,3,0.09325396825396826,0.9523809523809523,0.04752909560175117,0.2107960683168735,0.013894965403503047,0.1111111111111111,924
0,0,2,4,0.08134920634920635,0.9523809523809523,0.05693822021884903,0.20546016789310625,0.01616547953816512,0.09722222222222222,924
0,0,2,5,0.07936507936507936,0.9523809523809523,0.05171799749602275,0.20132379236232203,0.015617140452950252,0.09722222222222222,924
0,0,2,6,0.07539682539682539,0.9523809523809523,0.05070795463976313,0.19821846918395553,0.013188292310286053,0.08333333333333333,924
0,0,2,7,0.0873015873015873,0.9357142857142857,0.052043878911779584,0.20711402867777187,0.009807279478337212,0.1111111111111111,924
0,0,2,8,0.061507936507936505,0.9523809523809523,0.04143455391486253,0.17995107121138063,0.010562018541879627,0.05555555555555555,924
0,0,3,1,0.027777777777777776,1.0,0.03713913058366826,0.10973486894451863,0.01444474101350913,0.013888888888888888,924
0,0,3,2,0.03571428571428571,1.0,0.03916667776353322,0.12234530285013895,0.010213393579491574,0.013888888888888888,924
0,0,3,3,0.03571428571428571,1.0,0.04154754184150387,0.12874227560201618,0.016699303901849316,0.013888888888888888,924
0,0,3,4,0.031746031746031744,1.0,0.040183617290953016,0.12194060613836108,0.012657305784122339,0.013888888888888888,924
0,0,3,5,0.041666666666666664,1.0,0.037856158076001734,0.1274535700570103,0.011398514901544362,0.027777777777777776,924
0,0,3,6,0.037698412698412696,1.0,0.03833646021958252,0.12294418166088816,0.01218364157761034,0.013888888888888888,924
0,0,3,7,0.037698412698412696,1.0,0.042643660262365324,0.12680772930681022,0.010743643100647977,0.027777777777777776,924
0,0,3,8,0.027777777777777776,1.0,0.0468673949895467,0.11207912772671245,0.01561180235685648,0.013888888888888888,924
0,0,4,1,0.06,0.9571428571428572,0.028659876585927297,0.11259629112919642,0.010848790817167874,0.1,630
0,0,4,2,0.06857142857142857,0.9571428571428572,0.05202675443252999,0.14308839117513852,0.010574928579490947,0.1,630
0,0,4,3,0.06571428571428571,0.9571428571428572,0.04805194095532306,0.14443748542920548,0.01291388558495555,0.1,630
0,0,4,4,0.06571428571428571,0.9571428571428572,0.049821105944376984,0.1381761509697579,0.009340593514070274,0.1,630
0,0,4,5,0.06571428571428571,0.9571428571428572,0.04033093370155155,0.1398550524262204,0.009494927182114006,0.1,630
0,0,4,6,0.06285714285714286,0.9571428571428572,0.05810050126650985,0.1396963706566746,0.009106341617344707,0.1,630
0,0,4,7,0.06571428571428571,0.9571428571428572,0.04612985622467651,0.144743695296413,0.009438910473000385,0.1,630
0,0,4,8,0.08,0.9571428571428572,0.05504596814022584,0.15128012221147563,0.012379092717377827,0.1,630
1,0,0,1,0.1111111111111111,0.9523809523809523,0.08118672302965235,0.2574802647855852,0.10680900556931519,0.1111111111111111,924
1,0,0,2,0.13690476190476192,0.95,0.07113222518622102,0.2676859339053709,0.10559362112218518,0.16666666666666666,924
1,0,0,3,0.12698412698412698,0.95,0.09288671568479301,0.2647846226111717,0.11115116583016693,0.1527777777777778,924
1,0,0,4,0.11706349206349206,0.9595238095238096,0.09785989372071226,0.25533675817443013,0.12139276475866587,0.1388888888888889,924
1,0,0,5,0.11706349206349206,0.9571428571428572,0.09661638880298104,0.2532325322299641,0.1142071532578976,0.1527777777777778,924
1,0,0,6,0.10714285714285714,0.9595238095238096,0.1045465446725488,0.24576587372530595,0.11949031127469648,0.125,924
1,0,0,7,0.10515873015873016,0.9595238095238096,0.10256956164895761,0.24613171222409666,0.11284725007960686,0.1111111111111111,924
1,0,0,8,0.125,0.9547619047619048,0.09422651556904862,0.26007679678561546,0.10938310322335855,0.1527777777777778,924
1,0,1,1,0.07539682539682539,0.9857142857142858,0.1491410042697961,0.2109495925751403,0.06711965301369567,0.041666666666666664,924
1,0,1,2,0.06944444444444445,0.9809523809523809,0.15058535440159115,0.20816798127223027,0.07158071932895768,0.05555555555555555,924
1,0,1,3,0.07341269841269842,0.9833333333333333,0.17214809686329413,0.22374933341157807,0.07266994159146226,0.041666666666666664,924
1,0,1,4,0.07539682539682539,0.9809523809523809,0.16778698268332135,0.22956563124952536,0.07458842159963597,0.08333333333333333,924
1,0,1,5,0.07539682539682539,0.9833333333333333,0.15721441212529735,0.2182294739030896,0.07437631913605193,0.06944444444444445,924
1,0,1,6,0.07738095238095238,0.9833333333333333,0.16534822326177678,0.223271410337548,0.0739324884573658,0.06944444444444445,924
1,0,1,7,0.07341269841269842,0.9857142857142858,0.16372138434708916,0.21341038439563179,0.06904251010508608,0.041666666666666664,924
1,0,1,8,0.07341269841269842,0.9785714285714285,0.15071368951897385,0.21029527771040982,0.07094084519079635,0.05555555555555555,924
1,0,2,1,0.13095238095238096,0.9619047619047619,0.14166161444251274,0.2955237387103601,0.035935566008279435,0.16666666666666666,924
1,0,2,2,0.10317460317460317,0.9666666666666667,0.17632683620257045,0.29117333207393487,0.04199370465408864,0.1527777777777778,924
1,0,2,3,0.12103174603174603,0.969047619047619,0.1820052850837034,0.3042831715270522,0.04618598994000138,0.1527777777777778,924
1,0,2,4,0.10912698412698413,0.9714285714285714,0.18375673194399483,0.3023683926127048,0.045262550511720984,0.1388888888888889,924
1,0,2,5,0.1111111111111111,0.9738095238095238,0.17836224376832122,0.29729529416199135,0.047248236827856956,0.1527777777777778,924
1,0,2,6,0.09523809523809523,0.9833333333333333,0.1867475676580238,0.285178426920189,0.04237441877229462,0.09722222222222222,924
1,0,2,7,0.11904761904761904,0.9666666666666667,0.19243542886862094,0.31085586239229623,0.046820162814597256,0.1527777777777778,924
1,0,2,8,0.10912698412698413,0.9785714285714285,0.18050815718072732,0.29603604307028425,0.04513990774948842,0.125,924
1,0,3,1,0.05357142857142857,1.0,0.11612125327909309,0.17671079603748388,0.05485088233457696,0.027777777777777776,924
1,0,3,2,0.05952380952380952,1.0,0.12141410238513281,0.18752113612453067,0.06078704403126195,0.027777777777777776,924
1,0,3,3,0.057539682539682536,1.0,0.12730139631597295,0.19390248175392874,0.06675701312137121,0.041666666666666664,924
1,0,3,4,0.061507936507936505,1.0,0.12796376930773593,0.19445531350892514,0.06467796645752505,0.041666666666666664,924
1,0,3,5,0.06349206349206349,1.0,0.13426889841249323,0.19542202617277568,0.07229286580187312,0.027777777777777776,924
1,0,3,6,0.06349206349206349,1.0,0.12733051043978405,0.2010480746234035,0.06476977182588156,0.041666666666666664,924
1,0,3,7,0.06547619047619048,1.0,0.13217803297922928,0.2014074549683594,0.06860479452491873,0.041666666666666664,924
1,0,3,8,0.06349206349206349,1.0,0.12740191441841145,0.19358542196069806,0.0689752639760228,0.027777777777777776,924
1,0,4,1,0.11428571428571428,0.9535714285714286,0.14839027879193487,0.22955642985941008,0.04986259557966008,0.1,630
1,0,4,2,0.12285714285714286,0.95,0.16629604235602463,0.24250705551976806,0.05225885924542035,0.1,630
1,0,4,3,0.12571428571428572,0.95,0.1741724183322977,0.25373609761540666,0.049678125972621404,0.1,630
1,0,4,4,0.12,0.9464285714285714,0.18158372376499307,0.24665407968058686,0.053783921717548956,0.1,630
1,0,4,5,0.12,0.95,0.19184430240370715,0.2540342977084286,0.0530171832185124,0.1,630
1,0,4,6,0.12857142857142856,0.95,0.18778588582068695,0.26286931076335057,0.05279406894064607,0.1,630
1,0,4,7,0.12857142857142856,0.9464285714285714,0.18873732203865537,0.2606814885276245,0.048823254572784115,0.1,630
1,0,4,8,0.12,0.9464285714285714,0.17304794409415603,0.24866908866757342,0.05018765517836537,0.1,630
2,0,0,1,0.2123015873015873,0.9452380952380952,0.1372597019778818,0.3490030262708492,0.14809614504711494,0.2222222222222222,924
2,0,0,2,0.16666666666666666,0.9571428571428572,0.14403369194468585,0.3156727739249257,0.14716491332479223,0.19444444444444445,924
2,0,0,3,0.17261904761904762,0.9619047619047619,0.1655455364959006,0.31758896018842103,0.14481853548985235,0.19444444444444445,924
2,0,0,4,0.17261904761904762,0.9619047619047619,0.1612105951832839,0.32201616120733756,0.15024442930041565,0.19444444444444445,924
2,0,0,5,0.1765873015873016,0.9619047619047619,0.1533482541494921,0.3192086181748971,0.14510870638014275,0.19444444444444445,924
2,0,0,6,0.1765873015873016,0.9571428571428572,0.15278091923721376,0.3216939002485699,0.14139097524078145,0.19444444444444445,924
2,0,0,7,0.16666666666666666,0.9595238095238096,0.15038192347599116,0.3159860636268357,0.1424301734858513,0.19444444444444445,924
2,0,0,8,0.17261904761904762,0.9642857142857143,0.18627361289160393,0.3206774473861587,0.1554858757294434,0.19444444444444445,924
2,0,1,1,0.15476190476190477,0.9904761904761905,0.2385436419755238,0.32339460699170663,0.10057172610325453,0.18055555555555555,924
2,0,1,2,0.15079365079365079,0.9880952380952381,0.2550817491682888,0.33495227611108647,0.10670773411374965,0.1527777777777778,924
2,0,1,3,0.14484126984126985,0.9904761904761905,0.26342955506244126,0.33157731688863545,0.10238254446775757,0.16666666666666666,924
2,0,1,4,0.15079365079365079,0.9880952380952381,0.26684999725097247,0.33674916872278654,0.10135283240997417,0.1527777777777778,924
2,0,1,5,0.1527777777777778,0.9904761904761905,0.26691527045368896,0.3419636058084491,0.1057921222388887,0.1527777777777778,924
2,0,1,6,0.14484126984126985,0.9880952380952381,0.25978082783309964,0.33736108673382836,0.10549275129602706,0.1527777777777778,924
2,0,1,7,0.15079365079365079,0.9928571428571429,0.2756806375339761,0.3378295120553678,0.10431763050346146,0.1527777777777778,924
2,0,1,8,0.15079365079365079,0.9904761904761905,0.26303921869488234,0.34116428623724276,0.10535559298228199,0.16666666666666666,924
2,0,2,1,0.12103174603174603,0.9714285714285714,0.2796964130527073,0.3464225306080064,0.06911056089017473,0.1388888888888889,924
2,0,2,2,0.10119047619047619,0.9833333333333333,0.2593846896136083,0.3137618958686228,0.0619767528016026,0.1111111111111111,924
2,0,2,3,0.1130952380952381,0.9809523809523809,0.29433810423793816,0.33042409143245977,0.0663086772747298,0.125,924
2,0,2,4,0.10317460317460317,0.9785714285714285,0.25087665228510686,0.3164593860210067,0.06377819023211154,0.1111111111111111,924
2,0,2,5,0.12103174603174603,0.9857142857142858,0.2790954127089056,0.334847189165386,0.06511252136928641,0.1388888888888889,924
2,0,2,6,0.11507936507936507,0.9833333333333333,0.2746516772025759,0.3277765587875436,0.0689430326230068,0.125,924
2,0,2,7,0.12698412698412698,0.9857142857142858,0.28501933327310497,0.3354992843669011,0.061127746034457586,0.1388888888888889,924
2,0,2,8,0.12301587301587301,0.9857142857142858,0.28252100185435847,0.33932670353594385,0.06609767148234738,0.1388888888888889,924
2,0,3,1,0.10714285714285714,1.0,0.2012181872747476,0.26943321352764876,0.10104539000013744,0.1111111111111111,924
2,0,3,2,0.11904761904761904,1.0,0.22939889194759067,0.2832216154670977,0.10271505726245828,0.125,924
2,0,3,3,0.11706349206349206,1.0,0.23260875780192342,0.2852973838945373,0.09906330314246473,0.125,924
2,0,3,4,0.12698412698412698,1.0,0.2299836083787069,0.2907819547878445,0.1023552346707067,0.1111111111111111,924
2,0,3,5,0.12103174603174603,0.9976190476190476,0.23978001394590576,0.2955472430323639,0.1045285846586057,0.1388888888888889,924
2,0,3,6,0.13095238095238096,1.0,0.23987055502389398,0.286701715185884,0.10373865997664186,0.125,924
2,0,3,7,0.11904761904761904,1.0,0.23311090499546697,0.29174696196201183,0.10452946537844557,0.125,924
2,0,3,8,0.11706349206349206,0.9952380952380953,0.24704153801541834,0.2930928055669036,0.10908283037869212,0.125,924
2,0,4,1,0.15142857142857144,0.9464285714285714,0.2832725552843834,0.3468688624587376,0.0608687000214136,0.14,630
2,0,4,2,0.14857142857142858,0.9428571428571428,0.2969972232886619,0.35590326063951416,0.06795009834763936,0.12,630
2,0,4,3,0.14857142857142858,0.9428571428571428,0.30045170412829136,0.36083152329970364,0.06509877298938489,0.14,630
2,0,4,4,0.14,0.9428571428571428,0.31621374364588484,0.34854172070989836,0.0666805859258877,0.1,630
2,0,4,5,0.1457142857142857,0.9428571428571428,0.30006696399410515,0.35011788952271355,0.06620982438002986,0.1,630
2,0,4,6,0.1457142857142857,0.9428571428571428,0.29039838636002574,0.35507012517139297,0.06351265438514214,0.12,630
2,0,4,7,0.14857142857142858,0.9428571428571428,0.3115689128994346,0.3789765107154158,0.07083814445230006,0.14,630
2,0,4,8,0.14285714285714285,0.9428571428571428,0.29338670652452165,0.3371239145959673,0.06834712371310414,0.1,630
3,0,0,1,0.29365079365079366,0.9904761904761905,0.4278022748307506,0.4724002447971134,0.21287130786466246,0.2638888888888889,924
3,0,0,2,0.31547619047619047,0.9904761904761905,0.46325362999647374,0.5060060163641593,0.2346352095307589,0.2777777777777778,924
3,0,0,3,0.32936507936507936,0.9904761904761905,0.4781773079763548,0.521108976109783,0.24685811395022134,0.2777777777777778,924
3,0,0,4,0.3353174603174603,0.9880952380952381,0.49105612330912174,0.5263188100274251,0.2502376064992015,0.2777777777777778,924
3,0,0,5,0.3333333333333333,0.9880952380952381,0.4858614062437525,0.5254214791121788,0.25475088076546204,0.2777777777777778,924
3,0,0,6,0.3472222222222222,0.9880952380952381,0.5071513506831691,0.5337289777114093,0.26209364649487077,0.2916666666666667,924
3,0,0,7,0.3392857142857143,0.9880952380952381,0.4938646802464036,0.5311741198288733,0.25659922745907326,0.2777777777777778,924
3,0,0,8,0.33134920634920634,0.9952380952380953,0.5099199425945908,0.5317647825755627,0.25747333488727125,0.2777777777777778,924
3,0,1,1,0.22023809523809523,0.9976190476190476,0.4115675650971584,0.46869840588562023,0.15272537923555765,0.20833333333333334,924
3,0,1,2,0.23809523809523808,1.0,0.44647313762867824,0.4946992196117201,0.1736256957671993,0.25,924
3,0,1,3,0.2361111111111111,1.0,0.4557036219221378,0.5017962835154434,0.17843662790163511,0.2361111111111111,924
3,0,1,4,0.23214285714285715,1.0,0.4472156311517341,0.4877796480743004,0.16707122813613107,0.2222222222222222,924
3,0,1,5,0.2361111111111111,0.9952380952380953,0.4589888037352798,0.4965062612954364,0.1656843649274716,0.2222222222222222,924
3,0,1,6,0.24206349206349206,1.0,0.46447202787730124,0.5011319845678666,0.17312848783568996,0.2222222222222222,924
3,0,1,7,0.2400793650793651,1.0,0.46179065715711487,0.5002016520843429,0.17608262168305125,0.2222222222222222,924
3,0,1,8,0.23412698412698413,0.9976190476190476,0.43756778844418737,0.4856408426416637,0.1680477758849222,0.2361111111111111,924
3,0,2,1,0.23015873015873015,0.9880952380952381,0.4789252996954104,0.46862839400069317,0.15529892965624364,0.2916666666666667,924
3,0,2,2,0.2777777777777778,0.9880952380952381,0.5271646776519672,0.5155780977702578,0.17459993528994106,0.3194444444444444,924
3,0,2,3,0.251984126984127,0.9952380952380953,0.4905174377154025,0.49943389424455753,0.16836036409989832,0.2777777777777778,924
3,0,2,4,0.25396825396825395,0.9928571428571429,0.52227329975334,0.5066476292708447,0.17909324751461986,0.3055555555555556,924
3,0,2,5,0.25,0.9904761904761905,0.5071475350639861,0.4992809172458762,0.1733040931723857,0.2916666666666667,924
3,0,2,6,0.27380952380952384,0.9880952380952381,0.5336963691816858,0.5093223924920408,0.17125385851166805,0.3194444444444444,924
3,0,2,7,0.2757936507936508,0.9880952380952381,0.5387178981257739,0.5164878592789852,0.17946864589088074,0.3055555555555556,924
3,0,2,8,0.25396825396825395,0.9880952380952381,0.5119160067993791,0.49985810374497536,0.1677948152842499,0.2916666666666667,924
3,0,3,1,0.251984126984127,1.0,0.4017096216625739,0.4486313347802375,0.2077163720241119,0.19444444444444445,924
3,0,3,2,0.27976190476190477,1.0,0.4344299070467705,0.47999702668489597,0.23139022460595776,0.25,924
3,0,3,3,0.30952380952380953,1.0,0.446104086913916,0.50229699904623,0.249938151669725,0.2638888888888889,924
3,0,3,4,0.2896825396825397,1.0,0.4399406026173267,0.4876753054726346,0.24182943574025836,0.2638888888888889,924
3,0,3,5,0.30158730158730157,1.0,0.4321624709494204,0.4890900664234067,0.2418506597570559,0.2638888888888889,924
3,0,3,6,0.2896825396825397,1.0,0.4404253044225952,0.48921683374573666,0.23968356034447255,0.2638888888888889,924
3,0,3,7,0.2916666666666667,1.0,0.44173548992441514,0.48798780919920676,0.23846405006460442,0.25,924
3,0,3,8,0.29563492063492064,1.0,0.4376039005265237,0.4935546827070717,0.24186086603971663,0.2638888888888889,924
3,0,4,1,0.25142857142857145,0.9464285714285714,0.5194895456759746,0.5589105627748052,0.1390920327092047,0.26,630
3,0,4,2,0.29428571428571426,0.9428571428571428,0.6003246519267557,0.6102532557998296,0.15920618223493063,0.32,630
3,0,4,3,0.2885714285714286,0.9428571428571428,0.5924240562858386,0.6058394620945631,0.14935824923834806,0.3,630
3,0,4,4,0.2885714285714286,0.9428571428571428,0.5724555592189688,0.593380318938781,0.15546536387120483,0.32,630
3,0,4,5,0.29428571428571426,0.9428571428571428,0.5936122771228847,0.6039297568643784,0.15180612441705013,0.32,630
3,0,4,6,0.2885714285714286,0.9428571428571428,0.5691438742786078,0.5986145374752453,0.15818773406264588,0.32,630
3,0,4,7,0.28285714285714286,0.9428571428571428,0.5815031170152573,0.6012414366583189,0.15026762006402217,0.3,630
3,0,4,8,0.2914285714285714,0.9392857142857143,0.5703086904682908,0.5988555054364852,0.15203110736710382,0.3,630
4,0,0,1,0.43253968253968256,0.9904761904761905,0.6183251900475215,0.6132215787900482,0.32601250422093275,0.4166666666666667,924
4,0,0,2,0.44642857142857145,0.9904761904761905,0.6462332249055904,0.6166951530874666,0.3307548806063938,0.375,924
4,0,0,3,0.4742063492063492,0.9904761904761905,0.6536075393721632,0.6344068926747268,0.3547814729021334,0.3888888888888889,924
4,0,0,4,0.47023809523809523,0.9904761904761905,0.6555450259143341,0.6318707134425652,0.35169097461948085,0.3888888888888889,924
4,0,0,5,0.4722222222222222,0.9928571428571429,0.6649051379334485,0.6290485376445083,0.3457054668827169,0.4166666666666667,924
4,0,0,6,0.4583333333333333,0.9904761904761905,0.6647903421234314,0.6267988461014941,0.34200793258942197,0.3888888888888889,924
4,0,0,7,0.4742063492063492,0.9928571428571429,0.6614849171692869,0.6360396723308747,0.3575777888878666,0.4166666666666667,924
4,0,0,8,0.46825396825396826,0.9904761904761905,0.6542707529605711,0.6272581060791282,0.3473169636237566,0.4027777777777778,924
4,0,1,1,0.39087301587301587,1.0,0.5339193944793529,0.57866713456811,0.24928655144874173,0.375,924
4,0,1,2,0.39087301587301587,1.0,0.5870536717407336,0.6165288447688342,0.2655285282203784,0.3888888888888889,924
4,0,1,3,0.3869047619047619,1.0,0.566875642346373,0.6016574514913254,0.2751831886592577,0.375,924
4,0,1,4,0.376984126984127,1.0,0.5614770005466995,0.6062093466859538,0.26751742505682147,0.375,924
4,0,1,5,0.37103174603174605,1.0,0.5485882293845745,0.5921904545736772,0.25535554854240994,0.375,924
4,0,1,6,0.4027777777777778,1.0,0.5786249358459834,0.6058610302106713,0.27399626400274046,0.3472222222222222,924
4,0,1,7,0.37103174603174605,1.0,0.555362368366852,0.5940510610674745,0.2546929444272549,0.3472222222222222,924
4,0,1,8,0.37896825396825395,1.0,0.5824976464568548,0.6111322591003072,0.26231690913172256,0.3611111111111111,924
4,0,2,1,0.37896825396825395,1.0,0.5910804111798218,0.5782857271123155,0.27100491073190114,0.4027777777777778,924
4,0,2,2,0.3968253968253968,0.9976190476190476,0.600619994079916,0.5916454581778602,0.27172407244256636,0.3888888888888889,924
4,0,2,3,0.4126984126984127,0.9976190476190476,0.6131147182939188,0.597021916691999,0.28630313710285743,0.4166666666666667,924
4,0,2,4,0.40476190476190477,0.9976190476190476,0.6089931365358313,0.5984778523151149,0.27325029527339634,0.4027777777777778,924
4,0,2,5,0.3888888888888889,0.9976190476190476,0.6029233680974264,0.5898250064554457,0.26500408064694975,0.3888888888888889,924
4,0,2,6,0.4166666666666667,0.9976190476190476,0.6048576785639843,0.5977472517289637,0.29141463475619656,0.4305555555555556,924
4,0,2,7,0.40476190476190477,0.9976190476190476,0.607747322021722,0.5927922131326425,0.27836771352719497,0.3888888888888889,924
4,0,2,8,0.42063492063492064,0.9976190476190476,0.6179347966993194,0.6030157960211113,0.28268696943764354,0.4166666666666667,924
4,0,3,1,0.5079365079365079,0.9976190476190476,0.5494636622206905,0.6175096485875528,0.36468355749834713,0.3888888888888889,924
4,0,3,2,0.5138888888888888,0.9976190476190476,0.5524162833064452,0.622146135244484,0.39223579439366363,0.4027777777777778,924
4,0,3,3,0.5238095238095238,0.9976190476190476,0.5595450226217141,0.6223143717797154,0.38710688958225903,0.4027777777777778,924
4,0,3,4,0.5238095238095238,0.9976190476190476,0.5618831012767161,0.6310552136227366,0.3829946335967136,0.4027777777777778,924
4,0,3,5,0.5238095238095238,0.9976190476190476,0.5679187894464532,0.6370549276982458,0.38616474347368623,0.4305555555555556,924
4,0,3,6,0.5218253968253969,0.9976190476190476,0.5569368315947055,0.6242727248866655,0.37724927994138074,0.4027777777777778,924
4,0,3,7,0.5198412698412699,0.9976190476190476,0.5686437934144766,0.6292722203080796,0.3960154212676286,0.4027777777777778,924
4,0,3,8,0.5277777777777778,0.9976190476190476,0.5596161312763357,0.6251135374249925,0.39452053849702634,0.4027777777777778,924
4,0,4,1,0.3914285714285714,0.95,0.6711383706159879,0.7061853203281759,0.20834425392618444,0.42,630
4,0,4,2,0.43142857142857144,0.9428571428571428,0.7047511011142594,0.7309911700039783,0.24089465075582897,0.5,630
4,0,4,3,0.4742857142857143,0.9464285714285714,0.7355087842730141,0.7550030296042668,0.2587184613914433,0.54,630
4,0,4,4,0.4342857142857143,0.95,0.6939192763806206,0.7307420324940006,0.23605833763639403,0.52,630
4,0,4,5,0.46,0.9464285714285714,0.7266016053075852,0.7510216259210175,0.25917152501195045,0.54,630
4,0,4,6,0.44285714285714284,0.9464285714285714,0.7159337082086704,0.7347463776266404,0.24848018111385567,0.5,630
4,0,4,7,0.44857142857142857,0.9464285714285714,0.7244801519739367,0.745425355272322,0.2512982014325851,0.52,630
4,0,4,8,0.44857142857142857,0.95,0.7311780129910899,0.7478244787271595,0.24256921359383254,0.52,630
5,0,0,1,0.5595238095238095,0.9976190476190476,0.6821765928469227,0.6655989855526204,0.39702838175538235,0.5555555555555556,924
5,0,0,2,0.5674603174603174,0.9976190476190476,0.6815208757368053,0.6607491841079033,0.4106569575274525,0.5555555555555556,924
5,0,0,3,0.5873015873015873,0.9976190476190476,0.6882296910908303,0.6686325062039813,0.42240179735152605,0.5694444444444444,924
5,0,0,4,0.5734126984126984,0.9904761904761905,0.6756369493610346,0.6636521858544039,0.4338958856624204,0.5416666666666666,924
5,0,0,5,0.6031746031746031,0.9952380952380953,0.7065138135827183,0.6787278381271996,0.42954774462624223,0.5833333333333334,924
5,0,0,6,0.5773809523809523,0.9952380952380953,0.6759117359556495,0.6662583611091214,0.422660354234318,0.5416666666666666,924
5,0,0,7,0.5992063492063492,0.9952380952380953,0.6914671677805769,0.6731672310195145,0.41874671603983304,0.5694444444444444,924
5,0,0,8,0.6011904761904762,0.9928571428571429,0.7123486203509657,0.68080716457454,0.42670119217034863,0.5833333333333334,924
5,0,1,1,0.4662698412698413,1.0,0.6235511195225805,0.6567998067575281,0.31488091550912073,0.4583333333333333,924
5,0,1,2,0.49404761904761907,1.0,0.6393125494273102,0.6782446580931234,0.3396446898273905,0.4861111111111111,924
5,0,1,3,0.501984126984127,1.0,0.6497382105081175,0.689935219236084,0.33908997378493017,0.5,924
5,0,1,4,0.5158730158730159,1.0,0.6619190398128953,0.7008820211267811,0.3473119672804124,0.5138888888888888,924
5,0,1,5,0.47619047619047616,1.0,0.6190707627825025,0.6564487595248111,0.3303870829897507,0.5,924
5,0,1,6,0.503968253968254,1.0,0.6552671070721083,0.6875639149294441,0.3334153579005119,0.5,924
5,0,1,7,0.49603174603174605,1.0,0.6529550944549797,0.6929403243859562,0.34119196279757025,0.4861111111111111,924
5,0,1,8,0.4642857142857143,1.0,0.6328736855719204,0.6628711231127334,0.3232622611262813,0.4583333333333333,924
5,0,2,1,0.498015873015873,1.0,0.6435374129020202,0.6351801360686217,0.362666541295312,0.4722222222222222,924
5,0,2,2,0.5317460317460317,1.0,0.6604686799776054,0.6517416854966531,0.4030440792664689,0.5416666666666666,924
5,0,2,3,0.5238095238095238,1.0,0.6471200256493588,0.6434723233147556,0.3963549176901212,0.5138888888888888,924
5,0,2,4,0.5257936507936508,1.0,0.6636003070585668,0.6533973717590159,0.38854652392575983,0.5,924
5,0,2,5,0.503968253968254,1.0,0.6378618015256865,0.6353505756144912,0.38351636618704366,0.5138888888888888,924
5,0,2,6,0.5396825396825397,1.0,0.6633446081492261,0.6523310632769485,0.3976425893137592,0.5138888888888888,924
5,0,2,7,0.5317460317460317,1.0,0.6639243334882996,0.6539615195050724,0.39535602438363404,0.5138888888888888,924
5,0,2,8,0.5297619047619048,1.0,0.6539131532245691,0.6495039759964426,0.39007014189122713,0.5277777777777778,924
5,0,3,1,0.49007936507936506,0.9976190476190476,0.5481512173397429,0.6079983494052396,0.38297936917600306,0.3611111111111111,924
5,0,3,2,0.5337301587301587,0.9976190476190476,0.5705333240448622,0.6408253227396439,0.4266703187318859,0.4166666666666667,924
5,0,3,3,0.5496031746031746,0.9976190476190476,0.5906620349642195,0.6505313682303179,0.4403672241456615,0.4583333333333333,924
5,0,3,4,0.5496031746031746,1.0,0.5844448757766828,0.6465168546708441,0.4473537388262172,0.4305555555555556,924
5,0,3,5,0.5615079365079365,0.9976190476190476,0.5975535109849475,0.6518720020481509,0.44025024372531624,0.4861111111111111,924
5,0,3,6,0.5416666666666666,0.9976190476190476,0.5958745699126329,0.6466324002238104,0.41575988253046564,0.4305555555555556,924
5,0,3,7,0.5535714285714286,0.9976190476190476,0.5847398715122636,0.641565508723728,0.434079644046973,0.4444444444444444,924
5,0,3,8,0.5317460317460317,0.9976190476190476,0.5782348962670796,0.6385061946228359,0.40586908200134975,0.4444444444444444,924
5,0,4,1,0.56,0.95,0.7832442461962033,0.8000415714370828,0.27514459496785215,0.6,630
5,0,4,2,0.6057142857142858,0.9464285714285714,0.804604932545493,0.8185064863396071,0.30395197167449745,0.64,630
5,0,4,3,0.5771428571428572,0.9464285714285714,0.7991090780171762,0.8118004881860154,0.30074986185087077,0.62,630
5,0,4,4,0.5885714285714285,0.95,0.7953973087575219,0.8125666182859306,0.2916875575753443,0.62,630
5,0,4,5,0.5857142857142857,0.9464285714285714,0.8102053915455193,0.813931775151355,0.2971474201878998,0.62,630
5,0,4,6,0.5857142857142857,0.95,0.8062173021566091,0.8152852371140514,0.2835301760075293,0.62,630
5,0,4,7,0.5742857142857143,0.9464285714285714,0.7955074980855046,0.8080263069257176,0.29366545579600356,0.62,630
5,0,4,8,0.5914285714285714,0.95,0.8086755098674914,0.8165067509777181,0.29436835408354384,0.62,630
6,0,0,1,0.6884920634920635,0.9976190476190476,0.7133491465863908,0.6916815476951093,0.5241326373253243,0.6666666666666666,924
6,0,0,2,0.6924603174603174,0.9976190476190476,0.7266379503492316,0.7078518223139125,0.5161845251289584,0.6666666666666666,924
6,0,0,3,0.7123015873015873,0.9976190476190476,0.7339025323972513,0.7063393268960486,0.5356292318055347,0.6805555555555556,924
6,0,0,4,0.6845238095238095,0.9976190476190476,0.7098464318572176,0.6933183850208609,0.523954036156753,0.6666666666666666,924
6,0,0,5,0.6924603174603174,1.0,0.7255159785693641,0.7008378995203611,0.5215222821729153,0.6666666666666666,924
6,0,0,6,0.6984126984126984,0.9976190476190476,0.7241652807702903,0.7020989394512797,0.5351512472597317,0.6666666666666666,924
6,0,0,7,0.6924603174603174,0.9976190476190476,0.7359111720577101,0.7111224246677816,0.5188006564569946,0.6666666666666666,924
6,0,0,8,0.6944444444444444,1.0,0.7141945407147088,0.6952167675366056,0.5255696842719446,0.6805555555555556,924
6,0,1,1,0.626984126984127,1.0,0.6952420984025376,0.7200905198696739,0.4315593200357193,0.625,924
6,0,1,2,0.6408730158730159,1.0,0.7131090261795219,0.7370137585103868,0.44252441371851453,0.6527777777777778,924
6,0,1,3,0.6448412698412699,1.0,0.7013655763420588,0.7292373711818786,0.4496437431517142,0.6805555555555556,924
6,0,1,4,0.6686507936507936,1.0,0.7352631676133856,0.7622323329571769,0.4718238022853526,0.6944444444444444,924
6,0,1,5,0.6488095238095238,1.0,0.7044259361571508,0.7319792970339466,0.44985045845756483,0.6666666666666666,924
6,0,1,6,0.6388888888888888,1.0,0.7097309305259546,0.7360176428091268,0.44655755728360214,0.6944444444444444,924
6,0,1,7,0.6527777777777778,1.0,0.7223585980997549,0.7498743365336556,0.4437679994103948,0.6666666666666666,924
6,0,1,8,0.6587301587301587,1.0,0.7146021857905372,0.7409856365335835,0.4490455018468994,0.6944444444444444,924
6,0,2,1,0.5873015873015873,1.0,0.6415047425868329,0.6485892535196617,0.47515459656552494,0.5972222222222222,924
6,0,2,2,0.6190476190476191,1.0,0.6705953025211433,0.6717956222523247,0.5051824502176928,0.6111111111111112,924
6,0,2,3,0.5952380952380952,1.0,0.6531695455895834,0.6631140540963456,0.5012079254807031,0.5972222222222222,924
6,0,2,4,0.6130952380952381,1.0,0.666007591330583,0.6679832949858706,0.5021919931692862,0.5972222222222222,924
6,0,2,5,0.625,1.0,0.6766931956624884,0.67360422284041,0.5188443322365387,0.625,924
6,0,2,6,0.5972222222222222,1.0,0.6647511253647805,0.6625586650170912,0.4869882380225292,0.5972222222222222,924
6,0,2,7,0.628968253968254,1.0,0.6720811811285796,0.6776063748841892,0.5166240099867478,0.625,924
6,0,2,8,0.5873015873015873,1.0,0.6540079226565296,0.6566171810620519,0.4880459444209586,0.5833333333333334,924
6,0,3,1,0.6349206349206349,1.0,0.6420178240931955,0.7077230456707678,0.5320414571308668,0.5694444444444444,924
6,0,3,2,0.6468253968253969,1.0,0.6344719516231352,0.7041224828740406,0.5435510402231167,0.5416666666666666,924
6,0,3,3,0.6587301587301587,1.0,0.6519622756674528,0.7150259799710353,0.5520140630368524,0.5833333333333334,924
6,0,3,4,0.6468253968253969,1.0,0.639827033280479,0.7079175449115139,0.5313402768091653,0.5555555555555556,924
6,0,3,5,0.6507936507936508,1.0,0.6475467907656154,0.7078911274818067,0.5376765190180017,0.5416666666666666,924
6,0,3,6,0.6388888888888888,1.0,0.6390090024407244,0.7094514647628509,0.5339016317097456,0.5555555555555556,924
6,0,3,7,0.6587301587301587,1.0,0.6568068875701394,0.7156746631632548,0.5457741340001612,0.5972222222222222,924
6,0,3,8,0.6706349206349206,1.0,0.6542817234246603,0.721263626852718,0.5501528806193304,0.6111111111111112,924
6,0,4,1,0.6714285714285714,0.9571428571428572,0.8196958142002035,0.8280620765179679,0.4279141465781675,0.7,630
6,0,4,2,0.7142857142857143,0.9607142857142857,0.8257608556566938,0.8399630319992908,0.4816434335886069,0.78,630
6,0,4,3,0.7142857142857143,0.9607142857142857,0.8263077687459504,0.8424178822358379,0.5105143021769626,0.78,630
6,0,4,4,0.7285714285714285,0.9607142857142857,0.8268359217414668,0.8480957838946188,0.45001594790269683,0.8,630
6,0,4,5,0.7114285714285714,0.9607142857142857,0.8461598305844606,0.8487482211878368,0.48317675531718796,0.76,630
6,0,4,6,0.7,0.9535714285714286,0.8342556014702601,0.8415885683348584,0.44590048650527236,0.74,630
6,0,4,7,0.7142857142857143,0.9571428571428572,0.85374035553672,0.8625617250734938,0.47136412660787497,0.76,630
6,0,4,8,0.7057142857142857,0.9571428571428572,0.8361709579145463,0.8459305900303504,0.48901662742639673,0.76,630
7,0,0,1,0.751984126984127,0.9952380952380953,0.7520019739923981,0.7424657429633136,0.5588620785905176,0.6666666666666666,924
7,0,0,2,0.7261904761904762,0.9928571428571429,0.7331962583189804,0.7324467572895753,0.5481637614044561,0.6944444444444444,924
7,0,0,3,0.7380952380952381,0.9928571428571429,0.7408213284628526,0.7239221339342878,0.5526776046312553,0.6944444444444444,924
7,0,0,4,0.7380952380952381,0.9928571428571429,0.7457022363424582,0.7442895625340925,0.5617948289657372,0.6944444444444444,924
7,0,0,5,0.7202380952380952,0.9928571428571429,0.7299941210699028,0.7271886938247903,0.5399627608140534,0.6527777777777778,924
7,0,0,6,0.7380952380952381,0.9928571428571429,0.7365749448648535,0.7312148434041454,0.5841302172149623,0.7083333333333334,924
7,0,0,7,0.753968253968254,0.9928571428571429,0.739934579264858,0.7414311593752022,0.5837350312608653,0.7083333333333334,924
7,0,0,8,0.7162698412698413,0.9928571428571429,0.7198802108251479,0.7176164665634328,0.5435753228374682,0.6805555555555556,924
7,0,1,1,0.7222222222222222,1.0,0.7350508699885951,0.7614560490826123,0.49085910999151805,0.7638888888888888,924
7,0,1,2,0.7142857142857143,1.0,0.7424527526001967,0.7612120925336182,0.49809046516024746,0.7361111111111112,924
7,0,1,3,0.7222222222222222,1.0,0.7371701847715229,0.7570108918239628,0.49753992042611606,0.7638888888888888,924
7,0,1,4,0.7261904761904762,1.0,0.744138666678213,0.758219193496633,0.5020798559190979,0.7777777777777778,924
7,0,1,5,0.7440476190476191,0.9976190476190476,0.7429204066392956,0.7821125800786761,0.5415158809774601,0.7638888888888888,924
7,0,1,6,0.7182539682539683,1.0,0.7253277292555729,0.7467898340345894,0.5004019265249173,0.75,924
7,0,1,7,0.7162698412698413,0.9976190476190476,0.7398274105079239,0.7768631056143389,0.5113178009176795,0.7361111111111112,924
7,0,1,8,0.7380952380952381,0.9976190476190476,0.7345127212973924,0.7560698385161417,0.4988267304992191,0.7638888888888888,924
7,0,2,1,0.6428571428571429,1.0,0.6754928690561668,0.6775486393556606,0.5343969152526408,0.625,924
7,0,2,2,0.6666666666666666,1.0,0.6916130526413509,0.6956122407691604,0.5745057417646124,0.6527777777777778,924
7,0,2,3,0.6706349206349206,1.0,0.6936847834682766,0.6958180754320034,0.5679898873538914,0.6666666666666666,924
7,0,2,4,0.6726190476190477,1.0,0.6949191525427549,0.7048266771517043,0.5709791172302497,0.6527777777777778,924
7,0,2,5,0.6646825396825397,1.0,0.6927026337531488,0.6932949661099832,0.5860489834052356,0.6666666666666666,924
7,0,2,6,0.6706349206349206,1.0,0.6938227873955073,0.7020966117331874,0.566346625140804,0.6666666666666666,924
7,0,2,7,0.6746031746031746,1.0,0.6879970149723204,0.6923852496276962,0.5829708855139464,0.6805555555555556,924
7,0,2,8,0.6507936507936508,1.0,0.6882920495495276,0.6866638795025721,0.5688335954945059,0.6388888888888888,924
7,0,3,1,0.6944444444444444,1.0,0.6563514286975987,0.7091218847426715,0.5581408956638707,0.6111111111111112,924
7,0,3,2,0.7043650793650794,1.0,0.6536025888111318,0.715032336842471,0.5836328382133437,0.6527777777777778,924
7,0,3,3,0.7281746031746031,1.0,0.6830984227193847,0.7330011777113186,0.5707918403796433,0.6527777777777778,924
7,0,3,4,0.7123015873015873,1.0,0.6503198136571418,0.713897258151262,0.5891533259420699,0.6527777777777778,924
7,0,3,5,0.7202380952380952,1.0,0.6613799438278924,0.7238217174401077,0.5909146681724542,0.6527777777777778,924
7,0,3,6,0.7301587301587301,1.0,0.6685608994191757,0.7286370541761816,0.6002741894136396,0.6527777777777778,924
7,0,3,7,0.7123015873015873,1.0,0.6585926093758099,0.7150152382031105,0.5763510733762176,0.6666666666666666,924
7,0,3,8,0.7083333333333334,1.0,0.6610084835092755,0.7192913128009298,0.5674301261706841,0.6111111111111112,924
7,0,4,1,0.74,0.9571428571428572,0.8348632095427869,0.8607370347996772,0.49455360014040034,0.76,630
7,0,4,2,0.7885714285714286,0.9607142857142857,0.8634932260366516,0.8932463444285821,0.5474887426907079,0.8,630
7,0,4,3,0.7714285714285715,0.9607142857142857,0.8585756846332976,0.8861248581049787,0.5183818010075829,0.8,630
7,0,4,4,0.76,0.9571428571428572,0.8655508874175594,0.8839053753706204,0.5372247568108087,0.8,630
7,0,4,5,0.7742857142857142,0.9571428571428572,0.8494040758730271,0.8811399964690693,0.569861325127828,0.8,630
7,0,4,6,0.7828571428571428,0.9571428571428572,0.8600751679208032,0.8853771337273112,0.563155943409237,0.8,630
7,0,4,7,0.76,0.9535714285714286,0.84033307037998,0.8673550736672644,0.552727009971728,0.8,630
7,0,4,8,0.78,0.9607142857142857,0.8428904367602693,0.8809942476760932,0.5576928324650163,0.8,630
8,0,0,1,0.8095238095238095,0.9952380952380953,0.7598857067704297,0.7453497884906523,0.6118534881287963,0.7777777777777778,924
8,0,0,2,0.7896825396825397,0.9928571428571429,0.7636245644819282,0.7447863073873371,0.6493862474601962,0.7361111111111112,924
8,0,0,3,0.7996031746031746,0.9928571428571429,0.7653054403759648,0.7454790875060612,0.6535897632305313,0.75,924
8,0,0,4,0.8174603174603174,0.9928571428571429,0.775537746451769,0.7609262273608485,0.6421785039012191,0.7916666666666666,924
8,0,0,5,0.8154761904761905,0.9952380952380953,0.7734099512358448,0.7655794162221609,0.6550240886291576,0.7777777777777778,924
8,0,0,6,0.7777777777777778,0.9928571428571429,0.7583724011827926,0.7427703952068797,0.6469878698062494,0.7222222222222222,924
8,0,0,7,0.7996031746031746,0.9928571428571429,0.763849158700077,0.7535665964055606,0.637178774654662,0.75,924
8,0,0,8,0.8154761904761905,0.9952380952380953,0.7759460862472166,0.7590055583238827,0.6551572652921109,0.7777777777777778,924
8,0,1,1,0.7341269841269841,1.0,0.7492240605247896,0.756067205803231,0.5249931284018776,0.75,924
8,0,1,2,0.7638888888888888,1.0,0.7722114838785806,0.7800438680002667,0.5646976525558585,0.7777777777777778,924
8,0,1,3,0.7638888888888888,1.0,0.7740313175114619,0.7841032058001526,0.5423371606883888,0.7638888888888888,924
8,0,1,4,0.7718253968253969,1.0,0.7691157826755288,0.7846515956209219,0.5617394162337462,0.7916666666666666,924
8,0,1,5,0.7857142857142857,1.0,0.7876102302429657,0.7948241003365468,0.5792520374530242,0.7777777777777778,924
8,0,1,6,0.7698412698412699,1.0,0.7767963162727478,0.7900910876216819,0.5612373979022778,0.7777777777777778,924
8,0,1,7,0.7638888888888888,1.0,0.7709541882487762,0.779105465908989,0.5731394262193946,0.7638888888888888,924
8,0,1,8,0.7817460317460317,1.0,0.7748887552217468,0.785504263414799,0.5801561154407713,0.7777777777777778,924
8,0,2,1,0.7261904761904762,1.0,0.714257593785103,0.7222595305762938,0.6149091116457642,0.7222222222222222,924
8,0,2,2,0.7440476190476191,1.0,0.7133241733174482,0.7250367287495265,0.6722015556228573,0.7361111111111112,924
8,0,2,3,0.7559523809523809,1.0,0.7400462953821758,0.7421887539449312,0.6610668303329474,0.75,924
8,0,2,4,0.751984126984127,1.0,0.7173025931737401,0.7294348162298788,0.6587920099035739,0.7638888888888888,924
8,0,2,5,0.748015873015873,1.0,0.7284951947454874,0.735036577179953,0.6827270452004419,0.7361111111111112,924
8,0,2,6,0.7559523809523809,1.0,0.7322220467517555,0.7366664145928675,0.6859725333586033,0.7638888888888888,924
8,0,2,7,0.7440476190476191,1.0,0.7205407851154945,0.7258304802126498,0.6750535325653041,0.75,924
8,0,2,8,0.7579365079365079,1.0,0.7340815959034744,0.7444276865863811,0.6777067762649596,0.7638888888888888,924
8,0,3,1,0.7420634920634921,1.0,0.66483031943197,0.7117172247481393,0.6283998456123139,0.6666666666666666,924
8,0,3,2,0.7797619047619048,1.0,0.6916077641880366,0.7370492390475895,0.6602475537389434,0.75,924
8,0,3,3,0.7936507936507936,1.0,0.7127341982203992,0.7502824106044967,0.6733154481958208,0.7638888888888888,924
8,0,3,4,0.7976190476190477,1.0,0.7097410207672614,0.7509884011123384,0.6919532782423015,0.8194444444444444,924
8,0,3,5,0.7956349206349206,1.0,0.7036321224635478,0.7463756023038974,0.6795067627323181,0.7916666666666666,924
8,0,3,6,0.8035714285714286,1.0,0.7261776155782811,0.7608667714137285,0.6835490617533031,0.7777777777777778,924
8,0,3,7,0.7936507936507936,1.0,0.7059097293289655,0.7496661958333458,0.673790173062258,0.7777777777777778,924
8,0,3,8,0.7976190476190477,1.0,0.7053221867997437,0.7501316521402139,0.7001179299218985,0.7777777777777778,924
8,0,4,1,0.84,0.9571428571428572,0.8686763065364483,0.9071839457975901,0.5983698789849439,0.86,630
8,0,4,2,0.84,0.9571428571428572,0.8907183822053425,0.9246060113055643,0.5849558408974197,0.86,630
8,0,4,3,0.8571428571428571,0.9571428571428572,0.8830312081128083,0.9206068461028017,0.6103232391012824,0.88,630
8,0,4,4,0.8485714285714285,0.9571428571428572,0.8753375163710801,0.9139263630356689,0.598296469260178,0.86,630
8,0,4,5,0.8657142857142858,0.9571428571428572,0.8874500165867151,0.9231927379813416,0.5999675425045456,0.88,630
8,0,4,6,0.86,0.9571428571428572,0.8861677860900378,0.917745275491593,0.5801036805825925,0.88,630
8,0,4,7,0.8457142857142858,0.9571428571428572,0.8832815925075367,0.9186955723193,0.6172465327579199,0.86,630
8,0,4,8,0.86,0.9571428571428572,0.8899677055316608,0.9240084058144413,0.6401930557046148,0.88,630
9,0,0,1,0.7876984126984127,0.9976190476190476,0.7312478191802646,0.7206253801154315,0.6365146903924759,0.7222222222222222,924
9,0,0,2,0.8055555555555556,0.9976190476190476,0.7615148617639994,0.7527134646009565,0.6854817808935414,0.7638888888888888,924
9,0,0,3,0.8015873015873016,0.9976190476190476,0.7599196694703179,0.7466438928729423,0.6763237417164824,0.7638888888888888,924
9,0,0,4,0.7996031746031746,0.9976190476190476,0.7560796186381396,0.7473627124525483,0.6875701791482944,0.7638888888888888,924
9,0,0,5,0.8015873015873016,0.9976190476190476,0.7656273331946302,0.745055830720239,0.6907011217136197,0.75,924
9,0,0,6,0.8035714285714286,0.9976190476190476,0.7514111676936439,0.7394331507289776,0.6877486959450899,0.75,924
9,0,0,7,0.8055555555555556,0.9976190476190476,0.7718815203554297,0.7615971031660188,0.6948104590298405,0.75,924
9,0,0,8,0.8035714285714286,0.9976190476190476,0.7535829682307111,0.7486469225352572,0.6859056677967581,0.7638888888888888,924
9,0,1,1,0.7361111111111112,1.0,0.7387196714429756,0.743980258755022,0.5634060982536668,0.7361111111111112,924
9,0,1,2,0.7579365079365079,0.9976190476190476,0.7486478588643868,0.7684432158138109,0.5855173523095315,0.7638888888888888,924
9,0,1,3,0.7440476190476191,1.0,0.7223275576901553,0.7592235531964255,0.5727941473181397,0.75,924
9,0,1,4,0.746031746031746,0.9976190476190476,0.7426765826600383,0.7733989084077014,0.6033294923898758,0.7361111111111112,924
9,0,1,5,0.75,1.0,0.7424249087021846,0.76289616466169,0.591153832322941,0.75,924
9,0,1,6,0.75,0.9952380952380953,0.7429779544657624,0.7711321364928518,0.6237658948177516,0.7222222222222222,924
9,0,1,7,0.751984126984127,0.9976190476190476,0.7375854712837988,0.7581770029830701,0.5842798756083974,0.75,924
9,0,1,8,0.751984126984127,0.9976190476190476,0.7415042208514488,0.7592124369087361,0.5834433580227629,0.7222222222222222,924
9,0,2,1,0.7321428571428571,1.0,0.6932744004942613,0.7094298971065617,0.6456481771362783,0.75,924
9,0,2,2,0.7718253968253969,1.0,0.7215091060389431,0.7354821171373525,0.7121435408458548,0.75,924
9,0,2,3,0.7777777777777778,1.0,0.7250729609881768,0.7365957563608263,0.6812016214986711,0.7777777777777778,924
9,0,2,4,0.7817460317460317,1.0,0.7160299257269522,0.728822955061359,0.6886712248847427,0.7916666666666666,924
9,0,2,5,0.7757936507936508,1.0,0.7289668702615633,0.746456271514749,0.7093486926292932,0.7777777777777778,924
9,0,2,6,0.7837301587301587,1.0,0.7141872073141337,0.7271425824200655,0.7153815478122318,0.7777777777777778,924
9,0,2,7,0.7777777777777778,1.0,0.7201598004540721,0.7359372350813819,0.7044325328055618,0.7777777777777778,924
9,0,2,8,0.7896825396825397,1.0,0.72022186549485,0.7349821730445285,0.6962645587381053,0.7916666666666666,924
9,0,3,1,0.7817460317460317,1.0,0.7070554092965466,0.7510753586663035,0.6303538691990962,0.7083333333333334,924
9,0,3,2,0.7916666666666666,1.0,0.7129380494163993,0.7497310863102175,0.6835185806384243,0.7361111111111112,924
9,0,3,3,0.8234126984126984,1.0,0.7466571345401567,0.7846499018574956,0.6947028935785955,0.7916666666666666,924
9,0,3,4,0.8035714285714286,1.0,0.7138359847762442,0.7580306545760488,0.6792123882424788,0.75,924
9,0,3,5,0.8095238095238095,1.0,0.7337625713707804,0.7759084475824256,0.688546359398942,0.7638888888888888,924
9,0,3,6,0.8134920634920635,1.0,0.7277206105958465,0.7605385902374261,0.7143344514666476,0.7638888888888888,924
9,0,3,7,0.7976190476190477,1.0,0.7242920008184243,0.7661607150266337,0.6838383206827428,0.75,924
9,0,3,8,0.8075396825396826,1.0,0.7351445211266225,0.7625327768618421,0.7029426694797154,0.7361111111111112,924
9,0,4,1,0.88,0.9571428571428572,0.8763762279168842,0.894414859238179,0.6575428517134628,0.9,630
9,0,4,2,0.9,0.9571428571428572,0.8682051491109525,0.9063126684744289,0.7148400231995768,0.94,630
9,0,4,3,0.9,0.9571428571428572,0.8947031541692263,0.9135472354660786,0.702442079521066,0.94,630
9,0,4,4,0.8971428571428571,0.9607142857142857,0.8956330280351141,0.9188804836360402,0.7178446430489558,0.94,630
9,0,4,5,0.8857142857142857,0.9607142857142857,0.8649205620428535,0.9112089033572043,0.7050609600041302,0.92,630
9,0,4,6,0.9,0.9607142857142857,0.9008540057764669,0.9195828187959624,0.6766151990910012,0.94,630
9,0,4,7,0.9171428571428571,0.9607142857142857,0.879585226023301,0.9152453132275196,0.717493397171867,0.96,630
9,0,4,8,0.8885714285714286,0.9642857142857143,0.8872626858471584,0.9144617985691499,0.7338721310503591,0.92,630
10,0,0,1,0.8115079365079365,1.0,0.7611425780971921,0.7596444266642646,0.6503527002169134,0.7777777777777778,924
10,0,0,2,0.8412698412698413,1.0,0.7683937256508855,0.7791261340201789,0.6975600515355035,0.8472222222222222,924
10,0,0,3,0.8313492063492064,0.9976190476190476,0.7753929900177878,0.7803622358149975,0.6914258063193524,0.8194444444444444,924
10,0,0,4,0.8591269841269841,1.0,0.7963106229875093,0.80081589363826,0.7007857612716635,0.8611111111111112,924
10,0,0,5,0.8313492063492064,0.9976190476190476,0.7623724288930238,0.7697712227639425,0.6672651021524434,0.8194444444444444,924
10,0,0,6,0.8194444444444444,0.9976190476190476,0.7700752388410403,0.7639809956501943,0.6885585812867483,0.7916666666666666,924
10,0,0,7,0.8373015873015873,0.9976190476190476,0.7787329378529799,0.7815913494211794,0.6993622897813511,0.8194444444444444,924
10,0,0,8,0.8531746031746031,0.9976190476190476,0.7898834517783084,0.7886315208593626,0.7161046056747731,0.8472222222222222,924
10,0,1,1,0.751984126984127,0.9952380952380953,0.7623974648425196,0.7784614506663152,0.5860383039821472,0.75,924
10,0,1,2,0.7658730158730159,0.9952380952380953,0.7593850448281378,0.7924069581478711,0.6182749307774109,0.7777777777777778,924
10,0,1,3,0.7757936507936508,0.9952380952380953,0.7886381552779739,0.8117958999990683,0.6157296541370023,0.7916666666666666,924
10,0,1,4,0.7718253968253969,0.9952380952380953,0.7729624321048243,0.7947261408058903,0.6199739264197269,0.7777777777777778,924
10,0,1,5,0.7658730158730159,0.9976190476190476,0.7705283841848772,0.787630174771475,0.6123359246624507,0.7777777777777778,924
10,0,1,6,0.7936507936507936,0.9952380952380953,0.7683430614383842,0.7909281768649803,0.6339789567040246,0.7638888888888888,924
10,0,1,7,0.7698412698412699,0.9952380952380953,0.7701654927125978,0.7912286219684962,0.6236792027774543,0.7916666666666666,924
10,0,1,8,0.7777777777777778,0.9952380952380953,0.7799078576002303,0.802064932420131,0.6106632800643628,0.7777777777777778,924
10,0,2,1,0.7638888888888888,1.0,0.7153813703138002,0.7284039639144344,0.6087232456319254,0.75,924
10,0,2,2,0.8174603174603174,1.0,0.7453398039168706,0.7614176120738382,0.7002459360972111,0.8194444444444444,924
10,0,2,3,0.8234126984126984,1.0,0.7444120377538743,0.7748003496025562,0.7112617163460897,0.8333333333333334,924
10,0,2,4,0.8432539682539683,1.0,0.7616820257111944,0.7785585974474801,0.7144085452558375,0.8611111111111112,924
10,0,2,5,0.8353174603174603,1.0,0.7500183754387869,0.7760699637119713,0.7165932343987046,0.8472222222222222,924
10,0,2,6,0.8373015873015873,1.0,0.7489152710915059,0.7725297155510841,0.7228694237570139,0.8611111111111112,924
10,0,2,7,0.8333333333333334,1.0,0.7614437804817782,0.7797494175852328,0.7227578653829878,0.8472222222222222,924
10,0,2,8,0.8174603174603174,1.0,0.7504895814219333,0.7723301506533665,0.7090145532872145,0.8194444444444444,924
10,0,3,1,0.8293650793650794,1.0,0.7255758464550515,0.7736892780839794,0.6869472562991699,0.7777777777777778,924
10,0,3,2,0.8551587301587301,1.0,0.7577334933707656,0.7954167143601204,0.7145404845780654,0.8472222222222222,924
10,0,3,3,0.8452380952380952,1.0,0.7560225184449694,0.8002807925468266,0.7042323558071588,0.8472222222222222,924
10,0,3,4,0.8472222222222222,1.0,0.7635452533604852,0.8025299708759285,0.71029531850779,0.8194444444444444,924
10,0,3,5,0.8531746031746031,1.0,0.7573253901084742,0.7977332658074036,0.7185749365635867,0.8333333333333334,924
10,0,3,6,0.8492063492063492,1.0,0.7440688917802314,0.7903995945502617,0.7137693267158558,0.8611111111111112,924
10,0,3,7,0.8591269841269841,1.0,0.7617958638095669,0.8068214016432743,0.7259313645158366,0.8333333333333334,924
10,0,3,8,0.8472222222222222,1.0,0.7457202856804902,0.8001461143660188,0.702876533264494,0.8333333333333334,924
10,0,4,1,0.9085714285714286,0.9535714285714286,0.8756266373132028,0.9122938928482018,0.6560022601945164,0.94,630
10,0,4,2,0.8942857142857142,0.9571428571428572,0.8998723999098966,0.9299484150524963,0.7016303496441657,0.94,630
10,0,4,3,0.9114285714285715,0.9535714285714286,0.9097296691470708,0.9420283676479487,0.7112873275731393,0.94,630
10,0,4,4,0.8942857142857142,0.9571428571428572,0.90064028371513,0.9322354586228137,0.7017088235651162,0.94,630
10,0,4,5,0.9142857142857143,0.9535714285714286,0.8969344422489968,0.9386890464532092,0.6715505540823477,0.94,630
10,0,4,6,0.9057142857142857,0.9535714285714286,0.9038402935414659,0.9383794224096275,0.6887852321599612,0.94,630
10,0,4,7,0.9142857142857143,0.9535714285714286,0.8993172076404268,0.9362886078193047,0.7139290851298419,0.94,630
10,0,4,8,0.9057142857142857,0.9535714285714286,0.9049127765241175,0.9372538974532895,0.6816283677201261,0.94,630
11,0,0,1,0.8591269841269841,1.0,0.7688147855798062,0.7857138267550922,0.6976105799663376,0.8333333333333334,924
11,0,0,2,0.876984126984127,1.0,0.8314456234598802,0.8332495438865682,0.7460420775084551,0.8472222222222222,924
11,0,0,3,0.873015873015873,1.0,0.8231757442196459,0.8270637946945536,0.7479248685868234,0.8333333333333334,924
11,0,0,4,0.876984126984127,1.0,0.8329766293580443,0.8306927986928878,0.7665002087356205,0.8333333333333334,924
11,0,0,5,0.8829365079365079,1.0,0.8469000759505347,0.848795604795979,0.7634251772216587,0.8333333333333334,924
11,0,0,6,0.8869047619047619,1.0,0.8360254234639073,0.8395830768918717,0.7600357546355667,0.8333333333333334,924
11,0,0,7,0.873015873015873,1.0,0.8153801937942293,0.8224781306945402,0.7475486852363306,0.8472222222222222,924
11,0,0,8,0.8869047619047619,1.0,0.8360442952075173,0.8362581359004894,0.7554338475120981,0.8472222222222222,924
11,0,1,1,0.7876984126984127,1.0,0.8046281046482961,0.83064504816776,0.6279841918956766,0.7916666666666666,924
11,0,1,2,0.7976190476190477,0.9952380952380953,0.8261631836674208,0.844977704599167,0.6594764855338038,0.8055555555555556,924
11,0,1,3,0.8015873015873016,0.9976190476190476,0.8259256683404645,0.8468352141256715,0.6605650269310617,0.8055555555555556,924
11,0,1,4,0.8134920634920635,0.9952380952380953,0.8187683249853859,0.8535247917570974,0.6605764384163983,0.8055555555555556,924
11,0,1,5,0.7936507936507936,0.9976190476190476,0.8189550547533713,0.8418521533621005,0.6656491324311534,0.8055555555555556,924
11,0,1,6,0.8015873015873016,0.9976190476190476,0.8124393152188015,0.8512385907535234,0.6471489405746835,0.7916666666666666,924
11,0,1,7,0.8055555555555556,0.9952380952380953,0.8164659879663462,0.8546124823712067,0.674723669519371,0.8055555555555556,924
11,0,1,8,0.7896825396825397,0.9952380952380953,0.802502646917302,0.8394461816041312,0.651469246302861,0.7916666666666666,924
11,0,2,1,0.8472222222222222,1.0,0.7947378945143719,0.8156434760968256,0.7659022511564945,0.8472222222222222,924
11,0,2,2,0.8829365079365079,1.0,0.8423615478404248,0.8642102567447639,0.8413597267574824,0.875,924
11,0,2,3,0.876984126984127,1.0,0.8326700249723014,0.8533616582570758,0.8294010972665082,0.8611111111111112,924
11,0,2,4,0.871031746031746,1.0,0.8250782631820358,0.845779863516349,0.8084505241160593,0.8611111111111112,924
11,0,2,5,0.8829365079365079,1.0,0.8447557720576255,0.8656717877687725,0.8177186682812254,0.8888888888888888,924
11,0,2,6,0.878968253968254,1.0,0.8214742439253635,0.8469271032792394,0.8121374744107335,0.875,924
11,0,2,7,0.878968253968254,1.0,0.8343756720477451,0.8540870165645974,0.8350549431224186,0.8611111111111112,924
11,0,2,8,0.8690476190476191,1.0,0.8333289772880275,0.854033442323525,0.8172347612195698,0.875,924
11,0,3,1,0.8869047619047619,1.0,0.7929710963768811,0.8474269998049406,0.7138043402345298,0.8888888888888888,924
11,0,3,2,0.9186507936507936,1.0,0.8050774272160943,0.8504123935676331,0.7626067507264136,0.9305555555555556,924
11,0,3,3,0.9146825396825397,1.0,0.8019962202034531,0.8441374043244038,0.7550123215450932,0.9166666666666666,924
11,0,3,4,0.9166666666666666,1.0,0.8081460429303775,0.8520951963467335,0.7642107404801981,0.9166666666666666,924
11,0,3,5,0.9186507936507936,1.0,0.8075965896274604,0.8454243079160912,0.7751707340673177,0.9166666666666666,924
11,0,3,6,0.9186507936507936,1.0,0.8116804125214834,0.8589784436132804,0.7400930121723338,0.9166666666666666,924
11,0,3,7,0.9107142857142857,1.0,0.8160954796840785,0.8640820800714009,0.7426770374231941,0.9027777777777778,924
11,0,3,8,0.9047619047619048,1.0,0.8018296642948661,0.8433525728555445,0.7494607161189368,0.9027777777777778,924
11,0,4,1,0.92,0.9571428571428572,0.9035846316299025,0.9423272347700296,0.6737415403224775,0.94,630
11,0,4,2,0.9228571428571428,0.9571428571428572,0.9263427700754732,0.9617641024450077,0.7288062631785976,0.94,630
11,0,4,3,0.9371428571428572,0.9535714285714286,0.9456466734465064,0.9821588652710989,0.7405099052753502,0.94,630
11,0,4,4,0.9257142857142857,0.9571428571428572,0.9309084770759574,0.9580951932026932,0.7379680382327144,0.94,630
11,0,4,5,0.9342857142857143,0.9571428571428572,0.9380060831454167,0.9776970475946605,0.727719428797361,0.94,630
11,0,4,6,0.9285714285714286,0.9535714285714286,0.9546292703281163,0.9819738931438831,0.7349043319201184,0.94,630
11,0,4,7,0.9228571428571428,0.9535714285714286,0.9340403536995826,0.9742251975568531,0.7242287008795509,0.94,630
11,0,4,8,0.92,0.9571428571428572,0.9379609903684343,0.9672350530773333,0.7239030240476214,0.94,630
12,0,0,1,0.9226190476190477,0.9976190476190476,0.8363437953158028,0.8543605563982236,0.8054961668409643,0.9305555555555556,924
12,0,0,2,0.9365079365079365,1.0,0.8675863050008995,0.8774424108030869,0.8569929815500024,0.9444444444444444,924
12,0,0,3,0.9246031746031746,0.9976190476190476,0.8646189731899074,0.8776526494462517,0.8688949905106189,0.9166666666666666,924
12,0,0,4,0.9285714285714286,0.9976190476190476,0.8701699405761998,0.8893164954708666,0.8522862800900797,0.9166666666666666,924
12,0,0,5,0.9325396825396826,1.0,0.8651417869418723,0.8813853697521595,0.8614645375262654,0.9444444444444444,924
12,0,0,6,0.9305555555555556,0.9976190476190476,0.87704911346435,0.8899393231191497,0.8659491177405082,0.9166666666666666,924
12,0,0,7,0.9345238095238095,0.9976190476190476,0.8676374407853323,0.8849149370353911,0.8660362709807552,0.9305555555555556,924
12,0,0,8,0.9365079365079365,1.0,0.8818591903300814,0.9002903316659449,0.8695320401137123,0.9444444444444444,924
12,0,1,1,0.8333333333333334,0.9928571428571429,0.8253603605884021,0.8539662390620468,0.7516693192685941,0.8055555555555556,924
12,0,1,2,0.8551587301587301,0.9904761904761905,0.8502308432024513,0.8771374381467646,0.8056810908628109,0.8055555555555556,924
12,0,1,3,0.8611111111111112,0.9904761904761905,0.8596720502657205,0.8895254932991081,0.8074439829843464,0.8055555555555556,924
12,0,1,4,0.8650793650793651,0.9928571428571429,0.8693771422435693,0.8943399293678084,0.79671360142381,0.8055555555555556,924
12,0,1,5,0.8630952380952381,0.9904761904761905,0.857609440006345,0.8896031871661436,0.7969997539359478,0.8055555555555556,924
12,0,1,6,0.8571428571428571,0.9928571428571429,0.8582277757950578,0.8793400532599566,0.8079092671078674,0.8055555555555556,924
12,0,1,7,0.8630952380952381,0.9928571428571429,0.8560695744488283,0.8878292115326384,0.7741829658508534,0.8055555555555556,924
12,0,1,8,0.8591269841269841,0.9928571428571429,0.864970639076075,0.8847499730849292,0.7974259870200393,0.8055555555555556,924
12,0,2,1,0.8869047619047619,1.0,0.8034081238129089,0.8175672561977405,0.8704143850373336,0.9166666666666666,924
12,0,2,2,0.9107142857142857,1.0,0.8464205273350154,0.8625469806033403,0.921014774478078,0.9166666666666666,924
12,0,2,3,0.9107142857142857,1.0,0.8508613724260903,0.8647296986469386,0.9253765288395246,0.9166666666666666,924
12,0,2,4,0.8968253968253969,1.0,0.853347677207337,0.8577914472144794,0.8986341151766267,0.9166666666666666,924
12,0,2,5,0.9067460317460317,1.0,0.8443667292470646,0.8604692431021842,0.9330227540822822,0.9166666666666666,924
12,0,2,6,0.9027777777777778,1.0,0.8362375219874372,0.8553788642005606,0.9163631399550477,0.9166666666666666,924
12,0,2,7,0.9067460317460317,1.0,0.8612450614684403,0.8726339695698211,0.9150469146811362,0.9166666666666666,924
12,0,2,8,0.9087301587301587,1.0,0.8668999073014114,0.8765447050972865,0.9228585037907611,0.9166666666666666,924
12,0,3,1,0.878968253968254,1.0,0.813818676482325,0.8491841423206842,0.7577341957882747,0.875,924
12,0,3,2,0.9325396825396826,1.0,0.8517386083252043,0.891462078424299,0.8073754438634966,0.9444444444444444,924
12,0,3,3,0.9424603174603174,1.0,0.8594816453670188,0.8950477275778894,0.8174815595519578,0.9444444444444444,924
12,0,3,4,0.9384920634920635,1.0,0.8464755518488876,0.8877308184901508,0.8326776581791014,0.9305555555555556,924
12,0,3,5,0.9404761904761905,1.0,0.8641468441267304,0.9034112070380087,0.8311902064231009,0.9444444444444444,924
12,0,3,6,0.9345238095238095,1.0,0.8701867141299033,0.9051209608105991,0.8323028095314936,0.9444444444444444,924
12,0,3,7,0.9444444444444444,1.0,0.8596479952234696,0.9016427594926276,0.8365901149273987,0.9583333333333334,924
12,0,3,8,0.9325396825396826,1.0,0.843335002966559,0.8850996479966509,0.8210869894670733,0.9444444444444444,924
12,0,4,1,0.9228571428571428,0.9607142857142857,0.9037191887124671,0.9342032690866963,0.7648585429283653,0.9,630
12,0,4,2,0.9514285714285714,0.9571428571428572,0.935516533178152,0.9827943580440061,0.7875028495538918,0.94,630
12,0,4,3,0.9485714285714286,0.9571428571428572,0.9447506343046137,0.9865622909708902,0.8185819706307809,0.94,630
12,0,4,4,0.9542857142857143,0.9571428571428572,0.9407164494951235,0.9833482704671151,0.7727993751237814,0.98,630
12,0,4,5,0.9628571428571429,0.9571428571428572,0.9459854866546906,0.9938543806897535,0.8297099283840392,0.98,630
12,0,4,6,0.9457142857142857,0.9607142857142857,0.9429584479434153,0.9912474279568141,0.7933601195870548,0.94,630
12,0,4,7,0.9457142857142857,0.9571428571428572,0.9353587763296204,0.9892060948599166,0.7908318542426459,0.94,630
12,0,4,8,0.96,0.9571428571428572,0.9362136251699302,0.9841358940015206,0.8188958203097159,0.96,630
13,0,0,1,0.9583333333333334,1.0,0.8930199824255709,0.913402855149132,0.8328461051011882,0.9444444444444444,924
13,0,0,2,0.9523809523809523,1.0,0.9197390813271846,0.928549878927519,0.8701643378729524,0.9444444444444444,924
13,0,0,3,0.9603174603174603,1.0,0.9248159602430259,0.9434900481127226,0.879271879836081,0.9583333333333334,924
13,0,0,4,0.9603174603174603,1.0,0.9360211402730358,0.9474555928798813,0.8798574512689693,0.9583333333333334,924
13,0,0,5,0.9583333333333334,1.0,0.9283546278959616,0.9418111263171662,0.8927721770245125,0.9444444444444444,924
13,0,0,6,0.9583333333333334,1.0,0.9195407498408215,0.9374136332696958,0.8776132525559279,0.9444444444444444,924
13,0,0,7,0.9563492063492064,1.0,0.9396063203665047,0.9577140973589707,0.8802168918616126,0.9583333333333334,924
13,0,0,8,0.9603174603174603,1.0,0.9240642989001977,0.9401509203771695,0.8838447542570689,0.9444444444444444,924
13,0,1,1,0.878968253968254,0.9952380952380953,0.8891259010424226,0.9220904792682036,0.762634146896993,0.8194444444444444,924
13,0,1,2,0.8888888888888888,0.9952380952380953,0.9259637572197894,0.9492415283393959,0.7948578471449839,0.8194444444444444,924
13,0,1,3,0.8908730158730159,0.9952380952380953,0.9406796781250104,0.9689492456109887,0.8152427164590925,0.8194444444444444,924
13,0,1,4,0.8928571428571429,0.9952380952380953,0.9328163176479498,0.957233533468528,0.8237463844359194,0.8194444444444444,924
13,0,1,5,0.8968253968253969,0.9952380952380953,0.9273661006682725,0.9539541798604264,0.8090504425420277,0.8194444444444444,924
13,0,1,6,0.8888888888888888,0.9952380952380953,0.94733678775017,0.9702131752801496,0.822140861790472,0.8194444444444444,924
13,0,1,7,0.8948412698412699,0.9952380952380953,0.920530862735824,0.9551124205258311,0.8298725307898829,0.8194444444444444,924
13,0,1,8,0.8908730158730159,0.9952380952380953,0.9370933300312475,0.955171792963592,0.8166551317329596,0.8194444444444444,924
13,0,2,1,0.8829365079365079,1.0,0.8632172233685538,0.8673607627504365,0.8166439043309501,0.9027777777777778,924
13,0,2,2,0.9027777777777778,1.0,0.893769563991486,0.9072592770793722,0.8896623607661487,0.9166666666666666,924
13,0,2,3,0.9087301587301587,1.0,0.8954050392015017,0.9121429381321928,0.8959440135186645,0.9166666666666666,924
13,0,2,4,0.9047619047619048,1.0,0.8969188448798424,0.9119728811663405,0.8893341367522118,0.9166666666666666,924
13,0,2,5,0.9047619047619048,1.0,0.9004305482216495,0.9162239906703453,0.8847748942215041,0.9166666666666666,924
13,0,2,6,0.9047619047619048,1.0,0.9064610241045896,0.9138478115049831,0.900552071432426,0.9166666666666666,924
13,0,2,7,0.9047619047619048,1.0,0.9043998275585617,0.9117572032914045,0.8930838230907818,0.9166666666666666,924
13,0,2,8,0.9067460317460317,1.0,0.9001309863113081,0.9177730595881234,0.9002609024648441,0.9166666666666666,924
13,0,3,1,0.9503968253968254,1.0,0.886090530947538,0.9246970891534712,0.7874095453255346,0.9583333333333334,924
13,0,3,2,0.9642857142857143,1.0,0.9139617391641972,0.9546748054396271,0.8167449200939596,0.9861111111111112,924
13,0,3,3,0.9662698412698413,1.0,0.9283642749106582,0.9719694212283554,0.8380113592279541,0.9722222222222222,924
13,0,3,4,0.9523809523809523,1.0,0.9082617120363534,0.9513054978879554,0.8228605263810425,0.9583333333333334,924
13,0,3,5,0.9603174603174603,1.0,0.9145252771623453,0.9628294733019028,0.8233537540672955,0.9583333333333334,924
13,0,3,6,0.9702380952380952,1.0,0.9269833123540883,0.9692677295109605,0.8228296204348617,0.9722222222222222,924
13,0,3,7,0.9623015873015873,1.0,0.9210996637838,0.9653830171476793,0.8356241763358845,0.9722222222222222,924
13,0,3,8,0.9583333333333334,1.0,0.9125664572103276,0.9566962874006658,0.8310056173912894,0.9722222222222222,924
13,0,4,1,0.96,0.9571428571428572,0.9468059744809644,0.9878264383537593,0.745879567283767,0.94,630
13,0,4,2,0.9714285714285714,0.9607142857142857,0.9898731579648704,1.034601030617683,0.7933364402621591,0.98,630
13,0,4,3,0.9628571428571429,0.9607142857142857,0.9877309753046517,1.0357098652203887,0.7883016168295887,0.98,630
13,0,4,4,0.9857142857142858,0.9535714285714286,0.9903801711187689,1.0403001899790068,0.8059597408843356,1.0,630
13,0,4,5,0.98,0.9607142857142857,0.9802396019166413,1.034184306992981,0.7789413965278749,1.0,630
13,0,4,6,0.9714285714285714,0.9607142857142857,0.9862742633733168,1.0343969537128428,0.7883684610559154,1.0,630
13,0,4,7,0.9571428571428572,0.9607142857142857,0.9766278226442663,1.0304846850355842,0.7960999959079912,0.94,630
13,0,4,8,0.9771428571428571,0.9607142857142857,0.9906404888927536,1.0443660435862028,0.7880831793691428,1.0,630
14,0,0,1,0.9563492063492064,1.0,0.904659972215724,0.9188320712563994,0.8707648167858472,0.9444444444444444,924
14,0,0,2,0.9722222222222222,1.0,0.9870206859537975,0.9946318825662369,0.9129117576252019,0.9583333333333334,924
14,0,0,3,0.9722222222222222,1.0,0.9874798158755078,0.9938240373687965,0.9278958820149253,0.9583333333333334,924
14,0,0,4,0.9702380952380952,1.0,0.976563112688152,0.9916571533905223,0.9244638422798874,0.9583333333333334,924
14,0,0,5,0.9722222222222222,1.0,0.9943742818186125,0.9970302466098261,0.9234164276047063,0.9583333333333334,924
14,0,0,6,0.9742063492063492,1.0,0.9837276222843468,0.9943605206081153,0.9250235578105122,0.9583333333333334,924
14,0,0,7,0.9662698412698413,1.0,0.9850145481420218,0.9913064411808578,0.9154390971191178,0.9444444444444444,924
14,0,0,8,0.9702380952380952,1.0,0.9910438267674531,1.000319448239199,0.9358774373969923,0.9583333333333334,924
14,0,1,1,0.8948412698412699,0.9880952380952381,0.8945351012297074,0.9224527895766104,0.8292571628929954,0.8611111111111112,924
14,0,1,2,0.9126984126984127,0.9904761904761905,0.9171867962226965,0.9631901623006204,0.8855307759727998,0.8611111111111112,924
14,0,1,3,0.9146825396825397,0.9904761904761905,0.930014911454786,0.9631929266250511,0.8895310065975846,0.8611111111111112,924
14,0,1,4,0.9146825396825397,0.9928571428571429,0.9281216961963732,0.9729548868043659,0.8712616164372569,0.8611111111111112,924
14,0,1,5,0.9206349206349206,0.9904761904761905,0.9461704699819946,0.9824623971578352,0.8951618006304825,0.8611111111111112,924
14,0,1,6,0.9166666666666666,0.9904761904761905,0.9347740933978997,0.9739433531810754,0.892956372122403,0.8611111111111112,924
14,0,1,7,0.9087301587301587,0.9904761904761905,0.9229361812027512,0.9666325485327274,0.8992995792542365,0.8611111111111112,924
14,0,1,8,0.9146825396825397,0.9904761904761905,0.9366614473157276,0.9740242303084881,0.8789810992356231,0.8611111111111112,924
14,0,2,1,0.9186507936507936,1.0,0.8959760770564161,0.8971046709827376,0.8525954313253923,0.9166666666666666,924
14,0,2,2,0.9325396825396826,1.0,0.9385294180538211,0.9453127273652152,0.929212502098596,0.9166666666666666,924
14,0,2,3,0.9345238095238095,1.0,0.954225073247124,0.959956461928856,0.9583672817361761,0.9166666666666666,924
14,0,2,4,0.9325396825396826,1.0,0.9533393237031609,0.9566240623421941,0.9282214653436586,0.9166666666666666,924
14,0,2,5,0.9305555555555556,1.0,0.947686232161558,0.9554245133725874,0.940887918451986,0.9166666666666666,924
14,0,2,6,0.9365079365079365,1.0,0.9561130317794982,0.9640576656856638,0.9423017065363223,0.9166666666666666,924
14,0,2,7,0.9325396825396826,1.0,0.9379126889962373,0.9534172260759646,0.944824387577737,0.9166666666666666,924
14,0,2,8,0.9305555555555556,1.0,0.9553653405210516,0.9682102380399271,0.9340778663351332,0.9166666666666666,924
14,0,3,1,0.9444444444444444,1.0,0.9189332469528029,0.9503224444419656,0.8338088081782304,0.9583333333333334,924
14,0,3,2,0.9742063492063492,1.0,0.9685176309099431,0.9988016862750682,0.8759404967453339,0.9861111111111112,924
14,0,3,3,0.9682539682539683,1.0,0.9629819383044509,0.9917941660945839,0.8694854934200313,0.9861111111111112,924
14,0,3,4,0.9662698412698413,1.0,0.9712626494139409,1.0033073735761913,0.8707813531814378,0.9722222222222222,924
14,0,3,5,0.9682539682539683,1.0,0.9693115974561413,1.0039421131657031,0.8746404735887077,0.9861111111111112,924
14,0,3,6,0.9722222222222222,1.0,0.9832476487425641,1.010899287853603,0.889730541195072,0.9861111111111112,924
14,0,3,7,0.9742063492063492,1.0,0.9646333401541369,1.003804762618154,0.8638532959099929,0.9861111111111112,924
14,0,3,8,0.9682539682539683,1.0,0.9532842828924935,0.9816654130328155,0.8814553391811277,0.9861111111111112,924
14,0,4,1,0.9857142857142858,0.9607142857142857,0.9554954713426147,1.0088195894228706,0.794564134544636,1.0,630
14,0,4,2,0.9914285714285714,0.9607142857142857,1.0002451336380185,1.0593297019748076,0.8646488595802413,1.0,630
14,0,4,3,0.9942857142857143,0.9642857142857143,1.0034435846222391,1.0646102541668698,0.8794417727110765,1.0,630
14,0,4,4,0.9942857142857143,0.9607142857142857,0.9994964287276936,1.0557446028408304,0.8733818402304078,1.0,630
14,0,4,5,0.9942857142857143,0.9642857142857143,0.9969297002113691,1.0606230535676229,0.8728741221358253,1.0,630
14,0,4,6,0.9942857142857143,0.9607142857142857,1.0099039569779653,1.0682642092883288,0.8503489704481749,1.0,630
14,0,4,7,0.9942857142857143,0.9571428571428572,1.0139403590232468,1.0681090411938423,0.8914579587740937,1.0,630
14,0,4,8,0.9771428571428571,0.9714285714285714,1.0073217932635499,1.062977592143889,0.8579016345813754,0.98,630
15,0,0,1,0.9603174603174603,0.9976190476190476,0.9280015880220391,0.9613523114183605,0.8860176377585707,0.9166666666666666,924
15,0,0,2,0.9722222222222222,0.9952380952380953,0.9929115339802315,1.018373989920754,0.9372398415475529,0.9583333333333334,924
15,0,0,3,0.9742063492063492,0.9976190476190476,1.000854908201109,1.0221393384754458,0.9441664546958626,0.9583333333333334,924
15,0,0,4,0.9761904761904762,0.9976190476190476,1.0144776707060892,1.0287203190523957,0.956933624000813,0.9722222222222222,924
15,0,0,5,0.9722222222222222,0.9952380952380953,0.9924269859912078,1.0225993078838502,0.9281024051534108,0.9583333333333334,924
15,0,0,6,0.9722222222222222,1.0,0.9950544821691973,1.0215397036017175,0.945758471177976,0.9444444444444444,924
15,0,0,7,0.9662698412698413,0.9952380952380953,0.9844151683148226,1.0111823645934925,0.9281800055921069,0.9583333333333334,924
15,0,0,8,0.9761904761904762,0.9976190476190476,1.0219611251998362,1.036767491729031,0.9341772242674491,0.9583333333333334,924
15,0,1,1,0.9067460317460317,0.9833333333333333,0.9322139308515687,0.9639359546016925,0.824579209713885,0.8611111111111112,924
15,0,1,2,0.9325396825396826,0.9857142857142858,0.9830256179393706,1.0141376035827039,0.8792722216636231,0.875,924
15,0,1,3,0.9305555555555556,0.9857142857142858,0.99399675561861,1.029592925359405,0.8892259803822254,0.875,924
15,0,1,4,0.9305555555555556,0.9857142857142858,0.9776312679048698,1.0206386179329248,0.8855772959620031,0.875,924
15,0,1,5,0.9384920634920635,0.9857142857142858,0.9956571207487073,1.0288911449396567,0.9049592758938856,0.9027777777777778,924
15,0,1,6,0.9305555555555556,0.9809523809523809,1.0012163137594283,1.0345163116402534,0.8970301618162145,0.8888888888888888,924
15,0,1,7,0.9285714285714286,0.9857142857142858,0.984163573576299,1.021700482218308,0.9124674068294705,0.875,924
15,0,1,8,0.9246031746031746,0.9857142857142858,0.9776153820041273,1.0132886004857264,0.9022821719762981,0.8888888888888888,924
15,0,2,1,0.9325396825396826,1.0,0.9034753075271248,0.9234604847166148,0.8976682801493074,0.9166666666666666,924
15,0,2,2,0.9464285714285714,1.0,0.9598865250530899,0.9804290403560831,0.9509499999917175,0.9166666666666666,924
15,0,2,3,0.9444444444444444,1.0,0.9600702611666194,0.9826940267208342,0.9594309344393485,0.9027777777777778,924
15,0,2,4,0.9444444444444444,1.0,0.9814124122039575,1.0064948720687386,0.9570278451823622,0.9166666666666666,924
15,0,2,5,0.9444444444444444,1.0,0.9787700898317018,1.001158019231638,0.9656041059424536,0.9027777777777778,924
15,0,2,6,0.9424603174603174,1.0,0.9615749381146134,0.9850583429853134,0.9630544107675356,0.9027777777777778,924
15,0,2,7,0.9424603174603174,1.0,0.989432719530142,1.0135424769713017,0.9886924285021081,0.9027777777777778,924
15,0,2,8,0.9424603174603174,1.0,0.9776604396101485,0.9957765552257226,0.9740326138599816,0.8888888888888888,924
15,0,3,1,0.9801587301587301,1.0,0.9796900896396807,1.0258225965351222,0.8406542863534662,0.9861111111111112,924
15,0,3,2,0.9861111111111112,1.0,1.023224074797363,1.0612338468136626,0.8744951198063167,0.9861111111111112,924
15,0,3,3,0.9880952380952381,1.0,1.0213272773970068,1.0604886842422472,0.8799308826187762,0.9861111111111112,924
15,0,3,4,0.9880952380952381,1.0,1.0192756509269905,1.0583433684562937,0.8632290017170885,0.9861111111111112,924
15,0,3,5,0.9880952380952381,1.0,1.0115388493023192,1.049798511646773,0.8732830089756702,0.9861111111111112,924
15,0,3,6,0.9861111111111112,1.0,1.0235117818462336,1.0566829453978375,0.8607026350162055,0.9861111111111112,924
15,0,3,7,0.9880952380952381,1.0,1.0062261694703192,1.0444296572611909,0.8965713661806523,0.9861111111111112,924
15,0,3,8,0.9880952380952381,1.0,1.042833510510253,1.0771790661885592,0.8589455161835178,0.9861111111111112,924
15,0,4,1,0.9914285714285714,0.9642857142857143,0.9850698914156217,1.03914327279298,0.8166604800880548,1.0,630
15,0,4,2,1.0,0.9714285714285714,1.036380006810095,1.0898455495024482,0.8912958395551661,1.0,630
15,0,4,3,0.9942857142857143,0.9642857142857143,1.03296675475718,1.0933263162292968,0.8846961575213239,1.0,630
15,0,4,4,0.9942857142857143,0.9642857142857143,1.0456165981116121,1.0979331347226073,0.8986437564810393,1.0,630
15,0,4,5,0.9914285714285714,0.9714285714285714,1.0409218472648514,1.085755740547031,0.893240503402657,1.0,630
15,0,4,6,0.9914285714285714,0.9642857142857143,1.029237755032833,1.0901624954975886,0.8752881979687962,1.0,630
15,0,4,7,0.9914285714285714,0.975,1.029289309541264,1.0786117068276855,0.8933640184914461,1.0,630
15,0,4,8,0.9914285714285714,0.9678571428571429,1.0415304589489818,1.096288675610827,0.8922590098822257,1.0,630
16,0,0,1,0.9623015873015873,0.9904761904761905,0.979444130236163,0.9998744665985975,0.8945384189866435,0.9583333333333334,924
16,0,0,2,0.9702380952380952,0.9928571428571429,1.0217690435711206,1.0586909143219718,0.9751760157127958,0.9861111111111112,924
16,0,0,3,0.9702380952380952,0.9952380952380953,1.0044839678088096,1.0471634713241582,0.9647108052615139,0.9861111111111112,924
16,0,0,4,0.9722222222222222,0.9952380952380953,1.0212668959831337,1.0608714248791717,0.9894978623893775,0.9722222222222222,924
16,0,0,5,0.9722222222222222,0.9952380952380953,1.0140015453875297,1.0474187204827623,0.9571461250864249,0.9861111111111112,924
16,0,0,6,0.9761904761904762,0.9952380952380953,1.0437680079690446,1.0697162376821447,0.9704403425093082,0.9861111111111112,924
16,0,0,7,0.9742063492063492,0.9904761904761905,1.0410084445924965,1.0677218598542793,0.9779103708673044,0.9861111111111112,924
16,0,0,8,0.9742063492063492,0.9904761904761905,1.0335558119579833,1.0673327585920844,0.9708358551764849,0.9861111111111112,924
16,0,1,1,0.9384920634920635,0.9857142857142858,1.0137690836338873,1.048104457056858,0.8587359809492507,0.875,924
16,0,1,2,0.9464285714285714,0.9857142857142858,1.0265407872468841,1.0705663350594756,0.9278711751402723,0.9027777777777778,924
16,0,1,3,0.9444444444444444,0.9857142857142858,1.0364363369497396,1.0731040838245625,0.9611717057566442,0.9027777777777778,924
16,0,1,4,0.9464285714285714,0.9857142857142858,1.012751110679528,1.0540512155381043,0.9523285884967067,0.9027777777777778,924
16,0,1,5,0.9404761904761905,0.9857142857142858,1.026880696947458,1.061185220398233,0.9351781944054421,0.9027777777777778,924
16,0,1,6,0.9444444444444444,0.9857142857142858,1.018212577343733,1.0570063117613875,0.9566971257677794,0.9166666666666666,924
16,0,1,7,0.9444444444444444,0.9857142857142858,1.0304832937767856,1.0706461241449263,0.9489017242747115,0.9305555555555556,924
16,0,1,8,0.9484126984126984,0.9833333333333333,1.0206841557967592,1.0590805818266154,0.9553698635178764,0.9166666666666666,924
16,0,2,1,0.9523809523809523,1.0,0.9841106979945767,0.9964365074794883,0.9357254677076007,0.9166666666666666,924
16,0,2,2,0.9722222222222222,1.0,1.0251877371164129,1.0476013811707747,0.9987422664947561,0.9583333333333334,924
16,0,2,3,0.9761904761904762,1.0,1.033256853846961,1.0525421664037042,1.0009000519203755,0.9583333333333334,924
16,0,2,4,0.9623015873015873,1.0,1.0294301325720636,1.048755632387978,1.0026858320588392,0.9444444444444444,924
16,0,2,5,0.9702380952380952,1.0,1.0388913267471955,1.052898540718441,0.9957692731986563,0.9583333333333334,924
16,0,2,6,0.9702380952380952,1.0,1.041364916388262,1.0583998889758355,1.0101694056176602,0.9583333333333334,924
16,0,2,7,0.9742063492063492,1.0,1.0440505944262166,1.0615069627833016,0.99872461959631,0.9583333333333334,924
16,0,2,8,0.9742063492063492,1.0,1.0416697419176462,1.0518465106889725,1.0306084581114385,0.9583333333333334,924
16,0,3,1,0.9603174603174603,1.0,0.9732741511042787,0.9970398760696962,0.8451620735446403,0.9861111111111112,924
16,0,3,2,0.9821428571428571,1.0,1.0299916069962636,1.0529476252618923,0.8949916663142492,0.9861111111111112,924
16,0,3,3,0.9841269841269841,1.0,1.0412284599992883,1.068739833997547,0.9167149930773631,0.9861111111111112,924
16,0,3,4,0.9801587301587301,1.0,1.0474351957868038,1.0711992543206221,0.9282541826191016,0.9861111111111112,924
16,0,3,5,0.9841269841269841,1.0,1.035615767345878,1.0666112064714945,0.9219832028493231,0.9861111111111112,924
16,0,3,6,0.9841269841269841,1.0,1.0463910912097723,1.0663657847535541,0.918699447377182,0.9861111111111112,924
16,0,3,7,0.9821428571428571,1.0,1.0657674632486853,1.0753799700077489,0.9178415574675087,0.9861111111111112,924
16,0,3,8,0.9821428571428571,1.0,1.0562996130830384,1.0745838154904241,0.9246273062882653,0.9861111111111112,924
16,0,4,1,1.0,0.9785714285714285,1.0327487062673277,1.0944262875539539,0.8448866081576403,1.0,630
16,0,4,2,1.0,0.9785714285714285,1.1030183301216931,1.1528875302465378,0.8911888277995978,1.0,630
16,0,4,3,1.0,0.9785714285714285,1.122802240502738,1.1791490884856404,0.9099362874657119,1.0,630
16,0,4,4,1.0,0.9785714285714285,1.1204812795069417,1.178777705065922,0.902787675297524,1.0,630
16,0,4,5,1.0,0.9785714285714285,1.119036386212842,1.1653011989960176,0.9046005434498322,1.0,630
16,0,4,6,1.0,0.9785714285714285,1.1356074451531564,1.1827774582462793,0.8941193282300035,1.0,630
16,0,4,7,1.0,0.9785714285714285,1.1128518336402449,1.166234871770738,0.8978268281275512,1.0,630
16,0,4,8,0.9971428571428571,0.9714285714285714,1.1141778697750548,1.1644423434804159,0.9027143947021044,1.0,630
17,0,0,1,0.9662698412698413,0.9785714285714285,1.0528390934430911,1.062875800547233,1.0097121109616878,0.9444444444444444,924
17,0,0,2,0.9761904761904762,0.9833333333333333,1.1152442204407467,1.1405615511137712,1.0310602071009942,0.9722222222222222,924
17,0,0,3,0.9801587301587301,0.9809523809523809,1.1340426088641782,1.1573129634898371,1.0502081581024116,0.9861111111111112,924
17,0,0,4,0.9761904761904762,0.9833333333333333,1.1227902459151347,1.1463232976132447,1.0414507713043681,0.9722222222222222,924
17,0,0,5,0.9801587301587301,0.9809523809523809,1.1390754576055326,1.1592217357867989,1.0474681152410668,0.9861111111111112,924
17,0,0,6,0.9781746031746031,0.9809523809523809,1.1388736577310512,1.159087223925854,1.0522836282697001,0.9861111111111112,924
17,0,0,7,0.9781746031746031,0.9809523809523809,1.1379009974179088,1.1544332543772817,1.0486147987396843,0.9861111111111112,924
17,0,0,8,0.9801587301587301,0.9809523809523809,1.141339586743617,1.1571727323634469,1.0414549132447024,0.9861111111111112,924
17,0,1,1,0.9523809523809523,0.9761904761904762,1.089179287850028,1.125561618160448,0.9035773486887937,0.9305555555555556,924
17,0,1,2,0.9563492063492064,0.9809523809523809,1.1141811523394596,1.1591559870846162,0.9791192423578932,0.9305555555555556,924
17,0,1,3,0.9603174603174603,0.9761904761904762,1.103175677744062,1.1591894373508693,0.9811169254153239,0.9305555555555556,924
17,0,1,4,0.9603174603174603,0.9761904761904762,1.1150902252040589,1.1642845583438381,0.9847555343668686,0.9444444444444444,924
17,0,1,5,0.9662698412698413,0.9761904761904762,1.1146243268992646,1.1700961719412377,1.0119475007381817,0.9444444444444444,924
17,0,1,6,0.9603174603174603,0.9761904761904762,1.1162001005970281,1.1613238655019293,0.9814550147132326,0.9444444444444444,924
17,0,1,7,0.9583333333333334,0.9761904761904762,1.1064379044532855,1.1583578297744592,0.9824903300053844,0.9444444444444444,924
17,0,1,8,0.9603174603174603,0.9738095238095238,1.1133787602469307,1.161697374021526,0.9919684999382421,0.9444444444444444,924
17,0,2,1,0.9861111111111112,1.0,0.9883552253646442,1.0081643758901702,0.9464105505391676,0.9722222222222222,924
17,0,2,2,0.996031746031746,1.0,1.0625087208319677,1.0769170156947194,1.0120368475535966,1.0,924
17,0,2,3,0.998015873015873,1.0,1.0665764126618238,1.0829263151875803,1.0380637655058969,1.0,924
17,0,2,4,0.9940476190476191,1.0,1.08894851038003,1.10171274287364,1.0574597914859822,0.9861111111111112,924
17,0,2,5,0.996031746031746,1.0,1.0841101242487217,1.0931714236599588,1.0585113024421708,1.0,924
17,0,2,6,0.9940476190476191,1.0,1.0883103446997517,1.1004587422100043,1.0675049391710987,0.9861111111111112,924
17,0,2,7,0.998015873015873,1.0,1.090941746685137,1.104487765205391,1.050852110416056,1.0,924
17,0,2,8,0.998015873015873,1.0,1.0863503443676539,1.1063508781661202,1.0543869613826309,1.0,924
17,0,3,1,0.9900793650793651,1.0,1.0694557925540722,1.1205528316917672,0.9100939613686942,0.9861111111111112,924
17,0,3,2,0.9900793650793651,1.0,1.118593429858291,1.1611914655696733,0.9740875481056623,0.9861111111111112,924
17,0,3,3,0.9900793650793651,1.0,1.1320314161586686,1.1655871124141615,0.9713588360055818,0.9861111111111112,924
17,0,3,4,0.9880952380952381,1.0,1.1362730368058571,1.1781693955440429,1.002713946288901,0.9861111111111112,924
17,0,3,5,0.9900793650793651,1.0,1.1462902078252974,1.1785412264124366,1.0048666230470027,0.9861111111111112,924
17,0,3,6,0.9900793650793651,1.0,1.119955802618721,1.162796106576238,0.9951545695241344,0.9861111111111112,924
17,0,3,7,0.9900793650793651,1.0,1.1409674749719856,1.1803976162875014,1.0003771910251675,0.9861111111111112,924
17,0,3,8,0.9900793650793651,1.0,1.1485751132978408,1.1871848226051789,1.011720069434856,0.9861111111111112,924
17,0,4,1,1.0,0.9785714285714285,1.0934633181529045,1.1462805489411865,0.8800597075457339,1.0,630
17,0,4,2,1.0,0.9785714285714285,1.155090825384127,1.2064047282131163,0.9386429634216672,1.0,630
17,0,4,3,1.0,0.9785714285714285,1.1625919643402292,1.215924268334895,0.9585487455209022,1.0,630
17,0,4,4,1.0,0.9821428571428571,1.1561286922074854,1.1989671691151533,0.9450139664865398,1.0,630
17,0,4,5,1.0,0.9821428571428571,1.1675918348627798,1.213934123472693,0.9559510112698956,1.0,630
17,0,4,6,1.0,0.9785714285714285,1.163541307483045,1.218211545842267,0.9437534183564646,1.0,630
17,0,4,7,1.0,0.9785714285714285,1.167763176550088,1.2296401121722131,0.9800677005195401,1.0,630
17,0,4,8,1.0,0.9785714285714285,1.175541691539189,1.2210641093671795,0.9491296548936385,1.0,630
18,0,0,1,0.9623015873015873,0.9785714285714285,1.0766628281675106,1.0931142568294692,0.958618856127279,0.9305555555555556,924
18,0,0,2,0.9722222222222222,0.9714285714285714,1.1358397962907576,1.15847469870148,1.0310869448545268,0.9583333333333334,924
18,0,0,3,0.9722222222222222,0.9714285714285714,1.1538209068645136,1.1775394437946967,1.0634183601669782,0.9583333333333334,924
18,0,0,4,0.9761904761904762,0.9714285714285714,1.1463045451345946,1.17254101539332,1.0609114704414435,0.9722222222222222,924
18,0,0,5,0.9722222222222222,0.969047619047619,1.1449324872552227,1.165599607727574,1.0672908929628597,0.9722222222222222,924
18,0,0,6,0.9702380952380952,0.9714285714285714,1.1571187229006625,1.1827377668547179,1.0651199430751204,0.9583333333333334,924
18,0,0,7,0.9702380952380952,0.9666666666666667,1.1620060052447085,1.1794739825447653,1.0694530568842624,0.9722222222222222,924
18,0,0,8,0.9722222222222222,0.9714285714285714,1.1524124926503232,1.1796555829761035,1.0585367253503066,0.9722222222222222,924
18,0,1,1,0.9722222222222222,0.9785714285714285,1.129359214153348,1.1537406230632854,0.9772852049662315,0.9444444444444444,924
18,0,1,2,0.9761904761904762,0.9761904761904762,1.1758594036355956,1.2058741905890487,0.996321873234943,0.9583333333333334,924
18,0,1,3,0.9781746031746031,0.9785714285714285,1.1577989193990783,1.201731594606421,1.0095375083179245,0.9583333333333334,924
18,0,1,4,0.9801587301587301,0.9761904761904762,1.1656248330518086,1.2155366955735822,1.0249096447839672,0.9583333333333334,924
18,0,1,5,0.9742063492063492,0.9761904761904762,1.1640966739175163,1.2090604389559503,1.029144708105377,0.9583333333333334,924
18,0,1,6,0.9801587301587301,0.9761904761904762,1.1770230756640285,1.2272895803402868,1.0252287640873559,0.9583333333333334,924
18,0,1,7,0.9781746031746031,0.9714285714285714,1.168094727117392,1.2193711005619046,1.043617023264081,0.9583333333333334,924
18,0,1,8,0.9742063492063492,0.9738095238095238,1.1391583286704123,1.188327400128605,1.0097487262987164,0.9583333333333334,924
18,0,2,1,0.996031746031746,1.0,1.051685590008058,1.0825293747696216,1.0108495735121847,0.9861111111111112,924
18,0,2,2,1.0,1.0,1.0977168770105008,1.1243589213670842,1.0746631654969119,1.0,924
18,0,2,3,1.0,1.0,1.123345222885993,1.1477081622744907,1.0839529655077274,1.0,924
18,0,2,4,1.0,1.0,1.131208074001403,1.15702610793759,1.086834104309277,1.0,924
18,0,2,5,1.0,1.0,1.1058915528363114,1.133203439408852,1.0865950911062918,1.0,924
18,0,2,6,1.0,1.0,1.1258355823545436,1.1490996032415302,1.0926478114926717,1.0,924
18,0,2,7,0.998015873015873,1.0,1.1002189963256939,1.1218117355736432,1.0768655053178418,1.0,924
18,0,2,8,1.0,1.0,1.1189916888431566,1.1436695527009262,1.0877645594204974,1.0,924
18,0,3,1,0.9880952380952381,1.0,1.1226999026074074,1.1422264710936278,0.8951968724726322,0.9861111111111112,924
18,0,3,2,0.9900793650793651,1.0,1.1879675397437235,1.200517704705767,0.9673140360271348,0.9861111111111112,924
18,0,3,3,0.9900793650793651,1.0,1.187018733738749,1.205861817341711,0.9709049548085535,0.9861111111111112,924
18,0,3,4,0.9900793650793651,1.0,1.195696902436398,1.2139303515855506,0.9895139479329955,0.9861111111111112,924
18,0,3,5,0.9900793650793651,1.0,1.195977271190971,1.2152324455326917,0.9787618441597641,0.9861111111111112,924
18,0,3,6,0.9900793650793651,1.0,1.1937631954936458,1.2010567780906045,0.9769176445350459,0.9861111111111112,924
18,0,3,7,0.9900793650793651,1.0,1.2198847761405764,1.2411153630825207,0.9988594916717646,0.9861111111111112,924
18,0,3,8,0.9900793650793651,1.0,1.2011712615155563,1.2051102211127869,0.9663630093595537,0.9861111111111112,924
18,0,4,1,1.0,0.9785714285714285,1.1008331687215462,1.1358180461643497,0.8591408476811001,1.0,630
18,0,4,2,1.0,0.9821428571428571,1.1735477359917494,1.2211945909333022,0.952899499276423,1.0,630
18,0,4,3,1.0,0.9857142857142858,1.1822680544950368,1.2287570075092824,0.9647608485512622,1.0,630
18,0,4,4,1.0,0.9857142857142858,1.1879984854495198,1.2361154009623538,0.9920761492984186,1.0,630
18,0,4,5,1.0,0.9821428571428571,1.2036365852618711,1.2498253136212933,0.9973086109346565,1.0,630
18,0,4,6,1.0,0.9785714285714285,1.1940686545601278,1.2511496492026797,1.0018735307840811,1.0,630
18,0,4,7,0.9942857142857143,0.9892857142857143,1.1815105395759178,1.2389555785238848,0.9829596625936948,1.0,630
18,0,4,8,1.0,0.9857142857142858,1.2078062017039946,1.2502959083584495,0.9867752595920037,1.0,630
19,0,0,1,0.9702380952380952,0.969047619047619,1.1685785994137574,1.1852923985015713,1.0093261365561337,0.9444444444444444,924
19,0,0,2,0.9742063492063492,0.9666666666666667,1.2147880252370369,1.2494809504260147,1.0536739042400498,0.9583333333333334,924
19,0,0,3,0.9761904761904762,0.9619047619047619,1.2269994406202893,1.251834287919852,1.0683700894421218,0.9861111111111112,924
19,0,0,4,0.9801587301587301,0.9619047619047619,1.2546869915396548,1.2874517407218062,1.1226572820933685,0.9861111111111112,924
19,0,0,5,0.9781746031746031,0.9619047619047619,1.2491510635248435,1.2860150934151855,1.0870380643158657,0.9861111111111112,924
19,0,0,6,0.9781746031746031,0.969047619047619,1.2528404309008039,1.2861388400178668,1.0986826073294518,0.9861111111111112,924
19,0,0,7,0.9781746031746031,0.9642857142857143,1.2494975486742996,1.2916359659234258,1.0948934086568438,0.9861111111111112,924
19,0,0,8,0.9781746031746031,0.9619047619047619,1.2546315333382614,1.2977073069903275,1.093424194629496,0.9861111111111112,924
19,0,1,1,0.9781746031746031,0.9738095238095238,1.141131784742016,1.1736517027340898,0.991088921242554,0.9722222222222222,924
19,0,1,2,0.9702380952380952,0.9714285714285714,1.1887877099106254,1.216407831434252,1.0412116343074251,0.9722222222222222,924
19,0,1,3,0.9821428571428571,0.969047619047619,1.197046182119926,1.2333968779229245,1.0562043963063188,0.9722222222222222,924
19,0,1,4,0.9742063492063492,0.9714285714285714,1.2154351807251855,1.2382542435095152,1.0633906919972484,0.9583333333333334,924
19,0,1,5,0.9742063492063492,0.9714285714285714,1.1673340200167956,1.2050657346011042,1.0355292203411528,0.9722222222222222,924
19,0,1,6,0.9742063492063492,0.969047619047619,1.2005932480280048,1.2240842848723774,1.063989601490539,0.9583333333333334,924
19,0,1,7,0.9702380952380952,0.969047619047619,1.1609580057443813,1.2064206521861423,1.0419931744970294,0.9583333333333334,924
19,0,1,8,0.9702380952380952,0.9642857142857143,1.2208013081032298,1.2341610471757418,1.0629565645986179,0.9444444444444444,924
19,0,2,1,0.998015873015873,1.0,1.0902477303203368,1.1139398757068535,0.9423038913252471,1.0,924
19,0,2,2,1.0,1.0,1.1854874075725328,1.214850077827979,1.013233260279787,1.0,924
19,0,2,3,1.0,1.0,1.2032806104560465,1.2231795174237747,1.046248883003308,1.0,924
19,0,2,4,1.0,1.0,1.2188369575576181,1.2428632994130795,1.0595287761125358,1.0,924
19,0,2,5,1.0,1.0,1.2290833521586424,1.2336825754923066,1.0388225651927172,1.0,924
19,0,2,6,1.0,1.0,1.224480389176449,1.2543787681252552,1.0564599485756365,1.0,924
19,0,2,7,1.0,1.0,1.2098266030981724,1.2277526755223913,1.0428025117009248,1.0,924
19,0,2,8,1.0,1.0,1.2317892839929816,1.2561647416323594,1.0501156944405576,1.0,924
19,0,3,1,0.9900793650793651,1.0,1.2330100127365415,1.2241339593215204,0.9191032649314176,0.9861111111111112,924
19,0,3,2,0.9900793650793651,1.0,1.2736963817273885,1.2869255856493744,0.9544273343300573,0.9861111111111112,924
19,0,3,3,0.9900793650793651,1.0,1.308760910538171,1.3158352421663095,0.997207774424333,0.9861111111111112,924
19,0,3,4,0.9900793650793651,1.0,1.291333161414471,1.3157229434158393,0.986299967441655,0.9861111111111112,924
19,0,3,5,0.9900793650793651,1.0,1.3174191191509728,1.3274289016829726,1.012401825770581,0.9861111111111112,924
19,0,3,6,0.9900793650793651,1.0,1.3252504408832566,1.354384363006953,1.0237214885292953,0.9861111111111112,924
19,0,3,7,0.9900793650793651,1.0,1.33589050239325,1.3606777116231357,1.0138141678650188,0.9861111111111112,924
19,0,3,8,0.9900793650793651,1.0,1.303556708627759,1.327878591200749,0.995134694199564,0.9861111111111112,924
19,0,4,1,0.9971428571428571,1.0,1.2044243071421148,1.2426184514552217,0.874807771645548,1.0,630
19,0,4,2,1.0,0.9964285714285714,1.2788431462816583,1.322064050072717,0.9670287314941135,1.0,630
19,0,4,3,1.0,1.0,1.2929107777427395,1.326812729740168,1.0004251965916218,1.0,630
19,0,4,4,1.0,0.9964285714285714,1.2921017562191055,1.335046318390843,1.0308429055948274,1.0,630
19,0,4,5,0.9942857142857143,0.9964285714285714,1.2933589790169935,1.3261897057299652,1.0165099573567205,1.0,630
19,0,4,6,1.0,0.9964285714285714,1.3036516437795505,1.3398820397815188,1.004711853386317,1.0,630
19,0,4,7,1.0,0.9964285714285714,1.3032241812095688,1.3468596398855583,1.0308731702537821,1.0,630
19,0,4,8,1.0,0.9964285714285714,1.3078519449202513,1.3407237266031617,1.0132612094265494,1.0,630
20,0,0,1,0.9682539682539683,0.9619047619047619,1.224848090890427,1.2448073002294628,1.04550949509809,0.9305555555555556,924
20,0,0,2,0.9801587301587301,0.9595238095238096,1.2896695398144742,1.313055764845016,1.126057078934851,0.9861111111111112,924
20,0,0,3,0.9781746031746031,0.9595238095238096,1.305405089924008,1.3242787947809007,1.1329491211974552,0.9861111111111112,924
20,0,0,4,0.9801587301587301,0.9595238095238096,1.2951983949367976,1.3221648249972622,1.1294366922123635,0.9861111111111112,924
20,0,0,5,0.9761904761904762,0.9595238095238096,1.2995882708768902,1.332250681288903,1.12750135530481,0.9861111111111112,924
20,0,0,6,0.9761904761904762,0.9595238095238096,1.3097574383485102,1.334005796965383,1.11661178433402,0.9861111111111112,924
20,0,0,7,0.9742063492063492,0.9595238095238096,1.3167668787698306,1.3533871750586814,1.1167833742512188,0.9861111111111112,924
20,0,0,8,0.9742063492063492,0.9595238095238096,1.3130868999186815,1.3394961712815985,1.0958194183526082,0.9861111111111112,924
20,0,1,1,0.9801587301587301,0.969047619047619,1.169574547877414,1.189399716430367,0.9857375365968344,0.9722222222222222,924
20,0,1,2,0.9880952380952381,0.969047619047619,1.2250474174047774,1.2463255779384872,1.0610348779826275,0.9861111111111112,924
20,0,1,3,0.9861111111111112,0.9738095238095238,1.205644918294885,1.2299268977849658,1.044538375504993,0.9861111111111112,924
20,0,1,4,0.9920634920634921,0.9714285714285714,1.2756335565542916,1.3074528461570987,1.1001729846317463,0.9861111111111112,924
20,0,1,5,0.9861111111111112,0.9738095238095238,1.2312417676406986,1.2514424364090442,1.0633769546036116,0.9861111111111112,924
20,0,1,6,0.9880952380952381,0.9714285714285714,1.2590042272078117,1.277066417989944,1.0649194527956087,0.9861111111111112,924
20,0,1,7,0.9841269841269841,0.9761904761904762,1.241385764366875,1.270882216991301,1.070693592647499,0.9722222222222222,924
20,0,1,8,0.9880952380952381,0.9714285714285714,1.2641952668755683,1.2827383204410492,1.0948411439603647,0.9861111111111112,924
20,0,2,1,1.0,1.0,1.1306594438387365,1.170927385829154,1.006473650531185,1.0,924
20,0,2,2,1.0,1.0,1.1913132177460048,1.221357300742862,1.0545822951369728,1.0,924
20,0,2,3,1.0,1.0,1.235256603176273,1.2544424474131068,1.0825308870393773,1.0,924
20,0,2,4,1.0,1.0,1.2393153957560874,1.2500391219529368,1.0864857006921707,1.0,924
20,0,2,5,1.0,1.0,1.2433151620567835,1.2671172096612562,1.0933314777470051,1.0,924
20,0,2,6,1.0,1.0,1.2452636109581652,1.265696103137193,1.1004158903672736,1.0,924
20,0,2,7,1.0,1.0,1.2605810843438947,1.2890212358892745,1.100430000167897,1.0,924
20,0,2,8,1.0,1.0,1.238995307067348,1.2665916982083463,1.0980958811002721,1.0,924
20,0,3,1,0.9920634920634921,1.0,1.2739380557361306,1.2825246218956803,0.9311646559938904,0.9861111111111112,924
20,0,3,2,0.998015873015873,1.0,1.3058647316849197,1.3273307500764167,1.0014699334580104,1.0,924
20,0,3,3,0.9940476190476191,1.0,1.3382356007634733,1.3618875687192138,1.01429509690773,1.0,924
20,0,3,4,0.996031746031746,1.0,1.324781060986692,1.355567121002548,1.0226644148721484,1.0,924
20,0,3,5,1.0,1.0,1.3300997392328695,1.362237866944115,1.0349828074828098,1.0,924
20,0,3,6,0.9940476190476191,1.0,1.3394677475620838,1.3572070077020764,1.027332735847539,1.0,924
20,0,3,7,0.9940476190476191,1.0,1.3688173435087982,1.3992839440569387,1.0252151935220137,1.0,924
20,0,3,8,0.9940476190476191,1.0,1.3499026537148198,1.3772519993689654,1.0201874953373884,1.0,924
20,0,4,1,1.0,0.9964285714285714,1.2675438263309078,1.2925128049050312,0.9674476898509909,1.0,630
20,0,4,2,1.0,0.9928571428571429,1.3151759827069336,1.3393307692476037,1.0049750742337977,1.0,630
20,0,4,3,1.0,0.9964285714285714,1.3143669974029697,1.3410072985731512,1.0265260725925751,1.0,630
20,0,4,4,1.0,0.9928571428571429,1.3096299012704782,1.337422013902174,1.036086556786308,1.0,630
20,0,4,5,0.9971428571428571,0.9892857142857143,1.2951372416831888,1.3303366783949158,1.0311643527517307,1.0,630
20,0,4,6,1.0,0.9964285714285714,1.3282899574738831,1.3471401223516646,1.03639566613583,1.0,630
20,0,4,7,0.9971428571428571,0.9928571428571429,1.2883612591450118,1.3276246071166862,1.0282256725266288,1.0,630
20,0,4,8,1.0,1.0,1.345944323465922,1.3632706942109458,1.0468117211528627,1.0,630
21,0,0,1,0.9642857142857143,0.9595238095238096,1.1864656216524607,1.2150095530681082,1.019806988080813,0.9166666666666666,924
21,0,0,2,0.9761904761904762,0.9571428571428572,1.2826851779810866,1.2975638526631192,1.107702202640405,0.9722222222222222,924
21,0,0,3,0.9781746031746031,0.9571428571428572,1.2802091621472624,1.30670152806947,1.1320925135093343,0.9861111111111112,924
21,0,0,4,0.9761904761904762,0.9595238095238096,1.2624075498553582,1.2946254818344098,1.1120203649462805,0.9722222222222222,924
21,0,0,5,0.9801587301587301,0.9595238095238096,1.2990495235273767,1.3300358275934312,1.1421878573736426,0.9861111111111112,924
21,0,0,6,0.9801587301587301,0.9595238095238096,1.2870444372773204,1.322121236135828,1.1361015843819207,0.9861111111111112,924
21,0,0,7,0.9781746031746031,0.9595238095238096,1.2859130201740978,1.3241667071530965,1.154832281543138,0.9861111111111112,924
21,0,0,8,0.9781746031746031,0.9571428571428572,1.3028365359770633,1.335841283990348,1.1377984275940007,0.9861111111111112,924
21,0,1,1,0.9841269841269841,0.9714285714285714,1.1852251817492307,1.228175789309813,1.008556019591622,0.9722222222222222,924
21,0,1,2,0.9920634920634921,0.9714285714285714,1.252014244842123,1.2831279694040463,1.0567288144369757,0.9861111111111112,924
21,0,1,3,0.9920634920634921,0.9666666666666667,1.2971137664925199,1.3228951736680388,1.1224955345115388,0.9861111111111112,924
21,0,1,4,0.9900793650793651,0.9714285714285714,1.2696233804951804,1.3046611454131882,1.0775973594590904,0.9861111111111112,924
21,0,1,5,0.9880952380952381,0.969047619047619,1.2733157639011852,1.2952802943044495,1.0956801200457442,0.9861111111111112,924
21,0,1,6,0.9920634920634921,0.9714285714285714,1.2882735759680446,1.314114116990173,1.1072194251732572,0.9861111111111112,924
21,0,1,7,0.9880952380952381,0.9642857142857143,1.254752924058359,1.2860634030597728,1.0601103090215562,0.9861111111111112,924
21,0,1,8,0.9900793650793651,0.9714285714285714,1.2789375699671224,1.3079217436296995,1.0777942531983318,0.9861111111111112,924
21,0,2,1,1.0,1.0,1.1842862055066095,1.218301421525455,1.0368328162037055,1.0,924
21,0,2,2,1.0,1.0,1.2436311700272058,1.2673774134028568,1.0960945150822763,1.0,924
21,0,2,3,1.0,1.0,1.2440396291357727,1.2737764434978047,1.1196965039289404,1.0,924
21,0,2,4,1.0,1.0,1.2692752451119866,1.2928727264762039,1.1199764910969416,1.0,924
21,0,2,5,1.0,1.0,1.2444106003119417,1.2760812396690684,1.1340839469574204,1.0,924
21,0,2,6,1.0,1.0,1.265878223476618,1.2925968844175941,1.1214552942740947,1.0,924
21,0,2,7,1.0,1.0,1.254662082106051,1.2821103185313216,1.1294830184202322,1.0,924
21,0,2,8,1.0,1.0,1.2546213659832457,1.2875001964376576,1.1427031560726908,1.0,924
21,0,3,1,0.9880952380952381,1.0,1.3057728855042283,1.326604289800957,0.9340485405010144,0.9861111111111112,924
21,0,3,2,0.9920634920634921,0.9976190476190476,1.3646904423861206,1.3721400161091535,1.028649613307373,0.9861111111111112,924
21,0,3,3,0.9920634920634921,0.9976190476190476,1.369436652132102,1.3846750226707243,1.0201297380441443,0.9861111111111112,924
21,0,3,4,0.9920634920634921,0.9976190476190476,1.3572102569637554,1.3756982101171398,1.0314079739977244,0.9861111111111112,924
21,0,3,5,0.9940476190476191,0.9976190476190476,1.3806442238050551,1.399306881345314,1.0370519181208153,1.0,924
21,0,3,6,0.9900793650793651,0.9976190476190476,1.3766189745689559,1.4039389596591367,1.042980668051844,0.9861111111111112,924
21,0,3,7,0.9900793650793651,0.9952380952380953,1.3738918285540958,1.3751899762554969,0.9974655516655031,0.9861111111111112,924
21,0,3,8,0.9920634920634921,0.9952380952380953,1.3613165266787328,1.4018728120868196,1.0510943540109974,0.9861111111111112,924
21,0,4,1,1.0,0.9928571428571429,1.237270599578485,1.2774425020630074,0.8903165737922284,1.0,630
21,0,4,2,1.0,0.9892857142857143,1.317967268104485,1.3489201425095578,0.9963729570507912,1.0,630
21,0,4,3,1.0,0.9892857142857143,1.354668741501298,1.382147536857299,0.9987593329223061,1.0,630
21,0,4,4,1.0,0.9892857142857143,1.3280170600953707,1.36856877565982,1.004685014975674,1.0,630
21,0,4,5,1.0,0.9892857142857143,1.352727133811493,1.3850260877751066,1.0275109167421093,1.0,630
21,0,4,6,1.0,0.9892857142857143,1.3412042375060256,1.362425752028872,1.000285269056265,1.0,630
21,0,4,7,1.0,0.9892857142857143,1.3710748182245711,1.3979293129556845,1.0063403149145385,1.0,630
21,0,4,8,1.0,0.9892857142857143,1.3728505777413154,1.4060410019026122,1.0370101675842944,1.0,630
22,0,0,1,0.9702380952380952,0.9571428571428572,1.2267738320871358,1.2533605933059224,1.05233071510132,0.9583333333333334,924
22,0,0,2,0.9742063492063492,0.9571428571428572,1.3191601962726027,1.359917267213991,1.1404783502825229,0.9722222222222222,924
22,0,0,3,0.9781746031746031,0.9571428571428572,1.3219683356147418,1.3589584515957318,1.1699798771851522,0.9861111111111112,924
22,0,0,4,0.9781746031746031,0.9571428571428572,1.3529552636002071,1.3990826585003733,1.155937516672151,0.9861111111111112,924
22,0,0,5,0.9761904761904762,0.9619047619047619,1.3239357631223947,1.3700133621855082,1.1543545510505466,0.9722222222222222,924
22,0,0,6,0.9761904761904762,0.9571428571428572,1.3511301780827176,1.3905071192604976,1.1408029722315063,0.9861111111111112,924
22,0,0,7,0.9781746031746031,0.9571428571428572,1.3364236094972317,1.3804800225565443,1.1757035733793297,0.9861111111111112,924
22,0,0,8,0.9742063492063492,0.9571428571428572,1.338332095745499,1.3804240736554139,1.1390441646943223,0.9861111111111112,924
22,0,1,1,0.9900793650793651,0.9714285714285714,1.229110119221049,1.2752555451168646,1.0222739946270156,0.9861111111111112,924
22,0,1,2,0.9900793650793651,0.9714285714285714,1.2626058792589163,1.3037505720205702,1.096072285841369,0.9861111111111112,924
22,0,1,3,0.9920634920634921,0.9571428571428572,1.3217238257900075,1.3649983440908011,1.1654787967275864,0.9861111111111112,924
22,0,1,4,0.9920634920634921,0.9595238095238096,1.3048455288372929,1.34924450280248,1.1109740393277328,0.9861111111111112,924
22,0,1,5,0.9880952380952381,0.9523809523809523,1.3284421246315496,1.338807451124877,1.1177270901478762,0.9861111111111112,924
22,0,1,6,0.9880952380952381,0.95,1.3825151229916344,1.3973499339886315,1.1408478933951685,0.9861111111111112,924
22,0,1,7,0.9880952380952381,0.9666666666666667,1.3093380715078116,1.3390854548469584,1.101064779747729,0.9861111111111112,924
22,0,1,8,0.9861111111111112,0.9571428571428572,1.3045943716268553,1.31826424648063,1.0832460894485931,0.9861111111111112,924
22,0,2,1,1.0,1.0,1.2024332505895607,1.2242205265607606,1.0643507274280912,1.0,924
22,0,2,2,1.0,1.0,1.233732405221895,1.2604105700644541,1.152140542042126,1.0,924
22,0,2,3,1.0,1.0,1.2918003291001343,1.317513942174716,1.176400306135589,1.0,924
22,0,2,4,1.0,1.0,1.2560841457724634,1.2849670709957743,1.165534242006653,1.0,924
22,0,2,5,1.0,1.0,1.2709123039148886,1.2949380850995047,1.1729130178628084,1.0,924
22,0,2,6,1.0,1.0,1.2922109970335887,1.3159340711231562,1.1706653358164643,1.0,924
22,0,2,7,1.0,1.0,1.263735281358269,1.2993955549839034,1.1825638092760757,1.0,924
22,0,2,8,1.0,1.0,1.2790140623131905,1.3088818706207885,1.1617636109815423,1.0,924
22,0,3,1,0.9920634920634921,1.0,1.2834808518828074,1.318987855445046,0.9424786333048844,0.9861111111111112,924
22,0,3,2,0.9940476190476191,0.9952380952380953,1.3298015293602594,1.3792915663083392,1.024435760453368,1.0,924
22,0,3,3,0.9940476190476191,0.9928571428571429,1.3504081407663109,1.3922535173036326,1.0619098085140593,1.0,924
22,0,3,4,0.9940476190476191,0.9928571428571429,1.3861498220161512,1.4192579152580418,1.0638520448820543,1.0,924
22,0,3,5,0.9940476190476191,0.9976190476190476,1.356556498722354,1.4062521216214383,1.0659591710602334,1.0,924
22,0,3,6,0.9900793650793651,0.9928571428571429,1.3772855733664922,1.4182022623400472,1.0781567847777378,0.9861111111111112,924
22,0,3,7,0.998015873015873,0.9952380952380953,1.3859984822182028,1.440616475100392,1.074254842218778,1.0,924
22,0,3,8,0.9940476190476191,0.9952380952380953,1.3581464668798506,1.4059845416972534,1.0727808493826636,1.0,924
22,0,4,1,1.0,0.9892857142857143,1.2723902753742808,1.3054842670622904,0.955814640531837,1.0,630
22,0,4,2,1.0,0.9892857142857143,1.3256886024011556,1.3643576134361124,1.0498504058802218,1.0,630
22,0,4,3,1.0,0.9892857142857143,1.3719936504764751,1.3979202883720907,1.0629575999907952,1.0,630
22,0,4,4,0.9971428571428571,0.9857142857142858,1.3344569701307811,1.3680778673423264,0.999686040430407,1.0,630
22,0,4,5,1.0,0.9892857142857143,1.3947078208761126,1.4296488964117633,1.0808561360326936,1.0,630
22,0,4,6,1.0,0.9892857142857143,1.4152420094400713,1.4301422515519817,1.07149182098954,1.0,630
22,0,4,7,1.0,0.9892857142857143,1.3762863313607252,1.4137784677943415,1.0724803215408842,1.0,630
22,0,4,8,0.9942857142857143,0.9892857142857143,1.4021865349733684,1.419659743984415,1.0278803711973243,1.0,630
23,0,0,1,0.9781746031746031,0.9547619047619048,1.33154076354211,1.3680780958016239,1.102332551523076,0.9722222222222222,924
23,0,0,2,0.9801587301587301,0.9523809523809523,1.3759286529569728,1.4301588430438623,1.1751151806695743,0.9722222222222222,924
23,0,0,3,0.9841269841269841,0.95,1.3907769119744433,1.4344763712980182,1.2108276174600372,0.9861111111111112,924
23,0,0,4,0.9880952380952381,0.9523809523809523,1.4289217771416194,1.4846570360452973,1.2368916818161528,0.9861111111111112,924
23,0,0,5,0.9841269841269841,0.95,1.413086864769348,1.4607173440108634,1.2149677335821099,0.9861111111111112,924
23,0,0,6,0.9880952380952381,0.9547619047619048,1.4380549099953255,1.4984894775317121,1.2601028371993803,0.9861111111111112,924
23,0,0,7,0.9861111111111112,0.9523809523809523,1.453559004133501,1.50463372767082,1.2508095891197892,0.9861111111111112,924
23,0,0,8,0.9841269841269841,0.9523809523809523,1.4099008239134287,1.4597041583714236,1.2230397611692894,0.9861111111111112,924
23,0,1,1,0.9880952380952381,0.930952380952381,1.3371595250653154,1.4009826685166795,1.1568515599403688,0.9861111111111112,924
23,0,1,2,0.9880952380952381,0.9404761904761905,1.3462054905364358,1.3944143119574257,1.2230715963205547,0.9861111111111112,924
23,0,1,3,0.9900793650793651,0.9428571428571428,1.3804781280342506,1.423490552360732,1.239240340744869,0.9861111111111112,924
23,0,1,4,0.9900793650793651,0.9428571428571428,1.4097768994160975,1.4533646675835779,1.2593858519246552,0.9861111111111112,924
23,0,1,5,0.9880952380952381,0.9404761904761905,1.4071183044546811,1.4463221926367436,1.2467547201943128,0.9861111111111112,924
23,0,1,6,0.9900793650793651,0.9523809523809523,1.3992676202048187,1.4261804813920775,1.2367188688769413,0.9861111111111112,924
23,0,1,7,0.9900793650793651,0.95,1.4151706093240686,1.447611441934979,1.2527825490961408,0.9861111111111112,924
23,0,1,8,0.9880952380952381,0.9476190476190476,1.3839281370994638,1.4275666853476257,1.2414626563903768,0.9861111111111112,924
23,0,2,1,1.0,1.0,1.2892732797905968,1.3147198242520675,1.0962962774794303,1.0,924
23,0,2,2,1.0,1.0,1.358746715818292,1.3825605005012271,1.2045982749589546,1.0,924
23,0,2,3,1.0,1.0,1.3758882772636318,1.4083731569488718,1.1849444462792542,1.0,924
23,0,2,4,1.0,1.0,1.352658563066572,1.3936054238500903,1.2176822008978148,1.0,924
23,0,2,5,1.0,1.0,1.4084370086719393,1.434409406362321,1.2413821891331625,1.0,924
23,0,2,6,1.0,1.0,1.3698627291141507,1.4113536316250095,1.2032705183725887,1.0,924
23,0,2,7,1.0,1.0,1.4166875971626114,1.4466354495614062,1.248138043586664,1.0,924
23,0,2,8,1.0,1.0,1.3878468519172877,1.4210182269902278,1.2257757041337325,1.0,924
23,0,3,1,1.0,0.9928571428571429,1.3766307787651533,1.4110730222297927,1.0520708367441602,1.0,924
23,0,3,2,1.0,0.9928571428571429,1.4443246562372747,1.4694602015138842,1.120542015057453,1.0,924
23,0,3,3,1.0,0.9880952380952381,1.481013041799244,1.5309014456095638,1.2239314065183928,1.0,924
23,0,3,4,1.0,0.9904761904761905,1.4955013327810567,1.5415768114970376,1.1849392114341968,1.0,924
23,0,3,5,1.0,0.9880952380952381,1.5099839648269247,1.5399538510161284,1.1946150085374316,1.0,924
23,0,3,6,1.0,0.9880952380952381,1.5134003797684223,1.559933737198312,1.2145141940847928,1.0,924
23,0,3,7,1.0,0.9904761904761905,1.5067503819783745,1.516680213157116,1.2033829689486315,1.0,924
23,0,3,8,1.0,0.9880952380952381,1.5393653419284923,1.5653705834142504,1.2105526236579438,1.0,924
23,0,4,1,1.0,0.9821428571428571,1.3456966572378037,1.3789082077275367,1.0198191511631218,1.0,630
23,0,4,2,1.0,0.9785714285714285,1.3463149554900014,1.3764144990059997,1.1267762296458466,1.0,630
23,0,4,3,1.0,0.975,1.420000524032505,1.4526247993648864,1.2061856341777981,1.0,630
23,0,4,4,0.9971428571428571,0.9714285714285714,1.3949321298019488,1.4199921664721822,1.1670832667674371,1.0,630
23,0,4,5,1.0,0.9821428571428571,1.4230556016523068,1.458707753617032,1.1514243435485874,1.0,630
23,0,4,6,1.0,0.975,1.4387750046251957,1.4698116103605539,1.178919173573078,1.0,630
23,0,4,7,1.0,0.9714285714285714,1.4057685059544727,1.4485366376094586,1.1867419509980144,1.0,630
23,0,4,8,1.0,0.9678571428571429,1.457362702588992,1.4873191672860893,1.201696185175149,1.0,630
24,0,0,1,0.9880952380952381,0.930952380952381,1.3727288937406406,1.4282456303872944,1.1620066334854073,0.9861111111111112,924
24,0,0,2,0.9920634920634921,0.9214285714285714,1.482356647623004,1.5667809307986251,1.183354115211492,1.0,924
24,0,0,3,0.9900793650793651,0.9333333333333333,1.4729474859321772,1.5503412316978933,1.2146247107251056,0.9861111111111112,924
24,0,0,4,0.9880952380952381,0.9380952380952381,1.4238316074298063,1.496572401332731,1.1549588025873496,0.9861111111111112,924
24,0,0,5,0.9920634920634921,0.9333333333333333,1.5175259998676593,1.5892760983369494,1.2298856241019815,1.0,924
24,0,0,6,0.9940476190476191,0.9357142857142857,1.5710737480607908,1.6375161321184726,1.2335418400359528,1.0,924
24,0,0,7,0.9920634920634921,0.9261904761904762,1.5958848802581738,1.6554835751124057,1.3131318769594158,1.0,924
24,0,0,8,0.9920634920634921,0.9357142857142857,1.534860485865261,1.6047478360141538,1.2062726718325458,1.0,924
24,0,1,1,1.0,0.930952380952381,1.3511590493943104,1.4732609851885043,1.067740780540606,1.0,924
24,0,1,2,0.996031746031746,0.9,1.4118942121575606,1.507750173139138,1.089717822834129,1.0,924
24,0,1,3,0.9940476190476191,0.9,1.4299085515168115,1.5086215564729892,1.0765933201066784,1.0,924
24,0,1,4,0.9781746031746031,0.9071428571428571,1.4189300564614193,1.4865538393767461,1.0530256182562465,0.9722222222222222,924
24,0,1,5,0.9682539682539683,0.9023809523809524,1.411189609128931,1.4677155181396357,1.032355547302888,0.9444444444444444,924
24,0,1,6,0.9682539682539683,0.9,1.4181283645344562,1.4604803165021853,1.082255916099033,0.9444444444444444,924
24,0,1,7,0.9583333333333334,0.9023809523809524,1.4067234799438015,1.4707181384760117,1.0093708463746194,0.9444444444444444,924
24,0,1,8,0.9503968253968254,0.9095238095238095,1.4031760804695301,1.4948800347752034,0.9936996280540382,0.9166666666666666,924
24,0,2,1,1.0,0.9619047619047619,1.539761377955391,1.5862999731971303,1.311414329473443,1.0,924
24,0,2,2,1.0,0.9833333333333333,1.3546058829186758,1.3908346423498836,1.1422297194618922,1.0,924
24,0,2,3,1.0,0.9857142857142858,1.3945056175052033,1.4309541300871522,1.1861939727201962,1.0,924
24,0,2,4,1.0,0.9904761904761905,1.4532953828309574,1.4863793804030445,1.2493348286738057,1.0,924
24,0,2,5,1.0,0.9976190476190476,1.444724828027411,1.484891819540445,1.2248988299308792,1.0,924
24,0,2,6,1.0,0.9928571428571429,1.5519397265296664,1.5943829715331992,1.2241175199839454,1.0,924
24,0,2,7,1.0,0.9976190476190476,1.553475755833039,1.5984942505090693,1.2421977291663016,1.0,924
24,0,2,8,1.0,1.0,1.6038168925694658,1.6450767691312185,1.3079603326738654,1.0,924
24,0,3,1,0.998015873015873,0.95,1.313300810005628,1.3704100919802777,1.1558967774025568,1.0,924
24,0,3,2,0.998015873015873,0.9476190476190476,1.3966630275182943,1.430749505833678,1.195589170721207,1.0,924
24,0,3,3,0.996031746031746,0.9547619047619048,1.3744286786743296,1.4178778589189662,1.2391176002482471,1.0,924
24,0,3,4,0.9920634920634921,0.9666666666666667,1.4005192164939608,1.4180865654197667,1.2291225546058,0.9861111111111112,924
24,0,3,5,0.9940476190476191,0.9452380952380952,1.4770774568715552,1.4745885389864386,1.3041374905361964,0.9861111111111112,924
24,0,3,6,0.9920634920634921,0.9595238095238096,1.4364747106272304,1.4585100971614726,1.2848227093317224,0.9861111111111112,924
24,0,3,7,0.9920634920634921,0.9523809523809523,1.4610152649233816,1.4883704191487674,1.3445887149910618,0.9861111111111112,924
24,0,3,8,0.9900793650793651,0.9547619047619048,1.5385580766503812,1.5731939839447873,1.353557460897522,0.9861111111111112,924
24,0,4,1,0.9971428571428571,0.8928571428571429,1.285134153210261,1.3471797777645247,1.2234063147390228,1.0,630
24,0,4,2,1.0,0.9321428571428572,1.2681029529366465,1.3215472677205256,1.1605766528360077,1.0,630
24,0,4,3,0.9942857142857143,0.9285714285714286,1.2422706136687662,1.3149852280053562,1.1930902513133539,1.0,630
24,0,4,4,0.9971428571428571,0.9321428571428572,1.2741068439483738,1.34510339849668,1.214489009616082,1.0,630
24,0,4,5,0.9942857142857143,0.9428571428571428,1.2906683463058422,1.357914761794224,1.173071876147835,1.0,630
24,0,4,6,0.9914285714285714,0.9321428571428572,1.2504154898801343,1.3310127943036734,1.2496386958219123,0.98,630
24,0,4,7,0.9914285714285714,0.9392857142857143,1.304373352226515,1.3736500767391817,1.2279426974528151,0.98,630
24,0,4,8,0.9971428571428571,0.9357142857142857,1.4384335303190476,1.5399300263248559,1.326629528573594,1.0,630
