pair_id,band,paradigm,source_index,source_pair_id,prefix,suffix,good_verb,bad_verb,sentence_good,sentence_bad,source_bad_verb,selected_pair_id,good_whole_lp,good_verb_lp,good_suffix_lp,good_by_lp,good_n_scored_tokens,good_verb_tokens,bad_whole_lp,bad_verb_lp,bad_suffix_lp,bad_by_lp,bad_n_scored_tokens,bad_verb_tokens,whole_margin,verb_margin,suffix_margin,by_margin,correct
head/passive_1/22,head,passive_1,22,22,These liberals weren't , by the tease.,insured,vanished,These liberals weren't insured by the tease.,These liberals weren't vanished by the tease.,competed,head/passive_1/insure/was,-52.693888425827026,-11.627276420593262,-21.797097325325012,-3.2528910636901855,9,1,-54.68950444459915,-13.611651420593262,-21.808338344097137,-3.5786328315734863,9,1,1.9956160187721252,1.984375,0.011241018772125244,0.3257417678833008,1
head/passive_1/49,head,passive_1,49,49,Winston Churchill was , by a prince.,blamed,struggled,Winston Churchill was blamed by a prince.,Winston Churchill was struggled by a prince.,arrived,head/passive_1/blame/was,-41.485631227493286,-9.832691192626953,-19.345411777496338,-2.5839948654174805,8,1,-46.232714891433716,-14.332691192626953,-19.592495441436768,-4.019205570220947,8,1,4.74708366394043,4.5,0.2470836639404297,1.4352107048034668,1
head/passive_1/53,head,passive_1,53,53,A guest is , by these truths.,defended,participated,A guest is defended by these truths.,A guest is participated by these truths.,struggled,head/passive_1/defend/was,-45.45906901359558,-12.2546968460083,-18.352856397628784,-0.8535090684890747,7,1,-50.09093523025513,-13.8953218460083,-21.34409761428833,-2.5421488285064697,7,1,4.631866216659546,1.640625,2.991241216659546,1.688639760017395,1
head/passive_1/58,head,passive_1,58,58,This prof is , by every librarian.,robbed,belonged,This prof is robbed by every librarian.,This prof is belonged by every librarian.,struggled,head/passive_1/rob/was,-51.081303007900715,-12.62143325805664,-23.9573687389493,-2.227015972137451,8,1,-53.178372740745544,-15.88315200805664,-22.79271972179413,-3.7822587490081787,8,1,2.0970697328448296,3.26171875,-1.1646490171551704,1.5552427768707275,1
head/passive_1/82,head,passive_1,82,82,This attendant wasn't , by a lot of narratives.,hosted,existed,This attendant wasn't hosted by a lot of narratives.,This attendant wasn't existed by a lot of narratives.,remarked,head/passive_1/host/was,-62.687591165304184,-14.830488204956055,-25.683121621608734,-0.7390842437744141,10,1,-61.82425108551979,-16.053144454956055,-23.59712529182434,-3.109363555908203,10,1,-0.8633400797843933,1.22265625,-2.0859963297843933,2.370279312133789,0
head/passive_1/113,head,passive_1,113,113,Most investigators are , by that raising.,lent,opted,Most investigators are lent by that raising.,Most investigators are opted by that raising.,occurred,head/passive_1/lend/was,-50.011823415756226,-12.657855987548828,-25.307595014572144,-2.7705957889556885,7,1,-54.802873611450195,-14.532855987548828,-28.223645210266113,-4.300511837005615,7,1,4.79105019569397,1.875,2.9160501956939697,1.5299160480499268,1
head/passive_1/121,head,passive_1,121,121,A lot of majors aren't , by most costumes.,upgraded,complained,A lot of majors aren't upgraded by most costumes.,A lot of majors aren't complained by most costumes.,competed,head/passive_1/upgrade/was,-61.780580535531044,-11.143074989318848,-25.942535042762756,-3.9697718620300293,10,1,-64.34403349459171,-12.549324989318848,-27.099738001823425,-5.509829998016357,10,1,2.563452959060669,1.40625,1.157202959060669,1.5400581359863281,1
head/passive_1/125,head,passive_1,125,125,Most cowboys were , by these legislators' mothers.,crowned,objected,Most cowboys were crowned by these legislators' mothers.,Most cowboys were objected by these legislators' mothers.,emerged,head/passive_1/crown/was,-58.86906883120537,-10.098140716552734,-33.53690719604492,-3.117515802383423,10,1,-62.904642194509506,-14.402828216552734,-33.26779305934906,-4.015899181365967,10,1,4.035573363304138,4.3046875,-0.2691141366958618,0.898383378982544,1
head/passive_1/127,head,passive_1,127,127,Most guys weren't , by every expectation.,imposed,emerged,Most guys weren't imposed by every expectation.,Most guys weren't emerged by every expectation.,replied,head/passive_1/impose/was,-52.33977034687996,-14.907844543457031,-21.72526240348816,-2.652100086212158,8,1,-56.82877841591835,-15.614875793457031,-25.50723922252655,-5.2444000244140625,8,1,4.489008069038391,0.70703125,3.781976819038391,2.5922999382019043,1
head/passive_1/142,head,passive_1,142,142,Some psychic's sisters weren't , by these complications.,imposed,emerged,Some psychic's sisters weren't imposed by these complications.,Some psychic's sisters weren't emerged by these complications.,competed,head/passive_1/impose/was,-71.40905905421823,-13.91318130493164,-21.647047758102417,-2.907413959503174,10,1,-70.90842033084482,-14.54599380493164,-20.513596534729004,-3.8655285835266113,10,1,-0.5006387233734131,0.6328125,-1.133451223373413,0.9581146240234375,0
head/passive_1/143,head,passive_1,143,143,Families aren't , by most statutes.,introduced,arrived,Families aren't introduced by most statutes.,Families aren't arrived by most statutes.,competed,head/passive_1/introduce/was,-52.02691429853439,-9.213095664978027,-24.3394638299942,-3.4864840507507324,8,1,-58.1292330622673,-10.994345664978027,-28.660532593727112,-4.785015106201172,8,1,6.10231876373291,1.78125,4.32106876373291,1.2985310554504395,1
head/passive_1/157,head,passive_1,157,157,Some gentleman wasn't , by many appliances.,introduced,arrived,Some gentleman wasn't introduced by many appliances.,Some gentleman wasn't arrived by many appliances.,lied,head/passive_1/introduce/was,-58.98478002846241,-9.072422981262207,-28.611783862113953,-4.180746555328369,8,1,-59.21042473614216,-10.728672981262207,-27.1811785697937,-4.398914337158203,8,1,0.22564470767974854,1.65625,-1.4306052923202515,0.21816778182983398,1
head/passive_1/158,head,passive_1,158,158,A lot of fools aren't , by a builder.,summed,competed,A lot of fools aren't summed by a builder.,A lot of fools aren't competed by a builder.,complained,head/passive_1/sum/was,-66.65333051979542,-15.572569847106934,-25.764758348464966,-6.5435662269592285,10,1,-59.20682509243488,-13.775694847106934,-20.11512792110443,-3.561927318572998,10,1,-7.446505427360535,-1.796875,-5.649630427360535,-2.9816389083862305,0
head/passive_1/171,head,passive_1,171,171,Margaret isn't , by the parsons.,robbed,belonged,Margaret isn't robbed by the parsons.,Margaret isn't belonged by the parsons.,arrived,head/passive_1/rob/was,-42.2549996227026,-12.924103736877441,-18.123101234436035,-3.0647335052490234,9,1,-48.5151052325964,-15.595978736877441,-21.711331844329834,-5.62900447845459,9,1,6.260105609893799,2.671875,3.588230609893799,2.5642709732055664,1
head/passive_1/189,head,passive_1,189,189,Every fraternity wasn't , by most fools.,earned,occurred,Every fraternity wasn't earned by most fools.,Every fraternity wasn't occurred by most fools.,lied,head/passive_1/earn/was,-57.478303015232086,-11.322893142700195,-25.25046408176422,-1.7209392786026,9,1,-59.83598870038986,-15.033830642700195,-23.897212266921997,-3.7796742916107178,9,1,2.357685685157776,3.7109375,-1.3532518148422241,2.0587350130081177,1
head/passive_1/201,head,passive_1,201,201,A vegetarian wasn't , by most writers' piano teacher.,robbed,belonged,A vegetarian wasn't robbed by most writers' piano teacher.,A vegetarian wasn't belonged by most writers' piano teacher.,progressed,head/passive_1/rob/was,-79.16164994239807,-12.952154159545898,-44.39840054512024,-2.953582763671875,11,1,-79.70357954502106,-15.444341659545898,-42.448142647743225,-4.697980880737305,11,1,0.5419296026229858,2.4921875,-1.9502578973770142,1.7443981170654297,1
head/passive_1/213,head,passive_1,213,213,All airports weren't , by this chorus.,exhibited,proceeded,All airports weren't exhibited by this chorus.,All airports weren't proceeded by this chorus.,vanished,head/passive_1/exhibit/was,-56.17805176973343,-12.864128112792969,-22.95750594139099,-4.170674800872803,8,1,-54.83394819498062,-14.176628112792969,-20.300902366638184,-1.4934182167053223,8,1,-1.3441035747528076,1.3125,-2.6566035747528076,-2.6772565841674805,0
head/passive_1/239,head,passive_1,239,239,This dude wasn't , by the theory.,defended,participated,This dude wasn't defended by the theory.,This dude wasn't participated by the theory.,replied,head/passive_1/defend/was,-47.148082584142685,-13.390117645263672,-15.871001601219177,-1.4629145860671997,8,1,-49.818272203207016,-15.725078582763672,-16.20623028278351,-3.4092085361480713,8,1,2.670189619064331,2.3349609375,0.33522868156433105,1.9462939500808716,1
head/passive_1/247,head,passive_1,247,247,These recruits are , by Jesus.,imposed,emerged,These recruits are imposed by Jesus.,These recruits are emerged by Jesus.,competed,head/passive_1/impose/was,-39.64060592651367,-13.27765941619873,-12.781756162643433,-1.8805880546569824,6,1,-44.999571084976196,-14.45734691619873,-16.961033821105957,-4.063586235046387,6,1,5.358965158462524,1.1796875,4.179277658462524,2.1829981803894043,1
head/passive_1/250,head,passive_1,250,250,Those princes are , by the settlers.,included,happened,Those princes are included by the settlers.,Those princes are happened by the settlers.,struggled,head/passive_1/include/was,-44.202829122543335,-9.510299682617188,-19.91092824935913,-4.499253273010254,7,1,-50.59611940383911,-14.033737182617188,-21.780781030654907,-3.087739944458008,7,1,6.393290281295776,4.5234375,1.8698527812957764,-1.411513328552246,1
head/passive_1/258,head,passive_1,258,258,The wizards weren't , by this offer.,robbed,belonged,The wizards weren't robbed by this offer.,The wizards weren't belonged by this offer.,competed,head/passive_1/rob/was,-49.999708995223045,-11.76728630065918,-18.099193453788757,-3.0090909004211426,9,1,-57.17057226598263,-16.21906852722168,-20.81827449798584,-4.496748924255371,9,1,7.1708632707595825,4.4517822265625,2.7190810441970825,1.4876580238342285,1
head/passive_1/273,head,passive_1,273,273,A mouth was , by some queer.,scored,remained,A mouth was scored by some queer.,A mouth was remained by some queer.,progressed,head/passive_1/score/was,-50.610909938812256,-8.864288330078125,-27.135254859924316,-2.5028867721557617,7,1,-54.19191312789917,-12.786163330078125,-26.79438304901123,-6.340538024902344,7,1,3.581003189086914,3.921875,-0.34087181091308594,3.837651252746582,1
head/passive_1/277,head,passive_1,277,277,The satellite is , by those advisors.,included,happened,The satellite is included by those advisors.,The satellite is happened by those advisors.,existed,head/passive_1/include/was,-51.11880540847778,-8.717985153198242,-29.40125608444214,-5.719574451446533,7,1,-56.42776536941528,-16.397672653198242,-27.03052854537964,-3.715406656265259,7,1,5.3089599609375,7.6796875,-2.3707275390625,-2.0041677951812744,1
head/passive_1/285,head,passive_1,285,285,A researcher is , by a lot of protesters.,scored,remained,A researcher is scored by a lot of protesters.,A researcher is remained by a lot of protesters.,replied,head/passive_1/score/was,-54.65181864798069,-11.40950870513916,-29.113343611359596,-2.559185028076172,9,1,-54.58360840380192,-14.42513370513916,-26.029508367180824,-5.142429351806641,9,1,-0.06821024417877197,3.015625,-3.083835244178772,2.5832443237304688,0
head/passive_1/293,head,passive_1,293,293,A stray is , by the haters.,celebrated,replied,A stray is celebrated by the haters.,A stray is replied by the haters.,vanished,head/passive_1/celebrate/was,-45.968704640865326,-11.132278442382812,-16.66781085729599,-2.7280538082122803,8,1,-48.26043486595154,-12.429153442382812,-17.662666082382202,-2.5390563011169434,8,1,2.291730225086212,1.296875,0.9948552250862122,-0.18899750709533691,1
head/passive_1/315,head,passive_1,315,315,This defeated is , by this party.,imposed,emerged,This defeated is imposed by this party.,This defeated is emerged by this party.,reacted,head/passive_1/impose/was,-46.76696419715881,-10.294204711914062,-15.504271745681763,-1.2989927530288696,7,1,-51.33187174797058,-13.942642211914062,-16.42074179649353,-3.0297915935516357,7,1,4.564907550811768,3.6484375,0.9164700508117676,1.7307988405227661,1
head/passive_1/327,head,passive_1,327,327,Many vampires were , by this hostile.,hosted,existed,Many vampires were hosted by this hostile.,Many vampires were existed by this hostile.,remarked,head/passive_1/host/was,-49.432344134896994,-10.666910171508789,-22.133527874946594,-1.0807148218154907,8,1,-54.579618986696005,-12.354410171508789,-25.593302726745605,-3.9490466117858887,8,1,5.147274851799011,1.6875,3.4597748517990112,2.868331789970398,1
head/passive_1/332,head,passive_1,332,332,A lot of volunteers were , by some liberals.,leased,apologized,A lot of volunteers were leased by some liberals.,A lot of volunteers were apologized by some liberals.,struggled,head/passive_1/lease/was,-56.23805524408817,-14.3426513671875,-22.3315908908844,-2.4477055072784424,9,1,-54.65483357012272,-15.8739013671875,-19.217119216918945,-3.4349703788757324,9,1,-1.583221673965454,1.53125,-3.114471673965454,0.98726487159729,0
head/passive_1/333,head,passive_1,333,333,Some multitude was , by Karen.,summed,competed,Some multitude was summed by Karen.,Some multitude was competed by Karen.,reacted,head/passive_1/sum/was,-51.649715423583984,-11.805220603942871,-20.53062391281128,-4.38992977142334,6,1,-51.92288160324097,-13.492720603942871,-19.11629009246826,-3.071758270263672,6,1,0.2731661796569824,1.6875,-1.4143338203430176,-1.318171501159668,1
head/passive_1/336,head,passive_1,336,336,Some millionaire wasn't , by a lot of princes.,leased,apologized,Some millionaire wasn't leased by a lot of princes.,Some millionaire wasn't apologized by a lot of princes.,existed,head/passive_1/lease/was,-59.247907519340515,-13.312518119812012,-23.08061209321022,-3.7100725173950195,11,1,-62.510214418172836,-15.541033744812012,-24.11440336704254,-6.083299160003662,11,1,3.262306898832321,2.228515625,1.0337912738323212,2.3732266426086426,1
head/passive_1/340,head,passive_1,340,340,A military was , by that contingent.,measured,laughed,A military was measured by that contingent.,A military was laughed by that contingent.,testified,head/passive_1/measure/was,-49.93544352054596,-10.327433586120605,-22.91865885257721,-1.3173497915267944,7,1,-53.673096776008606,-11.733683586120605,-25.250062108039856,-6.433554172515869,7,1,3.7376532554626465,1.40625,2.3314032554626465,5.116204380989075,1
head/passive_1/351,head,passive_1,351,351,That provincial wasn't , by Christopher.,rated,resulted,That provincial wasn't rated by Christopher.,That provincial wasn't resulted by Christopher.,struggled,head/passive_1/rate/was,-52.38387078046799,-11.22960376739502,-17.946311950683594,-2.9304137229919434,7,1,-55.79643505811691,-15.17491626739502,-17.41356372833252,-2.8154561519622803,7,1,3.412564277648926,3.9453125,-0.5327482223510742,-0.11495757102966309,1
head/passive_1/352,head,passive_1,352,352,The masters are , by the roar.,exhibited,proceeded,The masters are exhibited by the roar.,The masters are proceeded by the roar.,screamed,head/passive_1/exhibit/was,-49.79182147979736,-12.518359184265137,-23.356285095214844,-4.012170791625977,7,1,-47.311880230903625,-14.080859184265137,-19.313843846321106,-1.3364008665084839,7,1,-2.479941248893738,1.5625,-4.042441248893738,-2.6757699251174927,0
head/passive_1/354,head,passive_1,354,354,That boyfriend was , by all heirs.,imposed,emerged,That boyfriend was imposed by all heirs.,That boyfriend was emerged by all heirs.,lied,head/passive_1/impose/was,-56.10374569892883,-13.16910171508789,-26.922810792922974,-2.6649515628814697,7,1,-58.50062894821167,-15.13785171508789,-27.35094404220581,-4.662812232971191,7,1,2.396883249282837,1.96875,0.4281332492828369,1.9978606700897217,1
head/passive_1/359,head,passive_1,359,359,All rejects weren't , by a lot of cubs.,measured,laughed,All rejects weren't measured by a lot of cubs.,All rejects weren't laughed by a lot of cubs.,lied,head/passive_1/measure/was,-64.97826348245144,-9.920622825622559,-25.579990297555923,-2.769662380218506,11,1,-67.02254439890385,-10.576872825622559,-26.96802121400833,-6.455129623413086,11,1,2.044280916452408,0.65625,1.3880309164524078,3.68546724319458,1
head/passive_1/393,head,passive_1,393,393,All actors weren't , by all specials.,introduced,arrived,All actors weren't introduced by all specials.,All actors weren't arrived by all specials.,struggled,head/passive_1/introduce/was,-50.61173090338707,-7.566418647766113,-26.01483142375946,-2.7887063026428223,9,1,-54.18925425410271,-13.113293647766113,-24.045479774475098,-4.544797420501709,9,1,3.577523350715637,5.546875,-1.9693516492843628,1.7560911178588867,1
head/passive_1/405,head,passive_1,405,405,That wheat isn't , by those strangers.,hated,listened,That wheat isn't hated by those strangers.,That wheat isn't listened by those strangers.,proceeded,head/passive_1/hate/was,-51.3634130358696,-10.716608047485352,-20.58533215522766,-1.7483675479888916,8,1,-57.8557123541832,-12.622858047485352,-25.17138147354126,-7.420492172241211,8,1,6.492299318313599,1.90625,4.586049318313599,5.672124624252319,1
head/passive_1/447,head,passive_1,447,447,Most businessmen aren't , by Rachel.,defended,participated,Most businessmen aren't defended by Rachel.,Most businessmen aren't participated by Rachel.,progressed,head/passive_1/defend/was,-46.190156280994415,-12.865967750549316,-16.565114229917526,-0.4606878459453583,8,1,-50.441260904073715,-14.936280250549316,-18.745906352996826,-3.3322198390960693,8,1,4.2511046230793,2.0703125,2.1807921230793,2.871531993150711,1
head/passive_1/452,head,passive_1,452,452,Some educator was , by a patrol.,measured,laughed,Some educator was measured by a patrol.,Some educator was laughed by a patrol.,vanished,head/passive_1/measure/was,-48.82306548953056,-10.545083999633789,-21.101272583007812,-2.3112854957580566,8,1,-52.64544054865837,-10.295083999633789,-25.17364764213562,-5.900757789611816,8,1,3.8223750591278076,-0.25,4.072375059127808,3.5894722938537598,1
head/passive_1/454,head,passive_1,454,454,Some pumpkin wasn't , by every slain.,summed,competed,Some pumpkin wasn't summed by every slain.,Some pumpkin wasn't competed by every slain.,occurred,head/passive_1/sum/was,-68.95495253801346,-15.07486629486084,-30.000529766082764,-5.630780220031738,8,1,-64.39245182275772,-13.07486629486084,-27.438029050827026,-3.616964101791382,8,1,-4.562500715255737,-2.0,-2.5625007152557373,-2.0138161182403564,0
head/passive_1/461,head,passive_1,461,461,A shifting wasn't , by ranks.,crowned,objected,A shifting wasn't crowned by ranks.,A shifting wasn't objected by ranks.,lied,head/passive_1/crown/was,-53.89571398496628,-13.891295433044434,-15.858121156692505,-1.9278405904769897,7,1,-59.60209006071091,-12.828795433044434,-22.626997232437134,-6.5202813148498535,7,1,5.706376075744629,-1.0625,6.768876075744629,4.592440724372864,1
head/passive_1/464,head,passive_1,464,464,This activist was , by a lover.,insured,vanished,This activist was insured by a lover.,This activist was vanished by a lover.,remained,head/passive_1/insure/was,-47.892091512680054,-11.833332061767578,-20.20217752456665,-1.2844717502593994,7,1,-49.41431736946106,-14.700519561767578,-18.857215881347656,-4.313359260559082,7,1,1.5222258567810059,2.8671875,-1.3449616432189941,3.0288875102996826,1
head/passive_1/477,head,passive_1,477,477,The benedict wasn't , by politicians.,imposed,emerged,The benedict wasn't imposed by politicians.,The benedict wasn't emerged by politicians.,vanished,head/passive_1/impose/was,-47.86755307018757,-12.079723358154297,-11.619233012199402,-2.170766830444336,9,1,-55.923523619771004,-13.962535858154297,-17.792391061782837,-4.825679779052734,9,1,8.055970549583435,1.8828125,6.173158049583435,2.6549129486083984,1
head/passive_1/480,head,passive_1,480,480,Some fleet is , by an induction.,sent,died,Some fleet is sent by an induction.,Some fleet is died by an induction.,replied,head/passive_1/send/was,-51.62617635726929,-7.757789611816406,-24.560558319091797,-3.589780807495117,7,1,-56.08863663673401,-13.734352111816406,-23.04645609855652,-4.06641960144043,7,1,4.462460279464722,5.9765625,-1.5141022205352783,0.4766387939453125,1
head/passive_1/481,head,passive_1,481,481,Those observers were , by most teens' nephew.,rated,resulted,Those observers were rated by most teens' nephew.,Those observers were resulted by most teens' nephew.,laughed,head/passive_1/rate/was,-69.14980792999268,-11.225214004516602,-45.338958740234375,-2.211691379547119,9,1,-71.03913521766663,-15.127557754516602,-43.325942277908325,-3.147066116333008,9,1,1.8893272876739502,3.90234375,-2.01301646232605,0.9353747367858887,1
head/passive_1/484,head,passive_1,484,484,Cindy was , by every millionaire.,included,happened,Cindy was included by every millionaire.,Cindy was happened by every millionaire.,screamed,head/passive_1/include/was,-49.91298949718475,-8.685258865356445,-27.774475932121277,-5.233086109161377,8,1,-53.810551166534424,-14.833696365356445,-25.523600101470947,-3.428622245788574,8,1,3.8975616693496704,6.1484375,-2.2508758306503296,-1.8044638633728027,1
head/passive_1/486,head,passive_1,486,486,Some users weren't , by that philosopher.,confronted,testified,Some users weren't confronted by that philosopher.,Some users weren't testified by that philosopher.,responded,head/passive_1/confront/was,-50.46997454762459,-12.04762077331543,-22.122851371765137,-1.8500385284423828,8,1,-54.4608853161335,-16.05152702331543,-22.109855890274048,-2.8025271892547607,8,1,3.990910768508911,4.00390625,-0.012995481491088867,0.9524886608123779,1
head/passive_1/497,head,passive_1,497,497,Some suppliers aren't , by every supplier's boss.,imposed,emerged,Some suppliers aren't imposed by every supplier's boss.,Some suppliers aren't emerged by every supplier's boss.,remarked,head/passive_1/impose/was,-57.944353222846985,-12.966719627380371,-27.011824369430542,-1.9025511741638184,10,1,-64.02119982242584,-14.521407127380371,-31.5339834690094,-4.824670791625977,10,1,6.076846599578857,1.5546875,4.522159099578857,2.922119617462158,1
head/passive_1/529,head,passive_1,529,529,Some dear was , by that father of some paranoid.,sent,died,Some dear was sent by that father of some paranoid.,Some dear was died by that father of some paranoid.,lied,head/passive_1/send/was,-64.94719517230988,-6.240580081939697,-42.8367520570755,-3.5118818283081055,10,1,-68.78344857692719,-10.240579605102539,-42.67300593852997,-3.734346866607666,10,1,3.8362534046173096,3.999999523162842,-0.16374611854553223,0.22246503829956055,1
head/passive_1/530,head,passive_1,530,530,That association is , by Dawn.,hosted,existed,That association is hosted by Dawn.,That association is existed by Dawn.,reacted,head/passive_1/host/was,-37.371403992176056,-9.613078117370605,-14.933623850345612,-0.9480789303779602,6,1,-43.33869504928589,-11.613078117370605,-18.900914907455444,-2.361790895462036,6,1,5.967291057109833,2.0,3.9672910571098328,1.413711965084076,1
head/passive_1/536,head,passive_1,536,536,All lawyers are , by those brothers of a lot of siblings.,hosted,existed,All lawyers are hosted by those brothers of a lot of siblings.,All lawyers are existed by those brothers of a lot of siblings.,complained,head/passive_1/host/was,-72.46537233889103,-13.01456069946289,-45.33860684931278,-1.6213997602462769,12,1,-72.98672619462013,-15.55362319946289,-43.320898205041885,-2.984812021255493,12,1,0.5213538557291031,2.5390625,-2.017708644270897,1.3634122610092163,1
head/passive_1/544,head,passive_1,544,544,Jeffrey isn't , by a superintendent.,included,happened,Jeffrey isn't included by a superintendent.,Jeffrey isn't happened by a superintendent.,replied,head/passive_1/include/was,-47.071219742298126,-8.375661849975586,-26.31310725212097,-5.677896022796631,8,1,-50.63290721178055,-13.735036849975586,-24.515419721603394,-4.792932510375977,8,1,3.561687469482422,5.359375,-1.7976875305175781,-0.8849635124206543,1
head/passive_1/549,head,passive_1,549,549,A lot of nurses aren't , by Guy.,leased,apologized,A lot of nurses aren't leased by Guy.,A lot of nurses aren't apologized by Guy.,lied,head/passive_1/lease/was,-54.550433948636055,-14.155532836914062,-18.569075345993042,-2.649317741394043,9,1,-58.46969874203205,-15.343032836914062,-21.300840139389038,-6.284059047698975,9,1,3.919264793395996,1.1875,2.731764793395996,3.6347413063049316,1
head/passive_1/553,head,passive_1,553,553,Every substitute is , by every marine.,targeted,lied,Every substitute is targeted by every marine.,Every substitute is lied by every marine.,vanished,head/passive_1/target/was,-47.04735851287842,-9.691662788391113,-23.20680046081543,-2.2240076065063477,7,1,-53.59886932373047,-12.551037788391113,-26.89893627166748,-5.9323320388793945,7,1,6.551510810852051,2.859375,3.692135810852051,3.708324432373047,1
head/passive_1/554,head,passive_1,554,554,John wasn't , by this councillor.,loaded,responded,John wasn't loaded by this councillor.,John wasn't responded by this councillor.,emerged,head/passive_1/load/was,-45.78052970767021,-10.088922500610352,-26.396531902253628,-4.958083629608154,8,1,-45.49087128043175,-13.073297500610352,-23.122498475015163,-4.025087356567383,8,1,-0.28965842723846436,2.984375,-3.2740334272384644,-0.9329962730407715,0
head/passive_1/560,head,passive_1,560,560,Rose is , by the investment.,included,happened,Rose is included by the investment.,Rose is happened by the investment.,died,head/passive_1/include/was,-35.359108567237854,-8.297839164733887,-21.996833443641663,-5.147459030151367,6,1,-38.68394327163696,-12.704089164733887,-20.91541814804077,-3.2446088790893555,6,1,3.324834704399109,4.40625,-1.0814152956008911,-1.9028501510620117,1
head/passive_1/574,head,passive_1,574,574,That confederate is , by a navy.,rated,resulted,That confederate is rated by a navy.,That confederate is resulted by a navy.,arrived,head/passive_1/rate/was,-50.362053364515305,-11.420526504516602,-21.194342851638794,-3.9049479961395264,9,1,-52.690547436475754,-15.014276504516602,-19.929086923599243,-3.516165256500244,9,1,2.328494071960449,3.59375,-1.2652559280395508,-0.3887827396392822,1
head/passive_1/582,head,passive_1,582,582,Those subscribers' ex-girlfriends aren't , by these drivers.,leased,apologized,Those subscribers' ex-girlfriends aren't leased by these drivers.,Those subscribers' ex-girlfriends aren't apologized by these drivers.,complained,head/passive_1/lease/was,-70.26390405278653,-13.956257820129395,-19.496577620506287,-2.4593591690063477,13,1,-74.61506231408566,-13.596882820129395,-24.20711088180542,-6.995150566101074,13,1,4.351158261299133,-0.359375,4.710533261299133,4.535791397094727,1
head/passive_1/585,head,passive_1,585,585,That buyer was , by many prostitutes' girlfriend.,summed,competed,That buyer was summed by many prostitutes' girlfriend.,That buyer was competed by many prostitutes' girlfriend.,remarked,head/passive_1/sum/was,-72.48226690292358,-13.512503623962402,-41.45901441574097,-6.403966903686523,10,1,-72.20910954475403,-14.207816123962402,-40.49054455757141,-2.722848892211914,10,1,-0.27315735816955566,0.6953125,-0.9684698581695557,-3.6811180114746094,0
head/passive_1/589,head,passive_1,589,589,A witch was , by these teams.,thanked,mattered,A witch was thanked by these teams.,A witch was mattered by these teams.,complained,head/passive_1/thank/was,-49.007495164871216,-11.003132820129395,-22.708269834518433,-1.8829076290130615,7,1,-54.31930756568909,-16.356647491455078,-22.66656756401062,-4.585239410400391,7,1,5.311812400817871,5.353514671325684,-0.0417022705078125,2.702331781387329,1
head/passive_1/622,head,passive_1,622,622,This printer wasn't , by a vendor.,scored,remained,This printer wasn't scored by a vendor.,This printer wasn't remained by a vendor.,vanished,head/passive_1/score/was,-47.575380086898804,-12.013437271118164,-14.154720544815063,-2.075254201889038,8,1,-53.08392000198364,-15.945566177368164,-15.731131553649902,-4.5999298095703125,8,1,5.508539915084839,3.93212890625,1.5764110088348389,2.5246756076812744,1
head/passive_1/635,head,passive_1,635,635,The princes were , by a journalist.,lent,opted,The princes were lent by a journalist.,The princes were opted by a journalist.,remained,head/passive_1/lend/was,-43.59429359436035,-11.58584976196289,-17.134844064712524,-2.1085500717163086,7,1,-47.82773685455322,-15.05069351196289,-17.903443574905396,-3.262639045715332,7,1,4.233443260192871,3.46484375,0.7685995101928711,1.1540889739990234,1
head/passive_1/638,head,passive_1,638,638,A lot of players weren't , by every falcon.,blamed,struggled,A lot of players weren't blamed by every falcon.,A lot of players weren't struggled by every falcon.,laughed,head/passive_1/blame/was,-59.84555883705616,-12.050325393676758,-27.641201555728912,-3.779393434524536,11,1,-62.59798575937748,-15.448762893676758,-26.995190978050232,-3.7539114952087402,11,1,2.7524269223213196,3.3984375,-0.6460105776786804,-0.0254819393157959,1
head/passive_1/641,head,passive_1,641,641,A dessert wasn't , by this teacher.,upgraded,complained,A dessert wasn't upgraded by this teacher.,A dessert wasn't complained by this teacher.,existed,head/passive_1/upgrade/was,-52.03621408343315,-12.81222915649414,-17.47882890701294,-4.285585403442383,8,1,-55.05358824133873,-11.90597915649414,-21.402453064918518,-7.308404922485352,8,1,3.0173741579055786,-0.90625,3.9236241579055786,3.0228195190429688,1
head/passive_1/644,head,passive_1,644,644,Many pals' ex-girlfriends were , by those shareholders.,celebrated,replied,Many pals' ex-girlfriends were celebrated by those shareholders.,Many pals' ex-girlfriends were replied by those shareholders.,complained,head/passive_1/celebrate/was,-64.81140339374542,-9.595413208007812,-23.229796171188354,-2.7602412700653076,12,1,-70.44763958454132,-14.048538208007812,-24.412907361984253,-3.2528235912323,12,1,5.636236190795898,4.453125,1.1831111907958984,0.4925823211669922,1
head/passive_1/661,head,passive_1,661,661,These alumni were , by a sonny.,targeted,lied,These alumni were targeted by a sonny.,These alumni were lied by a sonny.,remarked,head/passive_1/target/was,-55.26998543739319,-9.542014122009277,-30.16848587989807,-1.4420356750488281,8,1,-56.83503174781799,-13.674826622009277,-27.600719690322876,-5.130210876464844,8,1,1.5650463104248047,4.1328125,-2.5677661895751953,3.6881752014160156,1
head/passive_1/682,head,passive_1,682,682,Most locks are , by a lot of rebels' grandmother.,imposed,emerged,Most locks are imposed by a lot of rebels' grandmother.,Most locks are emerged by a lot of rebels' grandmother.,occurred,head/passive_1/impose/was,-65.80429515242577,-9.870550155639648,-42.104336589574814,-0.9527360200881958,11,1,-70.55624659359455,-14.565862655639648,-42.1609755307436,-2.8030834197998047,11,1,4.751951441168785,4.6953125,0.056638941168785095,1.8503473997116089,1
head/passive_1/688,head,passive_1,688,688,Every supporter is , by that representative.,upgraded,complained,Every supporter is upgraded by that representative.,Every supporter is complained by that representative.,replied,head/passive_1/upgrade/was,-47.095850467681885,-12.212005615234375,-20.361457347869873,-3.2703771591186523,7,1,-48.817891120910645,-14.821380615234375,-19.474123001098633,-3.6749095916748047,7,1,1.7220406532287598,2.609375,-0.8873343467712402,0.40453243255615234,1
head/passive_1/689,head,passive_1,689,689,These freaks are , by associates.,rated,resulted,These freaks are rated by associates.,These freaks are resulted by associates.,competed,head/passive_1/rate/was,-40.0701162815094,-9.876750946044922,-15.654240131378174,-2.029261350631714,7,1,-47.638952016830444,-13.142375946044922,-19.95745086669922,-2.3653550148010254,7,1,7.568835735321045,3.265625,4.303210735321045,0.3360936641693115,1
head/passive_1/699,head,passive_1,699,699,These seniors aren't , by an academic's lawyer.,insured,vanished,These seniors aren't insured by an academic's lawyer.,These seniors aren't vanished by an academic's lawyer.,reacted,head/passive_1/insure/was,-61.721431016922,-9.1702241897583,-35.04934597015381,-3.9979708194732666,10,1,-64.32139885425568,-13.0295991897583,-33.78993880748749,-4.967251777648926,10,1,2.599967837333679,3.859375,-1.2594071626663208,0.9692809581756592,1
head/passive_1/718,head,passive_1,718,718,Danielle wasn't , by a lot of echoes.,leased,apologized,Danielle wasn't leased by a lot of echoes.,Danielle wasn't apologized by a lot of echoes.,died,head/passive_1/lease/was,-56.50189605355263,-15.884718894958496,-28.426372677087784,-3.362215280532837,10,1,-56.836033180356026,-16.43354606628418,-28.2116826325655,-6.875665664672852,10,1,0.33413712680339813,0.5488271713256836,-0.21469004452228546,3.5134503841400146,1
head/passive_1/731,head,passive_1,731,731,Anna isn't , by those faults.,crowned,objected,Anna isn't crowned by those faults.,Anna isn't objected by those faults.,laughed,head/passive_1/crown/was,-46.95620894432068,-11.63882827758789,-26.000909447669983,-4.5473833084106445,7,1,-47.77759099006653,-14.88882827758789,-23.572291493415833,-5.496101379394531,7,1,0.8213820457458496,3.25,-2.4286179542541504,0.9487180709838867,1
head/passive_1/739,head,passive_1,739,739,This nova wasn't , by some exile.,insured,vanished,This nova wasn't insured by some exile.,This nova wasn't vanished by some exile.,progressed,head/passive_1/insure/was,-58.53638806939125,-11.575166702270508,-25.399906635284424,-2.2742409706115723,9,1,-55.15308132767677,-13.043916702270508,-20.547849893569946,-3.964587688446045,9,1,-3.3833067417144775,1.46875,-4.8520567417144775,1.6903467178344727,0
head/passive_1/743,head,passive_1,743,743,The constituency is , by some chiefs.,targeted,lied,The constituency is targeted by some chiefs.,The constituency is lied by some chiefs.,occurred,head/passive_1/target/was,-43.13977378606796,-9.332352638244629,-19.95727640390396,-0.5071192383766174,7,1,-53.06487309932709,-17.863603591918945,-21.35112476348877,-1.4348740577697754,7,1,9.925099313259125,8.531250953674316,1.3938483595848083,0.927754819393158,1
head/passive_1/744,head,passive_1,744,744,This lover was , by some judgement.,insured,vanished,This lover was insured by some judgement.,This lover was vanished by some judgement.,vanished,head/passive_1/insure/was,-49.700822710990906,-11.124122619628906,-23.07903277873993,-1.6412547826766968,7,1,-50.8445303440094,-11.092872619628906,-24.253990411758423,-4.4396071434021,7,1,1.1437076330184937,-0.03125,1.1749576330184937,2.798352360725403,1
head/passive_1/747,head,passive_1,747,747,The jasper is , by all haters.,thanked,mattered,The jasper is thanked by all haters.,The jasper is mattered by all haters.,vanished,head/passive_1/thank/was,-49.443047642707825,-13.2388916015625,-19.516000866889954,-2.565323829650879,9,1,-54.054331958293915,-15.9986572265625,-21.367519557476044,-2.605340003967285,9,1,4.61128431558609,2.759765625,1.85151869058609,0.04001617431640625,1
head/passive_1/749,head,passive_1,749,749,A lot of strawberries are , by these strangers.,introduced,arrived,A lot of strawberries are introduced by these strangers.,A lot of strawberries are arrived by these strangers.,proceeded,head/passive_1/introduce/was,-51.81703521311283,-9.008766174316406,-21.37542712688446,-3.3441972732543945,10,1,-56.697708979249,-12.493141174316406,-22.77172589302063,-4.048015594482422,10,1,4.880673766136169,3.484375,1.3962987661361694,0.7038183212280273,1
head/passive_1/762,head,passive_1,762,762,Tiffany was , by a successor.,summed,competed,Tiffany was summed by a successor.,Tiffany was competed by a successor.,struggled,head/passive_1/sum/was,-49.23184275627136,-12.657835006713867,-22.636894941329956,-6.443167686462402,7,1,-47.33457088470459,-14.579710006713867,-18.817748069763184,-2.86314058303833,7,1,-1.8972718715667725,1.921875,-3.8191468715667725,-3.5800271034240723,0
head/passive_1/767,head,passive_1,767,767,This father isn't , by those difficulties.,crowned,objected,This father isn't crowned by those difficulties.,This father isn't objected by those difficulties.,laughed,head/passive_1/crown/was,-52.3217701241374,-12.303160667419434,-24.024950981140137,-3.246934413909912,8,1,-56.87522118538618,-15.014098167419434,-25.867464542388916,-6.929255962371826,8,1,4.553451061248779,2.7109375,1.8425135612487793,3.682321548461914,1
head/passive_1/774,head,passive_1,774,774,This hitter isn't , by every communist.,crowned,objected,This hitter isn't crowned by every communist.,This hitter isn't objected by every communist.,arrived,head/passive_1/crown/was,-62.129102885723114,-12.5404691696167,-29.473291635513306,-3.19260311126709,9,1,-67.8395647406578,-16.101015090942383,-31.623207569122314,-7.398899555206299,9,1,5.710461854934692,3.5605459213256836,2.149915933609009,4.206296443939209,1
head/passive_1/776,head,passive_1,776,776,Most ministers are , by that expert.,loaded,responded,Most ministers are loaded by that expert.,Most ministers are responded by that expert.,testified,head/passive_1/load/was,-49.3964307308197,-10.317399978637695,-26.463643074035645,-5.950767517089844,7,1,-46.000813245773315,-11.723649978637695,-21.661775588989258,-2.5461368560791016,7,1,-3.3956174850463867,1.40625,-4.801867485046387,-3.404630661010742,0
head/passive_1/778,head,passive_1,778,778,Most observers are , by these best friends.,upgraded,complained,Most observers are upgraded by these best friends.,Most observers are complained by these best friends.,remained,head/passive_1/upgrade/was,-51.91252374649048,-14.952011108398438,-24.55449628829956,-2.762819290161133,8,1,-52.50252962112427,-14.272323608398438,-25.82418966293335,-3.572199583053589,8,1,0.5900058746337891,-0.6796875,1.269693374633789,0.809380292892456,1
head/passive_1/804,head,passive_1,804,804,Those merchants aren't , by this madness.,thanked,mattered,Those merchants aren't thanked by this madness.,Those merchants aren't mattered by this madness.,screamed,head/passive_1/thank/was,-50.45601271092892,-13.443124771118164,-20.359264612197876,-3.2778429985046387,8,1,-52.32605789601803,-14.560312271118164,-21.112122297286987,-5.28986930847168,8,1,1.8700451850891113,1.1171875,0.7528576850891113,2.012026309967041,1
head/passive_1/808,head,passive_1,808,808,The pirates are , by every participant.,leased,apologized,The pirates are leased by every participant.,The pirates are apologized by every participant.,struggled,head/passive_1/lease/was,-50.25265824794769,-13.81983757019043,-22.05246102809906,-1.689818263053894,7,1,-49.3558464050293,-15.67628288269043,-19.299203872680664,-3.0456042289733887,7,1,-0.896811842918396,1.8564453125,-2.753257155418396,1.3557859659194946,0
head/passive_1/815,head,passive_1,815,815,These photographers are , by most founders.,earned,occurred,These photographers are earned by most founders.,These photographers are occurred by most founders.,reacted,head/passive_1/earn/was,-53.44057369232178,-12.0003662109375,-27.98175311088562,-2.6066575050354004,7,1,-55.70916271209717,-16.9925537109375,-25.25815463066101,-3.246946334838867,7,1,2.2685890197753906,4.9921875,-2.7235984802246094,0.6402888298034668,1
head/passive_1/827,head,passive_1,827,827,Those nationalists were , by every courier.,earned,occurred,Those nationalists were earned by every courier.,Those nationalists were occurred by every courier.,remained,head/passive_1/earn/was,-56.97152781486511,-13.009910583496094,-27.318052053451538,-2.568890333175659,9,1,-58.420955181121826,-16.017723083496094,-25.759666919708252,-3.1959402561187744,9,1,1.4494273662567139,3.0078125,-1.5583851337432861,0.6270499229431152,1
head/passive_1/843,head,passive_1,843,843,These families are , by the circumstance.,earned,occurred,These families are earned by the circumstance.,These families are occurred by the circumstance.,competed,head/passive_1/earn/was,-42.49796390533447,-12.696905136108398,-19.819688081741333,-2.5914361476898193,7,1,-41.871838450431824,-16.2789363861084,-15.611531376838684,-2.828166961669922,7,1,-0.6261254549026489,3.58203125,-4.208156704902649,0.23673081398010254,0
head/passive_1/848,head,passive_1,848,848,Donna's bosses weren't , by every squadron.,earned,occurred,Donna's bosses weren't earned by every squadron.,Donna's bosses weren't occurred by every squadron.,arrived,head/passive_1/earn/was,-68.51772883569356,-15.527894973754883,-27.059396028518677,-2.1793503761291504,10,1,-70.83334592019673,-18.121644973754883,-26.78126311302185,-3.948547124862671,10,1,2.315617084503174,2.59375,-0.27813291549682617,1.7691967487335205,1
head/passive_1/854,head,passive_1,854,854,Every author wasn't , by a torch.,scored,remained,Every author wasn't scored by a torch.,Every author wasn't remained by a torch.,complained,head/passive_1/score/was,-52.35778230428696,-11.603438377380371,-20.632296562194824,-3.0698986053466797,8,1,-56.570622861385345,-16.111249923706055,-20.33732557296753,-6.419698715209961,8,1,4.212840557098389,4.507811546325684,-0.2949709892272949,3.3498001098632812,1
head/passive_1/855,head,passive_1,855,855,Dana wasn't , by Paula.,hosted,existed,Dana wasn't hosted by Paula.,Dana wasn't existed by Paula.,screamed,head/passive_1/host/was,-45.16154287755489,-15.647561073303223,-12.166913449764252,-0.8488330245018005,7,1,-50.34768669307232,-16.419044494628906,-16.581573843955994,-4.538585662841797,7,1,5.1861438155174255,0.7714834213256836,4.414660394191742,3.6897526383399963,1
head/passive_1/874,head,passive_1,874,874,Every guardian is , by this adolescent.,summed,competed,Every guardian is summed by this adolescent.,Every guardian is competed by this adolescent.,replied,head/passive_1/sum/was,-52.338767528533936,-13.601428985595703,-23.488950729370117,-5.021418571472168,7,1,-51.19732582569122,-14.601428985595703,-21.347509026527405,-1.9889036417007446,7,1,-1.1414417028427124,1.0,-2.1414417028427124,-3.0325149297714233,0
head/passive_1/877,head,passive_1,877,877,This freshman's nephew wasn't , by a scientist.,insured,vanished,This freshman's nephew wasn't insured by a scientist.,This freshman's nephew wasn't vanished by a scientist.,progressed,head/passive_1/insure/was,-66.27880792692304,-9.404281616210938,-22.39333140850067,-3.3457231521606445,10,1,-63.4249333627522,-13.326156616210938,-15.617581844329834,-3.807427406311035,10,1,-2.8538745641708374,3.921875,-6.775749564170837,0.4617042541503906,0
head/passive_1/879,head,passive_1,879,879,That fandom wasn't , by every winding.,scored,remained,That fandom wasn't scored by every winding.,That fandom wasn't remained by every winding.,progressed,head/passive_1/score/was,-61.50455492734909,-12.947163581848145,-29.048714637756348,-2.242298126220703,9,1,-63.25004118680954,-15.751851081848145,-27.989513397216797,-4.55919885635376,9,1,1.7454862594604492,2.8046875,-1.0592012405395508,2.3169007301330566,1
head/passive_1/883,head,passive_1,883,883,Critics aren't , by that therapist.,blamed,struggled,Critics aren't blamed by that therapist.,Critics aren't struggled by that therapist.,remarked,head/passive_1/blame/was,-42.50468444824219,-10.509710311889648,-23.53114426136017,-4.406003475189209,8,1,-50.32248115539551,-18.01752281188965,-23.84112846851349,-4.785749435424805,8,1,7.81779670715332,7.5078125,0.3099842071533203,0.3797459602355957,1
head/passive_1/903,head,passive_1,903,903,Ellen wasn't , by some prophet.,thanked,mattered,Ellen wasn't thanked by some prophet.,Ellen wasn't mattered by some prophet.,complained,head/passive_1/thank/was,-46.01340514421463,-12.906789779663086,-23.14242434501648,-3.25880765914917,8,1,-51.791124403476715,-15.344289779663086,-26.482643604278564,-7.043069362640381,8,1,5.777719259262085,2.4375,3.340219259262085,3.784261703491211,1
head/passive_1/904,head,passive_1,904,904,This secular was , by the defendant.,included,happened,This secular was included by the defendant.,This secular was happened by the defendant.,replied,head/passive_1/include/was,-44.14672255516052,-7.969816207885742,-16.160292387008667,-3.924274444580078,7,1,-49.60558462142944,-12.938566207885742,-16.650404453277588,-2.5112876892089844,7,1,5.458862066268921,4.96875,0.4901120662689209,-1.4129867553710938,1
head/passive_1/953,head,passive_1,953,953,The siblings were , by many clusters.,bet,appeared,The siblings were bet by many clusters.,The siblings were appeared by many clusters.,screamed,head/passive_1/bet/was,-54.53100514411926,-10.339252471923828,-30.574691772460938,-9.645312309265137,7,1,-53.34964966773987,-11.214252471923828,-28.518336296081543,-3.456401824951172,7,1,-1.1813554763793945,0.875,-2.0563554763793945,-6.188910484313965,0
head/passive_1/972,head,passive_1,972,972,Nicole was , by all daughters' father.,exhibited,proceeded,Nicole was exhibited by all daughters' father.,Nicole was proceeded by all daughters' father.,complained,head/passive_1/exhibit/was,-53.56787347793579,-12.695342063903809,-34.37665772438049,-2.7519564628601074,9,1,-58.48667764663696,-14.718779563903809,-37.272024393081665,-4.1521124839782715,9,1,4.918804168701172,2.0234375,2.895366668701172,1.400156021118164,1
head/passive_1/977,head,passive_1,977,977,Many screws were , by that devil.,leased,apologized,Many screws were leased by that devil.,Many screws were apologized by that devil.,vanished,head/passive_1/lease/was,-50.36709976196289,-12.589441299438477,-20.94767999649048,-2.5237069129943848,7,1,-53.719698429107666,-15.956628799438477,-20.933091163635254,-2.784306287765503,7,1,3.3525986671447754,3.3671875,-0.01458883285522461,0.26059937477111816,1
head/passive_1/981,head,passive_1,981,981,Samuel isn't , by a libertarian.,leased,apologized,Samuel isn't leased by a libertarian.,Samuel isn't apologized by a libertarian.,died,head/passive_1/lease/was,-47.38672947883606,-14.951739311218262,-19.947636604309082,-3.620727300643921,8,1,-51.30909299850464,-15.029864311218262,-23.79187512397766,-6.8609795570373535,8,1,3.922363519668579,0.078125,3.844238519668579,3.2402522563934326,1
head/passive_1/982,head,passive_1,982,982,The hat isn't , by the bartender.,imposed,emerged,The hat isn't imposed by the bartender.,The hat isn't emerged by the bartender.,emerged,head/passive_1/impose/was,-45.60626272857189,-13.271607398986816,-14.961190283298492,-1.7796801328659058,9,1,-51.3680070489645,-15.550904273986816,-18.4436377286911,-4.820713996887207,9,1,5.761744320392609,2.279296875,3.4824474453926086,3.0410338640213013,1
head/passive_1/987,head,passive_1,987,987,Christine wasn't , by those creators.,sent,died,Christine wasn't sent by those creators.,Christine wasn't died by those creators.,laughed,head/passive_1/send/was,-43.16935580968857,-8.899639129638672,-22.403189539909363,-3.2703142166137695,8,1,-51.417953193187714,-14.368389129638672,-25.18303692340851,-4.805522918701172,8,1,8.248597383499146,5.46875,2.7798473834991455,1.5352087020874023,1
head/passive_2/21,head,passive_2,21,21,Some filmmakers are ,.,insured,vanished,Some filmmakers are insured.,Some filmmakers are vanished.,lied,head/passive_2/insure/was,-29.23760986328125,-12.665345191955566,-2.5998902320861816,0.0,4,1,-29.84244179725647,-13.852845191955566,-2.0172221660614014,0.0,4,1,0.6048319339752197,1.1875,-0.5826680660247803,0.0,1
head/passive_2/42,head,passive_2,42,42,Adults are ,.,rated,resulted,Adults are rated.,Adults are resulted.,arrived,head/passive_2/rate/was,-22.556415557861328,-7.231875896453857,-6.352579116821289,0.0,4,1,-27.386380672454834,-14.270938873291016,-4.143481254577637,0.0,4,1,4.829965114593506,7.039062976837158,-2.2090978622436523,0.0,1
head/passive_2/76,head,passive_2,76,76,That contender is ,.,rated,resulted,That contender is rated.,That contender is resulted.,responded,head/passive_2/rate/was,-30.87790322303772,-8.50817584991455,-6.126569747924805,0.0,4,1,-34.510477781295776,-13.83044147491455,-4.436878681182861,0.0,4,1,3.6325745582580566,5.322265625,-1.6896910667419434,0.0,1
head/passive_2/80,head,passive_2,80,80,The assault wasn't ,.,sent,died,The assault wasn't sent.,The assault wasn't died.,lied,head/passive_2/send/was,-32.84878134727478,-10.1517333984375,-5.096206188201904,0.0,5,1,-34.14179587364197,-13.3392333984375,-3.201720714569092,0.0,5,1,1.2930145263671875,3.1875,-1.8944854736328125,0.0,1
head/passive_2/84,head,passive_2,84,84,Many grandparents aren't ,.,introduced,arrived,Many grandparents aren't introduced.,Many grandparents aren't arrived.,arrived,head/passive_2/introduce/was,-33.483324468135834,-9.137462615966797,-5.110020637512207,0.0,5,1,-35.5228790640831,-13.215587615966797,-3.0714502334594727,0.0,5,1,2.0395545959472656,4.078125,-2.0385704040527344,0.0,1
head/passive_2/92,head,passive_2,92,92,Every daughter of that booker is ,.,bet,appeared,Every daughter of that booker is bet.,Every daughter of that booker is appeared.,screamed,head/passive_2/bet/was,-53.73613977432251,-9.455711364746094,-5.936215400695801,0.0,8,1,-55.000327825546265,-13.838523864746094,-2.8175909519195557,0.0,8,1,1.2641880512237549,4.3828125,-3.118624448776245,0.0,1
head/passive_2/101,head,passive_2,101,101,The fish isn't ,.,included,happened,The fish isn't included.,The fish isn't happened.,occurred,head/passive_2/include/was,-28.90117320418358,-9.047370910644531,-2.296558141708374,0.0,5,1,-35.07951030135155,-14.945808410644531,-2.5764577388763428,0.0,5,1,6.178337097167969,5.8984375,0.27989959716796875,0.0,1
head/passive_2/112,head,passive_2,112,112,This doctor was ,.,scored,remained,This doctor was scored.,This doctor was remained.,replied,head/passive_2/score/was,-33.109230518341064,-13.549007415771484,-5.790712833404541,0.0,4,1,-32.692453384399414,-14.748226165771484,-4.174716949462891,0.0,4,1,-0.4167771339416504,1.19921875,-1.6159958839416504,0.0,0
head/passive_2/116,head,passive_2,116,116,Every ruling wasn't ,.,lent,opted,Every ruling wasn't lent.,Every ruling wasn't opted.,proceeded,head/passive_2/lend/was,-37.26754069328308,-13.551474571228027,-3.7968955039978027,0.0,5,1,-39.156641721725464,-15.184287071228027,-4.0531840324401855,0.0,5,1,1.8891010284423828,1.6328125,0.2562885284423828,0.0,1
head/passive_2/129,head,passive_2,129,129,The belle's student was ,.,leased,apologized,The belle's student was leased.,The belle's student was apologized.,replied,head/passive_2/lease/was,-52.720731258392334,-14.032596588134766,-3.9379608631134033,0.0,7,1,-52.140087842941284,-13.907596588134766,-3.4823174476623535,0.0,7,1,-0.5806434154510498,-0.125,-0.4556434154510498,0.0,0
head/passive_2/151,head,passive_2,151,151,Most investigators aren't ,.,lent,opted,Most investigators aren't lent.,Most investigators aren't opted.,occurred,head/passive_2/lend/was,-36.8175054192543,-13.608327865600586,-4.886595249176025,0.0,5,1,-38.995570719242096,-14.327077865600586,-6.345910549163818,0.0,5,1,2.178065299987793,0.71875,1.459315299987793,0.0,1
head/passive_2/159,head,passive_2,159,159,A lot of activists were ,.,insured,vanished,A lot of activists were insured.,A lot of activists were vanished.,replied,head/passive_2/insure/was,-34.53790332376957,-12.64122200012207,-2.404566764831543,0.0,6,1,-34.43364717066288,-12.89122200012207,-2.0503106117248535,0.0,6,1,-0.10425615310668945,0.25,-0.35425615310668945,0.0,0
head/passive_2/167,head,passive_2,167,167,Every concussion is ,.,rated,resulted,Every concussion is rated.,Every concussion is resulted.,emerged,head/passive_2/rate/was,-27.617961525917053,-9.343683242797852,-4.877623558044434,0.0,5,1,-27.98048198223114,-11.374933242797852,-3.2088940143585205,0.0,5,1,0.3625204563140869,2.03125,-1.668729543685913,0.0,1
head/passive_2/168,head,passive_2,168,168,Most cowboys were ,.,crowned,objected,Most cowboys were crowned.,Most cowboys were objected.,emerged,head/passive_2/crown/was,-28.69967743754387,-10.098140716552734,-3.367515802383423,0.0,5,1,-33.52774831652641,-14.402828216552734,-3.890899181365967,0.0,5,1,4.828070878982544,4.3046875,0.523383378982544,0.0,1
head/passive_2/187,head,passive_2,187,187,Respondents aren't ,.,summed,competed,Respondents aren't summed.,Respondents aren't competed.,vanished,head/passive_2/sum/was,-32.61778745055199,-15.78445816040039,-3.604713201522827,0.0,5,1,-30.70208677649498,-14.67313003540039,-2.8003406524658203,0.0,5,1,-1.9157006740570068,-1.111328125,-0.8043725490570068,0.0,0
head/passive_2/192,head,passive_2,192,192,Some psychic's sisters weren't ,.,imposed,emerged,Some psychic's sisters weren't imposed.,Some psychic's sisters weren't emerged.,competed,head/passive_2/impose/was,-52.91942525561899,-13.91318130493164,-3.157413959503174,0.0,7,1,-53.01035237964243,-14.54599380493164,-2.6155285835266113,0.0,7,1,0.0909271240234375,0.6328125,-0.5418853759765625,0.0,1
head/passive_2/199,head,passive_2,199,199,Drawings of every caption are ,.,targeted,lied,Drawings of every caption are targeted.,Drawings of every caption are lied.,existed,head/passive_2/target/was,-44.17644476890564,-11.842172622680664,-3.2339553833007812,0.0,7,1,-46.18229818344116,-14.271860122680664,-2.8101212978363037,0.0,7,1,2.0058534145355225,2.4296875,-0.42383408546447754,0.0,1
head/passive_2/200,head,passive_2,200,200,Every council wasn't ,.,insured,vanished,Every council wasn't insured.,Every council wasn't vanished.,responded,head/passive_2/insure/was,-30.91755437850952,-10.123711585998535,-1.6152400970458984,0.0,5,1,-33.50868117809296,-12.826836585998535,-1.5032418966293335,0.0,5,1,2.591126799583435,2.703125,-0.11199820041656494,0.0,1
head/passive_2/201,head,passive_2,201,201,Every uncle was ,.,robbed,belonged,Every uncle was robbed.,Every uncle was belonged.,occurred,head/passive_2/rob/was,-25.216058015823364,-7.918683052062988,-2.4425339698791504,0.0,4,1,-34.88948893547058,-15.293683052062988,-4.740964889526367,0.0,4,1,9.673430919647217,7.375,2.298430919647217,0.0,1
head/passive_2/209,head,passive_2,209,209,Most offspring were ,.,crowned,objected,Most offspring were crowned.,Most offspring were objected.,reacted,head/passive_2/crown/was,-26.007118701934814,-8.654760360717773,-3.806286334991455,0.0,4,1,-30.52785062789917,-12.545385360717773,-4.4363932609558105,0.0,4,1,4.5207319259643555,3.890625,0.6301069259643555,0.0,1
head/passive_2/211,head,passive_2,211,211,Some gentleman was ,.,introduced,arrived,Some gentleman was introduced.,Some gentleman was arrived.,lied,head/passive_2/introduce/was,-25.178030490875244,-6.468715190887451,-3.452578544616699,0.0,4,1,-27.70513939857483,-8.81246566772461,-3.635936975479126,0.0,4,1,2.527108907699585,2.343750476837158,0.18335843086242676,0.0,1
head/passive_2/215,head,passive_2,215,215,This clown wasn't ,.,insured,vanished,This clown wasn't insured.,This clown wasn't vanished.,laughed,head/passive_2/insure/was,-29.546952068805695,-8.343425750732422,-1.9524281024932861,0.0,5,1,-35.0933558344841,-14.007488250732422,-1.834769368171692,0.0,5,1,5.546403765678406,5.6640625,-0.11765873432159424,0.0,1
head/passive_2/221,head,passive_2,221,221,A comedian's teachers are ,.,exhibited,proceeded,A comedian's teachers are exhibited.,A comedian's teachers are proceeded.,remarked,head/passive_2/exhibit/was,-46.62916564941406,-13.494388580322266,-3.198017120361328,0.0,6,1,-49.24632549285889,-15.427982330322266,-3.8815832138061523,0.0,6,1,2.617159843444824,1.93359375,0.6835660934448242,0.0,1
head/passive_2/231,head,passive_2,231,231,The printers weren't ,.,bet,appeared,The printers weren't bet.,The printers weren't appeared.,vanished,head/passive_2/bet/was,-39.80570122599602,-12.931142807006836,-5.043668746948242,0.0,5,1,-39.05741688609123,-14.267080307006836,-2.959446907043457,0.0,5,1,-0.7482843399047852,1.3359375,-2.084221839904785,0.0,0
head/passive_2/274,head,passive_2,274,274,A vegetarian was ,.,robbed,belonged,A vegetarian was robbed.,A vegetarian was belonged.,progressed,head/passive_2/rob/was,-30.858738660812378,-10.255375862121582,-3.2633025646209717,0.0,4,1,-36.25162482261658,-14.950688362121582,-3.960876226425171,0.0,4,1,5.392886161804199,4.6953125,0.6975736618041992,0.0,1
head/passive_2/289,head,passive_2,289,289,Those advisers are ,.,sent,died,Those advisers are sent.,Those advisers are died.,responded,head/passive_2/send/was,-28.305461168289185,-9.065864562988281,-5.434178352355957,0.0,4,1,-32.98138737678528,-14.698677062988281,-4.477292060852051,0.0,4,1,4.675926208496094,5.6328125,-0.9568862915039062,0.0,1
head/passive_2/294,head,passive_2,294,294,Every doctor wasn't ,.,upgraded,complained,Every doctor wasn't upgraded.,Every doctor wasn't complained.,progressed,head/passive_2/upgrade/was,-34.49816231429577,-14.049026489257812,-2.2348618507385254,0.0,5,1,-34.85571627318859,-13.049026489257812,-3.5924158096313477,0.0,5,1,0.35755395889282227,-1.0,1.3575539588928223,0.0,1
head/passive_2/295,head,passive_2,295,295,The phone isn't ,.,lent,opted,The phone isn't lent.,The phone isn't opted.,proceeded,head/passive_2/lend/was,-33.30519872903824,-14.153703689575195,-3.393123149871826,0.0,5,1,-36.41877609491348,-14.872453689575195,-5.78795051574707,0.0,5,1,3.113577365875244,0.71875,2.394827365875244,0.0,1
head/passive_2/300,head,passive_2,300,300,These raids aren't ,.,insured,vanished,These raids aren't insured.,These raids aren't vanished.,lied,head/passive_2/insure/was,-32.964839458465576,-11.84699821472168,-2.1300220489501953,0.0,5,1,-34.72884202003479,-13.84699821472168,-1.8940246105194092,0.0,5,1,1.7640025615692139,2.0,-0.23599743843078613,0.0,1
head/passive_2/303,head,passive_2,303,303,Emily wasn't ,.,leased,apologized,Emily wasn't leased.,Emily wasn't apologized.,responded,head/passive_2/lease/was,-28.605522483587265,-16.835153579711914,-2.265761375427246,0.0,5,1,-30.12167724967003,-16.669137954711914,-3.9479317665100098,0.0,5,1,1.5161547660827637,-0.166015625,1.6821703910827637,0.0,1
head/passive_2/310,head,passive_2,310,310,All socialists' daughter wasn't ,.,targeted,lied,All socialists' daughter wasn't targeted.,All socialists' daughter wasn't lied.,struggled,head/passive_2/target/was,-52.35843418631703,-10.360252380371094,-2.0914344787597656,0.0,8,1,-56.664902911521494,-12.938377380371094,-3.8197782039642334,0.0,8,1,4.306468725204468,2.578125,1.7283437252044678,0.0,1
head/passive_2/315,head,passive_2,315,315,A lot of colleagues are ,.,earned,occurred,A lot of colleagues are earned.,A lot of colleagues are occurred.,emerged,head/passive_2/earn/was,-36.774463668465614,-15.323494911193848,-2.4297292232513428,0.0,6,1,-40.49360539019108,-18.64380645751953,-2.828559398651123,0.0,6,1,3.719141721725464,3.3203115463256836,0.3988301753997803,0.0,1
head/passive_2/325,head,passive_2,325,325,Some chain was ,.,lent,opted,Some chain was lent.,Some chain was opted.,vanished,head/passive_2/lend/was,-33.61152791976929,-10.840274810791016,-4.561668395996094,0.0,4,1,-34.59719729423523,-13.027774810791016,-3.359837770462036,0.0,4,1,0.9856693744659424,2.1875,-1.2018306255340576,0.0,1
head/passive_2/342,head,passive_2,342,342,The fellas weren't ,.,measured,laughed,The fellas weren't measured.,The fellas weren't laughed.,emerged,head/passive_2/measure/was,-34.2468024790287,-12.834439277648926,-2.5670652389526367,0.0,6,1,-37.18289867043495,-11.506314277648926,-6.831286430358887,0.0,6,1,2.93609619140625,-1.328125,4.26422119140625,0.0,1
head/passive_2/373,head,passive_2,373,373,These doctors' cousins weren't ,.,lent,opted,These doctors' cousins weren't lent.,These doctors' cousins weren't opted.,died,head/passive_2/lend/was,-53.740068442653865,-13.8879976272583,-4.144193172454834,0.0,7,1,-56.89400530559942,-15.2991304397583,-5.886997222900391,0.0,7,1,3.1539368629455566,1.4111328125,1.7428040504455566,0.0,1
head/passive_2/387,head,passive_2,387,387,Many shoes aren't ,.,scored,remained,Many shoes aren't scored.,Many shoes aren't remained.,vanished,head/passive_2/score/was,-30.38509413599968,-10.62816333770752,-2.557175397872925,0.0,5,1,-34.8429591357708,-13.76878833770752,-3.874415397644043,0.0,5,1,4.457864999771118,3.140625,1.3172399997711182,0.0,1
head/passive_2/407,head,passive_2,407,407,The son isn't ,.,hosted,existed,The son isn't hosted.,The son isn't existed.,complained,head/passive_2/host/was,-34.57992008328438,-14.097951889038086,-3.3287172317504883,0.0,5,1,-33.027420312166214,-13.847951889038086,-2.026217460632324,0.0,5,1,-1.552499771118164,-0.25,-1.302499771118164,0.0,0
head/passive_2/408,head,passive_2,408,408,This messiah was ,.,bet,appeared,This messiah was bet.,This messiah was appeared.,struggled,head/passive_2/bet/was,-33.5760281085968,-10.000001907348633,-6.111451148986816,0.0,5,1,-31.370739221572876,-10.781251907348633,-3.1249122619628906,0.0,5,1,-2.205288887023926,0.78125,-2.986538887023926,0.0,0
head/passive_2/419,head,passive_2,419,419,Poets are ,.,confronted,testified,Poets are confronted.,Poets are testified.,occurred,head/passive_2/confront/was,-25.411630630493164,-8.474605560302734,-6.171582221984863,0.0,4,1,-27.378300189971924,-13.169918060302734,-3.442939281463623,0.0,4,1,1.9666695594787598,4.6953125,-2.7286429405212402,0.0,1
head/passive_2/424,head,passive_2,424,424,Maria wasn't ,.,included,happened,Maria wasn't included.,Maria wasn't happened.,responded,head/passive_2/include/was,-19.961888179183006,-8.247600555419922,-2.162649393081665,0.0,4,1,-26.197252616286278,-14.294475555419922,-2.3511388301849365,0.0,4,1,6.2353644371032715,6.046875,0.18848943710327148,0.0,1
head/passive_2/425,head,passive_2,425,425,Some princes are ,.,targeted,lied,Some princes are targeted.,Some princes are lied.,remained,head/passive_2/target/was,-29.550083875656128,-11.860257148742676,-2.9826173782348633,0.0,4,1,-32.124751806259155,-11.625882148742676,-5.791660308837891,0.0,4,1,2.5746679306030273,-0.234375,2.8090429306030273,0.0,1
head/passive_2/429,head,passive_2,429,429,The hicks aren't ,.,hosted,existed,The hicks aren't hosted.,The hicks aren't existed.,remained,head/passive_2/host/was,-38.98965196311474,-12.298255920410156,-3.4500155448913574,0.0,6,1,-39.38187961280346,-13.892005920410156,-2.248493194580078,0.0,6,1,0.3922276496887207,1.59375,-1.2015223503112793,0.0,1
head/passive_2/434,head,passive_2,434,434,Some woman was ,.,crowned,objected,Some woman was crowned.,Some woman was objected.,responded,head/passive_2/crown/was,-26.29825782775879,-9.444515228271484,-3.2496824264526367,0.0,4,1,-30.83859133720398,-13.241390228271484,-3.993140935897827,0.0,4,1,4.54033350944519,3.796875,0.7434585094451904,0.0,1
head/passive_2/445,head,passive_2,445,445,A lot of volunteers aren't ,.,leased,apologized,A lot of volunteers aren't leased.,A lot of volunteers aren't apologized.,struggled,head/passive_2/lease/was,-41.34179784357548,-14.32310962677002,-2.8804073333740234,0.0,7,1,-43.56600858271122,-15.08873462677002,-4.338993072509766,0.0,7,1,2.224210739135742,0.765625,1.4585857391357422,0.0,1
head/passive_2/447,head,passive_2,447,447,Many combinations weren't ,.,defended,participated,Many combinations weren't defended.,Many combinations weren't participated.,competed,head/passive_2/defend/was,-34.56161147356033,-11.864538192749023,-1.9857336282730103,0.0,5,1,-35.41019433736801,-12.583288192749023,-2.1155664920806885,0.0,5,1,0.8485828638076782,0.71875,0.12983286380767822,0.0,1
head/passive_2/455,head,passive_2,455,455,A military was ,.,measured,laughed,A military was measured.,A military was laughed.,testified,head/passive_2/measure/was,-30.459134578704834,-10.327433586120605,-3.442349910736084,0.0,4,1,-35.73158884048462,-11.733683586120605,-7.308554172515869,0.0,4,1,5.272454261779785,1.40625,3.866204261779785,0.0,1
head/passive_2/464,head,passive_2,464,464,This champ isn't ,.,insured,vanished,This champ isn't insured.,This champ isn't vanished.,laughed,head/passive_2/insure/was,-30.68451490998268,-10.407829284667969,-2.2102599143981934,0.0,5,1,-33.288018971681595,-13.306266784667969,-1.915326476097107,0.0,5,1,2.6035040616989136,2.8984375,-0.2949334383010864,0.0,1
head/passive_2/470,head,passive_2,470,470,Some bosses were ,.,scored,remained,Some bosses were scored.,Some bosses were remained.,remained,head/passive_2/score/was,-30.183225393295288,-12.240460395812988,-3.5019853115081787,0.0,4,1,-30.992721796035767,-13.771710395812988,-2.7802317142486572,0.0,4,1,0.8094964027404785,1.53125,-0.7217535972595215,0.0,1
head/passive_2/471,head,passive_2,471,471,Some riches weren't ,.,imposed,emerged,Some riches weren't imposed.,Some riches weren't emerged.,competed,head/passive_2/impose/was,-37.75805625319481,-12.195338249206543,-3.0784051418304443,0.0,5,1,-39.95486959815025,-14.703150749206543,-2.7674059867858887,0.0,5,1,2.1968133449554443,2.5078125,-0.31099915504455566,0.0,1
head/passive_2/494,head,passive_2,494,494,A lot of consumers aren't ,.,earned,occurred,A lot of consumers aren't earned.,A lot of consumers aren't occurred.,arrived,head/passive_2/earn/was,-37.77051521837711,-15.015820503234863,-2.4264039993286133,0.0,7,1,-40.94800879061222,-17.215038299560547,-3.404679775238037,0.0,7,1,3.1774935722351074,2.1992177963256836,0.9782757759094238,0.0,1
head/passive_2/529,head,passive_2,529,529,All actors aren't ,.,introduced,arrived,All actors aren't introduced.,All actors aren't arrived.,struggled,head/passive_2/introduce/was,-28.33889615535736,-8.790245056152344,-2.8595681190490723,0.0,5,1,-32.59375202655792,-13.212120056152344,-2.692548990249634,0.0,5,1,4.2548558712005615,4.421875,-0.16701912879943848,0.0,1
head/passive_2/536,head,passive_2,536,536,Most colleges are ,.,summed,competed,Most colleges are summed.,Most colleges are competed.,reacted,head/passive_2/sum/was,-30.983641624450684,-13.36607551574707,-5.554178714752197,0.0,4,1,-30.604185581207275,-13.25670051574707,-5.284097671508789,0.0,4,1,-0.3794560432434082,-0.109375,-0.2700810432434082,0.0,0
head/passive_2/545,head,passive_2,545,545,That wheat wasn't ,.,hated,listened,That wheat wasn't hated.,That wheat wasn't listened.,proceeded,head/passive_2/hate/was,-34.63157716393471,-11.322297096252441,-2.8742706775665283,0.0,5,1,-39.05125465989113,-12.587922096252441,-6.028323173522949,0.0,5,1,4.419677495956421,1.265625,3.154052495956421,0.0,1
head/passive_2/556,head,passive_2,556,556,This regiment is ,.,defended,participated,This regiment is defended.,This regiment is participated.,testified,head/passive_2/defend/was,-32.65546894073486,-11.051323890686035,-6.133507251739502,0.0,4,1,-32.09590196609497,-10.488823890686035,-6.136440277099609,0.0,4,1,-0.5595669746398926,-0.5625,0.002933025360107422,0.0,0
head/passive_2/591,head,passive_2,591,591,Some investigators weren't ,.,upgraded,complained,Some investigators weren't upgraded.,Some investigators weren't complained.,screamed,head/passive_2/upgrade/was,-35.59007993340492,-13.918723106384277,-2.736815929412842,0.0,5,1,-37.48265805840492,-14.449973106384277,-4.098144054412842,0.0,5,1,1.892578125,0.53125,1.361328125,0.0,1
head/passive_2/592,head,passive_2,592,592,A son of a hitter isn't ,.,summed,competed,A son of a hitter isn't summed.,A son of a hitter isn't competed.,responded,head/passive_2/sum/was,-52.84125077724457,-14.056568145751953,-7.028624057769775,0.0,9,1,-48.763038992881775,-13.900318145751953,-3.1066622734069824,0.0,9,1,-4.078211784362793,-0.15625,-3.921961784362793,0.0,0
head/passive_2/599,head,passive_2,599,599,That social was ,.,targeted,lied,That social was targeted.,That social was lied.,lied,head/passive_2/target/was,-32.80394124984741,-9.971528053283691,-3.147472858428955,0.0,4,1,-36.06893301010132,-13.487153053283691,-2.8968396186828613,0.0,4,1,3.2649917602539062,3.515625,-0.25063323974609375,0.0,1
head/passive_2/608,head,passive_2,608,608,Some educator isn't ,.,measured,laughed,Some educator isn't measured.,Some educator isn't laughed.,vanished,head/passive_2/measure/was,-37.41349786520004,-9.453387260437012,-5.4509663581848145,0.0,6,1,-40.01165097951889,-11.390887260437012,-6.111619472503662,0.0,6,1,2.5981531143188477,1.9375,0.6606531143188477,0.0,1
head/passive_2/620,head,passive_2,620,620,Judy is ,.,sent,died,Judy is sent.,Judy is died.,complained,head/passive_2/send/was,-22.763517022132874,-8.933538436889648,-7.871323585510254,0.0,4,1,-20.470484375953674,-12.230413436889648,-2.2814159393310547,0.0,4,1,-2.293032646179199,3.296875,-5.589907646179199,0.0,0
head/passive_2/635,head,passive_2,635,635,That lunch isn't ,.,defended,participated,That lunch isn't defended.,That lunch isn't participated.,occurred,head/passive_2/defend/was,-37.04117961227894,-15.99925422668457,-3.1293892860412598,0.0,5,1,-36.90805001556873,-14.50706672668457,-4.488447189331055,0.0,5,1,-0.13312959671020508,-1.4921875,1.359057903289795,0.0,0
head/passive_2/648,head,passive_2,648,648,Some fleet wasn't ,.,sent,died,Some fleet wasn't sent.,Some fleet wasn't died.,replied,head/passive_2/send/was,-36.529505640268326,-7.967373847961426,-2.9939393997192383,0.0,5,1,-40.81575337052345,-12.967373847961426,-2.2801871299743652,0.0,5,1,4.286247730255127,5.0,-0.713752269744873,0.0,1
head/passive_2/651,head,passive_2,651,651,Many towels were ,.,rated,resulted,Many towels were rated.,Many towels were resulted.,existed,head/passive_2/rate/was,-31.695326805114746,-11.840511322021484,-4.495249271392822,0.0,4,1,-32.738717555999756,-14.824886322021484,-2.554265022277832,0.0,4,1,1.0433907508850098,2.984375,-1.9409842491149902,0.0,1
head/passive_2/657,head,passive_2,657,657,Most thugs weren't ,.,loaded,responded,Most thugs weren't loaded.,Most thugs weren't responded.,testified,head/passive_2/load/was,-33.28152596950531,-9.353333473205566,-2.6780552864074707,0.0,6,1,-37.52414095401764,-12.868958473205566,-3.4050452709198,0.0,6,1,4.242614984512329,3.515625,0.7269899845123291,0.0,1
head/passive_2/675,head,passive_2,675,675,That monk wasn't ,.,summed,competed,That monk wasn't summed.,That monk wasn't competed.,progressed,head/passive_2/sum/was,-42.26985542476177,-16.40049934387207,-5.826557636260986,0.0,5,1,-38.44482533633709,-15.27549934387207,-3.1265275478363037,0.0,5,1,-3.8250300884246826,-1.125,-2.7000300884246826,0.0,0
head/passive_2/682,head,passive_2,682,682,The treasurer isn't ,.,robbed,belonged,The treasurer isn't robbed.,The treasurer isn't belonged.,complained,head/passive_2/rob/was,-33.734510123729706,-10.709383010864258,-1.8927838802337646,0.0,6,1,-41.81646674871445,-16.277742385864258,-4.406381130218506,0.0,6,1,8.081956624984741,5.568359375,2.513597249984741,0.0,1
head/passive_2/735,head,passive_2,735,735,A lot of attendees aren't ,.,hosted,existed,A lot of attendees aren't hosted.,A lot of attendees aren't existed.,competed,head/passive_2/host/was,-39.333945229649544,-11.064187049865723,-3.7191662788391113,0.0,7,1,-43.97763581573963,-16.907936096191406,-2.5191078186035156,0.0,7,1,4.643690586090088,5.843749046325684,-1.2000584602355957,0.0,1
head/passive_2/738,head,passive_2,738,738,Some favorites weren't ,.,measured,laughed,Some favorites weren't measured.,Some favorites weren't laughed.,laughed,head/passive_2/measure/was,-34.0865923166275,-9.740934371948242,-2.2241809368133545,0.0,5,1,-40.7625435590744,-11.678434371948242,-6.962632179260254,0.0,5,1,6.675951242446899,1.9375,4.738451242446899,0.0,1
head/passive_2/743,head,passive_2,743,743,Every hooker wasn't ,.,crowned,objected,Every hooker wasn't crowned.,Every hooker wasn't objected.,occurred,head/passive_2/crown/was,-34.41831964254379,-10.450688362121582,-3.524874448776245,0.0,6,1,-39.83929604291916,-14.935063362121582,-4.461475849151611,0.0,6,1,5.420976400375366,4.484375,0.9366014003753662,0.0,1
head/passive_2/747,head,passive_2,747,747,Many defenders were ,.,targeted,lied,Many defenders were targeted.,Many defenders were lied.,responded,head/passive_2/target/was,-26.137338161468506,-8.207459449768066,-2.0947790145874023,0.0,4,1,-34.511258125305176,-12.801209449768066,-5.874948978424072,0.0,4,1,8.37391996383667,4.59375,3.78016996383667,0.0,1
head/passive_2/755,head,passive_2,755,755,All teenagers aren't ,.,insured,vanished,All teenagers aren't insured.,All teenagers aren't vanished.,remarked,head/passive_2/insure/was,-30.094286680221558,-10.020864486694336,-1.9174413681030273,0.0,5,1,-34.103182792663574,-14.036489486694336,-1.910712480545044,0.0,5,1,4.008896112442017,4.015625,-0.0067288875579833984,0.0,1
head/passive_2/764,head,passive_2,764,764,The interpreter isn't ,.,insured,vanished,The interpreter isn't insured.,The interpreter isn't vanished.,complained,head/passive_2/insure/was,-32.50759120285511,-11.524306297302246,-1.900912880897522,0.0,5,1,-34.5099266320467,-13.625868797302246,-1.8016858100891113,0.0,5,1,2.0023354291915894,2.1015625,-0.09922707080841064,0.0,1
head/passive_2/774,head,passive_2,774,774,Those commanders aren't ,.,summed,competed,Those commanders aren't summed.,Those commanders aren't competed.,competed,head/passive_2/sum/was,-41.16635489463806,-16.047630310058594,-6.809420585632324,0.0,5,1,-36.859458923339844,-15.285911560058594,-3.2642433643341064,0.0,5,1,-4.306895971298218,-0.76171875,-3.5451772212982178,0.0,0
head/passive_2/776,head,passive_2,776,776,Tara is ,.,crowned,objected,Tara is crowned.,Tara is objected.,progressed,head/passive_2/crown/was,-25.16886281967163,-9.246501922607422,-3.4683585166931152,0.0,4,1,-30.694589853286743,-14.367595672607422,-3.8729918003082275,0.0,4,1,5.525727033615112,5.12109375,0.4046332836151123,0.0,1
head/passive_2/786,head,passive_2,786,786,All publishers were ,.,earned,occurred,All publishers were earned.,All publishers were occurred.,testified,head/passive_2/earn/was,-32.59302616119385,-11.748518943786621,-4.061898708343506,0.0,4,1,-36.06891870498657,-16.385236740112305,-2.901073455810547,0.0,4,1,3.4758925437927246,4.636717796325684,-1.160825252532959,0.0,1
head/passive_2/788,head,passive_2,788,788,Titanium is ,.,earned,occurred,Titanium is earned.,Titanium is occurred.,vanished,head/passive_2/earn/was,-29.605308294296265,-12.216241836547852,-4.532675743103027,0.0,5,1,-30.34062695503235,-13.622491836547852,-3.8617444038391113,0.0,5,1,0.735318660736084,1.40625,-0.670931339263916,0.0,1
head/passive_2/792,head,passive_2,792,792,A witch isn't ,.,thanked,mattered,A witch isn't thanked.,A witch isn't mattered.,complained,head/passive_2/thank/was,-33.238221764564514,-11.685554504394531,-3.291179656982422,0.0,5,1,-34.58445370197296,-14.232429504394531,-2.090536594390869,0.0,5,1,1.3462319374084473,2.546875,-1.2006430625915527,0.0,1
head/passive_2/806,head,passive_2,806,806,Some maker wasn't ,.,thanked,mattered,Some maker wasn't thanked.,Some maker wasn't mattered.,emerged,head/passive_2/thank/was,-36.17256107926369,-11.021561622619629,-2.3479018211364746,0.0,5,1,-37.84391978383064,-13.763749122619629,-1.2770730257034302,0.0,5,1,1.6713587045669556,2.7421875,-1.0708287954330444,0.0,1
head/passive_2/807,head,passive_2,807,807,Subscribers weren't ,.,included,happened,Subscribers weren't included.,Subscribers weren't happened.,reacted,head/passive_2/include/was,-26.161450922489166,-5.9691386222839355,-2.088165760040283,0.0,6,1,-36.80394822359085,-15.631248474121094,-3.0685532093048096,0.0,6,1,10.642497301101685,9.662109851837158,0.9803874492645264,0.0,1
head/passive_2/837,head,passive_2,837,837,This printer wasn't ,.,scored,remained,This printer wasn't scored.,This printer wasn't remained.,existed,head/passive_2/score/was,-36.18341374397278,-12.013437271118164,-2.762754201889038,0.0,5,1,-41.70271825790405,-15.945566177368164,-4.3499298095703125,0.0,5,1,5.519304513931274,3.93212890625,1.5871756076812744,0.0,1
head/passive_2/875,head,passive_2,875,875,Omar wasn't ,.,introduced,arrived,Omar wasn't introduced.,Omar wasn't arrived.,occurred,head/passive_2/introduce/was,-29.982786029577255,-9.856636047363281,-2.7289175987243652,0.0,5,1,-32.561338275671005,-13.075386047363281,-2.0887198448181152,0.0,5,1,2.57855224609375,3.21875,-0.64019775390625,0.0,1
head/passive_2/881,head,passive_2,881,881,A convoy is ,.,celebrated,replied,A convoy is celebrated.,A convoy is replied.,remarked,head/passive_2/celebrate/was,-30.82311487197876,-10.291631698608398,-3.6835756301879883,0.0,4,1,-32.997729539871216,-12.307256698608398,-3.8425652980804443,0.0,4,1,2.174614667892456,2.015625,0.15898966789245605,0.0,1
head/passive_2/896,head,passive_2,896,896,The child wasn't ,.,rated,resulted,The child wasn't rated.,The child wasn't resulted.,replied,head/passive_2/rate/was,-28.986445784568787,-11.041878700256348,-2.8699827194213867,0.0,5,1,-33.912174105644226,-15.471566200256348,-3.366023540496826,0.0,5,1,4.9257283210754395,4.4296875,0.49604082107543945,0.0,1
head/passive_2/900,head,passive_2,900,900,These surgeons were ,.,blamed,struggled,These surgeons were blamed.,These surgeons were struggled.,remained,head/passive_2/blame/was,-29.27429437637329,-10.037500381469727,-4.484193801879883,0.0,4,1,-33.35760021209717,-14.084375381469727,-4.52062463760376,0.0,4,1,4.083305835723877,4.046875,0.03643083572387695,0.0,1
head/passive_2/916,head,passive_2,916,916,A lot of aliens weren't ,.,thanked,mattered,A lot of aliens weren't thanked.,A lot of aliens weren't mattered.,vanished,head/passive_2/thank/was,-39.20353217422962,-11.813758850097656,-2.3739912509918213,0.0,7,1,-40.94106884300709,-14.110633850097656,-1.814652919769287,0.0,7,1,1.7375366687774658,2.296875,-0.5593383312225342,0.0,1
head/passive_2/926,head,passive_2,926,926,That scholar is ,.,bet,appeared,That scholar is bet.,That scholar is appeared.,laughed,head/passive_2/bet/was,-33.8626868724823,-11.4939546585083,-6.275179862976074,0.0,4,1,-32.72968363761902,-12.9627046585083,-3.673426628112793,0.0,4,1,-1.1330032348632812,1.46875,-2.6017532348632812,0.0,0
head/passive_2/927,head,passive_2,927,927,These freaks are ,.,rated,resulted,These freaks are rated.,These freaks are resulted.,competed,head/passive_2/rate/was,-28.50763773918152,-9.876750946044922,-4.091761589050293,0.0,5,1,-32.04685616493225,-13.142375946044922,-4.365355014801025,0.0,5,1,3.5392184257507324,3.265625,0.2735934257507324,0.0,1
head/passive_2/984,head,passive_2,984,984,That queer wasn't ,.,thanked,mattered,That queer wasn't thanked.,That queer wasn't mattered.,laughed,head/passive_2/thank/was,-38.22237481176853,-13.226299285888672,-2.830986499786377,0.0,5,1,-37.03175427019596,-13.366924285888672,-1.4997409582138062,0.0,5,1,-1.1906205415725708,0.140625,-1.3312455415725708,0.0,0
head/passive_2/993,head,passive_2,993,993,All brothers aren't ,.,bet,appeared,All brothers aren't bet.,All brothers aren't appeared.,reacted,head/passive_2/bet/was,-35.87312024831772,-9.928912162780762,-5.2930989265441895,0.0,5,1,-37.25087612867355,-13.335162162780762,-3.2646048069000244,0.0,5,1,1.377755880355835,3.40625,-2.028494119644165,0.0,1
tail/passive_1/2,tail,passive_1,2,2,The dieting was , by a lot of evacuees.,heaped,grinned,The dieting was heaped by a lot of evacuees.,The dieting was grinned by a lot of evacuees.,lingered,tail/passive_1/heap/was,-61.71871278248727,-13.18849229812622,-28.08743522129953,-4.718544006347656,13,2,-62.521812396124005,-16.9619140625,-25.117113070562482,-3.085629940032959,12,1,0.8030996136367321,3.7734217643737793,-2.970322150737047,-1.6329140663146973,1
tail/passive_1/22,tail,passive_1,22,22,That prude isn't , by the lifter.,roused,lurked,That prude isn't roused by the lifter.,That prude isn't lurked by the lifter.,blossomed,tail/passive_1/rouse/was,-57.3556959182024,-13.013674020767212,-22.37917935848236,-1.4115909337997437,11,2,-62.533786967396736,-17.669562339782715,-22.901382088661194,-3.724494218826294,11,2,5.178091049194336,4.655888319015503,0.522202730178833,2.3129032850265503,1
tail/passive_1/25,tail,passive_1,25,25,A cavalier isn't , by all raspberries.,evaded,inquired,A cavalier isn't evaded by all raspberries.,A cavalier isn't inquired by all raspberries.,bragged,tail/passive_1/evade/was,-67.57463723421097,-15.869331359863281,-26.755840361118317,-1.9976513385772705,13,2,-67.88694250583649,-13.61159610748291,-29.325880885124207,-5.838163375854492,12,1,0.3123052716255188,-2.257735252380371,2.57004052400589,3.8405120372772217,1
tail/passive_1/36,tail,passive_1,36,36,Every fiend was , by every grownup.,doped,bargained,Every fiend was doped by every grownup.,Every fiend was bargained by every grownup.,chuckled,tail/passive_1/dope/was,-53.14953476190567,-12.132844924926758,-23.916194796562195,-3.9569764137268066,9,1,-56.552352368831635,-12.487406969070435,-26.964450359344482,-4.759011268615723,10,2,3.4028176069259644,0.35456204414367676,3.0482555627822876,0.802034854888916,1
tail/passive_1/38,tail,passive_1,38,38,Those abbots are , by the publics.,gagged,blossomed,Those abbots are gagged by the publics.,Those abbots are blossomed by the publics.,shivered,tail/passive_1/gag/was,-55.4250910282135,-12.043926000595093,-24.71633207798004,-3.028569221496582,11,2,-58.488929867744446,-15.994562149047852,-23.829534769058228,-3.875737190246582,11,2,3.063838839530945,3.950636148452759,-0.886797308921814,0.84716796875,1
tail/passive_1/41,tail,passive_1,41,41,Those relievers were , by all censors.,gagged,blossomed,Those relievers were gagged by all censors.,Those relievers were blossomed by all censors.,colluded,tail/passive_1/gag/was,-52.299762681126595,-11.330227375030518,-24.27558246254921,-2.999799966812134,10,2,-58.78308503329754,-16.738369464874268,-25.350762724876404,-2.199922800064087,10,2,6.483322352170944,5.40814208984375,1.0751802623271942,-0.7998771667480469,1
tail/passive_1/45,tail,passive_1,45,45,Shopkeepers are , by the doers.,trademarked,bloomed,Shopkeepers are trademarked by the doers.,Shopkeepers are bloomed by the doers.,bragged,tail/passive_1/trademark/was,-46.75386533141136,-14.103466480970383,-21.58463180065155,-2.520434617996216,9,2,-48.98109304904938,-17.258481979370117,-20.65684401988983,-3.411818027496338,9,2,2.2272277176380157,3.1550154983997345,-0.9277877807617188,0.8913834095001221,1
tail/passive_1/46,tail,passive_1,46,46,Some hugger is , by these rivalries.,safeguarded,blushed,Some hugger is safeguarded by these rivalries.,Some hugger is blushed by these rivalries.,seeped,tail/passive_1/safeguard/was,-60.379121482372284,-15.159391403198242,-20.59756964445114,-1.9811515808105469,11,3,-62.069304406642914,-15.573349952697754,-21.87379401922226,-4.391450881958008,10,2,1.6901829242706299,0.4139585494995117,1.2762243747711182,2.410299301147461,1
tail/passive_1/47,tail,passive_1,47,47,The soiree isn't , by every glob.,spiced,peed,The soiree isn't spiced by every glob.,The soiree isn't peed by every glob.,meditated,tail/passive_1/spice/was,-69.50950545072556,-14.546706676483154,-30.57819128036499,-4.4492316246032715,11,2,-71.90234297513962,-18.513785362243652,-29.003950119018555,-4.495217323303223,11,2,2.3928375244140625,3.967078685760498,-1.5742411613464355,0.04598569869995117,1
tail/passive_1/51,tail,passive_1,51,51,A dunce is , by that narcissist.,stowed,abstained,A dunce is stowed by that narcissist.,A dunce is abstained by that narcissist.,toiled,tail/passive_1/stow/was,-57.63573259115219,-12.479113578796387,-28.292990684509277,-5.336917877197266,10,2,-57.81897324323654,-14.260889530181885,-26.69445538520813,-4.423590660095215,10,2,0.18324065208435059,1.781775951385498,-1.5985352993011475,-0.9133272171020508,1
tail/passive_1/61,tail,passive_1,61,61,Most dickheads were , by these subcontractors.,bribed,corresponded,Most dickheads were bribed by these subcontractors.,Most dickheads were corresponded by these subcontractors.,blushed,tail/passive_1/bribe/was,-49.49238355830312,-10.397860169410706,-19.581898171454668,-2.065885066986084,10,2,-59.9805443584919,-17.84717559814453,-22.620743542909622,-2.7027127742767334,9,1,10.48816080018878,7.449315428733826,3.038845371454954,0.6368277072906494,1
tail/passive_1/72,tail,passive_1,72,72,Many weirdos aren't , by the marauders.,quarried,raved,Many weirdos aren't quarried by the marauders.,Many weirdos aren't raved by the marauders.,toiled,tail/passive_1/quarry/was,-53.58356812596321,-17.684736728668213,-13.148489713668823,-2.2744836807250977,12,2,-59.17375764250755,-16.012977123260498,-20.41043883562088,-4.953383445739746,12,2,5.590189516544342,-1.6717596054077148,7.261949121952057,2.6788997650146484,1
tail/passive_1/82,tail,passive_1,82,82,Those navigators weren't , by the schoolmaster.,safeguarded,blushed,Those navigators weren't safeguarded by the schoolmaster.,Those navigators weren't blushed by the schoolmaster.,shuddered,tail/passive_1/safeguard/was,-52.82632656395435,-14.569751501083374,-19.522855043411255,-2.640073299407959,12,3,-57.070991829037666,-18.07285785675049,-20.264413952827454,-2.5269603729248047,11,2,4.244665265083313,3.5031063556671143,0.7415589094161987,-0.1131129264831543,1
tail/passive_1/87,tail,passive_1,87,87,Many paramilitaries are , by an easel.,blurted,stagnated,Many paramilitaries are blurted by an easel.,Many paramilitaries are stagnated by an easel.,abstained,tail/passive_1/blurt/was,-61.60206909105182,-18.68884888291359,-25.79471516609192,-5.066534996032715,12,3,-62.3925450257957,-18.040485858917236,-27.233554124832153,-3.305452823638916,11,2,0.7904759347438812,-0.6483630239963531,1.4388389587402344,-1.7610821723937988,1
tail/passive_1/91,tail,passive_1,91,91,Some deserters aren't , by some heterosexuals.,quarried,raved,Some deserters aren't quarried by some heterosexuals.,Some deserters aren't raved by some heterosexuals.,sprawled,tail/passive_1/quarry/was,-61.56057100743055,-14.888909816741943,-26.028084754943848,-3.443394184112549,12,2,-64.2608719393611,-18.428693771362305,-25.18860173225403,-5.117836952209473,12,2,2.700300931930542,3.5397839546203613,-0.8394830226898193,1.6744427680969238,1
tail/passive_1/98,tail,passive_1,98,98,Some cadre isn't , by the juncture.,awed,glowed,Some cadre isn't awed by the juncture.,Some cadre isn't glowed by the juncture.,crowed,tail/passive_1/awe/was,-57.474339962005615,-14.231404542922974,-19.958027482032776,-0.5483084917068481,11,2,-62.106481075286865,-18.155560970306396,-20.666012167930603,-2.6106574535369873,11,2,4.63214111328125,3.924156427383423,0.7079846858978271,2.062348961830139,1
tail/passive_1/108,tail,passive_1,108,108,These unionists weren't , by this godson.,ducked,dawned,These unionists weren't ducked by this godson.,These unionists weren't dawned by this godson.,branched,tail/passive_1/duck/was,-63.19445490837097,-14.037428855895996,-26.90300703048706,-2.056497097015381,11,2,-65.88941788673401,-16.745033025741577,-26.890365839004517,-3.4028680324554443,11,2,2.694962978363037,2.707604169845581,-0.012641191482543945,1.3463709354400635,1
tail/passive_1/113,tail,passive_1,113,113,All admirers aren't , by every covey.,transcended,concurred,All admirers aren't transcended by every covey.,All admirers aren't concurred by every covey.,dwelt,tail/passive_1/transcend/was,-64.36421316862106,-15.020921349525452,-23.866764426231384,-1.9840525388717651,12,2,-64.9081243276596,-16.56769347190857,-22.86390346288681,-3.340941905975342,12,2,0.5439111590385437,1.5467721223831177,-1.002860963344574,1.3568893671035767,1
tail/passive_1/118,tail,passive_1,118,118,Some remission wasn't , by a lot of waitresses.,doped,bargained,Some remission wasn't doped by a lot of waitresses.,Some remission wasn't bargained by a lot of waitresses.,decayed,tail/passive_1/dope/was,-65.31370431184769,-15.641474723815918,-28.0830537378788,-5.289650917053223,11,1,-65.87978065107018,-13.001399175263941,-31.289205625653267,-9.654199600219727,12,2,0.5660763392224908,-2.6400755485519767,3.2061518877744675,4.364548683166504,1
tail/passive_1/122,tail,passive_1,122,122,A thane was , by many multitudes.,exerted,slumped,A thane was exerted by many multitudes.,A thane was slumped by many multitudes.,transpired,tail/passive_1/exert/was,-57.94270443916321,-13.069906234741211,-20.712558031082153,-1.9804174900054932,9,1,-60.84571601450443,-10.051459312438965,-26.634016528725624,-4.681622505187988,10,2,2.9030115753412247,-3.018446922302246,5.921458497643471,2.701205015182495,1
tail/passive_1/124,tail,passive_1,124,124,A politico was , by every smuggler.,smothered,subsided,A politico was smothered by every smuggler.,A politico was subsided by every smuggler.,glared,tail/passive_1/smother/was,-58.15980543196201,-12.11449670791626,-23.985278382897377,-1.3639777898788452,11,2,-66.33106381818652,-18.496177673339844,-25.7748558036983,-2.020404815673828,11,2,8.171258386224508,6.381680965423584,1.7895774208009243,0.6564270257949829,1
tail/passive_1/128,tail,passive_1,128,128,Every speechwriter was , by that purr.,christened,dwindled,Every speechwriter was christened by that purr.,Every speechwriter was dwindled by that purr.,blushed,tail/passive_1/christen/was,-51.66651347279549,-10.830919295549393,-20.6204514503479,-2.254645586013794,10,2,-64.26378035545349,-17.75209903717041,-26.296538591384888,-3.6962475776672363,11,3,12.597266882658005,6.9211797416210175,5.676087141036987,1.4416019916534424,1
tail/passive_1/137,tail,passive_1,137,137,Every fangirl isn't , by every convening.,deterred,flirted,Every fangirl isn't deterred by every convening.,Every fangirl isn't flirted by every convening.,disembarked,tail/passive_1/deter/was,-59.93870744109154,-11.297980397939682,-26.77083933353424,-0.7732999324798584,12,2,-66.48146462440491,-15.132623195648193,-29.4789537191391,-3.7475039958953857,13,3,6.54275718331337,3.8346427977085114,2.7081143856048584,2.9742040634155273,1
tail/passive_1/139,tail,passive_1,139,139,Some cultists weren't , by these delinquents.,uttered,crept,Some cultists weren't uttered by these delinquents.,Some cultists weren't crept by these delinquents.,shuddered,tail/passive_1/utter/was,-57.10436752438545,-12.887870788574219,-22.299197897315025,-3.2879793643951416,10,1,-60.785511150956154,-15.497245788574219,-23.370966523885727,-4.592808723449707,10,1,3.6811436265707016,2.609375,1.0717686265707016,1.3048293590545654,1
tail/passive_1/142,tail,passive_1,142,142,Savers aren't , by the agar.,garnished,toiled,Savers aren't garnished by the agar.,Savers aren't toiled by the agar.,toiled,tail/passive_1/garnish/was,-49.011601984500885,-14.872912764549255,-21.31659996509552,-3.784783363342285,9,2,-53.50970131158829,-15.591629028320312,-25.095983028411865,-3.5773305892944336,9,2,4.498099327087402,0.7187162637710571,3.779383063316345,-0.20745277404785156,1
tail/passive_1/161,tail,passive_1,161,161,Some imperialists are , by the lipoprotein.,quelled,sympathized,Some imperialists are quelled by the lipoprotein.,Some imperialists are sympathized by the lipoprotein.,sprawled,tail/passive_1/quell/was,-53.50875103473663,-14.598153114318848,-21.902145743370056,-1.3046482801437378,9,2,-54.72432506084442,-15.390790462493896,-22.325082421302795,-2.3068246841430664,9,2,1.215574026107788,0.7926373481750488,0.42293667793273926,1.0021764039993286,1
tail/passive_1/163,tail,passive_1,163,163,Every playmaker isn't , by the commoner.,christened,dwindled,Every playmaker isn't christened by the commoner.,Every playmaker isn't dwindled by the commoner.,lingered,tail/passive_1/christen/was,-53.282527804374695,-12.886492371559143,-20.165431022644043,-2.6754086017608643,11,2,-56.831796407699585,-17.41439151763916,-19.186800479888916,-2.965519428253174,12,3,3.54926860332489,4.527899146080017,-0.978630542755127,0.29011082649230957,1
tail/passive_1/164,tail,passive_1,164,164,Objectors were , by those belles.,recast,reappeared,Objectors were recast by those belles.,Objectors were reappeared by those belles.,feasted,tail/passive_1/recast/was,-52.21661138534546,-11.27356505393982,-28.480531454086304,-3.9887847900390625,9,2,-55.50137138366699,-15.478171467781067,-27.56068503856659,-4.084333896636963,9,2,3.284759998321533,4.204606413841248,-0.9198464155197144,0.09554910659790039,1
tail/passive_1/183,tail,passive_1,183,183,That aristocrat is , by many adventurers.,blurted,stagnated,That aristocrat is blurted by many adventurers.,That aristocrat is stagnated by many adventurers.,blossomed,tail/passive_1/blurt/was,-56.52543407306075,-14.882433123886585,-23.343822348862886,-4.474552631378174,11,3,-58.00894097983837,-15.363040208816528,-24.346722170710564,-2.5079126358032227,10,2,1.4835069067776203,0.4806070849299431,1.0028998218476772,-1.9666399955749512,1
tail/passive_1/192,tail,passive_1,192,192,These freedmen aren't , by some marshmallows.,slandered,glared,These freedmen aren't slandered by some marshmallows.,These freedmen aren't glared by some marshmallows.,stagnated,tail/passive_1/slander/was,-66.34819553047419,-12.658615283668041,-27.244865655899048,-2.029223680496216,13,3,-72.56583718955517,-15.621996879577637,-30.499125719070435,-6.102711200714111,11,1,6.217641659080982,2.9633815959095955,3.2542600631713867,4.0734875202178955,1
tail/passive_1/197,tail,passive_1,197,197,A lot of libtards weren't , by that reformist.,gagged,blossomed,A lot of libtards weren't gagged by that reformist.,A lot of libtards weren't blossomed by that reformist.,crowed,tail/passive_1/gag/was,-69.06265287101269,-10.59635615348816,-25.962280750274658,-2.778571128845215,14,2,-73.81074433028698,-16.975576877593994,-24.331151485443115,-2.3001887798309326,14,2,4.748091459274292,6.379220724105835,-1.631129264831543,-0.4783823490142822,1
tail/passive_1/210,tail,passive_1,210,210,Those soloists are , by a plotter.,galvanized,transpired,Those soloists are galvanized by a plotter.,Those soloists are transpired by a plotter.,decayed,tail/passive_1/galvanize/was,-54.35646590590477,-11.670381337404251,-24.44329935312271,-0.7695291638374329,11,3,-57.925408124923706,-18.423158645629883,-21.259464263916016,-2.8485207557678223,10,2,3.568942219018936,6.752777308225632,-3.1838350892066956,2.0789915919303894,1
tail/passive_1/218,tail,passive_1,218,218,Many moderators are , by an appointee.,galvanized,transpired,Many moderators are galvanized by an appointee.,Many moderators are transpired by an appointee.,sympathized,tail/passive_1/galvanize/was,-48.00883610593155,-13.325027406215668,-21.00055019604042,-0.7523310780525208,12,3,-53.80458948761225,-19.328153610229492,-20.793177373707294,-3.115847110748291,11,2,5.795753381680697,6.0031262040138245,-0.20737282233312726,2.3635160326957703,1
tail/passive_1/219,tail,passive_1,219,219,Many aristocrats are , by some arbiter.,perfumed,reeled,Many aristocrats are perfumed by some arbiter.,Many aristocrats are reeled by some arbiter.,lurked,tail/passive_1/perfume/was,-52.356334924697876,-12.782028675079346,-23.626132011413574,-2.876127243041992,10,2,-58.68066465854645,-13.085762023925781,-29.64672839641571,-5.054256439208984,10,2,6.324329733848572,0.30373334884643555,6.020596385002136,2.178129196166992,1
tail/passive_1/226,tail,passive_1,226,226,Many outcasts are , by that railroading.,commemorated,bragged,Many outcasts are commemorated by that railroading.,Many outcasts are bragged by that railroading.,fluctuated,tail/passive_1/commemorate/was,-55.18812735192478,-10.068245841190219,-28.543399930000305,-2.2271676063537598,11,2,-59.53956598043442,-13.301487922668457,-29.661596477031708,-3.1732749938964844,11,2,4.351438628509641,3.233242081478238,1.1181965470314026,0.9461073875427246,1
tail/passive_1/241,tail,passive_1,241,241,Many janitors aren't , by that amigo.,slandered,glared,Many janitors aren't slandered by that amigo.,Many janitors aren't glared by that amigo.,meditated,tail/passive_1/slander/was,-60.282078593969345,-11.859990805387497,-28.521339893341064,-2.282303810119629,12,3,-65.37352752685547,-14.02814769744873,-31.444631934165955,-5.9576191902160645,10,1,5.091448932886124,2.1681568920612335,2.92329204082489,3.6753153800964355,1
tail/passive_1/243,tail,passive_1,243,243,Every daydream wasn't , by many compatriots.,imitated,lingered,Every daydream wasn't imitated by many compatriots.,Every daydream wasn't lingered by many compatriots.,toiled,tail/passive_1/imitate/was,-55.161779780872166,-13.355469942092896,-18.633606989867985,-1.8604300022125244,12,2,-60.69780497835018,-13.481761742383242,-24.04334038705565,-5.281632423400879,12,2,5.536025197478011,0.12629180029034615,5.409733397187665,3.4212024211883545,1
tail/passive_1/244,tail,passive_1,244,244,Many saboteurs were , by the purveyor.,doped,bargained,Many saboteurs were doped by the purveyor.,Many saboteurs were bargained by the purveyor.,reeled,tail/passive_1/dope/was,-51.00865998119116,-12.45405101776123,-21.919864177703857,-3.3058271408081055,11,1,-56.75551798194647,-15.630906105041504,-24.489867091178894,-5.196889877319336,12,2,5.74685800075531,3.1768550872802734,2.5700029134750366,1.8910627365112305,1
tail/passive_1/245,tail,passive_1,245,245,Those grandsons of every acrobat aren't , by the fangirl.,quarried,raved,Those grandsons of every acrobat aren't quarried by the fangirl.,Those grandsons of every acrobat aren't raved by the fangirl.,disapproved,tail/passive_1/quarry/was,-83.24229594692588,-16.19485068321228,-22.349451780319214,-2.773726224899292,18,2,-81.11239906772971,-14.385184288024902,-22.029221296310425,-4.292536735534668,18,2,-2.129896879196167,-1.809666395187378,-0.32023048400878906,1.518810510635376,0
tail/passive_1/247,tail,passive_1,247,247,This gradation wasn't , by this stewardess.,evaded,inquired,This gradation wasn't evaded by this stewardess.,This gradation wasn't inquired by this stewardess.,prospered,tail/passive_1/evade/was,-65.19024211168289,-18.233497619628906,-22.967005014419556,-1.7365096807479858,11,2,-64.13963621854782,-15.823928833007812,-24.32596790790558,-3.0852930545806885,10,1,-1.0506058931350708,-2.4095687866210938,1.358962893486023,1.3487833738327026,0
tail/passive_1/253,tail,passive_1,253,253,The hairdressers aren't , by motels.,reinstalled,seeped,The hairdressers aren't reinstalled by motels.,The hairdressers aren't seeped by motels.,adhered,tail/passive_1/reinstall/was,-60.76723286509514,-18.056551933288574,-18.8467378616333,-4.362218856811523,12,2,-62.69535371661186,-17.037904024124146,-21.793506622314453,-5.999579429626465,13,3,1.9281208515167236,-1.0186479091644287,2.9467687606811523,1.6373605728149414,1
tail/passive_1/257,tail,passive_1,257,257,Every dissipation is , by a countryman.,reared,sinned,Every dissipation is reared by a countryman.,Every dissipation is sinned by a countryman.,swelled,tail/passive_1/rear/was,-51.01373744010925,-15.829418182373047,-17.767621755599976,-2.8273251056671143,9,2,-50.119688749313354,-14.195047378540039,-18.507943868637085,-2.0848028659820557,9,2,-0.8940486907958984,-1.6343708038330078,0.7403221130371094,-0.7425222396850586,0
tail/passive_1/265,tail,passive_1,265,265,The programing isn't , by the shipbuilders.,eschewed,languished,The programing isn't eschewed by the shipbuilders.,The programing isn't languished by the shipbuilders.,lurked,tail/passive_1/eschew/was,-63.180488197132945,-19.195555180311203,-19.290343610569835,-3.9644229412078857,13,3,-61.415113642811775,-16.668304443359375,-20.052219793200493,-4.262171268463135,13,3,-1.7653745543211699,-2.527250736951828,0.7618761826306581,0.297748327255249,0
tail/passive_1/266,tail,passive_1,266,266,A lot of linemen weren't , by all expats.,forested,functioned,A lot of linemen weren't forested by all expats.,A lot of linemen weren't functioned by all expats.,bragged,tail/passive_1/forest/was,-75.66307313740253,-18.6580970287323,-28.916268348693848,-3.7130343914031982,13,2,-77.96503050625324,-18.055618047714233,-31.820704698562622,-3.85707688331604,13,2,2.301957368850708,-0.6024789810180664,2.9044363498687744,0.1440424919128418,1
tail/passive_1/268,tail,passive_1,268,268,Many vocalists aren't , by some notary.,perfumed,reeled,Many vocalists aren't perfumed by some notary.,Many vocalists aren't reeled by some notary.,gushed,tail/passive_1/perfume/was,-62.89835810661316,-15.169995784759521,-25.33852767944336,-3.894869327545166,11,2,-69.12445569038391,-14.71498966217041,-32.01963138580322,-5.188300609588623,11,2,6.226097583770752,-0.45500612258911133,6.681103706359863,1.293431282043457,1
tail/passive_1/274,tail,passive_1,274,274,Most evacuees are , by some goers.,precluded,fluctuated,Most evacuees are precluded by some goers.,Most evacuees are fluctuated by some goers.,colluded,tail/passive_1/preclude/was,-62.43553138896823,-11.710297584533691,-33.50358271598816,-3.6819794178009033,10,1,-62.51891351863742,-20.2266526222229,-25.07060980796814,-2.053873300552368,11,2,0.08338212966918945,8.516355037689209,-8.43297290802002,-1.6281061172485352,1
tail/passive_1/277,tail,passive_1,277,277,Every interpol is , by this azalea.,blurted,stagnated,Every interpol is blurted by this azalea.,Every interpol is stagnated by this azalea.,retaliated,tail/passive_1/blurt/was,-66.01067605242133,-16.185785498470068,-26.64765590429306,-3.521974563598633,11,3,-63.101824160665274,-16.34372854232788,-23.58086096867919,-2.567021131515503,10,2,-2.9088518917560577,0.15794304385781288,-3.0667949356138706,-0.9549534320831299,0
tail/passive_1/298,tail,passive_1,298,298,Some jurists aren't , by this crony.,precluded,fluctuated,Some jurists aren't precluded by this crony.,Some jurists aren't fluctuated by this crony.,converged,tail/passive_1/preclude/was,-64.47010316699743,-12.103887557983398,-31.044798754155636,-3.8063137531280518,10,1,-66.95126023888588,-23.70069980621338,-21.929143577814102,-1.8846668004989624,11,2,2.481157071888447,11.59681224822998,-9.115655176341534,-1.9216469526290894,1
tail/passive_1/299,tail,passive_1,299,299,Those adopters weren't , by sulfide.,overestimated,diverged,Those adopters weren't overestimated by sulfide.,Those adopters weren't diverged by sulfide.,disembarked,tail/passive_1/overestimate/was,-60.88395816087723,-16.303189277648926,-24.816743850708008,-3.093008041381836,10,2,-59.48564201593399,-18.30039930343628,-21.421217679977417,-3.140841484069824,10,2,-1.3983161449432373,1.9972100257873535,-3.395526170730591,0.04783344268798828,0
tail/passive_1/301,tail,passive_1,301,301,A bummer is , by the grifter.,stockpiled,shuddered,A bummer is stockpiled by the grifter.,A bummer is shuddered by the grifter.,reverted,tail/passive_1/stockpile/was,-53.86535608768463,-15.59960925579071,-19.761323928833008,-3.6789650917053223,11,3,-60.44862198829651,-20.38723659515381,-21.556962490081787,-2.4411227703094482,10,2,6.583265900611877,4.787627339363098,1.7956385612487793,-1.237842321395874,1
tail/passive_1/304,tail,passive_1,304,304,Every merman wasn't , by this journeyman.,reared,sinned,Every merman wasn't reared by this journeyman.,Every merman wasn't sinned by this journeyman.,transpired,tail/passive_1/rear/was,-56.476483564823866,-11.411191701889038,-23.370248686522245,-1.865817666053772,12,2,-57.24484126269817,-12.992632389068604,-22.557165697216988,-2.105764865875244,12,2,0.7683576978743076,1.5814406871795654,-0.8130829893052578,0.23994719982147217,1
tail/passive_1/309,tail,passive_1,309,309,That crossword wasn't , by most devotees.,commemorated,bragged,That crossword wasn't commemorated by most devotees.,That crossword wasn't bragged by most devotees.,resonated,tail/passive_1/commemorate/was,-58.290936482022516,-13.929081857204437,-20.655014079879038,-2.7497029304504395,11,2,-60.387498394120485,-15.233673095703125,-21.44698475347832,-3.819669485092163,11,2,2.096561912097968,1.3045912384986877,0.7919706735992804,1.0699665546417236,1
tail/passive_1/317,tail,passive_1,317,317,That propagandist is , by that scrivener.,quarried,raved,That propagandist is quarried by that scrivener.,That propagandist is raved by that scrivener.,dived,tail/passive_1/quarry/was,-59.94765366241336,-18.997679233551025,-22.246649097651243,-3.0886759757995605,12,2,-56.96831589192152,-14.76902723312378,-23.49596332758665,-3.8068037033081055,12,2,-2.9793377704918385,-4.228652000427246,1.2493142299354076,0.7181277275085449,0
tail/passive_1/319,tail,passive_1,319,319,Daddies weren't , by many houseguests.,doped,bargained,Daddies weren't doped by many houseguests.,Daddies weren't bargained by many houseguests.,meditated,tail/passive_1/dope/was,-63.15029025264084,-12.461714744567871,-28.98323634453118,-5.395090579986572,11,1,-63.1969398278743,-11.88141393661499,-29.61018672771752,-6.55424165725708,12,2,0.04664957523345947,-0.5803008079528809,0.6269503831863403,1.1591510772705078,1
tail/passive_1/322,tail,passive_1,322,322,Many innovators weren't , by some naysayers.,approximated,mused,Many innovators weren't approximated by some naysayers.,Many innovators weren't mused by some naysayers.,veered,tail/passive_1/approximate/was,-57.203247636556625,-16.71749496459961,-19.15265327692032,-1.0220158100128174,11,1,-58.511572271585464,-15.381556510925293,-21.796916365623474,-3.8934836387634277,12,2,1.3083246350288391,-1.3359384536743164,2.6442630887031555,2.8714678287506104,1
tail/passive_1/330,tail,passive_1,330,330,Some consuls are , by these biographers.,nabbed,retaliated,Some consuls are nabbed by these biographers.,Some consuls are retaliated by these biographers.,reeled,tail/passive_1/nab/was,-57.32994031906128,-13.318302869796753,-24.084529876708984,-2.337435007095337,11,3,-62.065687388181686,-15.379878968000412,-26.758700847625732,-2.9438157081604004,10,2,4.735747069120407,2.061576098203659,2.674170970916748,0.6063807010650635,1
tail/passive_1/331,tail,passive_1,331,331,Most rioters weren't , by this parka.,whitewashed,waned,Most rioters weren't whitewashed by this parka.,Most rioters weren't waned by this parka.,retaliated,tail/passive_1/whitewash/was,-64.68164265155792,-16.770228385925293,-26.318239092826843,-3.5330185890197754,11,2,-64.55423164367676,-18.43052101135254,-24.530535459518433,-2.1127893924713135,11,2,-0.12741100788116455,1.660292625427246,-1.7877036333084106,-1.420229196548462,0
tail/passive_1/332,tail,passive_1,332,332,Some housemaid wasn't , by many loggers.,diced,cooperated,Some housemaid wasn't diced by many loggers.,Some housemaid wasn't cooperated by many loggers.,adhered,tail/passive_1/dice/was,-62.12318820133805,-15.564652442932129,-23.24497827887535,-3.9306249618530273,10,1,-65.8717847801745,-16.074967861175537,-26.483259439468384,-3.6596598625183105,11,2,3.748596578836441,0.5103154182434082,3.238281160593033,-0.2709650993347168,1
tail/passive_1/334,tail,passive_1,334,334,Most nieces aren't , by these moderators.,quarried,raved,Most nieces aren't quarried by these moderators.,Most nieces aren't raved by these moderators.,thrived,tail/passive_1/quarry/was,-60.15203732252121,-16.56330156326294,-23.49166178703308,-2.934802293777466,11,2,-59.3015661239624,-13.958913803100586,-25.245578348636627,-5.339310169219971,11,2,-0.8504711985588074,-2.6043877601623535,1.7539165616035461,2.404507875442505,0
tail/passive_1/337,tail,passive_1,337,337,Those foodies were , by an exhibitor.,tamed,chuckled,Those foodies were tamed by an exhibitor.,Those foodies were chuckled by an exhibitor.,waned,tail/passive_1/tame/was,-51.39877988398075,-13.110930442810059,-20.70191814005375,-1.2983603477478027,10,2,-53.41381347179413,-13.975939750671387,-21.8519424200058,-3.922990322113037,9,1,2.0150335878133774,0.8650093078613281,1.1500242799520493,2.6246299743652344,1
tail/passive_1/350,tail,passive_1,350,350,Some duce was , by every handstand.,uttered,crept,Some duce was uttered by every handstand.,Some duce was crept by every handstand.,meditated,tail/passive_1/utter/was,-59.06733047962189,-8.469589233398438,-28.26870310306549,-1.4089494943618774,9,1,-65.30279231071472,-11.532089233398438,-31.441664934158325,-3.7996091842651367,9,1,6.2354618310928345,3.0625,3.1729618310928345,2.3906596899032593,1
tail/passive_1/357,tail,passive_1,357,357,A lot of anthropologists aren't , by breeches.,subverted,persevered,A lot of anthropologists aren't subverted by breeches.,A lot of anthropologists aren't persevered by breeches.,bragged,tail/passive_1/subvert/was,-59.52809561789036,-16.596267700195312,-17.704363226890564,-1.1517612934112549,12,2,-61.39733101427555,-17.076061964035034,-19.093804359436035,-2.5943524837493896,13,3,1.8692353963851929,0.4797942638397217,1.3894411325454712,1.4425911903381348,1
tail/passive_1/362,tail,passive_1,362,362,Every pleaser wasn't , by every kinsman.,safeguarded,blushed,Every pleaser wasn't safeguarded by every kinsman.,Every pleaser wasn't blushed by every kinsman.,glowed,tail/passive_1/safeguard/was,-58.55882212519646,-15.016901195049286,-21.24594497680664,-2.2770655155181885,12,3,-60.868187099695206,-15.634147644042969,-22.938063502311707,-2.934513807296753,11,2,2.309364974498749,0.6172464489936829,1.692118525505066,0.6574482917785645,1
tail/passive_1/363,tail,passive_1,363,363,Every warlock was , by the cellist.,slandered,glared,Every warlock was slandered by the cellist.,Every warlock was glared by the cellist.,resonated,tail/passive_1/slander/was,-49.513676673173904,-11.750899106264114,-18.763056993484497,-1.7203772068023682,11,3,-55.242443442344666,-14.09596061706543,-22.146762251853943,-3.1692450046539307,9,1,5.728766769170761,2.3450615108013153,3.383705258369446,1.4488677978515625,1
tail/passive_1/364,tail,passive_1,364,364,The goon is , by this mooch.,subverted,persevered,The goon is subverted by this mooch.,The goon is persevered by this mooch.,inquired,tail/passive_1/subvert/was,-54.35763582587242,-14.487208366394043,-22.230158179998398,-1.1399950981140137,11,2,-58.9651882648468,-16.51826399564743,-24.80665498971939,-2.314552068710327,12,3,4.6075524389743805,2.0310556292533875,2.576496809720993,1.1745569705963135,1
tail/passive_1/368,tail,passive_1,368,368,A playmaker was , by every heiress.,refunded,clashed,A playmaker was refunded by every heiress.,A playmaker was clashed by every heiress.,sinned,tail/passive_1/refund/was,-62.51643481384963,-13.757835529744625,-28.46844721119851,-2.8660714626312256,11,2,-66.8109220629558,-13.773866653442383,-32.74690333660692,-4.112386226654053,11,2,4.294487249106169,0.01603112369775772,4.278456125408411,1.2463147640228271,1
tail/passive_1/371,tail,passive_1,371,371,A salter was , by the inefficiencies.,audited,interacted,A salter was audited by the inefficiencies.,A salter was interacted by the inefficiencies.,emigrated,tail/passive_1/audit/was,-57.75384006649256,-12.688849449157715,-23.19387135654688,-1.4238474369049072,12,2,-64.83432838320732,-15.84213849902153,-27.121070623397827,-4.868836402893066,12,2,7.080488316714764,3.1532890498638153,3.9271992668509483,3.444988965988159,1
tail/passive_1/383,tail,passive_1,383,383,Most scorers aren't , by most saviors.,commemorated,bragged,Most scorers aren't commemorated by most saviors.,Most scorers aren't bragged by most saviors.,prospered,tail/passive_1/commemorate/was,-52.52303697448224,-11.173656689934433,-21.801178514957428,-2.8613908290863037,11,2,-56.61706671118736,-11.473375082015991,-25.595489859580994,-5.435765743255615,11,2,4.094029736705124,0.2997183920815587,3.7943113446235657,2.5743749141693115,1
tail/passive_1/385,tail,passive_1,385,385,This endometriosis is , by some ushers.,recast,reappeared,This endometriosis is recast by some ushers.,This endometriosis is reappeared by some ushers.,slumped,tail/passive_1/recast/was,-57.105757150799036,-17.98138999938965,-24.160381078720093,-3.280588388442993,10,2,-56.85265604034066,-17.171787977218628,-24.71688199043274,-3.2470102310180664,10,2,-0.253101110458374,-0.8096020221710205,0.5565009117126465,-0.03357815742492676,0
tail/passive_1/400,tail,passive_1,400,400,Those depositors weren't , by many pretenders.,heaped,grinned,Those depositors weren't heaped by many pretenders.,Those depositors weren't grinned by many pretenders.,functioned,tail/passive_1/heap/was,-61.736129343509674,-14.217051982879639,-27.965366005897522,-6.025937080383301,11,2,-63.413767635822296,-16.667856216430664,-27.19220006465912,-5.769054889678955,10,1,1.677638292312622,2.4508042335510254,-0.7731659412384033,-0.2568821907043457,1
tail/passive_1/409,tail,passive_1,409,409,Some appointees were , by the pharisees.,perfumed,reeled,Some appointees were perfumed by the pharisees.,Some appointees were reeled by the pharisees.,sympathized,tail/passive_1/perfume/was,-46.51807010686025,-12.985064506530762,-16.9745674431324,-2.5654919147491455,14,2,-55.28631327068433,-13.220113754272461,-25.507761359214783,-7.2987799644470215,14,2,8.768243163824081,0.23504924774169922,8.533193916082382,4.733288049697876,1
tail/passive_1/412,tail,passive_1,412,412,Some headhunter is , by the appetizer.,awed,glowed,Some headhunter is awed by the appetizer.,Some headhunter is glowed by the appetizer.,raged,tail/passive_1/awe/was,-50.993423104286194,-12.760892152786255,-18.128804326057434,-0.800614595413208,11,2,-57.62170350551605,-19.19373321533203,-18.324243664741516,-2.7313232421875,11,2,6.628280401229858,6.432841062545776,0.19543933868408203,1.930708646774292,1
tail/passive_1/416,tail,passive_1,416,416,Some refit is , by that bolshevik.,approximated,mused,Some refit is approximated by that bolshevik.,Some refit is mused by that bolshevik.,blushed,tail/passive_1/approximate/was,-64.74575635790825,-11.472513198852539,-33.605936259031296,-0.7565380334854126,11,1,-66.4036354124546,-17.088680267333984,-29.647648245096207,-4.4295549392700195,12,2,1.6578790545463562,5.616167068481445,-3.958288013935089,3.673016905784607,1
tail/passive_1/423,tail,passive_1,423,423,These narcissists weren't , by all fugitives' grandfathers.,uttered,crept,These narcissists weren't uttered by all fugitives' grandfathers.,These narcissists weren't crept by all fugitives' grandfathers.,mused,tail/passive_1/utter/was,-72.8343112654984,-13.077765464782715,-37.387866754084826,-1.9751074314117432,13,1,-81.87774914503098,-15.858771324157715,-43.6502987742424,-4.208763599395752,13,1,9.043437879532576,2.781005859375,6.262432020157576,2.233656167984009,1
tail/passive_1/428,tail,passive_1,428,428,Many proprietors weren't , by a lot of zealots.,evaded,inquired,Many proprietors weren't evaded by a lot of zealots.,Many proprietors weren't inquired by a lot of zealots.,gushed,tail/passive_1/evade/was,-63.122630920261145,-16.42192268371582,-24.502378348261118,-2.0287716388702393,13,2,-62.606146678328514,-14.172977447509766,-26.234839342534542,-4.025268077850342,12,1,-0.5164842419326305,-2.2489452362060547,1.7324609942734241,1.9964964389801025,0
tail/passive_1/440,tail,passive_1,440,440,A churchman is , by the moc.,evaded,inquired,A churchman is evaded by the moc.,A churchman is inquired by the moc.,peed,tail/passive_1/evade/was,-55.303433895111084,-16.03154945373535,-22.328881978988647,-1.662490963935852,10,2,-55.71754586696625,-13.661979675292969,-25.112563729286194,-3.595022439956665,9,1,0.4141119718551636,-2.369569778442383,2.7836817502975464,1.932531476020813,1
tail/passive_1/443,tail,passive_1,443,443,Some grandfathers were , by all bouncers.,imitated,lingered,Some grandfathers were imitated by all bouncers.,Some grandfathers were lingered by all bouncers.,lapsed,tail/passive_1/imitate/was,-49.46366420388222,-11.362162947654724,-23.478849053382874,-0.8599787950515747,11,2,-57.998584538698196,-14.927110195159912,-28.448822140693665,-3.455665111541748,11,2,8.534920334815979,3.564947247505188,4.969973087310791,2.5956863164901733,1
tail/passive_1/452,tail,passive_1,452,452,Stalwarts weren't , by many laureates.,refunded,clashed,Stalwarts weren't refunded by many laureates.,Stalwarts weren't clashed by many laureates.,persevered,tail/passive_1/refund/was,-61.2198940217495,-13.087189793586731,-28.188417583703995,-4.538341522216797,13,2,-60.71189767122269,-14.751739978790283,-26.015871047973633,-4.788250923156738,13,2,-0.5079963505268097,1.6645501852035522,-2.172546535730362,0.2499094009399414,0
tail/passive_1/454,tail,passive_1,454,454,Some magdalen isn't , by some contemplative.,smothered,subsided,Some magdalen isn't smothered by some contemplative.,Some magdalen isn't subsided by some contemplative.,reeled,tail/passive_1/smother/was,-67.72986820340157,-12.972723960876465,-25.80774623155594,-2.3183746337890625,12,2,-69.07791551947594,-16.079830646514893,-24.048686861991882,-3.0502331256866455,12,2,1.3480473160743713,3.1071066856384277,-1.7590593695640564,0.731858491897583,1
tail/passive_1/456,tail,passive_1,456,456,That neurosurgeon wasn't , by a lot of federations.,exerted,slumped,That neurosurgeon wasn't exerted by a lot of federations.,That neurosurgeon wasn't slumped by a lot of federations.,dwelt,tail/passive_1/exert/was,-66.94498091936111,-15.371377944946289,-29.818283960223198,-3.16267466545105,13,1,-70.39658552408218,-12.566338062286377,-36.07492844760418,-5.325809955596924,14,2,3.4516046047210693,-2.805039882659912,6.2566444873809814,2.163135290145874,1
tail/passive_1/460,tail,passive_1,460,460,These vagrants aren't , by the rotc.,perfumed,reeled,These vagrants aren't perfumed by the rotc.,These vagrants aren't reeled by the rotc.,seeped,tail/passive_1/perfume/was,-66.8405712544918,-15.222308874130249,-30.284638166427612,-4.055934429168701,11,2,-67.0322575867176,-15.377543926239014,-30.321089446544647,-6.7315993309021,11,2,0.19168633222579956,0.15523505210876465,0.03645128011703491,2.6756649017333984,1
tail/passive_1/469,tail,passive_1,469,469,Most premiers were , by this telephoto.,fleeced,vied,Most premiers were fleeced by this telephoto.,Most premiers were vied by this telephoto.,dwelt,tail/passive_1/fleece/was,-58.442676320672035,-13.925621405243874,-26.98145830631256,-1.462039589881897,10,2,-63.6298611164093,-12.62291145324707,-33.47135305404663,-5.3785247802734375,10,2,5.1871847957372665,-1.3027099519968033,6.48989474773407,3.9164851903915405,1
tail/passive_1/472,tail,passive_1,472,472,All buccaneers were , by all rowers.,smothered,subsided,All buccaneers were smothered by all rowers.,All buccaneers were subsided by all rowers.,prospered,tail/passive_1/smother/was,-53.62699944525957,-11.955050230026245,-23.760932445526123,-1.4249495267868042,12,2,-56.678089804947376,-16.84088706970215,-21.926185965538025,-2.092691659927368,12,2,3.051090359687805,4.885836839675903,-1.8347464799880981,0.667742133140564,1
tail/passive_1/474,tail,passive_1,474,474,These completions are , by every shoplifting.,ducked,dawned,These completions are ducked by every shoplifting.,These completions are dawned by every shoplifting.,emigrated,tail/passive_1/duck/was,-58.10317623615265,-14.716631412506104,-30.990402221679688,-2.874635934829712,11,2,-57.01257598400116,-15.487273097038269,-29.129160284996033,-3.034122943878174,11,2,-1.0906002521514893,0.7706416845321655,-1.8612419366836548,0.15948700904846191,0
tail/passive_1/478,tail,passive_1,478,478,That responder isn't , by those gatekeepers.,quarried,raved,That responder isn't quarried by those gatekeepers.,That responder isn't raved by those gatekeepers.,dwelt,tail/passive_1/quarry/was,-59.38261577486992,-18.464833736419678,-21.550507247447968,-3.051440715789795,11,2,-61.383159667253494,-18.943478107452393,-23.072406768798828,-4.5830607414245605,11,2,2.0005438923835754,0.47864437103271484,1.5218995213508606,1.5316200256347656,1
tail/passive_1/481,tail,passive_1,481,481,All influencers are , by most calipers.,trademarked,bloomed,All influencers are trademarked by most calipers.,All influencers are bloomed by most calipers.,raged,tail/passive_1/trademark/was,-62.192455690470524,-13.397701032459736,-32.649115443229675,-1.9830443859100342,11,2,-65.68017986800987,-17.121419429779053,-32.41312122344971,-2.9107911586761475,11,2,3.4877241775393486,3.723718397319317,-0.23599421977996826,0.9277467727661133,1
tail/passive_1/492,tail,passive_1,492,492,Those pollsters were , by that goer.,quelled,sympathized,Those pollsters were quelled by that goer.,Those pollsters were sympathized by that goer.,mutated,tail/passive_1/quell/was,-56.970394134521484,-16.470811367034912,-24.203449010849,-0.8910343647003174,10,2,-60.590946316719055,-18.51294708251953,-25.78186547756195,-2.9360246658325195,10,2,3.620552182197571,2.042135715484619,1.5784164667129517,2.044990301132202,1
tail/passive_1/499,tail,passive_1,499,499,Those vocalists aren't , by this engraver.,stockpiled,shuddered,Those vocalists aren't stockpiled by this engraver.,Those vocalists aren't shuddered by this engraver.,seeped,tail/passive_1/stockpile/was,-60.1846903860569,-14.160472631454468,-26.35652780532837,-3.436609983444214,12,3,-62.88877436518669,-18.089924335479736,-25.131160080432892,-0.9291360974311829,11,2,2.7040839791297913,3.9294517040252686,-1.2253677248954773,-2.507473886013031,1
tail/passive_1/506,tail,passive_1,506,506,All evacuees aren't , by some pappy.,precluded,fluctuated,All evacuees aren't precluded by some pappy.,All evacuees aren't fluctuated by some pappy.,disembarked,tail/passive_1/preclude/was,-69.53335834201425,-10.758588790893555,-34.551769971847534,-3.8380086421966553,11,1,-76.11366546805948,-23.15775156021118,-28.732914328575134,-1.8134721517562866,12,2,6.580307126045227,12.399162769317627,-5.8188556432724,-2.0245364904403687,1
tail/passive_1/524,tail,passive_1,524,524,The supermodel wasn't , by all pianists.,outdone,receded,The supermodel wasn't outdone by all pianists.,The supermodel wasn't receded by all pianists.,languished,tail/passive_1/outdo/was,-59.99689093232155,-12.627549171447754,-25.02183645963669,-0.9495120644569397,11,2,-68.97577008605003,-20.001579999923706,-26.62668478488922,-3.480677843093872,12,3,8.978879153728485,7.374030828475952,1.604848325252533,2.5311657786369324,1
tail/passive_1/526,tail,passive_1,526,526,A sisterhood isn't , by that finisher.,galvanized,transpired,A sisterhood isn't galvanized by that finisher.,A sisterhood isn't transpired by that finisher.,veered,tail/passive_1/galvanize/was,-64.44864067435265,-18.45790719985962,-23.747210204601288,-0.6674334406852722,12,3,-63.97910466790199,-16.64531135559082,-25.090270042419434,-2.214789628982544,11,2,-0.4695360064506531,-1.8125958442687988,1.3430598378181458,1.5473561882972717,0
tail/passive_1/528,tail,passive_1,528,528,The ramble wasn't , by some bambino.,nabbed,retaliated,The ramble wasn't nabbed by some bambino.,The ramble wasn't retaliated by some bambino.,transpired,tail/passive_1/nab/was,-63.122163109481335,-17.30674885958433,-23.09045648574829,-1.7144145965576172,13,3,-66.57000893354416,-18.25850248336792,-25.586548686027527,-3.31296706199646,12,2,3.4478458240628242,0.9517536237835884,2.496092200279236,1.5985524654388428,1
tail/passive_1/533,tail,passive_1,533,533,This idiocy was , by some stepsister.,orphaned,adhered,This idiocy was orphaned by some stepsister.,This idiocy was adhered by some stepsister.,bloomed,tail/passive_1/orphan/was,-51.82436380535364,-13.319047667086124,-23.375263333320618,-1.5849488973617554,10,2,-57.27226901054382,-11.388371467590332,-30.753844738006592,-5.242433071136475,9,1,5.447905205190182,-1.9306761994957924,7.378581404685974,3.6574841737747192,1
tail/passive_1/542,tail,passive_1,542,542,A lot of fandoms are , by those partisans.,reinstalled,seeped,A lot of fandoms are reinstalled by those partisans.,A lot of fandoms are seeped by those partisans.,blushed,tail/passive_1/reinstall/was,-60.908676847815514,-17.29667568206787,-23.478607416152954,-3.891533136367798,13,2,-57.66232875082642,-11.43490891251713,-26.0940260887146,-6.025724411010742,14,3,-3.246348096989095,-5.861766769550741,2.6154186725616455,2.1341912746429443,0
tail/passive_1/549,tail,passive_1,549,549,Every desertion wasn't , by some refueling.,tamed,chuckled,Every desertion wasn't tamed by some refueling.,Every desertion wasn't chuckled by some refueling.,adhered,tail/passive_1/tame/was,-65.52957297861576,-15.032758712768555,-25.83139269053936,-1.184072732925415,12,2,-74.08734610676765,-17.632003784179688,-31.78992074728012,-4.407121658325195,11,1,8.557773128151894,2.599245071411133,5.958528056740761,3.2230489253997803,1
tail/passive_1/551,tail,passive_1,551,551,Those lieutenants weren't , by these scribes.,commemorated,bragged,Those lieutenants weren't commemorated by these scribes.,Those lieutenants weren't bragged by these scribes.,crept,tail/passive_1/commemorate/was,-54.77091549709439,-14.731762707233429,-22.156343042850494,-3.488676071166992,12,2,-53.541462916880846,-12.171071529388428,-23.48758164048195,-5.596808433532715,12,2,-1.2294525802135468,-2.560691177845001,1.3312385976314545,2.1081323623657227,0
tail/passive_1/561,tail,passive_1,561,561,Some reapers aren't , by every achiever.,ingested,conspired,Some reapers aren't ingested by every achiever.,Some reapers aren't conspired by every achiever.,thrived,tail/passive_1/ingest/was,-58.809449998661876,-12.928661704063416,-25.96738594584167,-2.1745522022247314,11,2,-60.957890532910824,-16.964104652404785,-24.08038353174925,-2.361415147781372,11,2,2.148440534248948,4.03544294834137,-1.8870024140924215,0.18686294555664062,1
tail/passive_1/567,tail,passive_1,567,567,Most censors were , by some gurus.,spiced,peed,Most censors were spiced by some gurus.,Most censors were peed by some gurus.,disapproved,tail/passive_1/spice/was,-52.66631770133972,-14.465287208557129,-21.038852214813232,-2.4877872467041016,10,2,-56.03381848335266,-16.131061553955078,-22.740578651428223,-3.788334846496582,10,2,3.3675007820129395,1.6657743453979492,1.7017264366149902,1.3005475997924805,1
tail/passive_1/568,tail,passive_1,568,568,Some publicists aren't , by these alchemists.,tamed,chuckled,Some publicists aren't tamed by these alchemists.,Some publicists aren't chuckled by these alchemists.,blushed,tail/passive_1/tame/was,-55.65688034147024,-13.776270389556885,-21.392802618443966,-1.3210434913635254,12,2,-63.838306955993176,-16.280200958251953,-27.07029866427183,-5.2681708335876465,11,1,8.181426614522934,2.5039305686950684,5.677496045827866,3.947127342224121,1
tail/passive_1/569,tail,passive_1,569,569,The possessor wasn't , by every satyr.,audited,interacted,The possessor wasn't audited by every satyr.,The possessor wasn't interacted by every satyr.,feasted,tail/passive_1/audit/was,-65.44259864091873,-14.62646222114563,-28.031126976013184,-1.7861206531524658,11,2,-67.35427111387253,-14.940991401672363,-29.628270268440247,-6.422627925872803,11,2,1.9116724729537964,0.3145291805267334,1.597143292427063,4.636507272720337,1
tail/passive_1/590,tail,passive_1,590,590,An arsonist isn't , by this valet.,orphaned,adhered,An arsonist isn't orphaned by this valet.,An arsonist isn't adhered by this valet.,proliferated,tail/passive_1/orphan/was,-60.09770882129669,-14.176767319440842,-26.30540108680725,-2.42097544670105,12,2,-64.87764492630959,-16.83405303955078,-28.428051471710205,-5.28195858001709,11,1,4.779936105012894,2.6572857201099396,2.122650384902954,2.86098313331604,1
tail/passive_1/600,tail,passive_1,600,600,An aggravation is , by a grabber.,outdone,receded,An aggravation is outdone by a grabber.,An aggravation is receded by a grabber.,proliferated,tail/passive_1/outdo/was,-52.1068844050169,-16.28799819946289,-20.70702862739563,-0.7850669622421265,10,2,-53.99044506251812,-15.712595462799072,-23.16599202156067,-1.6140421628952026,11,3,1.8835606575012207,-0.5754027366638184,2.458963394165039,0.8289752006530762,1
tail/passive_1/611,tail,passive_1,611,611,Musings weren't , by every introspection.,stockpiled,shuddered,Musings weren't stockpiled by every introspection.,Musings weren't shuddered by every introspection.,reeled,tail/passive_1/stockpile/was,-61.908184453845024,-12.363379761576653,-29.7597393989563,-3.4897303581237793,12,3,-62.30174598097801,-17.610612154006958,-24.90606853365898,-1.7067464590072632,11,2,0.393561527132988,5.2472323924303055,-4.8536708652973175,-1.7829838991165161,1
tail/passive_1/615,tail,passive_1,615,615,The hooligans aren't , by a smuggler.,stowed,abstained,The hooligans aren't stowed by a smuggler.,The hooligans aren't abstained by a smuggler.,balked,tail/passive_1/stow/was,-56.12697417475283,-13.396791458129883,-21.320479452610016,-7.08945894241333,14,2,-64.58954760618508,-18.706573486328125,-24.47327085584402,-5.045004367828369,14,2,8.462573431432247,5.309782028198242,3.152791403234005,-2.044454574584961,1
tail/passive_1/619,tail,passive_1,619,619,Restaurateurs are , by every feller.,stockpiled,shuddered,Restaurateurs are stockpiled by every feller.,Restaurateurs are shuddered by every feller.,materialized,tail/passive_1/stockpile/was,-61.33903694152832,-12.831053733825684,-32.41448974609375,-4.159611701965332,11,3,-61.352437019348145,-16.15447163581848,-29.104471921920776,-1.1525094509124756,10,2,0.013400077819824219,3.323417901992798,-3.3100178241729736,-3.0071022510528564,1
tail/passive_1/628,tail,passive_1,628,628,These deans weren't , by these moderators.,coerced,emigrated,These deans weren't coerced by these moderators.,These deans weren't emigrated by these moderators.,abstained,tail/passive_1/coerce/was,-53.60403923178092,-10.195534753147513,-20.412931852042675,-2.8778774738311768,12,3,-64.59729039669037,-17.14460015296936,-24.45711761713028,-4.788876056671143,11,2,10.993251164909452,6.949065399821848,4.0441857650876045,1.9109985828399658,1
tail/passive_1/630,tail,passive_1,630,630,Those firemen were , by some philistine.,orphaned,adhered,Those firemen were orphaned by some philistine.,Those firemen were adhered by some philistine.,thrived,tail/passive_1/orphan/was,-55.329127088189125,-13.42276455461979,-26.73830509185791,-2.1174960136413574,10,2,-58.437453269958496,-15.020161628723145,-28.249234199523926,-5.463604927062988,9,1,3.108326181769371,1.5973970741033554,1.5109291076660156,3.346108913421631,1
tail/passive_1/635,tail,passive_1,635,635,Every grooving isn't , by some serviceman.,transcended,concurred,Every grooving isn't transcended by some serviceman.,Every grooving isn't concurred by some serviceman.,balked,tail/passive_1/transcend/was,-67.14470213651657,-15.002856969833374,-26.076734244823456,-1.5588003396987915,11,2,-65.92401599884033,-16.480814278125763,-23.378090798854828,-2.0377724170684814,11,2,-1.220686137676239,1.477957308292389,-2.698643445968628,0.47897207736968994,0
tail/passive_1/637,tail,passive_1,637,637,That caregiver wasn't , by every initiator.,stockpiled,shuddered,That caregiver wasn't stockpiled by every initiator.,That caregiver wasn't shuddered by every initiator.,disapproved,tail/passive_1/stockpile/was,-68.59810865670443,-15.540438890457153,-29.54003546386957,-4.200551986694336,11,3,-66.34454622864723,-17.78436517715454,-25.04254674911499,-1.4490203857421875,10,2,-2.2535624280571938,2.2439262866973877,-4.4974887147545815,-2.7515316009521484,0
tail/passive_1/638,tail,passive_1,638,638,All pinches were , by the custodian.,stockpiled,shuddered,All pinches were stockpiled by the custodian.,All pinches were shuddered by the custodian.,blossomed,tail/passive_1/stockpile/was,-47.994610806927085,-11.95740964077413,-15.562238574028015,-3.217331886291504,12,3,-53.55517762899399,-14.9610915184021,-18.11912351846695,-2.3428354263305664,11,2,5.560566822066903,3.003681877627969,2.5568849444389343,-0.8744964599609375,1
tail/passive_1/642,tail,passive_1,642,642,The waterman wasn't , by this stepsister.,stockpiled,shuddered,The waterman wasn't stockpiled by this stepsister.,The waterman wasn't shuddered by this stepsister.,glowed,tail/passive_1/stockpile/was,-72.406428322196,-19.074458122253418,-28.711841940879822,-4.753121376037598,12,3,-65.91573844850063,-17.331774711608887,-23.96383547782898,-1.544035792350769,11,2,-6.4906898736953735,-1.7426834106445312,-4.748006463050842,-3.2090855836868286,0
tail/passive_1/644,tail,passive_1,644,644,A lot of delinquents aren't , by every cocksucker's nieces.,roused,lurked,A lot of delinquents aren't roused by every cocksucker's nieces.,A lot of delinquents aren't lurked by every cocksucker's nieces.,proliferated,tail/passive_1/rouse/was,-81.91988383233547,-11.518194198608398,-43.64048162102699,-1.4309567213058472,17,2,-85.28624002635479,-16.60099220275879,-41.92403981089592,-3.556657314300537,17,2,3.3663561940193176,5.082798004150391,-1.716441810131073,2.12570059299469,1
tail/passive_1/660,tail,passive_1,660,660,All marksmen weren't , by those benefactors.,orphaned,adhered,All marksmen weren't orphaned by those benefactors.,All marksmen weren't adhered by those benefactors.,prospered,tail/passive_1/orphan/was,-65.74675534665585,-13.504519045352936,-25.316816091537476,-2.528921127319336,11,2,-69.05424158275127,-15.164224624633789,-26.96459674835205,-5.601786136627197,10,1,3.3074862360954285,1.6597055792808533,1.6477806568145752,3.0728650093078613,1
tail/passive_1/665,tail,passive_1,665,665,Oppressors were , by this harlot.,gagged,blossomed,Oppressors were gagged by this harlot.,Oppressors were blossomed by this harlot.,grinned,tail/passive_1/gag/was,-42.55313837528229,-8.543888330459595,-22.474982857704163,-2.8384881019592285,10,2,-47.672337889671326,-18.267889976501465,-17.87018072605133,-2.398472309112549,10,2,5.119199514389038,9.72400164604187,-4.604802131652832,-0.4400157928466797,1
tail/passive_1/668,tail,passive_1,668,668,Some adopters are , by a nonpartisan.,outdone,receded,Some adopters are outdone by a nonpartisan.,Some adopters are receded by a nonpartisan.,crowed,tail/passive_1/outdo/was,-55.42435857653618,-16.10577154159546,-25.05632635951042,-0.4359388053417206,11,2,-60.79814803600311,-19.38266372680664,-27.153223633766174,-2.515928268432617,12,3,5.373789459466934,3.2768921852111816,2.0968972742557526,2.0799894630908966,1
tail/passive_1/671,tail,passive_1,671,671,Those electricians weren't , by every tycoon.,imitated,lingered,Those electricians weren't imitated by every tycoon.,Those electricians weren't lingered by every tycoon.,veered,tail/passive_1/imitate/was,-55.19111053342931,-15.710644245147705,-20.045962993754074,-2.0541868209838867,12,2,-65.25498452258762,-17.01359534263611,-28.80688588542398,-3.806891918182373,12,2,10.06387398915831,1.3029510974884033,8.760922891669907,1.7527050971984863,1
tail/passive_1/672,tail,passive_1,672,672,A lot of alchemists are , by the sycophants.,recast,reappeared,A lot of alchemists are recast by the sycophants.,A lot of alchemists are reappeared by the sycophants.,languished,tail/passive_1/recast/was,-56.46277200616896,-11.955903768539429,-21.07032905332744,-3.7346572875976562,15,2,-63.491379376500845,-17.756577014923096,-22.298263177275658,-4.206536769866943,15,2,7.028607370331883,5.800673246383667,1.2279341239482164,0.4718794822692871,1
tail/passive_1/673,tail,passive_1,673,673,Challengers were , by all scarlets.,garnished,toiled,Challengers were garnished by all scarlets.,Challengers were toiled by all scarlets.,dived,tail/passive_1/garnish/was,-53.7742710262537,-12.188393130898476,-27.773701429367065,-3.3128154277801514,10,2,-56.81859230995178,-13.273447513580322,-29.7329683303833,-4.37153434753418,10,2,3.044321283698082,1.0850543826818466,1.9592669010162354,1.0587189197540283,1
tail/passive_1/681,tail,passive_1,681,681,Those delicacies are , by this repairman.,subverted,persevered,Those delicacies are subverted by this repairman.,Those delicacies are persevered by this repairman.,dwindled,tail/passive_1/subvert/was,-52.67025554180145,-14.372583389282227,-22.33817994594574,-1.564568042755127,10,2,-53.50959685444832,-13.887421756982803,-23.66268289089203,-2.5023856163024902,11,3,0.8393413126468658,-0.4851616322994232,1.324502944946289,0.9378175735473633,1
tail/passive_1/693,tail,passive_1,693,693,Most sceptics are , by this speculator.,gagged,blossomed,Most sceptics are gagged by this speculator.,Most sceptics are blossomed by this speculator.,converged,tail/passive_1/gag/was,-54.30122607946396,-12.501109600067139,-26.30565845966339,-1.0420647859573364,10,2,-56.32225149869919,-18.433507680892944,-22.394285798072815,-1.3601571321487427,10,2,2.0210254192352295,5.932398080825806,-3.911372661590576,0.31809234619140625,1
tail/passive_1/718,tail,passive_1,718,718,Most ushers aren't , by a trier.,blurted,stagnated,Most ushers aren't blurted by a trier.,Most ushers aren't stagnated by a trier.,flopped,tail/passive_1/blurt/was,-57.95483806729317,-15.658878296613693,-22.016711711883545,-4.674721717834473,11,3,-58.61031824350357,-16.622873783111572,-21.70819640159607,-2.140758514404297,10,2,0.6554801762104034,0.963995486497879,-0.3085153102874756,-2.533963203430176,1
tail/passive_1/727,tail,passive_1,727,727,Most finders aren't , by a kook.,outdone,receded,Most finders aren't outdone by a kook.,Most finders aren't receded by a kook.,feasted,tail/passive_1/outdo/was,-53.25399959087372,-13.783023834228516,-17.161278545856476,-0.5917636752128601,11,2,-61.11827903985977,-17.884284019470215,-20.92429780960083,-3.2439985275268555,12,3,7.8642794489860535,4.101260185241699,3.7630192637443542,2.6522348523139954,1
tail/passive_1/730,tail,passive_1,730,730,Every assessor is , by that miscalculation.,quelled,sympathized,Every assessor is quelled by that miscalculation.,Every assessor is sympathized by that miscalculation.,sprawled,tail/passive_1/quell/was,-53.45785237848759,-17.05508327484131,-20.619179651141167,-1.1774109601974487,11,2,-54.03363913297653,-15.36350131034851,-22.88654837012291,-3.4363248348236084,11,2,0.575786754488945,-1.6915819644927979,2.267368718981743,2.2589138746261597,1
tail/passive_1/741,tail,passive_1,741,741,That caper was , by a newsreader.,recast,reappeared,That caper was recast by a newsreader.,That caper was reappeared by a newsreader.,decayed,tail/passive_1/recast/was,-46.07621347904205,-12.490421414375305,-17.546942234039307,-2.4777116775512695,10,2,-53.61352586746216,-18.219258069992065,-19.35541796684265,-3.1175718307495117,10,2,7.537312388420105,5.72883665561676,1.8084757328033447,0.6398601531982422,1
tail/passive_1/745,tail,passive_1,745,745,Most adventurers weren't , by the emigrants.,garnished,toiled,Most adventurers weren't garnished by the emigrants.,Most adventurers weren't toiled by the emigrants.,bragged,tail/passive_1/garnish/was,-57.22906231880188,-15.303239345550537,-20.617340564727783,-2.9156501293182373,11,2,-58.486934304237366,-16.843923568725586,-20.33452832698822,-4.115442276000977,11,2,1.2578719854354858,1.5406842231750488,-0.282812237739563,1.1997921466827393,1
tail/passive_1/759,tail,passive_1,759,759,This epileptic was , by that neve.,subjugated,colluded,This epileptic was subjugated by that neve.,This epileptic was colluded by that neve.,raged,tail/passive_1/subjugate/was,-62.006100215017796,-11.588772751390934,-29.56675946712494,-1.0476139783859253,11,3,-65.33122700452805,-14.874922752380371,-29.605736255645752,-2.060824394226074,10,2,3.32512678951025,3.286150000989437,0.03897678852081299,1.013210415840149,1
tail/passive_1/762,tail,passive_1,762,762,This earner isn't , by the executioner.,heaped,grinned,This earner isn't heaped by the executioner.,This earner isn't grinned by the executioner.,bloomed,tail/passive_1/heap/was,-59.644927978515625,-15.58622932434082,-21.246485590934753,-6.349845886230469,11,2,-57.665247574448586,-16.06999969482422,-18.783034816384315,-4.830769062042236,10,1,-1.9796804040670395,0.48377037048339844,-2.463450774550438,-1.5190768241882324,0
tail/passive_1/770,tail,passive_1,770,770,An importer was , by many petitioners.,tamed,chuckled,An importer was tamed by many petitioners.,An importer was chuckled by many petitioners.,peed,tail/passive_1/tame/was,-49.69964873790741,-12.662001609802246,-21.66983687877655,-2.1292057037353516,9,2,-49.25449979305267,-13.843360900878906,-20.043328642845154,-2.9621081352233887,8,1,-0.44514894485473633,1.1813592910766602,-1.6265082359313965,0.8329024314880371,0
tail/passive_1/776,tail,passive_1,776,776,Many aunties were , by most patriarchs.,blurted,stagnated,Many aunties were blurted by most patriarchs.,Many aunties were stagnated by most patriarchs.,crowed,tail/passive_1/blurt/was,-57.65682837367058,-15.158830165863037,-26.4965837597847,-5.405920028686523,11,3,-53.980650156736374,-17.26033592224121,-20.71889978647232,-2.83001971244812,10,2,-3.676178216934204,2.101505756378174,-5.777683973312378,-2.5759003162384033,0
tail/passive_1/777,tail,passive_1,777,777,This playmaker is , by most depositors.,diced,cooperated,This playmaker is diced by most depositors.,This playmaker is cooperated by most depositors.,meditated,tail/passive_1/dice/was,-57.18605977296829,-13.439337730407715,-26.003994524478912,-2.7738308906555176,9,1,-55.276418060064316,-14.562721967697144,-22.970968574285507,-0.7297400832176208,10,2,-1.9096417129039764,1.1233842372894287,-3.033025950193405,-2.0440908074378967,0
tail/passive_1/780,tail,passive_1,780,780,Most agitators weren't , by the babysitters.,trademarked,bloomed,Most agitators weren't trademarked by the babysitters.,Most agitators weren't bloomed by the babysitters.,clashed,tail/passive_1/trademark/was,-59.845338348299265,-14.399212062358856,-24.327723998576403,-4.002125263214111,14,2,-59.76107746735215,-17.686395168304443,-20.956280011683702,-3.31274151802063,14,2,-0.08426088094711304,3.287183105945587,-3.3714439868927,-0.6893837451934814,0
tail/passive_1/783,tail,passive_1,783,783,Those facilitators aren't , by every helmsman.,doped,bargained,Those facilitators aren't doped by every helmsman.,Those facilitators aren't bargained by every helmsman.,meditated,tail/passive_1/dope/was,-64.58723030611873,-13.13919448852539,-32.636422868818045,-6.057553768157959,11,1,-63.05168239027262,-12.461934328079224,-31.778135113418102,-7.632932662963867,12,2,-1.5355479158461094,-0.677260160446167,-0.8582877553999424,1.5753788948059082,0
tail/passive_1/785,tail,passive_1,785,785,Vegetarians aren't , by every occupant.,doped,bargained,Vegetarians aren't doped by every occupant.,Vegetarians aren't bargained by every occupant.,raved,tail/passive_1/dope/was,-56.696351170539856,-14.600166320800781,-28.71350359916687,-5.256009578704834,9,1,-57.53455674648285,-14.820539474487305,-29.33133602142334,-6.832467555999756,10,2,0.8382055759429932,0.22037315368652344,0.6178324222564697,1.5764579772949219,1
tail/passive_1/788,tail,passive_1,788,788,This haystack wasn't , by some aggregator.,tamed,chuckled,This haystack wasn't tamed by some aggregator.,This haystack wasn't chuckled by some aggregator.,mutated,tail/passive_1/tame/was,-56.143039762973785,-14.101977825164795,-20.022378474473953,-1.0721887350082397,11,2,-62.22774088382721,-15.475666046142578,-24.733391374349594,-5.241858959197998,10,1,6.084701120853424,1.3736882209777832,4.711012899875641,4.169670224189758,1
tail/passive_1/793,tail,passive_1,793,793,A lot of choruses aren't , by a belligerent.,precluded,fluctuated,A lot of choruses aren't precluded by a belligerent.,A lot of choruses aren't fluctuated by a belligerent.,stagnated,tail/passive_1/preclude/was,-66.32097634486854,-13.010807037353516,-24.783343805000186,-1.1152969598770142,13,1,-70.27154782041907,-18.797967433929443,-22.94675488397479,-2.0358729362487793,14,2,3.9505714755505323,5.787160396575928,-1.8365889210253954,0.9205759763717651,1
tail/passive_1/795,tail,passive_1,795,795,That voyeur was , by the pater.,precluded,fluctuated,That voyeur was precluded by the pater.,That voyeur was fluctuated by the pater.,waned,tail/passive_1/preclude/was,-49.232128858566284,-11.554787635803223,-19.90501207113266,-1.0988202095031738,9,1,-58.54343515634537,-20.540887355804443,-20.230218648910522,-2.0580105781555176,10,2,9.311306297779083,8.98609972000122,0.32520657777786255,0.9591903686523438,1
tail/passive_1/803,tail,passive_1,803,803,Sluts weren't , by these commoners.,overestimated,diverged,Sluts weren't overestimated by these commoners.,Sluts weren't diverged by these commoners.,congregated,tail/passive_1/overestimate/was,-55.173289358615875,-15.588343143463135,-22.579899787902832,-3.081993579864502,10,2,-62.2550864815712,-20.264065265655518,-24.98597478866577,-3.624295949935913,10,2,7.081797122955322,4.675722122192383,2.4060750007629395,0.5423023700714111,1
tail/passive_1/805,tail,passive_1,805,805,Some magdalen is , by every procurator.,commemorated,bragged,Some magdalen is commemorated by every procurator.,Some magdalen is bragged by every procurator.,waned,tail/passive_1/commemorate/was,-61.599558567628264,-10.90332262776792,-26.64472322165966,-2.2001352310180664,12,2,-60.46490854024887,-14.013119220733643,-22.400276601314545,-3.284552574157715,12,2,-1.1346500273793936,3.109796592965722,-4.244446620345116,1.0844173431396484,0
tail/passive_1/809,tail,passive_1,809,809,Most chancellors aren't , by that logger.,reinstalled,seeped,Most chancellors aren't reinstalled by that logger.,Most chancellors aren't seeped by that logger.,stagnated,tail/passive_1/reinstall/was,-63.07055924553424,-15.492879390716553,-25.21512269973755,-3.4458649158477783,11,2,-67.91848329920322,-15.405680000782013,-30.150246143341064,-5.500593185424805,12,3,4.847924053668976,-0.0871993899345398,4.935123443603516,2.0547282695770264,1
tail/passive_1/816,tail,passive_1,816,816,Every deactivation wasn't , by depositors.,outdone,receded,Every deactivation wasn't outdone by depositors.,Every deactivation wasn't receded by depositors.,inquired,tail/passive_1/outdo/was,-60.53630045056343,-15.000524997711182,-21.508869349956512,-0.6595985293388367,10,2,-63.50175341963768,-17.307876586914062,-22.16697072982788,-3.242659568786621,11,3,2.9654529690742493,2.307351589202881,0.6581013798713684,2.5830610394477844,1
tail/passive_1/821,tail,passive_1,821,821,That brainiac isn't , by this decorator.,trademarked,bloomed,That brainiac isn't trademarked by this decorator.,That brainiac isn't bloomed by this decorator.,blossomed,tail/passive_1/trademark/was,-62.168304815888405,-14.145910769701004,-24.44623202085495,-3.48545241355896,11,2,-64.46881203353405,-16.267656803131104,-24.624993205070496,-4.120615482330322,11,2,2.300507217645645,2.1217460334300995,0.17876118421554565,0.6351630687713623,1
tail/passive_1/825,tail,passive_1,825,825,Those enrollees are , by some propellant.,scrubbed,thrived,Those enrollees are scrubbed by some propellant.,Those enrollees are thrived by some propellant.,colluded,tail/passive_1/scrub/was,-57.642312199110165,-12.956666201353073,-28.44674587249756,-4.232931137084961,11,2,-56.965286195511,-14.982090473175049,-25.744295597076416,-1.659271001815796,11,2,-0.6770260035991669,2.0254242718219757,-2.7024502754211426,-2.573660135269165,0
tail/passive_1/826,tail,passive_1,826,826,The gelding isn't , by that bouncer.,exerted,slumped,The gelding isn't exerted by that bouncer.,The gelding isn't slumped by that bouncer.,thrived,tail/passive_1/exert/was,-68.17437046766281,-17.100414276123047,-24.244929552078247,-2.971080780029297,11,1,-68.60737055540085,-14.316792011260986,-27.461551904678345,-5.349992752075195,12,2,0.4330000877380371,-2.7836222648620605,3.2166223526000977,2.3789119720458984,1
tail/passive_1/828,tail,passive_1,828,828,Some octave is , by these skaters.,scrubbed,thrived,Some octave is scrubbed by these skaters.,Some octave is thrived by these skaters.,decayed,tail/passive_1/scrub/was,-55.35795742273331,-14.703624904155731,-22.027578711509705,-3.7120652198791504,10,2,-54.01784098148346,-14.785317420959473,-20.605769753456116,-2.189359664916992,10,2,-1.3401164412498474,0.08169251680374146,-1.4218089580535889,-1.5227055549621582,0
tail/passive_1/833,tail,passive_1,833,833,Every jailbreak is , by the goddesses.,ducked,dawned,Every jailbreak is ducked by the goddesses.,Every jailbreak is dawned by the goddesses.,dined,tail/passive_1/duck/was,-53.40314972400665,-16.731177806854248,-20.765100598335266,-2.4382481575012207,10,2,-53.167980790138245,-16.3379248380661,-20.923184633255005,-2.6893348693847656,10,2,-0.2351689338684082,-0.393252968788147,0.15808403491973877,0.2510867118835449,0
tail/passive_1/845,tail,passive_1,845,845,All sects aren't , by a lot of academicians.,commemorated,bragged,All sects aren't commemorated by a lot of academicians.,All sects aren't bragged by a lot of academicians.,lurked,tail/passive_1/commemorate/was,-61.31442306935787,-12.562784492969513,-26.15779857337475,-3.152726411819458,13,2,-63.27850350737572,-13.990077018737793,-26.694586485624313,-4.84602689743042,13,2,1.9640804380178452,1.42729252576828,0.5367879122495651,1.693300485610962,1
tail/passive_1/847,tail,passive_1,847,847,This bronchitis wasn't , by this adopter.,stowed,abstained,This bronchitis wasn't stowed by this adopter.,This bronchitis wasn't abstained by this adopter.,abstained,tail/passive_1/stow/was,-65.12034049630165,-15.770742893218994,-25.644599556922913,-4.55596399307251,11,2,-67.84435477852821,-18.720755100250244,-25.418601632118225,-4.023336887359619,11,2,2.7240142822265625,2.95001220703125,-0.2259979248046875,-0.5326271057128906,1
tail/passive_1/855,tail,passive_1,855,855,Some lass was , by some hooligans.,heaped,grinned,Some lass was heaped by some hooligans.,Some lass was grinned by some hooligans.,raved,tail/passive_1/heap/was,-53.26866699568927,-10.589743614196777,-24.489783061668277,-4.434314250946045,12,2,-55.51046185940504,-12.03372573852539,-25.28759580105543,-4.131731986999512,11,1,2.241794863715768,1.4439821243286133,0.7978127393871546,-0.3025822639465332,1
tail/passive_1/856,tail,passive_1,856,856,The satyr wasn't , by this dressmaker.,stockpiled,shuddered,The satyr wasn't stockpiled by this dressmaker.,The satyr wasn't shuddered by this dressmaker.,seeped,tail/passive_1/stockpile/was,-59.69905834645033,-16.29035711288452,-23.82334816455841,-4.223176002502441,12,3,-62.64137094467878,-18.04675006866455,-25.009267807006836,-1.4638922214508057,11,2,2.9423125982284546,1.7563929557800293,1.1859196424484253,-2.7592837810516357,1
tail/passive_1/859,tail,passive_1,859,859,The collaborator is , by a hypertrophy.,subjugated,colluded,The collaborator is subjugated by a hypertrophy.,The collaborator is colluded by a hypertrophy.,persevered,tail/passive_1/subjugate/was,-50.79578238725662,-14.184688866138458,-20.681170105934143,-1.3026772737503052,10,3,-54.75267136096954,-15.521337509155273,-23.30141043663025,-2.181325912475586,9,2,3.956888973712921,1.3366486430168152,2.620240330696106,0.8786486387252808,1
tail/passive_1/864,tail,passive_1,864,864,Some goofball isn't , by that duce.,quelled,sympathized,Some goofball isn't quelled by that duce.,Some goofball isn't sympathized by that duce.,blushed,tail/passive_1/quell/was,-64.2391845881939,-15.252120018005371,-25.420944452285767,-1.3592956066131592,12,2,-68.65221926569939,-16.583000421524048,-28.503098726272583,-3.4018609523773193,12,2,4.413034677505493,1.3308804035186768,3.0821542739868164,2.04256534576416,1
tail/passive_1/869,tail,passive_1,869,869,Some opportunist is , by the lodger.,scrubbed,thrived,Some opportunist is scrubbed by the lodger.,Some opportunist is thrived by the lodger.,disapproved,tail/passive_1/scrub/was,-55.37948286533356,-15.436765432357788,-19.018061995506287,-3.2456984519958496,10,2,-57.61120057106018,-15.024434089660645,-21.662111043930054,-2.8993093967437744,10,2,2.2317177057266235,-0.41233134269714355,2.644049048423767,-0.3463890552520752,1
tail/passive_1/872,tail,passive_1,872,872,That erecting was , by these colonizers.,trademarked,bloomed,That erecting was trademarked by these colonizers.,That erecting was bloomed by these colonizers.,proliferated,tail/passive_1/trademark/was,-61.83487057685852,-14.296117186546326,-23.89836895465851,-1.3562302589416504,10,2,-64.94951593875885,-17.11923885345459,-24.189892649650574,-3.235882043838501,10,2,3.1146453619003296,2.823121666908264,0.29152369499206543,1.8796517848968506,1
tail/passive_1/876,tail,passive_1,876,876,Pianists were , by a lot of flocks.,ducked,dawned,Pianists were ducked by a lot of flocks.,Pianists were dawned by a lot of flocks.,resonated,tail/passive_1/duck/was,-54.36939398944378,-13.95666217803955,-23.62273232638836,-2.6437768936157227,12,2,-55.389354065060616,-14.053791165351868,-24.54556341469288,-3.725576400756836,12,2,1.0199600756168365,0.0971289873123169,0.9228310883045197,1.0817995071411133,1
tail/passive_1/889,tail,passive_1,889,889,Those constables weren't , by every isolationist.,perfumed,reeled,Those constables weren't perfumed by every isolationist.,Those constables weren't reeled by every isolationist.,prospered,tail/passive_1/perfume/was,-69.40878286957741,-15.698603630065918,-32.823938488960266,-3.8701300621032715,11,2,-69.88151124119759,-15.59810495376587,-33.39716553688049,-7.564011096954346,11,2,0.4727283716201782,-0.10049867630004883,0.573227047920227,3.693881034851074,1
tail/passive_1/899,tail,passive_1,899,899,Most boarders aren't , by that expatriate.,evaded,inquired,Most boarders aren't evaded by that expatriate.,Most boarders aren't inquired by that expatriate.,seeped,tail/passive_1/evade/was,-65.36638152599335,-15.46871280670166,-26.79297184944153,-1.6090404987335205,10,2,-65.02814638614655,-13.701617240905762,-28.221832275390625,-4.374711513519287,9,1,-0.33823513984680176,-1.7670955657958984,1.4288604259490967,2.7656710147857666,0
tail/passive_1/900,tail,passive_1,900,900,Every scold wasn't , by some treasurers.,recast,reappeared,Every scold wasn't recast by some treasurers.,Every scold wasn't reappeared by some treasurers.,crowed,tail/passive_1/recast/was,-65.14594906568527,-14.68933629989624,-28.021634101867676,-4.5278730392456055,11,2,-69.92537850141525,-17.134520292282104,-30.355879545211792,-4.741090774536133,11,2,4.7794294357299805,2.4451839923858643,2.334245443344116,0.21321773529052734,1
tail/passive_1/902,tail,passive_1,902,902,This stifling is , by the geezer.,smothered,subsided,This stifling is smothered by the geezer.,This stifling is subsided by the geezer.,dwelt,tail/passive_1/smother/was,-51.781272411346436,-10.652677297592163,-19.829987049102783,-0.8227750062942505,12,2,-51.887062072753906,-10.984792470932007,-19.60366153717041,-0.9073488116264343,12,2,0.1057896614074707,0.33211517333984375,-0.22632551193237305,0.08457380533218384,1
tail/passive_1/903,tail,passive_1,903,903,All aunties were , by this gunfight.,gagged,blossomed,All aunties were gagged by this gunfight.,All aunties were blossomed by this gunfight.,branched,tail/passive_1/gag/was,-56.89895308017731,-12.379331588745117,-25.867404341697693,-3.5813493728637695,10,2,-56.382397294044495,-14.735196352005005,-22.994983792304993,-2.512392044067383,10,2,-0.5165557861328125,2.3558647632598877,-2.8724205493927,-1.0689573287963867,0
tail/passive_1/907,tail,passive_1,907,907,The graduations are , by all queers.,perfumed,reeled,The graduations are perfumed by all queers.,The graduations are reeled by all queers.,reverted,tail/passive_1/perfume/was,-56.0076379776001,-12.655881404876709,-26.707781314849854,-3.3588123321533203,10,2,-60.93822407722473,-13.895488739013672,-30.398760080337524,-5.054915428161621,10,2,4.930586099624634,1.239607334136963,3.690978765487671,1.6961030960083008,1
tail/passive_1/908,tail,passive_1,908,908,Hypocrites weren't , by every lectern.,stockpiled,shuddered,Hypocrites weren't stockpiled by every lectern.,Hypocrites weren't shuddered by every lectern.,crowed,tail/passive_1/stockpile/was,-59.306546092033386,-13.97217845916748,-29.196547150611877,-3.3045709133148193,12,3,-58.01264190673828,-16.622782230377197,-25.252039194107056,-1.2255668640136719,11,2,-1.293904185295105,2.650603771209717,-3.9445079565048218,-2.0790040493011475,0
tail/passive_1/911,tail,passive_1,911,911,Most vegans were , by a lot of crewmen.,imitated,lingered,Most vegans were imitated by a lot of crewmen.,Most vegans were lingered by a lot of crewmen.,gushed,tail/passive_1/imitate/was,-57.93647142499685,-14.000425338745117,-27.211177833378315,-0.797852635383606,13,2,-56.67814840376377,-14.906860411167145,-25.046419739723206,-2.4309918880462646,13,2,-1.2583230212330818,0.9064350724220276,-2.1647580936551094,1.6331392526626587,0
tail/passive_1/916,tail,passive_1,916,916,Every supergirl is , by some techie.,perfumed,reeled,Every supergirl is perfumed by some techie.,Every supergirl is reeled by some techie.,shivered,tail/passive_1/perfume/was,-57.1267546415329,-14.394978165626526,-23.777385473251343,-2.821216583251953,10,2,-61.20872116088867,-14.2406587600708,-28.013671398162842,-4.855108261108398,10,2,4.081966519355774,-0.1543194055557251,4.236285924911499,2.0338916778564453,1
tail/passive_1/925,tail,passive_1,925,925,All colonizers aren't , by every picker.,smothered,subsided,All colonizers aren't smothered by every picker.,All colonizers aren't subsided by every picker.,swelled,tail/passive_1/smother/was,-63.99070394039154,-13.88234567642212,-26.172014117240906,-1.4435945749282837,11,2,-66.27417612075806,-17.4437518119812,-24.89408016204834,-2.6831891536712646,11,2,2.283472180366516,3.561406135559082,-1.277933955192566,1.239594578742981,1
tail/passive_1/928,tail,passive_1,928,928,Some globetrotters were , by some arbitrator.,quelled,sympathized,Some globetrotters were quelled by some arbitrator.,Some globetrotters were sympathized by some arbitrator.,resonated,tail/passive_1/quell/was,-60.875747840851545,-13.48269009590149,-23.182643830776215,-0.8504719138145447,11,2,-65.07018707320094,-16.555902004241943,-24.303871154785156,-2.541792392730713,11,2,4.194439232349396,3.073211908340454,1.1212273240089417,1.6913204789161682,1
tail/passive_1/940,tail,passive_1,940,940,The stroking was , by those aspirants.,commemorated,bragged,The stroking was commemorated by those aspirants.,The stroking was bragged by those aspirants.,lurked,tail/passive_1/commemorate/was,-60.326901376247406,-15.873201131820679,-26.79599827528,-1.3715720176696777,10,2,-60.290803357958794,-19.937996864318848,-22.695104524493217,-2.661945343017578,10,2,-0.036098018288612366,4.064795732498169,-4.100893750786781,1.2903733253479004,0
tail/passive_1/941,tail,passive_1,941,941,The exchangers aren't , by some highbrow.,whitewashed,waned,The exchangers aren't whitewashed by some highbrow.,The exchangers aren't waned by some highbrow.,crowed,tail/passive_1/whitewash/was,-65.68413569033146,-16.07679033279419,-26.483845949172974,-3.6982803344726562,11,2,-69.55567146837711,-18.953250885009766,-27.47892117500305,-2.7786781787872314,11,2,3.8715357780456543,2.876460552215576,0.9950752258300781,-0.9196021556854248,1
tail/passive_1/945,tail,passive_1,945,945,Some naysayers were , by most frills.,spiced,peed,Some naysayers were spiced by most frills.,Some naysayers were peed by most frills.,concurred,tail/passive_1/spice/was,-58.27411071956158,-13.958389282226562,-28.07157301902771,-2.776582956314087,11,2,-62.397192880511284,-16.521738052368164,-29.631306409835815,-5.459648609161377,11,2,4.123082160949707,2.5633487701416016,1.5597333908081055,2.68306565284729,1
tail/passive_1/950,tail,passive_1,950,950,Most optimists weren't , by these encyclopedias.,gagged,blossomed,Most optimists weren't gagged by these encyclopedias.,Most optimists weren't blossomed by these encyclopedias.,seeped,tail/passive_1/gag/was,-59.14009118871763,-11.867170333862305,-22.211197503376752,-1.7245604991912842,13,2,-65.5204447992146,-15.67648696899414,-24.782234478741884,-2.6779868602752686,13,2,6.380353610496968,3.809316635131836,2.571036975365132,0.9534263610839844,1
tail/passive_1/958,tail,passive_1,958,958,Those emulators weren't , by some transpose.,deterred,flirted,Those emulators weren't deterred by some transpose.,Those emulators weren't flirted by some transpose.,peed,tail/passive_1/deter/was,-59.95880836248398,-11.622190237045288,-27.340875506401062,-1.4320350885391235,11,2,-70.02236443758011,-17.76741671562195,-31.259205102920532,-5.911865711212158,12,3,10.06355607509613,6.14522647857666,3.91832959651947,4.479830622673035,1
tail/passive_1/959,tail,passive_1,959,959,Shipbuilders are , by a faker.,transcended,concurred,Shipbuilders are transcended by a faker.,Shipbuilders are concurred by a faker.,subsided,tail/passive_1/transcend/was,-53.84555447101593,-17.41684341430664,-21.279276132583618,-1.818992018699646,11,2,-54.71200478076935,-15.147607326507568,-24.41496253013611,-3.804051399230957,11,2,0.866450309753418,-2.2692360877990723,3.1356863975524902,1.985059380531311,1
tail/passive_1/981,tail,passive_1,981,981,The trespassers are , by the inquisitor.,blurted,stagnated,The trespassers are blurted by the inquisitor.,The trespassers are stagnated by the inquisitor.,resonated,tail/passive_1/blurt/was,-53.83784294128418,-16.354756727814674,-18.02574972808361,-4.9438910484313965,13,3,-55.48641061782837,-16.04124689102173,-19.987827241420746,-3.0445003509521484,12,2,1.6485676765441895,-0.31350983679294586,1.9620775133371353,-1.899390697479248,1
tail/passive_1/985,tail,passive_1,985,985,All protectors weren't , by many federalists.,christened,dwindled,All protectors weren't christened by many federalists.,All protectors weren't dwindled by many federalists.,disembarked,tail/passive_1/christen/was,-64.27472920715809,-13.281232118606567,-28.077537059783936,-2.690768003463745,11,2,-68.83086247742176,-17.902235507965088,-28.012666940689087,-3.6389472484588623,12,3,4.556133270263672,4.6210033893585205,-0.06487011909484863,0.9481792449951172,1
tail/passive_1/989,tail,passive_1,989,989,Some schoolteacher wasn't , by some grandchild.,quelled,sympathized,Some schoolteacher wasn't quelled by some grandchild.,Some schoolteacher wasn't sympathized by some grandchild.,functioned,tail/passive_1/quell/was,-58.58280172944069,-14.493209838867188,-22.458019971847534,-1.1579906940460205,12,2,-61.8989500105381,-15.875978469848633,-24.3913996219635,-3.88150691986084,12,2,3.316148281097412,1.3827686309814453,1.9333796501159668,2.7235162258148193,1
tail/passive_1/991,tail,passive_1,991,991,Those infiltrators are , by every waterman.,diced,cooperated,Those infiltrators are diced by every waterman.,Those infiltrators are cooperated by every waterman.,peed,tail/passive_1/dice/was,-54.02533972263336,-13.633401870727539,-25.286852836608887,-3.1369080543518066,9,1,-57.83167064189911,-16.467958450317383,-26.25862717628479,-1.1102306842803955,10,2,3.806330919265747,2.8345565795898438,0.9717743396759033,-2.026677370071411,1
tail/passive_2/3,tail,passive_2,3,3,The dieting isn't ,.,heaped,grinned,The dieting isn't heaped.,The dieting isn't grinned.,lingered,tail/passive_2/heap/was,-42.45809853076935,-16.17326068878174,-4.168436050415039,0.0,7,2,-43.14729845523834,-17.932058334350586,-3.0988383293151855,0.0,6,1,0.6891999244689941,1.7587976455688477,-1.0695977210998535,0.0,1
tail/passive_2/4,tail,passive_2,4,4,Many renewals are ,.,orphaned,adhered,Many renewals are orphaned.,Many renewals are adhered.,gushed,tail/passive_2/orphan/was,-30.314649514853954,-13.47812121361494,-2.1747655868530273,0.0,6,2,-32.099056243896484,-11.141064643859863,-6.296228885650635,0.0,5,1,1.78440672904253,-2.3370565697550774,4.121463298797607,0.0,1
tail/passive_2/16,tail,passive_2,16,16,That agnostic isn't ,.,stockpiled,shuddered,That agnostic isn't stockpiled.,That agnostic isn't shuddered.,adhered,tail/passive_2/stockpile/was,-39.90617113932967,-16.43820071220398,-3.2287700176239014,0.0,9,3,-40.976334150880575,-18.345959186553955,-2.391174554824829,0.0,8,2,1.0701630115509033,1.9077584743499756,-0.8375954627990723,0.0,1
tail/passive_2/23,tail,passive_2,23,23,Some dative isn't ,.,spiced,peed,Some dative isn't spiced.,Some dative isn't peed.,blushed,tail/passive_2/spice/was,-47.16052979230881,-15.6240873336792,-4.044233798980713,0.0,7,2,-46.60287231206894,-16.105396270751953,-3.005267381668091,0.0,7,2,-0.5576574802398682,0.4813089370727539,-1.038966417312622,0.0,0
tail/passive_2/34,tail,passive_2,34,34,That spokeswoman is ,.,subjugated,colluded,That spokeswoman is subjugated.,That spokeswoman is colluded.,raged,tail/passive_2/subjugate/was,-41.056596755981445,-17.268760919570923,-3.9982106685638428,0.0,6,3,-39.98747444152832,-16.655132293701172,-3.5427169799804688,0.0,5,2,-1.069122314453125,-0.613628625869751,-0.455493688583374,0.0,0
tail/passive_2/38,tail,passive_2,38,38,The magnates were ,.,deterred,flirted,The magnates were deterred.,The magnates were flirted.,seeped,tail/passive_2/deter/was,-30.798400804400444,-9.370711490511894,-2.307568073272705,0.0,6,2,-43.47893285751343,-17.35818314552307,-7.000628471374512,0.0,7,3,12.680532053112984,7.987471655011177,4.693060398101807,0.0,1
tail/passive_2/45,tail,passive_2,45,45,A haystack isn't ,.,subjugated,colluded,A haystack isn't subjugated.,A haystack isn't colluded.,persevered,tail/passive_2/subjugate/was,-42.668474957346916,-18.41010330617428,-3.280226469039917,0.0,8,3,-40.66436439752579,-16.737224102020264,-2.9489951133728027,0.0,7,2,-2.004110559821129,-1.6728792041540146,-0.33123135566711426,0.0,0
tail/passive_2/48,tail,passive_2,48,48,This innovator is ,.,approximated,mused,This innovator is approximated.,This innovator is mused.,veered,tail/passive_2/approximate/was,-36.54949116706848,-15.617525100708008,-5.031378269195557,0.0,5,1,-37.60158896446228,-17.21886110305786,-4.482140064239502,0.0,6,2,1.0520977973937988,1.6013360023498535,-0.5492382049560547,0.0,1
tail/passive_2/49,tail,passive_2,49,49,Every fiend was ,.,doped,bargained,Every fiend was doped.,Every fiend was bargained.,chuckled,tail/passive_2/dope/was,-32.31531637907028,-12.132844924926758,-3.0819764137268066,0.0,5,1,-34.409413278102875,-12.487406969070435,-4.821511268615723,0.0,6,2,2.0940968990325928,0.35456204414367676,1.739534854888916,0.0,1
tail/passive_2/51,tail,passive_2,51,51,Those doers weren't ,.,spiced,peed,Those doers weren't spiced.,Those doers weren't peed.,fluctuated,tail/passive_2/spice/was,-44.15924206376076,-15.75072193145752,-4.00094747543335,0.0,7,2,-42.92952862381935,-13.979085922241211,-4.542870044708252,0.0,7,2,-1.2297134399414062,-1.7716360092163086,0.5419225692749023,0.0,0
tail/passive_2/52,tail,passive_2,52,52,Those campaigners were ,.,gagged,blossomed,Those campaigners were gagged.,Those campaigners were blossomed.,fluctuated,tail/passive_2/gag/was,-26.959929585456848,-9.285433650016785,-2.9803574085235596,0.0,6,2,-35.50496506690979,-17.113239526748657,-3.697587013244629,0.0,6,2,8.545035481452942,7.827805876731873,0.7172296047210693,0.0,1
tail/passive_2/56,tail,passive_2,56,56,Those backpackers are ,.,gagged,blossomed,Those backpackers are gagged.,Those backpackers are blossomed.,excelled,tail/passive_2/gag/was,-32.95445644855499,-14.446398258209229,-2.730738639831543,0.0,6,2,-36.30320179462433,-17.695960998535156,-2.829921245574951,0.0,6,2,3.348745346069336,3.2495627403259277,0.0991826057434082,0.0,1
tail/passive_2/60,tail,passive_2,60,60,Most differentials aren't ,.,exerted,slumped,Most differentials aren't exerted.,Most differentials aren't slumped.,vied,tail/passive_2/exert/was,-40.146260201931,-12.163910865783691,-4.224833965301514,0.0,6,1,-42.846045196056366,-16.41048765182495,-2.67804217338562,0.0,7,2,2.699784994125366,4.24657678604126,-1.5467917919158936,0.0,1
tail/passive_2/67,tail,passive_2,67,67,These scoundrels were ,.,heaped,grinned,These scoundrels were heaped.,These scoundrels were grinned.,reappeared,tail/passive_2/heap/was,-34.523611046373844,-10.65534794330597,-6.970817565917969,0.0,7,2,-36.097346641123295,-12.79063892364502,-6.409262180328369,0.0,6,1,1.5737355947494507,2.1352909803390503,-0.5615553855895996,0.0,1
tail/passive_2/70,tail,passive_2,70,70,Some looney isn't ,.,stowed,abstained,Some looney isn't stowed.,Some looney isn't abstained.,abstained,tail/passive_2/stow/was,-40.48245066404343,-13.695328712463379,-3.3706655502319336,0.0,7,2,-43.69971388578415,-17.17766284942627,-3.1055946350097656,0.0,7,2,3.2172632217407227,3.4823341369628906,-0.26507091522216797,0.0,1
tail/passive_2/71,tail,passive_2,71,71,Chieftains aren't ,.,diced,cooperated,Chieftains aren't diced.,Chieftains aren't cooperated.,mused,tail/passive_2/dice/was,-36.61141350865364,-15.249677658081055,-2.9560694694519043,0.0,7,1,-38.00604394078255,-16.945523262023926,-2.6548542976379395,0.0,8,2,1.3946304321289062,1.695845603942871,-0.30121517181396484,0.0,1
tail/passive_2/83,tail,passive_2,83,83,Most dickheads are ,.,bribed,corresponded,Most dickheads are bribed.,Most dickheads are corresponded.,blushed,tail/passive_2/bribe/was,-33.13149130344391,-12.179809927940369,-3.064055919647217,0.0,6,2,-39.95794367790222,-18.313385009765625,-3.7569332122802734,0.0,5,1,6.826452374458313,6.133575081825256,0.6928772926330566,0.0,1
tail/passive_2/84,tail,passive_2,84,84,A raving was ,.,doped,bargained,A raving was doped.,A raving was bargained.,feasted,tail/passive_2/dope/was,-40.89165949821472,-15.107292175292969,-2.994155168533325,0.0,5,1,-40.63155174255371,-14.01464295387268,-3.8266966342926025,0.0,6,2,-0.26010775566101074,-1.092649221420288,0.8325414657592773,0.0,0
tail/passive_2/91,tail,passive_2,91,91,Every scribe wasn't ,.,evaded,inquired,Every scribe wasn't evaded.,Every scribe wasn't inquired.,blossomed,tail/passive_2/evade/was,-38.9196220934391,-15.603114604949951,-1.4371395111083984,0.0,7,2,-38.69285407662392,-14.023479461669922,-2.790006637573242,0.0,6,1,-0.22676801681518555,-1.5796351432800293,1.3528671264648438,0.0,0
tail/passive_2/92,tail,passive_2,92,92,This anagram wasn't ,.,exerted,slumped,This anagram wasn't exerted.,This anagram wasn't slumped.,reappeared,tail/passive_2/exert/was,-41.69697163999081,-14.381195068359375,-3.275439977645874,0.0,6,1,-45.19190214574337,-17.82196283340454,-3.3296027183532715,0.0,7,2,3.4949305057525635,3.440767765045166,0.05416274070739746,0.0,1
tail/passive_2/104,tail,passive_2,104,104,An elector wasn't ,.,slandered,glared,An elector wasn't slandered.,An elector wasn't glared.,thrived,tail/passive_2/slander/was,-37.43488085269928,-11.96872103214264,-1.9578243494033813,0.0,8,3,-41.75341355800629,-14.191123962402344,-4.053954124450684,0.0,6,1,4.318532705307007,2.2224029302597046,2.0961297750473022,0.0,1
tail/passive_2/105,tail,passive_2,105,105,This signpost was ,.,whitewashed,waned,This signpost was whitewashed.,This signpost was waned.,congregated,tail/passive_2/whitewash/was,-30.266700625419617,-9.979966521263123,-2.7191953659057617,0.0,6,2,-35.996315002441406,-14.821584701538086,-3.607191562652588,0.0,6,2,5.7296143770217896,4.841618180274963,0.8879961967468262,0.0,1
tail/passive_2/112,tail,passive_2,112,112,Many dodges are ,.,safeguarded,blushed,Many dodges are safeguarded.,Many dodges are blushed.,spiraled,tail/passive_2/safeguard/was,-32.908640414476395,-12.673001557588577,-3.2043044567108154,0.0,7,3,-36.25665330886841,-16.3723783493042,-2.852940559387207,0.0,6,2,3.3480128943920135,3.699376791715622,-0.3513638973236084,0.0,1
tail/passive_2/116,tail,passive_2,116,116,That businesswoman isn't ,.,stockpiled,shuddered,That businesswoman isn't stockpiled.,That businesswoman isn't shuddered.,retaliated,tail/passive_2/stockpile/was,-38.42036731541157,-14.726426601409912,-3.42987322807312,0.0,8,3,-41.24816544353962,-18.01249361038208,-2.971604347229004,0.0,7,2,2.8277981281280518,3.286067008972168,-0.4582688808441162,0.0,1
tail/passive_2/126,tail,passive_2,126,126,Some jewelers weren't ,.,quarried,raved,Some jewelers weren't quarried.,Some jewelers weren't raved.,mused,tail/passive_2/quarry/was,-44.00378675758839,-17.320973873138428,-3.4544670581817627,0.0,7,2,-43.27808614075184,-14.946966171264648,-5.102774143218994,0.0,7,2,-0.7257006168365479,-2.3740077018737793,1.6483070850372314,0.0,0
tail/passive_2/133,tail,passive_2,133,133,Every cyberpunk was ,.,outdone,receded,Every cyberpunk was outdone.,Every cyberpunk was receded.,slumped,tail/passive_2/outdo/was,-35.323466300964355,-14.320862293243408,-2.3579392433166504,0.0,6,2,-37.73713278770447,-16.08583950996399,-3.0066285133361816,0.0,7,3,2.4136664867401123,1.764977216720581,0.6486892700195312,0.0,1
tail/passive_2/142,tail,passive_2,142,142,Most luminaries were ,.,scrubbed,thrived,Most luminaries were scrubbed.,Most luminaries were thrived.,materialized,tail/passive_2/scrub/was,-29.93298014253378,-10.880163989961147,-3.8802528381347656,0.0,6,2,-35.1897976398468,-16.24622678756714,-3.771007537841797,0.0,6,2,5.256817497313023,5.366062797605991,-0.10924530029296875,0.0,1
tail/passive_2/147,tail,passive_2,147,147,A counterpoint was ,.,galvanized,transpired,A counterpoint was galvanized.,A counterpoint was transpired.,glared,tail/passive_2/galvanize/was,-34.511476181447506,-11.119898937642574,-4.247862339019775,0.0,7,3,-37.150458574295044,-15.141709566116333,-2.8650341033935547,0.0,6,2,2.638982392847538,4.021810628473759,-1.3828282356262207,0.0,1
tail/passive_2/148,tail,passive_2,148,148,An absolutist is ,.,ducked,dawned,An absolutist is ducked.,An absolutist is dawned.,blushed,tail/passive_2/duck/was,-37.07026821374893,-16.836938858032227,-2.5812504291534424,0.0,7,2,-38.53334420919418,-17.83244287967682,-3.0488224029541016,0.0,7,2,1.4630759954452515,0.9955040216445923,0.4675719738006592,0.0,1
tail/passive_2/155,tail,passive_2,155,155,All admirers were ,.,transcended,concurred,All admirers were transcended.,All admirers were concurred.,dwelt,tail/passive_2/transcend/was,-37.87855929136276,-14.523898780345917,-2.1754250526428223,0.0,6,2,-38.274141415953636,-14.93845234811306,-2.1564536094665527,0.0,6,2,0.3955821245908737,0.41455356776714325,-0.01897144317626953,0.0,1
tail/passive_2/157,tail,passive_2,157,157,Some squatting was ,.,recast,reappeared,Some squatting was recast.,Some squatting was reappeared.,glared,tail/passive_2/recast/was,-38.42469263076782,-14.855953693389893,-5.159679412841797,0.0,6,2,-37.648301124572754,-17.04725456237793,-2.1919870376586914,0.0,6,2,-0.7763915061950684,2.191300868988037,-2.9676923751831055,0.0,0
tail/passive_2/160,tail,passive_2,160,160,The supergirl is ,.,tamed,chuckled,The supergirl is tamed.,The supergirl is chuckled.,reappeared,tail/passive_2/tame/was,-34.404237508773804,-11.364500522613525,-2.233551502227783,0.0,6,2,-39.82058930397034,-15.569280624389648,-3.4451231956481934,0.0,5,1,5.416351795196533,4.204780101776123,1.2115716934204102,0.0,1
tail/passive_2/166,tail,passive_2,166,166,A thane was ,.,exerted,slumped,A thane was exerted.,A thane was slumped.,transpired,tail/passive_2/exert/was,-39.89806389808655,-13.069906234741211,-2.667917490005493,0.0,5,1,-39.4558219909668,-10.051459312438965,-5.244122505187988,0.0,6,2,-0.442241907119751,-3.018446922302246,2.576205015182495,0.0,0
tail/passive_2/169,tail,passive_2,169,169,A politico was ,.,smothered,subsided,A politico was smothered.,A politico was subsided.,glared,tail/passive_2/smother/was,-37.10100495815277,-12.11449670791626,-2.9264779090881348,0.0,6,2,-42.76411283016205,-18.496177673339844,-2.207904815673828,0.0,6,2,5.663107872009277,6.381680965423584,-0.7185730934143066,0.0,1
tail/passive_2/172,tail,passive_2,172,172,The proprietors were ,.,roused,lurked,The proprietors were roused.,The proprietors were lurked.,dwelt,tail/passive_2/rouse/was,-28.672832489013672,-8.63333511352539,-3.7886199951171875,0.0,6,2,-36.67571973800659,-16.201873302459717,-4.222969055175781,0.0,6,2,8.00288724899292,7.568538188934326,0.43434906005859375,0.0,1
tail/passive_2/194,tail,passive_2,194,194,A fragility is ,.,forested,functioned,A fragility is forested.,A fragility is functioned.,waned,tail/passive_2/forest/was,-35.3876314163208,-15.006131649017334,-2.860374689102173,0.0,6,2,-38.361995458602905,-15.966876983642578,-4.873993396759033,0.0,6,2,2.9743640422821045,0.9607453346252441,2.0136187076568604,0.0,1
tail/passive_2/197,tail,passive_2,197,197,The supers aren't ,.,ducked,dawned,The supers aren't ducked.,The supers aren't dawned.,functioned,tail/passive_2/duck/was,-41.111680656671524,-14.643284320831299,-2.2349016666412354,0.0,6,2,-41.84663715958595,-14.880478382110596,-2.732664108276367,0.0,6,2,0.7349565029144287,0.23719406127929688,0.49776244163513184,0.0,1
tail/passive_2/202,tail,passive_2,202,202,A lot of financiers weren't ,.,refunded,clashed,A lot of financiers weren't refunded.,A lot of financiers weren't clashed.,stagnated,tail/passive_2/refund/was,-45.40111608803272,-15.056377410888672,-2.287745952606201,0.0,9,2,-51.68041534721851,-20.082683086395264,-3.5407395362854004,0.0,9,2,6.279299259185791,5.026305675506592,1.2529935836791992,0.0,1
tail/passive_2/205,tail,passive_2,205,205,The curators weren't ,.,commemorated,bragged,The curators weren't commemorated.,The curators weren't bragged.,reeled,tail/passive_2/commemorate/was,-40.04113006591797,-17.489368438720703,-2.5313949584960938,0.0,7,2,-38.69265794754028,-14.456849575042725,-4.215441703796387,0.0,7,2,-1.3484721183776855,-3.0325188636779785,1.684046745300293,0.0,0
tail/passive_2/207,tail,passive_2,207,207,All sceptics weren't ,.,scrubbed,thrived,All sceptics weren't scrubbed.,All sceptics weren't thrived.,proliferated,tail/passive_2/scrub/was,-41.01430916786194,-14.769235730171204,-3.585340976715088,0.0,7,2,-44.26954424381256,-18.505322456359863,-3.104489326477051,0.0,7,2,3.2552350759506226,3.7360867261886597,-0.4808516502380371,0.0,1
tail/passive_2/208,tail,passive_2,208,208,All hysterics weren't ,.,diced,cooperated,All hysterics weren't diced.,All hysterics weren't cooperated.,waned,tail/passive_2/dice/was,-44.576852321624756,-18.216524124145508,-2.8684613704681396,0.0,6,1,-39.41629719734192,-13.937270641326904,-1.9871597290039062,0.0,7,2,-5.160555124282837,-4.2792534828186035,-0.8813016414642334,0.0,0
tail/passive_2/219,tail,passive_2,219,219,Most alcoholics weren't ,.,ducked,dawned,Most alcoholics weren't ducked.,Most alcoholics weren't dawned.,prospered,tail/passive_2/duck/was,-39.91572451591492,-14.756964206695557,-3.559974193572998,0.0,7,2,-41.69320476055145,-16.49285328388214,-3.601565361022949,0.0,7,2,1.7774802446365356,1.7358890771865845,0.04159116744995117,0.0,1
tail/passive_2/220,tail,passive_2,220,220,Every playmaker is ,.,christened,dwindled,Every playmaker is christened.,Every playmaker is dwindled.,lingered,tail/passive_2/christen/was,-32.33388535678387,-13.86086980998516,-2.5833325386047363,0.0,6,2,-33.916996717453,-15.549556016921997,-2.477757692337036,0.0,7,3,1.583111360669136,1.6886862069368362,-0.1055748462677002,0.0,1
tail/passive_2/248,tail,passive_2,248,248,This haystack wasn't ,.,gagged,blossomed,This haystack wasn't gagged.,This haystack wasn't blossomed.,veered,tail/passive_2/gag/was,-37.68494012951851,-13.659373998641968,-2.006882667541504,0.0,7,2,-39.68883195519447,-14.701700568199158,-2.9684479236602783,0.0,7,2,2.0038918256759644,1.04232656955719,0.9615652561187744,0.0,1
tail/passive_2/266,tail,passive_2,266,266,Those mobsters were ,.,awed,glowed,Those mobsters were awed.,Those mobsters were glowed.,subsided,tail/passive_2/awe/was,-31.90420436859131,-11.793992757797241,-3.163011074066162,0.0,6,2,-38.70899939537048,-18.019720554351807,-3.7420783042907715,0.0,6,2,6.804795026779175,6.225727796554565,0.5790672302246094,0.0,1
tail/passive_2/269,tail,passive_2,269,269,A lot of libtards are ,.,gagged,blossomed,A lot of libtards are gagged.,A lot of libtards are blossomed.,crowed,tail/passive_2/gag/was,-39.874194875359535,-11.90707540512085,-2.314004898071289,0.0,9,2,-46.4205489307642,-17.61903953552246,-3.148394823074341,0.0,9,2,6.546354055404663,5.711964130401611,0.8343899250030518,0.0,1
tail/passive_2/271,tail,passive_2,271,271,Some glossary is ,.,awed,glowed,Some glossary is awed.,Some glossary is glowed.,transpired,tail/passive_2/awe/was,-37.49645280838013,-17.65952444076538,-2.737051010131836,0.0,6,2,-37.6186945438385,-17.12821316719055,-3.390604019165039,0.0,6,2,0.12224173545837402,-0.5313112735748291,0.6535530090332031,0.0,1
tail/passive_2/298,tail,passive_2,298,298,Some arbiter is ,.,gagged,blossomed,Some arbiter is gagged.,Some arbiter is blossomed.,spiraled,tail/passive_2/gag/was,-34.43135690689087,-11.747751235961914,-2.011309862136841,0.0,6,2,-37.97239100933075,-14.991923689842224,-2.308171510696411,0.0,6,2,3.5410341024398804,3.24417245388031,0.2968616485595703,0.0,1
tail/passive_2/299,tail,passive_2,299,299,Those fugitives aren't ,.,recast,reappeared,Those fugitives aren't recast.,Those fugitives aren't reappeared.,congregated,tail/passive_2/recast/was,-37.607597798109055,-14.97213077545166,-3.787320375442505,0.0,7,2,-37.87584516406059,-17.134731769561768,-1.8929667472839355,0.0,7,2,0.2682473659515381,2.1626009941101074,-1.8943536281585693,0.0,1
tail/passive_2/300,tail,passive_2,300,300,All objectors were ,.,smothered,subsided,All objectors were smothered.,All objectors were subsided.,reverted,tail/passive_2/smother/was,-38.85302257537842,-15.881356716156006,-2.8757152557373047,0.0,6,2,-36.56661307811737,-14.471466779708862,-1.9991956949234009,0.0,6,2,-2.2864094972610474,-1.4098899364471436,-0.8765195608139038,0.0,0
tail/passive_2/303,tail,passive_2,303,303,The seers were ,.,recast,reappeared,The seers were recast.,The seers were reappeared.,meditated,tail/passive_2/recast/was,-33.55530309677124,-12.912057399749756,-3.2603819370269775,0.0,6,2,-33.5351402759552,-14.105408668518066,-2.046867847442627,0.0,6,2,-0.02016282081604004,1.1933512687683105,-1.2135140895843506,0.0,0
tail/passive_2/305,tail,passive_2,305,305,All auctioneers weren't ,.,ducked,dawned,All auctioneers weren't ducked.,All auctioneers weren't dawned.,thrived,tail/passive_2/duck/was,-44.85711099393666,-15.927508354187012,-2.9645628929138184,0.0,8,2,-44.47538502700627,-15.682759582996368,-2.8275856971740723,0.0,8,2,-0.3817259669303894,-0.2447487711906433,-0.1369771957397461,0.0,0
tail/passive_2/307,tail,passive_2,307,307,Many outcasts are ,.,commemorated,bragged,Many outcasts are commemorated.,Many outcasts are bragged.,fluctuated,tail/passive_2/commemorate/was,-30.55939502827823,-10.068245841190219,-3.9146676063537598,0.0,6,2,-35.988744497299194,-13.301487922668457,-6.110774993896484,0.0,6,2,5.429349469020963,3.233242081478238,2.1961073875427246,0.0,1
tail/passive_2/324,tail,passive_2,324,324,These litigants are ,.,scrubbed,thrived,These litigants are scrubbed.,These litigants are thrived.,congregated,tail/passive_2/scrub/was,-33.140228912234306,-14.895708963274956,-4.04273796081543,0.0,6,2,-36.56212830543518,-17.982290267944336,-4.378056049346924,0.0,6,2,3.4218993932008743,3.08658130466938,0.33531808853149414,0.0,1
tail/passive_2/331,tail,passive_2,331,331,Most truckers weren't ,.,spiced,peed,Most truckers weren't spiced.,Most truckers weren't peed.,converged,tail/passive_2/spice/was,-48.633688032627106,-18.914530754089355,-5.117036819458008,0.0,7,2,-46.086242735385895,-14.309520244598389,-7.174602031707764,0.0,7,2,-2.547445297241211,-4.605010509490967,2.057565212249756,0.0,0
tail/passive_2/332,tail,passive_2,332,332,Many saboteurs are ,.,doped,bargained,Many saboteurs are doped.,Many saboteurs are bargained.,reeled,tail/passive_2/dope/was,-32.90100684016943,-13.237168312072754,-3.4665937423706055,0.0,6,1,-36.303872011601925,-14.596853494644165,-5.5097737312316895,0.0,7,2,3.402865171432495,1.3596851825714111,2.043179988861084,0.0,1
tail/passive_2/333,tail,passive_2,333,333,Mamas were ,.,reinstalled,seeped,Mamas were reinstalled.,Mamas were seeped.,lurked,tail/passive_2/reinstall/was,-32.99196457862854,-13.488128662109375,-2.0660746097564697,0.0,5,2,-36.440839156508446,-13.878509864211082,-5.124567985534668,0.0,6,3,3.4488745778799057,0.39038120210170746,3.0584933757781982,0.0,1
tail/passive_2/336,tail,passive_2,336,336,Those daydreams are ,.,evaded,inquired,Those daydreams are evaded.,Those daydreams are inquired.,mused,tail/passive_2/evade/was,-30.55176232010126,-14.976316928863525,-2.176048994064331,0.0,7,2,-33.01408765465021,-15.231071472167969,-4.383619785308838,0.0,6,1,2.46232533454895,0.25475454330444336,2.207570791244507,0.0,1
tail/passive_2/352,tail,passive_2,352,352,Protectors aren't ,.,awed,glowed,Protectors aren't awed.,Protectors aren't glowed.,bragged,tail/passive_2/awe/was,-32.115817576646805,-15.765196800231934,-3.349234104156494,0.0,6,2,-32.651637583971024,-17.310620307922363,-2.339630603790283,0.0,6,2,0.5358200073242188,1.5454235076904297,-1.009603500366211,0.0,1
tail/passive_2/362,tail,passive_2,362,362,A lot of linemen are ,.,forested,functioned,A lot of linemen are forested.,A lot of linemen are functioned.,bragged,tail/passive_2/forest/was,-42.35595752298832,-17.91024899482727,-2.197208881378174,0.0,8,2,-45.355674996972084,-18.96252965927124,-4.144645690917969,0.0,8,2,2.9997174739837646,1.0522806644439697,1.947436809539795,0.0,1
tail/passive_2/375,tail,passive_2,375,375,Every guarantor is ,.,precluded,fluctuated,Every guarantor is precluded.,Every guarantor is fluctuated.,prospered,tail/passive_2/preclude/was,-32.32715404033661,-8.906702041625977,-6.834616184234619,0.0,5,1,-42.580087304115295,-22.892964363098145,-3.1012871265411377,0.0,6,2,10.252933263778687,13.986262321472168,-3.7333290576934814,0.0,1
tail/passive_2/387,tail,passive_2,387,387,A lot of enforcers aren't ,.,tamed,chuckled,A lot of enforcers aren't tamed.,A lot of enforcers aren't chuckled.,colluded,tail/passive_2/tame/was,-40.879261411726475,-11.878242492675781,-1.7208733558654785,0.0,10,2,-49.47029343992472,-15.3916015625,-6.798546314239502,0.0,9,1,8.591032028198242,3.5133590698242188,5.077672958374023,0.0,1
tail/passive_2/406,tail,passive_2,406,406,Some jurists are ,.,precluded,fluctuated,Some jurists are precluded.,Some jurists are fluctuated.,converged,tail/passive_2/preclude/was,-34.50164318084717,-11.015630722045898,-7.870461940765381,0.0,5,1,-40.808207511901855,-22.075571537017822,-3.1170854568481445,0.0,6,2,6.3065643310546875,11.059940814971924,-4.753376483917236,0.0,1
tail/passive_2/414,tail,passive_2,414,414,Every merman was ,.,reared,sinned,Every merman was reared.,Every merman was sinned.,transpired,tail/passive_2/rear/was,-29.938812017440796,-9.22317886352539,-3.7786338329315186,0.0,6,2,-34.77200126647949,-12.911439895629883,-4.923562049865723,0.0,6,2,4.833189249038696,3.688261032104492,1.144928216934204,0.0,1
tail/passive_2/416,tail,passive_2,416,416,Those sceptics aren't ,.,diced,cooperated,Those sceptics aren't diced.,Those sceptics aren't cooperated.,bloomed,tail/passive_2/dice/was,-39.429044753313065,-17.427715301513672,-3.6353089809417725,0.0,6,1,-39.49561479687691,-18.898377418518066,-2.2312169075012207,0.0,7,2,0.06657004356384277,1.4706621170043945,-1.4040920734405518,0.0,1
tail/passive_2/420,tail,passive_2,420,420,The Clintons weren't ,.,doped,bargained,The Clintons weren't doped.,The Clintons weren't bargained.,decayed,tail/passive_2/dope/was,-36.45061780139804,-13.073062896728516,-3.721391439437866,0.0,6,1,-37.767765294760466,-13.269712924957275,-4.841888904571533,0.0,7,2,1.3171474933624268,0.19665002822875977,1.120497465133667,0.0,1
tail/passive_2/421,tail,passive_2,421,421,Some lifeguard was ,.,fleeced,vied,Some lifeguard was fleeced.,Some lifeguard was vied.,stagnated,tail/passive_2/fleece/was,-40.93522463738918,-15.066771805286407,-2.5468668937683105,0.0,8,2,-44.956842705607414,-16.17173957824707,-5.463517189025879,0.0,8,2,4.021618068218231,1.1049677729606628,2.9166502952575684,0.0,1
tail/passive_2/428,tail,passive_2,428,428,Spenders weren't ,.,diced,cooperated,Spenders weren't diced.,Spenders weren't cooperated.,blushed,tail/passive_2/dice/was,-36.729852974414825,-17.284786224365234,-2.737884521484375,0.0,5,1,-35.5207502245903,-17.200098991394043,-1.6134690046310425,0.0,6,2,-1.209102749824524,-0.0846872329711914,-1.1244155168533325,0.0,0
tail/passive_2/438,tail,passive_2,438,438,Some notaries aren't ,.,gagged,blossomed,Some notaries aren't gagged.,Some notaries aren't blossomed.,mutated,tail/passive_2/gag/was,-37.088687896728516,-12.093753099441528,-2.148406744003296,0.0,7,2,-43.14618682861328,-17.368356466293335,-2.931302309036255,0.0,7,2,6.057498931884766,5.274603366851807,0.782895565032959,0.0,1
tail/passive_2/452,tail,passive_2,452,452,Some housemaid was ,.,diced,cooperated,Some housemaid was diced.,Some housemaid was cooperated.,adhered,tail/passive_2/dice/was,-36.280620098114014,-13.584325790405273,-3.3351945877075195,0.0,5,1,-39.265098571777344,-17.37861394882202,-2.5253849029541016,0.0,6,2,2.98447847366333,3.794288158416748,-0.809809684753418,0.0,1
tail/passive_2/455,tail,passive_2,455,455,Most nieces aren't ,.,quarried,raved,Most nieces aren't quarried.,Most nieces aren't raved.,thrived,tail/passive_2/quarry/was,-40.345177829265594,-16.56330156326294,-3.684802293777466,0.0,7,2,-40.957797944545746,-13.958913803100586,-6.901810169219971,0.0,7,2,0.6126201152801514,-2.6043877601623535,3.217007875442505,0.0,1
tail/passive_2/459,tail,passive_2,459,459,Those foodies aren't ,.,tamed,chuckled,Those foodies aren't tamed.,Those foodies aren't chuckled.,waned,tail/passive_2/tame/was,-34.24245962500572,-12.698020935058594,-2.209845542907715,0.0,7,2,-42.592803329229355,-15.962324142456055,-7.295886039733887,0.0,6,1,8.350343704223633,3.264303207397461,5.086040496826172,0.0,1
tail/passive_2/479,tail,passive_2,479,479,These geneticists are ,.,eschewed,languished,These geneticists are eschewed.,These geneticists are languished.,raved,tail/passive_2/eschew/was,-33.85535192489624,-15.639487981796265,-2.9058854579925537,0.0,7,3,-37.25918173789978,-18.850409269332886,-3.0987939834594727,0.0,7,3,3.40382981300354,3.210921287536621,0.19290852546691895,0.0,1
tail/passive_2/491,tail,passive_2,491,491,Every pleaser is ,.,safeguarded,blushed,Every pleaser is safeguarded.,Every pleaser is blushed.,glowed,tail/passive_2/safeguard/was,-32.00085234642029,-12.896667718887329,-3.1293702125549316,0.0,7,3,-33.73406386375427,-15.19488525390625,-2.564364194869995,0.0,6,2,1.7332115173339844,2.298217535018921,-0.5650060176849365,0.0,1
tail/passive_2/493,tail,passive_2,493,493,A lot of drifters were ,.,ingested,conspired,A lot of drifters were ingested.,A lot of drifters were conspired.,converged,tail/passive_2/ingest/was,-40.471880161203444,-13.478897094726562,-2.4943480491638184,0.0,9,2,-44.22060939017683,-15.002256393432617,-4.719717979431152,0.0,9,2,3.7487292289733887,1.5233592987060547,2.225369930267334,0.0,1
tail/passive_2/494,tail,passive_2,494,494,The goon wasn't ,.,subverted,persevered,The goon wasn't subverted.,The goon wasn't persevered.,inquired,tail/passive_2/subvert/was,-38.617384403944016,-14.895695686340332,-1.7414579391479492,0.0,7,2,-41.46940788626671,-17.905516505241394,-1.58366060256958,0.0,8,3,2.852023482322693,3.009820818901062,-0.15779733657836914,0.0,1
tail/passive_2/499,tail,passive_2,499,499,A playmaker is ,.,refunded,clashed,A playmaker is refunded.,A playmaker is clashed.,sinned,tail/passive_2/refund/was,-37.70869666337967,-15.382554113864899,-3.2234907150268555,0.0,6,2,-39.087949991226196,-15.936190605163574,-4.049107551574707,0.0,6,2,1.379253327846527,0.5536364912986755,0.8256168365478516,0.0,1
tail/passive_2/510,tail,passive_2,510,510,Most herdsmen are ,.,nabbed,retaliated,Most herdsmen are nabbed.,Most herdsmen are retaliated.,mutated,tail/passive_2/nab/was,-35.1989141702652,-14.141328811645508,-3.337165355682373,0.0,7,3,-35.70239466428757,-14.501876175403595,-3.4800984859466553,0.0,6,2,0.5034804940223694,0.36054736375808716,0.14293313026428223,0.0,1
tail/passive_2/520,tail,passive_2,520,520,Most scorers weren't ,.,commemorated,bragged,Most scorers weren't commemorated.,Most scorers weren't bragged.,prospered,tail/passive_2/commemorate/was,-33.471928713843226,-11.148774055764079,-2.8797361850738525,0.0,7,2,-37.18506094813347,-12.237064838409424,-5.50457763671875,0.0,7,2,3.713132234290242,1.0882907826453447,2.6248414516448975,0.0,1
tail/passive_2/523,tail,passive_2,523,523,This endometriosis wasn't ,.,recast,reappeared,This endometriosis wasn't recast.,This endometriosis wasn't reappeared.,slumped,tail/passive_2/recast/was,-43.332272443920374,-16.225011587142944,-3.3172733783721924,0.0,7,2,-45.344694051891565,-19.312336444854736,-2.242370128631592,0.0,7,2,2.0124216079711914,3.087324857711792,-1.0749032497406006,0.0,1
tail/passive_2/535,tail,passive_2,535,535,Some moderators were ,.,uttered,crept,Some moderators were uttered.,Some moderators were crept.,shuddered,tail/passive_2/utter/was,-32.47239863872528,-14.136968612670898,-2.9860591888427734,0.0,5,1,-37.10608994960785,-15.909429550170898,-5.847289562225342,0.0,5,1,4.633691310882568,1.7724609375,2.8612303733825684,0.0,1
tail/passive_2/536,tail,passive_2,536,536,Those solvers were ,.,subverted,persevered,Those solvers were subverted.,Those solvers were persevered.,clashed,tail/passive_2/subvert/was,-31.886053800582886,-13.866430282592773,-3.0396180152893066,0.0,6,2,-32.58615857362747,-14.916755974292755,-2.689397096633911,0.0,7,3,0.7001047730445862,1.0503256916999817,-0.3502209186553955,0.0,1
tail/passive_2/538,tail,passive_2,538,538,Some cocksucker is ,.,commemorated,bragged,Some cocksucker is commemorated.,Some cocksucker is bragged.,reappeared,tail/passive_2/commemorate/was,-35.24023079872131,-14.288509845733643,-4.376887321472168,0.0,7,2,-35.25526547431946,-14.088793277740479,-4.591638565063477,0.0,7,2,0.015034675598144531,-0.19971656799316406,0.2147512435913086,0.0,1
tail/passive_2/544,tail,passive_2,544,544,All miscreants are ,.,safeguarded,blushed,All miscreants are safeguarded.,All miscreants are blushed.,raged,tail/passive_2/safeguard/was,-32.82484766840935,-11.467621088027954,-2.7200937271118164,0.0,8,3,-36.91890665888786,-15.472961902618408,-2.808811902999878,0.0,7,2,4.094058990478516,4.005340814590454,0.08871817588806152,0.0,1
tail/passive_2/551,tail,passive_2,551,551,Some stealer is ,.,evaded,inquired,Some stealer is evaded.,Some stealer is inquired.,dived,tail/passive_2/evade/was,-37.843461990356445,-14.297699928283691,-2.377984046936035,0.0,6,2,-37.800252199172974,-13.99013900756836,-2.6423351764678955,0.0,5,1,-0.04320979118347168,-0.30756092071533203,0.26435112953186035,0.0,0
tail/passive_2/561,tail,passive_2,561,561,That foxtrot is ,.,perfumed,reeled,That foxtrot is perfumed.,That foxtrot is reeled.,materialized,tail/passive_2/perfume/was,-36.79502856731415,-13.321521997451782,-2.9570248126983643,0.0,7,2,-37.56184470653534,-12.824370861053467,-4.220992088317871,0.0,7,2,0.7668161392211914,-0.49715113639831543,1.2639672756195068,0.0,1
tail/passive_2/566,tail,passive_2,566,566,Those shopkeepers aren't ,.,quelled,sympathized,Those shopkeepers aren't quelled.,Those shopkeepers aren't sympathized.,waned,tail/passive_2/quell/was,-36.068858340382576,-15.771496772766113,-2.1146342754364014,0.0,7,2,-36.61336179077625,-15.466609954833984,-2.964024543762207,0.0,7,2,0.5445034503936768,-0.3048868179321289,0.8493902683258057,0.0,1
tail/passive_2/569,tail,passive_2,569,569,That abolitionist isn't ,.,approximated,mused,That abolitionist isn't approximated.,That abolitionist isn't mused.,emigrated,tail/passive_2/approximate/was,-45.24343565106392,-16.588605880737305,-3.0766725540161133,0.0,6,1,-46.154107838869095,-17.19395685195923,-3.3819937705993652,0.0,7,2,0.9106721878051758,0.6053509712219238,0.30532121658325195,0.0,1
tail/passive_2/570,tail,passive_2,570,570,The challengers aren't ,.,tamed,chuckled,The challengers aren't tamed.,The challengers aren't chuckled.,crowed,tail/passive_2/tame/was,-36.04094220302068,-12.145447731018066,-2.0109996795654297,0.0,7,2,-42.47821904323064,-15.938156127929688,-4.6555681228637695,0.0,6,1,6.437276840209961,3.792708396911621,2.64456844329834,0.0,1
tail/passive_2/571,tail,passive_2,571,571,That sympathizer isn't ,.,subverted,persevered,That sympathizer isn't subverted.,That sympathizer isn't persevered.,persevered,tail/passive_2/subvert/was,-40.79958018660545,-14.669275283813477,-2.559152603149414,0.0,7,2,-43.04884824156761,-17.25848126411438,-2.219214677810669,0.0,8,3,2.249268054962158,2.5892059803009033,-0.3399379253387451,0.0,1
tail/passive_2/573,tail,passive_2,573,573,These narcissists are ,.,uttered,crept,These narcissists are uttered.,These narcissists are crept.,mused,tail/passive_2/utter/was,-34.22525030374527,-14.336447715759277,-5.040581703186035,0.0,5,1,-36.77063375711441,-14.906760215759277,-7.015652656555176,0.0,5,1,2.5453834533691406,0.5703125,1.9750709533691406,0.0,1
tail/passive_2/577,tail,passive_2,577,577,A brainstorm isn't ,.,slandered,glared,A brainstorm isn't slandered.,A brainstorm isn't glared.,diverged,tail/passive_2/slander/was,-43.320019483566284,-17.030924201011658,-2.1717793941497803,0.0,8,3,-43.74564254283905,-16.03786849975586,-3.5904581546783447,0.0,6,1,0.4256230592727661,-0.9930557012557983,1.4186787605285645,0.0,1
tail/passive_2/580,tail,passive_2,580,580,Many conservators weren't ,.,garnished,toiled,Many conservators weren't garnished.,Many conservators weren't toiled.,raged,tail/passive_2/garnish/was,-42.152743458747864,-16.09519624710083,-2.5213239192962646,0.0,7,2,-46.175734877586365,-17.745185375213623,-4.894326210021973,0.0,7,2,4.022991418838501,1.649989128112793,2.373002290725708,0.0,1
tail/passive_2/581,tail,passive_2,581,581,Many proprietors aren't ,.,evaded,inquired,Many proprietors aren't evaded.,Many proprietors aren't inquired.,gushed,tail/passive_2/evade/was,-39.87140025943518,-15.996938705444336,-2.364753007888794,0.0,7,2,-39.78077092021704,-14.217964172363281,-4.053098201751709,0.0,6,1,-0.09062933921813965,-1.7789745330810547,1.688345193862915,0.0,0
tail/passive_2/595,tail,passive_2,595,595,Every goof wasn't ,.,spiced,peed,Every goof wasn't spiced.,Every goof wasn't peed.,diverged,tail/passive_2/spice/was,-39.953679740428925,-13.848732948303223,-4.683677673339844,0.0,7,2,-37.18347543478012,-12.779947757720947,-2.9822585582733154,0.0,7,2,-2.7702043056488037,-1.0687851905822754,-1.7014191150665283,0.0,0
tail/passive_2/597,tail,passive_2,597,597,A churchman is ,.,evaded,inquired,A churchman is evaded.,A churchman is inquired.,peed,tail/passive_2/evade/was,-35.262042760849,-16.03154945373535,-2.2874908447265625,0.0,6,2,-35.57500433921814,-13.661979675292969,-4.970022201538086,0.0,5,1,0.3129615783691406,-2.369569778442383,2.6825313568115234,0.0,1
tail/passive_2/599,tail,passive_2,599,599,That taunt wasn't ,.,recast,reappeared,That taunt wasn't recast.,That taunt wasn't reappeared.,mutated,tail/passive_2/recast/was,-34.46375995874405,-13.09232097864151,-1.7499281167984009,0.0,7,2,-39.728203773498535,-18.626094579696655,-1.4805983304977417,0.0,7,2,5.264443814754486,5.533773601055145,-0.2693297863006592,0.0,1
tail/passive_2/602,tail,passive_2,602,602,The minuscule is ,.,heaped,grinned,The minuscule is heaped.,The minuscule is grinned.,abstained,tail/passive_2/heap/was,-34.28815484046936,-11.444582223892212,-4.464271545410156,0.0,6,2,-35.80532884597778,-15.13178825378418,-2.2942395210266113,0.0,5,1,1.5171740055084229,3.6872060298919678,-2.170032024383545,0.0,1
tail/passive_2/603,tail,passive_2,603,603,Some amputees are ,.,imitated,lingered,Some amputees are imitated.,Some amputees are lingered.,crowed,tail/passive_2/imitate/was,-31.237905204296112,-13.945815086364746,-2.9107537269592285,0.0,7,2,-32.28991162776947,-13.394796550273895,-4.5137786865234375,0.0,7,2,1.0520064234733582,-0.5510185360908508,1.603024959564209,0.0,1
tail/passive_2/604,tail,passive_2,604,604,Cynics are ,.,diced,cooperated,Cynics are diced.,Cynics are cooperated.,languished,tail/passive_2/dice/was,-34.77253174781799,-13.77392578125,-3.6289777755737305,0.0,5,1,-40.28200650215149,-19.517446517944336,-3.3949317932128906,0.0,6,2,5.509474754333496,5.743520736694336,-0.23404598236083984,0.0,1
tail/passive_2/607,tail,passive_2,607,607,Many craftsmen were ,.,outdone,receded,Many craftsmen were outdone.,Many craftsmen were receded.,glared,tail/passive_2/outdo/was,-32.59567606449127,-13.294636726379395,-1.863926887512207,0.0,6,2,-38.4679149389267,-17.835357904434204,-3.1954445838928223,0.0,7,3,5.872238874435425,4.54072117805481,1.3315176963806152,0.0,1
tail/passive_2/610,tail,passive_2,610,610,Some techie was ,.,exerted,slumped,Some techie was exerted.,Some techie was slumped.,dined,tail/passive_2/exert/was,-36.176695585250854,-14.137639045715332,-3.544804334640503,0.0,5,1,-36.33878469467163,-11.10743522644043,-6.737097263336182,0.0,6,2,0.16208910942077637,-3.0302038192749023,3.1922929286956787,0.0,1
tail/passive_2/614,tail,passive_2,614,614,Housemates were ,.,refunded,clashed,Housemates were refunded.,Housemates were clashed.,congregated,tail/passive_2/refund/was,-27.68471495807171,-12.261012241244316,-3.090625286102295,0.0,5,2,-31.08964776992798,-15.2438063621521,-3.5127639770507812,0.0,5,2,3.40493281185627,2.9827941209077835,0.42213869094848633,0.0,1
tail/passive_2/625,tail,passive_2,625,625,Admirers weren't ,.,coerced,emigrated,Admirers weren't coerced.,Admirers weren't emigrated.,resonated,tail/passive_2/coerce/was,-33.624786794534884,-11.619676202884875,-1.9658375978469849,0.0,9,3,-39.264840096235275,-16.96600842475891,-2.25955867767334,0.0,8,2,5.640053301700391,5.346332221874036,0.293721079826355,0.0,1
tail/passive_2/637,tail,passive_2,637,637,Most premiers were ,.,fleeced,vied,Most premiers were fleeced.,Most premiers were vied.,dwelt,tail/passive_2/fleece/was,-33.98575748503208,-13.925621405243874,-2.5245394706726074,0.0,6,2,-35.72453284263611,-12.62291145324707,-5.5660247802734375,0.0,6,2,1.7387753576040268,-1.3027099519968033,3.04148530960083,0.0,1
tail/passive_2/652,tail,passive_2,652,652,This misreading wasn't ,.,approximated,mused,This misreading wasn't approximated.,This misreading wasn't mused.,meditated,tail/passive_2/approximate/was,-40.41437554359436,-15.159623146057129,-2.334338665008545,0.0,6,1,-41.290740728378296,-14.387668371200562,-3.982658624649048,0.0,7,2,0.8763651847839355,-0.7719547748565674,1.648319959640503,0.0,1
tail/passive_2/665,tail,passive_2,665,665,A lot of hairdressers were ,.,smothered,subsided,A lot of hairdressers were smothered.,A lot of hairdressers were subsided.,disembarked,tail/passive_2/smother/was,-41.83686973154545,-13.268268585205078,-3.968506097793579,0.0,10,2,-46.423532262444496,-18.93633460998535,-2.8871026039123535,0.0,10,2,4.586662530899048,5.668066024780273,-1.0814034938812256,0.0,1
tail/passive_2/668,tail,passive_2,668,668,Those pollsters were ,.,quelled,sympathized,Those pollsters were quelled.,Those pollsters were sympathized.,mutated,tail/passive_2/quell/was,-35.0329794883728,-16.470811367034912,-2.2660343647003174,0.0,6,2,-39.245105504989624,-18.51294708251953,-4.4360246658325195,0.0,6,2,4.212126016616821,2.042135715484619,2.169990301132202,0.0,1
tail/passive_2/670,tail,passive_2,670,670,This skinhead was ,.,tamed,chuckled,This skinhead was tamed.,This skinhead was chuckled.,glared,tail/passive_2/tame/was,-33.913100242614746,-12.347789764404297,-2.567965507507324,0.0,6,2,-37.35453414916992,-14.290496826171875,-4.066692352294922,0.0,5,1,3.441433906555176,1.9427070617675781,1.4987268447875977,0.0,1
tail/passive_2/680,tail,passive_2,680,680,These reactionaries aren't ,.,ducked,dawned,These reactionaries aren't ducked.,These reactionaries aren't dawned.,bloomed,tail/passive_2/duck/was,-43.671433448791504,-16.115163803100586,-2.5324437618255615,0.0,7,2,-46.29372596740723,-18.257309913635254,-3.012590169906616,0.0,7,2,2.6222925186157227,2.142146110534668,0.4801464080810547,0.0,1
tail/passive_2/693,tail,passive_2,693,693,Some stinging isn't ,.,ingested,conspired,Some stinging isn't ingested.,Some stinging isn't conspired.,dawned,tail/passive_2/ingest/was,-37.814417868852615,-14.823211431503296,-1.7259690761566162,0.0,7,2,-40.34185102581978,-16.79990005493164,-2.2767136096954346,0.0,7,2,2.527433156967163,1.9766886234283447,0.5507445335388184,0.0,1
tail/passive_2/710,tail,passive_2,710,710,This retiree wasn't ,.,spiced,peed,This retiree wasn't spiced.,This retiree wasn't peed.,shivered,tail/passive_2/spice/was,-43.01654827594757,-17.351726531982422,-4.42604923248291,0.0,7,2,-40.935888171195984,-13.805179834365845,-5.8919358253479,0.0,7,2,-2.080660104751587,-3.546546697616577,1.4658865928649902,0.0,0
tail/passive_2/712,tail,passive_2,712,712,Every survivalist wasn't ,.,whitewashed,waned,Every survivalist wasn't whitewashed.,Every survivalist wasn't waned.,transpired,tail/passive_2/whitewash/was,-43.71534562110901,-16.104960441589355,-2.2163405418395996,0.0,7,2,-46.582350730895996,-18.25571346282959,-2.9325926303863525,0.0,7,2,2.8670051097869873,2.1507530212402344,0.7162520885467529,0.0,1
tail/passive_2/715,tail,passive_2,715,715,A lot of mommies weren't ,.,audited,interacted,A lot of mommies weren't audited.,A lot of mommies weren't interacted.,stagnated,tail/passive_2/audit/was,-42.98618535231799,-13.165692836046219,-2.2923812866210938,0.0,10,2,-49.49567390512675,-15.712401866912842,-6.255160808563232,0.0,10,2,6.509488552808762,2.546709030866623,3.9627795219421387,0.0,1
tail/passive_2/716,tail,passive_2,716,716,Some butchery is ,.,fleeced,vied,Some butchery is fleeced.,Some butchery is vied.,fluctuated,tail/passive_2/fleece/was,-36.65705889463425,-16.02667933702469,-3.315340042114258,0.0,6,2,-38.2720650434494,-16.559762954711914,-4.3972625732421875,0.0,6,2,1.615006148815155,0.5330836176872253,1.0819225311279297,0.0,1
tail/passive_2/727,tail,passive_2,727,727,Most wheelers are ,.,diced,cooperated,Most wheelers are diced.,Most wheelers are cooperated.,blossomed,tail/passive_2/dice/was,-36.94220018386841,-12.856344223022461,-4.357880115509033,0.0,5,1,-37.77518975734711,-13.063754439353943,-4.98345947265625,0.0,6,2,0.8329895734786987,0.20741021633148193,0.6255793571472168,0.0,1
tail/passive_2/744,tail,passive_2,744,744,Every desertion isn't ,.,tamed,chuckled,Every desertion isn't tamed.,Every desertion isn't chuckled.,adhered,tail/passive_2/tame/was,-41.43561628460884,-15.01937484741211,-2.226203441619873,0.0,7,2,-48.30092743039131,-17.801258087158203,-6.30963134765625,0.0,6,1,6.865311145782471,2.7818832397460938,4.083427906036377,0.0,1
tail/passive_2/745,tail,passive_2,745,745,Those grocers were ,.,quelled,sympathized,Those grocers were quelled.,Those grocers were sympathized.,flopped,tail/passive_2/quell/was,-35.427122831344604,-15.503250122070312,-2.365299940109253,0.0,6,2,-37.17696571350098,-16.57952880859375,-3.0388641357421875,0.0,6,2,1.749842882156372,1.0762786865234375,0.6735641956329346,0.0,1
tail/passive_2/746,tail,passive_2,746,746,Some constables were ,.,eschewed,languished,Some constables were eschewed.,Some constables were languished.,proliferated,tail/passive_2/eschew/was,-31.215090662240982,-13.395128756761551,-2.1814024448394775,0.0,7,3,-35.35558521747589,-15.882503032684326,-3.8345227241516113,0.0,7,3,4.140494555234909,2.4873742759227753,1.6531202793121338,0.0,1
tail/passive_2/747,tail,passive_2,747,747,Those lieutenants aren't ,.,commemorated,bragged,Those lieutenants aren't commemorated.,Those lieutenants aren't bragged.,crept,tail/passive_2/commemorate/was,-35.026737321168184,-14.258861005306244,-2.974876880645752,0.0,8,2,-36.195670295506716,-11.95373821258545,-6.448932647705078,0.0,8,2,1.1689329743385315,-2.3051227927207947,3.474055767059326,0.0,1
tail/passive_2/769,tail,passive_2,769,769,Those tribesmen were ,.,reared,sinned,Those tribesmen were reared.,Those tribesmen were sinned.,lurked,tail/passive_2/rear/was,-33.58940529823303,-12.164995670318604,-6.0211358070373535,0.0,6,2,-40.7458279132843,-17.11753559112549,-8.225018501281738,0.0,6,2,7.1564226150512695,4.952539920806885,2.2038826942443848,0.0,1
tail/passive_2/772,tail,passive_2,772,772,The possessor isn't ,.,audited,interacted,The possessor isn't audited.,The possessor isn't interacted.,feasted,tail/passive_2/audit/was,-36.72757929563522,-12.91531229019165,-2.0161046981811523,0.0,7,2,-41.805423855781555,-14.013753831386566,-5.995507717132568,0.0,7,2,5.077844560146332,1.0984415411949158,3.979403018951416,0.0,1
tail/passive_2/775,tail,passive_2,775,775,Many slavers weren't ,.,scrubbed,thrived,Many slavers weren't scrubbed.,Many slavers weren't thrived.,thrived,tail/passive_2/scrub/was,-40.39156912616454,-13.93942928314209,-3.7548389434814453,0.0,8,2,-42.46757410815917,-16.9183349609375,-2.851938247680664,0.0,8,2,2.076004981994629,2.97890567779541,-0.9029006958007812,0.0,1
tail/passive_2/800,tail,passive_2,800,800,The orator isn't ,.,approximated,mused,The orator isn't approximated.,The orator isn't mused.,languished,tail/passive_2/approximate/was,-41.53397545218468,-16.19426727294922,-2.3282806873321533,0.0,6,1,-41.803501695394516,-15.901371955871582,-2.890702247619629,0.0,7,2,0.26952624320983887,-0.2928953170776367,0.5624215602874756,0.0,1
tail/passive_2/801,tail,passive_2,801,801,This abuser is ,.,orphaned,adhered,This abuser is orphaned.,This abuser is adhered.,inquired,tail/passive_2/orphan/was,-31.4814775288105,-13.177920371294022,-2.238888740539551,0.0,6,2,-37.55363488197327,-15.156431198120117,-6.332535266876221,0.0,5,1,6.0721573531627655,1.9785108268260956,4.09364652633667,0.0,1
tail/passive_2/807,tail,passive_2,807,807,This posturing was ,.,christened,dwindled,This posturing was christened.,This posturing was dwindled.,resonated,tail/passive_2/christen/was,-39.61473962664604,-12.367872923612595,-6.766578674316406,0.0,6,2,-39.943459033966064,-15.559077024459839,-3.9040939807891846,0.0,7,3,0.3287194073200226,3.1912041008472443,-2.8624846935272217,0.0,1
tail/passive_2/815,tail,passive_2,815,815,These tribunals aren't ,.,ingested,conspired,These tribunals aren't ingested.,These tribunals aren't conspired.,resonated,tail/passive_2/ingest/was,-43.48420328833163,-17.764995574951172,-2.3742148876190186,0.0,8,2,-41.15399284102023,-14.215630531311035,-3.593369483947754,0.0,8,2,-2.3302104473114014,-3.5493650436401367,1.2191545963287354,0.0,0
tail/passive_2/821,tail,passive_2,821,821,Many infidels weren't ,.,roused,lurked,Many infidels weren't roused.,Many infidels weren't lurked.,transpired,tail/passive_2/rouse/was,-37.55838659685105,-11.76420521736145,-2.969632387161255,0.0,8,2,-44.229886326007545,-17.3132266998291,-4.092110633850098,0.0,8,2,6.671499729156494,5.549021482467651,1.1224782466888428,0.0,1
tail/passive_2/835,tail,passive_2,835,835,Airmen aren't ,.,recast,reappeared,Airmen aren't recast.,Airmen aren't reappeared.,mused,tail/passive_2/recast/was,-40.1013500392437,-16.96994400024414,-2.496006965637207,0.0,7,2,-41.58837208151817,-19.183794498443604,-1.7691785097122192,0.0,7,2,1.487022042274475,2.213850498199463,-0.7268284559249878,0.0,1
tail/passive_2/837,tail,passive_2,837,837,All savers weren't ,.,overestimated,diverged,All savers weren't overestimated.,All savers weren't diverged.,bloomed,tail/passive_2/overestimate/was,-42.10292726755142,-14.709290623664856,-1.2435967922210693,0.0,7,2,-47.43342250585556,-18.638540744781494,-2.6448419094085693,0.0,7,2,5.330495238304138,3.929250121116638,1.4012451171875,0.0,1
tail/passive_2/845,tail,passive_2,845,845,That collaborator wasn't ,.,diced,cooperated,That collaborator wasn't diced.,That collaborator wasn't cooperated.,resonated,tail/passive_2/dice/was,-39.986608386039734,-15.642786979675293,-2.787027359008789,0.0,6,1,-38.571760058403015,-14.849971771240234,-2.164994239807129,0.0,7,2,-1.4148483276367188,-0.7928152084350586,-0.6220331192016602,0.0,0
tail/passive_2/850,tail,passive_2,850,850,Those archeologists aren't ,.,doped,bargained,Those archeologists aren't doped.,Those archeologists aren't bargained.,slumped,tail/passive_2/dope/was,-37.688521683216095,-14.323921203613281,-4.184753894805908,0.0,6,1,-37.271757423877716,-13.734117984771729,-4.357792854309082,0.0,7,2,-0.4167642593383789,-0.5898032188415527,0.17303895950317383,0.0,0
tail/passive_2/855,tail,passive_2,855,855,Many mascots weren't ,.,diced,cooperated,Many mascots weren't diced.,Many mascots weren't cooperated.,glowed,tail/passive_2/dice/was,-40.34321154654026,-14.816244125366211,-3.6497557163238525,0.0,6,1,-40.390491381287575,-16.37781858444214,-2.1354610919952393,0.0,7,2,0.04727983474731445,1.5615744590759277,-1.5142946243286133,0.0,1
tail/passive_2/857,tail,passive_2,857,857,Some doers were ,.,bribed,corresponded,Some doers were bribed.,Some doers were corresponded.,lapsed,tail/passive_2/bribe/was,-32.545491844415665,-10.286685854196548,-2.587096929550171,0.0,6,2,-38.99182367324829,-15.941234588623047,-3.378880023956299,0.0,5,1,6.446331828832626,5.654548734426498,0.7917830944061279,0.0,1
tail/passive_2/863,tail,passive_2,863,863,Some pappas were ,.,stockpiled,shuddered,Some pappas were stockpiled.,Some pappas were shuddered.,toiled,tail/passive_2/stockpile/was,-34.58173165097833,-11.405324671417475,-3.344101905822754,0.0,8,3,-37.250322103500366,-14.526065230369568,-2.8919517993927,0.0,7,2,2.6685904525220394,3.120740558952093,-0.4521501064300537,0.0,1
tail/passive_2/867,tail,passive_2,867,867,These interpreters weren't ,.,eschewed,languished,These interpreters weren't eschewed.,These interpreters weren't languished.,abstained,tail/passive_2/eschew/was,-37.59183933958411,-14.393141031265259,-2.6223535537719727,0.0,8,3,-41.808694150298834,-17.825323581695557,-3.4070258140563965,0.0,8,3,4.216854810714722,3.432182550430298,0.7846722602844238,0.0,1
tail/passive_2/869,tail,passive_2,869,869,Nieces aren't ,.,commemorated,bragged,Nieces aren't commemorated.,Nieces aren't bragged.,disembarked,tail/passive_2/commemorate/was,-38.65572717785835,-14.037237524986267,-2.9686827659606934,0.0,7,2,-39.432807356119156,-12.722090244293213,-5.060910224914551,0.0,7,2,0.7770801782608032,-1.3151472806930542,2.0922274589538574,0.0,1
tail/passive_2/870,tail,passive_2,870,870,Most renegades weren't ,.,imitated,lingered,Most renegades weren't imitated.,Most renegades weren't lingered.,bloomed,tail/passive_2/imitate/was,-37.47971770167351,-13.491925239562988,-1.2510021924972534,0.0,8,2,-40.462663263082504,-15.124400854110718,-2.6014721393585205,0.0,8,2,2.9829455614089966,1.6324756145477295,1.350469946861267,0.0,1
tail/passive_2/874,tail,passive_2,874,874,A lot of delinquents are ,.,roused,lurked,A lot of delinquents are roused.,A lot of delinquents are lurked.,proliferated,tail/passive_2/rouse/was,-37.9625696092844,-11.898550748825073,-3.299595355987549,0.0,8,2,-42.55271162092686,-15.520655155181885,-4.267632961273193,0.0,8,2,4.590142011642456,3.6221044063568115,0.9680376052856445,0.0,1
tail/passive_2/881,tail,passive_2,881,881,Every gawk is ,.,blurted,stagnated,Every gawk is blurted.,Every gawk is stagnated.,shuddered,tail/passive_2/blurt/was,-33.69081671535969,-12.56103165447712,-2.4779610633850098,0.0,7,3,-37.64935576915741,-17.168553590774536,-1.828978180885315,0.0,6,2,3.958539053797722,4.607521936297417,-0.6489828824996948,0.0,1
tail/passive_2/898,tail,passive_2,898,898,All pickers were ,.,eschewed,languished,All pickers were eschewed.,All pickers were languished.,functioned,tail/passive_2/eschew/was,-37.47320199012756,-12.813128471374512,-2.299730062484741,0.0,7,3,-44.87276244163513,-19.07576036453247,-3.4366586208343506,0.0,7,3,7.399560451507568,6.262631893157959,1.1369285583496094,0.0,1
tail/passive_2/899,tail,passive_2,899,899,Cuttings weren't ,.,exerted,slumped,Cuttings weren't exerted.,Cuttings weren't slumped.,mutated,tail/passive_2/exert/was,-37.14338643848896,-12.909847259521484,-2.9015345573425293,0.0,6,1,-37.166228368878365,-13.163464546203613,-2.6707592010498047,0.0,7,2,0.022841930389404297,0.2536172866821289,-0.2307753562927246,0.0,1
tail/passive_2/905,tail,passive_2,905,905,Some adopters aren't ,.,outdone,receded,Some adopters aren't outdone.,Some adopters aren't receded.,crowed,tail/passive_2/outdo/was,-34.879734218120575,-13.14772367477417,-2.767153024673462,0.0,7,2,-40.958867728710175,-18.947261095046997,-3.0467491149902344,0.0,8,3,6.0791335105896,5.799537420272827,0.27959609031677246,0.0,1
tail/passive_2/909,tail,passive_2,909,909,Those electricians weren't ,.,imitated,lingered,Those electricians weren't imitated.,Those electricians weren't lingered.,veered,tail/passive_2/imitate/was,-36.82433436065912,-15.710644245147705,-1.6791868209838867,0.0,7,2,-39.06749055534601,-17.01359534263611,-2.619391918182373,0.0,7,2,2.2431561946868896,1.3029510974884033,0.9402050971984863,0.0,1
tail/passive_2/919,tail,passive_2,919,919,An importer was ,.,approximated,mused,An importer was approximated.,An importer was mused.,congregated,tail/passive_2/approximate/was,-32.24800205230713,-12.444923400878906,-4.435268402099609,0.0,5,1,-32.73531436920166,-15.868451595306396,-1.4990525245666504,0.0,6,2,0.48731231689453125,3.4235281944274902,-2.936215877532959,0.0,1
tail/passive_2/921,tail,passive_2,921,921,These cheaters aren't ,.,nabbed,retaliated,These cheaters aren't nabbed.,These cheaters aren't retaliated.,vied,tail/passive_2/nab/was,-33.67181786801666,-14.016488044522703,-2.9383788108825684,0.0,8,3,-35.995992973446846,-13.602057173848152,-5.676984786987305,0.0,7,2,2.324175105430186,-0.41443087067455053,2.7386059761047363,0.0,1
tail/passive_2/922,tail,passive_2,922,922,Many shopkeepers weren't ,.,trademarked,bloomed,Many shopkeepers weren't trademarked.,Many shopkeepers weren't bloomed.,abstained,tail/passive_2/trademark/was,-41.418032228946686,-17.362611293792725,-1.9441452026367188,0.0,7,2,-41.28707891702652,-16.334623336791992,-2.841179847717285,0.0,7,2,-0.13095331192016602,-1.0279879570007324,0.8970346450805664,0.0,0
tail/passive_2/927,tail,passive_2,927,927,Some moderators were ,.,doped,bargained,Some moderators were doped.,Some moderators were bargained.,dived,tail/passive_2/dope/was,-34.127551436424255,-15.779546737670898,-2.998633861541748,0.0,5,1,-37.90209901332855,-16.918769359588623,-5.63395881652832,0.0,6,2,3.774547576904297,1.1392226219177246,2.6353249549865723,0.0,1
tail/passive_2/954,tail,passive_2,954,954,Some hiker wasn't ,.,uttered,crept,Some hiker wasn't uttered.,Some hiker wasn't crept.,sprawled,tail/passive_2/utter/was,-39.29699245095253,-13.906970977783203,-2.5731921195983887,0.0,6,1,-42.37842717766762,-14.891345977783203,-4.670251846313477,0.0,6,1,3.081434726715088,0.984375,2.097059726715088,0.0,1
tail/passive_2/957,tail,passive_2,957,957,Every splashing is ,.,outdone,receded,Every splashing is outdone.,Every splashing is receded.,sprawled,tail/passive_2/outdo/was,-34.98343873023987,-12.514988422393799,-3.939023494720459,0.0,6,2,-34.32096076011658,-13.538292407989502,-2.253241539001465,0.0,7,3,-0.662477970123291,1.0233039855957031,-1.6857819557189941,0.0,0
tail/passive_2/958,tail,passive_2,958,958,That heretic isn't ,.,roused,lurked,That heretic isn't roused.,That heretic isn't lurked.,vied,tail/passive_2/rouse/was,-36.83027356863022,-13.789628505706787,-2.917370319366455,0.0,7,2,-41.2415971159935,-17.35439920425415,-3.763923168182373,0.0,7,2,4.411323547363281,3.5647706985473633,0.846552848815918,0.0,1
tail/passive_2/965,tail,passive_2,965,965,That chug was ,.,scrubbed,thrived,That chug was scrubbed.,That chug was thrived.,lingered,tail/passive_2/scrub/was,-37.84014171361923,-13.436659276485443,-4.095125198364258,0.0,6,2,-41.5061719417572,-18.030672073364258,-3.167142629623413,0.0,6,2,3.66603022813797,4.594012796878815,-0.9279825687408447,0.0,1
tail/passive_2/971,tail,passive_2,971,971,These copycats aren't ,.,subverted,persevered,These copycats aren't subverted.,These copycats aren't persevered.,reappeared,tail/passive_2/subvert/was,-34.86005514860153,-13.795628547668457,-2.6964263916015625,0.0,7,2,-36.98862099647522,-16.620907366275787,-1.99971342086792,0.0,8,3,2.1285658478736877,2.8252788186073303,-0.6967129707336426,0.0,1
tail/passive_2/981,tail,passive_2,981,981,Issuers aren't ,.,garnished,toiled,Issuers aren't garnished.,Issuers aren't toiled.,clashed,tail/passive_2/garnish/was,-33.88182657957077,-16.301924467086792,-2.6694116592407227,0.0,7,2,-36.385240495204926,-17.230016708374023,-4.2447333335876465,0.0,7,2,2.5034139156341553,0.9280922412872314,1.5753216743469238,0.0,1
tail/passive_2/982,tail,passive_2,982,982,Most finders weren't ,.,outdone,receded,Most finders weren't outdone.,Most finders weren't receded.,mutated,tail/passive_2/outdo/was,-40.19426843523979,-12.526979446411133,-2.25490665435791,0.0,7,2,-45.542061537504196,-17.439242601394653,-2.690436601638794,0.0,8,3,5.347793102264404,4.9122631549835205,0.4355299472808838,0.0,1
xtail/passive_1/1,xtail,passive_1,1,1,These swains were , by that begetter.,reproved,remonstrated,These swains were reproved by that begetter.,These swains were remonstrated by that begetter.,ossified,xtail/passive_1/reprove/was,-54.15494496375322,-11.310354232788086,-24.76889831572771,-1.9090900421142578,11,2,-57.9007900506258,-12.964804351329803,-26.86029328405857,-2.5148470401763916,12,3,3.7458450868725777,1.6544501185417175,2.09139496833086,0.6057569980621338,1
xtail/passive_1/4,xtail,passive_1,4,4,An illuminance wasn't , by most eggheads.,debugged,tingled,An illuminance wasn't debugged by most eggheads.,An illuminance wasn't tingled by most eggheads.,sulked,xtail/passive_1/debug/was,-68.79110977053642,-15.407540619373322,-26.831305384635925,-3.577770233154297,11,2,-71.43370178341866,-18.524091243743896,-26.357346773147583,-2.2661399841308594,11,2,2.6425920128822327,3.116550624370575,-0.4739586114883423,-1.3116302490234375,1
xtail/passive_1/6,xtail,passive_1,6,6,Woodsmen were , by a brigand.,crated,lumbered,Woodsmen were crated by a brigand.,Woodsmen were lumbered by a brigand.,ruminated,xtail/passive_1/crate/was,-46.724371671676636,-14.122811317443848,-19.52176308631897,-3.627387523651123,9,2,-45.351530853658915,-12.02087128534913,-20.250862300395966,-3.96793794631958,9,2,-1.3728408180177212,-2.101940032094717,0.7290992140769958,0.34055042266845703,0
xtail/passive_1/9,xtail,passive_1,9,9,That overacting isn't , by all proctors.,debugged,tingled,That overacting isn't debugged by all proctors.,That overacting isn't tingled by all proctors.,jutted,xtail/passive_1/debug/was,-63.24290120601654,-17.68909978866577,-25.55730128288269,-2.6393470764160156,11,2,-65.37086701393127,-20.275622844696045,-25.09874403476715,-2.479951858520508,11,2,2.127965807914734,2.5865230560302734,-0.45855724811553955,-0.1593952178955078,1
xtail/passive_1/13,xtail,passive_1,13,13,The foreshock wasn't , by that stepchild.,regaled,writhed,The foreshock wasn't regaled by that stepchild.,The foreshock wasn't writhed by that stepchild.,defecated,xtail/passive_1/regale/was,-74.43964257836342,-17.99525737762451,-27.15781879425049,-1.7672336101531982,12,2,-73.69716683030128,-18.794844150543213,-25.615756273269653,-2.7333691120147705,12,2,-0.7424757480621338,0.7995867729187012,-1.542062520980835,0.9661355018615723,0
xtail/passive_1/18,xtail,passive_1,18,18,These enterprisers were , by the gasman.,lugged,drooled,These enterprisers were lugged by the gasman.,These enterprisers were drooled by the gasman.,lolled,xtail/passive_1/lug/was,-61.02295410633087,-15.246288299560547,-25.684399127960205,-3.9407272338867188,11,2,-61.59377598762512,-16.469427824020386,-25.032081484794617,-4.279223442077637,12,3,0.5708218812942505,1.2231395244598389,-0.6523176431655884,0.33849620819091797,1
xtail/passive_1/19,xtail,passive_1,19,19,Some tricksters are , by all maestros.,extirpated,vegetated,Some tricksters are extirpated by all maestros.,Some tricksters are vegetated by all maestros.,vegetated,xtail/passive_1/extirpate/was,-60.96890936791897,-16.596292719244957,-27.430268168449402,-2.5246095657348633,13,4,-64.26727950572968,-20.502370834350586,-26.82256019115448,-3.122340440750122,11,2,3.298370137810707,3.906078115105629,-0.6077079772949219,0.5977308750152588,1
xtail/passive_1/20,xtail,passive_1,20,20,Every controversialist wasn't , by the toolmaker.,espied,scrammed,Every controversialist wasn't espied by the toolmaker.,Every controversialist wasn't scrammed by the toolmaker.,debarked,xtail/passive_1/espy/was,-66.56580471992493,-17.18140459060669,-22.73702383041382,-2.8893606662750244,11,2,-64.68044078350067,-15.756565392017365,-22.276499092578888,-3.3762118816375732,12,3,-1.8853639364242554,-1.424839198589325,-0.4605247378349304,0.48685121536254883,0
xtail/passive_1/24,xtail,passive_1,24,24,A lot of jailors are , by many botches.,shooed,quivered,A lot of jailors are shooed by many botches.,A lot of jailors are quivered by many botches.,vegetated,xtail/passive_1/shoo/was,-70.89934219419956,-14.804922342300415,-29.96332836151123,-5.6666460037231445,13,3,-67.82284499704838,-17.675074577331543,-24.01667892932892,-2.5635385513305664,12,2,-3.076497197151184,2.870152235031128,-5.946649432182312,-3.103107452392578,0
xtail/passive_1/25,xtail,passive_1,25,25,The faller wasn't , by some spoonie.,pigeonholed,hitchhiked,The faller wasn't pigeonholed by some spoonie.,The faller wasn't hitchhiked by some spoonie.,panted,xtail/passive_1/pigeonhole/was,-66.51190415769815,-16.120719082653522,-25.788014888763428,-3.1883862018585205,13,4,-67.44205623865128,-17.96435585618019,-24.87453019618988,-4.168577194213867,12,3,0.9301520809531212,1.8436367735266685,-0.9134846925735474,0.9801909923553467,1
xtail/passive_1/27,xtail,passive_1,27,27,Many perfumers aren't , by that valeriana.,permed,fawned,Many perfumers aren't permed by that valeriana.,Many perfumers aren't fawned by that valeriana.,tingled,xtail/passive_1/perm/was,-73.35821294784546,-16.033318996429443,-33.73333120346069,-4.215541839599609,12,2,-70.80853241682053,-15.16716581583023,-32.04980385303497,-3.9469573497772217,13,3,-2.549680531024933,-0.8661531805992126,-1.6835273504257202,-0.2685844898223877,0
xtail/passive_1/31,xtail,passive_1,31,31,That hydronephrosis wasn't , by most balloonists.,gulled,desisted,That hydronephrosis wasn't gulled by most balloonists.,That hydronephrosis wasn't desisted by most balloonists.,empathized,xtail/passive_1/gull/was,-71.41951049491763,-22.186744689941406,-23.97625696659088,-0.7815921306610107,13,2,-72.54589081928134,-20.02980613708496,-27.259575843811035,-2.3969156742095947,13,2,1.1263803243637085,-2.1569385528564453,3.283318877220154,1.615323543548584,1
xtail/passive_1/32,xtail,passive_1,32,32,A lot of hematologists aren't , by many telegraphers.,wagged,basked,A lot of hematologists aren't wagged by many telegraphers.,A lot of hematologists aren't basked by many telegraphers.,hiccupped,xtail/passive_1/wag/was,-73.93012756109238,-18.774635314941406,-26.46444882452488,-1.7937636375427246,15,2,-78.7895119190216,-18.251638412475586,-31.84683008491993,-3.9551424980163574,15,2,4.85938435792923,-0.5229969024658203,5.38238126039505,2.161378860473633,1
xtail/passive_1/33,xtail,passive_1,33,33,All undresses aren't , by most anaesthetists.,extirpated,vegetated,All undresses aren't extirpated by most anaesthetists.,All undresses aren't vegetated by most anaesthetists.,swaggered,xtail/passive_1/extirpate/was,-69.3805602202192,-15.642404050566256,-25.999065563082695,-3.11089825630188,14,4,-73.57263984531164,-19.654255390167236,-26.17929384857416,-3.9339821338653564,12,2,4.192079625092447,4.01185133960098,0.18022828549146652,0.8230838775634766,1
xtail/passive_1/35,xtail,passive_1,35,35,Those mappers were , by woodworkers.,sundered,eavesdropped,Those mappers were sundered by woodworkers.,Those mappers were eavesdropped by woodworkers.,salivated,xtail/passive_1/sunder/was,-51.51694229245186,-14.95236587524414,-18.807052850723267,-2.3782269954681396,10,2,-56.18883527163416,-16.68527350667864,-21.74603819847107,-2.927009105682373,12,4,4.671892979182303,1.7329076314345002,2.9389853477478027,0.5487821102142334,1
xtail/passive_1/36,xtail,passive_1,36,36,A furrier wasn't , by this headsman.,disabused,sidled,A furrier wasn't disabused by this headsman.,A furrier wasn't sidled by this headsman.,fizzed,xtail/passive_1/disabuse/was,-65.53297910094261,-14.562550127506256,-24.763563871383667,-3.908897638320923,12,3,-69.91798284649849,-16.89494228363037,-26.81617546081543,-4.337338924407959,11,2,4.385003745555878,2.332392156124115,2.0526115894317627,0.42844128608703613,1
xtail/passive_1/40,xtail,passive_1,40,40,Spongers are , by some blockheads.,wadded,shimmered,Spongers are wadded by some blockheads.,Spongers are shimmered by some blockheads.,skulked,xtail/passive_1/wad/was,-60.674033641815186,-16.286527633666992,-26.919333696365356,-4.855493545532227,10,2,-62.412548303604126,-16.58194851875305,-28.362427473068237,-2.1751530170440674,11,3,1.7385146617889404,0.29542088508605957,1.4430937767028809,-2.680340528488159,1
xtail/passive_1/41,xtail,passive_1,41,41,That hyperbilirubinemia isn't , by a lot of rentiers.,recompensed,leered,That hyperbilirubinemia isn't recompensed by a lot of rentiers.,That hyperbilirubinemia isn't leered by a lot of rentiers.,slunk,xtail/passive_1/recompense/was,-81.63329975306988,-19.67613673210144,-28.28861178457737,-1.414531946182251,16,3,-86.10453689098358,-23.479126930236816,-28.956858724355698,-3.854189872741699,15,2,4.471237137913704,3.802990198135376,0.6682469397783279,2.4396579265594482,1
xtail/passive_1/43,xtail,passive_1,43,43,The slavey isn't , by some rheostat.,crated,lumbered,The slavey isn't crated by some rheostat.,The slavey isn't lumbered by some rheostat.,pattered,xtail/passive_1/crate/was,-65.60044631361961,-14.43783187866211,-27.144532203674316,-4.254266738891602,11,2,-64.34864673018456,-14.042529582977295,-26.288034915924072,-4.196613311767578,11,2,-1.2517995834350586,-0.39530229568481445,-0.8564972877502441,-0.05765342712402344,0
xtail/passive_1/49,xtail,passive_1,49,49,Every collaborationist isn't , by a gunsight.,incriminated,sulked,Every collaborationist isn't incriminated by a gunsight.,Every collaborationist isn't sulked by a gunsight.,vacillated,xtail/passive_1/incriminate/was,-61.22252830862999,-14.137446999549866,-20.85550343990326,-2.183734893798828,12,3,-67.57621523737907,-18.638023376464844,-22.708613991737366,-2.8226070404052734,11,2,6.3536869287490845,4.500576376914978,1.8531105518341064,0.6388721466064453,1
xtail/passive_1/50,xtail,passive_1,50,50,Many bettors were , by the oldsters.,lathered,slouched,Many bettors were lathered by the oldsters.,Many bettors were slouched by the oldsters.,fawned,xtail/passive_1/lather/was,-54.811529994010925,-14.65381908416748,-22.41688060760498,-4.71297550201416,11,2,-57.932180643081665,-14.441548824310303,-25.749801516532898,-5.837432861328125,11,2,3.1206506490707397,-0.21227025985717773,3.3329209089279175,1.1244573593139648,1
xtail/passive_1/51,xtail,passive_1,51,51,Many endocrinologists weren't , by a drafter.,wagged,basked,Many endocrinologists weren't wagged by a drafter.,Many endocrinologists weren't basked by a drafter.,writhed,xtail/passive_1/wag/was,-67.63045536540449,-19.895236015319824,-22.925538659095764,-1.122670292854309,13,2,-70.38182007335126,-20.67482280731201,-24.897316575050354,-1.7541342973709106,13,2,2.7513647079467773,0.7795867919921875,1.9717779159545898,0.6314640045166016,1
xtail/passive_1/56,xtail,passive_1,56,56,Those loudmouths weren't , by a brigand.,larded,fizzed,Those loudmouths weren't larded by a brigand.,Those loudmouths weren't fizzed by a brigand.,putrefied,xtail/passive_1/lard/was,-61.707122161984444,-15.894789695739746,-24.269180059432983,-4.968515872955322,12,2,-60.56119580566883,-17.088693618774414,-21.929349780082703,-2.9864511489868164,13,3,-1.1459263563156128,1.193903923034668,-2.3398302793502808,-1.9820647239685059,0
xtail/passive_1/57,xtail,passive_1,57,57,Most sibs were , by a seconder.,permed,fawned,Most sibs were permed by a seconder.,Most sibs were fawned by a seconder.,berthed,xtail/passive_1/perm/was,-53.112387508153915,-16.33626651763916,-20.49223479628563,-3.2756991386413574,11,2,-51.98716586828232,-12.54728388786316,-23.155995786190033,-2.3173933029174805,12,3,-1.1252216398715973,-3.788982629776001,2.6637609899044037,-0.958305835723877,0
xtail/passive_1/59,xtail,passive_1,59,59,The striver is , by most dairymen.,regaled,writhed,The striver is regaled by most dairymen.,The striver is writhed by most dairymen.,toddled,xtail/passive_1/regale/was,-63.22498032182921,-12.15600335597992,-29.13118466467131,-2.0517570972442627,12,2,-67.56015278934501,-15.150808572769165,-30.471551915397868,-2.636232852935791,12,2,4.335172467515804,2.9948052167892456,1.3403672507265583,0.5844757556915283,1
xtail/passive_1/60,xtail,passive_1,60,60,A groaner was , by pyromaniacs.,lugged,drooled,A groaner was lugged by pyromaniacs.,A groaner was drooled by pyromaniacs.,burgeoned,xtail/passive_1/lug/was,-57.39495724439621,-11.1495361328125,-24.125553786754608,-3.646641492843628,12,2,-59.47772045433521,-14.187537997961044,-23.170315131545067,-4.211352348327637,13,3,2.082763209939003,3.0380018651485443,-0.9552386552095413,0.5647108554840088,1
xtail/passive_1/61,xtail,passive_1,61,61,Most suppliants were , by a myasthenia.,placated,crackled,Most suppliants were placated by a myasthenia.,Most suppliants were crackled by a myasthenia.,sunbathed,xtail/passive_1/placate/was,-57.86940684821457,-9.61149850487709,-26.897482155822217,-1.8971946239471436,13,2,-62.256736217066646,-17.10926389694214,-23.787046132609248,-2.1620893478393555,13,2,4.387329368852079,7.497765392065048,-3.1104360232129693,0.2648947238922119,1
xtail/passive_1/64,xtail,passive_1,64,64,Every patroness isn't , by these outriders.,blasphemed,seethed,Every patroness isn't blasphemed by these outriders.,Every patroness isn't seethed by these outriders.,pontificated,xtail/passive_1/blaspheme/was,-66.81591939926147,-17.227305710315704,-24.064523816108704,-2.4090797901153564,14,4,-69.03125838935375,-18.233168706297874,-25.27399981021881,-3.320309638977051,13,3,2.2153389900922775,1.00586299598217,1.2094759941101074,0.9112298488616943,1
xtail/passive_1/65,xtail,passive_1,65,65,Every transgressor wasn't , by many shysters.,crated,lumbered,Every transgressor wasn't crated by many shysters.,Every transgressor wasn't lumbered by many shysters.,oscillated,xtail/passive_1/crate/was,-70.08265708386898,-15.825038433074951,-27.708584412932396,-3.7246227264404297,13,2,-64.36856343830004,-13.111231986433268,-24.708297214005142,-3.4851596355438232,13,2,-5.714093645568937,-2.7138064466416836,-3.0002871989272535,-0.23946309089660645,0
xtail/passive_1/66,xtail,passive_1,66,66,All ironsides are , by that conjuror.,blasphemed,seethed,All ironsides are blasphemed by that conjuror.,All ironsides are seethed by that conjuror.,quacked,xtail/passive_1/blaspheme/was,-61.546754866838455,-16.14827710390091,-20.69280979037285,-2.213186264038086,14,4,-63.61705280095339,-14.663739629089832,-24.24764519929886,-3.5535054206848145,13,3,2.070297934114933,-1.4845374748110771,3.55483540892601,1.3403191566467285,1
xtail/passive_1/69,xtail,passive_1,69,69,The multiversity is , by some razzing.,pigeonholed,hitchhiked,The multiversity is pigeonholed by some razzing.,The multiversity is hitchhiked by some razzing.,basked,xtail/passive_1/pigeonhole/was,-65.52839124202728,-14.784077763557434,-30.64032244682312,-2.571071147918701,13,4,-67.86359071731567,-19.39984953403473,-28.359750151634216,-1.789601445198059,12,3,2.335199475288391,4.615771770477295,-2.280572295188904,-0.7814697027206421,1
xtail/passive_1/70,xtail,passive_1,70,70,A lot of doppelgangers weren't , by this horsewoman.,unlatched,burgeoned,A lot of doppelgangers weren't unlatched by this horsewoman.,A lot of doppelgangers weren't burgeoned by this horsewoman.,abutted,xtail/passive_1/unlatch/was,-75.47686529438943,-19.01586171425879,-25.038344025611877,-3.7777953147888184,17,3,-74.0533941173926,-17.13910675048828,-25.49162781238556,-2.67716646194458,17,3,-1.4234711769968271,-1.8767549637705088,0.45328378677368164,-1.1006288528442383,0
xtail/passive_1/73,xtail,passive_1,73,73,A lot of sleepwalkers weren't , by this sower.,disgorged,exulted,A lot of sleepwalkers weren't disgorged by this sower.,A lot of sleepwalkers weren't exulted by this sower.,burgeoned,xtail/passive_1/disgorge/was,-69.70331923663616,-14.746615618467331,-23.440869688987732,-2.5356497764587402,15,3,-67.3849072009325,-15.42108952999115,-20.447983741760254,-1.5275347232818604,15,3,-2.318412035703659,0.674473911523819,-2.992885947227478,-1.0081150531768799,0
xtail/passive_1/75,xtail,passive_1,75,75,This varlet is , by that hemangioma.,doffed,salivated,This varlet is doffed by that hemangioma.,This varlet is salivated by that hemangioma.,oscillated,xtail/passive_1/doff/was,-64.5161404311657,-14.980083703994751,-32.34862419962883,-2.9297728538513184,12,3,-62.41455455124378,-15.67119026184082,-29.555931761860847,-2.20579195022583,11,2,-2.101585879921913,0.6911065578460693,-2.7926924377679825,-0.7239809036254883,0
xtail/passive_1/76,xtail,passive_1,76,76,This quietist wasn't , by the rangelands.,resupplied,slogged,This quietist wasn't resupplied by the rangelands.,This quietist wasn't slogged by the rangelands.,drooled,xtail/passive_1/resupply/was,-69.44958028197289,-20.792213678359985,-21.503718078136444,-2.695549249649048,13,3,-68.82817497849464,-18.62052583694458,-23.05400061607361,-3.634920358657837,12,2,-0.621405303478241,-2.1716878414154053,1.5502825379371643,0.9393711090087891,0
xtail/passive_1/78,xtail,passive_1,78,78,An incapability isn't , by that dysphagia.,mistrusted,coexisted,An incapability isn't mistrusted by that dysphagia.,An incapability isn't coexisted by that dysphagia.,defecated,xtail/passive_1/mistrust/was,-72.60516305826604,-19.54620599746704,-30.51778738759458,-2.960942029953003,14,3,-67.55853306967765,-18.64723825454712,-26.37012514192611,-3.4316346645355225,14,3,-5.046629988588393,-0.8989677429199219,-4.147662245668471,0.47069263458251953,0
xtail/passive_1/80,xtail,passive_1,80,80,The controversialist was , by a lot of necromancers.,outshone,gaped,The controversialist was outshone by a lot of necromancers.,The controversialist was gaped by a lot of necromancers.,empathized,xtail/passive_1/outshine/was,-65.30102809518576,-14.473622798919678,-26.563593707978725,-0.2928132116794586,14,3,-66.84719146043062,-15.94673204421997,-26.636647827923298,-1.6006050109863281,13,2,1.5461633652448654,1.473109245300293,0.07305411994457245,1.3077917993068695,1
xtail/passive_1/81,xtail,passive_1,81,81,All bowmen weren't , by the escapologist.,espied,scrammed,All bowmen weren't espied by the escapologist.,All bowmen weren't scrammed by the escapologist.,swaggered,xtail/passive_1/espy/was,-65.351496912539,-13.794796496629715,-23.1897714138031,-3.4296770095825195,11,2,-67.70048028975725,-17.44962501525879,-21.883926272392273,-3.4862141609191895,12,3,2.3489833772182465,3.654828518629074,-1.3058451414108276,0.05653715133666992,1
xtail/passive_1/83,xtail,passive_1,83,83,A lot of scamps were , by some justiciar.,tithed,puttered,A lot of scamps were tithed by some justiciar.,A lot of scamps were puttered by some justiciar.,oscillated,xtail/passive_1/tithe/was,-65.71570013463497,-14.76099681854248,-27.035353392362595,-3.2517552375793457,13,2,-66.61616648733616,-14.903016090393066,-27.793800473213196,-3.1050195693969727,13,2,0.9004663527011871,0.14201927185058594,0.7584470808506012,-0.14673566818237305,1
xtail/passive_1/84,xtail,passive_1,84,84,Some overflights aren't , by some autocrats.,outshone,gaped,Some overflights aren't outshone by some autocrats.,Some overflights aren't gaped by some autocrats.,smoldered,xtail/passive_1/outshine/was,-60.73760385066271,-14.73377013206482,-21.206307657063007,-0.1186840608716011,13,3,-66.06892961263657,-17.876968383789062,-23.394435167312622,-2.9119701385498047,12,2,5.331325761973858,3.143198251724243,2.1881275102496147,2.7932860776782036,1
xtail/passive_1/85,xtail,passive_1,85,85,Those rustics are , by all paraplegics.,debugged,tingled,Those rustics are debugged by all paraplegics.,Those rustics are tingled by all paraplegics.,clacked,xtail/passive_1/debug/was,-57.76624311506748,-15.779056131839752,-25.214403703808784,-2.5618536472320557,11,2,-65.90464878082275,-17.144012451171875,-31.987853050231934,-2.0920448303222656,11,2,8.138405665755272,1.3649563193321228,6.773449346423149,-0.46980881690979004,1
xtail/passive_1/86,xtail,passive_1,86,86,The soldiery is , by some doubter.,wadded,shimmered,The soldiery is wadded by some doubter.,The soldiery is shimmered by some doubter.,blustered,xtail/passive_1/wad/was,-62.2832932472229,-15.648615837097168,-27.951149940490723,-5.159121990203857,10,2,-63.506155252456665,-17.7731831073761,-27.049444675445557,-3.3610692024230957,11,3,1.2228620052337646,2.1245672702789307,-0.901705265045166,-1.7980527877807617,1
xtail/passive_1/87,xtail,passive_1,87,87,Some flutist isn't , by this gyne.,suckled,defecated,Some flutist isn't suckled by this gyne.,Some flutist isn't defecated by this gyne.,fizzed,xtail/passive_1/suckle/was,-72.28348433971405,-18.274783611297607,-27.344968914985657,-1.3302112817764282,12,2,-70.64611327648163,-18.83601748943329,-25.146363973617554,-2.5026023387908936,13,3,-1.6373710632324219,0.5612338781356812,-2.198604941368103,1.1723910570144653,0
xtail/passive_1/91,xtail,passive_1,91,91,A transferee was , by that lithology.,blasphemed,seethed,A transferee was blasphemed by that lithology.,A transferee was seethed by that lithology.,putrefied,xtail/passive_1/blaspheme/was,-66.9506706148386,-18.854838356375694,-28.267523407936096,-1.84697425365448,13,4,-68.31137517653406,-21.242511754855514,-27.240554571151733,-2.296146869659424,12,3,1.3607045616954565,2.3876733984798193,-1.0269688367843628,0.44917261600494385,1
xtail/passive_1/96,xtail,passive_1,96,96,These tykes were , by most dingbats.,clouted,groused,These tykes were clouted by most dingbats.,These tykes were groused by most dingbats.,debarked,xtail/passive_1/clout/was,-55.437679428607225,-11.89049667865038,-24.87125701829791,-2.155794858932495,12,3,-59.70910244807601,-14.162670612335205,-26.87050610408187,-3.044858694076538,11,2,4.271423019468784,2.272173933684826,1.9992490857839584,0.889063835144043,1
xtail/passive_1/97,xtail,passive_1,97,97,Those dilettantes are , by many redeemers.,extirpated,vegetated,Those dilettantes are extirpated by many redeemers.,Those dilettantes are vegetated by many redeemers.,prattled,xtail/passive_1/extirpate/was,-57.942939003929496,-13.813382944092155,-27.048597812652588,-2.6180830001831055,13,4,-61.178513526916504,-18.248004913330078,-25.849550366401672,-1.9720100164413452,11,2,3.235574522987008,4.434621969237924,-1.1990474462509155,-0.6460729837417603,1
xtail/passive_1/98,xtail,passive_1,98,98,Some intrepidity isn't , by those charmers.,hefted,hibernated,Some intrepidity isn't hefted by those charmers.,Some intrepidity isn't hibernated by those charmers.,fawned,xtail/passive_1/heft/was,-60.6001841686666,-13.648832321166992,-21.082215428352356,-1.5115714073181152,14,3,-67.67881362512708,-18.345604620873928,-23.464072585105896,-2.4397988319396973,15,4,7.078629456460476,4.696772299706936,2.38185715675354,0.928227424621582,1
xtail/passive_1/101,xtail,passive_1,101,101,The knower was , by the lectors.,suckled,defecated,The knower was suckled by the lectors.,The knower was defecated by the lectors.,zigzagged,xtail/passive_1/suckle/was,-55.30351674556732,-14.247624635696411,-20.85812485218048,-0.9709737300872803,10,2,-56.1294624209404,-17.009767532348633,-18.921927630901337,-2.1065096855163574,11,3,0.8259456753730774,2.7621428966522217,-1.9361972212791443,1.1355359554290771,1
xtail/passive_1/103,xtail,passive_1,103,103,Many goatherds weren't , by this grazier.,redressed,panted,Many goatherds weren't redressed by this grazier.,Many goatherds weren't panted by this grazier.,clacked,xtail/passive_1/redress/was,-68.44768695533276,-17.09267807006836,-24.19507110118866,-3.273219585418701,12,2,-69.84651105105877,-16.84920310974121,-25.83737015724182,-2.895662784576416,12,2,1.3988240957260132,-0.24347496032714844,1.6422990560531616,-0.37755680084228516,1
xtail/passive_1/104,xtail,passive_1,104,104,Those elaborations aren't , by the anchorites.,pigeonholed,hitchhiked,Those elaborations aren't pigeonholed by the anchorites.,Those elaborations aren't hitchhiked by the anchorites.,teemed,xtail/passive_1/pigeonhole/was,-58.523577988147736,-14.739995926618576,-23.461332321166992,-2.7011125087738037,13,4,-63.87236875295639,-20.116428464651108,-23.433690547943115,-2.26857590675354,12,3,5.348790764808655,5.376432538032532,-0.027641773223876953,-0.43253660202026367,1
xtail/passive_1/110,xtail,passive_1,110,110,Some crybabies' handymen weren't , by this dualist.,incriminated,sulked,Some crybabies' handymen weren't incriminated by this dualist.,Some crybabies' handymen weren't sulked by this dualist.,oscillated,xtail/passive_1/incriminate/was,-86.36463210918009,-17.767634391784668,-25.97926616668701,-2.3981833457946777,17,3,-87.47803686000407,-18.690738677978516,-26.16956663131714,-2.781399965286255,16,2,1.1134047508239746,0.9231042861938477,0.19030046463012695,0.38321661949157715,1
xtail/passive_1/112,xtail,passive_1,112,112,A braggart is , by these moonlighters.,disquieted,goggled,A braggart is disquieted by these moonlighters.,A braggart is goggled by these moonlighters.,oscillated,xtail/passive_1/disquiet/was,-61.0983122587204,-14.057658195495605,-25.580158591270447,-1.8257653713226318,13,3,-63.400115728378296,-16.265159845352173,-25.674460411071777,-2.229681968688965,13,3,2.301803469657898,2.2075016498565674,0.09430181980133057,0.403916597366333,1
xtail/passive_1/115,xtail,passive_1,115,115,Some mailmen weren't , by a committeeman.,daubed,resounded,Some mailmen weren't daubed by a committeeman.,Some mailmen weren't resounded by a committeeman.,blustered,xtail/passive_1/daub/was,-62.38475026935339,-14.790593564510345,-25.169086508452892,-5.987793922424316,13,3,-65.92345270514488,-21.30407428741455,-22.19430822134018,-2.089613437652588,12,2,3.5387024357914925,6.513480722904205,-2.974778287112713,-3.8981804847717285,1
xtail/passive_1/116,xtail,passive_1,116,116,Many solons are , by some substring.,rearmed,tottered,Many solons are rearmed by some substring.,Many solons are tottered by some substring.,lolled,xtail/passive_1/rearm/was,-58.159761905670166,-15.028530597686768,-26.20566415786743,-1.6884520053863525,10,2,-61.3937292098999,-16.18345594406128,-28.284706115722656,-3.425960063934326,10,2,3.2339673042297363,1.1549253463745117,2.0790419578552246,1.7375080585479736,1
xtail/passive_1/117,xtail,passive_1,117,117,The paraplegics aren't , by a lot of chilblains.,disgorged,exulted,The paraplegics aren't disgorged by a lot of chilblains.,The paraplegics aren't exulted by a lot of chilblains.,flounced,xtail/passive_1/disgorge/was,-72.02558775246143,-15.606399327516556,-31.39739741384983,-3.365419387817383,17,3,-71.37578295916319,-15.018905460834503,-31.33508648723364,-2.318591356277466,17,3,-0.6498047932982445,-0.5874938666820526,-0.062310926616191864,-1.046828031539917,0
xtail/passive_1/120,xtail,passive_1,120,120,Most newsagents weren't , by this visualiser.,rearmed,tottered,Most newsagents weren't rearmed by this visualiser.,Most newsagents weren't tottered by this visualiser.,writhed,xtail/passive_1/rearm/was,-76.2587661743164,-18.097207069396973,-30.458383321762085,-2.8582115173339844,11,2,-73.7569272518158,-17.054967880249023,-28.998783588409424,-2.6714563369750977,11,2,-2.5018389225006104,-1.0422391891479492,-1.4595997333526611,-0.18675518035888672,0
xtail/passive_1/126,xtail,passive_1,126,126,Many nutcases aren't , by this ironist.,pigeonholed,hitchhiked,Many nutcases aren't pigeonholed by this ironist.,Many nutcases aren't hitchhiked by this ironist.,wormed,xtail/passive_1/pigeonhole/was,-63.57264833152294,-14.547162339091301,-24.0466206073761,-2.199031114578247,13,4,-72.56733575463295,-20.837383776903152,-26.751086592674255,-3.1214184761047363,12,3,8.994687423110008,6.2902214378118515,2.7044659852981567,0.9223873615264893,1
xtail/passive_1/131,xtail,passive_1,131,131,The tractability wasn't , by some insanities.,immolated,vacillated,The tractability wasn't immolated by some insanities.,The tractability wasn't vacillated by some insanities.,blustered,xtail/passive_1/immolate/was,-68.52906632423401,-18.45556640625,-23.875943541526794,-1.9097601175308228,12,2,-72.48050236701965,-20.982047200202942,-25.300898790359497,-2.3952181339263916,13,3,3.9514360427856445,2.526480793952942,1.4249552488327026,0.48545801639556885,1
xtail/passive_1/132,xtail,passive_1,132,132,An epicondylitis isn't , by a toller.,clouted,groused,An epicondylitis isn't clouted by a toller.,An epicondylitis isn't groused by a toller.,droned,xtail/passive_1/clout/was,-75.9545242190361,-20.438725113868713,-25.618630409240723,-2.1843159198760986,14,3,-73.71131616830826,-20.28437614440918,-23.529771327972412,-2.8252992630004883,13,2,-2.2432080507278442,-0.1543489694595337,-2.0888590812683105,0.6409833431243896,0
xtail/passive_1/133,xtail,passive_1,133,133,Whirls aren't , by the stocktaking.,suckled,defecated,Whirls aren't suckled by the stocktaking.,Whirls aren't defecated by the stocktaking.,vacillated,xtail/passive_1/suckle/was,-63.013376116752625,-17.777243614196777,-26.856253147125244,-1.2794420719146729,11,2,-59.48381149768829,-16.237993955612183,-24.865938186645508,-2.69599986076355,12,3,-3.529564619064331,-1.5392496585845947,-1.9903149604797363,1.416557788848877,0
xtail/passive_1/138,xtail,passive_1,138,138,A lot of meanies weren't , by a lot of covariances.,placated,crackled,A lot of meanies weren't placated by a lot of covariances.,A lot of meanies weren't crackled by a lot of covariances.,slunk,xtail/passive_1/placate/was,-72.00909834075719,-11.088442146778107,-30.041070063598454,-1.4315320253372192,16,2,-80.48207514500245,-18.58311367034912,-31.019375344272703,-3.1638095378875732,16,2,8.472976804245263,7.494671523571014,0.9783052806742489,1.732277512550354,1
xtail/passive_1/141,xtail,passive_1,141,141,The criminologists are , by the savarin.,pigeonholed,hitchhiked,The criminologists are pigeonholed by the savarin.,The criminologists are hitchhiked by the savarin.,blustered,xtail/passive_1/pigeonhole/was,-63.99479401111603,-14.830204129219055,-29.61659836769104,-3.045694351196289,13,4,-69.1872487962246,-23.13538870215416,-26.503868579864502,-2.443591594696045,12,3,5.192454785108566,8.305184572935104,-3.112729787826538,-0.6021027565002441,1
xtail/passive_1/142,xtail,passive_1,142,142,Many gilders are , by the juntas.,rearmed,tottered,Many gilders are rearmed by the juntas.,Many gilders are tottered by the juntas.,picnicked,xtail/passive_1/rearm/was,-56.80906039476395,-15.205642700195312,-21.318643152713776,-1.9523489475250244,12,2,-63.932618379592896,-17.252238750457764,-26.395605087280273,-3.713606119155884,12,2,7.123557984828949,2.046596050262451,5.076961934566498,1.7612571716308594,1
xtail/passive_1/144,xtail,passive_1,144,144,A lot of misuses are , by those toastmasters.,pigeonholed,hitchhiked,A lot of misuses are pigeonholed by those toastmasters.,A lot of misuses are hitchhiked by those toastmasters.,vegetated,xtail/passive_1/pigeonhole/was,-67.37064447533339,-13.788572311401367,-29.61801231931895,-2.7653017044067383,15,4,-73.30431889370084,-19.058121651411057,-30.282137397676706,-2.804145336151123,14,3,5.9336744183674455,5.269549340009689,0.6641250783577561,0.038843631744384766,1
xtail/passive_1/145,xtail,passive_1,145,145,Some bibliographers aren't , by some egotist.,placated,crackled,Some bibliographers aren't placated by some egotist.,Some bibliographers aren't crackled by some egotist.,sulked,xtail/passive_1/placate/was,-65.2727475464344,-12.723903000354767,-27.22883105278015,-1.0416162014007568,12,2,-73.25567933917046,-20.064970016479492,-27.87069582939148,-2.4073996543884277,12,2,7.9829317927360535,7.341067016124725,0.6418647766113281,1.365783452987671,1
xtail/passive_1/150,xtail,passive_1,150,150,Some careerists were , by every apparatchik.,reproached,whizzed,Some careerists were reproached by every apparatchik.,Some careerists were whizzed by every apparatchik.,smoldered,xtail/passive_1/reproach/was,-55.33838886395097,-11.60499569773674,-23.680787537246943,-1.7320988178253174,11,2,-61.08297098428011,-16.628701210021973,-24.40166414529085,-2.452117919921875,12,3,5.744582120329142,5.0237055122852325,0.7208766080439091,0.7200191020965576,1
xtail/passive_1/151,xtail,passive_1,151,151,A lot of hirers aren't , by most sadists.,edified,toddled,A lot of hirers aren't edified by most sadists.,A lot of hirers aren't toddled by most sadists.,perspired,xtail/passive_1/edify/was,-72.49287141859531,-16.065879344940186,-26.755576133728027,-2.3519480228424072,13,2,-78.87965907156467,-21.02665138244629,-28.181591749191284,-3.382175922393799,13,2,6.38678765296936,4.9607720375061035,1.4260156154632568,1.0302278995513916,1
xtail/passive_1/152,xtail,passive_1,152,152,That navvy isn't , by luggers.,recompensed,leered,That navvy isn't recompensed by luggers.,That navvy isn't leered by luggers.,seethed,xtail/passive_1/recompense/was,-63.26604799926281,-15.419853210449219,-24.677615880966187,-3.555973768234253,11,3,-60.75302438437939,-16.98248291015625,-20.601962566375732,-5.664139747619629,10,2,-2.513023614883423,1.5626296997070312,-4.075653314590454,2.108165979385376,0
xtail/passive_1/153,xtail,passive_1,153,153,Asperities were , by many waggles.,shooed,quivered,Asperities were shooed by many waggles.,Asperities were quivered by many waggles.,pulsated,xtail/passive_1/shoo/was,-60.3646784722805,-12.510595887899399,-31.487009525299072,-5.045294284820557,12,3,-56.404154539108276,-13.375798225402832,-26.661283254623413,-3.230422019958496,11,2,-3.960523933172226,0.8652023375034332,-4.825726270675659,-1.8148722648620605,0
xtail/passive_1/156,xtail,passive_1,156,156,That alpinist isn't , by that protectress.,permed,fawned,That alpinist isn't permed by that protectress.,That alpinist isn't fawned by that protectress.,panted,xtail/passive_1/perm/was,-66.54835042357445,-16.9188175201416,-25.58890414237976,-3.6076064109802246,12,2,-64.32571640610695,-13.820676803588867,-26.464410841464996,-5.17241907119751,13,3,-2.222634017467499,-3.0981407165527344,0.8755066990852356,1.5648126602172852,0
xtail/passive_1/162,xtail,passive_1,162,162,Many juntos are , by these negations.,larded,fizzed,Many juntos are larded by these negations.,Many juntos are fizzed by these negations.,bustled,xtail/passive_1/lard/was,-62.73468363285065,-17.10970115661621,-22.13305175304413,-3.209841728210449,11,2,-63.208770513534546,-18.153042316436768,-21.56379747390747,-2.527259349822998,12,3,0.4740868806838989,1.0433411598205566,-0.5692542791366577,-0.6825823783874512,1
xtail/passive_1/165,xtail,passive_1,165,165,Some mugwump wasn't , by most pantaloons.,permed,fawned,Some mugwump wasn't permed by most pantaloons.,Some mugwump wasn't fawned by most pantaloons.,toddled,xtail/passive_1/perm/was,-70.44586509522196,-15.335882663726807,-27.466405623221362,-4.1339874267578125,13,2,-69.13164585940831,-13.908551335334778,-27.57951771579974,-4.832320690155029,14,3,-1.3142192358136526,-1.4273313283920288,0.11311209257837618,0.6983332633972168,0
xtail/passive_1/170,xtail,passive_1,170,170,Every scullion was , by some webmasters.,doffed,salivated,Every scullion was doffed by some webmasters.,Every scullion was salivated by some webmasters.,clammed,xtail/passive_1/doff/was,-60.95286010950804,-10.924617528915405,-30.24217676371336,-3.494945526123047,13,3,-64.65747316926718,-14.285614013671875,-30.58579333871603,-2.0956599712371826,12,2,3.70461305975914,3.3609964847564697,0.3436165750026703,-1.3992855548858643,1
xtail/passive_1/173,xtail,passive_1,173,173,These balloonists weren't , by many scrutineers.,lathered,slouched,These balloonists weren't lathered by many scrutineers.,These balloonists weren't slouched by many scrutineers.,burgeoned,xtail/passive_1/lather/was,-72.08513815328479,-17.217362880706787,-30.009612511843443,-6.073951244354248,12,2,-69.98875065147877,-13.915508270263672,-31.215079620480537,-5.035892963409424,12,2,-2.0963875018060207,-3.3018546104431152,1.2054671086370945,-1.0380582809448242,0
xtail/passive_1/174,xtail,passive_1,174,174,A cybersex isn't , by these docents.,rearmed,tottered,A cybersex isn't rearmed by these docents.,A cybersex isn't tottered by these docents.,clammed,xtail/passive_1/rearm/was,-73.21981799602509,-19.4599871635437,-24.7385436296463,-2.302152633666992,11,2,-75.08172810077667,-20.814064979553223,-25.246375918388367,-2.796837568283081,11,2,1.861910104751587,1.3540778160095215,0.5078322887420654,0.49468493461608887,1
xtail/passive_1/177,xtail,passive_1,177,177,All cowherds are , by the symbolists.,reproved,remonstrated,All cowherds are reproved by the symbolists.,All cowherds are remonstrated by the symbolists.,fawned,xtail/passive_1/reprove/was,-55.537413001060486,-14.35702133178711,-20.613456964492798,-2.1937806606292725,11,2,-56.29563581943512,-15.165312767028809,-20.563388347625732,-2.336047649383545,12,3,0.7582228183746338,0.8082914352416992,-0.05006861686706543,0.14226698875427246,1
xtail/passive_1/178,xtail,passive_1,178,178,Some bibliographer was , by a lot of entires.,extirpated,vegetated,Some bibliographer was extirpated by a lot of entires.,Some bibliographer was vegetated by a lot of entires.,billeted,xtail/passive_1/extirpate/was,-67.91373927332461,-15.36733471788466,-28.916539385914803,-2.5769433975219727,14,4,-65.92980115115643,-14.648022651672363,-27.651913329958916,-2.032477617263794,12,2,-1.9839381221681833,-0.7193120662122965,-1.2646260559558868,-0.5444657802581787,0
xtail/passive_1/180,xtail,passive_1,180,180,Most hotheads aren't , by some fabulist.,immolated,vacillated,Most hotheads aren't immolated by some fabulist.,Most hotheads aren't vacillated by some fabulist.,gloated,xtail/passive_1/immolate/was,-63.09355032444,-16.473115921020508,-25.297192752361298,-2.074204206466675,12,2,-66.69216120243073,-18.04528033733368,-27.32363921403885,-2.285846471786499,13,3,3.5986108779907227,1.5721644163131714,2.0264464616775513,0.21164226531982422,1
xtail/passive_1/181,xtail,passive_1,181,181,These snoopers are , by that manageress.,clouted,groused,These snoopers are clouted by that manageress.,These snoopers are groused by that manageress.,scrammed,xtail/passive_1/clout/was,-59.50383025407791,-15.313807249069214,-25.8593533039093,-1.1652195453643799,12,3,-61.91866093873978,-17.630752563476562,-25.95723867416382,-3.5717484951019287,11,2,2.4148306846618652,2.3169453144073486,0.0978853702545166,2.406528949737549,1
xtail/passive_1/187,xtail,passive_1,187,187,A bonhomie isn't , by this ponyboy.,shooed,quivered,A bonhomie isn't shooed by this ponyboy.,A bonhomie isn't quivered by this ponyboy.,coexisted,xtail/passive_1/shoo/was,-71.01247751712799,-16.195950746536255,-29.36218225955963,-4.707376003265381,13,3,-71.40325975418091,-17.393349647521973,-28.55556559562683,-1.2780849933624268,12,2,0.3907822370529175,1.1973989009857178,-0.8066166639328003,-3.429291009902954,1
xtail/passive_1/189,xtail,passive_1,189,189,Compositors weren't , by every signaler.,reproached,whizzed,Compositors weren't reproached by every signaler.,Compositors weren't whizzed by every signaler.,wallowed,xtail/passive_1/reproach/was,-61.37717780470848,-14.651755809783936,-27.50769579410553,-2.7148542404174805,11,2,-61.80884298682213,-15.8927561044693,-26.698360681533813,-2.733851909637451,12,3,0.43166518211364746,1.2410002946853638,-0.8093351125717163,0.018997669219970703,1
xtail/passive_1/190,xtail,passive_1,190,190,The serialisation was , by some lymphedema.,disabused,sidled,The serialisation was disabused by some lymphedema.,The serialisation was sidled by some lymphedema.,gusted,xtail/passive_1/disabuse/was,-67.87900021672249,-16.15317013859749,-31.63158416748047,-1.9099550247192383,13,3,-66.45655111968517,-17.43277645111084,-28.929528757929802,-4.636496543884277,12,2,-1.4224490970373154,1.2796063125133514,-2.702055409550667,2.726541519165039,0
xtail/passive_1/191,xtail,passive_1,191,191,Some narks aren't , by every suburbanite.,suckled,defecated,Some narks aren't suckled by every suburbanite.,Some narks aren't defecated by every suburbanite.,fidgeted,xtail/passive_1/suckle/was,-70.78820103406906,-20.15208339691162,-27.39211666584015,-1.2477211952209473,11,2,-65.21471756696701,-16.275153875350952,-25.695562720298767,-2.817993640899658,12,3,-5.573483467102051,-3.876929521560669,-1.6965539455413818,1.570272445678711,0
xtail/passive_1/193,xtail,passive_1,193,193,The typographers are , by some colossi.,hefted,hibernated,The typographers are hefted by some colossi.,The typographers are hibernated by some colossi.,calved,xtail/passive_1/heft/was,-60.95448039472103,-17.9447603225708,-22.47154639661312,-2.100872755050659,12,3,-62.9903240185231,-17.546036003157496,-24.90611433982849,-3.3272557258605957,13,4,2.035843623802066,-0.39872431941330433,2.43456794321537,1.2263829708099365,1
xtail/passive_1/195,xtail,passive_1,195,195,A stander isn't , by all shearers.,stoppered,quacked,A stander isn't stoppered by all shearers.,A stander isn't quacked by all shearers.,whizzed,xtail/passive_1/stopper/was,-68.70100557804108,-17.232484817504883,-28.972490072250366,-3.1927480697631836,11,2,-67.28435122966766,-17.024775505065918,-27.763545036315918,-2.780656337738037,11,2,-1.416654348373413,-0.20770931243896484,-1.2089450359344482,-0.4120917320251465,0
xtail/passive_1/196,xtail,passive_1,196,196,The settlor wasn't , by most classicists.,disquieted,goggled,The settlor wasn't disquieted by most classicists.,The settlor wasn't goggled by most classicists.,salivated,xtail/passive_1/disquiet/was,-68.17726570367813,-13.838482692837715,-29.352580428123474,-0.9296270608901978,12,3,-72.08670280873775,-18.939752459526062,-28.16074776649475,-2.7694807052612305,12,3,3.9094371050596237,5.101269766688347,-1.1918326616287231,1.8398536443710327,1
xtail/passive_1/208,xtail,passive_1,208,208,These luthiers weren't , by most preservationists.,debugged,tingled,These luthiers weren't debugged by most preservationists.,These luthiers weren't tingled by most preservationists.,hibernated,xtail/passive_1/debug/was,-68.63243001699448,-16.90210247039795,-24.707289814949036,-2.8433008193969727,12,2,-73.60354763269424,-20.673617362976074,-25.90689253807068,-1.0255720615386963,12,2,4.971117615699768,3.771514892578125,1.199602723121643,-1.8177287578582764,1
xtail/passive_1/209,xtail,passive_1,209,209,Some cinderellas were , by an iconology.,suckled,defecated,Some cinderellas were suckled by an iconology.,Some cinderellas were defecated by an iconology.,clammed,xtail/passive_1/suckle/was,-58.405990570783615,-12.407738089561462,-25.864588260650635,-0.633413553237915,12,2,-61.51610454916954,-15.463886857032776,-25.918553471565247,-1.614709496498108,13,3,3.1101139783859253,3.0561487674713135,0.053965210914611816,0.9812959432601929,1
xtail/passive_1/210,xtail,passive_1,210,210,Gobbles aren't , by some significances.,lathered,slouched,Gobbles aren't lathered by some significances.,Gobbles aren't slouched by some significances.,seethed,xtail/passive_1/lather/was,-71.46623107790947,-15.294640302658081,-33.82470989227295,-5.6825270652771,11,2,-70.2022530734539,-14.363079071044922,-33.49229311943054,-5.042797565460205,11,2,-1.2639780044555664,-0.9315612316131592,-0.3324167728424072,-0.6397294998168945,0
xtail/passive_1/211,xtail,passive_1,211,211,All suborders weren't , by a plage.,sundered,eavesdropped,All suborders weren't sundered by a plage.,All suborders weren't eavesdropped by a plage.,eavesdropped,xtail/passive_1/sunder/was,-65.97606560587883,-15.014008522033691,-23.35192894935608,-3.472538948059082,11,2,-70.13642965629697,-15.521719593554735,-27.004581928253174,-4.300875186920166,13,4,4.1603640504181385,0.5077110715210438,3.6526529788970947,0.828336238861084,1
xtail/passive_1/215,xtail,passive_1,215,215,Many interlopers are , by this sustainer.,debugged,tingled,Many interlopers are debugged by this sustainer.,Many interlopers are tingled by this sustainer.,swaggered,xtail/passive_1/debug/was,-57.89921248186147,-15.524442911148071,-23.96041351556778,-2.3896026611328125,11,2,-60.99292677867925,-18.818001747131348,-23.760568976402283,-0.5986300706863403,11,2,3.0937142968177795,3.2935588359832764,-0.19984453916549683,-1.7909725904464722,1
xtail/passive_1/218,xtail,passive_1,218,218,The roadhog is , by all malingerers.,debugged,tingled,The roadhog is debugged by all malingerers.,The roadhog is tingled by all malingerers.,slunk,xtail/passive_1/debug/was,-62.79889770317823,-15.0328329205513,-27.99033345747739,-1.932902455329895,12,2,-63.41716153547168,-17.1213698387146,-26.520060371607542,-1.7573691606521606,12,2,0.6182638322934508,2.0885369181632996,-1.4702730858698487,-0.17553329467773438,1
xtail/passive_1/219,xtail,passive_1,219,219,Every mumsy is , by some shipwright.,reproved,remonstrated,Every mumsy is reproved by some shipwright.,Every mumsy is remonstrated by some shipwright.,molted,xtail/passive_1/reprove/was,-66.0758581161499,-16.51076364517212,-23.61828351020813,-2.124955415725708,11,2,-66.56476038694382,-15.19172877073288,-25.426220655441284,-2.415139675140381,12,3,0.4889022707939148,-1.3190348744392395,1.8079371452331543,0.29018425941467285,1
xtail/passive_1/221,xtail,passive_1,221,221,Some prognosticators are , by the cardoon.,daubed,resounded,Some prognosticators are daubed by the cardoon.,Some prognosticators are resounded by the cardoon.,jested,xtail/passive_1/daub/was,-59.75652885437012,-17.5161554813385,-25.515106678009033,-4.534567832946777,11,3,-62.26767444610596,-20.8067569732666,-24.735650777816772,-1.2886414527893066,10,2,2.51114559173584,3.2906014919281006,-0.7794559001922607,-3.2459263801574707,1
xtail/passive_1/222,xtail,passive_1,222,222,These fieldworkers were , by kindreds.,swaddled,decamped,These fieldworkers were swaddled by kindreds.,These fieldworkers were decamped by kindreds.,jested,xtail/passive_1/swaddle/was,-53.578328248113394,-13.317829366773367,-21.296798825263977,-3.800507068634033,11,3,-53.1192764043808,-14.665973663330078,-19.48960268497467,-2.2926247119903564,10,2,-0.45905184373259544,1.3481442965567112,-1.8071961402893066,-1.5078823566436768,0
xtail/passive_1/225,xtail,passive_1,225,225,This authoress is , by those continuations.,unlatched,burgeoned,This authoress is unlatched by those continuations.,This authoress is burgeoned by those continuations.,intermarried,xtail/passive_1/unlatch/was,-61.848788753151894,-18.427127614617348,-24.796324253082275,-2.687619686126709,12,3,-61.00155866146088,-17.655091047286987,-24.72113072872162,-1.8006916046142578,12,3,-0.8472300916910172,-0.7720365673303604,-0.07519352436065674,-0.8869280815124512,0
xtail/passive_1/228,xtail,passive_1,228,228,The oldtimer wasn't , by the lifework.,permed,fawned,The oldtimer wasn't permed by the lifework.,The oldtimer wasn't fawned by the lifework.,flounced,xtail/passive_1/perm/was,-64.26563231647015,-16.178985118865967,-24.80305916070938,-4.609668254852295,12,2,-61.68690501153469,-13.237902164459229,-25.165414810180664,-5.587031841278076,13,3,-2.5787273049354553,-2.9410829544067383,0.36235564947128296,0.9773635864257812,0
xtail/passive_1/229,xtail,passive_1,229,229,Stainers are , by some perfectionists.,immolated,vacillated,Stainers are immolated by some perfectionists.,Stainers are vacillated by some perfectionists.,clattered,xtail/passive_1/immolate/was,-51.59336996078491,-15.937592506408691,-23.771338939666748,-2.0441970825195312,9,2,-52.314796924591064,-18.89335858821869,-21.536999821662903,-2.760956287384033,10,3,0.7214269638061523,2.9557660818099976,-2.234339118003845,0.716759204864502,1
xtail/passive_1/230,xtail,passive_1,230,230,All interlopers were , by every messmate.,wadded,shimmered,All interlopers were wadded by every messmate.,All interlopers were shimmered by every messmate.,oscillated,xtail/passive_1/wad/was,-59.8080601306865,-13.743768692016602,-27.948014497756958,-4.811407089233398,11,2,-61.74023743590806,-14.287182092666626,-29.33677840232849,-2.460078239440918,12,3,1.9321773052215576,0.5434134006500244,1.3887639045715332,-2.3513288497924805,1
xtail/passive_1/231,xtail,passive_1,231,231,Those slowpokes aren't , by some scholia.,recompensed,leered,Those slowpokes aren't recompensed by some scholia.,Those slowpokes aren't leered by some scholia.,zigzagged,xtail/passive_1/recompense/was,-66.48291995376348,-16.123764038085938,-29.30629849433899,-2.8879613876342773,13,3,-70.38005115836859,-17.066431045532227,-32.2607626914978,-6.650557518005371,12,2,3.8971312046051025,0.9426670074462891,2.9544641971588135,3.7625961303710938,1
xtail/passive_1/232,xtail,passive_1,232,232,These dacoits weren't , by that mycologist.,reproached,whizzed,These dacoits weren't reproached by that mycologist.,These dacoits weren't whizzed by that mycologist.,squawked,xtail/passive_1/reproach/was,-65.40827029943466,-14.202287197113037,-25.688036680221558,-2.398203134536743,12,2,-72.36052721738815,-19.20255947113037,-27.640021324157715,-2.991837978363037,13,3,6.952256917953491,5.000272274017334,1.9519846439361572,0.593634843826294,1
xtail/passive_1/233,xtail,passive_1,233,233,Those superfamilies are , by a detractor.,recompensed,leered,Those superfamilies are recompensed by a detractor.,Those superfamilies are leered by a detractor.,gaped,xtail/passive_1/recompense/was,-61.33620870113373,-18.836061716079712,-24.36463451385498,-1.5398826599121094,11,3,-58.881460666656494,-19.708133697509766,-21.037814497947693,-4.485651969909668,10,2,-2.454748034477234,0.8720719814300537,-3.3268200159072876,2.9457693099975586,0
xtail/passive_1/234,xtail,passive_1,234,234,Most understudies weren't , by every daimon.,lathered,slouched,Most understudies weren't lathered by every daimon.,Most understudies weren't slouched by every daimon.,wallowed,xtail/passive_1/lather/was,-67.59682238101959,-15.533347368240356,-28.99975597858429,-5.87766170501709,13,2,-66.71637609601021,-13.234347343444824,-30.418309718370438,-5.073103904724121,13,2,-0.8804462850093842,-2.2990000247955322,1.418553739786148,-0.8045578002929688,0
xtail/passive_1/240,xtail,passive_1,240,240,Those masseurs are , by an absorbency.,suckled,defecated,Those masseurs are suckled by an absorbency.,Those masseurs are defecated by an absorbency.,slogged,xtail/passive_1/suckle/was,-60.941597044467926,-16.131169319152832,-27.275533139705658,-0.8952707648277283,11,2,-63.87639284133911,-19.920573592185974,-26.4209246635437,-2.2864861488342285,12,3,2.9347957968711853,3.789404273033142,-0.8546084761619568,1.3912153840065002,1
xtail/passive_1/242,xtail,passive_1,242,242,Many wordsmiths aren't , by a knacker.,wadded,shimmered,Many wordsmiths aren't wadded by a knacker.,Many wordsmiths aren't shimmered by a knacker.,gloried,xtail/passive_1/wad/was,-60.814418345689774,-18.645111083984375,-20.574238777160645,-3.925232172012329,12,2,-65.06967142224312,-18.695173263549805,-24.77942967414856,-2.041135787963867,13,3,4.255253076553345,0.05006217956542969,4.205190896987915,-1.884096384048462,1
xtail/passive_1/245,xtail,passive_1,245,245,These adjudications weren't , by those blighters.,permed,fawned,These adjudications weren't permed by those blighters.,These adjudications weren't fawned by those blighters.,defecated,xtail/passive_1/perm/was,-66.00277906656265,-17.34350299835205,-24.828087091445923,-2.4134790897369385,11,2,-68.92707133293152,-16.62789672613144,-28.4679856300354,-6.125626564025879,12,3,2.924292266368866,-0.7156062722206116,3.6398985385894775,3.7121474742889404,1
xtail/passive_1/246,xtail,passive_1,246,246,Some homeopath wasn't , by all gerrymanders.,gulled,desisted,Some homeopath wasn't gulled by all gerrymanders.,Some homeopath wasn't desisted by all gerrymanders.,eventuated,xtail/passive_1/gull/was,-72.00753454864025,-15.055265426635742,-31.019801810383797,-1.0776176452636719,13,2,-74.89644342660904,-18.648064613342285,-30.315911501646042,-3.969435453414917,13,2,2.888908877968788,3.592799186706543,-0.7038903087377548,2.891817808151245,1
xtail/passive_1/249,xtail,passive_1,249,249,All graziers were , by a lot of cheesemongers.,garlanded,bantered,All graziers were garlanded by a lot of cheesemongers.,All graziers were bantered by a lot of cheesemongers.,empathized,xtail/passive_1/garland/was,-58.85997253283858,-11.517806254327297,-25.602481458336115,-3.052241086959839,15,3,-62.21137000992894,-14.772297263145447,-25.699387926608324,-3.6765828132629395,15,3,3.3513974770903587,3.2544910088181496,0.09690646827220917,0.6243417263031006,1
xtail/passive_1/250,xtail,passive_1,250,250,Some masseuses weren't , by many jongleurs.,larded,fizzed,Some masseuses weren't larded by many jongleurs.,Some masseuses weren't fizzed by many jongleurs.,slogged,xtail/passive_1/lard/was,-69.56354406476021,-17.883509635925293,-30.676719412207603,-5.571990013122559,14,2,-70.49197563901544,-20.7673077583313,-28.721352864056826,-3.717404842376709,15,3,0.928431574255228,2.883798122406006,-1.9553665481507778,-1.8545851707458496,1
xtail/passive_1/253,xtail,passive_1,253,253,Some halberdiers were , by some capstan.,larded,fizzed,Some halberdiers were larded by some capstan.,Some halberdiers were fizzed by some capstan.,eavesdropped,xtail/passive_1/lard/was,-65.11662966012955,-15.9888916015625,-26.89981770515442,-4.003419399261475,12,2,-65.50607115030289,-18.545433044433594,-24.732717752456665,-2.8512017726898193,13,3,0.38944149017333984,2.5565414428710938,-2.167099952697754,-1.1522176265716553,1
xtail/passive_1/256,xtail,passive_1,256,256,That kludge wasn't , by some framer.,daubed,resounded,That kludge wasn't daubed by some framer.,That kludge wasn't resounded by some framer.,droned,xtail/passive_1/daub/was,-60.620146468281746,-17.442039847373962,-22.504871368408203,-3.9434947967529297,12,3,-62.70236285030842,-18.3237247467041,-23.705402851104736,-2.1111226081848145,11,2,2.0822163820266724,0.8816848993301392,1.2005314826965332,-1.8323721885681152,1
xtail/passive_1/257,xtail,passive_1,257,257,Some nailers were , by that rubberneck.,swaddled,decamped,Some nailers were swaddled by that rubberneck.,Some nailers were decamped by that rubberneck.,smoldered,xtail/passive_1/swaddle/was,-70.2155090495944,-15.457507245242596,-32.12749624252319,-4.093590259552002,11,3,-66.12703847885132,-15.177348613739014,-28.31918430328369,-3.3272666931152344,10,2,-4.088470570743084,-0.280158631503582,-3.808311939239502,-0.7663235664367676,0
xtail/passive_1/259,xtail,passive_1,259,259,Embroiderers were , by those neurotics.,suckled,defecated,Embroiderers were suckled by those neurotics.,Embroiderers were defecated by those neurotics.,gyrated,xtail/passive_1/suckle/was,-55.05400633811951,-13.54232406616211,-25.282949209213257,-0.8578755855560303,11,2,-58.60959613323212,-17.519855737686157,-24.86100733280182,-2.1794118881225586,12,3,3.55558979511261,3.977531671524048,-0.421941876411438,1.3215363025665283,1
xtail/passive_1/262,xtail,passive_1,262,262,The supplicants weren't , by this gleaner.,disabused,sidled,The supplicants weren't disabused by this gleaner.,The supplicants weren't sidled by this gleaner.,hitchhiked,xtail/passive_1/disabuse/was,-61.13455616310239,-11.79469694569707,-23.619312286376953,-3.502331495285034,14,3,-69.61996003985405,-16.894967555999756,-27.004445552825928,-5.844366073608398,13,2,8.485403876751661,5.100270610302687,3.3851332664489746,2.3420345783233643,1
xtail/passive_1/269,xtail,passive_1,269,269,The sticklers were , by a lot of requesters.,clouted,groused,The sticklers were clouted by a lot of requesters.,The sticklers were groused by a lot of requesters.,picnicked,xtail/passive_1/clout/was,-61.588449373841286,-14.201554268598557,-26.783491775393486,-2.0275707244873047,13,3,-58.83989296108484,-12.400537014007568,-25.83595261722803,-2.3672890663146973,12,2,-2.748556412756443,-1.8010172545909882,-0.9475391581654549,0.3397183418273926,0
xtail/passive_1/275,xtail,passive_1,275,275,A lot of mappers are , by a lot of mouthparts.,walloped,gloated,A lot of mappers are walloped by a lot of mouthparts.,A lot of mappers are gloated by a lot of mouthparts.,gusted,xtail/passive_1/wallop/was,-70.2256152657792,-19.673595428466797,-27.365188855677843,-0.8794667720794678,15,2,-69.61050482001156,-16.314215660095215,-30.109458178281784,-3.072450876235962,15,2,-0.6151104457676411,-3.359379768371582,2.744269322603941,2.192984104156494,0
xtail/passive_1/276,xtail,passive_1,276,276,These ethicists weren't , by a duellist.,wagged,basked,These ethicists weren't wagged by a duellist.,These ethicists weren't basked by a duellist.,fizzed,xtail/passive_1/wag/was,-58.85181934759021,-15.822342872619629,-20.682421933859587,-0.6498441100120544,12,2,-68.8002290725708,-19.12728786468506,-27.32588666677475,-2.9827613830566406,12,2,9.948409724980593,3.3049449920654297,6.643464732915163,2.332917273044586,1
xtail/passive_1/278,xtail,passive_1,278,278,Most emergences weren't , by a quarryman.,blasphemed,seethed,Most emergences weren't blasphemed by a quarryman.,Most emergences weren't seethed by a quarryman.,gloated,xtail/passive_1/blaspheme/was,-66.7177220582962,-19.99349284172058,-21.29505956172943,-2.595803737640381,14,4,-65.7593719214201,-18.565673276782036,-21.76452898979187,-4.393306732177734,13,3,-0.9583501368761063,-1.4278195649385452,0.46946942806243896,1.7975029945373535,0
xtail/passive_1/281,xtail,passive_1,281,281,A lot of picnickers are , by many conveyancers.,blabbed,lolled,A lot of picnickers are blabbed by many conveyancers.,A lot of picnickers are lolled by many conveyancers.,gyrated,xtail/passive_1/blab/was,-69.23350023850799,-17.799776554107666,-26.54583203792572,-2.8830809593200684,14,3,-69.90599667653441,-14.580244541168213,-30.4378604888916,-4.357288837432861,13,2,0.6724964380264282,-3.219532012939453,3.8920284509658813,1.474207878112793,1
xtail/passive_1/284,xtail,passive_1,284,284,The cystitis is , by those gawkers.,ogled,wallowed,The cystitis is ogled by those gawkers.,The cystitis is wallowed by those gawkers.,eventuated,xtail/passive_1/ogle/was,-71.85962122678757,-22.12681293487549,-30.073601841926575,-1.5435482263565063,12,2,-64.56315749883652,-19.274208545684814,-25.6297425031662,-2.207524299621582,12,2,-7.29646372795105,-2.852604389190674,-4.443859338760376,0.6639760732650757,0
xtail/passive_1/286,xtail,passive_1,286,286,Every wiseacre isn't , by that esthetician.,sundered,eavesdropped,Every wiseacre isn't sundered by that esthetician.,Every wiseacre isn't eavesdropped by that esthetician.,eavesdropped,xtail/passive_1/sunder/was,-73.80766642093658,-16.71639633178711,-30.44305157661438,-2.082702398300171,12,2,-71.50323450565338,-15.319977760314941,-29.535038232803345,-3.5550053119659424,14,4,-2.304431915283203,-1.396418571472168,-0.9080133438110352,1.4723029136657715,0
xtail/passive_1/287,xtail,passive_1,287,287,These inspectorates weren't , by a bluestocking.,suckled,defecated,These inspectorates weren't suckled by a bluestocking.,These inspectorates weren't defecated by a bluestocking.,procreated,xtail/passive_1/suckle/was,-62.661149479215965,-16.85647487640381,-20.125767566030845,-1.357698678970337,13,2,-65.80978976003826,-18.00981307029724,-22.121069652959704,-2.330972909927368,14,3,3.148640280822292,1.1533381938934326,1.9953020869288594,0.9732742309570312,1
xtail/passive_1/288,xtail,passive_1,288,288,That scofflaw is , by the earmuff.,obviated,teemed,That scofflaw is obviated by the earmuff.,That scofflaw is teemed by the earmuff.,defecated,xtail/passive_1/obviate/was,-55.01891177892685,-14.98346209526062,-22.33825534582138,-0.8495492935180664,13,3,-61.67189085483551,-17.14726734161377,-26.827429175376892,-2.557281255722046,12,2,6.652979075908661,2.1638052463531494,4.4891738295555115,1.7077319622039795,1
xtail/passive_1/290,xtail,passive_1,290,290,These hurlers are , by some guzzlers.,sundered,eavesdropped,These hurlers are sundered by some guzzlers.,These hurlers are eavesdropped by some guzzlers.,desisted,xtail/passive_1/sunder/was,-58.775259256362915,-16.251729011535645,-25.595932245254517,-2.7186551094055176,12,2,-59.83210229128599,-19.333512000739574,-23.570992290973663,-3.6047072410583496,14,4,1.0568430349230766,3.08178298920393,-2.0249399542808533,0.886052131652832,1
xtail/passive_1/294,xtail,passive_1,294,294,These muckrakers weren't , by woodcutters.,walloped,gloated,These muckrakers weren't walloped by woodcutters.,These muckrakers weren't gloated by woodcutters.,droned,xtail/passive_1/wallop/was,-57.34818339860067,-16.279433727264404,-16.327981762588024,-1.0258511304855347,13,2,-60.59663368528709,-15.225736141204834,-20.630129635334015,-3.9271140098571777,13,2,3.2484502866864204,-1.0536975860595703,4.302147872745991,2.901262879371643,1
xtail/passive_1/295,xtail,passive_1,295,295,This counterterrorist wasn't , by most crackpots.,disabused,sidled,This counterterrorist wasn't disabused by most crackpots.,This counterterrorist wasn't sidled by most crackpots.,putrefied,xtail/passive_1/disabuse/was,-67.05185317061841,-14.756012797355652,-24.43120147846639,-3.0575687885284424,14,3,-71.7347622346133,-18.08305549621582,-25.787067843601108,-5.240147113800049,13,2,4.6829090639948845,3.3270426988601685,1.355866365134716,2.1825783252716064,1
xtail/passive_1/296,xtail,passive_1,296,296,The croupiers weren't , by every fungibility.,obviated,teemed,The croupiers weren't obviated by every fungibility.,The croupiers weren't teemed by every fungibility.,picnicked,xtail/passive_1/obviate/was,-66.84377671778202,-16.564924582839012,-26.835394144058228,-1.870086669921875,14,3,-74.32656040787697,-19.949090003967285,-30.934012413024902,-3.8392233848571777,13,2,7.482783690094948,3.384165421128273,4.098618268966675,1.9691367149353027,1
xtail/passive_1/298,xtail,passive_1,298,298,Some melters are , by all contortionists.,larded,fizzed,Some melters are larded by all contortionists.,Some melters are fizzed by all contortionists.,slunk,xtail/passive_1/lard/was,-61.19874882698059,-14.604252815246582,-28.88429045677185,-4.5677900314331055,11,2,-62.40597128868103,-16.185622692108154,-28.510143041610718,-2.9813406467437744,12,3,1.2072224617004395,1.5813698768615723,-0.3741474151611328,-1.586449384689331,1
xtail/passive_1/299,xtail,passive_1,299,299,The praesidium wasn't , by the flavone.,gulled,desisted,The praesidium wasn't gulled by the flavone.,The praesidium wasn't desisted by the flavone.,hungered,xtail/passive_1/gull/was,-68.86801508069038,-14.30051326751709,-25.96719467639923,-1.587967872619629,12,2,-70.75007078051567,-15.162567615509033,-26.987196028232574,-2.800762176513672,12,2,1.8820556998252869,0.8620543479919434,1.0200013518333435,1.212794303894043,1
xtail/passive_1/300,xtail,passive_1,300,300,Most mortgagees were , by every officiant.,immolated,vacillated,Most mortgagees were immolated by every officiant.,Most mortgagees were vacillated by every officiant.,swaggered,xtail/passive_1/immolate/was,-68.91723656654358,-15.895641326904297,-31.904301404953003,-2.2900125980377197,10,2,-72.82018148899078,-18.58210051059723,-33.120787143707275,-5.300775051116943,11,3,3.9029449224472046,2.686459183692932,1.2164857387542725,3.0107624530792236,1
xtail/passive_1/302,xtail,passive_1,302,302,Some levellers were , by those proles.,garlanded,bantered,Some levellers were garlanded by those proles.,Some levellers were bantered by those proles.,decamped,xtail/passive_1/garland/was,-53.16298182308674,-11.186765745282173,-23.564906358718872,-3.1389737129211426,11,3,-55.69187575764954,-14.181014122441411,-23.099551916122437,-3.1966443061828613,11,3,2.5288939345628023,2.994248377159238,-0.46535444259643555,0.05767059326171875,1
xtail/passive_1/304,xtail,passive_1,304,304,A toucher is , by cabinetmakers.,walloped,gloated,A toucher is walloped by cabinetmakers.,A toucher is gloated by cabinetmakers.,berthed,xtail/passive_1/wallop/was,-57.7134051322937,-17.53283452987671,-19.088509798049927,-1.5747978687286377,9,2,-59.18126678466797,-16.0449001789093,-22.0443058013916,-3.1339406967163086,9,2,1.4678616523742676,-1.4879343509674072,2.955796003341675,1.559142827987671,1
xtail/passive_1/306,xtail,passive_1,306,306,Some gadabout wasn't , by these daubers.,gulled,desisted,Some gadabout wasn't gulled by these daubers.,Some gadabout wasn't desisted by these daubers.,crackled,xtail/passive_1/gull/was,-64.3800036162138,-14.6505765914917,-22.552417278289795,-1.0554566383361816,12,2,-71.25529472529888,-19.1518497467041,-24.926435232162476,-3.4814372062683105,12,2,6.875291109085083,4.501273155212402,2.3740179538726807,2.425980567932129,1
xtail/passive_1/309,xtail,passive_1,309,309,Those essayists were , by some reelers.,ogled,wallowed,Those essayists were ogled by some reelers.,Those essayists were wallowed by some reelers.,clacked,xtail/passive_1/ogle/was,-60.9590762257576,-14.525895833969116,-29.40325218439102,-0.9541493058204651,10,2,-65.60441756248474,-14.852941274642944,-33.721548080444336,-3.124943733215332,10,2,4.645341336727142,0.3270454406738281,4.318295896053314,2.170794427394867,1
xtail/passive_1/312,xtail,passive_1,312,312,This backhander is , by some foundlings.,sundered,eavesdropped,This backhander is sundered by some foundlings.,This backhander is eavesdropped by some foundlings.,basked,xtail/passive_1/sunder/was,-63.423484325408936,-17.914023876190186,-27.29270339012146,-1.953017234802246,11,2,-65.40470657683909,-18.323613623157144,-28.864335894584656,-3.1191585063934326,13,4,1.9812222514301538,0.40958974696695805,1.5716325044631958,1.1661412715911865,1
xtail/passive_1/314,xtail,passive_1,314,314,All thanes are , by every supermom.,recompensed,leered,All thanes are recompensed by every supermom.,All thanes are leered by every supermom.,gusted,xtail/passive_1/recompense/was,-66.87929129600525,-13.329516410827637,-32.09174418449402,-2.4136853218078613,11,3,-66.94186115264893,-14.811802387237549,-30.672028064727783,-3.227895736694336,10,2,0.06256985664367676,1.482285976409912,-1.4197161197662354,0.8142104148864746,1
xtail/passive_1/316,xtail,passive_1,316,316,This gunrunner was , by a jongleur.,disgorged,exulted,This gunrunner was disgorged by a jongleur.,This gunrunner was exulted by a jongleur.,puttered,xtail/passive_1/disgorge/was,-60.64768701046705,-14.292908370494843,-24.71484362334013,-2.540766477584839,13,3,-59.10246975440532,-14.668843686580658,-22.79369105119258,-1.7673178911209106,13,3,-1.5452172560617328,0.37593531608581543,-1.9211525721475482,-0.7734485864639282,0
xtail/passive_1/318,xtail,passive_1,318,318,Those tamers are , by lexicographers.,disabused,sidled,Those tamers are disabused by lexicographers.,Those tamers are sidled by lexicographers.,wormed,xtail/passive_1/disabuse/was,-52.102656841278076,-14.547252655029297,-20.67940616607666,-3.0899176597595215,11,3,-54.867048144340515,-16.574486255645752,-21.416563868522644,-5.016824245452881,10,2,2.764391303062439,2.027233600616455,0.7371577024459839,1.9269065856933594,1
xtail/passive_1/320,xtail,passive_1,320,320,Oligarchies weren't , by a lot of churchgoers.,outshone,gaped,Oligarchies weren't outshone by a lot of churchgoers.,Oligarchies weren't gaped by a lot of churchgoers.,wallowed,xtail/passive_1/outshine/was,-65.38909328728914,-14.12747111916542,-23.25924853235483,-0.24219238758087158,16,3,-68.14500360749662,-15.91580867767334,-24.22682129405439,-2.792729616165161,15,2,2.7559103202074766,1.7883375585079193,0.9675727616995573,2.5505372285842896,1
xtail/passive_1/323,xtail,passive_1,323,323,The tearjerker isn't , by many jokesters.,crated,lumbered,The tearjerker isn't crated by many jokesters.,The tearjerker isn't lumbered by many jokesters.,scrammed,xtail/passive_1/crate/was,-61.99607706069946,-15.078863143920898,-23.974146604537964,-2.990483283996582,12,2,-62.149896800518036,-14.017548620700836,-25.1892808675766,-3.2675046920776367,12,2,0.153819739818573,-1.0613145232200623,1.2151342630386353,0.2770214080810547,1
xtail/passive_1/325,xtail,passive_1,325,325,Many clockmakers were , by some dystrophies.,shooed,quivered,Many clockmakers were shooed by some dystrophies.,Many clockmakers were quivered by some dystrophies.,crackled,xtail/passive_1/shoo/was,-72.11391109973192,-12.206466622650623,-36.63255310058594,-5.841874599456787,12,3,-70.97914683818817,-17.793594360351562,-29.910661101341248,-1.5547698736190796,11,2,-1.1347642615437508,5.587127737700939,-6.72189199924469,-4.2871047258377075,0
xtail/passive_1/327,xtail,passive_1,327,327,Every viticulturist was , by these empiricists.,placated,crackled,Every viticulturist was placated by these empiricists.,Every viticulturist was crackled by these empiricists.,smoldered,xtail/passive_1/placate/was,-62.77696604654193,-13.542012572288513,-22.231849119067192,-1.0439709424972534,13,2,-68.07482570037246,-18.174914836883545,-22.89680650830269,-2.1762192249298096,13,2,5.297859653830528,4.632902264595032,0.6649573892354965,1.1322482824325562,1
xtail/passive_1/330,xtail,passive_1,330,330,The trouncing is , by a mamaw.,disgorged,exulted,The trouncing is disgorged by a mamaw.,The trouncing is exulted by a mamaw.,decamped,xtail/passive_1/disgorge/was,-62.02000376582146,-14.607558578252792,-25.91377317905426,-2.2279863357543945,11,3,-60.65242528915405,-12.963338136672974,-26.190415143966675,-1.584871768951416,11,3,-1.3675784766674042,-1.6442204415798187,0.27664196491241455,-0.6431145668029785,0
xtail/passive_1/340,xtail,passive_1,340,340,The chorea was , by many nativists.,sundered,eavesdropped,The chorea was sundered by many nativists.,The chorea was eavesdropped by many nativists.,salivated,xtail/passive_1/sunder/was,-66.06057691574097,-18.820605278015137,-27.65692973136902,-1.4322257041931152,11,2,-63.95133848488331,-18.944620594382286,-25.42367598414421,-2.9920237064361572,13,4,-2.1092384308576584,0.12401531636714935,-2.2332537472248077,1.559798002243042,0
xtail/passive_1/341,xtail,passive_1,341,341,These lawbreakers were , by the homesteader.,regaled,writhed,These lawbreakers were regaled by the homesteader.,These lawbreakers were writhed by the homesteader.,coexisted,xtail/passive_1/regale/was,-50.316500537097454,-13.354982256889343,-20.384358882904053,-2.5547714233398438,11,2,-55.102566592395306,-16.57730531692505,-21.9481018781662,-3.1614415645599365,11,2,4.786066055297852,3.2223230600357056,1.563742995262146,0.6066701412200928,1
xtail/passive_1/342,xtail,passive_1,342,342,A lot of impositions are , by the cartographers.,garlanded,bantered,A lot of impositions are garlanded by the cartographers.,A lot of impositions are bantered by the cartographers.,panted,xtail/passive_1/garland/was,-61.23549412190914,-16.68861809372902,-19.115182280540466,-2.9393022060394287,13,3,-58.79899561405182,-13.175544664263725,-20.191757202148438,-4.678330421447754,13,3,-2.4364985078573227,-3.513073429465294,1.0765749216079712,1.7390282154083252,0
xtail/passive_1/344,xtail,passive_1,344,344,Many beloveds are , by that shedder.,swaddled,decamped,Many beloveds are swaddled by that shedder.,Many beloveds are decamped by that shedder.,ossified,xtail/passive_1/swaddle/was,-59.74225616455078,-12.871745347976685,-30.263633728027344,-4.42184591293335,11,3,-62.437103271484375,-14.080617427825928,-31.749608755111694,-4.936953544616699,10,2,2.6948471069335938,1.2088720798492432,1.4859750270843506,0.5151076316833496,1
xtail/passive_1/349,xtail,passive_1,349,349,Pluggers were , by mineralogists.,doffed,salivated,Pluggers were doffed by mineralogists.,Pluggers were salivated by mineralogists.,slobbered,xtail/passive_1/doff/was,-53.15075171738863,-17.971449851989746,-20.528560765087605,-3.2641329765319824,10,3,-54.1126514673233,-15.01668643951416,-24.445223927497864,-1.6195712089538574,9,2,0.9618997499346733,-2.954763412475586,3.9166631624102592,-1.644561767578125,1
xtail/passive_1/351,xtail,passive_1,351,351,Every hawkshaw was , by some dingbat.,immolated,vacillated,Every hawkshaw was immolated by some dingbat.,Every hawkshaw was vacillated by some dingbat.,bustled,xtail/passive_1/immolate/was,-62.834497690200806,-13.592430591583252,-24.732834815979004,-2.275062322616577,11,2,-75.83709907531738,-22.885170698165894,-28.44269609451294,-5.5523905754089355,12,3,13.002601385116577,9.292740106582642,3.7098612785339355,3.2773282527923584,1
xtail/passive_1/353,xtail,passive_1,353,353,Some dualist isn't , by some quibbles.,wadded,shimmered,Some dualist isn't wadded by some quibbles.,Some dualist isn't shimmered by some quibbles.,fizzed,xtail/passive_1/wad/was,-69.84006410837173,-19.540146827697754,-23.83299469947815,-4.241737365722656,12,2,-66.74972158670425,-17.824941635131836,-22.457857370376587,-2.8163034915924072,13,3,-3.0903425216674805,-1.715205192565918,-1.3751373291015625,-1.425433874130249,0
xtail/passive_1/356,xtail,passive_1,356,356,The sleepyheads weren't , by every cachalot.,mistrusted,coexisted,The sleepyheads weren't mistrusted by every cachalot.,The sleepyheads weren't coexisted by every cachalot.,fawned,xtail/passive_1/mistrust/was,-78.12871846556664,-18.511282444000244,-30.052645698189735,-2.569183826446533,14,3,-78.22727134823799,-17.243223547935486,-31.41925747692585,-4.623071670532227,14,3,0.0985528826713562,-1.2680588960647583,1.3666117787361145,2.0538878440856934,1
xtail/passive_1/357,xtail,passive_1,357,357,A revivalism wasn't , by those newspapermen.,recompensed,leered,A revivalism wasn't recompensed by those newspapermen.,A revivalism wasn't leered by those newspapermen.,quacked,xtail/passive_1/recompense/was,-67.5524617433548,-17.266704320907593,-23.176416635513306,-2.136692762374878,12,3,-71.78208863735199,-20.645402908325195,-24.027344942092896,-6.221294403076172,11,2,4.229626893997192,3.3786985874176025,0.8509283065795898,4.084601640701294,1
xtail/passive_1/358,xtail,passive_1,358,358,Some millwrights were , by that transcriber.,garlanded,bantered,Some millwrights were garlanded by that transcriber.,Some millwrights were bantered by that transcriber.,hyperventilated,xtail/passive_1/garland/was,-59.39113450050354,-12.172317862510681,-28.46237850189209,-3.0477547645568848,12,3,-59.97463598847389,-14.283424645662308,-26.934773206710815,-3.5041258335113525,12,3,0.5835014879703522,2.1111067831516266,-1.5276052951812744,0.4563710689544678,1
xtail/passive_1/363,xtail,passive_1,363,363,Most handymen aren't , by every troglodyte.,edified,toddled,Most handymen aren't edified by every troglodyte.,Most handymen aren't toddled by every troglodyte.,whizzed,xtail/passive_1/edify/was,-63.05301000317559,-16.420167446136475,-24.97461133589968,-1.2773414850234985,14,2,-64.78398221009411,-20.37251901626587,-22.75323197268881,-2.8966286182403564,14,2,1.7309722069185227,3.9523515701293945,-2.221379363210872,1.619287133216858,1
xtail/passive_1/367,xtail,passive_1,367,367,Those geriatricians were , by many procurators.,gulled,desisted,Those geriatricians were gulled by many procurators.,Those geriatricians were desisted by many procurators.,hiccupped,xtail/passive_1/gull/was,-58.34577041864395,-14.566669464111328,-25.734220027923584,-1.1414103507995605,12,2,-62.31551271677017,-16.870211124420166,-27.400420665740967,-2.741283655166626,12,2,3.9697422981262207,2.303541660308838,1.6662006378173828,1.5998733043670654,1
xtail/passive_1/371,xtail,passive_1,371,371,A consignee wasn't , by the fanciers.,recompensed,leered,A consignee wasn't recompensed by the fanciers.,A consignee wasn't leered by the fanciers.,empathized,xtail/passive_1/recompense/was,-64.40573847293854,-13.3583182990551,-23.84442514181137,-3.3276593685150146,13,3,-70.07315620779991,-18.492653846740723,-24.37750732898712,-6.096938133239746,12,2,5.667417734861374,5.134335547685623,0.5330821871757507,2.7692787647247314,1
xtail/passive_1/372,xtail,passive_1,372,372,All chevaliers aren't , by all acquirers.,placated,crackled,All chevaliers aren't placated by all acquirers.,All chevaliers aren't crackled by all acquirers.,intermarried,xtail/passive_1/placate/was,-65.98762421309948,-12.367023169994354,-27.23410952091217,-1.623711109161377,12,2,-74.56755302846432,-19.63426685333252,-28.546794652938843,-2.630518913269043,12,2,8.579928815364838,7.267243683338165,1.3126851320266724,1.006807804107666,1
xtail/passive_1/384,xtail,passive_1,384,384,All goatherds were , by a kabbalist.,lathered,slouched,All goatherds were lathered by a kabbalist.,All goatherds were slouched by a kabbalist.,writhed,xtail/passive_1/lather/was,-67.58724796772003,-13.480362296104431,-29.498565912246704,-5.015713691711426,13,2,-68.81788337230682,-12.776264667510986,-31.43329894542694,-4.936218738555908,13,2,1.230635404586792,-0.7040976285934448,1.9347330331802368,-0.07949495315551758,1
xtail/passive_1/387,xtail,passive_1,387,387,Some devourer is , by that glassmaker.,shooed,quivered,Some devourer is shooed by that glassmaker.,Some devourer is quivered by that glassmaker.,fizzed,xtail/passive_1/shoo/was,-63.548886835575104,-12.538435518741608,-29.79800033569336,-4.977019786834717,12,3,-64.62186121940613,-14.57276439666748,-28.83664584159851,-3.716552972793579,11,2,1.0729743838310242,2.034328877925873,-0.9613544940948486,-1.2604668140411377,1
xtail/passive_1/391,xtail,passive_1,391,391,All soothsayers aren't , by some seances.,resupplied,slogged,All soothsayers aren't resupplied by some seances.,All soothsayers aren't slogged by some seances.,flounced,xtail/passive_1/resupply/was,-71.5665152668953,-19.67298251390457,-24.718528747558594,-2.2995476722717285,13,3,-73.57447004318237,-19.78787326812744,-26.611592769622803,-4.040424346923828,12,2,2.007954776287079,0.11489075422286987,1.893064022064209,1.7408766746520996,1
xtail/passive_1/393,xtail,passive_1,393,393,An oilman wasn't , by the granter.,espied,scrammed,An oilman wasn't espied by the granter.,An oilman wasn't scrammed by the granter.,eventuated,xtail/passive_1/espy/was,-61.15990832448006,-16.939151763916016,-23.064080357551575,-3.291472911834717,11,2,-61.464836567640305,-15.538526594638824,-24.769633769989014,-3.517996311187744,12,3,0.3049282431602478,-1.4006251692771912,1.705553412437439,0.22652339935302734,1
xtail/passive_1/395,xtail,passive_1,395,395,These salvors are , by every behaviourism.,recompensed,leered,These salvors are recompensed by every behaviourism.,These salvors are leered by every behaviourism.,seethed,xtail/passive_1/recompense/was,-63.94791668653488,-12.05311506986618,-32.211291551589966,-1.6985137462615967,11,3,-65.07060885429382,-16.2953519821167,-29.09174680709839,-4.0355424880981445,10,2,1.1226921677589417,4.242236912250519,-3.119544744491577,2.337028741836548,1
xtail/passive_1/396,xtail,passive_1,396,396,The organon is , by a parapsychologist.,blabbed,lolled,The organon is blabbed by a parapsychologist.,The organon is lolled by a parapsychologist.,crackled,xtail/passive_1/blab/was,-58.17142040655017,-19.042996048927307,-19.577464293688536,-1.6564058065414429,13,3,-61.977657452225685,-16.57941460609436,-25.847282782197,-3.446873664855957,12,2,3.806237045675516,-2.4635814428329468,6.269818488508463,1.7904678583145142,1
xtail/passive_1/397,xtail,passive_1,397,397,These supernaturals weren't , by the slaloms.,redressed,panted,These supernaturals weren't redressed by the slaloms.,These supernaturals weren't panted by the slaloms.,pulsated,xtail/passive_1/redress/was,-67.9426694214344,-16.64453935623169,-23.101597666740417,-2.4006595611572266,13,2,-68.91200676560402,-16.32376194000244,-24.391712427139282,-2.455037832260132,13,2,0.9693373441696167,-0.32077741622924805,1.2901147603988647,0.05437827110290527,1
xtail/passive_1/398,xtail,passive_1,398,398,Most solitons aren't , by this extortionist.,clouted,groused,Most solitons aren't clouted by this extortionist.,Most solitons aren't groused by this extortionist.,eavesdropped,xtail/passive_1/clout/was,-64.80041480064392,-15.794936746358871,-24.77363297343254,-1.729051113128662,13,3,-70.88471215963364,-19.0263614654541,-27.626505613327026,-3.2197952270507812,12,2,6.084297358989716,3.23142471909523,2.8528726398944855,1.4907441139221191,1
xtail/passive_1/405,xtail,passive_1,405,405,Most bootmakers were , by some monorails.,prised,jutted,Most bootmakers were prised by some monorails.,Most bootmakers were jutted by some monorails.,sunbathed,xtail/passive_1/prise/was,-66.97013878822327,-13.554503679275513,-28.928780555725098,-3.4261221885681152,11,2,-74.5053038597107,-22.899306297302246,-27.11914300918579,-3.776944875717163,12,3,7.535165071487427,9.344802618026733,-1.8096375465393066,0.35082268714904785,1
xtail/passive_1/407,xtail,passive_1,407,407,Every somnambulist wasn't , by some rapporteurs.,guzzled,commiserated,Every somnambulist wasn't guzzled by some rapporteurs.,Every somnambulist wasn't commiserated by some rapporteurs.,gusted,xtail/passive_1/guzzle/was,-73.00269477814436,-16.403820753097534,-29.61174440383911,-2.111522674560547,15,3,-70.16665875166655,-14.788925588130951,-28.39060354232788,-2.4982476234436035,15,3,-2.8360360264778137,-1.6148951649665833,-1.2211408615112305,0.38672494888305664,0
xtail/passive_1/410,xtail,passive_1,410,410,All duckies weren't , by a lot of anorexics.,regaled,writhed,All duckies weren't regaled by a lot of anorexics.,All duckies weren't writhed by a lot of anorexics.,sulked,xtail/passive_1/regale/was,-63.36921802535653,-13.419142723083496,-24.624357167631388,-2.733708381652832,15,2,-70.81814336776733,-19.155784606933594,-26.336640626192093,-3.9408788681030273,15,2,7.448925342410803,5.736641883850098,1.7122834585607052,1.2071704864501953,1
xtail/passive_1/413,xtail,passive_1,413,413,Every indispensability is , by all idealizations.,redressed,panted,Every indispensability is redressed by all idealizations.,Every indispensability is panted by all idealizations.,remonstrated,xtail/passive_1/redress/was,-57.64864492416382,-16.61221408843994,-22.310073614120483,-1.056488275527954,11,2,-58.45158588886261,-16.434365272521973,-23.290863394737244,-2.6363468170166016,11,2,0.8029409646987915,-0.17784881591796875,0.9807897806167603,1.5798585414886475,1
xtail/passive_1/414,xtail,passive_1,414,414,Some homophony is , by most accompanists.,crated,lumbered,Some homophony is crated by most accompanists.,Some homophony is lumbered by most accompanists.,hibernated,xtail/passive_1/crate/was,-62.08558917045593,-17.006749629974365,-24.172430753707886,-1.274659514427185,11,2,-62.98397836089134,-16.105224460363388,-25.972345113754272,-3.6632590293884277,11,2,0.8983891904354095,-0.9015251696109772,1.7999143600463867,2.3885995149612427,1
xtail/passive_1/415,xtail,passive_1,415,415,A lot of lamplighters were , by those belches.,obviated,teemed,A lot of lamplighters were obviated by those belches.,A lot of lamplighters were teemed by those belches.,vacillated,xtail/passive_1/obviate/was,-64.32952477037907,-16.3551687002182,-22.149942696094513,-0.8882002234458923,14,3,-67.56850297749043,-16.905824184417725,-24.838265419006348,-3.860969066619873,13,2,3.2389782071113586,0.5506554841995239,2.6883227229118347,2.9727688431739807,1
xtail/passive_1/417,xtail,passive_1,417,417,Most weightlifters aren't , by every tunicate.,sundered,eavesdropped,Most weightlifters aren't sundered by every tunicate.,Most weightlifters aren't eavesdropped by every tunicate.,teemed,xtail/passive_1/sunder/was,-74.27973020076752,-20.283095359802246,-32.14692521095276,-2.7389755249023438,12,2,-74.99160497589037,-23.584310344886035,-29.55758500099182,-3.6070730686187744,14,4,0.7118747751228511,3.3012149850837886,-2.5893402099609375,0.8680975437164307,1
xtail/passive_1/422,xtail,passive_1,422,422,Most spellbinders weren't , by headlocks.,permed,fawned,Most spellbinders weren't permed by headlocks.,Most spellbinders weren't fawned by headlocks.,eavesdropped,xtail/passive_1/perm/was,-65.93725581467152,-16.55862808227539,-22.526192545890808,-4.708699703216553,11,2,-66.38089568912983,-15.90723729133606,-23.621223211288452,-5.5322346687316895,12,3,0.443639874458313,-0.651390790939331,1.095030665397644,0.8235349655151367,1
xtail/passive_1/426,xtail,passive_1,426,426,A lot of catnaps weren't , by that tinner.,mulched,bustled,A lot of catnaps weren't mulched by that tinner.,A lot of catnaps weren't bustled by that tinner.,hiccupped,xtail/passive_1/mulch/was,-75.16609106957912,-17.724279046058655,-25.59503746032715,-3.80085825920105,14,2,-73.98828838765621,-16.83792734146118,-25.30358648300171,-1.6008548736572266,14,2,-1.1778026819229126,-0.8863517045974731,-0.29145097732543945,-2.2000033855438232,0
xtail/passive_1/427,xtail,passive_1,427,427,This evolutionist was , by all packhorses.,gulled,desisted,This evolutionist was gulled by all packhorses.,This evolutionist was desisted by all packhorses.,perspired,xtail/passive_1/gull/was,-64.3569613583386,-11.83622407913208,-32.422741521149874,-0.908055305480957,11,2,-69.58472590148449,-16.375744342803955,-33.110985800623894,-2.4854586124420166,11,2,5.227764543145895,4.539520263671875,0.68824427947402,1.5774033069610596,1
xtail/passive_1/428,xtail,passive_1,428,428,This diverticulum was , by most orchestrators.,disabused,sidled,This diverticulum was disabused by most orchestrators.,This diverticulum was sidled by most orchestrators.,sleepwalked,xtail/passive_1/disabuse/was,-65.01044772565365,-16.96537771821022,-30.113896369934082,-1.9888415336608887,12,3,-67.6902941018343,-19.91317844390869,-29.84594202041626,-3.233308792114258,11,2,2.679846376180649,2.947800725698471,-0.26795434951782227,1.2444672584533691,1
xtail/passive_1/431,xtail,passive_1,431,431,The vanguards were , by this polymorph.,suckled,defecated,The vanguards were suckled by this polymorph.,The vanguards were defecated by this polymorph.,salivated,xtail/passive_1/suckle/was,-54.78560280799866,-13.262013912200928,-23.558006286621094,-0.9113636016845703,10,2,-60.76140367984772,-17.57726776599884,-25.21855330467224,-2.293001890182495,11,3,5.97580087184906,4.315253853797913,1.6605470180511475,1.3816382884979248,1
xtail/passive_1/435,xtail,passive_1,435,435,Every mediatrix wasn't , by most rentiers.,regaled,writhed,Every mediatrix wasn't regaled by most rentiers.,Every mediatrix wasn't writhed by most rentiers.,perspired,xtail/passive_1/regale/was,-72.57558187842369,-13.661685943603516,-31.755594968795776,-2.78192138671875,12,2,-77.25329348444939,-19.024335861206055,-31.070656657218933,-3.041743516921997,12,2,4.677711606025696,5.362649917602539,-0.6849383115768433,0.25982213020324707,1
xtail/passive_1/436,xtail,passive_1,436,436,The papilledema wasn't , by most leapers.,shoplifted,eventuated,The papilledema wasn't shoplifted by most leapers.,The papilledema wasn't eventuated by most leapers.,resounded,xtail/passive_1/shoplift/was,-73.1384142935276,-17.455673098564148,-26.948169231414795,-3.276886463165283,14,4,-76.42409458756447,-18.007637977600098,-29.68188464641571,-3.183657646179199,12,2,3.2856802940368652,0.5519648790359497,2.7337154150009155,-0.09322881698608398,1
xtail/passive_1/437,xtail,passive_1,437,437,A lot of ornithologists are , by some bumpkin.,placated,crackled,A lot of ornithologists are placated by some bumpkin.,A lot of ornithologists are crackled by some bumpkin.,fawned,xtail/passive_1/placate/was,-69.98794144392014,-16.87937593460083,-29.321667313575745,-0.4406639337539673,13,2,-71.3319280743599,-19.77915668487549,-27.765873193740845,-2.370634078979492,13,2,1.3439866304397583,2.899780750274658,-1.5557941198349,1.929970145225525,1
xtail/passive_1/438,xtail,passive_1,438,438,Every freeloader was , by the patternmaker.,swaddled,decamped,Every freeloader was swaddled by the patternmaker.,Every freeloader was decamped by the patternmaker.,molted,xtail/passive_1/swaddle/was,-66.46584939956665,-14.683410227298737,-26.821149349212646,-4.070377826690674,12,3,-63.10718756914139,-14.168649673461914,-23.977248072624207,-2.7731192111968994,11,2,-3.3586618304252625,-0.5147605538368225,-2.84390127658844,-1.2972586154937744,0
xtail/passive_1/442,xtail,passive_1,442,442,The lefthander is , by a pantalone.,prised,jutted,The lefthander is prised by a pantalone.,The lefthander is jutted by a pantalone.,resounded,xtail/passive_1/prise/was,-62.315383680164814,-17.48233461380005,-27.336972951889038,-2.8209104537963867,12,2,-61.81697166711092,-17.527491331100464,-26.79340422153473,-3.525059461593628,13,3,-0.49841201305389404,0.04515671730041504,-0.5435687303543091,0.7041490077972412,0
xtail/passive_1/447,xtail,passive_1,447,447,Many tailgaters were , by a lot of seraphs.,clouted,groused,Many tailgaters were clouted by a lot of seraphs.,Many tailgaters were groused by a lot of seraphs.,fawned,xtail/passive_1/clout/was,-68.52094440720975,-15.818634962663054,-29.91245348751545,-1.5830038785934448,15,3,-64.52319575846195,-11.778812885284424,-29.95452691614628,-2.2322049140930176,14,2,-3.997748648747802,-4.039822077378631,0.04207342863082886,0.6492010354995728,0
xtail/passive_1/448,xtail,passive_1,448,448,The stabbers weren't , by many weathermen.,shooed,quivered,The stabbers weren't shooed by many weathermen.,The stabbers weren't quivered by many weathermen.,wormed,xtail/passive_1/shoo/was,-68.44864693284035,-12.957258403301239,-28.648168087005615,-6.939584255218506,12,3,-71.87681183218956,-17.82004165649414,-27.213549733161926,-1.2661309242248535,11,2,3.4281648993492126,4.862783253192902,-1.434618353843689,-5.673453330993652,1
xtail/passive_1/450,xtail,passive_1,450,450,A lot of mushers are , by that autobiographer.,reproached,whizzed,A lot of mushers are reproached by that autobiographer.,A lot of mushers are whizzed by that autobiographer.,bantered,xtail/passive_1/reproach/was,-69.39559699594975,-15.32606554031372,-28.960761547088623,-2.418473720550537,12,2,-69.76338769495487,-16.065175771713257,-28.589442014694214,-2.1204347610473633,13,3,0.36779069900512695,0.7391102313995361,-0.3713195323944092,-0.29803895950317383,1
xtail/passive_1/453,xtail,passive_1,453,453,Many moneylenders were , by the miscreant.,filched,smoldered,Many moneylenders were filched by the miscreant.,Many moneylenders were smoldered by the miscreant.,sulked,xtail/passive_1/filch/was,-49.235891342163086,-13.595506429672241,-17.046907871961594,-2.0830233097076416,13,2,-52.485392273403704,-15.266161472536623,-18.62575376033783,-1.9719767570495605,14,3,3.2495009312406182,1.6706550428643823,1.578845888376236,-0.11104655265808105,1
xtail/passive_1/459,xtail,passive_1,459,459,That calorimetry was , by that bather.,wadded,shimmered,That calorimetry was wadded by that bather.,That calorimetry was shimmered by that bather.,skulked,xtail/passive_1/wad/was,-62.22294354438782,-16.90188455581665,-25.079004049301147,-4.1005048751831055,10,2,-61.85865879058838,-19.24145483970642,-22.37514901161194,-1.9275364875793457,11,3,-0.3642847537994385,2.3395702838897705,-2.703855037689209,-2.1729683876037598,0
xtail/passive_1/462,xtail,passive_1,462,462,The hydrologists were , by a lot of embezzlers.,reproved,remonstrated,The hydrologists were reproved by a lot of embezzlers.,The hydrologists were remonstrated by a lot of embezzlers.,quacked,xtail/passive_1/reprove/was,-65.0788254616782,-15.960394382476807,-28.06335638742894,-1.642322301864624,15,2,-63.28466706164181,-13.188407897949219,-29.041184471920133,-1.490502119064331,16,3,-1.7941584000363946,-2.771986484527588,0.9778280844911933,-0.15182018280029297,0
xtail/passive_1/464,xtail,passive_1,464,464,This theoretician wasn't , by a lot of pinkos.,wagged,basked,This theoretician wasn't wagged by a lot of pinkos.,This theoretician wasn't basked by a lot of pinkos.,flounced,xtail/passive_1/wag/was,-69.03475911542773,-16.530969619750977,-23.311878960579634,-0.7413719892501831,14,2,-76.80997981876135,-19.139653205871582,-28.478416077792645,-3.069624185562134,14,2,7.775220703333616,2.6086835861206055,5.166537117213011,2.3282521963119507,1
xtail/passive_1/467,xtail,passive_1,467,467,The preemies were , by this headwaiter.,ogled,wallowed,The preemies were ogled by this headwaiter.,The preemies were wallowed by this headwaiter.,gloried,xtail/passive_1/ogle/was,-60.62726360745728,-14.229717493057251,-24.97366172261536,-1.626021385192871,12,2,-61.637700697407126,-14.76591157913208,-25.44790472649038,-3.3312041759490967,12,2,1.0104370899498463,0.5361940860748291,0.47424300387501717,1.7051827907562256,1
xtail/passive_1/470,xtail,passive_1,470,470,Most sharers are , by many castrates.,walloped,gloated,Most sharers are walloped by many castrates.,Most sharers are gloated by many castrates.,decamped,xtail/passive_1/wallop/was,-65.37065589427948,-18.51240873336792,-27.485259175300598,-1.0771087408065796,10,2,-63.843538999557495,-16.92424726486206,-27.546303749084473,-1.9476197957992554,10,2,-1.5271168947219849,-1.5881614685058594,0.06104457378387451,0.8705110549926758,0
xtail/passive_1/471,xtail,passive_1,471,471,Some telegrapher isn't , by every venturer.,garlanded,bantered,Some telegrapher isn't garlanded by every venturer.,Some telegrapher isn't bantered by every venturer.,squawked,xtail/passive_1/garland/was,-71.45259328186512,-17.06231427192688,-29.285704612731934,-3.258075714111328,14,3,-69.84025438129902,-16.413219928741455,-28.322460055351257,-4.051555633544922,14,3,-1.612338900566101,-0.6490943431854248,-0.9632445573806763,0.7934799194335938,0
xtail/passive_1/475,xtail,passive_1,475,475,Many tilings are , by some embroiderers.,blabbed,lolled,Many tilings are blabbed by some embroiderers.,Many tilings are lolled by some embroiderers.,quacked,xtail/passive_1/blab/was,-56.32974847406149,-22.984182119369507,-19.42577286809683,-2.12534236907959,12,3,-54.56971190869808,-17.626803159713745,-23.023115262389183,-3.8203136920928955,11,2,-1.7600365653634071,-5.357378959655762,3.5973423942923546,1.6949713230133057,0
xtail/passive_1/479,xtail,passive_1,479,479,These fantasists are , by a cystitis.,sundered,eavesdropped,These fantasists are sundered by a cystitis.,These fantasists are eavesdropped by a cystitis.,eavesdropped,xtail/passive_1/sunder/was,-59.08707172423601,-15.424447774887085,-25.218851394951344,-1.6450753211975098,11,2,-65.58103536255658,-18.513623716309667,-28.623639091849327,-3.342691421508789,13,4,6.493963638320565,3.0891759414225817,3.4047876968979836,1.6976161003112793,1
xtail/passive_1/482,xtail,passive_1,482,482,A foolery wasn't , by affectations.,lugged,drooled,A foolery wasn't lugged by affectations.,A foolery wasn't drooled by affectations.,sidled,xtail/passive_1/lug/was,-68.28861589729786,-14.681693315505981,-23.75811767578125,-4.02032470703125,10,2,-68.53436268866062,-17.130609452724457,-21.554948329925537,-4.266753196716309,11,3,0.24574679136276245,2.4489161372184753,-2.203169345855713,0.2464284896850586,1
xtail/passive_1/483,xtail,passive_1,483,483,All manikins were , by those interlopers.,obviated,teemed,All manikins were obviated by those interlopers.,All manikins were teemed by those interlopers.,fidgeted,xtail/passive_1/obviate/was,-60.653968734201044,-14.864585638046265,-25.03279943531379,-1.6576154232025146,13,3,-59.29139093449339,-16.471976280212402,-22.062830993440002,-3.920182228088379,12,2,-1.3625777997076511,1.6073906421661377,-2.969968441873789,2.2625668048858643,0
xtail/passive_1/484,xtail,passive_1,484,484,Most bootlickers aren't , by some gleaners.,mulched,bustled,Most bootlickers aren't mulched by some gleaners.,Most bootlickers aren't bustled by some gleaners.,whizzed,xtail/passive_1/mulch/was,-73.1553061902523,-18.358527183532715,-28.49744975566864,-3.324291706085205,13,2,-71.86587020754814,-16.229543209075928,-29.336997747421265,-2.4469382762908936,13,2,-1.2894359827041626,-2.128983974456787,0.8395479917526245,-0.8773534297943115,0
xtail/passive_1/487,xtail,passive_1,487,487,Many fiduciaries aren't , by this benefactress.,mulched,bustled,Many fiduciaries aren't mulched by this benefactress.,Many fiduciaries aren't bustled by this benefactress.,slogged,xtail/passive_1/mulch/was,-68.6833378970623,-18.275689601898193,-27.405166625976562,-2.8342158794403076,13,2,-67.67879459261894,-15.63835859298706,-29.037954330444336,-2.467470645904541,13,2,-1.0045433044433594,-2.637331008911133,1.6327877044677734,-0.3667452335357666,0
xtail/passive_1/489,xtail,passive_1,489,489,This pantaloon was , by many signallers.,prised,jutted,This pantaloon was prised by many signallers.,This pantaloon was jutted by many signallers.,billeted,xtail/passive_1/prise/was,-58.89576805382967,-13.437207221984863,-27.927310653030872,-4.2095947265625,12,2,-60.188767820596695,-15.703607082366943,-26.953910559415817,-3.8932275772094727,13,3,1.292999766767025,2.26639986038208,-0.9734000936150551,-0.31636714935302734,1
xtail/passive_1/492,xtail,passive_1,492,492,Every titter wasn't , by that dynast.,stoppered,quacked,Every titter wasn't stoppered by that dynast.,Every titter wasn't quacked by that dynast.,perspired,xtail/passive_1/stopper/was,-67.23981282114983,-15.015601634979248,-26.376516222953796,-1.537572979927063,11,2,-69.1272049844265,-15.408548831939697,-27.87096118927002,-4.066929817199707,11,2,1.8873921632766724,0.3929471969604492,1.4944449663162231,2.529356837272644,1
xtail/passive_1/497,xtail,passive_1,497,497,A safecracker wasn't , by many etiologies.,wagged,basked,A safecracker wasn't wagged by many etiologies.,A safecracker wasn't basked by many etiologies.,coexisted,xtail/passive_1/wag/was,-71.95159149169922,-17.324260234832764,-27.493157386779785,-1.506269931793213,13,2,-73.42523843050003,-18.04010820388794,-28.25095635652542,-3.957051992416382,13,2,1.4736469388008118,0.7158479690551758,0.757798969745636,2.450782060623169,1
xtail/passive_1/501,xtail,passive_1,501,501,A deckhand is , by this harpooner.,immolated,vacillated,A deckhand is immolated by this harpooner.,A deckhand is vacillated by this harpooner.,procreated,xtail/passive_1/immolate/was,-61.21589297056198,-16.05218267440796,-23.68744534254074,-2.0651516914367676,11,2,-65.63798010349274,-19.79051637649536,-24.371198773384094,-3.1356077194213867,12,3,4.422087132930756,3.7383337020874023,0.6837534308433533,1.0704560279846191,1
xtail/passive_1/503,xtail,passive_1,503,503,Those anorexics weren't , by those approvers.,reproached,whizzed,Those anorexics weren't reproached by those approvers.,Those anorexics weren't whizzed by those approvers.,crackled,xtail/passive_1/reproach/was,-59.237007319927216,-15.353684425354004,-21.349299669265747,-3.671436309814453,13,2,-69.77604430913925,-18.538206100463867,-28.70381498336792,-2.750882148742676,14,3,10.539036989212036,3.1845216751098633,7.354515314102173,-0.9205541610717773,1
xtail/passive_1/504,xtail,passive_1,504,504,The bettor is , by many theologies.,suckled,defecated,The bettor is suckled by many theologies.,The bettor is defecated by many theologies.,leered,xtail/passive_1/suckle/was,-59.488927602767944,-14.146196603775024,-26.74402904510498,-1.0694303512573242,10,2,-67.20078229904175,-19.314796686172485,-29.287283658981323,-2.4811460971832275,11,3,7.711854696273804,5.168600082397461,2.5432546138763428,1.4117157459259033,1
xtail/passive_1/506,xtail,passive_1,506,506,A lot of tailgaters are , by the empiricist.,larded,fizzed,A lot of tailgaters are larded by the empiricist.,A lot of tailgaters are fizzed by the empiricist.,swaggered,xtail/passive_1/lard/was,-70.31855429708958,-16.743661880493164,-27.666428923606873,-4.758763313293457,14,2,-70.74367119371891,-18.796199321746826,-26.039008378982544,-3.788510799407959,15,3,0.4251168966293335,2.052537441253662,-1.6274205446243286,-0.970252513885498,1
xtail/passive_1/507,xtail,passive_1,507,507,The molls were , by some endocrinologists.,guzzled,commiserated,The molls were guzzled by some endocrinologists.,The molls were commiserated by some endocrinologists.,quacked,xtail/passive_1/guzzle/was,-62.99680149555206,-14.15872609615326,-23.72085976600647,-2.5576136112213135,13,3,-62.697220392525196,-13.467434346675873,-24.11257041245699,-2.4811997413635254,13,3,-0.2995811030268669,-0.6912917494773865,0.39171064645051956,-0.07641386985778809,0
xtail/passive_1/509,xtail,passive_1,509,509,A lot of gipsies are , by the assemblywoman.,shoplifted,eventuated,A lot of gipsies are shoplifted by the assemblywoman.,A lot of gipsies are eventuated by the assemblywoman.,putrefied,xtail/passive_1/shoplift/was,-72.6712402254343,-16.57766354084015,-27.60499906539917,-3.1240670680999756,15,4,-76.40266133844852,-20.651738166809082,-27.262345552444458,-3.2620599269866943,13,2,3.731421113014221,4.074074625968933,-0.3426535129547119,0.13799285888671875,1
xtail/passive_1/511,xtail,passive_1,511,511,Many glazers are , by the interne.,redressed,panted,Many glazers are redressed by the interne.,Many glazers are panted by the interne.,billeted,xtail/passive_1/redress/was,-54.07020163536072,-15.325297355651855,-21.698400497436523,-2.0961546897888184,11,2,-56.35200643539429,-18.693228721618652,-20.612273931503296,-2.1347122192382812,11,2,2.2818048000335693,3.367931365966797,-1.0861265659332275,0.03855752944946289,1
xtail/passive_1/512,xtail,passive_1,512,512,All gunrunners are , by all sharecroppers.,debugged,tingled,All gunrunners are debugged by all sharecroppers.,All gunrunners are tingled by all sharecroppers.,clacked,xtail/passive_1/debug/was,-64.22493148967624,-15.288196802139282,-24.89737170562148,-2.5026590824127197,12,2,-67.00811187922955,-18.66279125213623,-24.30595764517784,-1.9913898706436157,12,2,2.7831803895533085,3.3745944499969482,-0.5914140604436398,-0.511269211769104,1
xtail/passive_1/513,xtail,passive_1,513,513,Some morticians are , by that acrophobia.,doffed,salivated,Some morticians are doffed by that acrophobia.,Some morticians are salivated by that acrophobia.,luxuriated,xtail/passive_1/doff/was,-64.88055646419525,-17.040796995162964,-29.533247113227844,-4.274561882019043,12,3,-57.70174705982208,-14.086902618408203,-25.308332085609436,-1.436654806137085,11,2,-7.178809404373169,-2.9538943767547607,-4.224915027618408,-2.837907075881958,0
xtail/passive_1/514,xtail,passive_1,514,514,Some knucklehead is , by every jazzman.,permed,fawned,Some knucklehead is permed by every jazzman.,Some knucklehead is fawned by every jazzman.,quivered,xtail/passive_1/perm/was,-60.191619634628296,-15.6744384765625,-24.528373956680298,-3.411837577819824,11,2,-58.51372414827347,-13.449098408222198,-25.07581853866577,-4.914954662322998,12,3,-1.6778954863548279,-2.2253400683403015,0.5474445819854736,1.5031170845031738,0
xtail/passive_1/515,xtail,passive_1,515,515,Some curmudgeons aren't , by those snorers.,edified,toddled,Some curmudgeons aren't edified by those snorers.,Some curmudgeons aren't toddled by those snorers.,kayaked,xtail/passive_1/edify/was,-61.05511957034469,-13.455527782440186,-25.62193900346756,-0.7782589793205261,13,2,-64.0237753354013,-17.230685234069824,-24.81543731689453,-3.0635311603546143,13,2,2.96865576505661,3.7751574516296387,-0.8065016865730286,2.285272181034088,1
xtail/passive_1/520,xtail,passive_1,520,520,Some speedup was , by a steelman.,guzzled,commiserated,Some speedup was guzzled by a steelman.,Some speedup was commiserated by a steelman.,berthed,xtail/passive_1/guzzle/was,-60.1532441675663,-17.826688915491104,-24.067307949066162,-1.7985682487487793,11,3,-59.90330398082733,-18.820062041282654,-22.823994636535645,-1.5784282684326172,11,3,-0.2499401867389679,0.9933731257915497,-1.2433133125305176,-0.2201399803161621,0
xtail/passive_1/521,xtail,passive_1,521,521,Some argosy is , by every locater.,shooed,quivered,Some argosy is shooed by every locater.,Some argosy is quivered by every locater.,oscillated,xtail/passive_1/shoo/was,-68.2801239490509,-14.955670356750488,-32.69341802597046,-5.069272041320801,12,3,-66.08618712425232,-15.54954481124878,-29.905606746673584,-2.620274066925049,11,2,-2.193936824798584,0.593874454498291,-2.787811279296875,-2.448997974395752,0
xtail/passive_1/527,xtail,passive_1,527,527,Some innateness is , by a sexploitation.,reproached,whizzed,Some innateness is reproached by a sexploitation.,Some innateness is whizzed by a sexploitation.,hitchhiked,xtail/passive_1/reproach/was,-69.8828362673521,-16.605740666389465,-29.588596150279045,-2.306570053100586,12,2,-69.88213673233986,-19.551268339157104,-26.64236894249916,-2.9827041625976562,13,3,-0.0006995350122451782,2.945527672767639,-2.9462272077798843,0.6761341094970703,0
xtail/passive_1/532,xtail,passive_1,532,532,These symbolists aren't , by this ultraconservative.,shooed,quivered,These symbolists aren't shooed by this ultraconservative.,These symbolists aren't quivered by this ultraconservative.,empathized,xtail/passive_1/shoo/was,-71.15500434208661,-13.969141960144043,-29.816504974849522,-6.1677093505859375,15,3,-67.88916950300336,-16.938180923461914,-23.581631172448397,-0.9396878480911255,14,2,-3.2658348390832543,2.969038963317871,-6.234873802401125,-5.228021502494812,0
xtail/passive_1/534,xtail,passive_1,534,534,Some poseur was , by this ratepayer.,disgorged,exulted,Some poseur was disgorged by this ratepayer.,Some poseur was exulted by this ratepayer.,slunk,xtail/passive_1/disgorge/was,-61.212856102734804,-12.319702476263046,-25.26842637732625,-2.825045585632324,12,3,-60.51647201925516,-12.318019807338715,-24.57372496277094,-1.821536660194397,12,3,-0.6963840834796429,-0.001682668924331665,-0.6947014145553112,-1.0035089254379272,0
xtail/passive_1/536,xtail,passive_1,536,536,Goliaths were , by the valuer.,mistrusted,coexisted,Goliaths were mistrusted by the valuer.,Goliaths were coexisted by the valuer.,toddled,xtail/passive_1/mistrust/was,-56.79702225327492,-13.982035785913467,-24.316139698028564,-1.2463690042495728,11,3,-63.394191071391106,-16.043382093310356,-28.851962208747864,-5.699975967407227,11,3,6.597168818116188,2.0613463073968887,4.535822510719299,4.453606963157654,1
xtail/passive_1/537,xtail,passive_1,537,537,Those sophists weren't , by some officiant.,crated,lumbered,Those sophists weren't crated by some officiant.,Those sophists weren't lumbered by some officiant.,squawked,xtail/passive_1/crate/was,-65.19589348137379,-15.278264045715332,-24.00961971282959,-3.287106990814209,11,2,-66.90086723864079,-13.296395599842072,-27.69646191596985,-2.6705238819122314,11,2,1.7049737572669983,-1.9818684458732605,3.686842203140259,-0.6165831089019775,1
xtail/passive_1/538,xtail,passive_1,538,538,Those iconoclasts aren't , by all concessionaires.,blabbed,lolled,Those iconoclasts aren't blabbed by all concessionaires.,Those iconoclasts aren't lolled by all concessionaires.,jigged,xtail/passive_1/blab/was,-67.45740658044815,-17.72228765487671,-25.256580114364624,-2.508796453475952,13,3,-70.96386331319809,-18.48483180999756,-28.000492691993713,-3.2952394485473633,12,2,3.506456732749939,0.7625441551208496,2.7439125776290894,0.7864429950714111,1
xtail/passive_1/540,xtail,passive_1,540,540,Some anisotropies aren't , by those homemakers.,filched,smoldered,Some anisotropies aren't filched by those homemakers.,Some anisotropies aren't smoldered by those homemakers.,panted,xtail/passive_1/filch/was,-64.33040563389659,-13.527380108833313,-24.391278088092804,-2.3844552040100098,12,2,-71.8083441965282,-18.71072080731392,-26.685875952243805,-3.2018518447875977,13,3,7.477938562631607,5.183340698480606,2.294597864151001,0.8173966407775879,1
xtail/passive_1/544,xtail,passive_1,544,544,Bunglers aren't , by every spoilsport.,hefted,hibernated,Bunglers aren't hefted by every spoilsport.,Bunglers aren't hibernated by every spoilsport.,hyperventilated,xtail/passive_1/heft/was,-60.06689041852951,-16.325666427612305,-23.220816493034363,-1.6866965293884277,13,3,-63.348622092045844,-16.494240471161902,-26.3339741230011,-2.603569507598877,14,4,3.281731673516333,0.16857404354959726,3.113157629966736,0.9168729782104492,1
xtail/passive_1/545,xtail,passive_1,545,545,Every claque was , by the ambassadorships.,edified,toddled,Every claque was edified by the ambassadorships.,Every claque was toddled by the ambassadorships.,wallowed,xtail/passive_1/edify/was,-48.78435227274895,-10.8300621509552,-21.62776228785515,-0.947321891784668,13,2,-61.31317627429962,-17.03426742553711,-27.952381014823914,-3.684174060821533,13,2,12.528824001550674,6.204205274581909,6.324618726968765,2.7368521690368652,1
xtail/passive_1/546,xtail,passive_1,546,546,The boatbuilders aren't , by this jingoist.,mistrusted,coexisted,The boatbuilders aren't mistrusted by this jingoist.,The boatbuilders aren't coexisted by this jingoist.,burgeoned,xtail/passive_1/mistrust/was,-67.63505334872752,-18.010128259658813,-24.00927972793579,-1.8859584331512451,14,3,-74.22997708339244,-18.630819082260132,-29.98351263999939,-4.842255115509033,14,3,6.594923734664917,0.6206908226013184,5.974232912063599,2.956296682357788,1
xtail/passive_1/547,xtail,passive_1,547,547,Some impresarios aren't , by frats.,wadded,shimmered,Some impresarios aren't wadded by frats.,Some impresarios aren't shimmered by frats.,berthed,xtail/passive_1/wad/was,-64.42602109909058,-16.967540740966797,-21.4000403881073,-4.0742268562316895,11,2,-64.91017436981201,-18.166306972503662,-20.68542742729187,-2.4786863327026367,12,3,0.48415327072143555,1.1987662315368652,-0.7146129608154297,-1.5955405235290527,1
xtail/passive_1/551,xtail,passive_1,551,551,The osteopaths are , by a lot of underwoods.,shooed,quivered,The osteopaths are shooed by a lot of underwoods.,The osteopaths are quivered by a lot of underwoods.,quivered,xtail/passive_1/shoo/was,-66.22704295068979,-12.846404135227203,-34.12383911758661,-5.584588050842285,14,3,-72.2007297128439,-20.347355842590332,-32.596574172377586,-2.730634927749634,13,2,5.973686762154102,7.500951707363129,-1.5272649452090263,-2.8539531230926514,1
xtail/passive_1/557,xtail,passive_1,557,557,Many alpinists aren't , by a bootmaker.,outshone,gaped,Many alpinists aren't outshone by a bootmaker.,Many alpinists aren't gaped by a bootmaker.,hitchhiked,xtail/passive_1/outshine/was,-60.06872424483299,-14.895509958267212,-20.045180290937424,-0.26161476969718933,13,3,-68.20245039463043,-16.667731285095215,-26.40668511390686,-3.141014575958252,12,2,8.13372614979744,1.772221326828003,6.361504822969437,2.8793998062610626,1
xtail/passive_1/558,xtail,passive_1,558,558,Most spymasters aren't , by every reptilia.,permed,fawned,Most spymasters aren't permed by every reptilia.,Most spymasters aren't fawned by every reptilia.,fizzed,xtail/passive_1/perm/was,-74.20703893899918,-16.649383544921875,-31.829983830451965,-4.080244064331055,12,2,-74.43179804086685,-14.388813138008118,-34.3153133392334,-5.613494396209717,13,3,0.22475910186767578,-2.2605704069137573,2.485329508781433,1.533250331878662,1
xtail/passive_1/563,xtail,passive_1,563,563,Many chauvinists aren't , by all lubbers.,obviated,teemed,Many chauvinists aren't obviated by all lubbers.,Many chauvinists aren't teemed by all lubbers.,sidled,xtail/passive_1/obviate/was,-63.33300206065178,-16.447629183530807,-24.765992403030396,-1.096885085105896,14,3,-67.4630366563797,-19.59821605682373,-25.745440125465393,-2.1257965564727783,13,2,4.1300345957279205,3.150586873292923,0.9794477224349976,1.0289114713668823,1
xtail/passive_1/565,xtail,passive_1,565,565,Many kingmakers are , by many pantaloons.,shoplifted,eventuated,Many kingmakers are shoplifted by many pantaloons.,Many kingmakers are eventuated by many pantaloons.,remonstrated,xtail/passive_1/shoplift/was,-67.46290271866019,-20.20416349172592,-27.158894055959536,-1.8958076238632202,13,4,-66.6510256516267,-20.496405601501465,-26.0547748791505,-2.4887490272521973,11,2,-0.8118770670334925,0.2922421097755432,-1.1041191768090357,0.592941403388977,0
xtail/passive_1/570,xtail,passive_1,570,570,Some bacteriologists are , by the parleys.,tithed,puttered,Some bacteriologists are tithed by the parleys.,Some bacteriologists are puttered by the parleys.,resounded,xtail/passive_1/tithe/was,-61.958035588264465,-15.838528871536255,-27.244693875312805,-2.590498685836792,10,2,-62.8958016037941,-19.01394271850586,-25.007046043872833,-2.5833826065063477,10,2,0.9377660155296326,3.1754138469696045,-2.237647831439972,-0.007116079330444336,1
xtail/passive_1/572,xtail,passive_1,572,572,Those lairds are , by most petites.,swaddled,decamped,Those lairds are swaddled by most petites.,Those lairds are decamped by most petites.,debarked,xtail/passive_1/swaddle/was,-63.698646657168865,-14.296063534915447,-31.005917072296143,-3.9387612342834473,11,3,-63.82029175758362,-14.918786525726318,-30.504839181900024,-4.040119171142578,10,2,0.12164510041475296,0.6227229908108711,-0.5010778903961182,0.10135793685913086,1
xtail/passive_1/573,xtail,passive_1,573,573,Every younker isn't , by some wayfarers.,hefted,hibernated,Every younker isn't hefted by some wayfarers.,Every younker isn't hibernated by some wayfarers.,decamped,xtail/passive_1/heft/was,-70.93670257925987,-14.79033875465393,-23.241273134946823,-2.1307990550994873,14,3,-76.34095036424696,-17.387407878413796,-26.04845179617405,-3.9070827960968018,15,4,5.404247784987092,2.5970691237598658,2.8071786612272263,1.7762837409973145,1
xtail/passive_1/574,xtail,passive_1,574,574,The spymasters aren't , by a lot of rippers.,lugged,drooled,The spymasters aren't lugged by a lot of rippers.,The spymasters aren't drooled by a lot of rippers.,burgeoned,xtail/passive_1/lug/was,-71.28478835523129,-18.62822437286377,-27.581961408257484,-3.5408241748809814,14,2,-72.11219622194767,-19.291257560253143,-27.746336087584496,-4.4922099113464355,15,3,0.8274078667163849,0.6630331873893738,0.1643746793270111,0.9513857364654541,1
xtail/passive_1/581,xtail,passive_1,581,581,Every troubleshooter was , by absconders.,larded,fizzed,Every troubleshooter was larded by absconders.,Every troubleshooter was fizzed by absconders.,leered,xtail/passive_1/lard/was,-55.07047212123871,-16.911133766174316,-20.34001088142395,-4.4489641189575195,11,2,-57.68662893772125,-16.307000160217285,-23.560301303863525,-3.271601676940918,12,3,2.616156816482544,-0.6041336059570312,3.220290422439575,-1.1773624420166016,1
xtail/passive_1/582,xtail,passive_1,582,582,This ecru isn't , by that volcanology.,recompensed,leered,This ecru isn't recompensed by that volcanology.,This ecru isn't leered by that volcanology.,bantered,xtail/passive_1/recompense/was,-75.59178267419338,-19.995550870895386,-29.01390814781189,-2.4098806381225586,13,3,-77.34822164475918,-18.17646312713623,-32.58943486213684,-4.78132438659668,12,2,1.756438970565796,-1.8190877437591553,3.575526714324951,2.371443748474121,1
xtail/passive_1/585,xtail,passive_1,585,585,Many pressmen aren't , by a bailee.,filched,smoldered,Many pressmen aren't filched by a bailee.,Many pressmen aren't smoldered by a bailee.,tingled,xtail/passive_1/filch/was,-60.45210540294647,-16.350672721862793,-22.108423709869385,-2.024510383605957,11,2,-65.18357878923416,-17.641373336315155,-25.549196481704712,-2.4814302921295166,12,3,4.731473386287689,1.290700614452362,3.440772771835327,0.45691990852355957,1
xtail/passive_1/591,xtail,passive_1,591,591,Many hoboes are , by the valuers.,rearmed,tottered,Many hoboes are rearmed by the valuers.,Many hoboes are tottered by the valuers.,panted,xtail/passive_1/rearm/was,-59.028366804122925,-14.92411494255066,-23.663881540298462,-1.5982692241668701,11,2,-65.9962021112442,-17.06713104248047,-28.48870074748993,-3.7135610580444336,11,2,6.967835307121277,2.1430160999298096,4.824819207191467,2.1152918338775635,1
xtail/passive_1/592,xtail,passive_1,592,592,This harmonizer is , by roofers.,filched,smoldered,This harmonizer is filched by roofers.,This harmonizer is smoldered by roofers.,remonstrated,xtail/passive_1/filch/was,-54.18178403377533,-15.457481622695923,-20.1438090801239,-4.088867664337158,9,2,-58.45328867435455,-18.421211004257202,-21.451584339141846,-2.9600110054016113,10,3,4.271504640579224,2.9637293815612793,1.3077752590179443,-1.1288566589355469,1
xtail/passive_1/593,xtail,passive_1,593,593,All juggernauts were , by many lightweights.,lugged,drooled,All juggernauts were lugged by many lightweights.,All juggernauts were drooled by many lightweights.,resounded,xtail/passive_1/lug/was,-57.15879379083344,-12.108272314071655,-24.24836766719818,-3.4725701808929443,13,2,-58.71930597593018,-13.64993268251419,-24.267219483852386,-4.824460983276367,14,3,1.5605121850967407,1.5416603684425354,0.018851816654205322,1.3518908023834229,1
xtail/passive_1/599,xtail,passive_1,599,599,These featherweights weren't , by these anchorites.,recompensed,leered,These featherweights weren't recompensed by these anchorites.,These featherweights weren't leered by these anchorites.,toddled,xtail/passive_1/recompense/was,-66.76101598143578,-16.629905223846436,-27.435538053512573,-2.766965866088867,12,3,-68.69448861479759,-17.48347282409668,-28.515443086624146,-6.104739665985107,11,2,1.9334726333618164,0.8535676002502441,1.0799050331115723,3.3377737998962402,1
xtail/passive_1/601,xtail,passive_1,601,601,Buglers are , by many bacteriologists.,gulled,desisted,Buglers are gulled by many bacteriologists.,Buglers are desisted by many bacteriologists.,picnicked,xtail/passive_1/gull/was,-54.184022665023804,-13.36911153793335,-27.96853494644165,-1.2390018701553345,9,2,-59.816903948783875,-17.30373477935791,-29.66679298877716,-3.7065629959106445,9,2,5.632881283760071,3.9346232414245605,1.6982580423355103,2.46756112575531,1
xtail/passive_1/604,xtail,passive_1,604,604,Wordsmiths are , by this authoress.,reproved,remonstrated,Wordsmiths are reproved by this authoress.,Wordsmiths are remonstrated by this authoress.,eventuated,xtail/passive_1/reprove/was,-57.14481342583895,-17.973037719726562,-20.94925916939974,-2.1444475650787354,11,2,-56.75951337069273,-16.53849971294403,-21.998497121036053,-2.823643445968628,12,3,-0.38530005514621735,-1.4345380067825317,1.0492379516363144,0.6791958808898926,0
xtail/passive_1/605,xtail,passive_1,605,605,These pedlars weren't , by every moonshiner.,garlanded,bantered,These pedlars weren't garlanded by every moonshiner.,These pedlars weren't bantered by every moonshiner.,defecated,xtail/passive_1/garland/was,-65.42510936642066,-14.838639259338379,-26.72769260406494,-3.412994623184204,15,3,-66.32120097661391,-15.39228618144989,-27.070137292146683,-4.308208465576172,15,3,0.8960916101932526,0.5536469221115112,0.34244468808174133,0.8952138423919678,1
xtail/passive_1/607,xtail,passive_1,607,607,Many housemaids weren't , by some dolmans.,blasphemed,seethed,Many housemaids weren't blasphemed by some dolmans.,Many housemaids weren't seethed by some dolmans.,quacked,xtail/passive_1/blaspheme/was,-72.4498643912375,-18.174601182341576,-32.026618242263794,-2.804314613342285,14,4,-71.72698353976011,-16.561221931129694,-32.91711664199829,-3.4615020751953125,13,3,-0.7228808514773846,-1.6133792512118816,0.8904983997344971,0.6571874618530273,0
xtail/passive_1/609,xtail,passive_1,609,609,All greeters weren't , by every tenantry.,placated,crackled,All greeters weren't placated by every tenantry.,All greeters weren't crackled by every tenantry.,sidled,xtail/passive_1/placate/was,-67.99529910087585,-11.222212851047516,-32.047603487968445,-1.8542145490646362,11,2,-73.3842584490776,-18.944188594818115,-29.714587092399597,-2.704540729522705,11,2,5.388959348201752,7.721975743770599,-2.3330163955688477,0.8503261804580688,1
xtail/passive_1/610,xtail,passive_1,610,610,Those oblates aren't , by these gravitons.,walloped,gloated,Those oblates aren't walloped by these gravitons.,Those oblates aren't gloated by these gravitons.,slunk,xtail/passive_1/wallop/was,-64.75204047560692,-16.86381483078003,-19.94345784187317,-1.1880993843078613,12,2,-72.0169675052166,-15.411382675170898,-28.66081702709198,-4.319918155670166,12,2,7.26492702960968,-1.4524321556091309,8.717359185218811,3.1318187713623047,1
xtail/passive_1/615,xtail,passive_1,615,615,Many gurgles are , by some shopgirl.,mistrusted,coexisted,Many gurgles are mistrusted by some shopgirl.,Many gurgles are coexisted by some shopgirl.,whizzed,xtail/passive_1/mistrust/was,-64.81698679924011,-15.325213193893433,-29.71468472480774,-1.7405767440795898,12,3,-66.89409244060516,-15.808211922645569,-31.308791637420654,-4.233758449554443,12,3,2.0771056413650513,0.48299872875213623,1.594106912612915,2.4931817054748535,1
xtail/passive_1/616,xtail,passive_1,616,616,Those dairymen were , by some skyhook.,blasphemed,seethed,Those dairymen were blasphemed by some skyhook.,Those dairymen were seethed by some skyhook.,teemed,xtail/passive_1/blaspheme/was,-64.39509436488152,-15.037272572517395,-27.450704336166382,-1.8695409297943115,14,4,-66.57708498975262,-14.831587435211986,-29.838380098342896,-3.9317567348480225,13,3,2.181990624871105,-0.20568513730540872,2.3876757621765137,2.062215805053711,1
xtail/passive_1/618,xtail,passive_1,618,618,Acquirers are , by every malar.,disgorged,exulted,Acquirers are disgorged by every malar.,Acquirers are exulted by every malar.,sidled,xtail/passive_1/disgorge/was,-64.00973120331764,-12.878677040338516,-34.69441556930542,-2.4882516860961914,11,3,-66.1252236366272,-16.60300302505493,-33.08558201789856,-2.170262575149536,11,3,2.115492433309555,3.7243259847164154,-1.6088335514068604,-0.3179891109466553,1
xtail/passive_1/620,xtail,passive_1,620,620,Every syphilitic is , by that farmhand.,filched,smoldered,Every syphilitic is filched by that farmhand.,Every syphilitic is smoldered by that farmhand.,burgeoned,xtail/passive_1/filch/was,-61.34759854525328,-15.17693281173706,-25.519518613815308,-2.658296823501587,12,2,-67.05203901976347,-19.552679419517517,-26.848212480545044,-2.3042619228363037,13,3,5.704440474510193,4.3757466077804565,1.3286938667297363,-0.3540349006652832,1
xtail/passive_1/625,xtail,passive_1,625,625,Most luddites aren't , by the hairstylists.,blabbed,lolled,Most luddites aren't blabbed by the hairstylists.,Most luddites aren't lolled by the hairstylists.,putrefied,xtail/passive_1/blab/was,-61.53227177262306,-18.51705026626587,-18.796430438756943,-1.9219660758972168,15,3,-59.80118864774704,-16.436978340148926,-19.145419239997864,-2.0366084575653076,14,2,-1.7310831248760223,-2.0800719261169434,0.348988801240921,0.11464238166809082,0
xtail/passive_1/627,xtail,passive_1,627,627,Many prizefighters were , by many marquises.,prised,jutted,Many prizefighters were prised by many marquises.,Many prizefighters were jutted by many marquises.,vacillated,xtail/passive_1/prise/was,-57.93879824876785,-13.488237857818604,-23.753412783145905,-4.169395923614502,13,2,-58.83942240476608,-17.35666275024414,-20.785612046718597,-3.032289505004883,14,3,0.90062415599823,3.868424892425537,-2.967800736427307,-1.1371064186096191,1
xtail/passive_1/629,xtail,passive_1,629,629,Isolationists were , by those operands.,hefted,hibernated,Isolationists were hefted by those operands.,Isolationists were hibernated by those operands.,clattered,xtail/passive_1/heft/was,-63.01916313171387,-18.42055892944336,-27.980576276779175,-2.574873208999634,11,3,-60.636290807276964,-16.580310005694628,-27.437952876091003,-2.1422765254974365,12,4,-2.382872324436903,-1.8402489237487316,-0.5426234006881714,-0.43259668350219727,0
xtail/passive_1/630,xtail,passive_1,630,630,Most rationalists weren't , by this gramp.,crated,lumbered,Most rationalists weren't crated by this gramp.,Most rationalists weren't lumbered by this gramp.,hibernated,xtail/passive_1/crate/was,-65.06086918711662,-16.08080768585205,-26.891841173171997,-2.768223762512207,11,2,-61.65913876891136,-14.011882901191711,-25.559035539627075,-2.6356396675109863,11,2,-3.4017304182052612,-2.0689247846603394,-1.3328056335449219,-0.1325840950012207,0
xtail/passive_1/631,xtail,passive_1,631,631,The diathermy was , by the ghostwriters.,hefted,hibernated,The diathermy was hefted by the ghostwriters.,The diathermy was hibernated by the ghostwriters.,hibernated,xtail/passive_1/heft/was,-58.14619240164757,-13.652529746294022,-23.82901644706726,-2.664018154144287,12,3,-60.864933433011174,-16.429616691544652,-23.770670533180237,-2.6820340156555176,13,4,2.7187410313636065,2.7770869452506304,-0.058345913887023926,0.01801586151123047,1
xtail/passive_1/632,xtail,passive_1,632,632,Every stonecutter isn't , by thrombin.,resupplied,slogged,Every stonecutter isn't resupplied by thrombin.,Every stonecutter isn't slogged by thrombin.,gloated,xtail/passive_1/resupply/was,-65.44000241719186,-17.938287377357483,-21.460877537727356,-2.6234660148620605,12,3,-70.60846207104623,-19.03985357284546,-25.52777099609375,-4.607912540435791,11,2,5.16845965385437,1.101566195487976,4.066893458366394,1.9844465255737305,1
xtail/passive_1/633,xtail,passive_1,633,633,Some daydreamer wasn't , by every vestryman.,disquieted,goggled,Some daydreamer wasn't disquieted by every vestryman.,Some daydreamer wasn't goggled by every vestryman.,decamped,xtail/passive_1/disquiet/was,-74.00410534441471,-14.060293361544609,-30.411778330802917,-1.1377325057983398,14,3,-75.47546550631523,-16.063220143318176,-29.88021171092987,-2.5926671028137207,14,3,1.4713601619005203,2.002926781773567,-0.5315666198730469,1.4549345970153809,1
xtail/passive_1/634,xtail,passive_1,634,634,Those floozies weren't , by that poisoner.,unlatched,burgeoned,Those floozies weren't unlatched by that poisoner.,Those floozies weren't burgeoned by that poisoner.,puttered,xtail/passive_1/unlatch/was,-65.37894487380981,-17.99967098236084,-24.707059621810913,-4.304381847381592,14,3,-64.26714754104614,-19.107391834259033,-22.487541437149048,-2.8455982208251953,14,3,-1.1117973327636719,1.1077208518981934,-2.2195181846618652,-1.4587836265563965,0
xtail/passive_1/638,xtail,passive_1,638,638,A lot of mahouts were , by all procurators.,recompensed,leered,A lot of mahouts were recompensed by all procurators.,A lot of mahouts were leered by all procurators.,hungered,xtail/passive_1/recompense/was,-66.40864016115665,-14.338521212339401,-25.22615483403206,-2.7379581928253174,14,3,-73.43751229345798,-16.42120122909546,-30.17234694957733,-5.380890369415283,13,2,7.028872132301331,2.0826800167560577,4.946192115545273,2.642932176589966,1
xtail/passive_1/640,xtail,passive_1,640,640,The poliomyelitis wasn't , by some braveness.,crated,lumbered,The poliomyelitis wasn't crated by some braveness.,The poliomyelitis wasn't lumbered by some braveness.,pulsated,xtail/passive_1/crate/was,-68.36847235029563,-16.948484897613525,-26.37871527671814,-2.0831685066223145,15,2,-68.63219559332356,-16.348786011338234,-27.242137406021357,-2.6852011680603027,15,2,0.2637232430279255,-0.5996988862752914,0.8634221293032169,0.6020326614379883,1
xtail/passive_1/642,xtail,passive_1,642,642,All lectors aren't , by this hostler.,mistrusted,coexisted,All lectors aren't mistrusted by this hostler.,All lectors aren't coexisted by this hostler.,slunk,xtail/passive_1/mistrust/was,-59.96759653091431,-13.436278522014618,-24.555135846138,-2.4473278522491455,12,3,-69.60535496473312,-18.541584253311157,-29.08758854866028,-3.5093958377838135,12,3,9.637758433818817,5.105305731296539,4.532452702522278,1.062067985534668,1
xtail/passive_1/648,xtail,passive_1,648,648,This fibber was , by these mineworkers.,stoppered,quacked,This fibber was stoppered by these mineworkers.,This fibber was quacked by these mineworkers.,protruded,xtail/passive_1/stopper/was,-64.26083660125732,-14.418238162994385,-29.307143449783325,-3.4654972553253174,10,2,-63.83283185958862,-13.36231017112732,-29.93506669998169,-2.747579574584961,10,2,-0.42800474166870117,-1.0559279918670654,0.6279232501983643,-0.7179176807403564,0
xtail/passive_1/650,xtail,passive_1,650,650,Some colourings are , by most instagrams.,gulled,desisted,Some colourings are gulled by most instagrams.,Some colourings are desisted by most instagrams.,quacked,xtail/passive_1/gull/was,-64.61873602867126,-17.614376068115234,-29.240718960762024,-1.937496542930603,11,2,-66.85139608383179,-19.191601753234863,-29.896153330802917,-2.760690450668335,11,2,2.2326600551605225,1.577225685119629,0.6554343700408936,0.8231939077377319,1
xtail/passive_1/651,xtail,passive_1,651,651,A pedant is , by these inabilities.,lugged,drooled,A pedant is lugged by these inabilities.,A pedant is drooled by these inabilities.,seethed,xtail/passive_1/lug/was,-63.001949071884155,-17.388917446136475,-27.150050401687622,-4.787466049194336,10,2,-64.3354446105659,-20.71250633522868,-25.15995705127716,-4.215510368347168,11,3,1.3334955386817455,3.323588889092207,-1.9900933504104614,-0.571955680847168,1
xtail/passive_1/652,xtail,passive_1,652,652,These millwrights weren't , by all ravers.,recompensed,leered,These millwrights weren't recompensed by all ravers.,These millwrights weren't leered by all ravers.,quivered,xtail/passive_1/recompense/was,-67.16225799918175,-13.637108862400055,-29.97250986099243,-2.8747925758361816,13,3,-70.08912792801857,-16.9788761138916,-29.557612538337708,-6.289669990539551,12,2,2.9268699288368225,3.3417672514915466,-0.4148973226547241,3.414877414703369,1
xtail/passive_1/661,xtail,passive_1,661,661,Some wriggles weren't , by the pillagers.,garlanded,bantered,Some wriggles weren't garlanded by the pillagers.,Some wriggles weren't bantered by the pillagers.,squawked,xtail/passive_1/garland/was,-62.832414746284485,-16.80987447500229,-20.07784652709961,-3.788750171661377,13,3,-59.848396331071854,-14.356983989477158,-19.54671859741211,-4.29627799987793,13,3,-2.9840184152126312,-2.4528904855251312,-0.5311279296875,0.5075278282165527,0
xtail/passive_1/662,xtail,passive_1,662,662,All trollers aren't , by those estheticians.,pigeonholed,hitchhiked,All trollers aren't pigeonholed by those estheticians.,All trollers aren't hitchhiked by those estheticians.,shimmered,xtail/passive_1/pigeonhole/was,-69.71545806527138,-16.17651665210724,-29.083502531051636,-2.2052831649780273,14,4,-75.20846335589886,-21.933691397309303,-28.81933307647705,-2.8401412963867188,13,3,5.4930052906274796,5.7571747452020645,-0.26416945457458496,0.6348581314086914,1
xtail/passive_1/663,xtail,passive_1,663,663,These romanticists aren't , by these seculars.,resupplied,slogged,These romanticists aren't resupplied by these seculars.,These romanticists aren't slogged by these seculars.,hibernated,xtail/passive_1/resupply/was,-69.51753491163254,-22.278687000274658,-21.38164746761322,-1.7870959043502808,12,3,-66.70230573415756,-17.98582935333252,-22.859275937080383,-3.853530168533325,11,2,-2.8152291774749756,-4.292857646942139,1.477628469467163,2.0664342641830444,0
xtail/passive_1/666,xtail,passive_1,666,666,These roundheads are , by every mayoress.,debugged,tingled,These roundheads are debugged by every mayoress.,These roundheads are tingled by every mayoress.,picnicked,xtail/passive_1/debug/was,-64.43288254737854,-14.599797487258911,-31.010460376739502,-1.9770848751068115,11,2,-65.44203472137451,-16.706758499145508,-29.912651538848877,-1.9230246543884277,11,2,1.0091521739959717,2.1069610118865967,-1.097808837890625,-0.05406022071838379,1
xtail/passive_1/667,xtail,passive_1,667,667,Some theoreticians are , by that calk.,obviated,teemed,Some theoreticians are obviated by that calk.,Some theoreticians are teemed by that calk.,fawned,xtail/passive_1/obviate/was,-65.01437668502331,-16.947084307670593,-28.96528470516205,-1.50973379611969,12,3,-70.27410988509655,-22.371264457702637,-28.800837755203247,-2.9911835193634033,11,2,5.259733200073242,5.4241801500320435,-0.16444694995880127,1.4814497232437134,1
xtail/passive_1/668,xtail,passive_1,668,668,A benedick is , by many extraverts.,reproved,remonstrated,A benedick is reproved by many extraverts.,A benedick is remonstrated by many extraverts.,slouched,xtail/passive_1/reprove/was,-68.46812653541565,-15.85033893585205,-28.45720648765564,-2.0547149181365967,11,2,-71.77030229568481,-16.985631465911865,-30.62408971786499,-2.9605319499969482,12,3,3.302175760269165,1.1352925300598145,2.1668832302093506,0.9058170318603516,1
xtail/passive_1/672,xtail,passive_1,672,672,The persecutors were , by dacoits.,garlanded,bantered,The persecutors were garlanded by dacoits.,The persecutors were bantered by dacoits.,scrammed,xtail/passive_1/garland/was,-50.51064392924309,-14.09785582125187,-19.224939301609993,-2.7749571800231934,11,3,-52.542089484632015,-15.598370224237442,-19.755870454013348,-3.4109673500061035,11,3,2.0314455553889275,1.5005144029855728,0.5309311524033546,0.6360101699829102,1
xtail/passive_1/676,xtail,passive_1,676,676,All phlebotomists are , by dinges.,doffed,salivated,All phlebotomists are doffed by dinges.,All phlebotomists are salivated by dinges.,skulked,xtail/passive_1/doff/was,-56.49704006314278,-14.791854739189148,-24.74194312095642,-3.7778215408325195,13,3,-54.88625755906105,-16.05160903930664,-21.871406316757202,-2.15440034866333,12,2,-1.610782504081726,1.2597543001174927,-2.8705368041992188,-1.6234211921691895,0
xtail/passive_1/678,xtail,passive_1,678,678,Every benefactress isn't , by some boatbuilders.,regaled,writhed,Every benefactress isn't regaled by some boatbuilders.,Every benefactress isn't writhed by some boatbuilders.,wormed,xtail/passive_1/regale/was,-72.48767771013081,-14.67807149887085,-29.894432233646512,-2.570775032043457,13,2,-78.08621555939317,-20.057093620300293,-30.113947961479425,-3.7812857627868652,13,2,5.598537849262357,5.379022121429443,0.2195157278329134,1.2105107307434082,1
xtail/passive_1/679,xtail,passive_1,679,679,That neurobiologist was , by the blighters.,ogled,wallowed,That neurobiologist was ogled by the blighters.,That neurobiologist was wallowed by the blighters.,ruminated,xtail/passive_1/ogle/was,-55.577741861343384,-15.342092990875244,-18.065940856933594,-1.1032625436782837,11,2,-60.346150636672974,-17.453803539276123,-20.722639083862305,-2.7312209606170654,11,2,4.76840877532959,2.111710548400879,2.656698226928711,1.6279584169387817,1
xtail/passive_1/681,xtail,passive_1,681,681,A lot of woodsmen weren't , by a lot of helmsmen.,disquieted,goggled,A lot of woodsmen weren't disquieted by a lot of helmsmen.,A lot of woodsmen weren't goggled by a lot of helmsmen.,goggled,xtail/passive_1/disquiet/was,-74.38225660473108,-15.950464323163033,-27.667945615947247,-0.5435618162155151,17,3,-76.1757892575115,-17.466492891311646,-27.945449700579047,-3.956505298614502,17,3,1.7935326527804136,1.516028568148613,0.27750408463180065,3.412943482398987,1
xtail/passive_1/684,xtail,passive_1,684,684,That etcher is , by the extortionist.,wagged,basked,That etcher is wagged by the extortionist.,That etcher is basked by the extortionist.,sulked,xtail/passive_1/wag/was,-55.8875949382782,-17.744820594787598,-19.935649156570435,-1.594792127609253,11,2,-58.34351062774658,-17.26462173461914,-22.871763706207275,-3.015639066696167,11,2,2.455915689468384,-0.48019886016845703,2.936114549636841,1.420846939086914,1
xtail/passive_1/686,xtail,passive_1,686,686,An ostomy was , by a lot of covariances.,crated,lumbered,An ostomy was crated by a lot of covariances.,An ostomy was lumbered by a lot of covariances.,panted,xtail/passive_1/crate/was,-65.14263866096735,-14.303260087966919,-31.568150497972965,-2.1798970699310303,13,2,-67.67148996889591,-15.648114681243896,-32.75214721262455,-3.673037052154541,13,2,2.528851307928562,1.3448545932769775,1.1839967146515846,1.4931399822235107,1
xtail/passive_1/688,xtail,passive_1,688,688,A lot of maulers were , by actinium.,larded,fizzed,A lot of maulers were larded by actinium.,A lot of maulers were fizzed by actinium.,hyperventilated,xtail/passive_1/lard/was,-66.24412681162357,-14.906183242797852,-22.875292539596558,-4.328467845916748,12,2,-65.9041927009821,-17.026740789413452,-20.414800882339478,-3.1837966442108154,13,3,-0.3399341106414795,2.1205575466156006,-2.46049165725708,-1.1446712017059326,0
xtail/passive_1/689,xtail,passive_1,689,689,A lot of complainers were , by a lot of bacteriologists.,guzzled,commiserated,A lot of complainers were guzzled by a lot of bacteriologists.,A lot of complainers were commiserated by a lot of bacteriologists.,flounced,xtail/passive_1/guzzle/was,-67.930400878191,-18.174607038497925,-27.11255617439747,-3.222623586654663,15,3,-64.2022197060287,-13.607301652431488,-27.95168038830161,-2.8003897666931152,15,3,-3.7281811721622944,-4.567305386066437,0.8391242139041424,-0.42223381996154785,0
xtail/passive_1/690,xtail,passive_1,690,690,This sigmoidoscopy is , by the itinerants.,permed,fawned,This sigmoidoscopy is permed by the itinerants.,This sigmoidoscopy is fawned by the itinerants.,teemed,xtail/passive_1/perm/was,-65.98511359095573,-18.959182739257812,-23.977012038230896,-1.4558017253875732,12,2,-67.7299596965313,-23.056453704833984,-21.624587178230286,-1.795103907585144,13,3,1.7448461055755615,4.097270965576172,-2.3524248600006104,0.3393021821975708,1
xtail/passive_1/696,xtail,passive_1,696,696,Every skivvy is , by most librettists.,wagged,basked,Every skivvy is wagged by most librettists.,Every skivvy is basked by most librettists.,eavesdropped,xtail/passive_1/wag/was,-62.34911957383156,-15.919805526733398,-27.24702113866806,-1.778974175453186,12,2,-66.85541841387749,-16.755836963653564,-30.917288541793823,-3.6345956325531006,12,2,4.506298840045929,0.836031436920166,3.670267403125763,1.8556214570999146,1
xtail/passive_1/697,xtail,passive_1,697,697,This rhetorician is , by some pseud.,crated,lumbered,This rhetorician is crated by some pseud.,This rhetorician is lumbered by some pseud.,writhed,xtail/passive_1/crate/was,-60.32160460948944,-15.616056442260742,-23.46021795272827,-2.4783005714416504,10,2,-61.24526019394398,-13.710253790020943,-26.289676189422607,-3.7166457176208496,10,2,0.9236555844545364,-1.9058026522397995,2.829458236694336,1.2383451461791992,1
xtail/passive_1/700,xtail,passive_1,700,700,Many grandads weren't , by a lot of protractors.,crated,lumbered,Many grandads weren't crated by a lot of protractors.,Many grandads weren't lumbered by a lot of protractors.,hitchhiked,xtail/passive_1/crate/was,-69.69712470471859,-14.12292766571045,-29.583048954606056,-3.780989646911621,14,2,-65.2842772603035,-12.80291759967804,-26.490211576223373,-3.146940231323242,14,2,-4.4128474444150925,-1.3200100660324097,-3.092837378382683,-0.6340494155883789,0
xtail/passive_1/705,xtail,passive_1,705,705,Most philanthropies weren't , by that moviemaking.,larded,fizzed,Most philanthropies weren't larded by that moviemaking.,Most philanthropies weren't fizzed by that moviemaking.,drooled,xtail/passive_1/lard/was,-70.29346489906311,-13.76941728591919,-31.8227818608284,-3.8827919960021973,13,2,-67.71292781829834,-15.22275972366333,-27.78890234231949,-2.4070682525634766,14,3,-2.5805370807647705,1.4533424377441406,-4.033879518508911,-1.4757237434387207,0
xtail/passive_1/707,xtail,passive_1,707,707,A lot of symposiums are , by manicurists.,mistrusted,coexisted,A lot of symposiums are mistrusted by manicurists.,A lot of symposiums are coexisted by manicurists.,quacked,xtail/passive_1/mistrust/was,-57.18643884919584,-15.32766106724739,-17.44940391741693,-1.109403133392334,14,3,-61.77004651725292,-15.653434872627258,-21.707237780094147,-3.725816488265991,14,3,4.583607668057084,0.32577380537986755,4.2578338626772165,2.6164133548736572,1
xtail/passive_1/711,xtail,passive_1,711,711,Hubbies aren't , by the farrago.,hefted,hibernated,Hubbies aren't hefted by the farrago.,Hubbies aren't hibernated by the farrago.,slogged,xtail/passive_1/heft/was,-54.32479804754257,-15.689592838287354,-21.035813093185425,-1.0776654481887817,12,3,-59.213031843304634,-16.9011899381876,-24.71244978904724,-3.0882673263549805,13,4,4.888233795762062,1.2115970999002457,3.6766366958618164,2.0106018781661987,1
xtail/passive_1/712,xtail,passive_1,712,712,All tiddlers aren't , by these wildcatters.,sundered,eavesdropped,All tiddlers aren't sundered by these wildcatters.,All tiddlers aren't eavesdropped by these wildcatters.,pulsated,xtail/passive_1/sunder/was,-67.41031622886658,-15.05139708518982,-28.478108763694763,-3.305354118347168,13,2,-71.26261558011174,-19.102681059390306,-28.27912414073944,-4.169535160064697,15,4,3.852299351245165,4.051283974200487,-0.19898462295532227,0.8641810417175293,1
xtail/passive_1/715,xtail,passive_1,715,715,Some goatherds were , by all saleswomen.,obviated,teemed,Some goatherds were obviated by all saleswomen.,Some goatherds were teemed by all saleswomen.,jigged,xtail/passive_1/obviate/was,-67.52838233113289,-16.604225546121597,-27.727920413017273,-0.9020518064498901,12,3,-63.029781341552734,-12.346214294433594,-27.487330675125122,-3.874070167541504,11,2,-4.498600989580154,-4.2580112516880035,-0.24058973789215088,2.9720183610916138,0
xtail/passive_1/725,xtail,passive_1,725,725,This tribesman was , by this quasiparticle.,suckled,defecated,This tribesman was suckled by this quasiparticle.,This tribesman was defecated by this quasiparticle.,kayaked,xtail/passive_1/suckle/was,-60.085540771484375,-13.330137610435486,-30.33618915081024,-0.8650009632110596,11,2,-61.45923888683319,-15.575498223304749,-29.464526653289795,-2.1644845008850098,12,3,1.373698115348816,2.2453606128692627,-0.8716624975204468,1.2994835376739502,1
xtail/passive_1/726,xtail,passive_1,726,726,Revolutionists aren't , by this transferee.,filched,smoldered,Revolutionists aren't filched by this transferee.,Revolutionists aren't smoldered by this transferee.,debarked,xtail/passive_1/filch/was,-60.405546113848686,-15.178781986236572,-25.23548547923565,-2.2983908653259277,12,2,-62.96399016678333,-17.19334837794304,-25.77936314046383,-2.4961068630218506,13,3,2.5584440529346466,2.0145663917064667,0.5438776612281799,0.19771599769592285,1
xtail/passive_1/737,xtail,passive_1,737,737,A lot of daubers aren't , by a gimmickry.,shoplifted,eventuated,A lot of daubers aren't shoplifted by a gimmickry.,A lot of daubers aren't eventuated by a gimmickry.,hyperventilated,xtail/passive_1/shoplift/was,-80.58328659832478,-17.58758783340454,-28.951228439807892,-3.4891915321350098,18,4,-80.4700792580843,-20.863579750061035,-25.56202918291092,-3.4186015129089355,16,2,-0.11320734024047852,3.275991916656494,-3.3891992568969727,-0.07059001922607422,0
xtail/passive_1/743,xtail,passive_1,743,743,A shopaholic isn't , by a stepmum.,walloped,gloated,A shopaholic isn't walloped by a stepmum.,A shopaholic isn't gloated by a stepmum.,debarked,xtail/passive_1/wallop/was,-71.31273492053151,-20.36037826538086,-25.7850062251091,-0.8253727555274963,13,2,-72.26637424901128,-16.719006061553955,-30.38001775741577,-3.325617790222168,13,2,0.9536393284797668,-3.6413722038269043,4.595011532306671,2.5002450346946716,1
xtail/passive_1/749,xtail,passive_1,749,749,Those duces are , by every ovipositor.,recompensed,leered,Those duces are recompensed by every ovipositor.,Those duces are leered by every ovipositor.,clattered,xtail/passive_1/recompense/was,-61.626056641340256,-13.590144574642181,-28.539390832185745,-1.8033463954925537,13,3,-65.0257413983345,-16.842291831970215,-28.68692833185196,-4.01289176940918,12,2,3.3996847569942474,3.2521472573280334,0.147537499666214,2.209545373916626,1
xtail/passive_1/754,xtail,passive_1,754,754,A lot of sibyls are , by a lot of banalities.,disabused,sidled,A lot of sibyls are disabused by a lot of banalities.,A lot of sibyls are sidled by a lot of banalities.,intermarried,xtail/passive_1/disabuse/was,-61.64713504910469,-12.263127952814102,-22.10363157093525,-2.367086887359619,16,3,-68.12128030881286,-16.143798351287842,-24.697106432169676,-4.547346591949463,15,2,6.474145259708166,3.8806703984737396,2.5934748612344265,2.1802597045898438,1
xtail/passive_1/758,xtail,passive_1,758,758,Every forgiver wasn't , by the headstand.,debugged,tingled,Every forgiver wasn't debugged by the headstand.,Every forgiver wasn't tingled by the headstand.,exulted,xtail/passive_1/debug/was,-69.63245864212513,-16.949137091636658,-25.84435772895813,-3.916903257369995,11,2,-66.65762914717197,-18.92359685897827,-20.89506846666336,-1.1925454139709473,11,2,-2.9748294949531555,1.9744597673416138,-4.949289262294769,-2.724357843399048,0
xtail/passive_1/760,xtail,passive_1,760,760,Many tacklers weren't , by that acoustician.,resupplied,slogged,Many tacklers weren't resupplied by that acoustician.,Many tacklers weren't slogged by that acoustician.,droned,xtail/passive_1/resupply/was,-70.65958523750305,-16.65608775615692,-32.25938391685486,-3.3431355953216553,13,3,-71.63321816921234,-17.62080430984497,-32.2683002948761,-4.0124006271362305,12,2,0.9736329317092896,0.9647165536880493,0.008916378021240234,0.6692650318145752,1
xtail/passive_1/762,xtail,passive_1,762,762,These farmhands are , by a lot of bankrupts.,outshone,gaped,These farmhands are outshone by a lot of bankrupts.,These farmhands are gaped by a lot of bankrupts.,jutted,xtail/passive_1/outshine/was,-61.224089965224266,-17.33882451057434,-25.57955013215542,-0.21488727629184723,13,3,-60.695592135190964,-14.76845121383667,-27.621425598859787,-3.9351887702941895,12,2,-0.5284978300333023,-2.570373296737671,2.0418754667043686,3.7203014940023422,0
xtail/passive_1/764,xtail,passive_1,764,764,The foreperson is , by the pointillist.,lugged,drooled,The foreperson is lugged by the pointillist.,The foreperson is drooled by the pointillist.,procreated,xtail/passive_1/lug/was,-56.68055674433708,-15.183351755142212,-24.000630110502243,-3.7751412391662598,11,2,-57.39904825389385,-19.84453009068966,-20.057943284511566,-3.4110794067382812,12,3,0.7184915095567703,4.661178335547447,-3.942686825990677,-0.3640618324279785,1
xtail/passive_1/765,xtail,passive_1,765,765,Those agribusinesses aren't , by the procurators.,incriminated,sulked,Those agribusinesses aren't incriminated by the procurators.,Those agribusinesses aren't sulked by the procurators.,writhed,xtail/passive_1/incriminate/was,-61.555153116583824,-18.243271827697754,-22.773463487625122,-2.1518523693084717,15,3,-64.19448147714138,-21.40426206588745,-22.25180160999298,-2.5601444244384766,14,2,2.639328360557556,3.1609902381896973,-0.5216618776321411,0.4082920551300049,1
xtail/passive_1/766,xtail,passive_1,766,766,Those salters are , by a lot of camisoles.,larded,fizzed,Those salters are larded by a lot of camisoles.,Those salters are fizzed by a lot of camisoles.,procreated,xtail/passive_1/lard/was,-64.05658982694149,-14.208000183105469,-30.064714416861534,-4.75150203704834,13,2,-67.11652582883835,-17.72309446334839,-29.609556138515472,-3.8583180904388428,14,3,3.059936001896858,3.51509428024292,-0.4551582783460617,-0.8931839466094971,1
xtail/passive_1/767,xtail,passive_1,767,767,Enlistees are , by all namesakes.,shooed,quivered,Enlistees are shooed by all namesakes.,Enlistees are quivered by all namesakes.,empathized,xtail/passive_1/shoo/was,-60.842334389686584,-13.433249354362488,-31.208778142929077,-4.773472785949707,11,3,-61.09748315811157,-17.407073974609375,-27.490102291107178,-2.6532623767852783,10,2,0.2551487684249878,3.973824620246887,-3.7186758518218994,-2.1202104091644287,1
xtail/passive_1/768,xtail,passive_1,768,768,All woodworkers are , by some newsreaders.,tithed,puttered,All woodworkers are tithed by some newsreaders.,All woodworkers are puttered by some newsreaders.,wormed,xtail/passive_1/tithe/was,-66.12561043677852,-17.162588119506836,-31.15864285407588,-2.6347146034240723,11,2,-64.20615931972861,-16.612828254699707,-29.788951601833105,-2.726409912109375,11,2,-1.9194511170499027,-0.5497598648071289,-1.3696912522427738,0.09169530868530273,0
xtail/passive_1/771,xtail,passive_1,771,771,Most cfos weren't , by some understatements.,wagged,basked,Most cfos weren't wagged by some understatements.,Most cfos weren't basked by some understatements.,bustled,xtail/passive_1/wag/was,-65.59263816475868,-15.484617233276367,-22.748595118522644,-1.2032443284988403,11,2,-68.9325125515461,-16.70801830291748,-24.865068435668945,-2.756312131881714,11,2,3.3398743867874146,1.2234010696411133,2.1164733171463013,1.5530678033828735,1
xtail/passive_1/775,xtail,passive_1,775,775,The dogmatists are , by many criers.,lugged,drooled,The dogmatists are lugged by many criers.,The dogmatists are drooled by many criers.,hungered,xtail/passive_1/lug/was,-62.406594038009644,-17.530174255371094,-24.4199116230011,-3.643702268600464,11,2,-67.07665921747684,-18.24223519861698,-28.377915859222412,-4.531298637390137,12,3,4.670065179467201,0.7120609432458878,3.9580042362213135,0.8875963687896729,1
xtail/passive_1/779,xtail,passive_1,779,779,Some rioter isn't , by all coiners.,swaddled,decamped,Some rioter isn't swaddled by all coiners.,Some rioter isn't decamped by all coiners.,zigzagged,xtail/passive_1/swaddle/was,-72.01227907836437,-18.021355405449867,-28.589770317077637,-3.8628251552581787,12,3,-72.29283729195595,-17.943007946014404,-28.948675990104675,-3.5623135566711426,11,2,0.2805582135915756,-0.07834745943546295,0.3589056730270386,-0.30051159858703613,1
xtail/passive_1/780,xtail,passive_1,780,780,All mullers were , by some antiquarians.,placated,crackled,All mullers were placated by some antiquarians.,All mullers were crackled by some antiquarians.,ossified,xtail/passive_1/placate/was,-57.55628162622452,-11.942608773708344,-24.115142226219177,-1.4971038103103638,11,2,-65.37802743911743,-17.507492065429688,-26.372004747390747,-2.134258985519409,11,2,7.821745812892914,5.564883291721344,2.25686252117157,0.6371551752090454,1
xtail/passive_1/782,xtail,passive_1,782,782,Those supervillains weren't , by the mileposts.,outshone,gaped,Those supervillains weren't outshone by the mileposts.,Those supervillains weren't gaped by the mileposts.,wormed,xtail/passive_1/outshine/was,-60.882452234625816,-15.847468614578247,-26.4985179156065,-0.220842644572258,13,3,-61.82042592763901,-15.838269233703613,-27.445690989494324,-3.266552686691284,12,2,0.9379736930131912,-0.009199380874633789,0.947173073887825,3.045710042119026,1
xtail/passive_1/785,xtail,passive_1,785,785,This fluoroscopy wasn't , by some semiprofessional.,rearmed,tottered,This fluoroscopy wasn't rearmed by some semiprofessional.,This fluoroscopy wasn't tottered by some semiprofessional.,toddled,xtail/passive_1/rearm/was,-74.87657541036606,-18.169997215270996,-28.818116545677185,-2.726858139038086,12,2,-76.87272304296494,-20.345608711242676,-28.638652682304382,-2.817502498626709,12,2,1.996147632598877,2.1756114959716797,-0.17946386337280273,0.09064435958862305,1
xtail/passive_1/795,xtail,passive_1,795,795,These exorcists aren't , by geriatricians.,unlatched,burgeoned,These exorcists aren't unlatched by geriatricians.,These exorcists aren't burgeoned by geriatricians.,sulked,xtail/passive_1/unlatch/was,-67.14233269542456,-18.153270475566387,-27.364028811454773,-3.6477174758911133,13,3,-68.18523636460304,-20.63006353378296,-25.930139422416687,-3.2668590545654297,13,3,1.0429036691784859,2.476793058216572,-1.433889389038086,-0.3808584213256836,1
xtail/passive_1/796,xtail,passive_1,796,796,Some testator is , by many printmakers.,blasphemed,seethed,Some testator is blasphemed by many printmakers.,Some testator is seethed by many printmakers.,puttered,xtail/passive_1/blaspheme/was,-62.57904714345932,-14.400956094264984,-25.89824867248535,-2.372763156890869,12,4,-67.09961879253387,-15.242940306663513,-29.576836109161377,-3.195138931274414,11,3,4.520571649074554,0.841984212398529,3.6785874366760254,0.8223757743835449,1
xtail/passive_1/799,xtail,passive_1,799,799,Some gawkers were , by the grannie.,prised,jutted,Some gawkers were prised by the grannie.,Some gawkers were jutted by the grannie.,ossified,xtail/passive_1/prise/was,-56.96537137031555,-13.92407751083374,-26.734594643115997,-5.775432109832764,11,2,-58.47825264930725,-18.044467449188232,-24.127085983753204,-4.061999797821045,12,3,1.5128812789916992,4.120389938354492,-2.607508659362793,-1.7134323120117188,1
xtail/passive_1/800,xtail,passive_1,800,800,Some tempter wasn't , by a choirboy.,wagged,basked,Some tempter wasn't wagged by a choirboy.,Some tempter wasn't basked by a choirboy.,procreated,xtail/passive_1/wag/was,-60.609731674194336,-16.418479919433594,-17.207810819149017,-2.73563551902771,11,2,-65.58251684904099,-18.03920841217041,-20.55986750125885,-3.765780448913574,11,2,4.972785174846649,1.6207284927368164,3.3520566821098328,1.0301449298858643,1
xtail/passive_1/801,xtail,passive_1,801,801,Some couturiers are , by every motorman.,walloped,gloated,Some couturiers are walloped by every motorman.,Some couturiers are gloated by every motorman.,shimmered,xtail/passive_1/wallop/was,-71.79786586761475,-18.629249572753906,-32.80275058746338,-1.1667189598083496,11,2,-70.84834957122803,-17.582908630371094,-32.89957523345947,-2.856632709503174,11,2,-0.9495162963867188,-1.0463409423828125,0.09682464599609375,1.6899137496948242,0
xtail/passive_1/802,xtail,passive_1,802,802,The transgressor was , by many moochers.,sundered,eavesdropped,The transgressor was sundered by many moochers.,The transgressor was eavesdropped by many moochers.,lumbered,xtail/passive_1/sunder/was,-67.85167169570923,-12.507252752780914,-35.86436051130295,-2.570875644683838,12,2,-64.9619821133092,-15.656892006285489,-29.82503167539835,-3.4796524047851562,14,4,-2.889689582400024,3.1496392535045743,-6.039328835904598,0.9087767601013184,0
xtail/passive_1/805,xtail,passive_1,805,805,Those dacoits weren't , by all paramours.,stoppered,quacked,Those dacoits weren't stoppered by all paramours.,Those dacoits weren't quacked by all paramours.,calved,xtail/passive_1/stopper/was,-67.45997461676598,-13.878333568572998,-29.360146522521973,-3.0974106788635254,12,2,-66.8872295320034,-16.3456392288208,-26.320095777511597,-2.2247419357299805,12,2,-0.5727450847625732,2.4673056602478027,-3.040050745010376,-0.8726687431335449,0
xtail/passive_1/806,xtail,passive_1,806,806,Some cabdriver is , by some lithographers.,stoppered,quacked,Some cabdriver is stoppered by some lithographers.,Some cabdriver is quacked by some lithographers.,drooled,xtail/passive_1/stopper/was,-66.06549906730652,-17.029067993164062,-27.948364973068237,-3.357367753982544,10,2,-64.71273040771484,-16.59109401702881,-27.033570289611816,-3.0158653259277344,10,2,-1.3527686595916748,-0.4379739761352539,-0.9147946834564209,-0.34150242805480957,0
xtail/passive_1/810,xtail,passive_1,810,810,Some brownouts aren't , by the reprobate.,wagged,basked,Some brownouts aren't wagged by the reprobate.,Some brownouts aren't basked by the reprobate.,gloried,xtail/passive_1/wag/was,-64.49250362813473,-19.731919288635254,-20.859990879893303,-2.4903194904327393,12,2,-65.21313851326704,-17.92656707763672,-23.38597797602415,-3.543276309967041,12,2,0.7206348851323128,-1.8053522109985352,2.525987096130848,1.0529568195343018,1
xtail/passive_1/812,xtail,passive_1,812,812,A lot of metalheads weren't , by those taxonomists.,hefted,hibernated,A lot of metalheads weren't hefted by those taxonomists.,A lot of metalheads weren't hibernated by those taxonomists.,desisted,xtail/passive_1/heft/was,-72.28390671312809,-16.510395765304565,-28.399503231048584,-2.3218464851379395,15,3,-77.6717142984271,-19.87817869335413,-30.419527888298035,-2.217177152633667,16,4,5.387807585299015,3.3677829280495644,2.0200246572494507,-0.10466933250427246,1
xtail/passive_1/816,xtail,passive_1,816,816,A pardner was , by some agriculturalist.,walloped,gloated,A pardner was walloped by some agriculturalist.,A pardner was gloated by some agriculturalist.,zigzagged,xtail/passive_1/wallop/was,-61.62026655673981,-13.052567481994629,-27.15354573726654,-1.6752806901931763,11,2,-64.90670871734619,-15.653379917144775,-27.83917546272278,-3.170461416244507,11,2,3.2864421606063843,2.6008124351501465,0.6856297254562378,1.4951807260513306,1
xtail/passive_1/819,xtail,passive_1,819,819,Those oarsmen were , by the compromiser.,permed,fawned,Those oarsmen were permed by the compromiser.,Those oarsmen were fawned by the compromiser.,smoldered,xtail/passive_1/perm/was,-58.075289845466614,-16.11197280883789,-27.10862421989441,-3.428936004638672,11,2,-60.02897581458092,-14.99080976843834,-30.183473229408264,-3.546276569366455,12,3,1.9536859691143036,-1.1211630403995514,3.074849009513855,0.1173405647277832,1
xtail/passive_1/821,xtail,passive_1,821,821,That unexpectedness isn't , by the dunderheads.,recompensed,leered,That unexpectedness isn't recompensed by the dunderheads.,That unexpectedness isn't leered by the dunderheads.,flounced,xtail/passive_1/recompense/was,-61.76809725165367,-17.4144070148468,-20.75307595729828,-1.6056541204452515,13,3,-65.06907951831818,-19.701248168945312,-21.767217069864273,-5.723374843597412,12,2,3.300982266664505,2.2868411540985107,1.0141411125659943,4.117720723152161,1
xtail/passive_1/822,xtail,passive_1,822,822,That shyster wasn't , by these poplars.,espied,scrammed,That shyster wasn't espied by these poplars.,That shyster wasn't scrammed by these poplars.,groused,xtail/passive_1/espy/was,-64.71361589012668,-14.876335144042969,-25.297122459392995,-2.899582624435425,12,2,-67.48078884743154,-16.44274139404297,-26.49788916669786,-3.5131096839904785,13,3,2.767172957304865,1.56640625,1.2007667073048651,0.6135270595550537,1
xtail/passive_1/823,xtail,passive_1,823,823,A chiding wasn't , by the coquette.,mulched,bustled,A chiding wasn't mulched by the coquette.,A chiding wasn't bustled by the coquette.,slunk,xtail/passive_1/mulch/was,-66.31794048845768,-21.57188367843628,-20.56570029258728,-4.217780590057373,11,2,-65.85626222193241,-21.6892032623291,-19.98670244216919,-3.219550848007202,11,2,-0.46167826652526855,0.11731958389282227,-0.5789978504180908,-0.9982297420501709,0
xtail/passive_1/825,xtail,passive_1,825,825,Every intermezzo wasn't , by that assemblywoman.,larded,fizzed,Every intermezzo wasn't larded by that assemblywoman.,Every intermezzo wasn't fizzed by that assemblywoman.,crackled,xtail/passive_1/lard/was,-70.35270899091847,-14.592118263244629,-30.70763063430786,-4.1411542892456055,12,2,-70.54815774713643,-18.048502445220947,-27.4466952085495,-1.9283174276351929,13,3,0.19544875621795654,3.4563841819763184,-3.260935425758362,-2.2128368616104126,1
xtail/passive_1/826,xtail,passive_1,826,826,Some mistranslation isn't , by the headsman.,stoppered,quacked,Some mistranslation isn't stoppered by the headsman.,Some mistranslation isn't quacked by the headsman.,gaped,xtail/passive_1/stopper/was,-63.935117959976196,-20.95707416534424,-18.573824763298035,-1.0525320768356323,12,2,-64.85170769691467,-20.976516723632812,-19.470971941947937,-3.6021738052368164,12,2,0.9165897369384766,0.01944255828857422,0.8971471786499023,2.549641728401184,1
xtail/passive_1/827,xtail,passive_1,827,827,Most lurchers weren't , by some imponderable.,shooed,quivered,Most lurchers weren't shooed by some imponderable.,Most lurchers weren't quivered by some imponderable.,droned,xtail/passive_1/shoo/was,-74.01383197307587,-12.364097632467747,-34.07841267436743,-6.813836097717285,13,3,-69.68536670506,-17.376378059387207,-24.737666979432106,-1.2759960889816284,12,2,-4.3284652680158615,5.01228042691946,-9.340745694935322,-5.537840008735657,0
xtail/passive_1/834,xtail,passive_1,834,834,A lot of troupers weren't , by some geld.,resupplied,slogged,A lot of troupers weren't resupplied by some geld.,A lot of troupers weren't slogged by some geld.,slumbered,xtail/passive_1/resupply/was,-81.60030154883862,-16.718087911605835,-31.33764624595642,-3.3510844707489014,15,3,-79.99014382064342,-17.167206287384033,-29.278370141983032,-4.479746341705322,14,2,-1.6101577281951904,0.44911837577819824,-2.0592761039733887,1.128661870956421,0
xtail/passive_1/835,xtail,passive_1,835,835,This justifier is , by the darnel.,filched,smoldered,This justifier is filched by the darnel.,This justifier is smoldered by the darnel.,hiccupped,xtail/passive_1/filch/was,-62.24302697181702,-14.156822919845581,-27.239895820617676,-2.3019425868988037,11,2,-65.0143131017685,-17.65219020843506,-26.515814661979675,-2.29123592376709,12,3,2.771286129951477,3.4953672885894775,-0.7240811586380005,-0.010706663131713867,1
xtail/passive_1/836,xtail,passive_1,836,836,All laggards were , by the tourniquets.,hefted,hibernated,All laggards were hefted by the tourniquets.,All laggards were hibernated by the tourniquets.,squawked,xtail/passive_1/heft/was,-50.51199289225042,-9.628496885299683,-20.52573867700994,-2.6280453205108643,14,3,-55.23752681910992,-13.824300363659859,-21.055469125509262,-3.483490467071533,15,4,4.725533926859498,4.195803478360176,0.5297304484993219,0.855445146560669,1
xtail/passive_1/837,xtail,passive_1,837,837,The antifeminist is , by that tetrameter.,pigeonholed,hitchhiked,The antifeminist is pigeonholed by that tetrameter.,The antifeminist is hitchhiked by that tetrameter.,clacked,xtail/passive_1/pigeonhole/was,-61.70698834955692,-12.526376143097878,-25.90727800130844,-2.950758457183838,14,4,-71.47400882840157,-20.404984921216965,-27.795689702033997,-2.545982837677002,13,3,9.767020478844643,7.878608778119087,1.8884117007255554,-0.40477561950683594,1
xtail/passive_1/839,xtail,passive_1,839,839,Most equestrians are , by the deckhand.,blasphemed,seethed,Most equestrians are blasphemed by the deckhand.,Most equestrians are seethed by the deckhand.,clammed,xtail/passive_1/blaspheme/was,-53.23300343751907,-15.555310189723969,-20.614211559295654,-1.8363083600997925,13,4,-57.330030486918986,-17.707914994098246,-22.55863380432129,-2.559878349304199,12,3,4.097027049399912,2.1526048043742776,1.9444222450256348,0.7235699892044067,1
xtail/passive_1/840,xtail,passive_1,840,840,These greenhorns are , by all investitures.,reproved,remonstrated,These greenhorns are reproved by all investitures.,These greenhorns are remonstrated by all investitures.,fizzed,xtail/passive_1/reprove/was,-58.22936783730984,-16.343429565429688,-25.129709124565125,-2.0929946899414062,11,2,-59.05109749734402,-15.350648880004883,-26.94421947002411,-3.3979454040527344,12,3,0.8217296600341797,-0.9927806854248047,1.8145103454589844,1.3049507141113281,1
xtail/passive_1/842,xtail,passive_1,842,842,All navvies aren't , by the leaper.,walloped,gloated,All navvies aren't walloped by the leaper.,All navvies aren't gloated by the leaper.,burgeoned,xtail/passive_1/wallop/was,-62.09202605485916,-17.557905197143555,-19.52616250514984,-1.3159525394439697,12,2,-62.731108129024506,-15.74330997467041,-21.97983980178833,-3.208298683166504,12,2,0.6390820741653442,-1.8145952224731445,2.4536772966384888,1.8923461437225342,1
xtail/passive_1/844,xtail,passive_1,844,844,A lot of rankers were , by every bather.,wagged,basked,A lot of rankers were wagged by every bather.,A lot of rankers were basked by every bather.,sulked,xtail/passive_1/wag/was,-69.5303037315607,-16.36870574951172,-28.61503028869629,-2.340546131134033,12,2,-69.17091704905033,-15.634581565856934,-28.9897677898407,-3.2996389865875244,12,2,-0.359386682510376,-0.7341241836547852,0.3747375011444092,0.9590928554534912,0
xtail/passive_1/846,xtail,passive_1,846,846,All levellers were , by the pseud.,blabbed,lolled,All levellers were blabbed by the pseud.,All levellers were lolled by the pseud.,basked,xtail/passive_1/blab/was,-57.73156535625458,-18.28166961669922,-20.982879042625427,-1.8525409698486328,10,3,-53.29362565279007,-12.145981132984161,-22.680627822875977,-3.997699022293091,9,2,-4.437939703464508,-6.135688483715057,1.6977487802505493,2.145158052444458,0
xtail/passive_1/853,xtail,passive_1,853,853,These opacities weren't , by the deliveryman.,ogled,wallowed,These opacities weren't ogled by the deliveryman.,These opacities weren't wallowed by the deliveryman.,quivered,xtail/passive_1/ogle/was,-57.85287171602249,-18.270625114440918,-17.687535524368286,-2.2649426460266113,12,2,-63.26054698228836,-19.398945808410645,-21.96689009666443,-3.502239227294922,12,2,5.407675266265869,1.1283206939697266,4.279354572296143,1.2372965812683105,1
xtail/passive_1/855,xtail,passive_1,855,855,A lot of polymaths are , by those geezers.,walloped,gloated,A lot of polymaths are walloped by those geezers.,A lot of polymaths are gloated by those geezers.,slumbered,xtail/passive_1/wallop/was,-65.33494318276644,-19.502788066864014,-20.549747608602047,-0.7156176567077637,15,2,-65.05465460568666,-16.23366117477417,-23.538585923612118,-2.647035837173462,15,2,-0.28028857707977295,-3.2691268920898438,2.988838315010071,1.9314181804656982,0
xtail/passive_1/857,xtail,passive_1,857,857,This cornetist isn't , by that speedskater.,guzzled,commiserated,This cornetist isn't guzzled by that speedskater.,This cornetist isn't commiserated by that speedskater.,kayaked,xtail/passive_1/guzzle/was,-74.65668624639511,-15.524285435676575,-31.82589066028595,-1.7800620794296265,14,3,-74.5937151312828,-16.28559184074402,-31.0016131401062,-2.7645416259765625,14,3,-0.06297111511230469,0.7613064050674438,-0.8242775201797485,0.984479546546936,0
xtail/passive_1/859,xtail,passive_1,859,859,These malcontents weren't , by these habitants.,filched,smoldered,These malcontents weren't filched by these habitants.,These malcontents weren't smoldered by these habitants.,swaggered,xtail/passive_1/filch/was,-57.439269959926605,-12.437596559524536,-24.440768003463745,-2.4264533519744873,11,2,-60.35418435931206,-15.477634340524673,-24.31564462184906,-1.8776912689208984,12,3,2.9149143993854523,3.0400377810001373,-0.12512338161468506,-0.5487620830535889,1
xtail/passive_1/860,xtail,passive_1,860,860,A lot of depressives were , by most waverers.,gulled,desisted,A lot of depressives were gulled by most waverers.,A lot of depressives were desisted by most waverers.,swaggered,xtail/passive_1/gull/was,-67.07554306089878,-13.758964538574219,-27.466557502746582,-1.2348471879959106,13,2,-72.03807093203068,-16.684818267822266,-29.503231644630432,-2.6313037872314453,13,2,4.962527871131897,2.925853729248047,2.03667414188385,1.3964565992355347,1
xtail/passive_1/864,xtail,passive_1,864,864,A variate was , by the hussies.,gulled,desisted,A variate was gulled by the hussies.,A variate was desisted by the hussies.,ossified,xtail/passive_1/gull/was,-56.18325388431549,-16.72250747680664,-20.496575713157654,-1.8292145729064941,11,2,-58.30765700340271,-16.38866138458252,-22.954824924468994,-2.77475643157959,11,2,2.1244031190872192,-0.3338460922241211,2.4582492113113403,0.9455418586730957,1
xtail/passive_1/866,xtail,passive_1,866,866,Many sommeliers were , by these motormen.,disquieted,goggled,Many sommeliers were disquieted by these motormen.,Many sommeliers were goggled by these motormen.,niggled,xtail/passive_1/disquiet/was,-54.213184538297355,-11.020807313732803,-24.496070563793182,-0.5442572236061096,13,3,-58.16394467651844,-14.621767044067383,-24.845870971679688,-1.387921929359436,13,3,3.950760138221085,3.60095973033458,0.3498004078865051,0.8436647057533264,1
xtail/passive_1/869,xtail,passive_1,869,869,The stye was , by most mushers.,blasphemed,seethed,The stye was blasphemed by most mushers.,The stye was seethed by most mushers.,droned,xtail/passive_1/blaspheme/was,-66.2835039794445,-16.02413520216942,-30.460232138633728,-1.7697926759719849,12,4,-68.15370873361826,-16.94632975012064,-31.408242344856262,-4.49708366394043,11,3,1.8702047541737556,0.9221945479512215,0.9480102062225342,2.727290987968445,1
xtail/passive_1/870,xtail,passive_1,870,870,These rationalists aren't , by some fauntleroy.,outshone,gaped,These rationalists aren't outshone by some fauntleroy.,These rationalists aren't gaped by some fauntleroy.,gloried,xtail/passive_1/outshine/was,-64.64185982942581,-16.29952108860016,-27.6377831697464,-0.22293458878993988,14,3,-71.85494980216026,-17.428930282592773,-33.721463948488235,-3.3875927925109863,13,2,7.213089972734451,1.1294091939926147,6.0836807787418365,3.1646582037210464,1
xtail/passive_1/873,xtail,passive_1,873,873,These transgressors are , by motormen.,disabused,sidled,These transgressors are disabused by motormen.,These transgressors are sidled by motormen.,seethed,xtail/passive_1/disabuse/was,-55.71228362619877,-12.785312786698341,-27.850911378860474,-3.0798487663269043,12,3,-60.4907106757164,-20.295308113098145,-25.119343101978302,-3.648002862930298,11,2,4.7784270495176315,7.509995326399803,-2.7315682768821716,0.5681540966033936,1
xtail/passive_1/874,xtail,passive_1,874,874,Anorexics are , by ploughmen.,edified,toddled,Anorexics are edified by ploughmen.,Anorexics are toddled by ploughmen.,eventuated,xtail/passive_1/edify/was,-59.56716287136078,-17.580886840820312,-24.7613205909729,-2.2604246139526367,11,2,-59.947332978248596,-21.59503173828125,-21.12734580039978,-3.1308188438415527,11,2,0.3801701068878174,4.0141448974609375,-3.63397479057312,0.870394229888916,1
xtail/passive_1/877,xtail,passive_1,877,877,Many appropriators were , by the housemaids.,crated,lumbered,Many appropriators were crated by the housemaids.,Many appropriators were lumbered by the housemaids.,sidled,xtail/passive_1/crate/was,-54.098622751422226,-15.303690433502197,-21.509282779879868,-2.8367862701416016,11,2,-53.33865735121071,-12.854155391454697,-23.198852421715856,-3.75366473197937,11,2,-0.759965400211513,-2.4495350420475006,1.6895696418359876,0.9168784618377686,0
xtail/passive_1/879,xtail,passive_1,879,879,These handicappers are , by some grumblers.,outshone,gaped,These handicappers are outshone by some grumblers.,These handicappers are gaped by some grumblers.,hitchhiked,xtail/passive_1/outshine/was,-55.3468532115221,-15.466623306274414,-21.05508451908827,-0.24449589848518372,14,3,-60.756214164197445,-15.355066299438477,-26.57600247859955,-3.327542304992676,13,2,5.409360952675343,-0.1115570068359375,5.52091795951128,3.083046406507492,1
xtail/passive_1/880,xtail,passive_1,880,880,Some tenderfoot wasn't , by intervenors.,suckled,defecated,Some tenderfoot wasn't suckled by intervenors.,Some tenderfoot wasn't defecated by intervenors.,clattered,xtail/passive_1/suckle/was,-64.95672172307968,-15.71483325958252,-21.707144618034363,-1.1779038906097412,10,2,-66.7869093567133,-17.271890357136726,-21.98027515411377,-2.518105983734131,11,3,1.8301876336336136,1.5570570975542068,0.27313053607940674,1.3402020931243896,1
xtail/passive_1/881,xtail,passive_1,881,881,A lot of utopians are , by slipways.,tithed,puttered,A lot of utopians are tithed by slipways.,A lot of utopians are puttered by slipways.,remonstrated,xtail/passive_1/tithe/was,-67.58338333666325,-18.281250953674316,-25.114908576011658,-3.796689987182617,12,2,-66.78499020636082,-18.59842872619629,-23.999337673187256,-3.390799045562744,12,2,-0.7983931303024292,0.31717777252197266,-1.1155709028244019,-0.40589094161987305,0
xtail/passive_1/883,xtail,passive_1,883,883,Most choirboys were , by a biosafety.,lathered,slouched,Most choirboys were lathered by a biosafety.,Most choirboys were slouched by a biosafety.,gloated,xtail/passive_1/lather/was,-65.08322083950043,-13.220317244529724,-32.450631618499756,-5.099104404449463,10,2,-65.21249580383301,-11.894104480743408,-33.90611934661865,-5.53049898147583,10,2,0.12927496433258057,-1.326212763786316,1.4554877281188965,0.4313945770263672,1
xtail/passive_1/886,xtail,passive_1,886,886,Those landlubbers aren't , by those vaccinators.,debugged,tingled,Those landlubbers aren't debugged by those vaccinators.,Those landlubbers aren't tingled by those vaccinators.,protruded,xtail/passive_1/debug/was,-67.12560674548149,-16.446632862091064,-26.996190011501312,-3.641632318496704,14,2,-71.04480984807014,-20.16086483001709,-27.20116114616394,-1.612562656402588,14,2,3.9192031025886536,3.7142319679260254,0.20497113466262817,-2.029069662094116,1
xtail/passive_1/888,xtail,passive_1,888,888,A dinge was , by this spoilsport.,mulched,bustled,A dinge was mulched by this spoilsport.,A dinge was bustled by this spoilsport.,skulked,xtail/passive_1/mulch/was,-62.594589710235596,-14.492043137550354,-24.585184931755066,-3.332798957824707,11,2,-62.37633466720581,-12.646642684936523,-26.21233034133911,-4.271273136138916,11,2,-0.21825504302978516,-1.8454004526138306,1.6271454095840454,0.938474178314209,0
xtail/passive_1/890,xtail,passive_1,890,890,The pantaloon is , by a centenarian.,lugged,drooled,The pantaloon is lugged by a centenarian.,The pantaloon is drooled by a centenarian.,jigged,xtail/passive_1/lug/was,-54.33280707150698,-11.922964483499527,-22.974948652088642,-2.14797306060791,12,2,-54.96226751245558,-16.9706871509552,-18.556686425581574,-2.9826202392578125,13,3,0.6294604409486055,5.047722667455673,-4.418262226507068,0.8346471786499023,1
xtail/passive_1/891,xtail,passive_1,891,891,The animality wasn't , by every redact.,placated,crackled,The animality wasn't placated by every redact.,The animality wasn't crackled by every redact.,skulked,xtail/passive_1/placate/was,-67.15876880288124,-13.088590860366821,-25.483848214149475,-1.7094168663024902,11,2,-73.91309753060341,-17.564525604248047,-27.762242197990417,-2.750761032104492,11,2,6.754328727722168,4.475934743881226,2.2783939838409424,1.041344165802002,1
xtail/passive_1/893,xtail,passive_1,893,893,The proprieties are , by all railroaders.,tithed,puttered,The proprieties are tithed by all railroaders.,The proprieties are puttered by all railroaders.,putrefied,xtail/passive_1/tithe/was,-59.40573298931122,-15.532157182693481,-27.525149822235107,-3.2634644508361816,10,2,-58.284016251564026,-17.33869695663452,-24.596893310546875,-3.4155311584472656,10,2,-1.1217167377471924,1.80653977394104,-2.9282565116882324,0.15206670761108398,0
xtail/passive_1/895,xtail,passive_1,895,895,Many pedlars aren't , by this bluecoat.,edified,toddled,Many pedlars aren't edified by this bluecoat.,Many pedlars aren't toddled by this bluecoat.,slogged,xtail/passive_1/edify/was,-63.02245362615213,-14.69422721862793,-24.46091091632843,-1.634226679801941,12,2,-68.75154896592721,-18.130768299102783,-26.753465175628662,-2.735659122467041,12,2,5.7290953397750854,3.4365410804748535,2.292554259300232,1.1014324426651,1
xtail/passive_1/896,xtail,passive_1,896,896,The hoofers weren't , by that mendacity.,rearmed,tottered,The hoofers weren't rearmed by that mendacity.,The hoofers weren't tottered by that mendacity.,molted,xtail/passive_1/rearm/was,-66.39131361246109,-16.826817989349365,-24.18367028236389,-2.3603901863098145,13,2,-68.44597345590591,-20.12987184524536,-22.93527626991272,-2.519850969314575,13,2,2.054659843444824,3.303053855895996,-1.2483940124511719,0.15946078300476074,1
xtail/passive_1/897,xtail,passive_1,897,897,Those ignoramuses are , by the standers.,suckled,defecated,Those ignoramuses are suckled by the standers.,Those ignoramuses are defecated by the standers.,desisted,xtail/passive_1/suckle/was,-50.507930018007755,-13.542539119720459,-20.82571315765381,-0.9916123151779175,11,2,-55.45394013077021,-18.360234260559082,-20.954028129577637,-2.8855092525482178,12,3,4.946010112762451,4.817695140838623,0.12831497192382812,1.8938969373703003,1
xtail/passive_1/900,xtail,passive_1,900,900,Those tragedians are , by the downfalls.,guzzled,commiserated,Those tragedians are guzzled by the downfalls.,Those tragedians are commiserated by the downfalls.,quacked,xtail/passive_1/guzzle/was,-58.398743629455566,-15.991581678390503,-21.61582350730896,-1.7599027156829834,11,3,-57.29358971118927,-14.289022326469421,-22.213228940963745,-2.066226005554199,11,3,-1.1051539182662964,-1.7025593519210815,0.5974054336547852,0.3063232898712158,0
xtail/passive_1/901,xtail,passive_1,901,901,The cowherds are , by that helpmeet.,prised,jutted,The cowherds are prised by that helpmeet.,The cowherds are jutted by that helpmeet.,molted,xtail/passive_1/prise/was,-64.71298313140869,-15.420666694641113,-28.155739307403564,-4.365634918212891,11,2,-70.75620198249817,-19.636796474456787,-29.982828378677368,-4.7472710609436035,12,3,6.0432188510894775,4.216129779815674,1.8270890712738037,0.3816361427307129,1
xtail/passive_1/902,xtail,passive_1,902,902,A forbear is , by a maidservant.,debugged,tingled,A forbear is debugged by a maidservant.,A forbear is tingled by a maidservant.,fawned,xtail/passive_1/debug/was,-54.62773953238502,-16.753023326396942,-19.246061249170452,-2.332695960998535,11,2,-54.26167339319363,-16.039506673812866,-19.59351176256314,-1.8736340999603271,11,2,-0.3660661391913891,-0.7135166525840759,0.34745051339268684,-0.459061861038208,0
xtail/passive_1/908,xtail,passive_1,908,908,Every sartor was , by some monetarist.,wadded,shimmered,Every sartor was wadded by some monetarist.,Every sartor was shimmered by some monetarist.,quacked,xtail/passive_1/wad/was,-65.18038946390152,-13.69903039932251,-30.039949655532837,-4.177785873413086,12,2,-70.53119212388992,-13.918002128601074,-35.171780586242676,-3.3157835006713867,13,3,5.350802659988403,0.21897172927856445,5.131830930709839,-0.8620023727416992,1
xtail/passive_1/910,xtail,passive_1,910,910,Those draughtsmen weren't , by most locators.,disabused,sidled,Those draughtsmen weren't disabused by most locators.,Those draughtsmen weren't sidled by most locators.,drooled,xtail/passive_1/disabuse/was,-66.33730871230364,-13.096254013478756,-27.15176808834076,-2.8514580726623535,13,3,-70.69588689506054,-15.6036536693573,-29.002946615219116,-4.409442901611328,12,2,4.358578182756901,2.507399655878544,1.851178526878357,1.5579848289489746,1
xtail/passive_1/911,xtail,passive_1,911,911,A lot of stockists aren't , by all mineralogists.,outshone,gaped,A lot of stockists aren't outshone by all mineralogists.,A lot of stockists aren't gaped by all mineralogists.,scrammed,xtail/passive_1/outshine/was,-77.60387809574604,-17.726932048797607,-32.213347256183624,-0.3182470202445984,15,3,-78.47042585909367,-17.627878189086914,-33.17894887924194,-4.26181697845459,14,2,0.8665477633476257,-0.09905385971069336,0.9656016230583191,3.9435699582099915,1
xtail/passive_1/912,xtail,passive_1,912,912,Corollaries aren't , by this servitor.,recompensed,leered,Corollaries aren't recompensed by this servitor.,Corollaries aren't leered by this servitor.,vegetated,xtail/passive_1/recompense/was,-63.280294954776764,-16.699357509613037,-24.675217747688293,-2.914367198944092,12,3,-70.71590548753738,-19.565054893493652,-29.2451308965683,-6.618237495422363,11,2,7.43561053276062,2.8656973838806152,4.569913148880005,3.7038702964782715,1
xtail/passive_1/916,xtail,passive_1,916,916,Every cadastre is , by many mushers.,obviated,teemed,Every cadastre is obviated by many mushers.,Every cadastre is teemed by many mushers.,hitchhiked,xtail/passive_1/obviate/was,-64.76482647657394,-16.25155210494995,-28.648455262184143,-1.2084957361221313,12,3,-67.54600721597672,-16.914769172668457,-30.766418933868408,-3.4969658851623535,11,2,2.781180739402771,0.6632170677185059,2.117963671684265,2.288470149040222,1
xtail/passive_1/917,xtail,passive_1,917,917,Some selva isn't , by some molls.,mistrusted,coexisted,Some selva isn't mistrusted by some molls.,Some selva isn't coexisted by some molls.,whizzed,xtail/passive_1/mistrust/was,-69.29346740245819,-16.372711718082428,-24.67593014240265,-2.579026699066162,12,3,-72.50271344184875,-15.333918511867523,-28.923969388008118,-4.079385280609131,12,3,3.209246039390564,-1.0387932062149048,4.248039245605469,1.5003585815429688,1
xtail/passive_1/918,xtail,passive_1,918,918,These plebes weren't , by some askers.,tithed,puttered,These plebes weren't tithed by some askers.,These plebes weren't puttered by some askers.,swaggered,xtail/passive_1/tithe/was,-67.03806709498167,-15.385544300079346,-29.567195653915405,-3.1424336433410645,11,2,-67.88579987734556,-17.793564796447754,-28.00690793991089,-3.600872278213501,11,2,0.8477327823638916,2.408020496368408,-1.5602877140045166,0.4584386348724365,1
xtail/passive_1/920,xtail,passive_1,920,920,Most incorporations weren't , by an immunochemistry.,mistrusted,coexisted,Most incorporations weren't mistrusted by an immunochemistry.,Most incorporations weren't coexisted by an immunochemistry.,slumbered,xtail/passive_1/mistrust/was,-75.26897372305393,-16.439892143011093,-34.128398299217224,-1.6891921758651733,12,3,-72.62891592085361,-16.254445046186447,-31.673787593841553,-4.082054138183594,12,3,-2.6400578022003174,-0.185447096824646,-2.4546107053756714,2.3928619623184204,0
xtail/passive_1/921,xtail,passive_1,921,921,Most storekeepers aren't , by many swots.,sundered,eavesdropped,Most storekeepers aren't sundered by many swots.,Most storekeepers aren't eavesdropped by many swots.,basked,xtail/passive_1/sunder/was,-67.38090601563454,-18.668521881103516,-27.698849201202393,-2.846787691116333,11,2,-70.19608304137364,-20.250970902387053,-28.93157720565796,-3.6091060638427734,13,4,2.8151770257391036,1.5824490212835371,1.2327280044555664,0.7623183727264404,1
xtail/passive_1/922,xtail,passive_1,922,922,This hewer is , by all bookworms.,placated,crackled,This hewer is placated by all bookworms.,This hewer is crackled by all bookworms.,crackled,xtail/passive_1/placate/was,-63.36359665170312,-14.480464935302734,-26.60975096002221,-1.9155919551849365,11,2,-66.7288554944098,-18.71502923965454,-25.740445498377085,-2.591071605682373,11,2,3.3652588427066803,4.234564304351807,-0.8693054616451263,0.6754796504974365,1
xtail/passive_1/923,xtail,passive_1,923,923,This mangler is , by a cybersex.,reproved,remonstrated,This mangler is reproved by a cybersex.,This mangler is remonstrated by a cybersex.,slogged,xtail/passive_1/reprove/was,-65.95758056640625,-18.049901485443115,-26.371567487716675,-2.084251642227173,10,2,-68.73632729053497,-18.896954655647278,-28.303261041641235,-3.602830648422241,11,3,2.778746724128723,0.8470531702041626,1.9316935539245605,1.5185790061950684,1
xtail/passive_1/926,xtail,passive_1,926,926,Many segregationists aren't , by the portrayer.,regaled,writhed,Many segregationists aren't regaled by the portrayer.,Many segregationists aren't writhed by the portrayer.,panted,xtail/passive_1/regale/was,-63.29430174827576,-16.068935871124268,-22.589693665504456,-3.0736448764801025,11,2,-73.28313386440277,-24.15519905090332,-24.492262601852417,-3.0471277236938477,11,2,9.988832116127014,8.086263179779053,1.9025689363479614,-0.026517152786254883,1
xtail/passive_1/928,xtail,passive_1,928,928,All sleuths aren't , by the wayfarers.,wadded,shimmered,All sleuths aren't wadded by the wayfarers.,All sleuths aren't shimmered by the wayfarers.,hyperventilated,xtail/passive_1/wad/was,-65.31589405238628,-18.16386890411377,-23.08147458732128,-4.689892768859863,13,2,-65.26506385207176,-16.462214469909668,-24.73229882121086,-2.6862735748291016,14,3,-0.05083020031452179,-1.7016544342041016,1.6508242338895798,-2.0036191940307617,0
xtail/passive_1/930,xtail,passive_1,930,930,A multinomial isn't , by many embryologists.,wadded,shimmered,A multinomial isn't wadded by many embryologists.,A multinomial isn't shimmered by many embryologists.,protruded,xtail/passive_1/wad/was,-71.99999570846558,-19.01852798461914,-26.364735692739487,-4.163582801818848,11,2,-70.19439128041267,-18.356393814086914,-25.22126543521881,-3.051845073699951,12,3,-1.8056044280529022,-0.6621341705322266,-1.1434702575206757,-1.1117377281188965,0
xtail/passive_1/933,xtail,passive_1,933,933,A tetany was , by this termer.,shooed,quivered,A tetany was shooed by this termer.,A tetany was quivered by this termer.,gloated,xtail/passive_1/shoo/was,-71.31723230332136,-18.872524432837963,-30.20370101928711,-4.04695463180542,11,3,-67.94947576522827,-17.718241214752197,-27.990227699279785,-3.4134907722473145,10,2,-3.36775653809309,-1.1542832180857658,-2.213473320007324,-0.6334638595581055,0
xtail/passive_1/936,xtail,passive_1,936,936,That vicegerent was , by this shepherdess.,sundered,eavesdropped,That vicegerent was sundered by this shepherdess.,That vicegerent was eavesdropped by this shepherdess.,wallowed,xtail/passive_1/sunder/was,-59.16734975576401,-14.166103839874268,-25.443709135055542,-2.89536190032959,12,2,-60.778753489255905,-17.76589360833168,-23.455323100090027,-2.6335206031799316,14,4,1.6114037334918976,3.5997897684574127,-1.9883860349655151,-0.2618412971496582,1
xtail/passive_1/937,xtail,passive_1,937,937,A bellyful is , by the legatees.,shoplifted,eventuated,A bellyful is shoplifted by the legatees.,A bellyful is eventuated by the legatees.,niggled,xtail/passive_1/shoplift/was,-67.53563165664673,-18.242751836776733,-25.57982850074768,-3.66735577583313,13,4,-68.29627072811127,-19.559659957885742,-25.02355945110321,-1.5855967998504639,11,2,0.7606390714645386,1.3169081211090088,-0.5562690496444702,-2.081758975982666,1
xtail/passive_1/938,xtail,passive_1,938,938,Most possessors are , by the costermonger.,edified,toddled,Most possessors are edified by the costermonger.,Most possessors are toddled by the costermonger.,jutted,xtail/passive_1/edify/was,-57.73666429519653,-14.064844369888306,-23.75776481628418,-1.363561987876892,12,2,-67.09998107142746,-19.814795970916748,-27.37112999148667,-2.4766592979431152,12,2,9.363316776230931,5.749951601028442,3.613365175202489,1.1130973100662231,1
xtail/passive_1/939,xtail,passive_1,939,939,Many hayseeds were , by that hoofing.,shoplifted,eventuated,Many hayseeds were shoplifted by that hoofing.,Many hayseeds were eventuated by that hoofing.,jested,xtail/passive_1/shoplift/was,-64.91963576339185,-16.203644862398505,-29.593912363052368,-2.5860400199890137,14,4,-60.98851454257965,-18.11331033706665,-23.75312566757202,-2.955298900604248,12,2,-3.9311212208122015,1.9096654746681452,-5.840786695480347,0.3692588806152344,0
xtail/passive_1/941,xtail,passive_1,941,941,Most sportswriters weren't , by those partakers.,filched,smoldered,Most sportswriters weren't filched by those partakers.,Most sportswriters weren't smoldered by those partakers.,sidled,xtail/passive_1/filch/was,-64.18089596927166,-16.722480058670044,-26.156831860542297,-1.8683887720108032,13,2,-68.24403409659863,-17.560078382492065,-29.38237166404724,-2.227914333343506,14,3,4.063138127326965,0.8375983238220215,3.225539803504944,0.35952556133270264,1
xtail/passive_1/942,xtail,passive_1,942,942,Many ninnies are , by a jennet.,wagged,basked,Many ninnies are wagged by a jennet.,Many ninnies are basked by a jennet.,zigzagged,xtail/passive_1/wag/was,-56.47574310004711,-14.416872024536133,-22.513259887695312,-2.119720458984375,12,2,-57.721719428896904,-14.202792167663574,-23.973316073417664,-3.7796661853790283,12,2,1.2459763288497925,-0.2140798568725586,1.460056185722351,1.6599457263946533,1
xtail/passive_1/943,xtail,passive_1,943,943,Luddites are , by a lot of determinists.,daubed,resounded,Luddites are daubed by a lot of determinists.,Luddites are resounded by a lot of determinists.,writhed,xtail/passive_1/daub/was,-57.367515690624714,-14.708697199821472,-26.936361201107502,-3.7426986694335938,13,3,-60.51451896876097,-18.774853706359863,-26.017207972705364,-1.6395809650421143,12,2,3.1470032781362534,4.066156506538391,-0.9191532284021378,-2.1031177043914795,1
xtail/passive_1/944,xtail,passive_1,944,944,That countrywoman wasn't , by those gyroscopes.,reproached,whizzed,That countrywoman wasn't reproached by those gyroscopes.,That countrywoman wasn't whizzed by those gyroscopes.,slunk,xtail/passive_1/reproach/was,-66.08215083181858,-13.300200283527374,-29.45066112279892,-2.5021839141845703,12,2,-67.91521622240543,-18.582343578338623,-26.001583218574524,-2.7913408279418945,13,3,1.833065390586853,5.282143294811249,-3.4490779042243958,0.2891569137573242,1
xtail/passive_1/947,xtail,passive_1,947,947,The locators were , by a washerwoman.,tithed,puttered,The locators were tithed by a washerwoman.,The locators were puttered by a washerwoman.,lumbered,xtail/passive_1/tithe/was,-53.87228389829397,-15.882733583450317,-20.208764754235744,-2.7955760955810547,11,2,-55.29298973083496,-15.671964645385742,-21.84023952484131,-3.9576878547668457,11,2,1.420705832540989,-0.2107689380645752,1.6314747706055641,1.162111759185791,1
xtail/passive_1/948,xtail,passive_1,948,948,These mycologists are , by a lot of plodders.,wagged,basked,These mycologists are wagged by a lot of plodders.,These mycologists are basked by a lot of plodders.,vacillated,xtail/passive_1/wag/was,-61.58261075615883,-16.274521350860596,-24.007384449243546,-0.9190381169319153,13,2,-69.76038099825382,-17.692381858825684,-30.76729418337345,-3.595776081085205,13,2,8.177770242094994,1.417860507965088,6.759909734129906,2.67673796415329,1
xtail/passive_1/949,xtail,passive_1,949,949,Most swashbucklers are , by these rentiers.,wagged,basked,Most swashbucklers are wagged by these rentiers.,Most swashbucklers are basked by these rentiers.,swaggered,xtail/passive_1/wag/was,-59.0275821685791,-14.91335678100586,-26.27898633480072,-1.0256998538970947,12,2,-64.48729467391968,-15.60743236541748,-31.044623255729675,-4.573984146118164,12,2,5.459712505340576,0.6940755844116211,4.765636920928955,3.5482842922210693,1
xtail/passive_1/950,xtail,passive_1,950,950,All duchesses weren't , by all frogmen.,resupplied,slogged,All duchesses weren't resupplied by all frogmen.,All duchesses weren't slogged by all frogmen.,protruded,xtail/passive_1/resupply/was,-65.03085274994373,-17.88699221611023,-23.428292632102966,-2.5719306468963623,14,3,-68.26277919113636,-19.549524784088135,-24.997686505317688,-3.5728719234466553,13,2,3.231926441192627,1.6625325679779053,1.5693938732147217,1.000941276550293,1
xtail/passive_1/953,xtail,passive_1,953,953,Many assignations aren't , by those striders.,hefted,hibernated,Many assignations aren't hefted by those striders.,Many assignations aren't hibernated by those striders.,debarked,xtail/passive_1/heft/was,-61.93948715925217,-14.112499415874481,-25.776077151298523,-1.6783969402313232,12,3,-65.00422001536936,-15.811206466518342,-27.14210295677185,-2.848292827606201,13,4,3.064732856117189,1.6987070506438613,1.3660258054733276,1.169895887374878,1
xtail/passive_1/954,xtail,passive_1,954,954,All merrymakers aren't , by most postulants.,unlatched,burgeoned,All merrymakers aren't unlatched by most postulants.,All merrymakers aren't burgeoned by most postulants.,desisted,xtail/passive_1/unlatch/was,-74.80284056812525,-18.777778036892414,-27.27274912595749,-4.291213512420654,13,3,-71.67397603392601,-15.367996454238892,-27.553666174411774,-3.053189992904663,13,3,-3.128864534199238,-3.4097815826535225,0.28091704845428467,-1.2380235195159912,0
xtail/passive_1/955,xtail,passive_1,955,955,All urologists weren't , by that rapscallion.,shooed,quivered,All urologists weren't shooed by that rapscallion.,All urologists weren't quivered by that rapscallion.,whizzed,xtail/passive_1/shoo/was,-67.45907541923225,-10.657555311918259,-27.53295780532062,-6.282356262207031,15,3,-67.62951709888875,-18.049644470214844,-20.31131032668054,-1.144458532333374,14,2,0.17044167965650558,7.392089158296585,-7.2216474786400795,-5.137897729873657,1
xtail/passive_1/961,xtail,passive_1,961,961,That roomer was , by an egotist.,swaddled,decamped,That roomer was swaddled by an egotist.,That roomer was decamped by an egotist.,eventuated,xtail/passive_1/swaddle/was,-62.29174342751503,-13.104810744524002,-25.291155457496643,-4.8465166091918945,12,3,-58.968236684799194,-13.563030004501343,-21.509429454803467,-3.5132851600646973,11,2,-3.3235067427158356,0.4582192599773407,-3.7817260026931763,-1.3332314491271973,0
xtail/passive_1/962,xtail,passive_1,962,962,The fiduciaries weren't , by that camgirl.,disquieted,goggled,The fiduciaries weren't disquieted by that camgirl.,The fiduciaries weren't goggled by that camgirl.,procreated,xtail/passive_1/disquiet/was,-73.3360136281699,-15.093067033216357,-30.76969003677368,-1.0237791538238525,13,3,-74.57437714934349,-17.909531593322754,-29.19158899784088,-4.114417552947998,13,3,1.2383635211735964,2.8164645601063967,-1.5781010389328003,3.0906383991241455,1
xtail/passive_1/965,xtail,passive_1,965,965,These magics are , by all constabularies.,walloped,gloated,These magics are walloped by all constabularies.,These magics are gloated by all constabularies.,putrefied,xtail/passive_1/wallop/was,-60.86366379261017,-18.725327014923096,-25.842525839805603,-1.398450493812561,12,2,-57.70475912094116,-16.92621374130249,-24.482734441757202,-2.142652988433838,12,2,-3.1589046716690063,-1.7991132736206055,-1.3597913980484009,0.7442024946212769,0
xtail/passive_1/968,xtail,passive_1,968,968,The decedents weren't , by the bootleggers.,incriminated,sulked,The decedents weren't incriminated by the bootleggers.,The decedents weren't sulked by the bootleggers.,leered,xtail/passive_1/incriminate/was,-55.72457535425201,-14.059981688857079,-16.923833391163498,-2.3452978134155273,15,3,-61.55806378182024,-18.275470733642578,-18.541832773946226,-3.708411455154419,14,2,5.833488427568227,4.2154890447855,1.6179993827827275,1.3631136417388916,1
xtail/passive_1/969,xtail,passive_1,969,969,Machos aren't , by a spoilsport.,filched,smoldered,Machos aren't filched by a spoilsport.,Machos aren't smoldered by a spoilsport.,prattled,xtail/passive_1/filch/was,-53.517026871442795,-13.18726897239685,-18.868720948696136,-2.442793846130371,12,2,-61.64117029309273,-17.748610615730286,-22.431522727012634,-3.0893139839172363,13,3,8.124143421649933,4.561341643333435,3.562801778316498,0.6465201377868652,1
xtail/passive_1/971,xtail,passive_1,971,971,A lot of croupiers weren't , by the housefly.,reproved,remonstrated,A lot of croupiers weren't reproved by the housefly.,A lot of croupiers weren't remonstrated by the housefly.,pontificated,xtail/passive_1/reprove/was,-70.1137257963419,-17.11085319519043,-20.432527005672455,-2.5162854194641113,14,2,-69.33433951437473,-16.53114688396454,-20.232847034931183,-2.5432682037353516,15,3,-0.7793862819671631,-0.5797063112258911,-0.19967997074127197,0.026982784271240234,0
xtail/passive_1/973,xtail,passive_1,973,973,These shylocks are , by those kindergarteners.,garlanded,bantered,These shylocks are garlanded by those kindergarteners.,These shylocks are bantered by those kindergarteners.,drooled,xtail/passive_1/garland/was,-66.53968206048012,-13.907506674528122,-32.315723180770874,-4.347170829772949,13,3,-66.24623054265976,-14.548862934112549,-31.38091540336609,-3.7058658599853516,13,3,-0.2934515178203583,0.6413562595844269,-0.9348077774047852,-0.6413049697875977,0
xtail/passive_1/974,xtail,passive_1,974,974,Every blasphemer isn't , by the embroiderer.,outshone,gaped,Every blasphemer isn't outshone by the embroiderer.,Every blasphemer isn't gaped by the embroiderer.,hibernated,xtail/passive_1/outshine/was,-56.1527578830719,-16.212264478206635,-18.47216260433197,-0.31799212098121643,14,3,-58.303012013435364,-14.69978952407837,-22.1348916888237,-3.4199001789093018,13,2,2.1502541303634644,-1.5124749541282654,3.6627290844917297,3.1019080579280853,1
xtail/passive_1/975,xtail,passive_1,975,975,A lot of procurators aren't , by a mesomorph.,espied,scrammed,A lot of procurators aren't espied by a mesomorph.,A lot of procurators aren't scrammed by a mesomorph.,hyperventilated,xtail/passive_1/espy/was,-76.06392170488834,-19.059997081756592,-26.006912231445312,-3.528911590576172,14,2,-75.9176328331232,-17.859890460968018,-27.06072998046875,-3.395390510559082,15,3,-0.14628887176513672,-1.2001066207885742,1.0538177490234375,-0.13352108001708984,0
xtail/passive_1/976,xtail,passive_1,976,976,A submersion is , by all morticians.,wagged,basked,A submersion is wagged by all morticians.,A submersion is basked by all morticians.,wormed,xtail/passive_1/wag/was,-65.79135681688786,-22.80882453918457,-26.964224934577942,-1.9421290159225464,11,2,-59.746687307953835,-17.35330295562744,-26.37507700920105,-2.3581385612487793,11,2,-6.044669508934021,-5.455521583557129,-0.5891479253768921,0.4160095453262329,0
xtail/passive_1/978,xtail,passive_1,978,978,Some brawlers weren't , by the hurdlers.,clouted,groused,Some brawlers weren't clouted by the hurdlers.,Some brawlers weren't groused by the hurdlers.,pattered,xtail/passive_1/clout/was,-55.68188328295946,-14.58414439111948,-20.00021556019783,-2.8840384483337402,14,3,-56.95073074102402,-14.65318775177002,-21.200019657611847,-3.6550402641296387,13,2,1.2688474580645561,0.0690433606505394,1.1998040974140167,0.7710018157958984,1
xtail/passive_1/979,xtail,passive_1,979,979,The forbears were , by some cryptanalyst.,guzzled,commiserated,The forbears were guzzled by some cryptanalyst.,The forbears were commiserated by some cryptanalyst.,desisted,xtail/passive_1/guzzle/was,-63.178653836250305,-15.334733486175537,-28.361263394355774,-2.317734956741333,12,3,-60.265620470047,-13.404018640518188,-27.378944873809814,-1.9359228610992432,12,3,-2.913033366203308,-1.9307148456573486,-0.9823185205459595,-0.38181209564208984,0
xtail/passive_1/983,xtail,passive_1,983,983,The exacerbations were , by that ceramist.,gulled,desisted,The exacerbations were gulled by that ceramist.,The exacerbations were desisted by that ceramist.,lolled,xtail/passive_1/gull/was,-67.66540282964706,-23.121577262878418,-26.828012883663177,-1.2017089128494263,11,2,-66.18788886070251,-18.333614349365234,-30.13846182823181,-2.0751562118530273,11,2,-1.4775139689445496,-4.787962913513184,3.310448944568634,0.8734472990036011,0
xtail/passive_1/984,xtail,passive_1,984,984,Most projectionists are , by most disturbers.,regaled,writhed,Most projectionists are regaled by most disturbers.,Most projectionists are writhed by most disturbers.,writhed,xtail/passive_1/regale/was,-61.94216992799193,-14.204366564750671,-26.18997945729643,-2.3692691326141357,11,2,-65.40270650573075,-21.747334003448486,-22.107548596337438,-2.955695390701294,11,2,3.4605365777388215,7.542967438697815,-4.082430860958993,0.5864262580871582,1
xtail/passive_1/986,xtail,passive_1,986,986,Many colossi are , by most prologues.,rearmed,tottered,Many colossi are rearmed by most prologues.,Many colossi are tottered by most prologues.,flounced,xtail/passive_1/rearm/was,-53.834075808525085,-12.719768166542053,-25.62608504295349,-1.8352092504501343,12,2,-60.6707603931427,-17.642247200012207,-27.540290594100952,-3.6897788047790527,12,2,6.836684584617615,4.922479033470154,1.914205551147461,1.8545695543289185,1
xtail/passive_1/987,xtail,passive_1,987,987,The helmsmen aren't , by these plods.,gulled,desisted,The helmsmen aren't gulled by these plods.,The helmsmen aren't desisted by these plods.,lolled,xtail/passive_1/gull/was,-59.82648229598999,-14.827676773071289,-20.369377374649048,-1.8967772722244263,12,2,-68.23754465579987,-19.569416999816895,-24.038699507713318,-3.8595457077026367,12,2,8.411062359809875,4.7417402267456055,3.66932213306427,1.9627684354782104,1
xtail/passive_1/992,xtail,passive_1,992,992,That mortgagee isn't , by those plagiarists.,unlatched,burgeoned,That mortgagee isn't unlatched by those plagiarists.,That mortgagee isn't burgeoned by those plagiarists.,gloried,xtail/passive_1/unlatch/was,-72.45731391012669,-19.728965535759926,-26.9164901971817,-3.6665897369384766,13,3,-72.58757710456848,-19.354750156402588,-27.420968770980835,-2.7595529556274414,13,3,0.13026319444179535,-0.37421537935733795,0.5044785737991333,-0.9070367813110352,1
xtail/passive_1/993,xtail,passive_1,993,993,A lot of comediennes are , by foreshores.,garlanded,bantered,A lot of comediennes are garlanded by foreshores.,A lot of comediennes are bantered by foreshores.,prattled,xtail/passive_1/garland/was,-64.28732904046774,-15.258465439081192,-26.147350549697876,-3.6396520137786865,13,3,-66.3824095055461,-15.821331262588501,-27.67956519126892,-4.951718330383301,13,3,2.095080465078354,0.562865823507309,1.532214641571045,1.3120663166046143,1
xtail/passive_2/1,xtail,passive_2,1,1,The toastmasters were ,.,debugged,tingled,The toastmasters were debugged.,The toastmasters were tingled.,gyrated,xtail/passive_2/debug/was,-40.37578747794032,-17.692383736371994,-1.8219074010849,0.0,7,2,-40.6678258292377,-17.633513927459717,-2.1728155612945557,0.0,7,2,0.29203835129737854,-0.05886980891227722,0.35090816020965576,0.0,1
xtail/passive_2/2,xtail,passive_2,2,2,An usurer is ,.,disgorged,exulted,An usurer is disgorged.,An usurer is exulted.,kayaked,xtail/passive_2/disgorge/was,-34.79718279838562,-14.515063762664795,-3.1744039058685303,0.0,7,3,-35.83128869533539,-15.861579537391663,-2.8619940280914307,0.0,7,3,1.034105896949768,1.3465157747268677,-0.3124098777770996,0.0,1
xtail/passive_2/4,xtail,passive_2,4,4,A scribbler is ,.,garlanded,bantered,A scribbler is garlanded.,A scribbler is bantered.,gaped,xtail/passive_2/garland/was,-36.33373104035854,-13.926530227065086,-3.262953519821167,0.0,7,3,-39.71913754940033,-16.009752869606018,-4.5651373863220215,0.0,7,3,3.385406509041786,2.0832226425409317,1.3021838665008545,0.0,1
xtail/passive_2/6,xtail,passive_2,6,6,This galvanization isn't ,.,ogled,wallowed,This galvanization isn't ogled.,This galvanization isn't wallowed.,slumbered,xtail/passive_2/ogle/was,-44.40178257226944,-18.36650800704956,-2.5889463424682617,0.0,8,2,-48.359075129032135,-20.64591884613037,-4.2668280601501465,0.0,8,2,3.9572925567626953,2.2794108390808105,1.6778817176818848,0.0,1
xtail/passive_2/7,xtail,passive_2,7,7,Cringes weren't ,.,unlatched,burgeoned,Cringes weren't unlatched.,Cringes weren't burgeoned.,toddled,xtail/passive_2/unlatch/was,-40.16732592135668,-17.597640104591846,-1.3924901485443115,0.0,7,3,-42.563135743141174,-18.704473733901978,-2.6814663410186768,0.0,7,3,2.3958098217844963,1.106833629310131,1.2889761924743652,0.0,1
xtail/passive_2/8,xtail,passive_2,8,8,The investitures were ,.,rearmed,tottered,The investitures were rearmed.,The investitures were tottered.,eavesdropped,xtail/passive_2/rearm/was,-39.717944979667664,-15.873619675636292,-3.452861785888672,0.0,6,2,-43.10252523422241,-19.351000785827637,-3.360060930252075,0.0,6,2,3.3845802545547485,3.477381110191345,-0.09280085563659668,0.0,1
xtail/passive_2/12,xtail,passive_2,12,12,A lot of filles are ,.,larded,fizzed,A lot of filles are larded.,A lot of filles are fizzed.,ossified,xtail/passive_2/lard/was,-46.91045142710209,-14.682653427124023,-3.639529228210449,0.0,8,2,-49.22860886156559,-17.413747549057007,-3.226592540740967,0.0,9,3,2.318157434463501,2.7310941219329834,-0.4129366874694824,0.0,1
xtail/passive_2/17,xtail,passive_2,17,17,Many balloonists are ,.,incriminated,sulked,Many balloonists are incriminated.,Many balloonists are sulked.,perspired,xtail/passive_2/incriminate/was,-38.0956476777792,-15.588557586073875,-3.0466203689575195,0.0,7,3,-41.43663787841797,-19.44734239578247,-2.5288257598876953,0.0,6,2,3.340990200638771,3.8587848097085953,-0.5177946090698242,0.0,1
xtail/passive_2/19,xtail,passive_2,19,19,Most windbags weren't ,.,mulched,bustled,Most windbags weren't mulched.,Most windbags weren't bustled.,wormed,xtail/passive_2/mulch/was,-41.99691441655159,-14.02661019563675,-2.0726890563964844,0.0,7,2,-45.55842658877373,-15.345732688903809,-4.3150787353515625,0.0,7,2,3.5615121722221375,1.3191224932670593,2.242389678955078,0.0,1
xtail/passive_2/23,xtail,passive_2,23,23,Every intercessor was ,.,blabbed,lolled,Every intercessor was blabbed.,Every intercessor was lolled.,clacked,xtail/passive_2/blab/was,-39.06820593774319,-15.557320594787598,-3.349947929382324,0.0,8,3,-37.340381488204,-13.809430122375488,-3.370013952255249,0.0,7,2,-1.7278244495391846,-1.7478904724121094,0.020066022872924805,0.0,0
xtail/passive_2/25,xtail,passive_2,25,25,Some tricksters are ,.,extirpated,vegetated,Some tricksters are extirpated.,Some tricksters are vegetated.,vegetated,xtail/passive_2/extirpate/was,-35.62575076520443,-16.596292719244957,-2.0871095657348633,0.0,8,4,-39.81705975532532,-20.502370834350586,-2.372340440750122,0.0,6,2,4.191308990120888,3.906078115105629,0.2852308750152588,0.0,1
xtail/passive_2/26,xtail,passive_2,26,26,Most reciters are ,.,espied,scrammed,Most reciters are espied.,Most reciters are scrammed.,procreated,xtail/passive_2/espy/was,-41.02010574936867,-16.193978309631348,-3.527439594268799,0.0,7,2,-43.327728897333145,-19.50221872329712,-2.526822328567505,0.0,8,3,2.3076231479644775,3.3082404136657715,-1.000617265701294,0.0,1
xtail/passive_2/27,xtail,passive_2,27,27,These anesthetists are ,.,permed,fawned,These anesthetists are permed.,These anesthetists are fawned.,swaggered,xtail/passive_2/perm/was,-40.58981394767761,-17.261696815490723,-2.938422918319702,0.0,7,2,-42.46711581945419,-15.95453017950058,-6.122891426086426,0.0,8,3,1.8773018717765808,-1.3071666359901428,3.1844685077667236,0.0,1
xtail/passive_2/29,xtail,passive_2,29,29,Most sailmakers are ,.,doffed,salivated,Most sailmakers are doffed.,Most sailmakers are salivated.,debarked,xtail/passive_2/doff/was,-40.391775131225586,-16.894343376159668,-3.77834153175354,0.0,7,3,-41.43724989891052,-18.861740112304688,-2.856419563293457,0.0,6,2,1.0454747676849365,1.9673967361450195,-0.921921968460083,0.0,1
xtail/passive_2/31,xtail,passive_2,31,31,Most addressees aren't ,.,unlatched,burgeoned,Most addressees aren't unlatched.,Most addressees aren't burgeoned.,bustled,xtail/passive_2/unlatch/was,-46.334049850702286,-19.943702548742294,-1.839407205581665,0.0,9,3,-45.46198254823685,-18.186322927474976,-2.724719524383545,0.0,9,3,-0.8720673024654388,-1.7573796212673187,0.8853123188018799,0.0,0
xtail/passive_2/32,xtail,passive_2,32,32,Many rotters weren't ,.,mulched,bustled,Many rotters weren't mulched.,Many rotters weren't bustled.,molted,xtail/passive_2/mulch/was,-41.497867584228516,-15.464728832244873,-2.006997585296631,0.0,7,2,-42.08050465583801,-14.140388011932373,-3.913975477218628,0.0,7,2,0.5826370716094971,-1.3243408203125,1.906977891921997,0.0,1
xtail/passive_2/35,xtail,passive_2,35,35,Most ecms were ,.,clouted,groused,Most ecms were clouted.,Most ecms were groused.,goggled,xtail/passive_2/clout/was,-49.62790784239769,-16.50020608305931,-3.0561513900756836,0.0,7,3,-48.841064453125,-14.817458152770996,-3.9520559310913086,0.0,6,2,-0.7868433892726898,-1.6827479302883148,0.895904541015625,0.0,0
xtail/passive_2/36,xtail,passive_2,36,36,That splenomegaly is ,.,disquieted,goggled,That splenomegaly is disquieted.,That splenomegaly is goggled.,scrammed,xtail/passive_2/disquiet/was,-41.052105759619735,-20.982807636260986,-2.5865745544433594,0.0,9,3,-44.919370030402206,-24.002089023590088,-3.4345574378967285,0.0,9,3,3.8672642707824707,3.0192813873291016,0.8479828834533691,0.0,1
xtail/passive_2/42,xtail,passive_2,42,42,A lot of hematologists aren't ,.,wagged,basked,A lot of hematologists aren't wagged.,A lot of hematologists aren't basked.,hiccupped,xtail/passive_2/wag/was,-52.44694237411022,-18.774635314941406,-4.981263637542725,0.0,9,2,-51.335324332118034,-18.251638412475586,-4.392642498016357,0.0,9,2,-1.1116180419921875,-0.5229969024658203,-0.5886211395263672,0.0,0
xtail/passive_2/56,xtail,passive_2,56,56,This fibber is ,.,disabused,sidled,This fibber is disabused.,This fibber is sidled.,protruded,xtail/passive_2/disabuse/was,-37.25480842590332,-14.272138118743896,-3.0097153186798096,0.0,7,3,-40.10541033744812,-16.364632606506348,-3.767822742462158,0.0,6,2,2.8506019115448,2.092494487762451,0.7581074237823486,0.0,1
xtail/passive_2/57,xtail,passive_2,57,57,The conveyancers are ,.,blasphemed,seethed,The conveyancers are blasphemed.,The conveyancers are seethed.,billeted,xtail/passive_2/blaspheme/was,-42.48647350072861,-18.983952224254608,-2.2396364212036133,0.0,8,4,-41.97471637278795,-18.868166394531727,-1.8436651229858398,0.0,7,3,-0.5117571279406548,-0.11578582972288132,-0.39597129821777344,0.0,0
xtail/passive_2/68,xtail,passive_2,68,68,A lot of hayseeds are ,.,reproached,whizzed,A lot of hayseeds are reproached.,A lot of hayseeds are whizzed.,clammed,xtail/passive_2/reproach/was,-44.27311445400119,-15.649218916893005,-3.3976364135742188,0.0,9,2,-46.124436032027006,-15.988446950912476,-4.909729957580566,0.0,10,3,1.8513215780258179,0.3392280340194702,1.5120935440063477,0.0,1
xtail/passive_2/70,xtail,passive_2,70,70,That partaker wasn't ,.,larded,fizzed,That partaker wasn't larded.,That partaker wasn't fizzed.,jutted,xtail/passive_2/lard/was,-50.621739000082016,-16.378690719604492,-3.69370174407959,0.0,7,2,-49.99219688773155,-17.26888656616211,-2.173963785171509,0.0,8,3,-0.6295421123504639,0.8901958465576172,-1.519737958908081,0.0,0
xtail/passive_2/72,xtail,passive_2,72,72,The gastronome isn't ,.,mistrusted,coexisted,The gastronome isn't mistrusted.,The gastronome isn't coexisted.,burgeoned,xtail/passive_2/mistrust/was,-46.22384721599519,-16.814834600314498,-1.8273118734359741,0.0,9,3,-49.85940033197403,-18.65127146244049,-3.6264281272888184,0.0,9,3,3.635553115978837,1.8364368621259928,1.7991162538528442,0.0,1
xtail/passive_2/75,xtail,passive_2,75,75,Shopaholics weren't ,.,disabused,sidled,Shopaholics weren't disabused.,Shopaholics weren't sidled.,toddled,xtail/passive_2/disabuse/was,-41.81324525177479,-13.21809758245945,-2.743396520614624,0.0,8,3,-52.07616454362869,-20.397284507751465,-5.827128887176514,0.0,7,2,10.262919291853905,7.179186925292015,3.0837323665618896,0.0,1
xtail/passive_2/76,xtail,passive_2,76,76,A brigand wasn't ,.,reproached,whizzed,A brigand wasn't reproached.,A brigand wasn't whizzed.,slumbered,xtail/passive_2/reproach/was,-38.72010990977287,-13.874992817640305,-2.401564836502075,0.0,7,2,-45.549800157547,-18.335216522216797,-4.771031379699707,0.0,8,3,6.829690247774124,4.460223704576492,2.369466543197632,0.0,1
xtail/passive_2/79,xtail,passive_2,79,79,The stymie wasn't ,.,swaddled,decamped,The stymie wasn't swaddled.,The stymie wasn't decamped.,gusted,xtail/passive_2/swaddle/was,-47.14013120532036,-18.89295655488968,-2.4626145362854004,0.0,9,3,-45.647229701280594,-18.15127944946289,-1.7113901376724243,0.0,8,2,-1.4929015040397644,-0.7416771054267883,-0.7512243986129761,0.0,0
xtail/passive_2/81,xtail,passive_2,81,81,Ornithologists were ,.,unlatched,burgeoned,Ornithologists were unlatched.,Ornithologists were burgeoned.,desisted,xtail/passive_2/unlatch/was,-34.66474287211895,-18.718481346964836,-2.5139527320861816,0.0,8,3,-31.02999222278595,-14.615644454956055,-2.982038974761963,0.0,8,3,-3.634750649333,-4.102836892008781,0.46808624267578125,0.0,0
xtail/passive_2/82,xtail,passive_2,82,82,Most suppliants weren't ,.,placated,crackled,Most suppliants weren't placated.,Most suppliants weren't crackled.,sunbathed,xtail/passive_2/placate/was,-38.620449028909206,-9.9971489533782,-1.6365642547607422,0.0,8,2,-48.09202170372009,-18.496118545532227,-2.6091673374176025,0.0,8,2,9.471572674810886,8.498969592154026,0.9726030826568604,0.0,1
xtail/passive_2/83,xtail,passive_2,83,83,Many illiterates weren't ,.,walloped,gloated,Many illiterates weren't walloped.,Many illiterates weren't gloated.,gusted,xtail/passive_2/wallop/was,-44.90867945551872,-17.209246158599854,-2.911273956298828,0.0,8,2,-43.024975031614304,-14.748310327529907,-3.4885053634643555,0.0,8,2,-1.883704423904419,-2.4609358310699463,0.5772314071655273,0.0,0
xtail/passive_2/86,xtail,passive_2,86,86,Some epicene was ,.,disgorged,exulted,Some epicene was disgorged.,Some epicene was exulted.,panted,xtail/passive_2/disgorge/was,-40.828504621982574,-11.299366772174835,-2.4218966960906982,0.0,7,3,-42.0359890460968,-12.61800742149353,-2.3107404708862305,0.0,7,3,1.2074844241142273,1.318640649318695,-0.11115622520446777,0.0,1
xtail/passive_2/88,xtail,passive_2,88,88,A lot of levellers were ,.,resupplied,slogged,A lot of levellers were resupplied.,A lot of levellers were slogged.,wormed,xtail/passive_2/resupply/was,-45.15265204012394,-16.854792833328247,-3.0435400009155273,0.0,9,3,-44.95104004442692,-16.433995246887207,-3.262725591659546,0.0,8,2,-0.20161199569702148,-0.42079758644104004,0.21918559074401855,0.0,0
xtail/passive_2/91,xtail,passive_2,91,91,Ethicists are ,.,mistrusted,coexisted,Ethicists are mistrusted.,Ethicists are coexisted.,groused,xtail/passive_2/mistrust/was,-24.272462479770184,-13.13276981562376,-2.6707568168640137,0.0,7,3,-32.699110984802246,-19.89346754550934,-4.336707592010498,0.0,7,3,8.426648505032063,6.760697729885578,1.6659507751464844,0.0,1
xtail/passive_2/92,xtail,passive_2,92,92,Every invalidity wasn't ,.,doffed,salivated,Every invalidity wasn't doffed.,Every invalidity wasn't salivated.,fizzed,xtail/passive_2/doff/was,-47.11206811666489,-17.23617321252823,-2.345313549041748,0.0,8,3,-50.15055477619171,-20.1076078414917,-2.5123655796051025,0.0,7,2,3.038486659526825,2.8714346289634705,0.1670520305633545,0.0,1
xtail/passive_2/94,xtail,passive_2,94,94,Some hearer is ,.,ogled,wallowed,Some hearer is ogled.,Some hearer is wallowed.,goggled,xtail/passive_2/ogle/was,-33.397149443626404,-12.827607989311218,-2.6678380966186523,0.0,6,2,-36.189385652542114,-14.039159059524536,-4.248523235321045,0.0,6,2,2.7922362089157104,1.2115510702133179,1.5806851387023926,0.0,1
xtail/passive_2/95,xtail,passive_2,95,95,A lot of doppelgangers weren't ,.,unlatched,burgeoned,A lot of doppelgangers weren't unlatched.,A lot of doppelgangers weren't burgeoned.,abutted,xtail/passive_2/unlatch/was,-52.02881658356637,-19.01586171425879,-1.5902953147888184,0.0,13,3,-51.23893276695162,-17.13910675048828,-2.67716646194458,0.0,13,3,-0.789883816614747,-1.8767549637705088,1.0868711471557617,0.0,0
xtail/passive_2/97,xtail,passive_2,97,97,Casanovas were ,.,tithed,puttered,Casanovas were tithed.,Casanovas were puttered.,billeted,xtail/passive_2/tithe/was,-33.62234270572662,-14.90674114227295,-3.346127510070801,0.0,6,2,-34.63239061832428,-15.761186599731445,-3.501729965209961,0.0,6,2,1.0100479125976562,0.8544454574584961,0.15560245513916016,0.0,1
xtail/passive_2/98,xtail,passive_2,98,98,That mountebank isn't ,.,shoplifted,eventuated,That mountebank isn't shoplifted.,That mountebank isn't eventuated.,ossified,xtail/passive_2/shoplift/was,-42.836428724229336,-18.193652153015137,-2.6998465061187744,0.0,11,4,-45.28526767343283,-20.749377250671387,-2.5929603576660156,0.0,9,2,2.448838949203491,2.55572509765625,-0.10688614845275879,0.0,1
xtail/passive_2/99,xtail,passive_2,99,99,A cupbearer isn't ,.,doffed,salivated,A cupbearer isn't doffed.,A cupbearer isn't salivated.,perspired,xtail/passive_2/doff/was,-44.685193717479706,-14.273514747619629,-4.033337593078613,0.0,9,3,-46.56270831823349,-17.329086780548096,-2.8552801609039307,0.0,8,2,1.8775146007537842,3.055572032928467,-1.1780574321746826,0.0,1
xtail/passive_2/101,xtail,passive_2,101,101,A lot of chevaliers aren't ,.,prised,jutted,A lot of chevaliers aren't prised.,A lot of chevaliers aren't jutted.,debarked,xtail/passive_2/prise/was,-50.21784953773022,-15.003602981567383,-3.7429404258728027,0.0,10,2,-55.646271750330925,-20.883663177490234,-3.291302442550659,0.0,11,3,5.428422212600708,5.880060195922852,-0.45163798332214355,0.0,1
xtail/passive_2/103,xtail,passive_2,103,103,Some tempter was ,.,lathered,slouched,Some tempter was lathered.,Some tempter was slouched.,berthed,xtail/passive_2/lather/was,-44.168888092041016,-16.98622417449951,-5.587875843048096,0.0,6,2,-41.5510687828064,-13.424320220947266,-6.531960487365723,0.0,6,2,-2.617819309234619,-3.561903953552246,0.944084644317627,0.0,0
xtail/passive_2/104,xtail,passive_2,104,104,The debarkation wasn't ,.,disgorged,exulted,The debarkation wasn't disgorged.,The debarkation wasn't exulted.,hiccupped,xtail/passive_2/disgorge/was,-43.83697256445885,-16.31450378894806,-3.1642677783966064,0.0,9,3,-44.75756284594536,-18.354368209838867,-2.0449936389923096,0.0,9,3,0.9205902814865112,2.039864420890808,-1.1192741394042969,0.0,1
xtail/passive_2/107,xtail,passive_2,107,107,Some devotionals aren't ,.,recompensed,leered,Some devotionals aren't recompensed.,Some devotionals aren't leered.,decamped,xtail/passive_2/recompense/was,-40.66842728853226,-14.883125901222229,-2.0333094596862793,0.0,8,3,-49.737981498241425,-20.370503425598145,-5.615486145019531,0.0,7,2,9.069554209709167,5.4873775243759155,3.582176685333252,0.0,1
xtail/passive_2/115,xtail,passive_2,115,115,Some overflights weren't ,.,outshone,gaped,Some overflights weren't outshone.,Some overflights weren't gaped.,smoldered,xtail/passive_2/outshine/was,-44.69029951095581,-15.064943969249725,-4.181084156036377,0.0,9,3,-45.206949293613434,-16.942827224731445,-2.8198506832122803,0.0,8,2,0.5166497826576233,1.87788325548172,-1.3612334728240967,0.0,1
xtail/passive_2/116,xtail,passive_2,116,116,The toponym wasn't ,.,swaddled,decamped,The toponym wasn't swaddled.,The toponym wasn't decamped.,kayaked,xtail/passive_2/swaddle/was,-49.594394221901894,-19.92154438048601,-3.840301036834717,0.0,8,3,-47.75845307856798,-18.643370628356934,-3.282533645629883,0.0,7,2,-1.835941143333912,-1.278173752129078,-0.557767391204834,0.0,0
xtail/passive_2/120,xtail,passive_2,120,120,A lot of foundlings aren't ,.,blasphemed,seethed,A lot of foundlings aren't blasphemed.,A lot of foundlings aren't seethed.,burgeoned,xtail/passive_2/blaspheme/was,-54.11849458515644,-20.599704682826996,-2.4010021686553955,0.0,11,4,-51.54617275297642,-18.012622833251953,-2.415762186050415,0.0,10,3,-2.572321832180023,-2.5870818495750427,0.014760017395019531,0.0,0
xtail/passive_2/121,xtail,passive_2,121,121,These militarists are ,.,lathered,slouched,These militarists are lathered.,These militarists are slouched.,gaped,xtail/passive_2/lather/was,-38.61732482910156,-15.129607439041138,-6.781550884246826,0.0,6,2,-38.82167410850525,-16.446149349212646,-5.669358253479004,0.0,6,2,0.20434927940368652,1.3165419101715088,-1.1121926307678223,0.0,1
xtail/passive_2/124,xtail,passive_2,124,124,Some pardoner is ,.,incriminated,sulked,Some pardoner is incriminated.,Some pardoner is sulked.,tingled,xtail/passive_2/incriminate/was,-40.89523398503661,-14.154842969030142,-2.625267267227173,0.0,7,3,-41.47172451019287,-14.675034523010254,-2.6815662384033203,0.0,6,2,0.5764905251562595,0.5201915539801121,0.05629897117614746,0.0,1
xtail/passive_2/125,xtail,passive_2,125,125,A transferee is ,.,blasphemed,seethed,A transferee is blasphemed.,A transferee is seethed.,putrefied,xtail/passive_2/blaspheme/was,-41.859336107969284,-21.417291343212128,-2.1762359142303467,0.0,9,4,-42.2669283747673,-21.640805631875992,-2.360313892364502,0.0,8,3,0.4075922667980194,0.22351428866386414,0.18407797813415527,0.0,1
xtail/passive_2/127,xtail,passive_2,127,127,A lot of verifiers are ,.,blabbed,lolled,A lot of verifiers are blabbed.,A lot of verifiers are lolled.,seethed,xtail/passive_2/blab/was,-44.02106286585331,-17.166056156158447,-2.5015108585357666,0.0,9,3,-43.685195460915565,-15.95941162109375,-3.3722879886627197,0.0,8,2,-0.33586740493774414,-1.2066445350646973,0.8707771301269531,0.0,0
xtail/passive_2/128,xtail,passive_2,128,128,These spendthrifts aren't ,.,mistrusted,coexisted,These spendthrifts aren't mistrusted.,These spendthrifts aren't coexisted.,desisted,xtail/passive_2/mistrust/was,-41.029335484607145,-16.176651172339916,-1.9817800521850586,0.0,10,3,-44.78690552036278,-18.374344050884247,-3.5416572093963623,0.0,10,3,3.7575700357556343,2.1976928785443306,1.5598771572113037,0.0,1
xtail/passive_2/132,xtail,passive_2,132,132,Most criminologists were ,.,hefted,hibernated,Most criminologists were hefted.,Most criminologists were hibernated.,leered,xtail/passive_2/heft/was,-41.39739465713501,-17.539925575256348,-5.452726364135742,0.0,8,3,-39.4532874468714,-18.753279054537416,-2.2952656745910645,0.0,9,4,-1.9441072102636099,1.2133534792810678,-3.1574606895446777,0.0,0
xtail/passive_2/133,xtail,passive_2,133,133,Those dilettantes are ,.,extirpated,vegetated,Those dilettantes are extirpated.,Those dilettantes are vegetated.,prattled,xtail/passive_2/extirpate/was,-33.01242419146001,-13.813382944092155,-2.1180830001831055,0.0,9,4,-38.238473296165466,-18.248004913330078,-2.9095101356506348,0.0,7,2,5.226049104705453,4.434621969237924,0.7914271354675293,0.0,1
xtail/passive_2/136,xtail,passive_2,136,136,This cosigner isn't ,.,garlanded,bantered,This cosigner isn't garlanded.,This cosigner isn't bantered.,sunbathed,xtail/passive_2/garland/was,-45.82278415560722,-17.00578510761261,-2.66097092628479,0.0,8,3,-46.79502138495445,-17.202946186065674,-3.436047077178955,0.0,8,3,0.972237229347229,0.19716107845306396,0.775076150894165,0.0,1
xtail/passive_2/139,xtail,passive_2,139,139,The thunderclaps aren't ,.,placated,crackled,The thunderclaps aren't placated.,The thunderclaps aren't crackled.,calved,xtail/passive_2/placate/was,-41.2780564725399,-14.017978549003601,-1.8481926918029785,0.0,8,2,-44.26089355349541,-16.093868255615234,-2.7551400661468506,0.0,8,2,2.9828370809555054,2.0758897066116333,0.9069473743438721,0.0,1
xtail/passive_2/141,xtail,passive_2,141,141,That workaholism was ,.,wadded,shimmered,That workaholism was wadded.,That workaholism was shimmered.,puttered,xtail/passive_2/wad/was,-43.10624694824219,-15.332164764404297,-4.659765720367432,0.0,8,2,-44.226960837841034,-17.537861049175262,-3.5747833251953125,0.0,9,3,1.1207138895988464,2.2056962847709656,-1.0849823951721191,0.0,1
xtail/passive_2/147,xtail,passive_2,147,147,Many abortionists weren't ,.,tithed,puttered,Many abortionists weren't tithed.,Many abortionists weren't puttered.,ossified,xtail/passive_2/tithe/was,-40.321310460567474,-14.041356801986694,-2.1127877235412598,0.0,7,2,-45.60727709531784,-18.200176239013672,-3.2399349212646484,0.0,7,2,5.285966634750366,4.1588194370269775,1.1271471977233887,0.0,1
xtail/passive_2/150,xtail,passive_2,150,150,Some crybabies' handymen weren't ,.,incriminated,sulked,Some crybabies' handymen weren't incriminated.,Some crybabies' handymen weren't sulked.,oscillated,xtail/passive_2/incriminate/was,-62.40854928828776,-17.767634391784668,-2.0231833457946777,0.0,13,3,-63.527370193973184,-18.690738677978516,-2.218899965286255,0.0,12,2,1.1188209056854248,0.9231042861938477,0.19571661949157715,0.0,1
xtail/passive_2/152,xtail,passive_2,152,152,All roughriders are ,.,resupplied,slogged,All roughriders are resupplied.,All roughriders are slogged.,gloried,xtail/passive_2/resupply/was,-41.99451816082001,-14.18236619234085,-4.471070289611816,0.0,8,3,-43.7177055478096,-16.840085983276367,-3.5365378856658936,0.0,7,2,1.7231873869895935,2.6577197909355164,-0.9345324039459229,0.0,1
xtail/passive_2/155,xtail,passive_2,155,155,Some sharpies were ,.,wadded,shimmered,Some sharpies were wadded.,Some sharpies were shimmered.,prattled,xtail/passive_2/wad/was,-37.40988898277283,-11.941070318222046,-5.92521333694458,0.0,6,2,-36.99444222450256,-13.952058553695679,-3.4987783432006836,0.0,7,3,-0.41544675827026367,2.010988235473633,-2.4264349937438965,0.0,0
xtail/passive_2/157,xtail,passive_2,157,157,This submersion was ,.,espied,scrammed,This submersion was espied.,This submersion was scrammed.,puttered,xtail/passive_2/espy/was,-35.187886625528336,-13.928073763847351,-4.304909706115723,0.0,7,2,-37.7365425825119,-17.237803548574448,-3.5438358783721924,0.0,8,3,2.5486559569835663,3.3097297847270966,-0.7610738277435303,0.0,1
xtail/passive_2/158,xtail,passive_2,158,158,All newsmen weren't ,.,sundered,eavesdropped,All newsmen weren't sundered.,All newsmen weren't eavesdropped.,hungered,xtail/passive_2/sunder/was,-46.63756367564201,-17.8453688621521,-2.5224084854125977,0.0,7,2,-46.71930444170721,-16.923245339887217,-3.526272773742676,0.0,9,4,0.0817407660651952,-0.9221235222648829,1.0038642883300781,0.0,1
xtail/passive_2/161,xtail,passive_2,161,161,This speedup isn't ,.,filched,smoldered,This speedup isn't filched.,This speedup isn't smoldered.,vegetated,xtail/passive_2/filch/was,-39.32504644989967,-17.267799735069275,-3.8413822650909424,0.0,7,2,-44.936342269182205,-23.518665075302124,-3.201812744140625,0.0,8,3,5.611295819282532,6.250865340232849,-0.6395695209503174,0.0,1
xtail/passive_2/163,xtail,passive_2,163,163,Mountebanks were ,.,lathered,slouched,Mountebanks were lathered.,Mountebanks were slouched.,sunbathed,xtail/passive_2/lather/was,-39.77100050449371,-16.1223042011261,-4.8788909912109375,0.0,7,2,-38.98079192638397,-14.37410593032837,-5.836880683898926,0.0,7,2,-0.7902085781097412,-1.7481982707977295,0.9579896926879883,0.0,0
xtail/passive_2/167,xtail,passive_2,167,167,A lot of venders were ,.,doffed,salivated,A lot of venders were doffed.,A lot of venders were salivated.,pattered,xtail/passive_2/doff/was,-41.63727404177189,-14.636892080307007,-3.4877912998199463,0.0,9,3,-42.48268510401249,-15.829853057861328,-3.1402413845062256,0.0,8,2,0.8454110622406006,1.1929609775543213,-0.3475499153137207,0.0,1
xtail/passive_2/169,xtail,passive_2,169,169,These whisperers were ,.,disgorged,exulted,These whisperers were disgorged.,These whisperers were exulted.,coexisted,xtail/passive_2/disgorge/was,-34.37633028626442,-12.041649460792542,-2.827904462814331,0.0,8,3,-34.6140356361866,-12.689474105834961,-2.417785167694092,0.0,8,3,0.23770534992218018,0.6478246450424194,-0.41011929512023926,0.0,1
xtail/passive_2/172,xtail,passive_2,172,172,An unilateralist wasn't ,.,wagged,basked,An unilateralist wasn't wagged.,An unilateralist wasn't basked.,teemed,xtail/passive_2/wag/was,-46.28638404607773,-15.898722648620605,-4.56952428817749,0.0,7,2,-47.13491553068161,-17.41268301010132,-3.904095411300659,0.0,7,2,0.8485314846038818,1.513960361480713,-0.665428876876831,0.0,1
xtail/passive_2/174,xtail,passive_2,174,174,Most pharmacologists are ,.,immolated,vacillated,Most pharmacologists are immolated.,Most pharmacologists are vacillated.,gloried,xtail/passive_2/immolate/was,-41.632975339889526,-19.49107074737549,-3.533841371536255,0.0,6,2,-39.85806714370847,-17.854289639741182,-3.395714282989502,0.0,7,3,-1.7749081961810589,-1.636781107634306,-0.13812708854675293,0.0,0
xtail/passive_2/178,xtail,passive_2,178,178,These beadles weren't ,.,immolated,vacillated,These beadles weren't immolated.,These beadles weren't vacillated.,hibernated,xtail/passive_2/immolate/was,-45.263042986392975,-16.244822025299072,-2.242204427719116,0.0,7,2,-49.26124948263168,-20.116329073905945,-2.368903875350952,0.0,8,3,3.9982064962387085,3.8715070486068726,0.12669944763183594,0.0,1
xtail/passive_2/180,xtail,passive_2,180,180,An epicondylitis was ,.,clouted,groused,An epicondylitis was clouted.,An epicondylitis was groused.,droned,xtail/passive_2/clout/was,-49.016747534275055,-22.05318772792816,-2.937075138092041,0.0,9,3,-45.6699954867363,-18.512022495269775,-3.13148832321167,0.0,8,2,-3.3467520475387573,-3.5411652326583862,0.1944131851196289,0.0,0
xtail/passive_2/181,xtail,passive_2,181,181,The probationer is ,.,espied,scrammed,The probationer is espied.,The probationer is scrammed.,empathized,xtail/passive_2/espy/was,-38.928823471069336,-17.535822868347168,-4.605189800262451,0.0,6,2,-39.55346792936325,-19.959295451641083,-2.806361675262451,0.0,7,3,0.6246444582939148,2.423472583293915,-1.798828125,0.0,1
xtail/passive_2/183,xtail,passive_2,183,183,This absconder was ,.,ogled,wallowed,This absconder was ogled.,This absconder was wallowed.,quivered,xtail/passive_2/ogle/was,-37.32495599985123,-14.018368244171143,-3.567631244659424,0.0,7,2,-40.022840082645416,-15.209176063537598,-5.074707508087158,0.0,7,2,2.6978840827941895,1.190807819366455,1.5070762634277344,0.0,1
xtail/passive_2/185,xtail,passive_2,185,185,The madwoman is ,.,espied,scrammed,The madwoman is espied.,The madwoman is scrammed.,empathized,xtail/passive_2/espy/was,-35.53696012496948,-14.915098190307617,-2.816539764404297,0.0,6,2,-37.481292724609375,-17.444701194763184,-2.231269359588623,0.0,7,3,1.9443325996398926,2.5296030044555664,-0.5852704048156738,0.0,1
xtail/passive_2/187,xtail,passive_2,187,187,Some redeemers were ,.,espied,scrammed,Some redeemers were espied.,Some redeemers were scrammed.,whizzed,xtail/passive_2/espy/was,-38.90604615211487,-14.195667266845703,-2.427431583404541,0.0,6,2,-40.273365527391434,-15.697078973054886,-2.293339252471924,0.0,7,3,1.3673193752765656,1.5014117062091827,-0.1340923309326172,0.0,1
xtail/passive_2/188,xtail,passive_2,188,188,Most ironworkers aren't ,.,edified,toddled,Most ironworkers aren't edified.,Most ironworkers aren't toddled.,pulsated,xtail/passive_2/edify/was,-42.504438996315,-15.986835479736328,-3.0054426193237305,0.0,7,2,-49.54039394855499,-20.611440658569336,-5.416792392730713,0.0,7,2,7.03595495223999,4.624605178833008,2.4113497734069824,0.0,1
xtail/passive_2/189,xtail,passive_2,189,189,A lot of meanies aren't ,.,placated,crackled,A lot of meanies aren't placated.,A lot of meanies aren't crackled.,slunk,xtail/passive_2/placate/was,-44.02189801633358,-12.232219010591507,-2.4224131107330322,0.0,9,2,-51.42507143318653,-19.59170436859131,-2.4661011695861816,0.0,9,2,7.403173416852951,7.359485357999802,0.043688058853149414,0.0,1
xtail/passive_2/190,xtail,passive_2,190,190,Those rosicrucians weren't ,.,shoplifted,eventuated,Those rosicrucians weren't shoplifted.,Those rosicrucians weren't eventuated.,leered,xtail/passive_2/shoplift/was,-50.331693693995476,-17.229890525341034,-2.3391222953796387,0.0,12,4,-54.40125881135464,-20.783052444458008,-2.855525493621826,0.0,10,2,4.069565117359161,3.553161919116974,0.5164031982421875,0.0,1
xtail/passive_2/191,xtail,passive_2,191,191,Latecomers are ,.,disquieted,goggled,Latecomers are disquieted.,Latecomers are goggled.,slogged,xtail/passive_2/disquiet/was,-28.2015463411808,-12.336698323488235,-2.8322174549102783,0.0,7,3,-33.67325675487518,-17.52938723564148,-3.111238956451416,0.0,7,3,5.471710413694382,5.192688912153244,0.2790215015411377,0.0,1
xtail/passive_2/193,xtail,passive_2,193,193,The criminologists are ,.,pigeonholed,hitchhiked,The criminologists are pigeonholed.,The criminologists are hitchhiked.,blustered,xtail/passive_2/pigeonhole/was,-36.54888999462128,-14.830204129219055,-2.170694351196289,0.0,9,4,-46.25197181105614,-23.13538870215416,-3.568591594696045,0.0,8,3,9.70308181643486,8.305184572935104,1.3978972434997559,0.0,1
xtail/passive_2/194,xtail,passive_2,194,194,Most salvors were ,.,swaddled,decamped,Most salvors were swaddled.,Most salvors were decamped.,slobbered,xtail/passive_2/swaddle/was,-38.228212878108025,-14.189770504832268,-4.819209098815918,0.0,7,3,-34.44422483444214,-12.656888961791992,-2.5681025981903076,0.0,6,2,-3.783988043665886,-1.5328815430402756,-2.2511065006256104,0.0,0
xtail/passive_2/195,xtail,passive_2,195,195,This clime is ,.,doffed,salivated,This clime is doffed.,This clime is salivated.,blustered,xtail/passive_2/doff/was,-35.925869941711426,-16.408520936965942,-2.7651491165161133,0.0,7,3,-36.668787717819214,-16.757622718811035,-3.1589651107788086,0.0,6,2,0.7429177761077881,0.3491017818450928,0.3938159942626953,0.0,1
xtail/passive_2/199,xtail,passive_2,199,199,A lot of cutthroats weren't ,.,tithed,puttered,A lot of cutthroats weren't tithed.,A lot of cutthroats weren't puttered.,pontificated,xtail/passive_2/tithe/was,-47.746280670166016,-14.179553985595703,-2.401127815246582,0.0,10,2,-50.41210913658142,-15.608649253845215,-3.6378610134124756,0.0,10,2,2.6658284664154053,1.4290952682495117,1.2367331981658936,0.0,1
xtail/passive_2/202,xtail,passive_2,202,202,Most foremen aren't ,.,resupplied,slogged,Most foremen aren't resupplied.,Most foremen aren't slogged.,clattered,xtail/passive_2/resupply/was,-39.89636188745499,-16.204265415668488,-2.6005706787109375,0.0,8,3,-44.40408229827881,-19.436030387878418,-3.876526117324829,0.0,7,2,4.507720410823822,3.2317649722099304,1.2759554386138916,0.0,1
xtail/passive_2/205,xtail,passive_2,205,205,Some careerists aren't ,.,reproached,whizzed,Some careerists aren't reproached.,Some careerists aren't whizzed.,smoldered,xtail/passive_2/reproach/was,-40.08070433139801,-15.141237020492554,-3.107538938522339,0.0,7,2,-49.367454171180725,-23.02001428604126,-4.515511512756348,0.0,8,3,9.286749839782715,7.878777265548706,1.4079725742340088,0.0,1
xtail/passive_2/208,xtail,passive_2,208,208,Every invigilator is ,.,sundered,eavesdropped,Every invigilator is sundered.,Every invigilator is eavesdropped.,shimmered,xtail/passive_2/sunder/was,-41.20142462849617,-18.390583992004395,-2.7623753547668457,0.0,8,2,-40.55187561083585,-17.121067036874592,-3.382343292236328,0.0,10,4,-0.6495490176603198,-1.2695169551298022,0.6199679374694824,0.0,0
xtail/passive_2/218,xtail,passive_2,218,218,That bounciness was ,.,lathered,slouched,That bounciness was lathered.,That bounciness was slouched.,bustled,xtail/passive_2/lather/was,-36.0897875726223,-12.04511496424675,-4.434747219085693,0.0,8,2,-37.91723096370697,-15.038720607757568,-3.268584966659546,0.0,8,2,1.827443391084671,2.9936056435108185,-1.1661622524261475,0.0,1
xtail/passive_2/219,xtail,passive_2,219,219,Those ventriloquists were ,.,crated,lumbered,Those ventriloquists were crated.,Those ventriloquists were lumbered.,jigged,xtail/passive_2/crate/was,-38.48364132642746,-13.506714820861816,-3.57645583152771,0.0,8,2,-38.37823175638914,-13.014168076217175,-3.963593006134033,0.0,8,2,-0.10540957003831863,-0.4925467446446419,0.38713717460632324,0.0,0
xtail/passive_2/221,xtail,passive_2,221,221,Some adventurousness was ,.,reproached,whizzed,Some adventurousness was reproached.,Some adventurousness was whizzed.,lumbered,xtail/passive_2/reproach/was,-37.263450279831886,-13.106108203530312,-2.4173359870910645,0.0,7,2,-43.68118476867676,-15.596312880516052,-6.344865798950195,0.0,8,3,6.4177344888448715,2.4902046769857407,3.927529811859131,0.0,1
xtail/passive_2/222,xtail,passive_2,222,222,Many juntos are ,.,larded,fizzed,Many juntos are larded.,Many juntos are fizzed.,bustled,xtail/passive_2/lard/was,-45.68647360801697,-17.10970115661621,-5.084841728210449,0.0,7,2,-44.79723238945007,-18.153042316436768,-3.152259349822998,0.0,8,3,-0.8892412185668945,1.0433411598205566,-1.9325823783874512,0.0,0
xtail/passive_2/223,xtail,passive_2,223,223,Some freemans were ,.,crated,lumbered,Some freemans were crated.,Some freemans were lumbered.,hiccupped,xtail/passive_2/crate/was,-40.99498176574707,-12.795700550079346,-3.5275917053222656,0.0,7,2,-42.50679053366184,-13.529029741883278,-4.3060712814331055,0.0,7,2,1.511808767914772,0.7333291918039322,0.7784795761108398,0.0,1
xtail/passive_2/225,xtail,passive_2,225,225,Rewatches were ,.,mulched,bustled,Rewatches were mulched.,Rewatches were bustled.,procreated,xtail/passive_2/mulch/was,-33.71633684635162,-15.552725672721863,-3.4091899394989014,0.0,5,2,-38.80761456489563,-20.293134689331055,-3.760058641433716,0.0,5,2,5.091277718544006,4.740409016609192,0.35086870193481445,0.0,1
xtail/passive_2/226,xtail,passive_2,226,226,Syndicators weren't ,.,gulled,desisted,Syndicators weren't gulled.,Syndicators weren't desisted.,decamped,xtail/passive_2/gull/was,-36.59583040326834,-13.69265365600586,-2.2832024097442627,0.0,8,2,-41.13359757512808,-18.333625316619873,-2.1799979209899902,0.0,8,2,4.537767171859741,4.640971660614014,-0.10320448875427246,0.0,1
xtail/passive_2/228,xtail,passive_2,228,228,Many syndicalists aren't ,.,reproved,remonstrated,Many syndicalists aren't reproved.,Many syndicalists aren't remonstrated.,gusted,xtail/passive_2/reprove/was,-45.31150680780411,-17.37844467163086,-2.730410575866699,0.0,8,2,-46.194595873355865,-17.714476108551025,-3.277468204498291,0.0,9,3,0.8830890655517578,0.336031436920166,0.5470576286315918,0.0,1
xtail/passive_2/238,xtail,passive_2,238,238,These balloonists were ,.,lathered,slouched,These balloonists were lathered.,These balloonists were slouched.,burgeoned,xtail/passive_2/lather/was,-42.520456075668335,-15.964107990264893,-6.65498685836792,0.0,6,2,-41.716086626052856,-15.167730331420898,-6.6469950675964355,0.0,6,2,-0.8043694496154785,-0.7963776588439941,-0.007991790771484375,0.0,0
xtail/passive_2/240,xtail,passive_2,240,240,A lot of bimbos weren't ,.,mistrusted,coexisted,A lot of bimbos weren't mistrusted.,A lot of bimbos weren't coexisted.,gyrated,xtail/passive_2/mistrust/was,-51.75551173090935,-18.26145000755787,-2.0871334075927734,0.0,11,3,-52.08860792219639,-17.55713665485382,-3.1245429515838623,0.0,11,3,0.3330961912870407,-0.7043133527040482,1.0374095439910889,0.0,1
xtail/passive_2/241,xtail,passive_2,241,241,A washerwoman isn't ,.,ogled,wallowed,A washerwoman isn't ogled.,A washerwoman isn't wallowed.,fawned,xtail/passive_2/ogle/was,-50.04046815633774,-13.953731179237366,-2.5367026329040527,0.0,8,2,-53.6679270863533,-16.31041383743286,-3.807478904724121,0.0,8,2,3.627458930015564,2.3566826581954956,1.2707762718200684,0.0,1
xtail/passive_2/242,xtail,passive_2,242,242,The annihilator isn't ,.,doffed,salivated,The annihilator isn't doffed.,The annihilator isn't salivated.,slouched,xtail/passive_2/doff/was,-44.91318168491125,-17.744735419750214,-2.2367143630981445,0.0,9,3,-46.53785606473684,-19.518484592437744,-2.087639570236206,0.0,8,2,1.624674379825592,1.7737491726875305,-0.14907479286193848,0.0,1
xtail/passive_2/243,xtail,passive_2,243,243,This requiescat wasn't ,.,blasphemed,seethed,This requiescat wasn't blasphemed.,This requiescat wasn't seethed.,oscillated,xtail/passive_2/blaspheme/was,-50.606480836868286,-13.31813633441925,-2.157905340194702,0.0,10,4,-55.153770446777344,-17.241132855415344,-2.782198429107666,0.0,9,3,4.547289609909058,3.9229965209960938,0.6242930889129639,0.0,1
xtail/passive_2/247,xtail,passive_2,247,247,All harmonizers aren't ,.,debugged,tingled,All harmonizers aren't debugged.,All harmonizers aren't tingled.,squawked,xtail/passive_2/debug/was,-37.627025693655014,-13.52936726808548,-2.254703998565674,0.0,7,2,-43.865368872880936,-19.62825870513916,-2.394155740737915,0.0,7,2,6.238343179225922,6.09889143705368,0.1394517421722412,0.0,1
xtail/passive_2/249,xtail,passive_2,249,249,These snoopers are ,.,clouted,groused,These snoopers are clouted.,These snoopers are groused.,scrammed,xtail/passive_2/clout/was,-36.68469649553299,-15.313807249069214,-3.04021954536438,0.0,8,3,-39.84567075967789,-17.630752563476562,-3.8842484951019287,0.0,7,2,3.1609742641448975,2.3169453144073486,0.8440289497375488,0.0,1
xtail/passive_2/250,xtail,passive_2,250,250,Many turncoats aren't ,.,gulled,desisted,Many turncoats aren't gulled.,Many turncoats aren't desisted.,writhed,xtail/passive_2/gull/was,-37.67692366801202,-14.755402565002441,-2.5744941234588623,0.0,8,2,-41.52315775118768,-17.897879600524902,-3.2782511711120605,0.0,8,2,3.846234083175659,3.142477035522461,0.7037570476531982,0.0,1
xtail/passive_2/253,xtail,passive_2,253,253,The knacker was ,.,clouted,groused,The knacker was clouted.,The knacker was groused.,sunbathed,xtail/passive_2/clout/was,-36.82547044195235,-13.47399496473372,-2.77366304397583,0.0,7,3,-38.39231872558594,-14.909065246582031,-2.9054410457611084,0.0,6,2,1.5668482836335897,1.4350702818483114,0.13177800178527832,0.0,1
xtail/passive_2/254,xtail,passive_2,254,254,Some abuelo isn't ,.,walloped,gloated,Some abuelo isn't walloped.,Some abuelo isn't gloated.,slogged,xtail/passive_2/wallop/was,-46.232230976223946,-17.662806034088135,-2.9275856018066406,0.0,8,2,-45.45223815739155,-17.171342372894287,-2.639056444168091,0.0,8,2,-0.7799928188323975,-0.49146366119384766,-0.2885291576385498,0.0,0
xtail/passive_2/255,xtail,passive_2,255,255,Some preservationists aren't ,.,tithed,puttered,Some preservationists aren't tithed.,Some preservationists aren't puttered.,slunk,xtail/passive_2/tithe/was,-41.935876578092575,-16.668251514434814,-2.2276411056518555,0.0,7,2,-48.23110267519951,-22.112627029418945,-3.078491687774658,0.0,7,2,6.295226097106934,5.444375514984131,0.8508505821228027,0.0,1
xtail/passive_2/256,xtail,passive_2,256,256,Many disturbers were ,.,ogled,wallowed,Many disturbers were ogled.,Many disturbers were wallowed.,clattered,xtail/passive_2/ogle/was,-37.56450209021568,-14.129552364349365,-3.257838487625122,0.0,7,2,-44.09320029616356,-19.03058433532715,-4.885504722595215,0.0,7,2,6.528698205947876,4.901031970977783,1.6276662349700928,0.0,1
xtail/passive_2/258,xtail,passive_2,258,258,A bonhomie is ,.,shooed,quivered,A bonhomie is shooed.,A bonhomie is quivered.,coexisted,xtail/passive_2/shoo/was,-39.56545943021774,-15.895132958889008,-2.8865742683410645,0.0,8,3,-40.968586921691895,-17.42794370651245,-2.7568910121917725,0.0,7,2,1.4031274914741516,1.5328107476234436,-0.129683256149292,0.0,1
xtail/passive_2/260,xtail,passive_2,260,260,Those locksmiths were ,.,shoplifted,eventuated,Those locksmiths were shoplifted.,Those locksmiths were eventuated.,slogged,xtail/passive_2/shoplift/was,-35.29259292781353,-15.777909561991692,-2.533893585205078,0.0,9,4,-41.381242632865906,-21.241942405700684,-3.158510446548462,0.0,7,2,6.088649705052376,5.464032843708992,0.6246168613433838,0.0,1
xtail/passive_2/262,xtail,passive_2,262,262,The serialisation wasn't ,.,disabused,sidled,The serialisation wasn't disabused.,The serialisation wasn't sidled.,gusted,xtail/passive_2/disabuse/was,-46.3468953371048,-19.274880170822144,-2.4961862564086914,0.0,8,3,-51.18088901042938,-21.856033325195312,-4.749026775360107,0.0,7,2,4.833993673324585,2.581153154373169,2.252840518951416,0.0,1
xtail/passive_2/263,xtail,passive_2,263,263,An anchorwoman was ,.,mulched,bustled,An anchorwoman was mulched.,An anchorwoman was bustled.,groused,xtail/passive_2/mulch/was,-39.50938618183136,-15.51356041431427,-2.983612060546875,0.0,6,2,-41.910216331481934,-13.132972717285156,-7.7650299072265625,0.0,6,2,2.4008301496505737,-2.3805876970291138,4.7814178466796875,0.0,1
xtail/passive_2/277,xtail,passive_2,277,277,The overcomer wasn't ,.,filched,smoldered,The overcomer wasn't filched.,The overcomer wasn't smoldered.,slunk,xtail/passive_2/filch/was,-40.87865526974201,-13.629894018173218,-2.3214094638824463,0.0,8,2,-43.97177620232105,-16.66000258922577,-2.3844218254089355,0.0,9,3,3.0931209325790405,3.0301085710525513,0.06301236152648926,0.0,1
xtail/passive_2/281,xtail,passive_2,281,281,Many canoeists are ,.,larded,fizzed,Many canoeists are larded.,Many canoeists are fizzed.,scrammed,xtail/passive_2/lard/was,-40.3028028011322,-16.996575355529785,-6.225690841674805,0.0,6,2,-40.98445725440979,-19.677891731262207,-4.226028919219971,0.0,7,3,0.6816544532775879,2.681316375732422,-1.999661922454834,0.0,1
xtail/passive_2/286,xtail,passive_2,286,286,Volatilities were ,.,immolated,vacillated,Volatilities were immolated.,Volatilities were vacillated.,slumbered,xtail/passive_2/immolate/was,-36.36418581008911,-17.833299160003662,-2.2118306159973145,0.0,6,2,-36.83977187424898,-17.623464711010456,-2.8972511291503906,0.0,7,3,0.47558606415987015,-0.20983444899320602,0.6854205131530762,0.0,1
xtail/passive_2/287,xtail,passive_2,287,287,These luthiers are ,.,debugged,tingled,These luthiers are debugged.,These luthiers are tingled.,hibernated,xtail/passive_2/debug/was,-37.989435970783234,-14.621759057044983,-3.659470558166504,0.0,7,2,-41.72869557142258,-18.30294942855835,-3.7175397872924805,0.0,7,2,3.7392596006393433,3.6811903715133667,0.05806922912597656,0.0,1
xtail/passive_2/289,xtail,passive_2,289,289,Many intimacies were ,.,rearmed,tottered,Many intimacies were rearmed.,Many intimacies were tottered.,sleepwalked,xtail/passive_2/rearm/was,-36.8626329600811,-14.000119060277939,-1.7463277578353882,0.0,6,2,-36.978599548339844,-13.004205226898193,-2.858208179473877,0.0,6,2,0.11596658825874329,-0.9959138333797455,1.1118804216384888,0.0,1
xtail/passive_2/290,xtail,passive_2,290,290,Gobbles are ,.,lathered,slouched,Gobbles are lathered.,Gobbles are slouched.,seethed,xtail/passive_2/lather/was,-36.735159397125244,-14.384665489196777,-4.462875843048096,0.0,6,2,-35.691333293914795,-13.5907564163208,-4.212958812713623,0.0,6,2,-1.0438261032104492,-0.7939090728759766,-0.24991703033447266,0.0,0
xtail/passive_2/296,xtail,passive_2,296,296,The succor wasn't ,.,disgorged,exulted,The succor wasn't disgorged.,The succor wasn't exulted.,blustered,xtail/passive_2/disgorge/was,-40.73785096406937,-15.36076945066452,-2.4415338039398193,0.0,8,3,-40.813273668289185,-16.157297015190125,-1.7204289436340332,0.0,8,3,0.07542270421981812,0.7965275645256042,-0.7211048603057861,0.0,1
xtail/passive_2/298,xtail,passive_2,298,298,The abdominoplasty isn't ,.,blabbed,lolled,The abdominoplasty isn't blabbed.,The abdominoplasty isn't lolled.,jested,xtail/passive_2/blab/was,-49.56687068939209,-23.562103509902954,-3.0789289474487305,0.0,9,3,-45.328842639923096,-19.768566131591797,-2.6344382762908936,0.0,8,2,-4.238028049468994,-3.7935373783111572,-0.4444906711578369,0.0,0
xtail/passive_2/299,xtail,passive_2,299,299,An epicene wasn't ,.,shooed,quivered,An epicene wasn't shooed.,An epicene wasn't quivered.,whizzed,xtail/passive_2/shoo/was,-45.72784613072872,-14.222545474767685,-3.995205879211426,0.0,8,3,-45.04110445082188,-15.173964500427246,-2.3570451736450195,0.0,7,2,-0.6867416799068451,0.9514190256595612,-1.6381607055664062,0.0,0
xtail/passive_2/301,xtail,passive_2,301,301,The roadhog is ,.,debugged,tingled,The roadhog is debugged.,The roadhog is tingled.,slunk,xtail/passive_2/debug/was,-37.55396658182144,-15.0328329205513,-2.7454023361206055,0.0,6,2,-38.841970324516296,-17.1213698387146,-1.9448691606521606,0.0,6,2,1.2880037426948547,2.0885369181632996,-0.8005331754684448,0.0,1
xtail/passive_2/302,xtail,passive_2,302,302,A tsarevich was ,.,sundered,eavesdropped,A tsarevich was sundered.,A tsarevich was eavesdropped.,debarked,xtail/passive_2/sunder/was,-39.67759335786104,-14.916204452514648,-2.890686511993408,0.0,8,2,-41.38431060966104,-15.808482407592237,-3.7051258087158203,0.0,10,4,1.7067172518000007,0.8922779550775886,0.8144392967224121,0.0,1
xtail/passive_2/305,xtail,passive_2,305,305,Those horsewomen aren't ,.,regaled,writhed,Those horsewomen aren't regaled.,Those horsewomen aren't writhed.,writhed,xtail/passive_2/regale/was,-41.69061689823866,-13.09099817276001,-4.240936279296875,0.0,7,2,-49.991733364760876,-21.54717254638672,-4.085878372192383,0.0,7,2,8.301116466522217,8.456174373626709,-0.1550579071044922,0.0,1
xtail/passive_2/307,xtail,passive_2,307,307,All toffs are ,.,lathered,slouched,All toffs are lathered.,All toffs are slouched.,intermarried,xtail/passive_2/lather/was,-40.37776160240173,-13.933601379394531,-4.357449531555176,0.0,7,2,-37.98080086708069,-11.874488830566406,-4.019601345062256,0.0,7,2,-2.396960735321045,-2.059112548828125,-0.3378481864929199,0.0,0
xtail/passive_2/309,xtail,passive_2,309,309,These quins were ,.,immolated,vacillated,These quins were immolated.,These quins were vacillated.,eavesdropped,xtail/passive_2/immolate/was,-38.95750284194946,-13.268990993499756,-2.6242294311523438,0.0,6,2,-43.86105751991272,-17.881615161895752,-2.9151599407196045,0.0,7,3,4.903554677963257,4.612624168395996,0.29093050956726074,0.0,1
xtail/passive_2/311,xtail,passive_2,311,311,This authoress wasn't ,.,unlatched,burgeoned,This authoress wasn't unlatched.,This authoress wasn't burgeoned.,intermarried,xtail/passive_2/unlatch/was,-46.386617824435234,-19.437637731432915,-1.8732091188430786,0.0,9,3,-47.23767530918121,-19.102681636810303,-3.05922269821167,0.0,9,3,0.8510574847459793,-0.334956094622612,1.1860135793685913,0.0,1
xtail/passive_2/312,xtail,passive_2,312,312,Most fullers aren't ,.,shooed,quivered,Most fullers aren't shooed.,Most fullers aren't quivered.,vacillated,xtail/passive_2/shoo/was,-41.43958556652069,-12.013175308704376,-4.976772785186768,0.0,8,3,-45.20323425531387,-17.412938117980957,-3.340658664703369,0.0,7,2,3.7636486887931824,5.399762809276581,-1.6361141204833984,0.0,1
xtail/passive_2/315,xtail,passive_2,315,315,The oldtimer is ,.,permed,fawned,The oldtimer is permed.,The oldtimer is fawned.,flounced,xtail/passive_2/perm/was,-38.957900285720825,-16.7672176361084,-2.699584722518921,0.0,6,2,-36.42328870296478,-13.133508563041687,-3.79868221282959,0.0,7,3,-2.5346115827560425,-3.6337090730667114,1.099097490310669,0.0,0
xtail/passive_2/316,xtail,passive_2,316,316,Every phytochemistry is ,.,doffed,salivated,Every phytochemistry is doffed.,Every phytochemistry is salivated.,swaggered,xtail/passive_2/doff/was,-43.656793653964996,-21.29961210489273,-3.225374221801758,0.0,7,3,-39.910900831222534,-17.94836950302124,-2.830724000930786,0.0,6,2,-3.745892822742462,-3.3512426018714905,-0.3946502208709717,0.0,0
xtail/passive_2/318,xtail,passive_2,318,318,That carpetbagger was ,.,shoplifted,eventuated,That carpetbagger was shoplifted.,That carpetbagger was eventuated.,writhed,xtail/passive_2/shoplift/was,-43.07487930543721,-15.687152594327927,-2.770496368408203,0.0,9,4,-47.599387811496854,-20.801088333129883,-2.1810691356658936,0.0,7,2,4.524508506059647,5.113935738801956,-0.5894272327423096,0.0,1
xtail/passive_2/319,xtail,passive_2,319,319,Those dualists are ,.,filched,smoldered,Those dualists are filched.,Those dualists are smoldered.,hungered,xtail/passive_2/filch/was,-36.98137617111206,-15.392488479614258,-4.012347221374512,0.0,6,2,-37.66107225418091,-17.10230016708374,-2.982231616973877,0.0,7,3,0.6796960830688477,1.7098116874694824,-1.0301156044006348,0.0,1
xtail/passive_2/322,xtail,passive_2,322,322,Those superfamilies aren't ,.,recompensed,leered,Those superfamilies aren't recompensed.,Those superfamilies aren't leered.,gaped,xtail/passive_2/recompense/was,-47.208958357572556,-20.410361766815186,-2.8106319904327393,0.0,8,3,-52.2673382461071,-21.502395629882812,-6.776978015899658,0.0,7,2,5.058379888534546,1.092033863067627,3.966346025466919,0.0,1
xtail/passive_2/323,xtail,passive_2,323,323,This caboodle wasn't ,.,obviated,teemed,This caboodle wasn't obviated.,This caboodle wasn't teemed.,exulted,xtail/passive_2/obviate/was,-43.99968922138214,-16.390201449394226,-2.677290439605713,0.0,9,3,-47.49608087539673,-18.699027061462402,-3.864856481552124,0.0,8,2,3.4963916540145874,2.3088256120681763,1.1875660419464111,0.0,1
xtail/passive_2/329,xtail,passive_2,329,329,Those assaulters weren't ,.,tithed,puttered,Those assaulters weren't tithed.,Those assaulters weren't puttered.,sunbathed,xtail/passive_2/tithe/was,-41.54930806905031,-16.1168110370636,-2.4519543647766113,0.0,8,2,-43.94912911206484,-17.367084980010986,-3.60150146484375,0.0,8,2,2.3998210430145264,1.2502739429473877,1.1495471000671387,0.0,1
xtail/passive_2/330,xtail,passive_2,330,330,All duffers weren't ,.,shooed,quivered,All duffers weren't shooed.,All duffers weren't quivered.,fawned,xtail/passive_2/shoo/was,-39.83268938213587,-10.758753955364227,-4.635132789611816,0.0,9,3,-42.69255439192057,-16.22186040878296,-2.031891345977783,0.0,8,2,2.8598650097846985,5.463106453418732,-2.603241443634033,0.0,1
xtail/passive_2/334,xtail,passive_2,334,334,Some toilers are ,.,espied,scrammed,Some toilers are espied.,Some toilers are scrammed.,luxuriated,xtail/passive_2/espy/was,-35.74824905395508,-13.945042610168457,-3.3667256832122803,0.0,6,2,-38.16822135448456,-17.238106608390808,-2.493633985519409,0.0,7,3,2.41997230052948,3.293063998222351,-0.8730916976928711,0.0,1
xtail/passive_2/335,xtail,passive_2,335,335,Many wordsmiths aren't ,.,wadded,shimmered,Many wordsmiths aren't wadded.,Many wordsmiths aren't shimmered.,gloried,xtail/passive_2/wad/was,-44.47791150212288,-18.645111083984375,-4.23773193359375,0.0,8,2,-43.643877536058426,-18.695173263549805,-3.353635787963867,0.0,9,3,-0.8340339660644531,0.05006217956542969,-0.8840961456298828,0.0,0
xtail/passive_2/337,xtail,passive_2,337,337,This troubleshooter wasn't ,.,redressed,panted,This troubleshooter wasn't redressed.,This troubleshooter wasn't panted.,salivated,xtail/passive_2/redress/was,-40.45027580857277,-15.96748971939087,-2.491692066192627,0.0,8,2,-44.53935042023659,-18.931119918823242,-3.6171364784240723,0.0,8,2,4.089074611663818,2.963630199432373,1.1254444122314453,0.0,1
xtail/passive_2/340,xtail,passive_2,340,340,Some homeopath is ,.,gulled,desisted,Some homeopath is gulled.,Some homeopath is desisted.,eventuated,xtail/passive_2/gull/was,-39.46116518974304,-16.526453018188477,-2.5439751148223877,0.0,6,2,-40.94771647453308,-17.526508331298828,-3.030471086502075,0.0,6,2,1.486551284790039,1.0000553131103516,0.4864959716796875,0.0,1
xtail/passive_2/343,xtail,passive_2,343,343,The materialists aren't ,.,debugged,tingled,The materialists aren't debugged.,The materialists aren't tingled.,wormed,xtail/passive_2/debug/was,-40.8112978041172,-17.596661925315857,-1.963813304901123,0.0,7,2,-44.02022698521614,-19.579763412475586,-3.189640998840332,0.0,7,2,3.208929181098938,1.983101487159729,1.225827693939209,0.0,1
xtail/passive_2/344,xtail,passive_2,344,344,All graziers weren't ,.,garlanded,bantered,All graziers weren't garlanded.,All graziers weren't bantered.,empathized,xtail/passive_2/garland/was,-44.11734691262245,-14.016993135213852,-2.746894359588623,0.0,8,3,-46.634805381298065,-15.619510769844055,-3.661835193634033,0.0,8,3,2.5174584686756134,1.6025176346302032,0.9149408340454102,0.0,1
xtail/passive_2/345,xtail,passive_2,345,345,These goliaths aren't ,.,swaddled,decamped,These goliaths aren't swaddled.,These goliaths aren't decamped.,bustled,xtail/passive_2/swaddle/was,-42.44772771000862,-16.33717519044876,-4.6580328941345215,0.0,9,3,-41.01825496554375,-16.890962600708008,-2.6747727394104004,0.0,8,2,-1.4294727444648743,0.5537874102592468,-1.983260154724121,0.0,0
xtail/passive_2/349,xtail,passive_2,349,349,Booklovers are ,.,reproved,remonstrated,Booklovers are reproved.,Booklovers are remonstrated.,hungered,xtail/passive_2/reprove/was,-38.835444688797,-17.773012161254883,-2.508978843688965,0.0,6,2,-38.60858654975891,-16.49239206314087,-3.5627408027648926,0.0,7,3,-0.22685813903808594,-1.2806200981140137,1.0537619590759277,0.0,0
xtail/passive_2/353,xtail,passive_2,353,353,Some mollycoddle isn't ,.,resupplied,slogged,Some mollycoddle isn't resupplied.,Some mollycoddle isn't slogged.,jigged,xtail/passive_2/resupply/was,-44.223903361707926,-17.10812097787857,-2.6175005435943604,0.0,11,3,-46.56168473139405,-18.515614986419678,-3.54778790473938,0.0,10,2,2.3377813696861267,1.4074940085411072,0.9302873611450195,0.0,1
xtail/passive_2/357,xtail,passive_2,357,357,That laminitis wasn't ,.,edified,toddled,That laminitis wasn't edified.,That laminitis wasn't toddled.,crackled,xtail/passive_2/edify/was,-46.01521188020706,-16.26375150680542,-2.538195848464966,0.0,7,2,-49.6063876748085,-18.63143253326416,-3.761690616607666,0.0,7,2,3.5911757946014404,2.3676810264587402,1.2234947681427002,0.0,1
xtail/passive_2/358,xtail,passive_2,358,358,Embroiderers were ,.,suckled,defecated,Embroiderers were suckled.,Embroiderers were defecated.,gyrated,xtail/passive_2/suckle/was,-34.31643295288086,-13.54232406616211,-4.545375823974609,0.0,7,2,-37.115500688552856,-17.519855737686157,-3.3669118881225586,0.0,8,3,2.799067735671997,3.977531671524048,-1.1784639358520508,0.0,1
xtail/passive_2/362,xtail,passive_2,362,362,All semifinalists weren't ,.,outshone,gaped,All semifinalists weren't outshone.,All semifinalists weren't gaped.,seethed,xtail/passive_2/outshine/was,-39.86694419384003,-12.376284003257751,-2.8311171531677246,0.0,9,3,-41.351425886154175,-14.409436225891113,-2.2824466228485107,0.0,8,2,1.484481692314148,2.033152222633362,-0.5486705303192139,0.0,1
xtail/passive_2/366,xtail,passive_2,366,366,Those provincials weren't ,.,debugged,tingled,Those provincials weren't debugged.,Those provincials weren't tingled.,perspired,xtail/passive_2/debug/was,-37.613214552402496,-15.965647175908089,-2.051537036895752,0.0,8,2,-41.875473603606224,-19.336305141448975,-2.9431381225585938,0.0,8,2,4.262259051203728,3.370657965540886,0.8916010856628418,0.0,1
xtail/passive_2/372,xtail,passive_2,372,372,The armorer was ,.,placated,crackled,The armorer was placated.,The armorer was crackled.,exulted,xtail/passive_2/placate/was,-34.34974890947342,-12.37402468919754,-2.0018961429595947,0.0,7,2,-39.28956699371338,-16.686589241027832,-2.6291496753692627,0.0,7,2,4.93981808423996,4.312564551830292,0.627253532409668,0.0,1
xtail/passive_2/376,xtail,passive_2,376,376,Most codgers were ,.,blasphemed,seethed,Most codgers were blasphemed.,Most codgers were seethed.,flounced,xtail/passive_2/blaspheme/was,-37.64169627428055,-15.319176971912384,-2.4329609870910645,0.0,8,4,-36.28095877356827,-14.414107920601964,-1.977292537689209,0.0,7,3,-1.3607375007122755,-0.90506905131042,-0.45566844940185547,0.0,0
xtail/passive_2/380,xtail,passive_2,380,380,These boasters aren't ,.,incriminated,sulked,These boasters aren't incriminated.,These boasters aren't sulked.,wallowed,xtail/passive_2/incriminate/was,-41.501517951488495,-17.456202745437622,-2.581571340560913,0.0,8,3,-43.16516298055649,-18.992372035980225,-2.7090470790863037,0.0,7,2,1.6636450290679932,1.5361692905426025,0.12747573852539062,0.0,1
xtail/passive_2/384,xtail,passive_2,384,384,Some bookbinders were ,.,crated,lumbered,Some bookbinders were crated.,Some bookbinders were lumbered.,swaggered,xtail/passive_2/crate/was,-37.670303642749786,-14.209080696105957,-3.8646962642669678,0.0,7,2,-38.465009316802025,-13.819917723536491,-5.048564910888672,0.0,7,2,0.7947056740522385,-0.38916297256946564,1.183868646621704,0.0,1
xtail/passive_2/386,xtail,passive_2,386,386,Dyslexics weren't ,.,obviated,teemed,Dyslexics weren't obviated.,Dyslexics weren't teemed.,leered,xtail/passive_2/obviate/was,-42.15659894794226,-15.579095236957073,-2.4445672035217285,0.0,9,3,-44.475980788469315,-16.613661766052246,-3.7293825149536133,0.0,8,2,2.3193818405270576,1.0345665290951729,1.2848153114318848,0.0,1
xtail/passive_2/398,xtail,passive_2,398,398,The venders were ,.,blabbed,lolled,The venders were blabbed.,The venders were lolled.,empathized,xtail/passive_2/blab/was,-38.841015338897705,-18.334322690963745,-3.3337717056274414,0.0,7,3,-35.592119216918945,-13.49355959892273,-4.925638675689697,0.0,6,2,-3.2488961219787598,-4.840763092041016,1.5918669700622559,0.0,0
xtail/passive_2/401,xtail,passive_2,401,401,These woodmen weren't ,.,sundered,eavesdropped,These woodmen weren't sundered.,These woodmen weren't eavesdropped.,zigzagged,xtail/passive_2/sunder/was,-46.24168097227812,-16.173183917999268,-2.477086305618286,0.0,7,2,-48.267744111828506,-17.22783702146262,-3.4484963417053223,0.0,9,4,2.026063139550388,1.0546531034633517,0.9714100360870361,0.0,1
xtail/passive_2/402,xtail,passive_2,402,402,All massagers are ,.,guzzled,commiserated,All massagers are guzzled.,All massagers are commiserated.,kayaked,xtail/passive_2/guzzle/was,-40.462350845336914,-17.4367573261261,-2.935600757598877,0.0,7,3,-38.44533334672451,-16.02798281610012,-2.327357769012451,0.0,7,3,-2.017017498612404,-1.408774510025978,-0.6082429885864258,0.0,0
xtail/passive_2/405,xtail,passive_2,405,405,This caricaturist isn't ,.,blasphemed,seethed,This caricaturist isn't blasphemed.,This caricaturist isn't seethed.,calved,xtail/passive_2/blaspheme/was,-49.328979939222336,-17.568057537078857,-2.206293821334839,0.0,11,4,-49.65027004480362,-17.15119966864586,-2.944441795349121,0.0,10,3,0.32129010558128357,-0.41685786843299866,0.7381479740142822,0.0,1
xtail/passive_2/409,xtail,passive_2,409,409,The croupiers were ,.,obviated,teemed,The croupiers were obviated.,The croupiers were teemed.,picnicked,xtail/passive_2/obviate/was,-35.593186527490616,-15.340325742959976,-2.019352674484253,0.0,8,3,-39.00014066696167,-17.65544319152832,-3.111189365386963,0.0,7,2,3.406954139471054,2.315117448568344,1.09183669090271,0.0,1
xtail/passive_2/411,xtail,passive_2,411,411,All moonlighters aren't ,.,redressed,panted,All moonlighters aren't redressed.,All moonlighters aren't panted.,drooled,xtail/passive_2/redress/was,-44.53720170259476,-17.46210479736328,-2.835994243621826,0.0,8,2,-46.086009323596954,-17.69172954559326,-4.155177116394043,0.0,8,2,1.5488076210021973,0.22962474822998047,1.3191828727722168,0.0,1
xtail/passive_2/412,xtail,passive_2,412,412,All wallahs were ,.,crated,lumbered,All wallahs were crated.,All wallahs were lumbered.,crackled,xtail/passive_2/crate/was,-35.6221037209034,-11.977124214172363,-3.292721748352051,0.0,7,2,-35.97334912605584,-12.014914752915502,-3.6061766147613525,0.0,7,2,0.35124540515244007,0.03779053874313831,0.31345486640930176,0.0,1
xtail/passive_2/414,xtail,passive_2,414,414,Most inquirers weren't ,.,immolated,vacillated,Most inquirers weren't immolated.,Most inquirers weren't vacillated.,eventuated,xtail/passive_2/immolate/was,-44.43459904193878,-17.534303665161133,-2.0796241760253906,0.0,7,2,-46.330116868019104,-19.605373859405518,-1.9040718078613281,0.0,8,3,1.8955178260803223,2.0710701942443848,-0.1755523681640625,0.0,1
xtail/passive_2/415,xtail,passive_2,415,415,Those locksmiths aren't ,.,filched,smoldered,Those locksmiths aren't filched.,Those locksmiths aren't smoldered.,slunk,xtail/passive_2/filch/was,-38.1070546656847,-14.515395402908325,-3.60852313041687,0.0,8,2,-41.132866099476814,-18.761188983917236,-2.3885409832000732,0.0,9,3,3.0258114337921143,4.245793581008911,-1.2199821472167969,0.0,1
xtail/passive_2/420,xtail,passive_2,420,420,A toucher was ,.,walloped,gloated,A toucher was walloped.,A toucher was gloated.,berthed,xtail/passive_2/wallop/was,-41.045371770858765,-16.239543437957764,-2.5262675285339355,0.0,6,2,-42.24822688102722,-15.693278312683105,-4.275387763977051,0.0,6,2,1.202855110168457,-0.5462651252746582,1.7491202354431152,0.0,1
xtail/passive_2/421,xtail,passive_2,421,421,Stagers were ,.,wadded,shimmered,Stagers were wadded.,Stagers were shimmered.,eavesdropped,xtail/passive_2/wad/was,-33.12113308906555,-13.952409267425537,-3.8701083660125732,0.0,5,2,-33.95117473602295,-15.021231651306152,-3.6313276290893555,0.0,6,3,0.8300416469573975,1.0688223838806152,-0.23878073692321777,0.0,1
xtail/passive_2/423,xtail,passive_2,423,423,Some gadabout isn't ,.,gulled,desisted,Some gadabout isn't gulled.,Some gadabout isn't desisted.,crackled,xtail/passive_2/gull/was,-45.900018244981766,-16.44990825653076,-2.8155131340026855,0.0,7,2,-50.066445618867874,-20.215913772583008,-3.215934991836548,0.0,7,2,4.166427373886108,3.766005516052246,0.4004218578338623,0.0,1
xtail/passive_2/424,xtail,passive_2,424,424,Most bettors aren't ,.,tithed,puttered,Most bettors aren't tithed.,Most bettors aren't puttered.,empathized,xtail/passive_2/tithe/was,-40.32417583465576,-17.04774284362793,-2.050426721572876,0.0,8,2,-41.057766914367676,-17.01297092437744,-2.8187897205352783,0.0,8,2,0.7335910797119141,-0.03477191925048828,0.7683629989624023,0.0,1
xtail/passive_2/427,xtail,passive_2,427,427,Those essayists were ,.,ogled,wallowed,Those essayists were ogled.,Those essayists were wallowed.,clacked,xtail/passive_2/ogle/was,-35.3849732875824,-14.525895833969116,-3.8291492462158203,0.0,6,2,-37.19531321525574,-14.852941274642944,-5.312443733215332,0.0,6,2,1.8103399276733398,0.3270454406738281,1.4832944869995117,0.0,1
xtail/passive_2/436,xtail,passive_2,436,436,This gunrunner isn't ,.,disgorged,exulted,This gunrunner isn't disgorged.,This gunrunner isn't exulted.,puttered,xtail/passive_2/disgorge/was,-46.840743362903595,-19.10852074623108,-2.6320855617523193,0.0,8,3,-43.55188924074173,-15.631370067596436,-2.8203821182250977,0.0,8,3,-3.2888541221618652,-3.4771506786346436,0.18829655647277832,0.0,0
xtail/passive_2/437,xtail,passive_2,437,437,A lot of foremothers are ,.,disquieted,goggled,A lot of foremothers are disquieted.,A lot of foremothers are goggled.,groused,xtail/passive_2/disquiet/was,-42.8513917401433,-11.72634443640709,-3.0193867683410645,0.0,10,3,-47.8462034240365,-17.153132438659668,-2.5874104499816895,0.0,10,3,4.994811683893204,5.426788002252579,-0.431976318359375,0.0,1
xtail/passive_2/438,xtail,passive_2,438,438,The clarinetists weren't ,.,ogled,wallowed,The clarinetists weren't ogled.,The clarinetists weren't wallowed.,hungered,xtail/passive_2/ogle/was,-45.02754372358322,-16.78899645805359,-2.578754425048828,0.0,8,2,-48.79817193746567,-18.6396803855896,-4.498698711395264,0.0,8,2,3.7706282138824463,1.8506839275360107,1.9199442863464355,0.0,1
xtail/passive_2/441,xtail,passive_2,441,441,Some dowsing was ,.,shooed,quivered,Some dowsing was shooed.,Some dowsing was quivered.,salivated,xtail/passive_2/shoo/was,-41.952139519155025,-15.653683327138424,-4.8567118644714355,0.0,7,3,-41.35984563827515,-16.763206481933594,-3.1548948287963867,0.0,6,2,-0.592293880879879,1.1095231547951698,-1.7018170356750488,0.0,0
xtail/passive_2/442,xtail,passive_2,442,442,A lot of undersecretaries weren't ,.,ogled,wallowed,A lot of undersecretaries weren't ogled.,A lot of undersecretaries weren't wallowed.,salivated,xtail/passive_2/ogle/was,-52.76222142577171,-16.49370837211609,-2.616204261779785,0.0,10,2,-55.5814388692379,-16.791067123413086,-5.138062953948975,0.0,10,2,2.8192174434661865,0.29735875129699707,2.5218586921691895,0.0,1
xtail/passive_2/445,xtail,passive_2,445,445,The tearjerker isn't ,.,crated,lumbered,The tearjerker isn't crated.,The tearjerker isn't lumbered.,scrammed,xtail/passive_2/crate/was,-40.69991374015808,-15.078863143920898,-2.677983283996582,0.0,8,2,-42.60312062501907,-14.017548620700836,-5.642504692077637,0.0,8,2,1.9032068848609924,-1.0613145232200623,2.9645214080810547,0.0,1
xtail/passive_2/446,xtail,passive_2,446,446,All juntos weren't ,.,hefted,hibernated,All juntos weren't hefted.,All juntos weren't hibernated.,quivered,xtail/passive_2/heft/was,-43.581034392118454,-13.891344785690308,-2.8361823558807373,0.0,9,3,-46.415400388650596,-17.59104088228196,-1.970852255821228,0.0,10,4,2.834365996532142,3.6996960965916514,-0.8653301000595093,0.0,1
xtail/passive_2/448,xtail,passive_2,448,448,Headmasters were ,.,hefted,hibernated,Headmasters were hefted.,Headmasters were hibernated.,debarked,xtail/passive_2/heft/was,-37.33582806587219,-14.610408782958984,-3.782151460647583,0.0,7,3,-37.630497217178345,-16.504810571670532,-2.1824188232421875,0.0,8,4,0.29466915130615234,1.8944017887115479,-1.5997326374053955,0.0,1
xtail/passive_2/450,xtail,passive_2,450,450,Most slayings were ,.,blasphemed,seethed,Most slayings were blasphemed.,Most slayings were seethed.,bantered,xtail/passive_2/blaspheme/was,-39.83074164390564,-19.420580983161926,-3.103261947631836,0.0,9,4,-38.82938349992037,-18.150858409702778,-3.371626377105713,0.0,8,3,-1.0013581439852715,-1.2697225734591484,0.26836442947387695,0.0,0
xtail/passive_2/451,xtail,passive_2,451,451,Every bacteriologist isn't ,.,redressed,panted,Every bacteriologist isn't redressed.,Every bacteriologist isn't panted.,coexisted,xtail/passive_2/redress/was,-48.30368033051491,-19.92591428756714,-2.576695442199707,0.0,7,2,-47.558030515909195,-17.95425033569336,-3.8027095794677734,0.0,7,2,-0.7456498146057129,-1.9716639518737793,1.2260141372680664,0.0,0
xtail/passive_2/454,xtail,passive_2,454,454,These venders aren't ,.,obviated,teemed,These venders aren't obviated.,These venders aren't teemed.,slobbered,xtail/passive_2/obviate/was,-35.427617967128754,-14.093046963214874,-2.604300022125244,0.0,8,3,-40.84580957889557,-18.39041519165039,-3.725123405456543,0.0,7,2,5.418191611766815,4.297368228435516,1.1208233833312988,0.0,1
xtail/passive_2/455,xtail,passive_2,455,455,Pressmen are ,.,lathered,slouched,Pressmen are lathered.,Pressmen are slouched.,salivated,xtail/passive_2/lather/was,-37.116249084472656,-18.14626693725586,-4.240203857421875,0.0,5,2,-32.46716594696045,-13.35639762878418,-4.380990028381348,0.0,5,2,-4.649083137512207,-4.78986930847168,0.14078617095947266,0.0,0
xtail/passive_2/458,xtail,passive_2,458,458,That measurer isn't ,.,mulched,bustled,That measurer isn't mulched.,That measurer isn't bustled.,niggled,xtail/passive_2/mulch/was,-44.160131335258484,-17.04297113418579,-2.159233331680298,0.0,7,2,-45.34132134914398,-17.270881175994873,-3.112513303756714,0.0,7,2,1.181190013885498,0.22791004180908203,0.953279972076416,0.0,1
xtail/passive_2/459,xtail,passive_2,459,459,Most librettists weren't ,.,swaddled,decamped,Most librettists weren't swaddled.,Most librettists weren't decamped.,clattered,xtail/passive_2/swaddle/was,-47.5360575504601,-16.58820565417409,-5.939927101135254,0.0,9,3,-44.43723487854004,-15.63516902923584,-3.7941410541534424,0.0,8,2,-3.098822671920061,-0.9530366249382496,-2.1457860469818115,0.0,0
xtail/passive_2/464,xtail,passive_2,464,464,Most invigilators aren't ,.,shoplifted,eventuated,Most invigilators aren't shoplifted.,Most invigilators aren't eventuated.,puttered,xtail/passive_2/shoplift/was,-43.88127240538597,-17.05735206604004,-2.0958306789398193,0.0,11,4,-49.40938577055931,-22.10546875,-2.5758273601531982,0.0,9,2,5.52811336517334,5.048116683959961,0.4799966812133789,0.0,1
xtail/passive_2/466,xtail,passive_2,466,466,Every ophthalmoplegia is ,.,ogled,wallowed,Every ophthalmoplegia is ogled.,Every ophthalmoplegia is wallowed.,abutted,xtail/passive_2/ogle/was,-47.09107494354248,-22.398133277893066,-2.9022984504699707,0.0,8,2,-48.30559492111206,-22.4591121673584,-4.055839538574219,0.0,8,2,1.21451997756958,0.06097888946533203,1.153541088104248,0.0,1
xtail/passive_2/468,xtail,passive_2,468,468,A lot of picnickers were ,.,swaddled,decamped,A lot of picnickers were swaddled.,A lot of picnickers were decamped.,clammed,xtail/passive_2/swaddle/was,-43.6909991055727,-14.178517539054155,-4.562089920043945,0.0,10,3,-40.38933860883117,-12.805891036987305,-2.6330559253692627,0.0,9,2,-3.3016604967415333,-1.3726265020668507,-1.9290339946746826,0.0,0
xtail/passive_2/470,xtail,passive_2,470,470,All appreciators were ,.,shoplifted,eventuated,All appreciators were shoplifted.,All appreciators were eventuated.,wormed,xtail/passive_2/shoplift/was,-41.17824701964855,-17.2805288285017,-2.2947704792022705,0.0,9,4,-43.02068257331848,-19.088769912719727,-2.328964948654175,0.0,7,2,1.8424355536699295,1.8082410842180252,0.0341944694519043,0.0,1
xtail/passive_2/471,xtail,passive_2,471,471,A lot of impositions weren't ,.,garlanded,bantered,A lot of impositions weren't garlanded.,A lot of impositions weren't bantered.,panted,xtail/passive_2/garland/was,-52.4385831207037,-17.388962268829346,-2.432729959487915,0.0,10,3,-49.33719342947006,-13.060990765690804,-3.6593117713928223,0.0,10,3,-3.101389691233635,-4.327971503138542,1.2265818119049072,0.0,0
xtail/passive_2/472,xtail,passive_2,472,472,Waverers aren't ,.,tithed,puttered,Waverers aren't tithed.,Waverers aren't puttered.,luxuriated,xtail/passive_2/tithe/was,-39.924709498882294,-17.62407350540161,-2.2100412845611572,0.0,6,2,-40.40665763616562,-16.916239738464355,-3.3998231887817383,0.0,6,2,0.4819481372833252,-0.7078337669372559,1.189781904220581,0.0,1
xtail/passive_2/474,xtail,passive_2,474,474,Some mortgagors are ,.,regaled,writhed,Some mortgagors are regaled.,Some mortgagors are writhed.,sunbathed,xtail/passive_2/regale/was,-39.01058176159859,-13.625949144363403,-5.5443596839904785,0.0,7,2,-42.92016938328743,-19.707953453063965,-3.3719429969787598,0.0,7,2,3.9095876216888428,6.0820043087005615,-2.1724166870117188,0.0,1
xtail/passive_2/476,xtail,passive_2,476,476,Every bunko was ,.,gulled,desisted,Every bunko was gulled.,Every bunko was desisted.,picnicked,xtail/passive_2/gull/was,-40.63688373565674,-15.743467330932617,-2.4318482875823975,0.0,6,2,-41.044695138931274,-16.397400856018066,-2.1857261657714844,0.0,6,2,0.40781140327453613,0.6539335250854492,-0.24612212181091309,0.0,1
xtail/passive_2/481,xtail,passive_2,481,481,Pluggers are ,.,doffed,salivated,Pluggers are doffed.,Pluggers are salivated.,slobbered,xtail/passive_2/doff/was,-35.571505069732666,-20.133727073669434,-2.974536895751953,0.0,6,3,-33.03788948059082,-18.182846069335938,-2.3918023109436035,0.0,5,2,-2.5336155891418457,-1.950881004333496,-0.5827345848083496,0.0,0
xtail/passive_2/482,xtail,passive_2,482,482,Those drovers aren't ,.,reproached,whizzed,Those drovers aren't reproached.,Those drovers aren't whizzed.,putrefied,xtail/passive_2/reproach/was,-39.98949085921049,-16.42039442062378,-2.643465518951416,0.0,7,2,-42.939881198108196,-17.272818088531494,-4.741432189941406,0.0,8,3,2.950390338897705,0.8524236679077148,2.0979666709899902,0.0,1
xtail/passive_2/484,xtail,passive_2,484,484,Every canonist was ,.,tithed,puttered,Every canonist was tithed.,Every canonist was puttered.,hungered,xtail/passive_2/tithe/was,-36.95303750038147,-12.44470477104187,-3.445376396179199,0.0,6,2,-43.914494037628174,-19.38474464416504,-3.4667930603027344,0.0,6,2,6.961456537246704,6.940039873123169,0.021416664123535156,0.0,1
xtail/passive_2/486,xtail,passive_2,486,486,This forefather was ,.,guzzled,commiserated,This forefather was guzzled.,This forefather was commiserated.,fizzed,xtail/passive_2/guzzle/was,-35.604565143585205,-14.950888872146606,-4.351261138916016,0.0,7,3,-34.80010661482811,-14.92498430609703,-3.572707176208496,0.0,7,3,-0.8044585287570953,-0.025904566049575806,-0.7785539627075195,0.0,0
xtail/passive_2/493,xtail,passive_2,493,493,Some millwrights were ,.,garlanded,bantered,Some millwrights were garlanded.,Some millwrights were bantered.,hyperventilated,xtail/passive_2/garland/was,-34.164010763168335,-12.172317862510681,-3.2352547645568848,0.0,8,3,-37.60648837685585,-14.283424645662308,-4.566625595092773,0.0,8,3,3.4424776136875153,2.1111067831516266,1.3313708305358887,0.0,1
xtail/passive_2/495,xtail,passive_2,495,495,Some aquanauts weren't ,.,crated,lumbered,Some aquanauts weren't crated.,Some aquanauts weren't lumbered.,kayaked,xtail/passive_2/crate/was,-42.318720020353794,-14.308249473571777,-3.1417031288146973,0.0,9,2,-43.881228886544704,-13.901906296610832,-5.110555171966553,0.0,9,2,1.5625088661909103,-0.40634317696094513,1.9688520431518555,0.0,1
xtail/passive_2/496,xtail,passive_2,496,496,This palooka wasn't ,.,mistrusted,coexisted,This palooka wasn't mistrusted.,This palooka wasn't coexisted.,slogged,xtail/passive_2/mistrust/was,-43.29849794507027,-16.78010755777359,-2.173988103866577,0.0,9,3,-46.37211391329765,-18.14605951309204,-3.8816521167755127,0.0,9,3,3.0736159682273865,1.365951955318451,1.7076640129089355,0.0,1
xtail/passive_2/497,xtail,passive_2,497,497,Most oceanographers weren't ,.,crated,lumbered,Most oceanographers weren't crated.,Most oceanographers weren't lumbered.,wormed,xtail/passive_2/crate/was,-44.74495208263397,-15.99558687210083,-3.3698370456695557,0.0,7,2,-45.7131370306015,-13.835931539535522,-6.497677326202393,0.0,7,2,0.9681849479675293,-2.1596553325653076,3.127840280532837,0.0,1
xtail/passive_2/498,xtail,passive_2,498,498,Most weepers are ,.,clouted,groused,Most weepers are clouted.,Most weepers are groused.,perspired,xtail/passive_2/clout/was,-36.608645647764206,-14.810289591550827,-2.7946763038635254,0.0,8,3,-36.693467140197754,-14.579512596130371,-3.1102747917175293,0.0,7,2,0.08482149243354797,-0.23077699542045593,0.3155984878540039,0.0,1
xtail/passive_2/499,xtail,passive_2,499,499,Most handymen were ,.,edified,toddled,Most handymen were edified.,Most handymen were toddled.,whizzed,xtail/passive_2/edify/was,-39.14660286158323,-16.24533462524414,-3.3912835121154785,0.0,7,2,-44.606722109019756,-18.933876037597656,-6.162861347198486,0.0,7,2,5.460119247436523,2.6885414123535156,2.771577835083008,0.0,1
xtail/passive_2/505,xtail,passive_2,505,505,Those geriatricians aren't ,.,gulled,desisted,Those geriatricians aren't gulled.,Those geriatricians aren't desisted.,hiccupped,xtail/passive_2/gull/was,-41.09845553338528,-16.45739507675171,-3.1961379051208496,0.0,8,2,-42.577513322234154,-18.505802631378174,-2.6267881393432617,0.0,8,2,1.479057788848877,2.048407554626465,-0.5693497657775879,0.0,1
xtail/passive_2/506,xtail,passive_2,506,506,The bounders were ,.,pigeonholed,hitchhiked,The bounders were pigeonholed.,The bounders were hitchhiked.,teemed,xtail/passive_2/pigeonhole/was,-37.67917478457093,-15.052471283823252,-2.12213134765625,0.0,8,4,-41.372014582157135,-16.8372123837471,-4.0302300453186035,0.0,7,3,3.6928397975862026,1.784741099923849,1.9080986976623535,0.0,1
xtail/passive_2/507,xtail,passive_2,507,507,That swashbuckler was ,.,disabused,sidled,That swashbuckler was disabused.,That swashbuckler was sidled.,kayaked,xtail/passive_2/disabuse/was,-33.098446898162365,-12.388546727597713,-4.101914405822754,0.0,9,3,-37.734607964754105,-14.859491348266602,-6.2671308517456055,0.0,8,2,4.63616106659174,2.470944620668888,2.1652164459228516,0.0,1
xtail/passive_2/511,xtail,passive_2,511,511,A consignee isn't ,.,recompensed,leered,A consignee isn't recompensed.,A consignee isn't leered.,empathized,xtail/passive_2/recompense/was,-42.808420062065125,-13.756575584411621,-3.054918050765991,0.0,9,3,-52.36226952075958,-20.445816040039062,-5.919527053833008,0.0,8,2,9.553849458694458,6.689240455627441,2.8646090030670166,0.0,1
xtail/passive_2/512,xtail,passive_2,512,512,That septuagenarian isn't ,.,walloped,gloated,That septuagenarian isn't walloped.,That septuagenarian isn't gloated.,remonstrated,xtail/passive_2/wallop/was,-44.07385213673115,-18.08784770965576,-3.214294910430908,0.0,9,2,-43.483775690197945,-17.8058762550354,-2.9061899185180664,0.0,9,2,-0.5900764465332031,-0.28197145462036133,-0.3081049919128418,0.0,0
xtail/passive_2/513,xtail,passive_2,513,513,Every dyskinesia isn't ,.,disquieted,goggled,Every dyskinesia isn't disquieted.,Every dyskinesia isn't goggled.,jested,xtail/passive_2/disquiet/was,-48.53389246016741,-17.927329063415527,-2.284095287322998,0.0,10,3,-51.2758849337697,-20.349035263061523,-2.604381561279297,0.0,10,3,2.741992473602295,2.421706199645996,0.32028627395629883,0.0,1
xtail/passive_2/515,xtail,passive_2,515,515,Many sightseers weren't ,.,filched,smoldered,Many sightseers weren't filched.,Many sightseers weren't smoldered.,calved,xtail/passive_2/filch/was,-40.99151595495641,-16.88572859764099,-2.2619705200195312,0.0,8,2,-41.734184538945556,-17.771981433033943,-2.1183862686157227,0.0,9,3,0.7426685839891434,0.886252835392952,-0.1435842514038086,0.0,1
xtail/passive_2/520,xtail,passive_2,520,520,The managership wasn't ,.,disquieted,goggled,The managership wasn't disquieted.,The managership wasn't goggled.,fidgeted,xtail/passive_2/disquiet/was,-46.02411290258169,-17.18035586923361,-1.6824817657470703,0.0,8,3,-49.71494176983833,-20.280170112848282,-2.273496389389038,0.0,8,3,3.6908288672566414,3.0998142436146736,0.5910146236419678,0.0,1
xtail/passive_2/521,xtail,passive_2,521,521,A grandpappy was ,.,lathered,slouched,A grandpappy was lathered.,A grandpappy was slouched.,remonstrated,xtail/passive_2/lather/was,-44.63800668716431,-14.165657997131348,-4.407426834106445,0.0,7,2,-44.864158153533936,-12.297834873199463,-6.501401424407959,0.0,7,2,0.2261514663696289,-1.8678231239318848,2.0939745903015137,0.0,1
xtail/passive_2/522,xtail,passive_2,522,522,This neutralism is ,.,tithed,puttered,This neutralism is tithed.,This neutralism is puttered.,slobbered,xtail/passive_2/tithe/was,-40.071356892585754,-16.616842031478882,-3.719264268875122,0.0,6,2,-41.8705974817276,-17.60328197479248,-4.532064914703369,0.0,6,2,1.7992405891418457,0.9864399433135986,0.8128006458282471,0.0,1
xtail/passive_2/523,xtail,passive_2,523,523,Patsies weren't ,.,filched,smoldered,Patsies weren't filched.,Patsies weren't smoldered.,desisted,xtail/passive_2/filch/was,-39.32373586297035,-12.8756844997406,-2.410365581512451,0.0,7,2,-42.906373500823975,-16.506785482168198,-2.3619022369384766,0.0,8,3,3.5826376378536224,3.631100982427597,-0.04846334457397461,0.0,1
xtail/passive_2/525,xtail,passive_2,525,525,Some payees weren't ,.,regaled,writhed,Some payees weren't regaled.,Some payees weren't writhed.,gyrated,xtail/passive_2/regale/was,-42.342354238033295,-13.851672172546387,-3.7314212322235107,0.0,7,2,-48.07279461622238,-19.403599739074707,-3.9099340438842773,0.0,7,2,5.730440378189087,5.55192756652832,0.1785128116607666,0.0,1
xtail/passive_2/527,xtail,passive_2,527,527,The neurotics aren't ,.,blasphemed,seethed,The neurotics aren't blasphemed.,The neurotics aren't seethed.,sidled,xtail/passive_2/blaspheme/was,-46.9491261690855,-19.111646950244904,-2.4876561164855957,0.0,9,4,-44.13664351403713,-15.928792238235474,-2.8580281734466553,0.0,8,3,-2.8124826550483704,-3.18285471200943,0.37037205696105957,0.0,0
xtail/passive_2/529,xtail,passive_2,529,529,All goatherds aren't ,.,lathered,slouched,All goatherds aren't lathered.,All goatherds aren't slouched.,writhed,xtail/passive_2/lather/was,-48.360812678933144,-15.495904922485352,-4.482250213623047,0.0,8,2,-44.8960595279932,-13.694390773773193,-2.8190112113952637,0.0,8,2,-3.4647531509399414,-1.8015141487121582,-1.6632390022277832,0.0,0
xtail/passive_2/530,xtail,passive_2,530,530,Some catechists are ,.,wadded,shimmered,Some catechists are wadded.,Some catechists are shimmered.,hungered,xtail/passive_2/wad/was,-40.86280393600464,-16.779703617095947,-4.616047382354736,0.0,7,2,-40.34083366394043,-17.433395862579346,-3.440384864807129,0.0,8,3,-0.521970272064209,0.6536922454833984,-1.1756625175476074,0.0,0
xtail/passive_2/533,xtail,passive_2,533,533,The anatomists weren't ,.,larded,fizzed,The anatomists weren't larded.,The anatomists weren't fizzed.,desisted,xtail/passive_2/lard/was,-46.643619656562805,-18.243266105651855,-3.9217448234558105,0.0,7,2,-45.102346539497375,-17.951887130737305,-2.6718506813049316,0.0,8,3,-1.5412731170654297,-0.2913789749145508,-1.249894142150879,0.0,0
xtail/passive_2/535,xtail,passive_2,535,535,This malcontent wasn't ,.,suckled,defecated,This malcontent wasn't suckled.,This malcontent wasn't defecated.,leered,xtail/passive_2/suckle/was,-46.60693538188934,-17.30317187309265,-4.810063362121582,0.0,7,2,-46.715321481227875,-18.37151676416397,-3.850104570388794,0.0,8,3,0.1083860993385315,1.0683448910713196,-0.9599587917327881,0.0,1
xtail/passive_2/536,xtail,passive_2,536,536,Some sorceries are ,.,guzzled,commiserated,Some sorceries are guzzled.,Some sorceries are commiserated.,pontificated,xtail/passive_2/guzzle/was,-42.30768597126007,-19.17000436782837,-3.5432944297790527,0.0,8,3,-41.508859157562256,-19.18620765209198,-2.728264331817627,0.0,8,3,-0.7988268136978149,0.01620328426361084,-0.8150300979614258,0.0,0
xtail/passive_2/537,xtail,passive_2,537,537,Those balladeers aren't ,.,daubed,resounded,Those balladeers aren't daubed.,Those balladeers aren't resounded.,vegetated,xtail/passive_2/daub/was,-48.72069525718689,-15.663974285125732,-4.732300281524658,0.0,9,3,-50.38001370429993,-19.270118236541748,-2.7854747772216797,0.0,8,2,1.659318447113037,3.6061439514160156,-1.9468255043029785,0.0,1
xtail/passive_2/538,xtail,passive_2,538,538,Many mixologists are ,.,immolated,vacillated,Many mixologists are immolated.,Many mixologists are vacillated.,drooled,xtail/passive_2/immolate/was,-42.951550245285034,-19.046972274780273,-3.2272701263427734,0.0,6,2,-43.194243639707565,-18.645237892866135,-3.8716979026794434,0.0,7,3,0.24269339442253113,-0.4017343819141388,0.6444277763366699,0.0,1
xtail/passive_2/539,xtail,passive_2,539,539,All soothsayers are ,.,resupplied,slogged,All soothsayers are resupplied.,All soothsayers are slogged.,flounced,xtail/passive_2/resupply/was,-42.39977949857712,-17.994316518306732,-3.2185044288635254,0.0,8,3,-43.45316529273987,-18.24177122116089,-4.024435520172119,0.0,7,2,1.0533857941627502,0.2474547028541565,0.8059310913085938,0.0,1
xtail/passive_2/542,xtail,passive_2,542,542,Most zoologists are ,.,permed,fawned,Most zoologists are permed.,Most zoologists are fawned.,hibernated,xtail/passive_2/perm/was,-37.54075336456299,-18.138181686401367,-1.9663888216018677,0.0,6,2,-39.6526215672493,-16.52669185400009,-5.689746856689453,0.0,7,3,2.11186820268631,-1.6114898324012756,3.7233580350875854,0.0,1
xtail/passive_2/544,xtail,passive_2,544,544,The cattiness is ,.,pigeonholed,hitchhiked,The cattiness is pigeonholed.,The cattiness is hitchhiked.,squawked,xtail/passive_2/pigeonhole/was,-38.58875012397766,-16.398041486740112,-2.407236099243164,0.0,9,4,-43.997258484363556,-20.666540920734406,-3.5472450256347656,0.0,8,3,5.408508360385895,4.268499433994293,1.1400089263916016,0.0,1
xtail/passive_2/545,xtail,passive_2,545,545,Most insurrectionists are ,.,disquieted,goggled,Most insurrectionists are disquieted.,Most insurrectionists are goggled.,pulsated,xtail/passive_2/disquiet/was,-34.11759401112795,-12.08567751199007,-3.2052690982818604,0.0,8,3,-39.47445344924927,-17.48176372051239,-3.1660423278808594,0.0,8,3,5.356859438121319,5.39608620852232,-0.03922677040100098,0.0,1
xtail/passive_2/546,xtail,passive_2,546,546,The organon isn't ,.,blabbed,lolled,The organon isn't blabbed.,The organon isn't lolled.,crackled,xtail/passive_2/blab/was,-46.00846570730209,-17.954040050506592,-2.6176226139068604,0.0,8,3,-46.301160752773285,-17.952024459838867,-2.9123332500457764,0.0,7,2,0.2926950454711914,-0.0020155906677246094,0.294710636138916,0.0,1
xtail/passive_2/550,xtail,passive_2,550,550,Some tipsters were ,.,clouted,groused,Some tipsters were clouted.,Some tipsters were groused.,vacillated,xtail/passive_2/clout/was,-39.16485545784235,-17.259063459932804,-3.7458391189575195,0.0,7,3,-37.160537004470825,-14.403954029083252,-4.596630096435547,0.0,6,2,-2.004318453371525,-2.855109430849552,0.8507909774780273,0.0,0
xtail/passive_2/552,xtail,passive_2,552,552,That cyclopaedia wasn't ,.,debugged,tingled,That cyclopaedia wasn't debugged.,That cyclopaedia wasn't tingled.,droned,xtail/passive_2/debug/was,-45.53247991204262,-14.906463995575905,-2.2347707748413086,0.0,8,2,-49.89297176897526,-18.219953060150146,-3.281773567199707,0.0,8,2,4.36049185693264,3.3134890645742416,1.0470027923583984,0.0,1
xtail/passive_2/554,xtail,passive_2,554,554,Those sharecroppers aren't ,.,hefted,hibernated,Those sharecroppers aren't hefted.,Those sharecroppers aren't hibernated.,hibernated,xtail/passive_2/heft/was,-42.49565678834915,-15.209055423736572,-4.932642936706543,0.0,9,3,-44.23065621778369,-19.509189378470182,-2.3675084114074707,0.0,10,4,1.7349994294345379,4.30013395473361,-2.5651345252990723,0.0,1
xtail/passive_2/558,xtail,passive_2,558,558,That collaborationist is ,.,pigeonholed,hitchhiked,That collaborationist is pigeonholed.,That collaborationist is hitchhiked.,sunbathed,xtail/passive_2/pigeonhole/was,-40.042930364608765,-13.928358793258667,-2.833372116088867,0.0,8,4,-46.802273869514465,-20.27833378314972,-3.2427406311035156,0.0,7,3,6.759343504905701,6.349974989891052,0.40936851501464844,0.0,1
xtail/passive_2/559,xtail,passive_2,559,559,Most huntsmen were ,.,lathered,slouched,Most huntsmen were lathered.,Most huntsmen were slouched.,fizzed,xtail/passive_2/lather/was,-36.34630334377289,-13.6574627161026,-4.556299209594727,0.0,7,2,-37.47491383552551,-12.829299449920654,-6.513072967529297,0.0,7,2,1.1286104917526245,-0.8281632661819458,1.9567737579345703,0.0,1
xtail/passive_2/560,xtail,passive_2,560,560,Every somnambulist is ,.,guzzled,commiserated,Every somnambulist is guzzled.,Every somnambulist is commiserated.,gusted,xtail/passive_2/guzzle/was,-41.76283552497625,-16.52152109146118,-3.952695608139038,0.0,10,3,-37.04920019954443,-13.170522332191467,-2.5900590419769287,0.0,10,3,-4.713635325431824,-3.3509987592697144,-1.3626365661621094,0.0,0
xtail/passive_2/563,xtail,passive_2,563,563,Subversives were ,.,disquieted,goggled,Subversives were disquieted.,Subversives were goggled.,leered,xtail/passive_2/disquiet/was,-31.205082803964615,-11.812502056360245,-2.247452974319458,0.0,7,3,-38.019952178001404,-17.733975291252136,-3.1408491134643555,0.0,7,3,6.814869374036789,5.9214732348918915,0.8933961391448975,0.0,1
xtail/passive_2/565,xtail,passive_2,565,565,Some ableism wasn't ,.,resupplied,slogged,Some ableism wasn't resupplied.,Some ableism wasn't slogged.,panted,xtail/passive_2/resupply/was,-49.49023786187172,-18.931166619062424,-2.6437630653381348,0.0,8,3,-52.326976001262665,-19.574172019958496,-4.837495803833008,0.0,7,2,2.8367381393909454,0.6430054008960724,2.193732738494873,0.0,1
xtail/passive_2/566,xtail,passive_2,566,566,Those conveners are ,.,regaled,writhed,Those conveners are regaled.,Those conveners are writhed.,leered,xtail/passive_2/regale/was,-35.95895862579346,-12.905237674713135,-4.5575361251831055,0.0,6,2,-41.91790008544922,-20.216588020324707,-3.205127239227295,0.0,6,2,5.958941459655762,7.311350345611572,-1.3524088859558105,0.0,1
xtail/passive_2/569,xtail,passive_2,569,569,Every indispensability is ,.,redressed,panted,Every indispensability is redressed.,Every indispensability is panted.,remonstrated,xtail/passive_2/redress/was,-37.83255958557129,-16.61221408843994,-2.493988275527954,0.0,7,2,-38.17206931114197,-16.434365272521973,-3.0113468170166016,0.0,7,2,0.3395097255706787,-0.17784881591796875,0.5173585414886475,0.0,1
xtail/passive_2/571,xtail,passive_2,571,571,Most hoboes are ,.,blabbed,lolled,Most hoboes are blabbed.,Most hoboes are lolled.,exulted,xtail/passive_2/blab/was,-40.705873250961304,-19.677104473114014,-3.168313503265381,0.0,7,3,-37.08701014518738,-14.594566345214844,-4.631988525390625,0.0,6,2,-3.618863105773926,-5.08253812789917,1.4636750221252441,0.0,0
xtail/passive_2/574,xtail,passive_2,574,574,Many incubi were ,.,tithed,puttered,Many incubi were tithed.,Many incubi were puttered.,quacked,xtail/passive_2/tithe/was,-38.7704176902771,-14.403780221939087,-3.3502280712127686,0.0,6,2,-40.73884582519531,-15.538374423980713,-4.1840620040893555,0.0,6,2,1.968428134918213,1.134594202041626,0.8338339328765869,0.0,1
xtail/passive_2/576,xtail,passive_2,576,576,A lot of theatregoers are ,.,reproved,remonstrated,A lot of theatregoers are reproved.,A lot of theatregoers are remonstrated.,ossified,xtail/passive_2/reprove/was,-48.45716535393149,-19.528663635253906,-3.9807777404785156,0.0,10,2,-46.77819692436606,-17.434678077697754,-4.395794868469238,0.0,11,3,-1.6789684295654297,-2.0939855575561523,0.41501712799072266,0.0,0
xtail/passive_2/578,xtail,passive_2,578,578,That speedskater wasn't ,.,clouted,groused,That speedskater wasn't clouted.,That speedskater wasn't groused.,fidgeted,xtail/passive_2/clout/was,-46.2923388928175,-14.788922920823097,-2.1510977745056152,0.0,9,3,-50.18026676774025,-18.463330268859863,-2.3646183013916016,0.0,8,2,3.8879278749227524,3.674407348036766,0.21352052688598633,0.0,1
xtail/passive_2/579,xtail,passive_2,579,579,The hammerlock isn't ,.,prised,jutted,The hammerlock isn't prised.,The hammerlock isn't jutted.,debarked,xtail/passive_2/prise/was,-43.2473553866148,-16.518190383911133,-2.9518871307373047,0.0,7,2,-42.36319951713085,-15.775865912437439,-2.810055732727051,0.0,8,3,-0.8841558694839478,-0.7423244714736938,-0.1418313980102539,0.0,0
xtail/passive_2/584,xtail,passive_2,584,584,A lot of nihilists were ,.,edified,toddled,A lot of nihilists were edified.,A lot of nihilists were toddled.,lumbered,xtail/passive_2/edify/was,-43.38212765753269,-14.252429246902466,-3.414780855178833,0.0,10,2,-51.659173384308815,-19.40902280807495,-6.535233020782471,0.0,10,2,8.277045726776123,5.156593561172485,3.1204521656036377,0.0,1
xtail/passive_2/586,xtail,passive_2,586,586,A lot of slingers aren't ,.,extirpated,vegetated,A lot of slingers aren't extirpated.,A lot of slingers aren't vegetated.,scooted,xtail/passive_2/extirpate/was,-48.59286607336253,-19.434358055703342,-2.047046661376953,0.0,12,4,-49.17482014000416,-20.437641143798828,-1.6257176399230957,0.0,10,2,0.5819540666416287,1.0032830880954862,-0.4213290214538574,0.0,1
xtail/passive_2/587,xtail,passive_2,587,587,The gourmand wasn't ,.,clouted,groused,The gourmand wasn't clouted.,The gourmand wasn't groused.,slumbered,xtail/passive_2/clout/was,-43.120316967368126,-17.031506225466728,-1.7663688659667969,0.0,8,3,-43.62249833345413,-17.083168506622314,-2.216887950897217,0.0,7,2,0.5021813660860062,0.05166228115558624,0.4505190849304199,0.0,1
xtail/passive_2/589,xtail,passive_2,589,589,This diverticulum was ,.,disabused,sidled,This diverticulum was disabused.,This diverticulum was sidled.,sleepwalked,xtail/passive_2/disabuse/was,-38.510392889380455,-16.96537771821022,-3.6138415336608887,0.0,8,3,-42.765160873532295,-19.91317844390869,-4.920808792114258,0.0,7,2,4.25476798415184,2.947800725698471,1.3069672584533691,0.0,1
xtail/passive_2/590,xtail,passive_2,590,590,A hearer isn't ,.,pigeonholed,hitchhiked,A hearer isn't pigeonholed.,A hearer isn't hitchhiked.,bantered,xtail/passive_2/pigeonhole/was,-38.21279485523701,-13.119417324662209,-2.338442802429199,0.0,9,4,-44.46702888607979,-19.231651157140732,-2.480443000793457,0.0,8,3,6.254234030842781,6.112233832478523,0.1420001983642578,0.0,1
xtail/passive_2/593,xtail,passive_2,593,593,The vanguards weren't ,.,suckled,defecated,The vanguards weren't suckled.,The vanguards weren't defecated.,salivated,xtail/passive_2/suckle/was,-43.38795009255409,-15.650362968444824,-4.078946590423584,0.0,8,2,-43.126806408166885,-16.55460238456726,-2.9135634899139404,0.0,9,3,-0.26114368438720703,0.9042394161224365,-1.1653831005096436,0.0,0
xtail/passive_2/595,xtail,passive_2,595,595,This cosmetologist wasn't ,.,debugged,tingled,This cosmetologist wasn't debugged.,This cosmetologist wasn't tingled.,exulted,xtail/passive_2/debug/was,-50.93449619412422,-20.76351296901703,-1.8353420495986938,0.0,8,2,-51.457818537950516,-20.479607582092285,-2.6425697803497314,0.0,8,2,0.523322343826294,-0.28390538692474365,0.8072277307510376,0.0,1
xtail/passive_2/596,xtail,passive_2,596,596,Most barmen were ,.,espied,scrammed,Most barmen were espied.,Most barmen were scrammed.,sidled,xtail/passive_2/espy/was,-38.08878469467163,-13.69097638130188,-3.9701342582702637,0.0,7,2,-39.27942752838135,-16.62574315071106,-2.226010322570801,0.0,8,3,1.1906428337097168,2.9347667694091797,-1.744123935699463,0.0,1
xtail/passive_2/598,xtail,passive_2,598,598,That manslayer was ,.,debugged,tingled,That manslayer was debugged.,That manslayer was tingled.,slouched,xtail/passive_2/debug/was,-43.61438176035881,-15.693629950284958,-2.578495979309082,0.0,6,2,-44.73719024658203,-16.47824478149414,-2.91668963432312,0.0,6,2,1.1228084862232208,0.7846148312091827,0.3381936550140381,0.0,1
xtail/passive_2/601,xtail,passive_2,601,601,A lot of ornithologists weren't ,.,placated,crackled,A lot of ornithologists weren't placated.,A lot of ornithologists weren't crackled.,fawned,xtail/passive_2/placate/was,-43.42726516723633,-11.8768789768219,-1.891493558883667,0.0,10,2,-51.90720987319946,-19.68328094482422,-2.5650362968444824,0.0,10,2,8.479944705963135,7.806401968002319,0.6735427379608154,0.0,1
xtail/passive_2/605,xtail,passive_2,605,605,A lot of acquirements aren't ,.,recompensed,leered,A lot of acquirements aren't recompensed.,A lot of acquirements aren't leered.,resounded,xtail/passive_2/recompense/was,-45.82274015247822,-12.090573966503143,-2.2339653968811035,0.0,10,3,-53.05877484381199,-18.150005340576172,-3.4105687141418457,0.0,9,2,7.236034691333771,6.059431374073029,1.1766033172607422,0.0,1
xtail/passive_2/607,xtail,passive_2,607,607,The lefthander wasn't ,.,prised,jutted,The lefthander wasn't prised.,The lefthander wasn't jutted.,resounded,xtail/passive_2/prise/was,-44.72680676728487,-18.419071674346924,-3.840386390686035,0.0,9,2,-42.93983519822359,-17.31028699874878,-3.1621994972229004,0.0,10,3,-1.7869715690612793,-1.1087846755981445,-0.6781868934631348,0.0,0
xtail/passive_2/611,xtail,passive_2,611,611,These conferees are ,.,swaddled,decamped,These conferees are swaddled.,These conferees are decamped.,clacked,xtail/passive_2/swaddle/was,-41.26179430633783,-17.625656940042973,-5.014842987060547,0.0,8,3,-40.25524938106537,-18.5795578956604,-3.0543971061706543,0.0,7,2,-1.0065449252724648,0.9539009556174278,-1.9604458808898926,0.0,0
xtail/passive_2/614,xtail,passive_2,614,614,Many humorists were ,.,shoplifted,eventuated,Many humorists were shoplifted.,Many humorists were eventuated.,jested,xtail/passive_2/shoplift/was,-38.243925988674164,-17.504630625247955,-2.7751212120056152,0.0,8,4,-39.3318008184433,-18.613449096679688,-2.7541775703430176,0.0,6,2,1.0878748297691345,1.1088184714317322,-0.020943641662597656,0.0,1
xtail/passive_2/616,xtail,passive_2,616,616,A lot of persuaders were ,.,tithed,puttered,A lot of persuaders were tithed.,A lot of persuaders were puttered.,goggled,xtail/passive_2/tithe/was,-45.797924771904945,-15.623111009597778,-3.098813056945801,0.0,8,2,-47.41809703409672,-15.679239273071289,-4.6628570556640625,0.0,8,2,1.6201722621917725,0.05612826347351074,1.5640439987182617,0.0,1
xtail/passive_2/617,xtail,passive_2,617,617,Many dacoits weren't ,.,clouted,groused,Many dacoits weren't clouted.,Many dacoits weren't groused.,clacked,xtail/passive_2/clout/was,-46.551477171480656,-16.29320550709963,-2.4474596977233887,0.0,9,3,-49.226441115140915,-17.89875030517578,-3.516878843307495,0.0,8,2,2.6749639436602592,1.6055447980761528,1.0694191455841064,0.0,1
xtail/passive_2/618,xtail,passive_2,618,618,A lot of mushers weren't ,.,reproached,whizzed,A lot of mushers weren't reproached.,A lot of mushers weren't whizzed.,bantered,xtail/passive_2/reproach/was,-51.16556413471699,-16.883026838302612,-3.0057921409606934,0.0,9,2,-51.0175805836916,-16.017531633377075,-3.72330379486084,0.0,10,3,-0.14798355102539062,-0.8654952049255371,0.7175116539001465,0.0,0
xtail/passive_2/620,xtail,passive_2,620,620,Every plodder is ,.,hefted,hibernated,Every plodder is hefted.,Every plodder is hibernated.,protruded,xtail/passive_2/heft/was,-39.05480229854584,-14.446648240089417,-4.133286952972412,0.0,8,3,-38.87754344381392,-15.87401413358748,-2.5286622047424316,0.0,9,4,-0.17725885473191738,1.427365893498063,-1.6046247482299805,0.0,0
xtail/passive_2/622,xtail,passive_2,622,622,Some graziers weren't ,.,mulched,bustled,Some graziers weren't mulched.,Some graziers weren't bustled.,whizzed,xtail/passive_2/mulch/was,-41.608660131692886,-16.009376525878906,-2.5153470039367676,0.0,7,2,-39.91826120018959,-13.07102656364441,-3.7632980346679688,0.0,7,2,-1.690398931503296,-2.938349962234497,1.2479510307312012,0.0,0
xtail/passive_2/626,xtail,passive_2,626,626,The straightforwardness is ,.,guzzled,commiserated,The straightforwardness is guzzled.,The straightforwardness is commiserated.,bantered,xtail/passive_2/guzzle/was,-40.806302547454834,-18.90128803253174,-2.632136344909668,0.0,7,3,-38.83604097366333,-17.88356041908264,-1.6796023845672607,0.0,7,3,-1.970261573791504,-1.0177276134490967,-0.9525339603424072,0.0,0
xtail/passive_2/632,xtail,passive_2,632,632,Some isomorphisms weren't ,.,shoplifted,eventuated,Some isomorphisms weren't shoplifted.,Some isomorphisms weren't eventuated.,sunbathed,xtail/passive_2/shoplift/was,-48.505642995238304,-17.423904165625572,-2.6739919185638428,0.0,9,4,-48.37589943408966,-17.432620525360107,-2.535531997680664,0.0,7,2,-0.1297435611486435,0.008716359734535217,-0.1384599208831787,0.0,0
xtail/passive_2/636,xtail,passive_2,636,636,A lot of homebodies aren't ,.,reproved,remonstrated,A lot of homebodies aren't reproved.,A lot of homebodies aren't remonstrated.,clammed,xtail/passive_2/reprove/was,-50.29442868381739,-19.451096534729004,-2.469299793243408,0.0,10,2,-50.58500484377146,-19.032877147197723,-3.1780953407287598,0.0,11,3,0.29057615995407104,-0.4182193875312805,0.7087955474853516,0.0,1
xtail/passive_2/637,xtail,passive_2,637,637,Many marquises are ,.,reproached,whizzed,Many marquises are reproached.,Many marquises are whizzed.,slobbered,xtail/passive_2/reproach/was,-34.76332466304302,-11.698272988200188,-4.477174282073975,0.0,7,2,-39.81639921665192,-15.827999114990234,-5.400522708892822,0.0,8,3,5.053074553608894,4.129726126790047,0.9233484268188477,0.0,1
xtail/passive_2/638,xtail,passive_2,638,638,This theoretician isn't ,.,wagged,basked,This theoretician isn't wagged.,This theoretician isn't basked.,flounced,xtail/passive_2/wag/was,-50.612383514642715,-16.627670288085938,-5.7633056640625,0.0,8,2,-52.24605670571327,-19.486374855041504,-4.53827428817749,0.0,8,2,1.6336731910705566,2.8587045669555664,-1.2250313758850098,0.0,1
xtail/passive_2/642,xtail,passive_2,642,642,Every gamedev wasn't ,.,placated,crackled,Every gamedev wasn't placated.,Every gamedev wasn't crackled.,hibernated,xtail/passive_2/placate/was,-44.17931467294693,-13.74616402387619,-1.8556221723556519,0.0,8,2,-50.16434645652771,-18.90036964416504,-2.686448335647583,0.0,8,2,5.98503178358078,5.154205620288849,0.8308261632919312,0.0,1
xtail/passive_2/646,xtail,passive_2,646,646,Many teetotalers are ,.,blabbed,lolled,Many teetotalers are blabbed.,Many teetotalers are lolled.,intermarried,xtail/passive_2/blab/was,-42.3578529804945,-22.558589935302734,-3.688244581222534,0.0,9,3,-34.41972641646862,-14.614555597305298,-3.694152355194092,0.0,8,2,-7.938126564025879,-7.9440343379974365,0.005907773971557617,0.0,0
xtail/passive_2/647,xtail,passive_2,647,647,Some telegrapher wasn't ,.,garlanded,bantered,Some telegrapher wasn't garlanded.,Some telegrapher wasn't bantered.,squawked,xtail/passive_2/garland/was,-45.31998409330845,-17.18833303451538,-2.6888418197631836,0.0,10,3,-44.935856238007545,-15.931591749191284,-3.561455249786377,0.0,10,3,-0.3841278553009033,-1.2567412853240967,0.8726134300231934,0.0,0
xtail/passive_2/648,xtail,passive_2,648,648,A disproof wasn't ,.,gulled,desisted,A disproof wasn't gulled.,A disproof wasn't desisted.,clattered,xtail/passive_2/gull/was,-45.011545956134796,-17.75502300262451,-1.531867504119873,0.0,7,2,-43.29966467618942,-15.833785772323608,-1.7412234544754028,0.0,7,2,-1.7118812799453735,-1.9212372303009033,0.20935595035552979,0.0,0
xtail/passive_2/655,xtail,passive_2,655,655,Most waifus aren't ,.,placated,crackled,Most waifus aren't placated.,Most waifus aren't crackled.,empathized,xtail/passive_2/placate/was,-39.302672266960144,-12.285261869430542,-2.4838852882385254,0.0,8,2,-44.416804909706116,-16.68281841278076,-3.2004613876342773,0.0,8,2,5.114132642745972,4.39755654335022,0.716576099395752,0.0,1
xtail/passive_2/656,xtail,passive_2,656,656,A differentiator was ,.,disquieted,goggled,A differentiator was disquieted.,A differentiator was goggled.,goggled,xtail/passive_2/disquiet/was,-39.18845748901367,-16.30573582649231,-2.317955732345581,0.0,7,3,-41.76977324485779,-18.53697943687439,-2.668027877807617,0.0,7,3,2.581315755844116,2.23124361038208,0.35007214546203613,0.0,1
xtail/passive_2/662,xtail,passive_2,662,662,Many twirlers aren't ,.,redressed,panted,Many twirlers aren't redressed.,Many twirlers aren't panted.,lumbered,xtail/passive_2/redress/was,-44.463946878910065,-17.345138549804688,-2.155276298522949,0.0,8,2,-44.8646896481514,-16.23298215866089,-3.668175458908081,0.0,8,2,0.400742769241333,-1.1121563911437988,1.5128991603851318,0.0,1
xtail/passive_2/663,xtail,passive_2,663,663,Termers weren't ,.,gulled,desisted,Termers weren't gulled.,Termers weren't desisted.,sidled,xtail/passive_2/gull/was,-37.039404064416885,-14.091492652893066,-1.951979398727417,0.0,6,2,-41.773914247751236,-18.573620319366455,-2.204361915588379,0.0,6,2,4.734510183334351,4.482127666473389,0.2523825168609619,0.0,1
xtail/passive_2/664,xtail,passive_2,664,664,All manikins are ,.,obviated,teemed,All manikins are obviated.,All manikins are teemed.,fidgeted,xtail/passive_2/obviate/was,-37.026624754071236,-14.839828833937645,-1.867712378501892,0.0,8,3,-40.752975791692734,-16.90840435028076,-3.5254878997802734,0.0,7,2,3.726351037621498,2.0685755163431168,1.6577755212783813,0.0,1
xtail/passive_2/665,xtail,passive_2,665,665,An authenticator wasn't ,.,wadded,shimmered,An authenticator wasn't wadded.,An authenticator wasn't shimmered.,flounced,xtail/passive_2/wad/was,-43.86161643266678,-17.434680938720703,-3.6119542121887207,0.0,7,2,-42.528463661670685,-17.318005323410034,-2.395477056503296,0.0,8,3,-1.3331527709960938,-0.11667561531066895,-1.2164771556854248,0.0,0
xtail/passive_2/668,xtail,passive_2,668,668,These wordsmiths aren't ,.,extirpated,vegetated,These wordsmiths aren't extirpated.,These wordsmiths aren't vegetated.,smoldered,xtail/passive_2/extirpate/was,-41.626853599213064,-16.893947913311422,-1.801055908203125,0.0,10,4,-44.01303654909134,-18.91961908340454,-2.1615676879882812,0.0,8,2,2.3861829498782754,2.025671170093119,0.36051177978515625,0.0,1
xtail/passive_2/670,xtail,passive_2,670,670,Many fiduciaries were ,.,mulched,bustled,Many fiduciaries were mulched.,Many fiduciaries were bustled.,slogged,xtail/passive_2/mulch/was,-37.84551885724068,-16.84905481338501,-2.576993703842163,0.0,7,2,-37.13053444027901,-14.256609201431274,-4.4544548988342285,0.0,7,2,-0.7149844169616699,-2.5924456119537354,1.8774611949920654,0.0,0
xtail/passive_2/672,xtail,passive_2,672,672,A lot of honchos were ,.,regaled,writhed,A lot of honchos were regaled.,A lot of honchos were writhed.,luxuriated,xtail/passive_2/regale/was,-41.432216450572014,-12.31096962094307,-5.084593296051025,0.0,8,2,-45.27134229242802,-18.53651714324951,-2.698171615600586,0.0,8,2,3.839125841856003,6.225547522306442,-2.3864216804504395,0.0,1
xtail/passive_2/673,xtail,passive_2,673,673,This pantaloon was ,.,prised,jutted,This pantaloon was prised.,This pantaloon was jutted.,billeted,xtail/passive_2/prise/was,-37.4280521273613,-13.437207221984863,-6.4595947265625,0.0,7,2,-38.25308483839035,-15.703607082366943,-5.018227577209473,0.0,8,3,0.8250327110290527,2.26639986038208,-1.4413671493530273,0.0,1
xtail/passive_2/674,xtail,passive_2,674,674,These luddites were ,.,swaddled,decamped,These luddites were swaddled.,These luddites were decamped.,gloried,xtail/passive_2/swaddle/was,-42.19872955977917,-13.939951226115227,-6.121581554412842,0.0,8,3,-39.27295660972595,-14.212611675262451,-2.9231481552124023,0.0,7,2,-2.925772950053215,0.2726604491472244,-3.1984333992004395,0.0,0
xtail/passive_2/677,xtail,passive_2,677,677,Every titter wasn't ,.,stoppered,quacked,Every titter wasn't stoppered.,Every titter wasn't quacked.,perspired,xtail/passive_2/stopper/was,-42.9008694589138,-15.015601634979248,-2.0375728607177734,0.0,7,2,-43.01067337393761,-15.408548831939697,-1.754429578781128,0.0,7,2,0.10980391502380371,0.3929471969604492,-0.2831432819366455,0.0,1
xtail/passive_2/680,xtail,passive_2,680,680,A lot of tacklers weren't ,.,rearmed,tottered,A lot of tacklers weren't rearmed.,A lot of tacklers weren't tottered.,gloried,xtail/passive_2/rearm/was,-46.926013723015785,-15.977836608886719,-1.8577594757080078,0.0,9,2,-53.4476702362299,-20.976767539978027,-3.3804850578308105,0.0,9,2,6.521656513214111,4.998930931091309,1.5227255821228027,0.0,1
xtail/passive_2/684,xtail,passive_2,684,684,Icus weren't ,.,ogled,wallowed,Icus weren't ogled.,Icus weren't wallowed.,ruminated,xtail/passive_2/ogle/was,-40.98432032763958,-15.327487707138062,-2.2852020263671875,0.0,6,2,-45.093181535601616,-17.550251007080078,-4.171299934387207,0.0,6,2,4.108861207962036,2.2227632999420166,1.8860979080200195,0.0,1
xtail/passive_2/687,xtail,passive_2,687,687,A kludge was ,.,wadded,shimmered,A kludge was wadded.,A kludge was shimmered.,slouched,xtail/passive_2/wad/was,-36.60185933113098,-12.71266770362854,-3.8586058616638184,0.0,6,2,-38.22790002822876,-15.018879175186157,-3.1784350872039795,0.0,7,3,1.6260406970977783,2.306211471557617,-0.6801707744598389,0.0,1
xtail/passive_2/688,xtail,passive_2,688,688,This murse wasn't ,.,pigeonholed,hitchhiked,This murse wasn't pigeonholed.,This murse wasn't hitchhiked.,molted,xtail/passive_2/pigeonhole/was,-44.949774503707886,-15.697341173887253,-1.8631359338760376,0.0,9,4,-47.09134665131569,-17.848092913627625,-1.8539563417434692,0.0,8,3,2.1415721476078033,2.1507517397403717,-0.00917959213256836,0.0,1
xtail/passive_2/689,xtail,passive_2,689,689,Most slowpokes were ,.,larded,fizzed,Most slowpokes were larded.,Most slowpokes were fizzed.,tottered,xtail/passive_2/lard/was,-41.18276238441467,-13.715747833251953,-5.431654930114746,0.0,7,2,-41.676955223083496,-16.73068928718567,-2.9109063148498535,0.0,8,3,0.49419283866882324,3.014941453933716,-2.5207486152648926,0.0,1
xtail/passive_2/693,xtail,passive_2,693,693,Those generalists weren't ,.,edified,toddled,Those generalists weren't edified.,Those generalists weren't toddled.,putrefied,xtail/passive_2/edify/was,-39.52500879764557,-13.89467191696167,-2.2327451705932617,0.0,7,2,-47.91013062000275,-19.092808723449707,-5.419730186462402,0.0,7,2,8.385121822357178,5.198136806488037,3.1869850158691406,0.0,1
xtail/passive_2/704,xtail,passive_2,704,704,Some infielders are ,.,wadded,shimmered,Some infielders are wadded.,Some infielders are shimmered.,quivered,xtail/passive_2/wad/was,-37.52822768688202,-14.767521858215332,-4.857440948486328,0.0,7,2,-37.34521400928497,-16.181936264038086,-3.2600128650665283,0.0,8,3,-0.1830136775970459,1.414414405822754,-1.5974280834197998,0.0,0
xtail/passive_2/708,xtail,passive_2,708,708,Some knucklehead was ,.,permed,fawned,Some knucklehead was permed.,Some knucklehead was fawned.,quivered,xtail/passive_2/perm/was,-37.810001373291016,-14.895381450653076,-2.4258129596710205,0.0,7,2,-39.65692953765392,-12.947188183665276,-6.2209343910217285,0.0,8,3,1.8469281643629074,-1.9481932669878006,3.795121431350708,0.0,1
xtail/passive_2/709,xtail,passive_2,709,709,Some chapmans were ,.,resupplied,slogged,Some chapmans were resupplied.,Some chapmans were slogged.,jested,xtail/passive_2/resupply/was,-44.73640584945679,-15.395516157150269,-3.0415570735931396,0.0,7,3,-46.03669238090515,-16.340704679489136,-3.3966550827026367,0.0,6,2,1.3002865314483643,0.9451885223388672,0.35509800910949707,0.0,1
xtail/passive_2/713,xtail,passive_2,713,713,A superficiality isn't ,.,wagged,basked,A superficiality isn't wagged.,A superficiality isn't basked.,pulsated,xtail/passive_2/wag/was,-51.402029514312744,-18.71208953857422,-3.0729970932006836,0.0,7,2,-52.474538803100586,-18.66671085357666,-4.190885066986084,0.0,7,2,1.0725092887878418,-0.045378684997558594,1.1178879737854004,0.0,1
xtail/passive_2/716,xtail,passive_2,716,716,Some speedup isn't ,.,guzzled,commiserated,Some speedup isn't guzzled.,Some speedup isn't commiserated.,berthed,xtail/passive_2/guzzle/was,-42.80637377500534,-18.693443179130554,-2.8078701496124268,0.0,8,3,-43.984711706638336,-20.698295950889587,-1.9813553094863892,0.0,8,3,1.1783379316329956,2.004852771759033,-0.8265148401260376,0.0,1
xtail/passive_2/719,xtail,passive_2,719,719,A lot of freebooters were ,.,swaddled,decamped,A lot of freebooters were swaddled.,A lot of freebooters were decamped.,sunbathed,xtail/passive_2/swaddle/was,-49.58341719955206,-15.891340114176273,-4.919540882110596,0.0,10,3,-43.45130793750286,-11.127754211425781,-3.5510175228118896,0.0,9,2,-6.132109262049198,-4.763585902750492,-1.368523359298706,0.0,0
xtail/passive_2/723,xtail,passive_2,723,723,Some whisperers were ,.,redressed,panted,Some whisperers were redressed.,Some whisperers were panted.,salivated,xtail/passive_2/redress/was,-38.583092629909515,-15.1565523147583,-2.4919209480285645,0.0,7,2,-39.94194310903549,-15.051712036132812,-3.9556117057800293,0.0,7,2,1.3588504791259766,-0.10484027862548828,1.4636907577514648,0.0,1
xtail/passive_2/728,xtail,passive_2,728,728,Some trachoma isn't ,.,sundered,eavesdropped,Some trachoma isn't sundered.,Some trachoma isn't eavesdropped.,gyrated,xtail/passive_2/sunder/was,-50.4128515124321,-21.29032611846924,-2.6124682426452637,0.0,8,2,-49.46007917821407,-19.690902516245842,-3.2591195106506348,0.0,10,4,-0.9527723342180252,-1.5994236022233963,0.6466512680053711,0.0,0
xtail/passive_2/729,xtail,passive_2,729,729,That gyne isn't ,.,suckled,defecated,That gyne isn't suckled.,That gyne isn't defecated.,eavesdropped,xtail/passive_2/suckle/was,-41.00808908045292,-15.15619421005249,-3.346043109893799,0.0,7,2,-39.85076053440571,-14.41533237695694,-2.9295763969421387,0.0,8,3,-1.1573285460472107,-0.7408618330955505,-0.41646671295166016,0.0,0
xtail/passive_2/730,xtail,passive_2,730,730,Most payees were ,.,reproved,remonstrated,Most payees were reproved.,Most payees were remonstrated.,clattered,xtail/passive_2/reprove/was,-37.05164337158203,-16.217939376831055,-2.567981481552124,0.0,6,2,-38.28598165512085,-16.57050108909607,-3.4497580528259277,0.0,7,3,1.2343382835388184,0.35256171226501465,0.8817765712738037,0.0,1
xtail/passive_2/741,xtail,passive_2,741,741,Those iconoclasts weren't ,.,blabbed,lolled,Those iconoclasts weren't blabbed.,Those iconoclasts weren't lolled.,jigged,xtail/passive_2/blab/was,-45.363528192043304,-17.319737434387207,-2.9906105995178223,0.0,9,3,-46.26115983724594,-17.493492603302002,-3.714487075805664,0.0,8,2,0.8976316452026367,0.17375516891479492,0.7238764762878418,0.0,1
xtail/passive_2/742,xtail,passive_2,742,742,These rooters aren't ,.,crated,lumbered,These rooters aren't crated.,These rooters aren't lumbered.,niggled,xtail/passive_2/crate/was,-41.66700130701065,-14.688794136047363,-3.316746473312378,0.0,7,2,-42.847435891628265,-14.14656126499176,-5.039413928985596,0.0,7,2,1.1804345846176147,-0.542232871055603,1.7226674556732178,0.0,1
xtail/passive_2/744,xtail,passive_2,744,744,Most plebes aren't ,.,permed,fawned,Most plebes aren't permed.,Most plebes aren't fawned.,hibernated,xtail/passive_2/perm/was,-38.456410467624664,-15.800016403198242,-1.9225618839263916,0.0,7,2,-40.89990535378456,-13.645728915929794,-6.520344257354736,0.0,8,3,2.443494886159897,-2.154287487268448,4.597782373428345,0.0,1
xtail/passive_2/749,xtail,passive_2,749,749,Bunglers aren't ,.,hefted,hibernated,Bunglers aren't hefted.,Bunglers aren't hibernated.,hyperventilated,xtail/passive_2/heft/was,-40.407770454883575,-16.325666427612305,-3.5616965293884277,0.0,8,3,-39.24321747664362,-16.494240471161902,-2.228569507598877,0.0,9,4,-1.1645529782399535,0.16857404354959726,-1.3331270217895508,0.0,0
xtail/passive_2/750,xtail,passive_2,750,750,Those beadles were ,.,redressed,panted,Those beadles were redressed.,Those beadles were panted.,desisted,xtail/passive_2/redress/was,-40.957305669784546,-15.70954704284668,-3.568401575088501,0.0,6,2,-41.44985294342041,-16.187045097351074,-3.5834507942199707,0.0,6,2,0.49254727363586426,0.47749805450439453,0.015049219131469727,0.0,1
xtail/passive_2/752,xtail,passive_2,752,752,The boatbuilders were ,.,mistrusted,coexisted,The boatbuilders were mistrusted.,The boatbuilders were coexisted.,burgeoned,xtail/passive_2/mistrust/was,-39.38213111180812,-15.784397810697556,-2.2540283203125,0.0,8,3,-43.051112932153046,-18.14133334159851,-3.5660746097564697,0.0,8,3,3.668981820344925,2.356935530900955,1.3120462894439697,0.0,1
xtail/passive_2/753,xtail,passive_2,753,753,The embroiderers were ,.,guzzled,commiserated,The embroiderers were guzzled.,The embroiderers were commiserated.,berthed,xtail/passive_2/guzzle/was,-40.59042739868164,-17.82842183113098,-3.2918519973754883,0.0,8,3,-34.505916595458984,-13.344826817512512,-1.6909362077713013,0.0,8,3,-6.084510803222656,-4.483595013618469,-1.600915789604187,0.0,0
xtail/passive_2/757,xtail,passive_2,757,757,The deliveryman wasn't ,.,lugged,drooled,The deliveryman wasn't lugged.,The deliveryman wasn't drooled.,slogged,xtail/passive_2/lug/was,-41.449956357479095,-14.806923866271973,-4.0962629318237305,0.0,7,2,-45.41684128344059,-20.10762794315815,-2.762443780899048,0.0,8,3,3.9668849259614944,5.300704076886177,-1.3338191509246826,0.0,1
xtail/passive_2/758,xtail,passive_2,758,758,Some possessors were ,.,placated,crackled,Some possessors were placated.,Some possessors were crackled.,luxuriated,xtail/passive_2/placate/was,-32.89252191781998,-11.244887888431549,-2.4702746868133545,0.0,6,2,-41.17985773086548,-19.15056800842285,-2.8519303798675537,0.0,6,2,8.287335813045502,7.9056801199913025,0.3816556930541992,0.0,1
xtail/passive_2/759,xtail,passive_2,759,759,Many mineworkers aren't ,.,shooed,quivered,Many mineworkers aren't shooed.,Many mineworkers aren't quivered.,eventuated,xtail/passive_2/shoo/was,-41.3952184766531,-12.199017837643623,-5.519639015197754,0.0,8,3,-45.113254338502884,-18.345736503601074,-3.090956211090088,0.0,7,2,3.718035861849785,6.146718665957451,-2.428682804107666,0.0,1
xtail/passive_2/760,xtail,passive_2,760,760,These steadies weren't ,.,blabbed,lolled,These steadies weren't blabbed.,These steadies weren't lolled.,jested,xtail/passive_2/blab/was,-46.666287526488304,-19.097156524658203,-3.3811275959014893,0.0,8,3,-46.18808089196682,-18.450488090515137,-3.5495893955230713,0.0,7,2,-0.4782066345214844,-0.6466684341430664,0.16846179962158203,0.0,0
xtail/passive_2/761,xtail,passive_2,761,761,A dissimulation is ,.,garlanded,bantered,A dissimulation is garlanded.,A dissimulation is bantered.,lolled,xtail/passive_2/garland/was,-41.24509006738663,-18.12035423517227,-3.355302095413208,0.0,8,3,-41.15784740447998,-18.332841157913208,-3.055572509765625,0.0,8,3,-0.08724266290664673,0.21248692274093628,-0.299729585647583,0.0,0
xtail/passive_2/763,xtail,passive_2,763,763,The enlistees weren't ,.,reproved,remonstrated,The enlistees weren't reproved.,The enlistees weren't remonstrated.,bantered,xtail/passive_2/reprove/was,-45.7283071577549,-17.83704376220703,-1.6498955488204956,0.0,8,2,-46.33744058012962,-17.684840738773346,-2.4112319946289062,0.0,9,3,0.6091334223747253,-0.1522030234336853,0.7613364458084106,0.0,1
xtail/passive_2/766,xtail,passive_2,766,766,Some vibraphonist was ,.,blabbed,lolled,Some vibraphonist was blabbed.,Some vibraphonist was lolled.,desisted,xtail/passive_2/blab/was,-43.53752255439758,-16.053383111953735,-3.3979692459106445,0.0,10,3,-42.982134103775024,-14.80977177619934,-4.0861921310424805,0.0,9,2,-0.5553884506225586,-1.2436113357543945,0.6882228851318359,0.0,0
xtail/passive_2/767,xtail,passive_2,767,767,Many alpinists aren't ,.,outshone,gaped,Many alpinists aren't outshone.,Many alpinists aren't gaped.,hitchhiked,xtail/passive_2/outshine/was,-43.66015875339508,-14.895509958267212,-3.6366147994995117,0.0,9,3,-43.999279856681824,-16.667731285095215,-2.203514575958252,0.0,8,2,0.33912110328674316,1.772221326828003,-1.4331002235412598,0.0,1
xtail/passive_2/768,xtail,passive_2,768,768,This barkeep was ,.,gulled,desisted,This barkeep was gulled.,This barkeep was desisted.,gusted,xtail/passive_2/gull/was,-35.316471099853516,-12.635934829711914,-2.994917869567871,0.0,6,2,-40.108417987823486,-17.277180194854736,-3.1456193923950195,0.0,6,2,4.791946887969971,4.641245365142822,0.15070152282714844,0.0,1
xtail/passive_2/775,xtail,passive_2,775,775,That manikin wasn't ,.,suckled,defecated,That manikin wasn't suckled.,That manikin wasn't defecated.,teemed,xtail/passive_2/suckle/was,-45.027645744383335,-16.22139596939087,-3.6885132789611816,0.0,8,2,-42.949610345065594,-14.742425873875618,-3.0894479751586914,0.0,9,3,-2.0780353993177414,-1.4789700955152512,-0.5990653038024902,0.0,0
xtail/passive_2/776,xtail,passive_2,776,776,Some mineralogists are ,.,mulched,bustled,Some mineralogists are mulched.,Some mineralogists are bustled.,picnicked,xtail/passive_2/mulch/was,-44.21381962299347,-18.22909450531006,-3.7860541343688965,0.0,7,2,-42.40590155124664,-16.546329975128174,-3.660900592803955,0.0,7,2,-1.8079180717468262,-1.6827645301818848,-0.1251535415649414,0.0,0
xtail/passive_2/778,xtail,passive_2,778,778,Many kingmakers are ,.,shoplifted,eventuated,Many kingmakers are shoplifted.,Many kingmakers are eventuated.,remonstrated,xtail/passive_2/shoplift/was,-43.07481640577316,-20.20416349172592,-2.7708077430725098,0.0,8,4,-43.272499799728394,-20.496405601501465,-2.6762490272521973,0.0,6,2,0.1976833939552307,0.2922421097755432,-0.0945587158203125,0.0,1
xtail/passive_2/779,xtail,passive_2,779,779,All freebooters weren't ,.,lugged,drooled,All freebooters weren't lugged.,All freebooters weren't drooled.,drooled,xtail/passive_2/lug/was,-54.58054116368294,-16.421922206878662,-7.814507961273193,0.0,8,2,-52.45062544941902,-16.78457498550415,-5.321939468383789,0.0,9,3,-2.129915714263916,0.3626527786254883,-2.4925684928894043,0.0,0
xtail/passive_2/780,xtail,passive_2,780,780,The usherette is ,.,doffed,salivated,The usherette is doffed.,The usherette is salivated.,exulted,xtail/passive_2/doff/was,-40.64630711078644,-14.866053938865662,-3.183952808380127,0.0,8,3,-39.500616788864136,-14.811309814453125,-2.0930066108703613,0.0,7,2,-1.1456903219223022,-0.05474412441253662,-1.0909461975097656,0.0,0
xtail/passive_2/782,xtail,passive_2,782,782,Some masturbator wasn't ,.,clouted,groused,Some masturbator wasn't clouted.,Some masturbator wasn't groused.,hitchhiked,xtail/passive_2/clout/was,-46.216730177402496,-15.799126744270325,-2.4508213996887207,0.0,9,3,-48.598967492580414,-17.680396556854248,-2.951788902282715,0.0,8,2,2.3822373151779175,1.8812698125839233,0.5009675025939941,0.0,1
xtail/passive_2/784,xtail,passive_2,784,784,The tipplers are ,.,clouted,groused,The tipplers are clouted.,The tipplers are groused.,crackled,xtail/passive_2/clout/was,-37.44389791786671,-14.748269036412239,-2.4935989379882812,0.0,8,3,-37.11331582069397,-14.616903305053711,-2.2943825721740723,0.0,7,2,-0.3305820971727371,-0.13136573135852814,-0.19921636581420898,0.0,0
xtail/passive_2/787,xtail,passive_2,787,787,The fluorosis wasn't ,.,guzzled,commiserated,The fluorosis wasn't guzzled.,The fluorosis wasn't commiserated.,groused,xtail/passive_2/guzzle/was,-50.587595105171204,-17.302689790725708,-2.420820713043213,0.0,8,3,-52.41055208444595,-19.919666826725006,-1.6268006563186646,0.0,8,3,1.8229569792747498,2.616977035999298,-0.7940200567245483,0.0,1
xtail/passive_2/788,xtail,passive_2,788,788,A shouter was ,.,extirpated,vegetated,A shouter was extirpated.,A shouter was vegetated.,coexisted,xtail/passive_2/extirpate/was,-36.120010561309755,-13.586462683044374,-2.1184163093566895,0.0,8,4,-39.617966651916504,-16.576513290405273,-2.626321792602539,0.0,6,2,3.497956090606749,2.9900506073608994,0.5079054832458496,0.0,1
xtail/passive_2/790,xtail,passive_2,790,790,The mummers weren't ,.,gulled,desisted,The mummers weren't gulled.,The mummers weren't desisted.,slouched,xtail/passive_2/gull/was,-37.608841478824615,-10.83296012878418,-1.7160918712615967,0.0,7,2,-44.61474531888962,-17.65966272354126,-1.895293116569519,0.0,7,2,7.005903840065002,6.82670259475708,0.17920124530792236,0.0,1
xtail/passive_2/794,xtail,passive_2,794,794,Many ethnographies are ,.,obviated,teemed,Many ethnographies are obviated.,Many ethnographies are teemed.,leered,xtail/passive_2/obviate/was,-39.07432194799185,-16.892658911645412,-2.83100962638855,0.0,7,3,-39.44095015525818,-14.225907325744629,-5.864389419555664,0.0,6,2,0.3666282072663307,-2.6667515859007835,3.0333797931671143,0.0,1
xtail/passive_2/799,xtail,passive_2,799,799,The vestryman isn't ,.,swaddled,decamped,The vestryman isn't swaddled.,The vestryman isn't decamped.,quivered,xtail/passive_2/swaddle/was,-44.67891563475132,-15.6745186150074,-2.729612112045288,0.0,9,3,-47.88559852540493,-19.55585241317749,-2.0549612045288086,0.0,8,2,3.2066828906536102,3.8813337981700897,-0.6746509075164795,0.0,1
xtail/passive_2/801,xtail,passive_2,801,801,This ecru isn't ,.,recompensed,leered,This ecru isn't recompensed.,This ecru isn't leered.,bantered,xtail/passive_2/recompense/was,-49.42525516450405,-19.995550870895386,-2.8473806381225586,0.0,8,3,-48.91511116921902,-18.17646312713623,-4.15632438659668,0.0,7,2,-0.5101439952850342,-1.8190877437591553,1.308943748474121,0.0,0
xtail/passive_2/804,xtail,passive_2,804,804,Most homebuilders were ,.,ogled,wallowed,Most homebuilders were ogled.,Most homebuilders were wallowed.,blustered,xtail/passive_2/ogle/was,-36.93428111076355,-14.531012058258057,-3.8152096271514893,0.0,7,2,-39.5154972076416,-16.017812728881836,-4.909625053405762,0.0,7,2,2.5812160968780518,1.4868006706237793,1.0944154262542725,0.0,1
xtail/passive_2/808,xtail,passive_2,808,808,These capos aren't ,.,reproved,remonstrated,These capos aren't reproved.,These capos aren't remonstrated.,ruminated,xtail/passive_2/reprove/was,-42.77842557430267,-19.28985595703125,-2.2789289951324463,0.0,7,2,-42.95306575298309,-18.81654453277588,-2.9268805980682373,0.0,8,3,0.17464017868041992,-0.4733114242553711,0.647951602935791,0.0,1
xtail/passive_2/811,xtail,passive_2,811,811,Most enterprisers aren't ,.,blasphemed,seethed,Most enterprisers aren't blasphemed.,Most enterprisers aren't seethed.,slunk,xtail/passive_2/blaspheme/was,-48.78973972797394,-20.226375579833984,-2.389861583709717,0.0,10,4,-45.24362526834011,-16.063028320670128,-3.007094383239746,0.0,9,3,-3.546114459633827,-4.1633472591638565,0.6172327995300293,0.0,0
xtail/passive_2/812,xtail,passive_2,812,812,Many hoboes were ,.,rearmed,tottered,Many hoboes were rearmed.,Many hoboes were tottered.,panted,xtail/passive_2/rearm/was,-37.77883005142212,-14.420254468917847,-2.9807052612304688,0.0,6,2,-43.72632670402527,-16.99244213104248,-6.356014251708984,0.0,6,2,5.947496652603149,2.572187662124634,3.3753089904785156,0.0,1
xtail/passive_2/813,xtail,passive_2,813,813,The webmasters weren't ,.,edified,toddled,The webmasters weren't edified.,The webmasters weren't toddled.,remonstrated,xtail/passive_2/edify/was,-40.330249071121216,-15.221590995788574,-1.755418062210083,0.0,8,2,-46.49351143836975,-19.453991889953613,-3.686279535293579,0.0,8,2,6.163262367248535,4.232400894165039,1.930861473083496,0.0,1
xtail/passive_2/815,xtail,passive_2,815,815,All juggernauts were ,.,lugged,drooled,All juggernauts were lugged.,All juggernauts were drooled.,resounded,xtail/passive_2/lug/was,-38.507996542946785,-12.108272314071655,-5.597570419311523,0.0,9,2,-39.089047475354164,-13.64993268251419,-4.636960983276367,0.0,10,3,0.5810509324073792,1.5416603684425354,-0.9606094360351562,0.0,1
xtail/passive_2/816,xtail,passive_2,816,816,Every disturber isn't ,.,prised,jutted,Every disturber isn't prised.,Every disturber isn't jutted.,drooled,xtail/passive_2/prise/was,-46.00781899690628,-15.915215015411377,-5.149560928344727,0.0,8,2,-48.6878736615181,-20.391716957092285,-3.3531136512756348,0.0,9,3,2.6800546646118164,4.476501941680908,-1.7964472770690918,0.0,1
xtail/passive_2/817,xtail,passive_2,817,817,All habitants weren't ,.,wadded,shimmered,All habitants weren't wadded.,All habitants weren't shimmered.,pulsated,xtail/passive_2/wad/was,-47.9636507332325,-15.844441413879395,-5.1371846199035645,0.0,7,2,-45.88633435964584,-16.015913158655167,-2.8883965015411377,0.0,8,3,-2.0773163735866547,0.1714717447757721,-2.2487881183624268,0.0,0
xtail/passive_2/822,xtail,passive_2,822,822,These understudies are ,.,disquieted,goggled,These understudies are disquieted.,These understudies are goggled.,sidled,xtail/passive_2/disquiet/was,-29.208407662808895,-12.663974955677986,-3.3071258068084717,0.0,8,3,-31.736450918018818,-15.20501035451889,-3.2941336631774902,0.0,8,3,2.528043255209923,2.5410353988409042,-0.012992143630981445,0.0,1
xtail/passive_2/824,xtail,passive_2,824,824,Every scoffer isn't ,.,garlanded,bantered,Every scoffer isn't garlanded.,Every scoffer isn't bantered.,slogged,xtail/passive_2/garland/was,-43.10083222389221,-14.284061908721924,-2.706307888031006,0.0,8,3,-44.16541630029678,-14.61004763841629,-3.444906234741211,0.0,8,3,1.0645840764045715,0.32598572969436646,0.7385983467102051,0.0,1
xtail/passive_2/826,xtail,passive_2,826,826,This respecter was ,.,garlanded,bantered,This respecter was garlanded.,This respecter was bantered.,remonstrated,xtail/passive_2/garland/was,-39.82019108533859,-12.7516548037529,-4.5000128746032715,0.0,7,3,-41.64190071821213,-14.266725242137909,-4.806652069091797,0.0,7,3,1.8217096328735352,1.5150704383850098,0.3066391944885254,0.0,1
xtail/passive_2/827,xtail,passive_2,827,827,Adjudicators aren't ,.,gulled,desisted,Adjudicators aren't gulled.,Adjudicators aren't desisted.,flounced,xtail/passive_2/gull/was,-35.79382973909378,-13.593711853027344,-2.966346502304077,0.0,8,2,-41.96721941232681,-19.51712703704834,-3.2163209915161133,0.0,8,2,6.173389673233032,5.923415184020996,0.24997448921203613,0.0,1
xtail/passive_2/836,xtail,passive_2,836,836,Some misanthropes were ,.,resupplied,slogged,Some misanthropes were resupplied.,Some misanthropes were slogged.,jested,xtail/passive_2/resupply/was,-42.53374872729182,-17.818816274404526,-3.24174165725708,0.0,9,3,-43.12929106876254,-18.24428367614746,-3.4118165969848633,0.0,8,2,0.5955423414707184,0.4254674017429352,0.1700749397277832,0.0,1
xtail/passive_2/837,xtail,passive_2,837,837,Many sleepyheads aren't ,.,lathered,slouched,Many sleepyheads aren't lathered.,Many sleepyheads aren't slouched.,calved,xtail/passive_2/lather/was,-47.46629470586777,-16.123300552368164,-5.641817569732666,0.0,7,2,-42.59705299139023,-13.29596996307373,-3.5999064445495605,0.0,7,2,-4.869241714477539,-2.8273305892944336,-2.0419111251831055,0.0,0
xtail/passive_2/838,xtail,passive_2,838,838,All greeters are ,.,placated,crackled,All greeters are placated.,All greeters are crackled.,sidled,xtail/passive_2/placate/was,-35.751024186611176,-13.712005317211151,-2.9024131298065186,0.0,6,2,-41.41904926300049,-18.721660137176514,-3.5607833862304688,0.0,6,2,5.668025076389313,5.0096548199653625,0.6583702564239502,0.0,1
xtail/passive_2/840,xtail,passive_2,840,840,A dunker isn't ,.,permed,fawned,A dunker isn't permed.,A dunker isn't fawned.,intermarried,xtail/passive_2/perm/was,-44.16244104504585,-16.369401454925537,-2.0337271690368652,0.0,8,2,-46.733801156282425,-14.747727870941162,-6.2267608642578125,0.0,9,3,2.5713601112365723,-1.621673583984375,4.193033695220947,0.0,1
xtail/passive_2/842,xtail,passive_2,842,842,Most pharmacologists weren't ,.,mulched,bustled,Most pharmacologists weren't mulched.,Most pharmacologists weren't bustled.,fizzed,xtail/passive_2/mulch/was,-49.14244243502617,-18.341933727264404,-2.7392358779907227,0.0,7,2,-47.79115268588066,-15.763393878936768,-3.9664859771728516,0.0,7,2,-1.3512897491455078,-2.5785398483276367,1.227250099182129,0.0,0
xtail/passive_2/844,xtail,passive_2,844,844,That acidemia isn't ,.,recompensed,leered,That acidemia isn't recompensed.,That acidemia isn't leered.,empathized,xtail/passive_2/recompense/was,-49.425357073545456,-17.25153398513794,-3.0978593826293945,0.0,8,3,-56.487843960523605,-23.752098083496094,-3.6597821712493896,0.0,7,2,7.062486886978149,6.500564098358154,0.5619227886199951,0.0,1
xtail/passive_2/846,xtail,passive_2,846,846,Many tiddlers aren't ,.,mistrusted,coexisted,Many tiddlers aren't mistrusted.,Many tiddlers aren't coexisted.,hiccupped,xtail/passive_2/mistrust/was,-39.67640782892704,-15.22945486009121,-1.8830502033233643,0.0,9,3,-42.27672293782234,-17.049479126930237,-2.6633410453796387,0.0,9,3,2.600315108895302,1.8200242668390274,0.7802908420562744,0.0,1
xtail/passive_2/847,xtail,passive_2,847,847,The castling was ,.,stoppered,quacked,The castling was stoppered.,The castling was quacked.,sidled,xtail/passive_2/stopper/was,-41.22022366523743,-15.840703964233398,-2.2554819583892822,0.0,6,2,-45.76078152656555,-20.0859956741333,-2.550748109817505,0.0,6,2,4.540557861328125,4.245291709899902,0.29526615142822266,0.0,1
xtail/passive_2/850,xtail,passive_2,850,850,All ethnologists were ,.,doffed,salivated,All ethnologists were doffed.,All ethnologists were salivated.,sulked,xtail/passive_2/doff/was,-42.624855399131775,-17.242879509925842,-3.3493449687957764,0.0,7,3,-40.01009011268616,-15.488855361938477,-2.4886038303375244,0.0,6,2,-2.6147652864456177,-1.7540241479873657,-0.860741138458252,0.0,0
xtail/passive_2/851,xtail,passive_2,851,851,That hamartia is ,.,sundered,eavesdropped,That hamartia is sundered.,That hamartia is eavesdropped.,scrammed,xtail/passive_2/sunder/was,-37.136784076690674,-13.796299457550049,-2.3371903896331787,0.0,7,2,-42.48758176714182,-18.200986422598362,-3.2833011150360107,0.0,9,4,5.350797690451145,4.404686965048313,0.946110725402832,0.0,1
xtail/passive_2/854,xtail,passive_2,854,854,This bigwig was ,.,placated,crackled,This bigwig was placated.,This bigwig was crackled.,slunk,xtail/passive_2/placate/was,-33.69353276491165,-11.065770924091339,-2.448998212814331,0.0,6,2,-40.91777443885803,-17.408817291259766,-3.330193519592285,0.0,6,2,7.224241673946381,6.3430463671684265,0.8811953067779541,0.0,1
xtail/passive_2/855,xtail,passive_2,855,855,That farmhand is ,.,tithed,puttered,That farmhand is tithed.,That farmhand is puttered.,crackled,xtail/passive_2/tithe/was,-40.23104405403137,-16.302221536636353,-3.068451166152954,0.0,6,2,-42.19159293174744,-17.129688262939453,-4.201533317565918,0.0,6,2,1.9605488777160645,0.8274667263031006,1.1330821514129639,0.0,1
xtail/passive_2/861,xtail,passive_2,861,861,Those gleaners weren't ,.,unlatched,burgeoned,Those gleaners weren't unlatched.,Those gleaners weren't burgeoned.,fidgeted,xtail/passive_2/unlatch/was,-40.60509803518653,-17.405619751662016,-1.5821490287780762,0.0,9,3,-40.90691055357456,-16.943621158599854,-2.3459601402282715,0.0,9,3,0.3018125183880329,-0.4619985930621624,0.7638111114501953,0.0,1
xtail/passive_2/862,xtail,passive_2,862,862,The musicologists are ,.,lathered,slouched,The musicologists are lathered.,The musicologists are slouched.,smoldered,xtail/passive_2/lather/was,-43.744972467422485,-18.337120056152344,-4.816736698150635,0.0,6,2,-39.76812529563904,-14.667552471160889,-4.509457111358643,0.0,6,2,-3.9768471717834473,-3.669567584991455,-0.3072795867919922,0.0,0
xtail/passive_2/864,xtail,passive_2,864,864,Sightseers are ,.,unlatched,burgeoned,Sightseers are unlatched.,Sightseers are burgeoned.,fidgeted,xtail/passive_2/unlatch/was,-44.5068486481905,-18.970455959439278,-2.640449285507202,0.0,8,3,-42.16037201881409,-16.21953773498535,-3.044890880584717,0.0,8,3,-2.3464766293764114,-2.750918224453926,0.40444159507751465,0.0,0
xtail/passive_2/868,xtail,passive_2,868,868,Isolationists aren't ,.,hefted,hibernated,Isolationists aren't hefted.,Isolationists aren't hibernated.,clattered,xtail/passive_2/heft/was,-43.738308757543564,-19.823894739151,-4.377668380737305,0.0,8,3,-40.10521908476949,-18.352327931672335,-2.2161455154418945,0.0,9,4,-3.6330896727740765,-1.4715668074786663,-2.16152286529541,0.0,0
xtail/passive_2/869,xtail,passive_2,869,869,Most tomboys aren't ,.,resupplied,slogged,Most tomboys aren't resupplied.,Most tomboys aren't slogged.,calved,xtail/passive_2/resupply/was,-41.22143357992172,-16.80492413043976,-2.349261999130249,0.0,8,3,-42.83347278833389,-17.80493402481079,-2.9612913131713867,0.0,7,2,1.6120392084121704,1.0000098943710327,0.6120293140411377,0.0,1
xtail/passive_2/870,xtail,passive_2,870,870,The housemaster wasn't ,.,rearmed,tottered,The housemaster wasn't rearmed.,The housemaster wasn't tottered.,picnicked,xtail/passive_2/rearm/was,-44.65607030689716,-19.68200969696045,-1.5386500358581543,0.0,7,2,-45.514869287610054,-19.579501628875732,-2.4999570846557617,0.0,7,2,0.8587989807128906,-0.1025080680847168,0.9613070487976074,0.0,1
xtail/passive_2/871,xtail,passive_2,871,871,The diathermy isn't ,.,hefted,hibernated,The diathermy isn't hefted.,The diathermy isn't hibernated.,hibernated,xtail/passive_2/heft/was,-44.05694477260113,-14.578347444534302,-2.3673439025878906,0.0,9,3,-47.520680245012045,-18.482394110411406,-1.927032709121704,0.0,10,4,3.4637354724109173,3.904046665877104,-0.4403111934661865,0.0,1
xtail/passive_2/873,xtail,passive_2,873,873,A lot of ethologists aren't ,.,ogled,wallowed,A lot of ethologists aren't ogled.,A lot of ethologists aren't wallowed.,tingled,xtail/passive_2/ogle/was,-52.58625943958759,-18.284751892089844,-2.9457950592041016,0.0,9,2,-55.34516294300556,-18.03973913192749,-5.949711322784424,0.0,9,2,2.7589035034179688,-0.24501276016235352,3.0039162635803223,0.0,1
xtail/passive_2/875,xtail,passive_2,875,875,Those floozies are ,.,unlatched,burgeoned,Those floozies are unlatched.,Those floozies are burgeoned.,puttered,xtail/passive_2/unlatch/was,-37.838503643870354,-17.272546112537384,-2.41776704788208,0.0,9,3,-39.9122147411108,-18.990498542785645,-2.7735257148742676,0.0,9,3,2.073711097240448,1.7179524302482605,0.3557586669921875,0.0,1
xtail/passive_2/876,xtail,passive_2,876,876,Many yobs weren't ,.,crated,lumbered,Many yobs weren't crated.,Many yobs weren't lumbered.,goggled,xtail/passive_2/crate/was,-38.532814383506775,-14.195242881774902,-2.950810194015503,0.0,7,2,-39.82447852194309,-13.122279897332191,-5.315437316894531,0.0,7,2,1.2916641384363174,-1.0729629844427109,2.3646271228790283,0.0,1
xtail/passive_2/881,xtail,passive_2,881,881,The saleslady is ,.,disabused,sidled,The saleslady is disabused.,The saleslady is sidled.,sidled,xtail/passive_2/disabuse/was,-37.965228136628866,-13.573396667838097,-2.688429832458496,0.0,8,3,-44.350204061716795,-17.146082878112793,-5.5007195472717285,0.0,7,2,6.384975925087929,3.5726862102746964,2.8122897148132324,0.0,1
xtail/passive_2/884,xtail,passive_2,884,884,Some cravens weren't ,.,extirpated,vegetated,Some cravens weren't extirpated.,Some cravens weren't vegetated.,quivered,xtail/passive_2/extirpate/was,-43.20691281929612,-14.61458507552743,-1.9166592359542847,0.0,10,4,-45.96807649731636,-17.344303607940674,-1.9481043815612793,0.0,8,2,2.761163678020239,2.7297185324132442,0.03144514560699463,0.0,1
xtail/passive_2/887,xtail,passive_2,887,887,These chauvinists aren't ,.,immolated,vacillated,These chauvinists aren't immolated.,These chauvinists aren't vacillated.,hitchhiked,xtail/passive_2/immolate/was,-43.88610926270485,-18.468039512634277,-2.3474791049957275,0.0,9,2,-45.692493230104446,-20.706753373146057,-1.915149211883545,0.0,10,3,1.8063839673995972,2.23871386051178,-0.4323298931121826,0.0,1
xtail/passive_2/891,xtail,passive_2,891,891,Those cabdrivers are ,.,lugged,drooled,Those cabdrivers are lugged.,Those cabdrivers are drooled.,sidled,xtail/passive_2/lug/was,-42.47584140300751,-18.605184078216553,-7.152812480926514,0.0,7,2,-39.482530277222395,-18.01809338852763,-4.746592044830322,0.0,8,3,-2.9933111257851124,-0.587090689688921,-2.4062204360961914,0.0,0
xtail/passive_2/892,xtail,passive_2,892,892,Some bruxism isn't ,.,obviated,teemed,Some bruxism isn't obviated.,Some bruxism isn't teemed.,scooted,xtail/passive_2/obviate/was,-45.6211744248867,-14.805796086788177,-3.1407601833343506,0.0,9,3,-51.75688114762306,-20.184633255004883,-3.897629737854004,0.0,8,2,6.135706722736359,5.378837168216705,0.7568695545196533,0.0,1
xtail/passive_2/896,xtail,passive_2,896,896,A lot of scamps were ,.,stoppered,quacked,A lot of scamps were stoppered.,A lot of scamps were quacked.,clattered,xtail/passive_2/stopper/was,-42.15192486345768,-14.89987325668335,-3.3327016830444336,0.0,8,2,-41.949058786034584,-14.734812259674072,-3.2948966026306152,0.0,8,2,-0.2028660774230957,-0.16506099700927734,-0.03780508041381836,0.0,0
xtail/passive_2/897,xtail,passive_2,897,897,Every lunger wasn't ,.,debugged,tingled,Every lunger wasn't debugged.,Every lunger wasn't tingled.,jested,xtail/passive_2/debug/was,-45.827239990234375,-17.797673255205154,-1.926634669303894,0.0,7,2,-46.7204233109951,-18.158530712127686,-2.45896053314209,0.0,7,2,0.8931833207607269,0.36085745692253113,0.5323258638381958,0.0,1
xtail/passive_2/898,xtail,passive_2,898,898,All questers were ,.,shoplifted,eventuated,All questers were shoplifted.,All questers were eventuated.,hitchhiked,xtail/passive_2/shoplift/was,-41.67912437580526,-17.40958215855062,-2.6536312103271484,0.0,8,4,-43.69702434539795,-18.88464641571045,-3.1964669227600098,0.0,6,2,2.0178999695926905,1.4750642571598291,0.5428357124328613,0.0,1
xtail/passive_2/899,xtail,passive_2,899,899,These longshoremen were ,.,recompensed,leered,These longshoremen were recompensed.,These longshoremen were leered.,eventuated,xtail/passive_2/recompense/was,-35.41949897259474,-12.313743822276592,-4.476068496704102,0.0,8,3,-44.101941883563995,-18.337185859680176,-7.135069370269775,0.0,7,2,8.682442910969257,6.0234420374035835,2.659000873565674,0.0,1
xtail/passive_2/901,xtail,passive_2,901,901,A lycee was ,.,reproved,remonstrated,A lycee was reproved.,A lycee was remonstrated.,jigged,xtail/passive_2/reprove/was,-44.825297117233276,-16.208162307739258,-2.887073278427124,0.0,7,2,-46.30049166828394,-16.005010463297367,-4.565419673919678,0.0,8,3,1.475194551050663,-0.20315184444189072,1.6783463954925537,0.0,1
xtail/passive_2/906,xtail,passive_2,906,906,Those servitors weren't ,.,lugged,drooled,Those servitors weren't lugged.,Those servitors weren't drooled.,gloated,xtail/passive_2/lug/was,-41.54471196979284,-15.912213802337646,-5.619161605834961,0.0,7,2,-40.28259702771902,-15.11546140909195,-5.153799057006836,0.0,8,3,-1.262114942073822,-0.796752393245697,-0.465362548828125,0.0,0
xtail/passive_2/909,xtail,passive_2,909,909,This ecru was ,.,regaled,writhed,This ecru was regaled.,This ecru was writhed.,quacked,xtail/passive_2/regale/was,-40.307239055633545,-13.164058208465576,-4.928187847137451,0.0,6,2,-43.121963024139404,-16.334501266479492,-4.5724687576293945,0.0,6,2,2.8147239685058594,3.170443058013916,-0.35571908950805664,0.0,1
xtail/passive_2/910,xtail,passive_2,910,910,Many harpists were ,.,guzzled,commiserated,Many harpists were guzzled.,Many harpists were commiserated.,wallowed,xtail/passive_2/guzzle/was,-40.22782516479492,-18.60976481437683,-3.857417106628418,0.0,8,3,-36.16452354192734,-16.13674634695053,-2.267133951187134,0.0,8,3,-4.063301622867584,-2.4730184674263,-1.5902831554412842,0.0,0
xtail/passive_2/912,xtail,passive_2,912,912,Some wriggles weren't ,.,garlanded,bantered,Some wriggles weren't garlanded.,Some wriggles weren't bantered.,squawked,xtail/passive_2/garland/was,-45.10581839084625,-16.80987447500229,-2.351250171661377,0.0,9,3,-43.222955495119095,-14.356983989477158,-2.9212777614593506,0.0,9,3,-1.8828628957271576,-2.4528904855251312,0.5700275897979736,0.0,0
xtail/passive_2/914,xtail,passive_2,914,914,The diathermy is ,.,edified,toddled,The diathermy is edified.,The diathermy is toddled.,empathized,xtail/passive_2/edify/was,-42.32703524827957,-17.830501556396484,-3.2693874835968018,0.0,7,2,-45.92254430055618,-20.644086122512817,-4.05131196975708,0.0,7,2,3.5955090522766113,2.813584566116333,0.7819244861602783,0.0,1
xtail/passive_2/915,xtail,passive_2,915,915,Some doppelgangers aren't ,.,gulled,desisted,Some doppelgangers aren't gulled.,Some doppelgangers aren't desisted.,ruminated,xtail/passive_2/gull/was,-41.82707992941141,-15.527650356292725,-2.6578335762023926,0.0,10,2,-46.29049030691385,-19.757293701171875,-2.8916006088256836,0.0,10,2,4.463410377502441,4.22964334487915,0.23376703262329102,0.0,1
xtail/passive_2/916,xtail,passive_2,916,916,These poltergeists are ,.,mulched,bustled,These poltergeists are mulched.,These poltergeists are bustled.,vegetated,xtail/passive_2/mulch/was,-37.22342845797539,-17.847301959991455,-3.463890790939331,0.0,8,2,-38.189215153455734,-17.07270622253418,-5.204273223876953,0.0,8,2,0.9657866954803467,-0.7745957374572754,1.740382432937622,0.0,1
xtail/passive_2/917,xtail,passive_2,917,917,Tappers are ,.,filched,smoldered,Tappers are filched.,Tappers are smoldered.,fizzed,xtail/passive_2/filch/was,-35.00591850280762,-15.40976333618164,-3.606412410736084,0.0,6,2,-33.733277559280396,-15.210976123809814,-2.5325586795806885,0.0,7,3,-1.2726409435272217,-0.19878721237182617,-1.0738537311553955,0.0,0
xtail/passive_2/919,xtail,passive_2,919,919,Empiricists aren't ,.,gulled,desisted,Empiricists aren't gulled.,Empiricists aren't desisted.,whizzed,xtail/passive_2/gull/was,-35.41683694720268,-14.21086835861206,-3.3121836185455322,0.0,8,2,-39.531072586774826,-18.599223613739014,-3.0380640029907227,0.0,8,2,4.1142356395721436,4.388355255126953,-0.27411961555480957,0.0,1
xtail/passive_2/920,xtail,passive_2,920,920,These roundheads weren't ,.,debugged,tingled,These roundheads weren't debugged.,These roundheads weren't tingled.,picnicked,xtail/passive_2/debug/was,-38.964810371398926,-14.429737448692322,-2.200103998184204,0.0,7,2,-43.362598299980164,-18.361541748046875,-2.6660876274108887,0.0,7,2,4.397787928581238,3.9318042993545532,0.46598362922668457,0.0,1
xtail/passive_2/923,xtail,passive_2,923,923,This dysgraphia is ,.,wadded,shimmered,This dysgraphia is wadded.,This dysgraphia is shimmered.,leered,xtail/passive_2/wad/was,-44.34545089304447,-19.098132133483887,-3.746769905090332,0.0,7,2,-47.21415330469608,-21.89448881149292,-3.81911563873291,0.0,8,3,2.8687024116516113,2.796356678009033,0.07234573364257812,0.0,1
xtail/passive_2/928,xtail,passive_2,928,928,The compositors were ,.,garlanded,bantered,The compositors were garlanded.,The compositors were bantered.,skulked,xtail/passive_2/garland/was,-36.5374401062727,-13.3924730271101,-3.4165072441101074,0.0,7,3,-40.42631321400404,-15.973491005599499,-4.724362373352051,0.0,7,3,3.8888731077313423,2.581017978489399,1.3078551292419434,0.0,1
xtail/passive_2/929,xtail,passive_2,929,929,Duellists aren't ,.,obviated,teemed,Duellists aren't obviated.,Duellists aren't teemed.,eavesdropped,xtail/passive_2/obviate/was,-41.66278111934662,-16.495295524597168,-2.5363121032714844,0.0,8,3,-43.851707339286804,-17.451379776000977,-3.7691540718078613,0.0,7,2,2.1889262199401855,0.9560842514038086,1.232841968536377,0.0,1
xtail/passive_2/931,xtail,passive_2,931,931,That metonym isn't ,.,prised,jutted,That metonym isn't prised.,That metonym isn't jutted.,whizzed,xtail/passive_2/prise/was,-41.68906970322132,-17.848567962646484,-3.348262071609497,0.0,7,2,-45.31746979057789,-21.45139503479004,-3.3738350868225098,0.0,8,3,3.6284000873565674,3.6028270721435547,0.025573015213012695,0.0,1
xtail/passive_2/937,xtail,passive_2,937,937,An amblyopia isn't ,.,obviated,teemed,An amblyopia isn't obviated.,An amblyopia isn't teemed.,debarked,xtail/passive_2/obviate/was,-42.283067762851715,-13.680194079875946,-3.666581153869629,0.0,9,3,-50.58263385295868,-20.500791549682617,-5.145549774169922,0.0,8,2,8.299566090106964,6.820597469806671,1.478968620300293,0.0,1
xtail/passive_2/938,xtail,passive_2,938,938,That neurobiologist is ,.,ogled,wallowed,That neurobiologist is ogled.,That neurobiologist is wallowed.,ruminated,xtail/passive_2/ogle/was,-41.03835892677307,-17.056669235229492,-2.936981678009033,0.0,7,2,-43.98080229759216,-18.293909549713135,-4.642184734344482,0.0,7,2,2.942443370819092,1.2372403144836426,1.7052030563354492,0.0,1
xtail/passive_2/939,xtail,passive_2,939,939,That ogress wasn't ,.,edified,toddled,That ogress wasn't edified.,That ogress wasn't toddled.,sleepwalked,xtail/passive_2/edify/was,-38.338168278336525,-15.196917533874512,-2.343146800994873,0.0,7,2,-41.934303894639015,-17.638912200927734,-3.4972877502441406,0.0,7,2,3.5961356163024902,2.4419946670532227,1.1541409492492676,0.0,1
xtail/passive_2/940,xtail,passive_2,940,940,A lot of embryologists are ,.,suckled,defecated,A lot of embryologists are suckled.,A lot of embryologists are defecated.,hitchhiked,xtail/passive_2/suckle/was,-44.888925567269325,-14.32826042175293,-6.094607353210449,0.0,8,2,-48.24936939775944,-20.693220853805542,-3.090090751647949,0.0,9,3,3.3604438304901123,6.364960432052612,-3.0045166015625,0.0,1
xtail/passive_2/945,xtail,passive_2,945,945,That etcher is ,.,wagged,basked,That etcher is wagged.,That etcher is basked.,sulked,xtail/passive_2/wag/was,-39.23423790931702,-17.744820594787598,-3.282292127609253,0.0,6,2,-38.924885988235474,-17.26462173461914,-3.453139066696167,0.0,6,2,-0.30935192108154297,-0.48019886016845703,0.17084693908691406,0.0,0
xtail/passive_2/952,xtail,passive_2,952,952,A lot of complainers aren't ,.,guzzled,commiserated,A lot of complainers aren't guzzled.,A lot of complainers aren't commiserated.,flounced,xtail/passive_2/guzzle/was,-46.93769223988056,-18.338658571243286,-2.8012032508850098,0.0,10,3,-43.69194872677326,-15.354966640472412,-2.539151668548584,0.0,10,3,-3.2457435131073,-2.983691930770874,-0.2620515823364258,0.0,0
xtail/passive_2/954,xtail,passive_2,954,954,This artilleryman wasn't ,.,mulched,bustled,This artilleryman wasn't mulched.,This artilleryman wasn't bustled.,slumbered,xtail/passive_2/mulch/was,-45.688180692493916,-19.840203762054443,-2.020660161972046,0.0,8,2,-40.85201025754213,-13.437724113464355,-3.5869693756103516,0.0,8,2,-4.836170434951782,-6.402479648590088,1.5663092136383057,0.0,0
xtail/passive_2/957,xtail,passive_2,957,957,A quarrier isn't ,.,pigeonholed,hitchhiked,A quarrier isn't pigeonholed.,A quarrier isn't hitchhiked.,flounced,xtail/passive_2/pigeonhole/was,-44.289937525987625,-14.444244354963303,-1.896522045135498,0.0,9,4,-48.93303495645523,-18.613780975341797,-2.3700828552246094,0.0,8,3,4.643097430467606,4.169536620378494,0.47356081008911133,0.0,1
xtail/passive_2/958,xtail,passive_2,958,958,That uremia isn't ,.,placated,crackled,That uremia isn't placated.,That uremia isn't crackled.,seethed,xtail/passive_2/placate/was,-45.0400385260582,-20.11643886566162,-2.5653235912323,0.0,7,2,-45.809167087078094,-21.258173942565918,-2.1927170753479004,0.0,7,2,0.7691285610198975,1.1417350769042969,-0.3726065158843994,0.0,1
xtail/passive_2/962,xtail,passive_2,962,962,Every vaccinator is ,.,gulled,desisted,Every vaccinator is gulled.,Every vaccinator is desisted.,picnicked,xtail/passive_2/gull/was,-37.72197604179382,-13.947582244873047,-2.650719165802002,0.0,6,2,-41.81096625328064,-17.849053382873535,-2.83823823928833,0.0,6,2,4.088990211486816,3.9014711380004883,0.18751907348632812,0.0,1
xtail/passive_2/965,xtail,passive_2,965,965,Many reprobates are ,.,redressed,panted,Many reprobates are redressed.,Many reprobates are panted.,squawked,xtail/passive_2/redress/was,-34.95835453271866,-14.237062931060791,-2.5612988471984863,0.0,7,2,-37.22745329141617,-14.880031108856201,-4.187429428100586,0.0,7,2,2.2690987586975098,0.6429681777954102,1.6261305809020996,0.0,1
xtail/passive_2/970,xtail,passive_2,970,970,Some mineralogists weren't ,.,filched,smoldered,Some mineralogists weren't filched.,Some mineralogists weren't smoldered.,smoldered,xtail/passive_2/filch/was,-49.900280714035034,-17.465067267417908,-2.6686649322509766,0.0,8,2,-50.976458102464676,-19.0666061937809,-2.143303394317627,0.0,9,3,1.0761773884296417,1.6015389263629913,-0.5253615379333496,0.0,1
xtail/passive_2/972,xtail,passive_2,972,972,Every disentanglement was ,.,disabused,sidled,Every disentanglement was disabused.,Every disentanglement was sidled.,vacillated,xtail/passive_2/disabuse/was,-39.161120710894465,-13.572753250598907,-2.0396955013275146,0.0,9,3,-44.373498199507594,-16.793879985809326,-4.030946254730225,0.0,8,2,5.212377488613129,3.2211267352104187,1.99125075340271,0.0,1
xtail/passive_2/973,xtail,passive_2,973,973,These theatergoers were ,.,daubed,resounded,These theatergoers were daubed.,These theatergoers were resounded.,salivated,xtail/passive_2/daub/was,-35.18337478954345,-12.370146498084068,-6.120449066162109,0.0,8,3,-37.68390337843448,-16.486531734466553,-4.504592418670654,0.0,7,2,2.5005285888910294,4.116385236382484,-1.615856647491455,0.0,1
xtail/passive_2/976,xtail,passive_2,976,976,A radiobiology isn't ,.,lugged,drooled,A radiobiology isn't lugged.,A radiobiology isn't drooled.,gusted,xtail/passive_2/lug/was,-52.970307409763336,-17.10399031639099,-4.955774784088135,0.0,8,2,-53.990482807159424,-18.920044124126434,-4.159896373748779,0.0,9,3,1.0201753973960876,1.8160538077354431,-0.7958784103393555,0.0,1
xtail/passive_2/977,xtail,passive_2,977,977,Oarsmen are ,.,crated,lumbered,Oarsmen are crated.,Oarsmen are lumbered.,smoldered,xtail/passive_2/crate/was,-35.187888860702515,-13.445903778076172,-3.2473440170288086,0.0,6,2,-34.921957693994045,-12.696389876306057,-3.730926752090454,0.0,6,2,-0.2659311667084694,-0.7495139017701149,0.4835827350616455,0.0,0
xtail/passive_2/978,xtail,passive_2,978,978,A syllogism was ,.,swaddled,decamped,A syllogism was swaddled.,A syllogism was decamped.,quivered,xtail/passive_2/swaddle/was,-40.92807375639677,-15.456394754350185,-4.2819647789001465,0.0,8,3,-41.59088113903999,-17.605149745941162,-2.7960171699523926,0.0,7,2,0.6628073826432228,2.1487549915909767,-1.485947608947754,0.0,1
xtail/passive_2/979,xtail,passive_2,979,979,That dysgraphia was ,.,suckled,defecated,That dysgraphia was suckled.,That dysgraphia was defecated.,billeted,xtail/passive_2/suckle/was,-48.54888391494751,-19.563690662384033,-3.590893030166626,0.0,7,2,-45.77177882194519,-17.457487106323242,-2.9199914932250977,0.0,8,3,-2.7771050930023193,-2.106203556060791,-0.6709015369415283,0.0,0
xtail/passive_2/980,xtail,passive_2,980,980,Many manikins were ,.,obviated,teemed,Many manikins were obviated.,Many manikins were teemed.,jested,xtail/passive_2/obviate/was,-34.38122146949172,-15.354326140135527,-2.7729268074035645,0.0,8,3,-37.40416316688061,-16.83014154434204,-4.3200531005859375,0.0,7,2,3.0229416973888874,1.4758154042065144,1.547126293182373,0.0,1
xtail/passive_2/982,xtail,passive_2,982,982,Hubbies are ,.,hefted,hibernated,Hubbies are hefted.,Hubbies are hibernated.,slogged,xtail/passive_2/heft/was,-34.26924133300781,-16.80887246131897,-3.6855814456939697,0.0,6,3,-33.354591593146324,-17.3337395042181,-2.2460646629333496,0.0,7,4,-0.9146497398614883,0.5248670428991318,-1.4395167827606201,0.0,0
xtail/passive_2/983,xtail,passive_2,983,983,These individualists aren't ,.,mistrusted,coexisted,These individualists aren't mistrusted.,These individualists aren't coexisted.,pulsated,xtail/passive_2/mistrust/was,-40.034802690148354,-16.366336658596992,-2.01735782623291,0.0,8,3,-41.492099702358246,-16.513185739517212,-3.327805757522583,0.0,8,3,1.4572970122098923,0.14684908092021942,1.3104479312896729,0.0,1
xtail/passive_2/984,xtail,passive_2,984,984,Those perfumers aren't ,.,redressed,panted,Those perfumers aren't redressed.,Those perfumers aren't panted.,pulsated,xtail/passive_2/redress/was,-39.42873863875866,-16.540639877319336,-2.7142884731292725,0.0,7,2,-41.08411483466625,-17.470126152038574,-3.440178394317627,0.0,7,2,1.6553761959075928,0.9294862747192383,0.7258899211883545,0.0,1
xtail/passive_2/986,xtail,passive_2,986,986,The bootlegger is ,.,disabused,sidled,The bootlegger is disabused.,The bootlegger is sidled.,quivered,xtail/passive_2/disabuse/was,-36.89871799945831,-13.869264006614685,-2.873654365539551,0.0,8,3,-42.5466730594635,-17.896711349487305,-4.494162082672119,0.0,7,2,5.647955060005188,4.02744734287262,1.6205077171325684,0.0,1
xtail/passive_2/989,xtail,passive_2,989,989,Many collectivists were ,.,mulched,bustled,Many collectivists were mulched.,Many collectivists were bustled.,exulted,xtail/passive_2/mulch/was,-38.757723450660706,-15.6440110206604,-2.901031255722046,0.0,7,2,-40.91382110118866,-14.910594463348389,-5.790545463562012,0.0,7,2,2.156097650527954,-0.7334165573120117,2.889514207839966,0.0,1
xtail/passive_2/991,xtail,passive_2,991,991,Many cheesemongers were ,.,rearmed,tottered,Many cheesemongers were rearmed.,Many cheesemongers were tottered.,hitchhiked,xtail/passive_2/rearm/was,-36.01751688122749,-14.835883855819702,-2.724785804748535,0.0,8,2,-41.78460791707039,-17.34760856628418,-5.980152130126953,0.0,8,2,5.7670910358428955,2.5117247104644775,3.255366325378418,0.0,1
xtail/passive_2/993,xtail,passive_2,993,993,These podiatrists are ,.,sundered,eavesdropped,These podiatrists are sundered.,These podiatrists are eavesdropped.,picnicked,xtail/passive_2/sunder/was,-39.44664868712425,-21.011826038360596,-3.276066780090332,0.0,7,2,-41.67291656136513,-21.818619787693024,-4.695540904998779,0.0,9,4,2.2262678742408752,0.806793749332428,1.4194741249084473,0.0,1
xtail/passive_2/998,xtail,passive_2,998,998,An anorectic wasn't ,.,debugged,tingled,An anorectic wasn't debugged.,An anorectic wasn't tingled.,bantered,xtail/passive_2/debug/was,-45.64989024400711,-16.275559723377228,-2.1176204681396484,0.0,8,2,-49.25945234298706,-19.415324211120605,-2.5874180793762207,0.0,8,2,3.60956209897995,3.1397644877433777,0.46979761123657227,0.0,1
