pair_key,regime,subtask,context_id,subject,subject_class,direction,site,train_anchor,train_anchor_token_index,eval_source_anchor,eval_source_anchor_token_index,eval_anchor,eval_anchor_token_index,clean_verb,corrupt_verb,clean_source_zipf_regime,corrupt_source_zipf_regime,clean_inventory_source,corrupt_inventory_source,corrupt_metric,patched_metric,clean_metric,effect,normalized_effect,patched_success
head|causative|object_frame_overlay_subject_tomorrow_s01|overlay_subject_tomorrow_s01_baby|1|grow|react,head,causative,overlay_subject_tomorrow_s01_baby,baby,overlay_arg_1_match,bad_to_good,resid_post_layer_20,verb_final_subtoken,6,train_anchor,6,train_anchor,6,react,grow,head,head,freqblimp_curated,freqblimp_curated,3.999999761581421,5.375,1.125,1.375000238418579,-0.4782609921547427,1
head|causative|object_frame_overlay_subject_tomorrow_s01|overlay_subject_tomorrow_s01_baby|2|drop|reply,head,causative,overlay_subject_tomorrow_s01_baby,baby,overlay_arg_1_match,bad_to_good,resid_post_layer_20,verb_final_subtoken,6,train_anchor,6,train_anchor,6,reply,drop,head,head,freqblimp_curated,freqblimp_curated,1.0,6.0,3.687500238418579,5.0,1.860464951229987,1
head|causative|object_frame_overlay_subject_tomorrow_s01|overlay_subject_tomorrow_s01_baby|3|chip|appear,head,causative,overlay_subject_tomorrow_s01_baby,baby,overlay_arg_1_match,bad_to_good,resid_post_layer_20,verb_final_subtoken,6,train_anchor,6,train_anchor,6,appear,chip,head,head,freqblimp_curated,freqblimp_curated,-1.125,6.25,4.6875,7.375,1.2688172043010753,1
head|causative|object_frame_overlay_subject_tomorrow_s01|overlay_subject_tomorrow_s01_baby|4|move|die,head,causative,overlay_subject_tomorrow_s01_baby,baby,overlay_arg_1_match,bad_to_good,resid_post_layer_20,verb_final_subtoken,6,train_anchor,6,train_anchor,6,die,move,head,head,freqblimp_curated,freqblimp_curated,2.187499761581421,6.9375,6.687499523162842,4.75,1.0555555555555556,1
head|causative|object_frame_overlay_subject_tomorrow_s01|overlay_subject_tomorrow_s01_baby|5|slow|arrive,head,causative,overlay_subject_tomorrow_s01_baby,baby,overlay_arg_1_match,bad_to_good,resid_post_layer_20,verb_final_subtoken,6,train_anchor,6,train_anchor,6,arrive,slow,head,head,freqblimp_curated,freqblimp_curated,-1.187499761581421,6.125,6.0625,7.3125,1.0086206896551724,1
head|causative|object_frame_overlay_subject_tomorrow_s01|overlay_subject_tomorrow_s01_baby|6|worry|compete,head,causative,overlay_subject_tomorrow_s01_baby,baby,overlay_arg_1_match,bad_to_good,resid_post_layer_20,verb_final_subtoken,6,train_anchor,6,train_anchor,6,compete,worry,head,head,freqblimp_curated,freqblimp_curated,2.3125,3.875000238418579,2.375,1.562500238418579,25.000003814697266,1
head|causative|object_frame_overlay_subject_tomorrow_s01|overlay_subject_tomorrow_s01_baby|7|bake|exist,head,causative,overlay_subject_tomorrow_s01_baby,baby,overlay_arg_1_match,bad_to_good,resid_post_layer_20,verb_final_subtoken,6,train_anchor,6,train_anchor,6,exist,bake,head,head,freqblimp_curated,freqblimp_curated,0.1875,4.9375,4.0,4.75,1.2459016393442623,1
head|causative|object_frame_overlay_subject_tomorrow_s01|overlay_subject_tomorrow_s01_baby|8|accelerate|cough,head,causative,overlay_subject_tomorrow_s01_baby,baby,overlay_arg_1_match,bad_to_good,resid_post_layer_20,verb_final_subtoken,6,train_anchor,6,train_anchor,6,cough,accelerate,head,head,freqblimp_curated,freqblimp_curated,0.6875,5.4375,4.25,4.75,1.3333333333333333,1
head|causative|object_frame_overlay_subject_tomorrow_s01|overlay_subject_tomorrow_s01_baby|9|benefit|vanish,head,causative,overlay_subject_tomorrow_s01_baby,baby,overlay_arg_1_match,bad_to_good,resid_post_layer_20,verb_final_subtoken,6,train_anchor,6,train_anchor,6,vanish,benefit,head,head,freqblimp_curated,freqblimp_curated,1.375,4.375,5.4375,3.0,0.7384615384615385,1
head|causative|object_frame_overlay_subject_tomorrow_s01|overlay_subject_tomorrow_s01_baby|10|melt|boast,head,causative,overlay_subject_tomorrow_s01_baby,baby,overlay_arg_1_match,bad_to_good,resid_post_layer_20,verb_final_subtoken,6,train_anchor,6,train_anchor,6,boast,melt,head,head,freqblimp_curated,freqblimp_curated,0.4375,-2.0625,-2.6875,-2.5,0.8,0
head|causative|object_frame_overlay_subject_tomorrow_s01|overlay_subject_tomorrow_s01_baby|11|roll|disagree,head,causative,overlay_subject_tomorrow_s01_baby,baby,overlay_arg_1_match,bad_to_good,resid_post_layer_20,verb_final_subtoken,6,train_anchor,6,train_anchor,6,disagree,roll,head,head,freqblimp_curated,freqblimp_curated,2.312500238418579,6.4375,6.125,4.125,1.0819672807766825,1
head|causative|object_frame_overlay_subject_tomorrow_s01|overlay_subject_tomorrow_s01_baby|13|awaken|smile,head,causative,overlay_subject_tomorrow_s01_baby,baby,overlay_arg_1_match,bad_to_good,resid_post_layer_20,verb_final_subtoken,6,train_anchor,6,train_anchor,6,smile,awaken,head,head,freqblimp_curated,freqblimp_curated,4.375,6.0625,3.0625,1.6875,-1.2857142857142858,1
head|causative|object_frame_overlay_subject_tomorrow_s01|overlay_subject_tomorrow_s01_baby|14|change|lie,head,causative,overlay_subject_tomorrow_s01_baby,baby,overlay_arg_1_match,bad_to_good,resid_post_layer_20,verb_final_subtoken,6,train_anchor,6,train_anchor,6,lie,change,head,head,freqblimp_curated,freqblimp_curated,0.125,3.625,1.4375,3.5,2.6666666666666665,1
head|causative|object_frame_overlay_subject_tomorrow_s01|overlay_subject_tomorrow_s01_baby|15|shut|respond,head,causative,overlay_subject_tomorrow_s01_baby,baby,overlay_arg_1_match,bad_to_good,resid_post_layer_20,verb_final_subtoken,6,train_anchor,6,train_anchor,6,respond,shut,head,head,freqblimp_curated,freqblimp_curated,-3.0,5.625,2.8125,8.625,1.4838709677419355,1
head|causative|object_frame_overlay_subject_tomorrow_s01|overlay_subject_tomorrow_s01_baby|16|crash|struggle,head,causative,overlay_subject_tomorrow_s01_baby,baby,overlay_arg_1_match,bad_to_good,resid_post_layer_20,verb_final_subtoken,6,train_anchor,6,train_anchor,6,struggle,crash,head,head,freqblimp_curated,freqblimp_curated,1.562499761581421,4.5625,3.4375,3.000000238418579,1.5999999237060645,1
head|causative|object_frame_overlay_subject_tomorrow_s01|overlay_subject_tomorrow_s01_baby|17|fold|cry,head,causative,overlay_subject_tomorrow_s01_baby,baby,overlay_arg_1_match,bad_to_good,resid_post_layer_20,verb_final_subtoken,6,train_anchor,6,train_anchor,6,cry,fold,head,head,freqblimp_curated,freqblimp_curated,0.0,5.625,3.1875,5.625,1.7647058823529411,1
head|causative|object_frame_overlay_subject_tomorrow_s01|overlay_subject_tomorrow_s01_baby|19|fade|chat,head,causative,overlay_subject_tomorrow_s01_baby,baby,overlay_arg_1_match,bad_to_good,resid_post_layer_20,verb_final_subtoken,6,train_anchor,6,train_anchor,6,chat,fade,head,head,freqblimp_curated,freqblimp_curated,4.1875,4.5,1.937499761581421,0.3125,-0.1388888741716942,1
head|causative|object_frame_overlay_subject_tomorrow_s01|overlay_subject_tomorrow_s01_baby|20|stretch|testify,head,causative,overlay_subject_tomorrow_s01_baby,baby,overlay_arg_1_match,bad_to_good,resid_post_layer_20,verb_final_subtoken,6,train_anchor,6,train_anchor,6,testify,stretch,head,head,freqblimp_curated,freqblimp_curated,-0.4375,4.875,3.8125,5.3125,1.25,1
head|causative|object_frame_overlay_subject_tomorrow_s01|overlay_subject_tomorrow_s01_baby|21|dry|scream,head,causative,overlay_subject_tomorrow_s01_baby,baby,overlay_arg_1_match,bad_to_good,resid_post_layer_20,verb_final_subtoken,6,train_anchor,6,train_anchor,6,scream,dry,head,head,freqblimp_curated,freqblimp_curated,1.125,6.375,2.3125,5.25,4.421052631578948,1
head|causative|object_frame_overlay_subject_lab_s00|overlay_subject_lab_s00_nationalist|0|fade|disagree,head,causative,overlay_subject_lab_s00_nationalist,nationalist,overlay_arg_1_match,bad_to_good,resid_post_layer_20,verb_final_subtoken,7,train_anchor,7,train_anchor,7,disagree,fade,head,head,freqblimp_curated,freqblimp_curated,3.3125,5.8125,4.0,2.5,3.6363636363636362,1
head|causative|object_frame_overlay_subject_lab_s00|overlay_subject_lab_s00_nationalist|3|bake|cry,head,causative,overlay_subject_lab_s00_nationalist,nationalist,overlay_arg_1_match,bad_to_good,resid_post_layer_20,verb_final_subtoken,7,train_anchor,7,train_anchor,7,cry,bake,head,head,freqblimp_curated,freqblimp_curated,-2.5625,2.75,-0.0625,5.3125,2.125,1
head|causative|object_frame_overlay_subject_lab_s00|overlay_subject_lab_s00_nationalist|5|chip|respond,head,causative,overlay_subject_lab_s00_nationalist,nationalist,overlay_arg_1_match,bad_to_good,resid_post_layer_20,verb_final_subtoken,7,train_anchor,7,train_anchor,7,respond,chip,head,head,freqblimp_curated,freqblimp_curated,-2.125,4.750000476837158,0.0,6.875000476837158,3.2352943420410156,1
head|causative|object_frame_overlay_subject_lab_s00|overlay_subject_lab_s00_nationalist|6|turn|boast,head,causative,overlay_subject_lab_s00_nationalist,nationalist,overlay_arg_1_match,bad_to_good,resid_post_layer_20,verb_final_subtoken,7,train_anchor,7,train_anchor,7,boast,turn,head,head,freqblimp_curated,freqblimp_curated,-4.9375,0.375,-0.875,5.3125,1.3076923076923077,1
head|causative|object_frame_overlay_subject_lab_s00|overlay_subject_lab_s00_nationalist|7|slow|react,head,causative,overlay_subject_lab_s00_nationalist,nationalist,overlay_arg_1_match,bad_to_good,resid_post_layer_20,verb_final_subtoken,7,train_anchor,7,train_anchor,7,react,slow,head,head,freqblimp_curated,freqblimp_curated,-4.125,4.0625,-0.125,8.1875,2.046875,1
head|causative|object_frame_overlay_subject_lab_s00|overlay_subject_lab_s00_nationalist|9|shrink|struggle,head,causative,overlay_subject_lab_s00_nationalist,nationalist,overlay_arg_1_match,bad_to_good,resid_post_layer_20,verb_final_subtoken,7,train_anchor,7,train_anchor,7,struggle,shrink,head,head,freqblimp_curated,freqblimp_curated,-1.4375,4.8125,3.125,6.25,1.36986301369863,1
head|causative|object_frame_overlay_subject_lab_s00|overlay_subject_lab_s00_nationalist|11|awaken|compete,head,causative,overlay_subject_lab_s00_nationalist,nationalist,overlay_arg_1_match,bad_to_good,resid_post_layer_20,verb_final_subtoken,7,train_anchor,7,train_anchor,7,compete,awaken,head,head,freqblimp_curated,freqblimp_curated,-0.8125,3.625,1.5625,4.4375,1.868421052631579,1
head|causative|object_frame_overlay_subject_lab_s00|overlay_subject_lab_s00_nationalist|12|grow|complain,head,causative,overlay_subject_lab_s00_nationalist,nationalist,overlay_arg_1_match,bad_to_good,resid_post_layer_20,verb_final_subtoken,7,train_anchor,7,train_anchor,7,complain,grow,head,head,freqblimp_curated,freqblimp_curated,-0.9375,5.75,1.0,6.6875,3.4516129032258065,1
head|causative|object_frame_overlay_subject_lab_s00|overlay_subject_lab_s00_nationalist|13|dim|vanish,head,causative,overlay_subject_lab_s00_nationalist,nationalist,overlay_arg_1_match,bad_to_good,resid_post_layer_20,verb_final_subtoken,7,train_anchor,7,train_anchor,7,vanish,dim,head,head,freqblimp_curated,freqblimp_curated,-3.687499761581421,3.9375,3.875000238418579,7.625,1.0082644628099173,1
head|causative|object_frame_overlay_subject_lab_s00|overlay_subject_lab_s00_nationalist|15|change|testify,head,causative,overlay_subject_lab_s00_nationalist,nationalist,overlay_arg_1_match,bad_to_good,resid_post_layer_20,verb_final_subtoken,7,train_anchor,7,train_anchor,7,testify,change,head,head,freqblimp_curated,freqblimp_curated,-1.8750001192092896,2.8125,1.0625,4.6875,1.5957446808510638,1
head|causative|object_frame_overlay_subject_lab_s00|overlay_subject_lab_s00_nationalist|16|burn|disappear,head,causative,overlay_subject_lab_s00_nationalist,nationalist,overlay_arg_1_match,bad_to_good,resid_post_layer_20,verb_final_subtoken,7,train_anchor,7,train_anchor,7,disappear,burn,head,head,freqblimp_curated,freqblimp_curated,-3.1875,5.125,3.624999761581421,8.3125,1.2201834862385321,1
head|causative|object_frame_overlay_subject_lab_s00|overlay_subject_lab_s00_nationalist|17|roll|die,head,causative,overlay_subject_lab_s00_nationalist,nationalist,overlay_arg_1_match,bad_to_good,resid_post_layer_20,verb_final_subtoken,7,train_anchor,7,train_anchor,7,die,roll,head,head,freqblimp_curated,freqblimp_curated,-4.0,3.000000238418579,2.75,7.0,1.037037037037037,1
head|causative|object_frame_overlay_subject_lab_s00|overlay_subject_lab_s00_nationalist|18|open|arrive,head,causative,overlay_subject_lab_s00_nationalist,nationalist,overlay_arg_1_match,bad_to_good,resid_post_layer_20,verb_final_subtoken,7,train_anchor,7,train_anchor,7,arrive,open,head,head,freqblimp_curated,freqblimp_curated,-6.375,3.624999761581421,2.125,10.0,1.1764705882352942,1
head|causative|object_frame_overlay_subject_lab_s00|overlay_subject_lab_s00_nationalist|19|benefit|laugh,head,causative,overlay_subject_lab_s00_nationalist,nationalist,overlay_arg_1_match,bad_to_good,resid_post_layer_20,verb_final_subtoken,7,train_anchor,7,train_anchor,7,laugh,benefit,head,head,freqblimp_curated,freqblimp_curated,0.3125,2.875000238418579,2.0625,2.562500238418579,1.4642858505249023,1
head|causative|object_frame_overlay_subject_lab_s00|overlay_subject_lab_s00_nationalist|20|freeze|reply,head,causative,overlay_subject_lab_s00_nationalist,nationalist,overlay_arg_1_match,bad_to_good,resid_post_layer_20,verb_final_subtoken,7,train_anchor,7,train_anchor,7,reply,freeze,head,head,freqblimp_curated,freqblimp_curated,-1.8125,5.8125,1.125,7.625,2.595744680851064,1
head|causative|object_frame_overlay_subject_tomorrow_s00|overlay_subject_tomorrow_s00_babe|0|fade|vanish,head,causative,overlay_subject_tomorrow_s00_babe,babe,overlay_arg_1_match,bad_to_good,resid_post_layer_20,verb_final_subtoken,7,train_anchor,7,train_anchor,7,vanish,fade,head,head,freqblimp_curated,freqblimp_curated,4.375,5.875,5.3125,1.5,1.6,1
head|causative|object_frame_overlay_subject_tomorrow_s00|overlay_subject_tomorrow_s00_babe|1|open|exist,head,causative,overlay_subject_tomorrow_s00_babe,babe,overlay_arg_1_match,bad_to_good,resid_post_layer_20,verb_final_subtoken,7,train_anchor,7,train_anchor,7,exist,open,head,head,freqblimp_curated,freqblimp_curated,-2.000000238418579,4.9375,4.0,6.9375,1.15625,1
head|causative|object_frame_overlay_subject_tomorrow_s00|overlay_subject_tomorrow_s00_babe|2|slow|arrive,head,causative,overlay_subject_tomorrow_s00_babe,babe,overlay_arg_1_match,bad_to_good,resid_post_layer_20,verb_final_subtoken,7,train_anchor,7,train_anchor,7,arrive,slow,head,head,freqblimp_curated,freqblimp_curated,-0.0625,5.75,5.8125,5.8125,0.9893617021276596,1
head|causative|object_frame_overlay_subject_tomorrow_s00|overlay_subject_tomorrow_s00_babe|3|crack|complain,head,causative,overlay_subject_tomorrow_s00_babe,babe,overlay_arg_1_match,bad_to_good,resid_post_layer_20,verb_final_subtoken,7,train_anchor,7,train_anchor,7,complain,crack,head,head,freqblimp_curated,freqblimp_curated,-0.125,4.875,2.1875,5.0,2.1621621621621623,1
head|causative|object_frame_overlay_subject_tomorrow_s00|overlay_subject_tomorrow_s00_babe|4|twist|testify,head,causative,overlay_subject_tomorrow_s00_babe,babe,overlay_arg_1_match,bad_to_good,resid_post_layer_20,verb_final_subtoken,7,train_anchor,7,train_anchor,7,testify,twist,head,head,freqblimp_curated,freqblimp_curated,-1.687500238418579,4.0625,3.499999761581421,5.75,1.108433734939759,1
head|causative|object_frame_overlay_subject_tomorrow_s00|overlay_subject_tomorrow_s00_babe|6|burn|lie,head,causative,overlay_subject_tomorrow_s00_babe,babe,overlay_arg_1_match,bad_to_good,resid_post_layer_20,verb_final_subtoken,7,train_anchor,7,train_anchor,7,lie,burn,head,head,freqblimp_curated,freqblimp_curated,1.0625,2.9375,0.875,1.875,-10.0,1
head|causative|object_frame_overlay_subject_tomorrow_s00|overlay_subject_tomorrow_s00_babe|7|awaken|appear,head,causative,overlay_subject_tomorrow_s00_babe,babe,overlay_arg_1_match,bad_to_good,resid_post_layer_20,verb_final_subtoken,7,train_anchor,7,train_anchor,7,appear,awaken,head,head,freqblimp_curated,freqblimp_curated,3.999999761581421,6.0625,5.0625,2.062500238418579,1.9411762593939703,1
head|causative|object_frame_overlay_subject_tomorrow_s00|overlay_subject_tomorrow_s00_babe|8|roll|struggle,head,causative,overlay_subject_tomorrow_s00_babe,babe,overlay_arg_1_match,bad_to_good,resid_post_layer_20,verb_final_subtoken,7,train_anchor,7,train_anchor,7,struggle,roll,head,head,freqblimp_curated,freqblimp_curated,1.625,3.9375,2.75,2.3125,2.0555555555555554,1
head|causative|object_frame_overlay_subject_tomorrow_s00|overlay_subject_tomorrow_s00_babe|10|crash|scream,head,causative,overlay_subject_tomorrow_s00_babe,babe,overlay_arg_1_match,bad_to_good,resid_post_layer_20,verb_final_subtoken,7,train_anchor,7,train_anchor,7,scream,crash,head,head,freqblimp_curated,freqblimp_curated,0.9375,5.5,2.25,4.5625,3.4761904761904763,1
head|causative|object_frame_overlay_subject_tomorrow_s00|overlay_subject_tomorrow_s00_babe|11|close|disagree,head,causative,overlay_subject_tomorrow_s00_babe,babe,overlay_arg_1_match,bad_to_good,resid_post_layer_20,verb_final_subtoken,7,train_anchor,7,train_anchor,7,disagree,close,head,head,freqblimp_curated,freqblimp_curated,-2.25,6.375,5.4375,8.625,1.1219512195121952,1
head|causative|object_frame_overlay_subject_tomorrow_s00|overlay_subject_tomorrow_s00_babe|12|move|boast,head,causative,overlay_subject_tomorrow_s00_babe,babe,overlay_arg_1_match,bad_to_good,resid_post_layer_20,verb_final_subtoken,7,train_anchor,7,train_anchor,7,boast,move,head,head,freqblimp_curated,freqblimp_curated,1.25,2.875,-0.625,1.625,-0.8666666666666667,1
head|causative|object_frame_overlay_subject_tomorrow_s00|overlay_subject_tomorrow_s00_babe|13|shut|laugh,head,causative,overlay_subject_tomorrow_s00_babe,babe,overlay_arg_1_match,bad_to_good,resid_post_layer_20,verb_final_subtoken,7,train_anchor,7,train_anchor,7,laugh,shut,head,head,freqblimp_curated,freqblimp_curated,-3.375,5.0,2.75,8.375,1.3673469387755102,1
head|causative|object_frame_overlay_subject_tomorrow_s00|overlay_subject_tomorrow_s00_babe|14|shrink|smile,head,causative,overlay_subject_tomorrow_s00_babe,babe,overlay_arg_1_match,bad_to_good,resid_post_layer_20,verb_final_subtoken,7,train_anchor,7,train_anchor,7,smile,shrink,head,head,freqblimp_curated,freqblimp_curated,2.3125,6.0,2.375,3.6875,59.0,1
head|causative|object_frame_overlay_subject_tomorrow_s00|overlay_subject_tomorrow_s00_babe|16|bake|die,head,causative,overlay_subject_tomorrow_s00_babe,babe,overlay_arg_1_match,bad_to_good,resid_post_layer_20,verb_final_subtoken,7,train_anchor,7,train_anchor,7,die,bake,head,head,freqblimp_curated,freqblimp_curated,-0.9375,6.25,6.1875,7.1875,1.0087719298245614,1
head|causative|object_frame_overlay_subject_tomorrow_s00|overlay_subject_tomorrow_s00_babe|17|fold|reply,head,causative,overlay_subject_tomorrow_s00_babe,babe,overlay_arg_1_match,bad_to_good,resid_post_layer_20,verb_final_subtoken,7,train_anchor,7,train_anchor,7,reply,fold,head,head,freqblimp_curated,freqblimp_curated,-0.1875,5.4375,4.0,5.625,1.3432835820895523,1
head|causative|object_frame_overlay_subject_tomorrow_s00|overlay_subject_tomorrow_s00_babe|18|dry|react,head,causative,overlay_subject_tomorrow_s00_babe,babe,overlay_arg_1_match,bad_to_good,resid_post_layer_20,verb_final_subtoken,7,train_anchor,7,train_anchor,7,react,dry,head,head,freqblimp_curated,freqblimp_curated,1.1875,5.3125,1.875,4.125,6.0,1
head|causative|object_frame_overlay_subject_tomorrow_s00|overlay_subject_tomorrow_s00_babe|19|dim|respond,head,causative,overlay_subject_tomorrow_s00_babe,babe,overlay_arg_1_match,bad_to_good,resid_post_layer_20,verb_final_subtoken,7,train_anchor,7,train_anchor,7,respond,dim,head,head,freqblimp_curated,freqblimp_curated,-0.1875,5.8125,3.6875,6.0,1.5483870967741935,1
head|causative|object_frame_overlay_subject_tomorrow_s00|overlay_subject_tomorrow_s00_babe|20|soak|cry,head,causative,overlay_subject_tomorrow_s00_babe,babe,overlay_arg_1_match,bad_to_good,resid_post_layer_20,verb_final_subtoken,7,train_anchor,7,train_anchor,7,cry,soak,head,head,freqblimp_curated,freqblimp_curated,-1.249999761581421,3.0625,2.9375,4.3125,1.0298507462686568,1
head|causative|object_frame_overlay_subject_tomorrow_s00|overlay_subject_tomorrow_s00_babe|21|accelerate|chat,head,causative,overlay_subject_tomorrow_s00_babe,babe,overlay_arg_1_match,bad_to_good,resid_post_layer_20,verb_final_subtoken,7,train_anchor,7,train_anchor,7,chat,accelerate,head,head,freqblimp_curated,freqblimp_curated,-0.1875,4.0625,1.4375,4.25,2.6153846153846154,1
head|causative|object_frame_overlay_subject_check_s02|overlay_subject_check_s02_ragpicker|0|close|testify,head,causative,overlay_subject_check_s02_ragpicker,ragpicker,overlay_arg_1_match,bad_to_good,resid_post_layer_20,verb_final_subtoken,8,train_anchor,8,train_anchor,8,testify,close,head,head,freqblimp_curated,freqblimp_curated,-8.0625,2.374999761581421,-0.625,10.4375,1.403361344537815,1
head|causative|object_frame_overlay_subject_check_s02|overlay_subject_check_s02_ragpicker|1|grow|laugh,head,causative,overlay_subject_check_s02_ragpicker,ragpicker,overlay_arg_1_match,bad_to_good,resid_post_layer_20,verb_final_subtoken,8,train_anchor,8,train_anchor,8,laugh,grow,head,head,freqblimp_curated,freqblimp_curated,-2.0,7.437500476837158,3.0,9.4375,1.8875,1
head|causative|object_frame_overlay_subject_check_s02|overlay_subject_check_s02_ragpicker|2|crash|exist,head,causative,overlay_subject_check_s02_ragpicker,ragpicker,overlay_arg_1_match,bad_to_good,resid_post_layer_20,verb_final_subtoken,8,train_anchor,8,train_anchor,8,exist,crash,head,head,freqblimp_curated,freqblimp_curated,-2.25,0.375,0.1875,2.625,1.0769230769230769,1
head|causative|object_frame_overlay_subject_check_s02|overlay_subject_check_s02_ragpicker|4|worry|arrive,head,causative,overlay_subject_check_s02_ragpicker,ragpicker,overlay_arg_1_match,bad_to_good,resid_post_layer_20,verb_final_subtoken,8,train_anchor,8,train_anchor,8,arrive,worry,head,head,freqblimp_curated,freqblimp_curated,-1.1875,2.312499761581421,2.0,3.499999761581421,1.0980391408882888,1
head|causative|object_frame_overlay_subject_check_s02|overlay_subject_check_s02_ragpicker|6|bake|appear,head,causative,overlay_subject_check_s02_ragpicker,ragpicker,overlay_arg_1_match,bad_to_good,resid_post_layer_20,verb_final_subtoken,8,train_anchor,8,train_anchor,8,appear,bake,head,head,freqblimp_curated,freqblimp_curated,-5.3125,2.0,0.5,7.3125,1.2580645161290323,1
head|causative|object_frame_overlay_subject_check_s02|overlay_subject_check_s02_ragpicker|7|awaken|scream,head,causative,overlay_subject_check_s02_ragpicker,ragpicker,overlay_arg_1_match,bad_to_good,resid_post_layer_20,verb_final_subtoken,8,train_anchor,8,train_anchor,8,scream,awaken,head,head,freqblimp_curated,freqblimp_curated,-1.9375,4.3125,1.437500238418579,6.25,1.8518517210323389,1
head|causative|object_frame_overlay_subject_check_s02|overlay_subject_check_s02_ragpicker|8|burn|die,head,causative,overlay_subject_check_s02_ragpicker,ragpicker,overlay_arg_1_match,bad_to_good,resid_post_layer_20,verb_final_subtoken,8,train_anchor,8,train_anchor,8,die,burn,head,head,freqblimp_curated,freqblimp_curated,-6.5,4.9375,3.375,11.4375,1.1582278481012658,1
head|causative|object_frame_overlay_subject_check_s02|overlay_subject_check_s02_ragpicker|10|shrink|chat,head,causative,overlay_subject_check_s02_ragpicker,ragpicker,overlay_arg_1_match,bad_to_good,resid_post_layer_20,verb_final_subtoken,8,train_anchor,8,train_anchor,8,chat,shrink,head,head,freqblimp_curated,freqblimp_curated,-4.0625,3.125,-0.6875,7.1875,2.1296296296296298,1
head|causative|object_frame_overlay_subject_check_s02|overlay_subject_check_s02_ragpicker|11|benefit|boast,head,causative,overlay_subject_check_s02_ragpicker,ragpicker,overlay_arg_1_match,bad_to_good,resid_post_layer_20,verb_final_subtoken,8,train_anchor,8,train_anchor,8,boast,benefit,head,head,freqblimp_curated,freqblimp_curated,-1.625,1.125,-1.5625,2.75,44.0,1
head|causative|object_frame_overlay_subject_check_s02|overlay_subject_check_s02_ragpicker|12|stop|reply,head,causative,overlay_subject_check_s02_ragpicker,ragpicker,overlay_arg_1_match,bad_to_good,resid_post_layer_20,verb_final_subtoken,8,train_anchor,8,train_anchor,8,reply,stop,head,head,freqblimp_curated,freqblimp_curated,-3.312500238418579,3.6875,-0.9375,7.0,2.947368125175865,1
head|causative|object_frame_overlay_subject_check_s02|overlay_subject_check_s02_ragpicker|13|move|cough,head,causative,overlay_subject_check_s02_ragpicker,ragpicker,overlay_arg_1_match,bad_to_good,resid_post_layer_20,verb_final_subtoken,8,train_anchor,8,train_anchor,8,cough,move,head,head,freqblimp_curated,freqblimp_curated,-7.4375,2.0625,1.25,9.5,1.0935251798561152,1
head|causative|object_frame_overlay_subject_check_s02|overlay_subject_check_s02_ragpicker|14|drop|struggle,head,causative,overlay_subject_check_s02_ragpicker,ragpicker,overlay_arg_1_match,bad_to_good,resid_post_layer_20,verb_final_subtoken,8,train_anchor,8,train_anchor,8,struggle,drop,head,head,freqblimp_curated,freqblimp_curated,-9.25,2.875,1.1875,12.125,1.1616766467065869,1
head|causative|object_frame_overlay_subject_check_s02|overlay_subject_check_s02_ragpicker|15|roll|disagree,head,causative,overlay_subject_check_s02_ragpicker,ragpicker,overlay_arg_1_match,bad_to_good,resid_post_layer_20,verb_final_subtoken,8,train_anchor,8,train_anchor,8,disagree,roll,head,head,freqblimp_curated,freqblimp_curated,-9.5,1.875,0.3125,11.375,1.1592356687898089,1
head|causative|object_frame_overlay_subject_check_s02|overlay_subject_check_s02_ragpicker|16|turn|lie,head,causative,overlay_subject_check_s02_ragpicker,ragpicker,overlay_arg_1_match,bad_to_good,resid_post_layer_20,verb_final_subtoken,8,train_anchor,8,train_anchor,8,lie,turn,head,head,freqblimp_curated,freqblimp_curated,-5.8125,1.875,-0.1875,7.6875,1.3666666666666667,1
head|causative|object_frame_overlay_subject_check_s02|overlay_subject_check_s02_ragpicker|17|accelerate|compete,head,causative,overlay_subject_check_s02_ragpicker,ragpicker,overlay_arg_1_match,bad_to_good,resid_post_layer_20,verb_final_subtoken,8,train_anchor,8,train_anchor,8,compete,accelerate,head,head,freqblimp_curated,freqblimp_curated,-3.375,1.125,-0.4375,4.5,1.5319148936170213,1
head|causative|object_frame_overlay_subject_check_s02|overlay_subject_check_s02_ragpicker|18|fade|disappear,head,causative,overlay_subject_check_s02_ragpicker,ragpicker,overlay_arg_1_match,bad_to_good,resid_post_layer_20,verb_final_subtoken,8,train_anchor,8,train_anchor,8,disappear,fade,head,head,freqblimp_curated,freqblimp_curated,-5.5,1.1875,2.375,6.6875,0.8492063492063492,1
head|causative|object_frame_overlay_subject_check_s02|overlay_subject_check_s02_ragpicker|20|open|vanish,head,causative,overlay_subject_check_s02_ragpicker,ragpicker,overlay_arg_1_match,bad_to_good,resid_post_layer_20,verb_final_subtoken,8,train_anchor,8,train_anchor,8,vanish,open,head,head,freqblimp_curated,freqblimp_curated,-9.03125,3.125,2.1875,12.15625,1.083565459610028,1
head|causative|object_frame_overlay_subject_check_s02|overlay_subject_check_s02_ragpicker|21|crack|respond,head,causative,overlay_subject_check_s02_ragpicker,ragpicker,overlay_arg_1_match,bad_to_good,resid_post_layer_20,verb_final_subtoken,8,train_anchor,8,train_anchor,8,respond,crack,head,head,freqblimp_curated,freqblimp_curated,-6.4375,3.8125,0.1875,10.25,1.5471698113207548,1
head|causative|object_frame_overlay_subject_lab_s01|overlay_subject_lab_s01_nativist|0|crash|die,head,causative,overlay_subject_lab_s01_nativist,nativist,overlay_arg_1_match,bad_to_good,resid_post_layer_20,verb_final_subtoken,8,train_anchor,8,train_anchor,8,die,crash,head,head,freqblimp_curated,freqblimp_curated,-2.9375,4.8125,2.9375,7.75,1.3191489361702127,1
head|causative|object_frame_overlay_subject_lab_s01|overlay_subject_lab_s01_nativist|1|shut|disagree,head,causative,overlay_subject_lab_s01_nativist,nativist,overlay_arg_1_match,bad_to_good,resid_post_layer_20,verb_final_subtoken,8,train_anchor,8,train_anchor,8,disagree,shut,head,head,freqblimp_curated,freqblimp_curated,-6.875,7.1875,4.75,14.0625,1.2096774193548387,1
head|causative|object_frame_overlay_subject_lab_s01|overlay_subject_lab_s01_nativist|2|open|boast,head,causative,overlay_subject_lab_s01_nativist,nativist,overlay_arg_1_match,bad_to_good,resid_post_layer_20,verb_final_subtoken,8,train_anchor,8,train_anchor,8,boast,open,head,head,freqblimp_curated,freqblimp_curated,-7.25,0.9375,-0.6875,8.1875,1.2476190476190476,1
head|causative|object_frame_overlay_subject_lab_s01|overlay_subject_lab_s01_nativist|3|twist|testify,head,causative,overlay_subject_lab_s01_nativist,nativist,overlay_arg_1_match,bad_to_good,resid_post_layer_20,verb_final_subtoken,8,train_anchor,8,train_anchor,8,testify,twist,head,head,freqblimp_curated,freqblimp_curated,-4.625,3.25,1.3125,7.875,1.3263157894736841,1
head|causative|object_frame_overlay_subject_lab_s01|overlay_subject_lab_s01_nativist|4|move|cough,head,causative,overlay_subject_lab_s01_nativist,nativist,overlay_arg_1_match,bad_to_good,resid_post_layer_20,verb_final_subtoken,8,train_anchor,8,train_anchor,8,cough,move,head,head,freqblimp_curated,freqblimp_curated,-3.999999761581421,2.5,1.187499761581421,6.5,1.2530121633701705,1
head|causative|object_frame_overlay_subject_lab_s01|overlay_subject_lab_s01_nativist|5|worry|chat,head,causative,overlay_subject_lab_s01_nativist,nativist,overlay_arg_1_match,bad_to_good,resid_post_layer_20,verb_final_subtoken,8,train_anchor,8,train_anchor,8,chat,worry,head,head,freqblimp_curated,freqblimp_curated,-0.0625,2.812499761581421,-0.5625,2.874999761581421,-5.749999523162842,1
head|causative|object_frame_overlay_subject_lab_s01|overlay_subject_lab_s01_nativist|6|soak|exist,head,causative,overlay_subject_lab_s01_nativist,nativist,overlay_arg_1_match,bad_to_good,resid_post_layer_20,verb_final_subtoken,8,train_anchor,8,train_anchor,8,exist,soak,head,head,freqblimp_curated,freqblimp_curated,-6.9375,2.624999761581421,2.625,9.5625,1.0,1
head|causative|object_frame_overlay_subject_lab_s01|overlay_subject_lab_s01_nativist|7|melt|reply,head,causative,overlay_subject_lab_s01_nativist,nativist,overlay_arg_1_match,bad_to_good,resid_post_layer_20,verb_final_subtoken,8,train_anchor,8,train_anchor,8,reply,melt,head,head,freqblimp_curated,freqblimp_curated,-3.687500238418579,6.312500476837158,1.9375,10.000000953674316,1.7777779473198785,1
head|causative|object_frame_overlay_subject_lab_s01|overlay_subject_lab_s01_nativist|8|accelerate|vanish,head,causative,overlay_subject_lab_s01_nativist,nativist,overlay_arg_1_match,bad_to_good,resid_post_layer_20,verb_final_subtoken,8,train_anchor,8,train_anchor,8,vanish,accelerate,head,head,freqblimp_curated,freqblimp_curated,-3.875,4.125,3.125,8.0,1.1428571428571428,1
head|causative|object_frame_overlay_subject_lab_s01|overlay_subject_lab_s01_nativist|9|crack|complain,head,causative,overlay_subject_lab_s01_nativist,nativist,overlay_arg_1_match,bad_to_good,resid_post_layer_20,verb_final_subtoken,8,train_anchor,8,train_anchor,8,complain,crack,head,head,freqblimp_curated,freqblimp_curated,-5.1875,5.3125,1.4375,10.5,1.5849056603773586,1
head|causative|object_frame_overlay_subject_lab_s01|overlay_subject_lab_s01_nativist|10|drop|respond,head,causative,overlay_subject_lab_s01_nativist,nativist,overlay_arg_1_match,bad_to_good,resid_post_layer_20,verb_final_subtoken,8,train_anchor,8,train_anchor,8,respond,drop,head,head,freqblimp_curated,freqblimp_curated,-6.46875,4.4375,-0.0625,10.90625,1.7024390243902439,1
head|causative|object_frame_overlay_subject_lab_s01|overlay_subject_lab_s01_nativist|11|close|laugh,head,causative,overlay_subject_lab_s01_nativist,nativist,overlay_arg_1_match,bad_to_good,resid_post_layer_20,verb_final_subtoken,8,train_anchor,8,train_anchor,8,laugh,close,head,head,freqblimp_curated,freqblimp_curated,-5.25,4.4375,2.875,9.6875,1.1923076923076923,1
head|causative|object_frame_overlay_subject_lab_s01|overlay_subject_lab_s01_nativist|13|roll|disappear,head,causative,overlay_subject_lab_s01_nativist,nativist,overlay_arg_1_match,bad_to_good,resid_post_layer_20,verb_final_subtoken,8,train_anchor,8,train_anchor,8,disappear,roll,head,head,freqblimp_curated,freqblimp_curated,-5.375,3.374999761581421,3.625,8.75,0.9722222222222222,1
head|causative|object_frame_overlay_subject_lab_s01|overlay_subject_lab_s01_nativist|14|shrink|struggle,head,causative,overlay_subject_lab_s01_nativist,nativist,overlay_arg_1_match,bad_to_good,resid_post_layer_20,verb_final_subtoken,8,train_anchor,8,train_anchor,8,struggle,shrink,head,head,freqblimp_curated,freqblimp_curated,-2.5625,4.4375,2.75,7.0,1.3176470588235294,1
head|causative|object_frame_overlay_subject_lab_s01|overlay_subject_lab_s01_nativist|15|warp|compete,head,causative,overlay_subject_lab_s01_nativist,nativist,overlay_arg_1_match,bad_to_good,resid_post_layer_20,verb_final_subtoken,8,train_anchor,8,train_anchor,8,compete,warp,head,head,freqblimp_curated,freqblimp_curated,-5.125,3.625,0.25,8.75,1.627906976744186,1
head|causative|object_frame_overlay_subject_lab_s01|overlay_subject_lab_s01_nativist|16|freeze|appear,head,causative,overlay_subject_lab_s01_nativist,nativist,overlay_arg_1_match,bad_to_good,resid_post_layer_20,verb_final_subtoken,8,train_anchor,8,train_anchor,8,appear,freeze,head,head,freqblimp_curated,freqblimp_curated,-4.375,3.5,-0.0625,7.875,1.826086956521739,1
head|causative|object_frame_overlay_subject_lab_s01|overlay_subject_lab_s01_nativist|17|stop|lie,head,causative,overlay_subject_lab_s01_nativist,nativist,overlay_arg_1_match,bad_to_good,resid_post_layer_20,verb_final_subtoken,8,train_anchor,8,train_anchor,8,lie,stop,head,head,freqblimp_curated,freqblimp_curated,-3.874999761581421,5.875,3.3125,9.75,1.3565217391304347,1
head|causative|object_frame_overlay_subject_lab_s01|overlay_subject_lab_s01_nativist|19|dry|scream,head,causative,overlay_subject_lab_s01_nativist,nativist,overlay_arg_1_match,bad_to_good,resid_post_layer_20,verb_final_subtoken,8,train_anchor,8,train_anchor,8,scream,dry,head,head,freqblimp_curated,freqblimp_curated,-5.875,3.875,1.0625,9.75,1.4054054054054055,1
head|causative|object_frame_overlay_subject_lab_s01|overlay_subject_lab_s01_nativist|20|stretch|arrive,head,causative,overlay_subject_lab_s01_nativist,nativist,overlay_arg_1_match,bad_to_good,resid_post_layer_20,verb_final_subtoken,8,train_anchor,8,train_anchor,8,arrive,stretch,head,head,freqblimp_curated,freqblimp_curated,-3.812500238418579,3.75,2.0625,7.5625,1.2872340425531914,1
head|causative|object_frame_overlay_subject_lab_s01|overlay_subject_lab_s01_nativist|21|burn|react,head,causative,overlay_subject_lab_s01_nativist,nativist,overlay_arg_1_match,bad_to_good,resid_post_layer_20,verb_final_subtoken,8,train_anchor,8,train_anchor,8,react,burn,head,head,freqblimp_curated,freqblimp_curated,-4.3125,5.8125,0.125,10.125,2.2816901408450705,1
head|causative|object_frame_overlay_subject_lab_s02|overlay_subject_lab_s02_naturalist|0|roll|react,head,causative,overlay_subject_lab_s02_naturalist,naturalist,overlay_arg_1_match,bad_to_good,resid_post_layer_20,verb_final_subtoken,8,train_anchor,8,train_anchor,8,react,roll,head,head,freqblimp_curated,freqblimp_curated,-7.125,1.125,-2.1875,8.25,1.6708860759493671,1
head|causative|object_frame_overlay_subject_lab_s02|overlay_subject_lab_s02_naturalist|2|turn|boast,head,causative,overlay_subject_lab_s02_naturalist,naturalist,overlay_arg_1_match,bad_to_good,resid_post_layer_20,verb_final_subtoken,8,train_anchor,8,train_anchor,8,boast,turn,head,head,freqblimp_curated,freqblimp_curated,-7.84375,-1.0,-1.5,6.84375,1.0788177339901477,0
head|causative|object_frame_overlay_subject_lab_s02|overlay_subject_lab_s02_naturalist|4|crash|disagree,head,causative,overlay_subject_lab_s02_naturalist,naturalist,overlay_arg_1_match,bad_to_good,resid_post_layer_20,verb_final_subtoken,8,train_anchor,8,train_anchor,8,disagree,crash,head,head,freqblimp_curated,freqblimp_curated,-3.25,7.25,4.5625,10.5,1.344,1
head|causative|object_frame_overlay_subject_lab_s02|overlay_subject_lab_s02_naturalist|5|close|scream,head,causative,overlay_subject_lab_s02_naturalist,naturalist,overlay_arg_1_match,bad_to_good,resid_post_layer_20,verb_final_subtoken,8,train_anchor,8,train_anchor,8,scream,close,head,head,freqblimp_curated,freqblimp_curated,-7.75,3.812500238418579,1.687499761581421,11.5625,1.2251655629139073,1
head|causative|object_frame_overlay_subject_lab_s02|overlay_subject_lab_s02_naturalist|6|stop|cough,head,causative,overlay_subject_lab_s02_naturalist,naturalist,overlay_arg_1_match,bad_to_good,resid_post_layer_20,verb_final_subtoken,8,train_anchor,8,train_anchor,8,cough,stop,head,head,freqblimp_curated,freqblimp_curated,-4.8125,3.0625,-1.3125,7.875,2.25,1
head|causative|object_frame_overlay_subject_lab_s02|overlay_subject_lab_s02_naturalist|7|melt|smile,head,causative,overlay_subject_lab_s02_naturalist,naturalist,overlay_arg_1_match,bad_to_good,resid_post_layer_20,verb_final_subtoken,8,train_anchor,8,train_anchor,8,smile,melt,head,head,freqblimp_curated,freqblimp_curated,-7.34375,5.875,2.25,13.21875,1.3778501628664495,1
head|causative|object_frame_overlay_subject_lab_s02|overlay_subject_lab_s02_naturalist|8|change|lie,head,causative,overlay_subject_lab_s02_naturalist,naturalist,overlay_arg_1_match,bad_to_good,resid_post_layer_20,verb_final_subtoken,8,train_anchor,8,train_anchor,8,lie,change,head,head,freqblimp_curated,freqblimp_curated,-6.25,1.125,0.1875,7.375,1.145631067961165,1
head|causative|object_frame_overlay_subject_lab_s02|overlay_subject_lab_s02_naturalist|10|dry|appear,head,causative,overlay_subject_lab_s02_naturalist,naturalist,overlay_arg_1_match,bad_to_good,resid_post_layer_20,verb_final_subtoken,8,train_anchor,8,train_anchor,8,appear,dry,head,head,freqblimp_curated,freqblimp_curated,-8.59375,2.6875,-0.3125,11.28125,1.3622641509433961,1
head|causative|object_frame_overlay_subject_lab_s02|overlay_subject_lab_s02_naturalist|11|stretch|testify,head,causative,overlay_subject_lab_s02_naturalist,naturalist,overlay_arg_1_match,bad_to_good,resid_post_layer_20,verb_final_subtoken,8,train_anchor,8,train_anchor,8,testify,stretch,head,head,freqblimp_curated,freqblimp_curated,-6.0625,3.687500238418579,0.375,9.75,1.5145631067961165,1
head|causative|object_frame_overlay_subject_lab_s02|overlay_subject_lab_s02_naturalist|12|chip|laugh,head,causative,overlay_subject_lab_s02_naturalist,naturalist,overlay_arg_1_match,bad_to_good,resid_post_layer_20,verb_final_subtoken,8,train_anchor,8,train_anchor,8,laugh,chip,head,head,freqblimp_curated,freqblimp_curated,-4.3125,4.5625,2.5625,8.875,1.290909090909091,1
head|causative|object_frame_overlay_subject_lab_s02|overlay_subject_lab_s02_naturalist|13|open|disappear,head,causative,overlay_subject_lab_s02_naturalist,naturalist,overlay_arg_1_match,bad_to_good,resid_post_layer_20,verb_final_subtoken,8,train_anchor,8,train_anchor,8,disappear,open,head,head,freqblimp_curated,freqblimp_curated,-9.25,3.3125,2.374999761581421,12.5625,1.0806451612903225,1
head|causative|object_frame_overlay_subject_lab_s02|overlay_subject_lab_s02_naturalist|15|warp|respond,head,causative,overlay_subject_lab_s02_naturalist,naturalist,overlay_arg_1_match,bad_to_good,resid_post_layer_20,verb_final_subtoken,8,train_anchor,8,train_anchor,8,respond,warp,head,head,freqblimp_curated,freqblimp_curated,-6.25,4.0625,0.625,10.3125,1.5,1
head|causative|object_frame_overlay_subject_lab_s02|overlay_subject_lab_s02_naturalist|17|worry|struggle,head,causative,overlay_subject_lab_s02_naturalist,naturalist,overlay_arg_1_match,bad_to_good,resid_post_layer_20,verb_final_subtoken,8,train_anchor,8,train_anchor,8,struggle,worry,head,head,freqblimp_curated,freqblimp_curated,-0.3125,3.1875,2.8125,3.5,1.12,1
head|causative|object_frame_overlay_subject_lab_s02|overlay_subject_lab_s02_naturalist|18|grow|chat,head,causative,overlay_subject_lab_s02_naturalist,naturalist,overlay_arg_1_match,bad_to_good,resid_post_layer_20,verb_final_subtoken,8,train_anchor,8,train_anchor,8,chat,grow,head,head,freqblimp_curated,freqblimp_curated,-7.40625,6.968750476837158,0.4375,14.375,1.8326693227091633,1
head|causative|object_frame_overlay_subject_lab_s02|overlay_subject_lab_s02_naturalist|20|twist|exist,head,causative,overlay_subject_lab_s02_naturalist,naturalist,overlay_arg_1_match,bad_to_good,resid_post_layer_20,verb_final_subtoken,8,train_anchor,8,train_anchor,8,exist,twist,head,head,freqblimp_curated,freqblimp_curated,-7.625,2.249999761581421,1.75,9.875,1.0533333333333332,1
head|causative|object_frame_overlay_subject_lab_s02|overlay_subject_lab_s02_naturalist|21|fold|die,head,causative,overlay_subject_lab_s02_naturalist,naturalist,overlay_arg_1_match,bad_to_good,resid_post_layer_20,verb_final_subtoken,8,train_anchor,8,train_anchor,8,die,fold,head,head,freqblimp_curated,freqblimp_curated,-7.21875,3.6875,3.125,10.90625,1.054380664652568,1
head|causative|object_frame_overlay_subject_lab_s03|overlay_subject_lab_s03_naturist|0|crash|die,head,causative,overlay_subject_lab_s03_naturist,naturist,overlay_arg_1_match,bad_to_good,resid_post_layer_20,verb_final_subtoken,8,train_anchor,8,train_anchor,8,die,crash,head,head,freqblimp_curated,freqblimp_curated,-1.0625,5.25,3.000000238418579,6.3125,1.5538461538461539,1
head|causative|object_frame_overlay_subject_lab_s03|overlay_subject_lab_s03_naturist|1|drop|exist,head,causative,overlay_subject_lab_s03_naturist,naturist,overlay_arg_1_match,bad_to_good,resid_post_layer_20,verb_final_subtoken,8,train_anchor,8,train_anchor,8,exist,drop,head,head,freqblimp_curated,freqblimp_curated,-6.562500476837158,3.25,2.0,9.8125,1.145985401459854,1
head|causative|object_frame_overlay_subject_lab_s03|overlay_subject_lab_s03_naturist|2|close|cry,head,causative,overlay_subject_lab_s03_naturist,naturist,overlay_arg_1_match,bad_to_good,resid_post_layer_20,verb_final_subtoken,8,train_anchor,8,train_anchor,8,cry,close,head,head,freqblimp_curated,freqblimp_curated,-6.5625,3.125,1.5625,9.6875,1.1923076923076923,1
head|causative|object_frame_overlay_subject_lab_s03|overlay_subject_lab_s03_naturist|3|chip|boast,head,causative,overlay_subject_lab_s03_naturist,naturist,overlay_arg_1_match,bad_to_good,resid_post_layer_20,verb_final_subtoken,8,train_anchor,8,train_anchor,8,boast,chip,head,head,freqblimp_curated,freqblimp_curated,-3.375,-0.25,-1.5625,3.125,1.7241379310344827,0
head|causative|object_frame_overlay_subject_lab_s03|overlay_subject_lab_s03_naturist|4|soak|vanish,head,causative,overlay_subject_lab_s03_naturist,naturist,overlay_arg_1_match,bad_to_good,resid_post_layer_20,verb_final_subtoken,8,train_anchor,8,train_anchor,8,vanish,soak,head,head,freqblimp_curated,freqblimp_curated,-4.9375,2.5625,2.6875,7.5,0.9836065573770492,1
head|causative|object_frame_overlay_subject_lab_s03|overlay_subject_lab_s03_naturist|5|fade|appear,head,causative,overlay_subject_lab_s03_naturist,naturist,overlay_arg_1_match,bad_to_good,resid_post_layer_20,verb_final_subtoken,8,train_anchor,8,train_anchor,8,appear,fade,head,head,freqblimp_curated,freqblimp_curated,-1.125,-0.75,-1.3125,0.375,-2.0,0
head|causative|object_frame_overlay_subject_lab_s03|overlay_subject_lab_s03_naturist|6|dim|complain,head,causative,overlay_subject_lab_s03_naturist,naturist,overlay_arg_1_match,bad_to_good,resid_post_layer_20,verb_final_subtoken,8,train_anchor,8,train_anchor,8,complain,dim,head,head,freqblimp_curated,freqblimp_curated,-6.375,3.5,1.125,9.875,1.3166666666666667,1
head|causative|object_frame_overlay_subject_lab_s03|overlay_subject_lab_s03_naturist|7|roll|react,head,causative,overlay_subject_lab_s03_naturist,naturist,overlay_arg_1_match,bad_to_good,resid_post_layer_20,verb_final_subtoken,8,train_anchor,8,train_anchor,8,react,roll,head,head,freqblimp_curated,freqblimp_curated,-4.0625,3.562499761581421,-1.5,7.625,2.975609756097561,1
head|causative|object_frame_overlay_subject_lab_s03|overlay_subject_lab_s03_naturist|10|burn|compete,head,causative,overlay_subject_lab_s03_naturist,naturist,overlay_arg_1_match,bad_to_good,resid_post_layer_20,verb_final_subtoken,8,train_anchor,8,train_anchor,8,compete,burn,head,head,freqblimp_curated,freqblimp_curated,-5.1875,4.75,0.3125,9.9375,1.8068181818181819,1
head|causative|object_frame_overlay_subject_lab_s03|overlay_subject_lab_s03_naturist|11|grow|chat,head,causative,overlay_subject_lab_s03_naturist,naturist,overlay_arg_1_match,bad_to_good,resid_post_layer_20,verb_final_subtoken,8,train_anchor,8,train_anchor,8,chat,grow,head,head,freqblimp_curated,freqblimp_curated,-2.625,5.5,0.25,8.125,2.8260869565217392,1
head|causative|object_frame_overlay_subject_lab_s03|overlay_subject_lab_s03_naturist|13|fold|arrive,head,causative,overlay_subject_lab_s03_naturist,naturist,overlay_arg_1_match,bad_to_good,resid_post_layer_20,verb_final_subtoken,8,train_anchor,8,train_anchor,8,arrive,fold,head,head,freqblimp_curated,freqblimp_curated,-5.0,3.0,1.125,8.0,1.3061224489795917,1
head|causative|object_frame_overlay_subject_lab_s03|overlay_subject_lab_s03_naturist|16|stretch|scream,head,causative,overlay_subject_lab_s03_naturist,naturist,overlay_arg_1_match,bad_to_good,resid_post_layer_20,verb_final_subtoken,8,train_anchor,8,train_anchor,8,scream,stretch,head,head,freqblimp_curated,freqblimp_curated,-2.875,4.0,1.8125,6.875,1.4666666666666666,1
head|causative|object_frame_overlay_subject_lab_s03|overlay_subject_lab_s03_naturist|17|warp|laugh,head,causative,overlay_subject_lab_s03_naturist,naturist,overlay_arg_1_match,bad_to_good,resid_post_layer_20,verb_final_subtoken,8,train_anchor,8,train_anchor,8,laugh,warp,head,head,freqblimp_curated,freqblimp_curated,-3.75,3.8125,2.5625,7.5625,1.198019801980198,1
head|causative|object_frame_overlay_subject_lab_s03|overlay_subject_lab_s03_naturist|18|turn|disagree,head,causative,overlay_subject_lab_s03_naturist,naturist,overlay_arg_1_match,bad_to_good,resid_post_layer_20,verb_final_subtoken,8,train_anchor,8,train_anchor,8,disagree,turn,head,head,freqblimp_curated,freqblimp_curated,-5.625,5.25,4.6875,10.875,1.0545454545454545,1
head|causative|object_frame_overlay_subject_lab_s03|overlay_subject_lab_s03_naturist|19|worry|testify,head,causative,overlay_subject_lab_s03_naturist,naturist,overlay_arg_1_match,bad_to_good,resid_post_layer_20,verb_final_subtoken,8,train_anchor,8,train_anchor,8,testify,worry,head,head,freqblimp_curated,freqblimp_curated,-0.25,2.125,0.25,2.375,4.75,1
head|causative|object_frame_overlay_subject_lab_s03|overlay_subject_lab_s03_naturist|21|twist|reply,head,causative,overlay_subject_lab_s03_naturist,naturist,overlay_arg_1_match,bad_to_good,resid_post_layer_20,verb_final_subtoken,8,train_anchor,8,train_anchor,8,reply,twist,head,head,freqblimp_curated,freqblimp_curated,-4.75,3.75,0.6875,8.5,1.5632183908045978,1
head|causative|object_frame_overlay_subject_tomorrow_s02|overlay_subject_tomorrow_s02_babyminder|0|soak|lie,head,causative,overlay_subject_tomorrow_s02_babyminder,babyminder,overlay_arg_1_match,bad_to_good,resid_post_layer_20,verb_final_subtoken,8,train_anchor,8,train_anchor,8,lie,soak,head,head,freqblimp_curated,freqblimp_curated,-1.4375,2.75,2.624999761581421,4.1875,1.0307692307692307,1
head|causative|object_frame_overlay_subject_tomorrow_s02|overlay_subject_tomorrow_s02_babyminder|1|accelerate|appear,head,causative,overlay_subject_tomorrow_s02_babyminder,babyminder,overlay_arg_1_match,bad_to_good,resid_post_layer_20,verb_final_subtoken,8,train_anchor,8,train_anchor,8,appear,accelerate,head,head,freqblimp_curated,freqblimp_curated,-1.125,4.9375,4.8125,6.0625,1.0210526315789474,1
head|causative|object_frame_overlay_subject_tomorrow_s02|overlay_subject_tomorrow_s02_babyminder|2|roll|reply,head,causative,overlay_subject_tomorrow_s02_babyminder,babyminder,overlay_arg_1_match,bad_to_good,resid_post_layer_20,verb_final_subtoken,8,train_anchor,8,train_anchor,8,reply,roll,head,head,freqblimp_curated,freqblimp_curated,1.4375,5.5625,4.1875,4.125,1.5,1
head|causative|object_frame_overlay_subject_tomorrow_s02|overlay_subject_tomorrow_s02_babyminder|3|twist|vanish,head,causative,overlay_subject_tomorrow_s02_babyminder,babyminder,overlay_arg_1_match,bad_to_good,resid_post_layer_20,verb_final_subtoken,8,train_anchor,8,train_anchor,8,vanish,twist,head,head,freqblimp_curated,freqblimp_curated,-1.625,4.3125,5.5625,5.9375,0.8260869565217391,1
head|causative|object_frame_overlay_subject_tomorrow_s02|overlay_subject_tomorrow_s02_babyminder|4|slow|respond,head,causative,overlay_subject_tomorrow_s02_babyminder,babyminder,overlay_arg_1_match,bad_to_good,resid_post_layer_20,verb_final_subtoken,8,train_anchor,8,train_anchor,8,respond,slow,head,head,freqblimp_curated,freqblimp_curated,0.25,5.312500476837158,3.625,5.062500476837158,1.5000001412850839,1
head|causative|object_frame_overlay_subject_tomorrow_s02|overlay_subject_tomorrow_s02_babyminder|5|close|laugh,head,causative,overlay_subject_tomorrow_s02_babyminder,babyminder,overlay_arg_1_match,bad_to_good,resid_post_layer_20,verb_final_subtoken,8,train_anchor,8,train_anchor,8,laugh,close,head,head,freqblimp_curated,freqblimp_curated,0.5,5.25,3.5,4.75,1.5833333333333333,1
head|causative|object_frame_overlay_subject_tomorrow_s02|overlay_subject_tomorrow_s02_babyminder|9|drop|complain,head,causative,overlay_subject_tomorrow_s02_babyminder,babyminder,overlay_arg_1_match,bad_to_good,resid_post_layer_20,verb_final_subtoken,8,train_anchor,8,train_anchor,8,complain,drop,head,head,freqblimp_curated,freqblimp_curated,0.625,5.0,2.5,4.375,2.3333333333333335,1
head|causative|object_frame_overlay_subject_tomorrow_s02|overlay_subject_tomorrow_s02_babyminder|10|grow|chat,head,causative,overlay_subject_tomorrow_s02_babyminder,babyminder,overlay_arg_1_match,bad_to_good,resid_post_layer_20,verb_final_subtoken,8,train_anchor,8,train_anchor,8,chat,grow,head,head,freqblimp_curated,freqblimp_curated,3.125,6.250000476837158,1.8125,3.125000476837158,-2.3809527442568825,1
head|causative|object_frame_overlay_subject_tomorrow_s02|overlay_subject_tomorrow_s02_babyminder|11|crash|die,head,causative,overlay_subject_tomorrow_s02_babyminder,babyminder,overlay_arg_1_match,bad_to_good,resid_post_layer_20,verb_final_subtoken,8,train_anchor,8,train_anchor,8,die,crash,head,head,freqblimp_curated,freqblimp_curated,2.1875,5.75,5.375,3.5625,1.1176470588235294,1
head|causative|object_frame_overlay_subject_tomorrow_s02|overlay_subject_tomorrow_s02_babyminder|12|freeze|scream,head,causative,overlay_subject_tomorrow_s02_babyminder,babyminder,overlay_arg_1_match,bad_to_good,resid_post_layer_20,verb_final_subtoken,8,train_anchor,8,train_anchor,8,scream,freeze,head,head,freqblimp_curated,freqblimp_curated,1.3125,5.75,2.1875,4.4375,5.071428571428571,1
head|causative|object_frame_overlay_subject_tomorrow_s02|overlay_subject_tomorrow_s02_babyminder|13|turn|arrive,head,causative,overlay_subject_tomorrow_s02_babyminder,babyminder,overlay_arg_1_match,bad_to_good,resid_post_layer_20,verb_final_subtoken,8,train_anchor,8,train_anchor,8,arrive,turn,head,head,freqblimp_curated,freqblimp_curated,-1.5625,6.0625,5.4375,7.625,1.0892857142857142,1
head|causative|object_frame_overlay_subject_tomorrow_s02|overlay_subject_tomorrow_s02_babyminder|14|warp|cry,head,causative,overlay_subject_tomorrow_s02_babyminder,babyminder,overlay_arg_1_match,bad_to_good,resid_post_layer_20,verb_final_subtoken,8,train_anchor,8,train_anchor,8,cry,warp,head,head,freqblimp_curated,freqblimp_curated,-1.5625,4.125,3.249999761581421,5.6875,1.1818181818181819,1
head|causative|object_frame_overlay_subject_tomorrow_s02|overlay_subject_tomorrow_s02_babyminder|15|crack|testify,head,causative,overlay_subject_tomorrow_s02_babyminder,babyminder,overlay_arg_1_match,bad_to_good,resid_post_layer_20,verb_final_subtoken,8,train_anchor,8,train_anchor,8,testify,crack,head,head,freqblimp_curated,freqblimp_curated,0.375,5.0,3.0,4.625,1.7619047619047619,1
head|causative|object_frame_overlay_subject_tomorrow_s02|overlay_subject_tomorrow_s02_babyminder|16|shut|boast,head,causative,overlay_subject_tomorrow_s02_babyminder,babyminder,overlay_arg_1_match,bad_to_good,resid_post_layer_20,verb_final_subtoken,8,train_anchor,8,train_anchor,8,boast,shut,head,head,freqblimp_curated,freqblimp_curated,-0.75,-1.562499761581421,-1.625,-0.8124997615814209,0.9285711560930524,0
head|causative|object_frame_overlay_subject_tomorrow_s02|overlay_subject_tomorrow_s02_babyminder|17|stretch|smile,head,causative,overlay_subject_tomorrow_s02_babyminder,babyminder,overlay_arg_1_match,bad_to_good,resid_post_layer_20,verb_final_subtoken,8,train_anchor,8,train_anchor,8,smile,stretch,head,head,freqblimp_curated,freqblimp_curated,-1.375,4.5625,2.625000238418579,5.9375,1.484375,1
head|causative|object_frame_overlay_subject_tomorrow_s02|overlay_subject_tomorrow_s02_babyminder|18|shrink|struggle,head,causative,overlay_subject_tomorrow_s02_babyminder,babyminder,overlay_arg_1_match,bad_to_good,resid_post_layer_20,verb_final_subtoken,8,train_anchor,8,train_anchor,8,struggle,shrink,head,head,freqblimp_curated,freqblimp_curated,1.25,4.5,3.625,3.25,1.368421052631579,1
head|causative|object_frame_overlay_subject_tomorrow_s02|overlay_subject_tomorrow_s02_babyminder|19|melt|react,head,causative,overlay_subject_tomorrow_s02_babyminder,babyminder,overlay_arg_1_match,bad_to_good,resid_post_layer_20,verb_final_subtoken,8,train_anchor,8,train_anchor,8,react,melt,head,head,freqblimp_curated,freqblimp_curated,0.25,4.375,1.75,4.125,2.75,1
head|causative|object_frame_overlay_subject_tomorrow_s02|overlay_subject_tomorrow_s02_babyminder|20|fold|disagree,head,causative,overlay_subject_tomorrow_s02_babyminder,babyminder,overlay_arg_1_match,bad_to_good,resid_post_layer_20,verb_final_subtoken,8,train_anchor,8,train_anchor,8,disagree,fold,head,head,freqblimp_curated,freqblimp_curated,1.0625,6.0625,5.6875,5.0,1.0810810810810811,1
head|causative|object_frame_overlay_subject_tomorrow_s03|overlay_subject_tomorrow_s03_babysitter|0|change|testify,head,causative,overlay_subject_tomorrow_s03_babysitter,babysitter,overlay_arg_1_match,bad_to_good,resid_post_layer_20,verb_final_subtoken,8,train_anchor,8,train_anchor,8,testify,change,head,head,freqblimp_curated,freqblimp_curated,-0.25,4.625,3.0625,4.875,1.471698113207547,1
head|causative|object_frame_overlay_subject_tomorrow_s03|overlay_subject_tomorrow_s03_babysitter|1|worry|boast,head,causative,overlay_subject_tomorrow_s03_babysitter,babysitter,overlay_arg_1_match,bad_to_good,resid_post_layer_20,verb_final_subtoken,8,train_anchor,8,train_anchor,8,boast,worry,head,head,freqblimp_curated,freqblimp_curated,3.125,3.3125,0.25,0.1875,-0.06521739130434782,1
head|causative|object_frame_overlay_subject_tomorrow_s03|overlay_subject_tomorrow_s03_babysitter|6|stop|complain,head,causative,overlay_subject_tomorrow_s03_babysitter,babysitter,overlay_arg_1_match,bad_to_good,resid_post_layer_20,verb_final_subtoken,8,train_anchor,8,train_anchor,8,complain,stop,head,head,freqblimp_curated,freqblimp_curated,-1.125,7.125,2.75,8.25,2.129032258064516,1
head|causative|object_frame_overlay_subject_tomorrow_s03|overlay_subject_tomorrow_s03_babysitter|7|warp|scream,head,causative,overlay_subject_tomorrow_s03_babysitter,babysitter,overlay_arg_1_match,bad_to_good,resid_post_layer_20,verb_final_subtoken,8,train_anchor,8,train_anchor,8,scream,warp,head,head,freqblimp_curated,freqblimp_curated,-2.125,4.75,2.750000238418579,6.875,1.4102564102564104,1
head|causative|object_frame_overlay_subject_tomorrow_s03|overlay_subject_tomorrow_s03_babysitter|8|melt|cry,head,causative,overlay_subject_tomorrow_s03_babysitter,babysitter,overlay_arg_1_match,bad_to_good,resid_post_layer_20,verb_final_subtoken,8,train_anchor,8,train_anchor,8,cry,melt,head,head,freqblimp_curated,freqblimp_curated,-0.3125,4.75,3.625,5.0625,1.2857142857142858,1
head|causative|object_frame_overlay_subject_tomorrow_s03|overlay_subject_tomorrow_s03_babysitter|9|move|chat,head,causative,overlay_subject_tomorrow_s03_babysitter,babysitter,overlay_arg_1_match,bad_to_good,resid_post_layer_20,verb_final_subtoken,8,train_anchor,8,train_anchor,8,chat,move,head,head,freqblimp_curated,freqblimp_curated,-1.125,4.625,0.3125,5.75,4.0,1
head|causative|object_frame_overlay_subject_tomorrow_s03|overlay_subject_tomorrow_s03_babysitter|10|soak|struggle,head,causative,overlay_subject_tomorrow_s03_babysitter,babysitter,overlay_arg_1_match,bad_to_good,resid_post_layer_20,verb_final_subtoken,8,train_anchor,8,train_anchor,8,struggle,soak,head,head,freqblimp_curated,freqblimp_curated,-3.25,4.125,3.0,7.375,1.18,1
head|causative|object_frame_overlay_subject_tomorrow_s03|overlay_subject_tomorrow_s03_babysitter|11|grow|react,head,causative,overlay_subject_tomorrow_s03_babysitter,babysitter,overlay_arg_1_match,bad_to_good,resid_post_layer_20,verb_final_subtoken,8,train_anchor,8,train_anchor,8,react,grow,head,head,freqblimp_curated,freqblimp_curated,1.875,7.125,1.3125,5.25,-9.333333333333334,1
head|causative|object_frame_overlay_subject_tomorrow_s03|overlay_subject_tomorrow_s03_babysitter|12|crash|arrive,head,causative,overlay_subject_tomorrow_s03_babysitter,babysitter,overlay_arg_1_match,bad_to_good,resid_post_layer_20,verb_final_subtoken,8,train_anchor,8,train_anchor,8,arrive,crash,head,head,freqblimp_curated,freqblimp_curated,1.25,6.875,6.687499523162842,5.625,1.0344828493388252,1
head|causative|object_frame_overlay_subject_tomorrow_s03|overlay_subject_tomorrow_s03_babysitter|13|fade|disagree,head,causative,overlay_subject_tomorrow_s03_babysitter,babysitter,overlay_arg_1_match,bad_to_good,resid_post_layer_20,verb_final_subtoken,8,train_anchor,8,train_anchor,8,disagree,fade,head,head,freqblimp_curated,freqblimp_curated,2.125,6.75,6.249999523162842,4.625,1.121212250820767,1
head|causative|object_frame_overlay_subject_tomorrow_s03|overlay_subject_tomorrow_s03_babysitter|14|crack|reply,head,causative,overlay_subject_tomorrow_s03_babysitter,babysitter,overlay_arg_1_match,bad_to_good,resid_post_layer_20,verb_final_subtoken,8,train_anchor,8,train_anchor,8,reply,crack,head,head,freqblimp_curated,freqblimp_curated,-2.1875,4.8125,3.1875,7.0,1.302325581395349,1
head|causative|object_frame_overlay_subject_tomorrow_s03|overlay_subject_tomorrow_s03_babysitter|15|bake|compete,head,causative,overlay_subject_tomorrow_s03_babysitter,babysitter,overlay_arg_1_match,bad_to_good,resid_post_layer_20,verb_final_subtoken,8,train_anchor,8,train_anchor,8,compete,bake,head,head,freqblimp_curated,freqblimp_curated,-1.562500238418579,5.125,1.5,6.6875,2.1836732993866823,1
head|causative|object_frame_overlay_subject_tomorrow_s03|overlay_subject_tomorrow_s03_babysitter|16|stretch|cough,head,causative,overlay_subject_tomorrow_s03_babysitter,babysitter,overlay_arg_1_match,bad_to_good,resid_post_layer_20,verb_final_subtoken,8,train_anchor,8,train_anchor,8,cough,stretch,head,head,freqblimp_curated,freqblimp_curated,-2.687499761581421,4.8125,3.0,7.5,1.3186813186813187,1
head|causative|object_frame_overlay_subject_tomorrow_s03|overlay_subject_tomorrow_s03_babysitter|17|awaken|exist,head,causative,overlay_subject_tomorrow_s03_babysitter,babysitter,overlay_arg_1_match,bad_to_good,resid_post_layer_20,verb_final_subtoken,8,train_anchor,8,train_anchor,8,exist,awaken,head,head,freqblimp_curated,freqblimp_curated,0.75,5.25,4.1875,4.5,1.309090909090909,1
head|causative|object_frame_overlay_subject_tomorrow_s03|overlay_subject_tomorrow_s03_babysitter|18|dim|respond,head,causative,overlay_subject_tomorrow_s03_babysitter,babysitter,overlay_arg_1_match,bad_to_good,resid_post_layer_20,verb_final_subtoken,8,train_anchor,8,train_anchor,8,respond,dim,head,head,freqblimp_curated,freqblimp_curated,-5.75,5.0625,3.5,10.8125,1.1689189189189189,1
head|causative|object_frame_overlay_subject_tomorrow_s03|overlay_subject_tomorrow_s03_babysitter|19|shut|disappear,head,causative,overlay_subject_tomorrow_s03_babysitter,babysitter,overlay_arg_1_match,bad_to_good,resid_post_layer_20,verb_final_subtoken,8,train_anchor,8,train_anchor,8,disappear,shut,head,head,freqblimp_curated,freqblimp_curated,-6.25,4.75,4.75,11.0,1.0,1
head|causative|object_frame_overlay_subject_tomorrow_s03|overlay_subject_tomorrow_s03_babysitter|20|accelerate|lie,head,causative,overlay_subject_tomorrow_s03_babysitter,babysitter,overlay_arg_1_match,bad_to_good,resid_post_layer_20,verb_final_subtoken,8,train_anchor,8,train_anchor,8,lie,accelerate,head,head,freqblimp_curated,freqblimp_curated,-3.125,4.0625,2.6875,7.1875,1.2365591397849462,1
head|causative|object_frame_overlay_subject_tomorrow_s03|overlay_subject_tomorrow_s03_babysitter|21|freeze|vanish,head,causative,overlay_subject_tomorrow_s03_babysitter,babysitter,overlay_arg_1_match,bad_to_good,resid_post_layer_20,verb_final_subtoken,8,train_anchor,8,train_anchor,8,vanish,freeze,head,head,freqblimp_curated,freqblimp_curated,1.5625,6.875,4.75,5.3125,1.6666666666666667,1
head|causative|object_frame_overlay_subject_trial_s01|overlay_subject_trial_s01_neurologist|1|close|react,head,causative,overlay_subject_trial_s01_neurologist,neurologist,overlay_arg_1_match,bad_to_good,resid_post_layer_20,verb_final_subtoken,8,train_anchor,8,train_anchor,8,react,close,head,head,freqblimp_curated,freqblimp_curated,-6.625,2.3125,-1.0,8.9375,1.5888888888888888,1
head|causative|object_frame_overlay_subject_trial_s01|overlay_subject_trial_s01_neurologist|2|chip|respond,head,causative,overlay_subject_trial_s01_neurologist,neurologist,overlay_arg_1_match,bad_to_good,resid_post_layer_20,verb_final_subtoken,8,train_anchor,8,train_anchor,8,respond,chip,head,head,freqblimp_curated,freqblimp_curated,-4.6875,2.25,-0.75,6.9375,1.7619047619047619,1
head|causative|object_frame_overlay_subject_trial_s01|overlay_subject_trial_s01_neurologist|3|stop|scream,head,causative,overlay_subject_trial_s01_neurologist,neurologist,overlay_arg_1_match,bad_to_good,resid_post_layer_20,verb_final_subtoken,8,train_anchor,8,train_anchor,8,scream,stop,head,head,freqblimp_curated,freqblimp_curated,-7.28125,4.5625,0.1875,11.84375,1.5857740585774058,1
head|causative|object_frame_overlay_subject_trial_s01|overlay_subject_trial_s01_neurologist|4|crash|cry,head,causative,overlay_subject_trial_s01_neurologist,neurologist,overlay_arg_1_match,bad_to_good,resid_post_layer_20,verb_final_subtoken,8,train_anchor,8,train_anchor,8,cry,crash,head,head,freqblimp_curated,freqblimp_curated,-5.75,0.0,-3.375,5.75,2.4210526315789473,0
head|causative|object_frame_overlay_subject_trial_s01|overlay_subject_trial_s01_neurologist|5|turn|die,head,causative,overlay_subject_trial_s01_neurologist,neurologist,overlay_arg_1_match,bad_to_good,resid_post_layer_20,verb_final_subtoken,8,train_anchor,8,train_anchor,8,die,turn,head,head,freqblimp_curated,freqblimp_curated,-8.4375,1.9375,2.25,10.375,0.9707602339181286,1
head|causative|object_frame_overlay_subject_trial_s01|overlay_subject_trial_s01_neurologist|6|crack|exist,head,causative,overlay_subject_trial_s01_neurologist,neurologist,overlay_arg_1_match,bad_to_good,resid_post_layer_20,verb_final_subtoken,8,train_anchor,8,train_anchor,8,exist,crack,head,head,freqblimp_curated,freqblimp_curated,-7.500000476837158,0.8125,0.4375,8.3125,1.0472440315760796,1
head|causative|object_frame_overlay_subject_trial_s01|overlay_subject_trial_s01_neurologist|7|grow|compete,head,causative,overlay_subject_trial_s01_neurologist,neurologist,overlay_arg_1_match,bad_to_good,resid_post_layer_20,verb_final_subtoken,8,train_anchor,8,train_anchor,8,compete,grow,head,head,freqblimp_curated,freqblimp_curated,-5.46875,0.0625,-3.687499761581421,5.53125,3.1052627422583408,1
head|causative|object_frame_overlay_subject_trial_s01|overlay_subject_trial_s01_neurologist|8|benefit|lie,head,causative,overlay_subject_trial_s01_neurologist,neurologist,overlay_arg_1_match,bad_to_good,resid_post_layer_20,verb_final_subtoken,8,train_anchor,8,train_anchor,8,lie,benefit,head,head,freqblimp_curated,freqblimp_curated,-1.749999761581421,1.75,0.375,3.499999761581421,1.6470588961274648,1
head|causative|object_frame_overlay_subject_trial_s01|overlay_subject_trial_s01_neurologist|9|accelerate|chat,head,causative,overlay_subject_trial_s01_neurologist,neurologist,overlay_arg_1_match,bad_to_good,resid_post_layer_20,verb_final_subtoken,8,train_anchor,8,train_anchor,8,chat,accelerate,head,head,freqblimp_curated,freqblimp_curated,-7.21875,3.312500238418579,-2.687500476837158,10.53125,2.3241381756105803,1
head|causative|object_frame_overlay_subject_trial_s01|overlay_subject_trial_s01_neurologist|10|stretch|vanish,head,causative,overlay_subject_trial_s01_neurologist,neurologist,overlay_arg_1_match,bad_to_good,resid_post_layer_20,verb_final_subtoken,8,train_anchor,8,train_anchor,8,vanish,stretch,head,head,freqblimp_curated,freqblimp_curated,-7.34375,1.4375,0.625,8.78125,1.1019607843137256,1
head|causative|object_frame_overlay_subject_trial_s01|overlay_subject_trial_s01_neurologist|12|roll|arrive,head,causative,overlay_subject_trial_s01_neurologist,neurologist,overlay_arg_1_match,bad_to_good,resid_post_layer_20,verb_final_subtoken,8,train_anchor,8,train_anchor,8,arrive,roll,head,head,freqblimp_curated,freqblimp_curated,-8.1875,3.062499761581421,0.75,11.25,1.2587412587412588,1
head|causative|object_frame_overlay_subject_trial_s01|overlay_subject_trial_s01_neurologist|13|awaken|testify,head,causative,overlay_subject_trial_s01_neurologist,neurologist,overlay_arg_1_match,bad_to_good,resid_post_layer_20,verb_final_subtoken,8,train_anchor,8,train_anchor,8,testify,awaken,head,head,freqblimp_curated,freqblimp_curated,-6.8125,3.5,-0.8125,10.3125,1.71875,1
head|causative|object_frame_overlay_subject_trial_s01|overlay_subject_trial_s01_neurologist|14|warp|disagree,head,causative,overlay_subject_trial_s01_neurologist,neurologist,overlay_arg_1_match,bad_to_good,resid_post_layer_20,verb_final_subtoken,8,train_anchor,8,train_anchor,8,disagree,warp,head,head,freqblimp_curated,freqblimp_curated,-5.875,3.750000238418579,2.375,9.625,1.1666666666666667,1
head|causative|object_frame_overlay_subject_trial_s01|overlay_subject_trial_s01_neurologist|15|burn|struggle,head,causative,overlay_subject_trial_s01_neurologist,neurologist,overlay_arg_1_match,bad_to_good,resid_post_layer_20,verb_final_subtoken,8,train_anchor,8,train_anchor,8,struggle,burn,head,head,freqblimp_curated,freqblimp_curated,-6.968750476837158,4.4375,1.375,11.40625,1.3670411985018727,1
head|causative|object_frame_overlay_subject_trial_s01|overlay_subject_trial_s01_neurologist|17|shrink|boast,head,causative,overlay_subject_trial_s01_neurologist,neurologist,overlay_arg_1_match,bad_to_good,resid_post_layer_20,verb_final_subtoken,8,train_anchor,8,train_anchor,8,boast,shrink,head,head,freqblimp_curated,freqblimp_curated,-6.875,0.8125,-2.0625,7.6875,1.5974025974025974,1
head|causative|object_frame_overlay_subject_trial_s01|overlay_subject_trial_s01_neurologist|18|change|disappear,head,causative,overlay_subject_trial_s01_neurologist,neurologist,overlay_arg_1_match,bad_to_good,resid_post_layer_20,verb_final_subtoken,8,train_anchor,8,train_anchor,8,disappear,change,head,head,freqblimp_curated,freqblimp_curated,-7.906250476837158,1.25,1.750000238418579,9.15625,0.9482199710764497,1
head|causative|object_frame_overlay_subject_trial_s01|overlay_subject_trial_s01_neurologist|20|melt|laugh,head,causative,overlay_subject_trial_s01_neurologist,neurologist,overlay_arg_1_match,bad_to_good,resid_post_layer_20,verb_final_subtoken,8,train_anchor,8,train_anchor,8,laugh,melt,head,head,freqblimp_curated,freqblimp_curated,-4.75,4.3125,1.5,9.0625,1.45,1
head|causative|object_frame_overlay_subject_visit_s00|overlay_subject_visit_s00_urd|0|bake|struggle,head,causative,overlay_subject_visit_s00_urd,urd,overlay_arg_1_match,bad_to_good,resid_post_layer_20,verb_final_subtoken,8,train_anchor,8,train_anchor,8,struggle,bake,head,head,freqblimp_curated,freqblimp_curated,-2.0,1.5,0.75,3.5,1.2727272727272727,1
head|causative|object_frame_overlay_subject_visit_s00|overlay_subject_visit_s00_urd|1|chip|boast,head,causative,overlay_subject_visit_s00_urd,urd,overlay_arg_1_match,bad_to_good,resid_post_layer_20,verb_final_subtoken,8,train_anchor,8,train_anchor,8,boast,chip,head,head,freqblimp_curated,freqblimp_curated,-2.4375,-2.499999761581421,-2.250000238418579,-0.0624997615814209,-0.33333248562175194,0
head|causative|object_frame_overlay_subject_visit_s00|overlay_subject_visit_s00_urd|2|twist|arrive,head,causative,overlay_subject_visit_s00_urd,urd,overlay_arg_1_match,bad_to_good,resid_post_layer_20,verb_final_subtoken,8,train_anchor,8,train_anchor,8,arrive,twist,head,head,freqblimp_curated,freqblimp_curated,-1.5,1.5,0.6875,3.0,1.3714285714285714,1
head|causative|object_frame_overlay_subject_visit_s00|overlay_subject_visit_s00_urd|3|worry|chat,head,causative,overlay_subject_visit_s00_urd,urd,overlay_arg_1_match,bad_to_good,resid_post_layer_20,verb_final_subtoken,8,train_anchor,8,train_anchor,8,chat,worry,head,head,freqblimp_curated,freqblimp_curated,-0.1875,2.812500238418579,0.75,3.000000238418579,3.200000254313151,1
head|causative|object_frame_overlay_subject_visit_s00|overlay_subject_visit_s00_urd|5|slow|respond,head,causative,overlay_subject_visit_s00_urd,urd,overlay_arg_1_match,bad_to_good,resid_post_layer_20,verb_final_subtoken,8,train_anchor,8,train_anchor,8,respond,slow,head,head,freqblimp_curated,freqblimp_curated,-1.5,3.312499761581421,0.75,4.8125,2.138888888888889,1
head|causative|object_frame_overlay_subject_visit_s00|overlay_subject_visit_s00_urd|6|soak|die,head,causative,overlay_subject_visit_s00_urd,urd,overlay_arg_1_match,bad_to_good,resid_post_layer_20,verb_final_subtoken,8,train_anchor,8,train_anchor,8,die,soak,head,head,freqblimp_curated,freqblimp_curated,-2.062500238418579,3.1875,4.0,5.25,0.865979381443299,1
head|causative|object_frame_overlay_subject_visit_s00|overlay_subject_visit_s00_urd|7|burn|smile,head,causative,overlay_subject_visit_s00_urd,urd,overlay_arg_1_match,bad_to_good,resid_post_layer_20,verb_final_subtoken,8,train_anchor,8,train_anchor,8,smile,burn,head,head,freqblimp_curated,freqblimp_curated,-1.3125,4.9375,3.0625,6.25,1.4285714285714286,1
head|causative|object_frame_overlay_subject_visit_s00|overlay_subject_visit_s00_urd|9|dim|cough,head,causative,overlay_subject_visit_s00_urd,urd,overlay_arg_1_match,bad_to_good,resid_post_layer_20,verb_final_subtoken,8,train_anchor,8,train_anchor,8,cough,dim,head,head,freqblimp_curated,freqblimp_curated,-0.375,2.0,0.8125,2.375,2.0,1
head|causative|object_frame_overlay_subject_visit_s00|overlay_subject_visit_s00_urd|11|crack|scream,head,causative,overlay_subject_visit_s00_urd,urd,overlay_arg_1_match,bad_to_good,resid_post_layer_20,verb_final_subtoken,8,train_anchor,8,train_anchor,8,scream,crack,head,head,freqblimp_curated,freqblimp_curated,-0.9375,2.625,1.0,3.5625,1.8387096774193548,1
head|causative|object_frame_overlay_subject_visit_s00|overlay_subject_visit_s00_urd|12|shut|disagree,head,causative,overlay_subject_visit_s00_urd,urd,overlay_arg_1_match,bad_to_good,resid_post_layer_20,verb_final_subtoken,8,train_anchor,8,train_anchor,8,disagree,shut,head,head,freqblimp_curated,freqblimp_curated,-2.9375,2.625,1.5625,5.5625,1.2361111111111112,1
head|causative|object_frame_overlay_subject_visit_s00|overlay_subject_visit_s00_urd|13|change|react,head,causative,overlay_subject_visit_s00_urd,urd,overlay_arg_1_match,bad_to_good,resid_post_layer_20,verb_final_subtoken,8,train_anchor,8,train_anchor,8,react,change,head,head,freqblimp_curated,freqblimp_curated,-1.5624998807907104,2.1875,0.8749997615814209,3.75,1.5384618394239062,1
head|causative|object_frame_overlay_subject_visit_s00|overlay_subject_visit_s00_urd|15|roll|compete,head,causative,overlay_subject_visit_s00_urd,urd,overlay_arg_1_match,bad_to_good,resid_post_layer_20,verb_final_subtoken,8,train_anchor,8,train_anchor,8,compete,roll,head,head,freqblimp_curated,freqblimp_curated,-0.625,1.0,-1.25,1.625,-2.6,1
head|causative|object_frame_overlay_subject_visit_s00|overlay_subject_visit_s00_urd|16|turn|laugh,head,causative,overlay_subject_visit_s00_urd,urd,overlay_arg_1_match,bad_to_good,resid_post_layer_20,verb_final_subtoken,8,train_anchor,8,train_anchor,8,laugh,turn,head,head,freqblimp_curated,freqblimp_curated,-2.374999761581421,4.75,2.5,7.125,1.4615384615384615,1
head|causative|object_frame_overlay_subject_visit_s00|overlay_subject_visit_s00_urd|19|warp|testify,head,causative,overlay_subject_visit_s00_urd,urd,overlay_arg_1_match,bad_to_good,resid_post_layer_20,verb_final_subtoken,8,train_anchor,8,train_anchor,8,testify,warp,head,head,freqblimp_curated,freqblimp_curated,-1.6875,1.999999761581421,0.5625,3.687499761581421,1.638888782925076,1
head|causative|object_frame_overlay_subject_visit_s00|overlay_subject_visit_s00_urd|21|melt|appear,head,causative,overlay_subject_visit_s00_urd,urd,overlay_arg_1_match,bad_to_good,resid_post_layer_20,verb_final_subtoken,8,train_anchor,8,train_anchor,8,appear,melt,head,head,freqblimp_curated,freqblimp_curated,-0.5625,2.5625,2.0,3.125,1.2195121951219512,1
head|causative|object_frame_overlay_subject_visit_s01|overlay_subject_visit_s01_urinator|1|warp|arrive,head,causative,overlay_subject_visit_s01_urinator,urinator,overlay_arg_1_match,bad_to_good,resid_post_layer_20,verb_final_subtoken,8,train_anchor,8,train_anchor,8,arrive,warp,head,head,freqblimp_curated,freqblimp_curated,-2.750000238418579,1.1875,-0.1875,3.937500238418579,1.5365853159290113,1
head|causative|object_frame_overlay_subject_visit_s01|overlay_subject_visit_s01_urinator|3|twist|reply,head,causative,overlay_subject_visit_s01_urinator,urinator,overlay_arg_1_match,bad_to_good,resid_post_layer_20,verb_final_subtoken,8,train_anchor,8,train_anchor,8,reply,twist,head,head,freqblimp_curated,freqblimp_curated,-5.75,0.25,-1.312499761581421,6.0,1.352112676056338,1
head|causative|object_frame_overlay_subject_visit_s01|overlay_subject_visit_s01_urinator|4|worry|vanish,head,causative,overlay_subject_visit_s01_urinator,urinator,overlay_arg_1_match,bad_to_good,resid_post_layer_20,verb_final_subtoken,8,train_anchor,8,train_anchor,8,vanish,worry,head,head,freqblimp_curated,freqblimp_curated,-0.625,2.625,2.8125,3.25,0.9454545454545454,1
head|causative|object_frame_overlay_subject_visit_s01|overlay_subject_visit_s01_urinator|5|bake|disagree,head,causative,overlay_subject_visit_s01_urinator,urinator,overlay_arg_1_match,bad_to_good,resid_post_layer_20,verb_final_subtoken,8,train_anchor,8,train_anchor,8,disagree,bake,head,head,freqblimp_curated,freqblimp_curated,-4.625,4.0625,2.375,8.6875,1.2410714285714286,1
head|causative|object_frame_overlay_subject_visit_s01|overlay_subject_visit_s01_urinator|6|roll|respond,head,causative,overlay_subject_visit_s01_urinator,urinator,overlay_arg_1_match,bad_to_good,resid_post_layer_20,verb_final_subtoken,8,train_anchor,8,train_anchor,8,respond,roll,head,head,freqblimp_curated,freqblimp_curated,-5.9375,3.0,-0.25,8.9375,1.5714285714285714,1
head|causative|object_frame_overlay_subject_visit_s01|overlay_subject_visit_s01_urinator|9|grow|compete,head,causative,overlay_subject_visit_s01_urinator,urinator,overlay_arg_1_match,bad_to_good,resid_post_layer_20,verb_final_subtoken,8,train_anchor,8,train_anchor,8,compete,grow,head,head,freqblimp_curated,freqblimp_curated,-3.0,4.1875,-1.4375,7.1875,4.6,1
head|causative|object_frame_overlay_subject_visit_s01|overlay_subject_visit_s01_urinator|10|change|lie,head,causative,overlay_subject_visit_s01_urinator,urinator,overlay_arg_1_match,bad_to_good,resid_post_layer_20,verb_final_subtoken,8,train_anchor,8,train_anchor,8,lie,change,head,head,freqblimp_curated,freqblimp_curated,-3.4375,1.625,-1.375,5.0625,2.4545454545454546,1
head|causative|object_frame_overlay_subject_visit_s01|overlay_subject_visit_s01_urinator|11|fold|cry,head,causative,overlay_subject_visit_s01_urinator,urinator,overlay_arg_1_match,bad_to_good,resid_post_layer_20,verb_final_subtoken,8,train_anchor,8,train_anchor,8,cry,fold,head,head,freqblimp_curated,freqblimp_curated,-5.6875,3.3125,2.374999761581421,9.0,1.1162790697674418,1
head|causative|object_frame_overlay_subject_visit_s01|overlay_subject_visit_s01_urinator|12|move|struggle,head,causative,overlay_subject_visit_s01_urinator,urinator,overlay_arg_1_match,bad_to_good,resid_post_layer_20,verb_final_subtoken,8,train_anchor,8,train_anchor,8,struggle,move,head,head,freqblimp_curated,freqblimp_curated,-4.8125,1.6875,0.9375,6.5,1.1304347826086956,1
head|causative|object_frame_overlay_subject_visit_s01|overlay_subject_visit_s01_urinator|15|turn|boast,head,causative,overlay_subject_visit_s01_urinator,urinator,overlay_arg_1_match,bad_to_good,resid_post_layer_20,verb_final_subtoken,8,train_anchor,8,train_anchor,8,boast,turn,head,head,freqblimp_curated,freqblimp_curated,-5.8125,-2.375000238418579,-2.6875,3.437499761581421,1.0999999237060547,0
head|causative|object_frame_overlay_subject_visit_s01|overlay_subject_visit_s01_urinator|17|crash|appear,head,causative,overlay_subject_visit_s01_urinator,urinator,overlay_arg_1_match,bad_to_good,resid_post_layer_20,verb_final_subtoken,8,train_anchor,8,train_anchor,8,appear,crash,head,head,freqblimp_curated,freqblimp_curated,-2.0,2.187499761581421,0.1875,4.1875,1.9142857142857144,1
head|causative|object_frame_overlay_subject_visit_s01|overlay_subject_visit_s01_urinator|18|crack|disappear,head,causative,overlay_subject_visit_s01_urinator,urinator,overlay_arg_1_match,bad_to_good,resid_post_layer_20,verb_final_subtoken,8,train_anchor,8,train_anchor,8,disappear,crack,head,head,freqblimp_curated,freqblimp_curated,-5.125,3.5,2.750000238418579,8.625,1.0952380952380953,1
head|causative|object_frame_overlay_subject_visit_s01|overlay_subject_visit_s01_urinator|19|slow|complain,head,causative,overlay_subject_visit_s01_urinator,urinator,overlay_arg_1_match,bad_to_good,resid_post_layer_20,verb_final_subtoken,8,train_anchor,8,train_anchor,8,complain,slow,head,head,freqblimp_curated,freqblimp_curated,-4.4375,1.6875,-0.125,6.125,1.4202898550724639,1
head|causative|object_frame_overlay_subject_visit_s01|overlay_subject_visit_s01_urinator|20|accelerate|chat,head,causative,overlay_subject_visit_s01_urinator,urinator,overlay_arg_1_match,bad_to_good,resid_post_layer_20,verb_final_subtoken,8,train_anchor,8,train_anchor,8,chat,accelerate,head,head,freqblimp_curated,freqblimp_curated,-4.3125,2.875,-1.0,7.1875,2.169811320754717,1
head|causative|object_frame_overlay_subject_visit_s01|overlay_subject_visit_s01_urinator|21|shrink|smile,head,causative,overlay_subject_visit_s01_urinator,urinator,overlay_arg_1_match,bad_to_good,resid_post_layer_20,verb_final_subtoken,8,train_anchor,8,train_anchor,8,smile,shrink,head,head,freqblimp_curated,freqblimp_curated,-2.4375,4.75,2.1875,7.1875,1.554054054054054,1
head|causative|object_frame_overlay_subject_visit_s03|overlay_subject_visit_s03_urth|1|accelerate|disappear,head,causative,overlay_subject_visit_s03_urth,urth,overlay_arg_1_match,bad_to_good,resid_post_layer_20,verb_final_subtoken,8,train_anchor,8,train_anchor,8,disappear,accelerate,head,head,freqblimp_curated,freqblimp_curated,-1.4375,4.0,4.1875,5.4375,0.9666666666666667,1
head|causative|object_frame_overlay_subject_visit_s03|overlay_subject_visit_s03_urth|2|warp|struggle,head,causative,overlay_subject_visit_s03_urth,urth,overlay_arg_1_match,bad_to_good,resid_post_layer_20,verb_final_subtoken,8,train_anchor,8,train_anchor,8,struggle,warp,head,head,freqblimp_curated,freqblimp_curated,-1.0625,2.250000238418579,1.5625,3.312500238418579,1.2619048527308874,1
head|causative|object_frame_overlay_subject_visit_s03|overlay_subject_visit_s03_urth|3|shrink|appear,head,causative,overlay_subject_visit_s03_urth,urth,overlay_arg_1_match,bad_to_good,resid_post_layer_20,verb_final_subtoken,8,train_anchor,8,train_anchor,8,appear,shrink,head,head,freqblimp_curated,freqblimp_curated,2.062500238418579,3.0625,1.812499761581421,0.9999997615814209,-3.9999914169475232,1
head|causative|object_frame_overlay_subject_visit_s03|overlay_subject_visit_s03_urth|4|grow|compete,head,causative,overlay_subject_visit_s03_urth,urth,overlay_arg_1_match,bad_to_good,resid_post_layer_20,verb_final_subtoken,8,train_anchor,8,train_anchor,8,compete,grow,head,head,freqblimp_curated,freqblimp_curated,1.5625,2.625,-1.374999761581421,1.0625,-0.36170215701668573,1
head|causative|object_frame_overlay_subject_visit_s03|overlay_subject_visit_s03_urth|5|melt|cough,head,causative,overlay_subject_visit_s03_urth,urth,overlay_arg_1_match,bad_to_good,resid_post_layer_20,verb_final_subtoken,8,train_anchor,8,train_anchor,8,cough,melt,head,head,freqblimp_curated,freqblimp_curated,1.187499761581421,1.5625,0.4375002384185791,0.3750002384185791,-0.5000006357832818,1
head|causative|object_frame_overlay_subject_visit_s03|overlay_subject_visit_s03_urth|7|benefit|respond,head,causative,overlay_subject_visit_s03_urth,urth,overlay_arg_1_match,bad_to_good,resid_post_layer_20,verb_final_subtoken,8,train_anchor,8,train_anchor,8,respond,benefit,head,head,freqblimp_curated,freqblimp_curated,-1.4375,3.4375,0.6875,4.875,2.2941176470588234,1
head|causative|object_frame_overlay_subject_visit_s03|overlay_subject_visit_s03_urth|8|shut|arrive,head,causative,overlay_subject_visit_s03_urth,urth,overlay_arg_1_match,bad_to_good,resid_post_layer_20,verb_final_subtoken,8,train_anchor,8,train_anchor,8,arrive,shut,head,head,freqblimp_curated,freqblimp_curated,-0.9375,1.9375,0.7499997615814209,2.875,1.7037039444116584,1
head|causative|object_frame_overlay_subject_visit_s03|overlay_subject_visit_s03_urth|10|soak|scream,head,causative,overlay_subject_visit_s03_urth,urth,overlay_arg_1_match,bad_to_good,resid_post_layer_20,verb_final_subtoken,8,train_anchor,8,train_anchor,8,scream,soak,head,head,freqblimp_curated,freqblimp_curated,-1.5625,1.9375,0.875,3.5,1.435897435897436,1
head|causative|object_frame_overlay_subject_visit_s03|overlay_subject_visit_s03_urth|13|stretch|boast,head,causative,overlay_subject_visit_s03_urth,urth,overlay_arg_1_match,bad_to_good,resid_post_layer_20,verb_final_subtoken,8,train_anchor,8,train_anchor,8,boast,stretch,head,head,freqblimp_curated,freqblimp_curated,-1.1875,-2.9375,-2.6875,-1.75,1.1666666666666667,0
head|causative|object_frame_overlay_subject_visit_s03|overlay_subject_visit_s03_urth|14|roll|chat,head,causative,overlay_subject_visit_s03_urth,urth,overlay_arg_1_match,bad_to_good,resid_post_layer_20,verb_final_subtoken,8,train_anchor,8,train_anchor,8,chat,roll,head,head,freqblimp_curated,freqblimp_curated,0.5625,4.125,1.5,3.5625,3.8,1
head|causative|object_frame_overlay_subject_visit_s03|overlay_subject_visit_s03_urth|16|dry|react,head,causative,overlay_subject_visit_s03_urth,urth,overlay_arg_1_match,bad_to_good,resid_post_layer_20,verb_final_subtoken,8,train_anchor,8,train_anchor,8,react,dry,head,head,freqblimp_curated,freqblimp_curated,1.3125,3.5,1.0,2.1875,-7.0,1
head|causative|object_frame_overlay_subject_visit_s03|overlay_subject_visit_s03_urth|17|crack|lie,head,causative,overlay_subject_visit_s03_urth,urth,overlay_arg_1_match,bad_to_good,resid_post_layer_20,verb_final_subtoken,8,train_anchor,8,train_anchor,8,lie,crack,head,head,freqblimp_curated,freqblimp_curated,-0.1875,0.875,-0.125,1.0625,17.0,1
head|causative|object_frame_overlay_subject_visit_s03|overlay_subject_visit_s03_urth|18|chip|die,head,causative,overlay_subject_visit_s03_urth,urth,overlay_arg_1_match,bad_to_good,resid_post_layer_20,verb_final_subtoken,8,train_anchor,8,train_anchor,8,die,chip,head,head,freqblimp_curated,freqblimp_curated,-1.249999761581421,5.3125,3.875000238418579,6.5625,1.2804878048780488,1
head|causative|object_frame_overlay_subject_visit_s03|overlay_subject_visit_s03_urth|19|stop|reply,head,causative,overlay_subject_visit_s03_urth,urth,overlay_arg_1_match,bad_to_good,resid_post_layer_20,verb_final_subtoken,8,train_anchor,8,train_anchor,8,reply,stop,head,head,freqblimp_curated,freqblimp_curated,-0.2500002384185791,2.062500238418579,-0.25,2.312500476837158,9699330.0,1
head|causative|object_frame_overlay_subject_visit_s03|overlay_subject_visit_s03_urth|20|close|vanish,head,causative,overlay_subject_visit_s03_urth,urth,overlay_arg_1_match,bad_to_good,resid_post_layer_20,verb_final_subtoken,8,train_anchor,8,train_anchor,8,vanish,close,head,head,freqblimp_curated,freqblimp_curated,-0.125,3.937500238418579,4.5,4.0625,0.8783783783783784,1
head|causative|object_frame_overlay_subject_visit_s03|overlay_subject_visit_s03_urth|21|move|smile,head,causative,overlay_subject_visit_s03_urth,urth,overlay_arg_1_match,bad_to_good,resid_post_layer_20,verb_final_subtoken,8,train_anchor,8,train_anchor,8,smile,move,head,head,freqblimp_curated,freqblimp_curated,-1.9375,4.625,2.625,6.5625,1.4383561643835616,1
head|causative|object_frame_overlay_subject_check_s00|overlay_subject_check_s00_raftsman|0|burn|boast,head,causative,overlay_subject_check_s00_raftsman,raftsman,overlay_arg_1_match,bad_to_good,resid_post_layer_20,verb_final_subtoken,9,train_anchor,9,train_anchor,9,boast,burn,head,head,freqblimp_curated,freqblimp_curated,-7.5,1.5625,-2.062500238418579,9.0625,1.6666666666666667,1
head|causative|object_frame_overlay_subject_check_s00|overlay_subject_check_s00_raftsman|1|shrink|disagree,head,causative,overlay_subject_check_s00_raftsman,raftsman,overlay_arg_1_match,bad_to_good,resid_post_layer_20,verb_final_subtoken,9,train_anchor,9,train_anchor,9,disagree,shrink,head,head,freqblimp_curated,freqblimp_curated,-5.8125,1.874999761581421,0.375,7.6875,1.2424242424242424,1
head|causative|object_frame_overlay_subject_check_s00|overlay_subject_check_s00_raftsman|2|stop|disappear,head,causative,overlay_subject_check_s00_raftsman,raftsman,overlay_arg_1_match,bad_to_good,resid_post_layer_20,verb_final_subtoken,9,train_anchor,9,train_anchor,9,disappear,stop,head,head,freqblimp_curated,freqblimp_curated,-5.375,2.6875,1.5625,8.0625,1.162162162162162,1
head|causative|object_frame_overlay_subject_check_s00|overlay_subject_check_s00_raftsman|4|roll|respond,head,causative,overlay_subject_check_s00_raftsman,raftsman,overlay_arg_1_match,bad_to_good,resid_post_layer_20,verb_final_subtoken,9,train_anchor,9,train_anchor,9,respond,roll,head,head,freqblimp_curated,freqblimp_curated,-8.375,3.062499761581421,0.25,11.4375,1.326086956521739,1
head|causative|object_frame_overlay_subject_check_s00|overlay_subject_check_s00_raftsman|5|crack|testify,head,causative,overlay_subject_check_s00_raftsman,raftsman,overlay_arg_1_match,bad_to_good,resid_post_layer_20,verb_final_subtoken,9,train_anchor,9,train_anchor,9,testify,crack,head,head,freqblimp_curated,freqblimp_curated,-8.40625,1.9375,-0.75,10.34375,1.3510204081632653,1
head|causative|object_frame_overlay_subject_check_s00|overlay_subject_check_s00_raftsman|6|fold|die,head,causative,overlay_subject_check_s00_raftsman,raftsman,overlay_arg_1_match,bad_to_good,resid_post_layer_20,verb_final_subtoken,9,train_anchor,9,train_anchor,9,die,fold,head,head,freqblimp_curated,freqblimp_curated,-7.375000476837158,1.875,2.375,9.25,0.9487179487179487,1
head|causative|object_frame_overlay_subject_check_s00|overlay_subject_check_s00_raftsman|7|slow|lie,head,causative,overlay_subject_check_s00_raftsman,raftsman,overlay_arg_1_match,bad_to_good,resid_post_layer_20,verb_final_subtoken,9,train_anchor,9,train_anchor,9,lie,slow,head,head,freqblimp_curated,freqblimp_curated,-7.187499523162842,-0.4375,-1.9375,6.749999523162842,1.2857143116646097,0
head|causative|object_frame_overlay_subject_check_s00|overlay_subject_check_s00_raftsman|8|worry|chat,head,causative,overlay_subject_check_s00_raftsman,raftsman,overlay_arg_1_match,bad_to_good,resid_post_layer_20,verb_final_subtoken,9,train_anchor,9,train_anchor,9,chat,worry,head,head,freqblimp_curated,freqblimp_curated,-1.4375,2.375,-1.5625,3.8125,-30.5,1
head|causative|object_frame_overlay_subject_check_s00|overlay_subject_check_s00_raftsman|10|benefit|compete,head,causative,overlay_subject_check_s00_raftsman,raftsman,overlay_arg_1_match,bad_to_good,resid_post_layer_20,verb_final_subtoken,9,train_anchor,9,train_anchor,9,compete,benefit,head,head,freqblimp_curated,freqblimp_curated,-1.499999761581421,1.6875,-0.9375,3.187499761581421,5.66666864465868,1
head|causative|object_frame_overlay_subject_check_s00|overlay_subject_check_s00_raftsman|11|shut|cry,head,causative,overlay_subject_check_s00_raftsman,raftsman,overlay_arg_1_match,bad_to_good,resid_post_layer_20,verb_final_subtoken,9,train_anchor,9,train_anchor,9,cry,shut,head,head,freqblimp_curated,freqblimp_curated,-8.96875,0.0,-1.6875,8.96875,1.2317596566523605,0
head|causative|object_frame_overlay_subject_check_s00|overlay_subject_check_s00_raftsman|12|open|scream,head,causative,overlay_subject_check_s00_raftsman,raftsman,overlay_arg_1_match,bad_to_good,resid_post_layer_20,verb_final_subtoken,9,train_anchor,9,train_anchor,9,scream,open,head,head,freqblimp_curated,freqblimp_curated,-9.875,2.25,-0.3125,12.125,1.2679738562091503,1
head|causative|object_frame_overlay_subject_check_s00|overlay_subject_check_s00_raftsman|13|grow|struggle,head,causative,overlay_subject_check_s00_raftsman,raftsman,overlay_arg_1_match,bad_to_good,resid_post_layer_20,verb_final_subtoken,9,train_anchor,9,train_anchor,9,struggle,grow,head,head,freqblimp_curated,freqblimp_curated,-4.5,4.375,0.125,8.875,1.9189189189189189,1
head|causative|object_frame_overlay_subject_check_s00|overlay_subject_check_s00_raftsman|14|change|complain,head,causative,overlay_subject_check_s00_raftsman,raftsman,overlay_arg_1_match,bad_to_good,resid_post_layer_20,verb_final_subtoken,9,train_anchor,9,train_anchor,9,complain,change,head,head,freqblimp_curated,freqblimp_curated,-6.25,1.4375,0.0,7.6875,1.23,1
head|causative|object_frame_overlay_subject_check_s00|overlay_subject_check_s00_raftsman|15|close|laugh,head,causative,overlay_subject_check_s00_raftsman,raftsman,overlay_arg_1_match,bad_to_good,resid_post_layer_20,verb_final_subtoken,9,train_anchor,9,train_anchor,9,laugh,close,head,head,freqblimp_curated,freqblimp_curated,-8.75,4.875,2.624999761581421,13.625,1.1978021978021978,1
head|causative|object_frame_overlay_subject_check_s00|overlay_subject_check_s00_raftsman|16|move|arrive,head,causative,overlay_subject_check_s00_raftsman,raftsman,overlay_arg_1_match,bad_to_good,resid_post_layer_20,verb_final_subtoken,9,train_anchor,9,train_anchor,9,arrive,move,head,head,freqblimp_curated,freqblimp_curated,-7.96875,2.125,2.375,10.09375,0.9758308157099698,1
head|causative|object_frame_overlay_subject_check_s00|overlay_subject_check_s00_raftsman|17|melt|smile,head,causative,overlay_subject_check_s00_raftsman,raftsman,overlay_arg_1_match,bad_to_good,resid_post_layer_20,verb_final_subtoken,9,train_anchor,9,train_anchor,9,smile,melt,head,head,freqblimp_curated,freqblimp_curated,-7.906249523162842,5.5,1.8125,13.40625,1.3794212218649518,1
head|causative|object_frame_overlay_subject_check_s00|overlay_subject_check_s00_raftsman|18|awaken|reply,head,causative,overlay_subject_check_s00_raftsman,raftsman,overlay_arg_1_match,bad_to_good,resid_post_layer_20,verb_final_subtoken,9,train_anchor,9,train_anchor,9,reply,awaken,head,head,freqblimp_curated,freqblimp_curated,-4.1875,3.312500238418579,-0.875,7.5,2.2641509433962264,1
head|causative|object_frame_overlay_subject_check_s00|overlay_subject_check_s00_raftsman|19|crash|exist,head,causative,overlay_subject_check_s00_raftsman,raftsman,overlay_arg_1_match,bad_to_good,resid_post_layer_20,verb_final_subtoken,9,train_anchor,9,train_anchor,9,exist,crash,head,head,freqblimp_curated,freqblimp_curated,-5.375,0.4375,0.0625,5.8125,1.0689655172413792,1
head|causative|object_frame_overlay_subject_check_s00|overlay_subject_check_s00_raftsman|20|warp|vanish,head,causative,overlay_subject_check_s00_raftsman,raftsman,overlay_arg_1_match,bad_to_good,resid_post_layer_20,verb_final_subtoken,9,train_anchor,9,train_anchor,9,vanish,warp,head,head,freqblimp_curated,freqblimp_curated,-6.3125,0.875,1.1875,7.1875,0.9583333333333334,1
head|causative|object_frame_overlay_subject_check_s03|overlay_subject_check_s03_ragsorter|0|crash|complain,head,causative,overlay_subject_check_s03_ragsorter,ragsorter,overlay_arg_1_match,bad_to_good,resid_post_layer_20,verb_final_subtoken,9,train_anchor,9,train_anchor,9,complain,crash,head,head,freqblimp_curated,freqblimp_curated,-2.5,1.812500238418579,0.0,4.3125,1.725,1
head|causative|object_frame_overlay_subject_check_s03|overlay_subject_check_s03_ragsorter|1|roll|smile,head,causative,overlay_subject_check_s03_ragsorter,ragsorter,overlay_arg_1_match,bad_to_good,resid_post_layer_20,verb_final_subtoken,9,train_anchor,9,train_anchor,9,smile,roll,head,head,freqblimp_curated,freqblimp_curated,-7.0625,3.6875,2.1875,10.75,1.162162162162162,1
head|causative|object_frame_overlay_subject_check_s03|overlay_subject_check_s03_ragsorter|2|stretch|disappear,head,causative,overlay_subject_check_s03_ragsorter,ragsorter,overlay_arg_1_match,bad_to_good,resid_post_layer_20,verb_final_subtoken,9,train_anchor,9,train_anchor,9,disappear,stretch,head,head,freqblimp_curated,freqblimp_curated,-6.875,1.25,1.5625,8.125,0.9629629629629629,1
head|causative|object_frame_overlay_subject_check_s03|overlay_subject_check_s03_ragsorter|3|slow|compete,head,causative,overlay_subject_check_s03_ragsorter,ragsorter,overlay_arg_1_match,bad_to_good,resid_post_layer_20,verb_final_subtoken,9,train_anchor,9,train_anchor,9,compete,slow,head,head,freqblimp_curated,freqblimp_curated,-4.75,1.375,-0.5,6.125,1.4411764705882353,1
head|causative|object_frame_overlay_subject_check_s03|overlay_subject_check_s03_ragsorter|4|move|testify,head,causative,overlay_subject_check_s03_ragsorter,ragsorter,overlay_arg_1_match,bad_to_good,resid_post_layer_20,verb_final_subtoken,9,train_anchor,9,train_anchor,9,testify,move,head,head,freqblimp_curated,freqblimp_curated,-7.187500476837158,0.3749997615814209,-0.375,7.5625,1.1100916654190158,1
head|causative|object_frame_overlay_subject_check_s03|overlay_subject_check_s03_ragsorter|5|worry|struggle,head,causative,overlay_subject_check_s03_ragsorter,ragsorter,overlay_arg_1_match,bad_to_good,resid_post_layer_20,verb_final_subtoken,9,train_anchor,9,train_anchor,9,struggle,worry,head,head,freqblimp_curated,freqblimp_curated,-2.125,1.75,1.0,3.875,1.24,1
head|causative|object_frame_overlay_subject_check_s03|overlay_subject_check_s03_ragsorter|6|bake|appear,head,causative,overlay_subject_check_s03_ragsorter,ragsorter,overlay_arg_1_match,bad_to_good,resid_post_layer_20,verb_final_subtoken,9,train_anchor,9,train_anchor,9,appear,bake,head,head,freqblimp_curated,freqblimp_curated,-5.0,1.6875,1.125,6.6875,1.0918367346938775,1
head|causative|object_frame_overlay_subject_check_s03|overlay_subject_check_s03_ragsorter|7|burn|respond,head,causative,overlay_subject_check_s03_ragsorter,ragsorter,overlay_arg_1_match,bad_to_good,resid_post_layer_20,verb_final_subtoken,9,train_anchor,9,train_anchor,9,respond,burn,head,head,freqblimp_curated,freqblimp_curated,-6.0,3.125000238418579,0.0625,9.125,1.5051546391752577,1
head|causative|object_frame_overlay_subject_check_s03|overlay_subject_check_s03_ragsorter|8|soak|chat,head,causative,overlay_subject_check_s03_ragsorter,ragsorter,overlay_arg_1_match,bad_to_good,resid_post_layer_20,verb_final_subtoken,9,train_anchor,9,train_anchor,9,chat,soak,head,head,freqblimp_curated,freqblimp_curated,-6.875,2.25,-0.1875,9.125,1.3644859813084111,1
head|causative|object_frame_overlay_subject_check_s03|overlay_subject_check_s03_ragsorter|9|accelerate|vanish,head,causative,overlay_subject_check_s03_ragsorter,ragsorter,overlay_arg_1_match,bad_to_good,resid_post_layer_20,verb_final_subtoken,9,train_anchor,9,train_anchor,9,vanish,accelerate,head,head,freqblimp_curated,freqblimp_curated,-3.6875,0.875,1.312500238418579,4.5625,0.9125,1
head|causative|object_frame_overlay_subject_check_s03|overlay_subject_check_s03_ragsorter|10|close|react,head,causative,overlay_subject_check_s03_ragsorter,ragsorter,overlay_arg_1_match,bad_to_good,resid_post_layer_20,verb_final_subtoken,9,train_anchor,9,train_anchor,9,react,close,head,head,freqblimp_curated,freqblimp_curated,-7.687500476837158,2.0625,-0.3125,9.75,1.3220338128278175,1
head|causative|object_frame_overlay_subject_check_s03|overlay_subject_check_s03_ragsorter|13|dim|arrive,head,causative,overlay_subject_check_s03_ragsorter,ragsorter,overlay_arg_1_match,bad_to_good,resid_post_layer_20,verb_final_subtoken,9,train_anchor,9,train_anchor,9,arrive,dim,head,head,freqblimp_curated,freqblimp_curated,-5.5,1.0,2.0,6.5,0.8666666666666667,1
head|causative|object_frame_overlay_subject_check_s03|overlay_subject_check_s03_ragsorter|14|melt|exist,head,causative,overlay_subject_check_s03_ragsorter,ragsorter,overlay_arg_1_match,bad_to_good,resid_post_layer_20,verb_final_subtoken,9,train_anchor,9,train_anchor,9,exist,melt,head,head,freqblimp_curated,freqblimp_curated,-5.3125,0.1875,-0.125,5.5,1.0602409638554218,1
head|causative|object_frame_overlay_subject_check_s03|overlay_subject_check_s03_ragsorter|15|dry|disagree,head,causative,overlay_subject_check_s03_ragsorter,ragsorter,overlay_arg_1_match,bad_to_good,resid_post_layer_20,verb_final_subtoken,9,train_anchor,9,train_anchor,9,disagree,dry,head,head,freqblimp_curated,freqblimp_curated,-5.4375,1.7500001192092896,0.625,7.1875,1.1855670103092784,1
head|causative|object_frame_overlay_subject_check_s03|overlay_subject_check_s03_ragsorter|17|freeze|reply,head,causative,overlay_subject_check_s03_ragsorter,ragsorter,overlay_arg_1_match,bad_to_good,resid_post_layer_20,verb_final_subtoken,9,train_anchor,9,train_anchor,9,reply,freeze,head,head,freqblimp_curated,freqblimp_curated,-4.3125,1.8750001192092896,-1.1875,6.1875,1.98,1
head|causative|object_frame_overlay_subject_check_s03|overlay_subject_check_s03_ragsorter|18|open|scream,head,causative,overlay_subject_check_s03_ragsorter,ragsorter,overlay_arg_1_match,bad_to_good,resid_post_layer_20,verb_final_subtoken,9,train_anchor,9,train_anchor,9,scream,open,head,head,freqblimp_curated,freqblimp_curated,-7.874999523162842,3.000000238418579,0.5625,10.875,1.288888888888889,1
head|causative|object_frame_overlay_subject_check_s03|overlay_subject_check_s03_ragsorter|19|warp|laugh,head,causative,overlay_subject_check_s03_ragsorter,ragsorter,overlay_arg_1_match,bad_to_good,resid_post_layer_20,verb_final_subtoken,9,train_anchor,9,train_anchor,9,laugh,warp,head,head,freqblimp_curated,freqblimp_curated,-5.5,4.0,2.9375,9.5,1.125925925925926,1
head|causative|object_frame_overlay_subject_check_s03|overlay_subject_check_s03_ragsorter|20|fold|boast,head,causative,overlay_subject_check_s03_ragsorter,ragsorter,overlay_arg_1_match,bad_to_good,resid_post_layer_20,verb_final_subtoken,9,train_anchor,9,train_anchor,9,boast,fold,head,head,freqblimp_curated,freqblimp_curated,-6.8125,-2.125,-2.624999761581421,4.6875,1.1194029850746268,0
head|causative|object_frame_overlay_subject_check_s03|overlay_subject_check_s03_ragsorter|21|stop|lie,head,causative,overlay_subject_check_s03_ragsorter,ragsorter,overlay_arg_1_match,bad_to_good,resid_post_layer_20,verb_final_subtoken,9,train_anchor,9,train_anchor,9,lie,stop,head,head,freqblimp_curated,freqblimp_curated,-4.0625,1.25,-1.8125,5.3125,2.361111111111111,1
head|causative|object_frame_overlay_subject_trial_s02|overlay_subject_trial_s02_neuroscientist|0|chip|respond,head,causative,overlay_subject_trial_s02_neuroscientist,neuroscientist,overlay_arg_1_match,bad_to_good,resid_post_layer_20,verb_final_subtoken,9,train_anchor,9,train_anchor,9,respond,chip,head,head,freqblimp_curated,freqblimp_curated,-5.53125,4.4375,1.1875,9.96875,1.4837209302325582,1
head|causative|object_frame_overlay_subject_trial_s02|overlay_subject_trial_s02_neuroscientist|1|dim|react,head,causative,overlay_subject_trial_s02_neuroscientist,neuroscientist,overlay_arg_1_match,bad_to_good,resid_post_layer_20,verb_final_subtoken,9,train_anchor,9,train_anchor,9,react,dim,head,head,freqblimp_curated,freqblimp_curated,-6.9375,2.875,-1.0,9.8125,1.6526315789473685,1
head|causative|object_frame_overlay_subject_trial_s02|overlay_subject_trial_s02_neuroscientist|2|roll|complain,head,causative,overlay_subject_trial_s02_neuroscientist,neuroscientist,overlay_arg_1_match,bad_to_good,resid_post_layer_20,verb_final_subtoken,9,train_anchor,9,train_anchor,9,complain,roll,head,head,freqblimp_curated,freqblimp_curated,-7.0625,2.25,-0.625,9.3125,1.4466019417475728,1
head|causative|object_frame_overlay_subject_trial_s02|overlay_subject_trial_s02_neuroscientist|3|move|lie,head,causative,overlay_subject_trial_s02_neuroscientist,neuroscientist,overlay_arg_1_match,bad_to_good,resid_post_layer_20,verb_final_subtoken,9,train_anchor,9,train_anchor,9,lie,move,head,head,freqblimp_curated,freqblimp_curated,-6.75,2.6875,2.562500238418579,9.4375,1.0134228187919463,1
head|causative|object_frame_overlay_subject_trial_s02|overlay_subject_trial_s02_neuroscientist|4|bake|laugh,head,causative,overlay_subject_trial_s02_neuroscientist,neuroscientist,overlay_arg_1_match,bad_to_good,resid_post_layer_20,verb_final_subtoken,9,train_anchor,9,train_anchor,9,laugh,bake,head,head,freqblimp_curated,freqblimp_curated,-6.312500476837158,4.125,1.125,10.4375,1.4033612545647338,1
head|causative|object_frame_overlay_subject_trial_s02|overlay_subject_trial_s02_neuroscientist|6|freeze|reply,head,causative,overlay_subject_trial_s02_neuroscientist,neuroscientist,overlay_arg_1_match,bad_to_good,resid_post_layer_20,verb_final_subtoken,9,train_anchor,9,train_anchor,9,reply,freeze,head,head,freqblimp_curated,freqblimp_curated,-7.281249523162842,3.8125,0.25,11.09375,1.4730291389072236,1
head|causative|object_frame_overlay_subject_trial_s02|overlay_subject_trial_s02_neuroscientist|7|warp|chat,head,causative,overlay_subject_trial_s02_neuroscientist,neuroscientist,overlay_arg_1_match,bad_to_good,resid_post_layer_20,verb_final_subtoken,9,train_anchor,9,train_anchor,9,chat,warp,head,head,freqblimp_curated,freqblimp_curated,-6.1875,3.250000238418579,-1.8124995231628418,9.4375,2.1571426220329695,1
head|causative|object_frame_overlay_subject_trial_s02|overlay_subject_trial_s02_neuroscientist|8|change|vanish,head,causative,overlay_subject_trial_s02_neuroscientist,neuroscientist,overlay_arg_1_match,bad_to_good,resid_post_layer_20,verb_final_subtoken,9,train_anchor,9,train_anchor,9,vanish,change,head,head,freqblimp_curated,freqblimp_curated,-7.374999523162842,0.9374998807907104,1.312499761581421,8.312499046325684,0.9568345276355911,1
head|causative|object_frame_overlay_subject_trial_s02|overlay_subject_trial_s02_neuroscientist|9|twist|smile,head,causative,overlay_subject_trial_s02_neuroscientist,neuroscientist,overlay_arg_1_match,bad_to_good,resid_post_layer_20,verb_final_subtoken,9,train_anchor,9,train_anchor,9,smile,twist,head,head,freqblimp_curated,freqblimp_curated,-7.125,3.4375,1.125,10.5625,1.2803030303030303,1
head|causative|object_frame_overlay_subject_trial_s02|overlay_subject_trial_s02_neuroscientist|10|crash|cry,head,causative,overlay_subject_trial_s02_neuroscientist,neuroscientist,overlay_arg_1_match,bad_to_good,resid_post_layer_20,verb_final_subtoken,9,train_anchor,9,train_anchor,9,cry,crash,head,head,freqblimp_curated,freqblimp_curated,-6.09375,1.499999761581421,0.25,7.59375,1.1970443349753694,1
head|causative|object_frame_overlay_subject_trial_s02|overlay_subject_trial_s02_neuroscientist|11|open|testify,head,causative,overlay_subject_trial_s02_neuroscientist,neuroscientist,overlay_arg_1_match,bad_to_good,resid_post_layer_20,verb_final_subtoken,9,train_anchor,9,train_anchor,9,testify,open,head,head,freqblimp_curated,freqblimp_curated,-7.78125,3.124999761581421,-0.375,10.90625,1.4725738396624473,1
head|causative|object_frame_overlay_subject_trial_s02|overlay_subject_trial_s02_neuroscientist|12|grow|disappear,head,causative,overlay_subject_trial_s02_neuroscientist,neuroscientist,overlay_arg_1_match,bad_to_good,resid_post_layer_20,verb_final_subtoken,9,train_anchor,9,train_anchor,9,disappear,grow,head,head,freqblimp_curated,freqblimp_curated,-6.84375,4.6875,1.6875,11.53125,1.3516483516483517,1
head|causative|object_frame_overlay_subject_trial_s02|overlay_subject_trial_s02_neuroscientist|13|drop|struggle,head,causative,overlay_subject_trial_s02_neuroscientist,neuroscientist,overlay_arg_1_match,bad_to_good,resid_post_layer_20,verb_final_subtoken,9,train_anchor,9,train_anchor,9,struggle,drop,head,head,freqblimp_curated,freqblimp_curated,-8.5625,4.125,1.25,12.6875,1.2929936305732483,1
head|causative|object_frame_overlay_subject_trial_s02|overlay_subject_trial_s02_neuroscientist|15|soak|disagree,head,causative,overlay_subject_trial_s02_neuroscientist,neuroscientist,overlay_arg_1_match,bad_to_good,resid_post_layer_20,verb_final_subtoken,9,train_anchor,9,train_anchor,9,disagree,soak,head,head,freqblimp_curated,freqblimp_curated,-7.218749523162842,4.9375,3.125,12.15625,1.1752265861027191,1
head|causative|object_frame_overlay_subject_trial_s02|overlay_subject_trial_s02_neuroscientist|17|crack|compete,head,causative,overlay_subject_trial_s02_neuroscientist,neuroscientist,overlay_arg_1_match,bad_to_good,resid_post_layer_20,verb_final_subtoken,9,train_anchor,9,train_anchor,9,compete,crack,head,head,freqblimp_curated,freqblimp_curated,-7.40625,0.25,-3.25,7.65625,1.8421052631578947,1
head|causative|object_frame_overlay_subject_trial_s02|overlay_subject_trial_s02_neuroscientist|18|shrink|scream,head,causative,overlay_subject_trial_s02_neuroscientist,neuroscientist,overlay_arg_1_match,bad_to_good,resid_post_layer_20,verb_final_subtoken,9,train_anchor,9,train_anchor,9,scream,shrink,head,head,freqblimp_curated,freqblimp_curated,-6.3125,2.500000238418579,0.1875,8.8125,1.3557692307692308,1
head|causative|object_frame_overlay_subject_trial_s02|overlay_subject_trial_s02_neuroscientist|19|slow|boast,head,causative,overlay_subject_trial_s02_neuroscientist,neuroscientist,overlay_arg_1_match,bad_to_good,resid_post_layer_20,verb_final_subtoken,9,train_anchor,9,train_anchor,9,boast,slow,head,head,freqblimp_curated,freqblimp_curated,-7.59375,-0.8125002384185791,-2.937500238418579,6.78125,1.4563758389261745,0
head|causative|object_frame_overlay_subject_trial_s02|overlay_subject_trial_s02_neuroscientist|21|accelerate|die,head,causative,overlay_subject_trial_s02_neuroscientist,neuroscientist,overlay_arg_1_match,bad_to_good,resid_post_layer_20,verb_final_subtoken,9,train_anchor,9,train_anchor,9,die,accelerate,head,head,freqblimp_curated,freqblimp_curated,-7.34375,4.375,2.25,11.71875,1.221498371335505,1
head|causative|object_frame_overlay_subject_trial_s03|overlay_subject_trial_s03_neurosurgeon|1|crack|arrive,head,causative,overlay_subject_trial_s03_neurosurgeon,neurosurgeon,overlay_arg_1_match,bad_to_good,resid_post_layer_20,verb_final_subtoken,9,train_anchor,9,train_anchor,9,arrive,crack,head,head,freqblimp_curated,freqblimp_curated,-7.96875,2.8125,0.8125,10.78125,1.2277580071174377,1
head|causative|object_frame_overlay_subject_trial_s03|overlay_subject_trial_s03_neurosurgeon|2|dim|struggle,head,causative,overlay_subject_trial_s03_neurosurgeon,neurosurgeon,overlay_arg_1_match,bad_to_good,resid_post_layer_20,verb_final_subtoken,9,train_anchor,9,train_anchor,9,struggle,dim,head,head,freqblimp_curated,freqblimp_curated,-6.9375,2.375000238418579,1.0625,9.3125,1.1640625,1
head|causative|object_frame_overlay_subject_trial_s03|overlay_subject_trial_s03_neurosurgeon|4|move|smile,head,causative,overlay_subject_trial_s03_neurosurgeon,neurosurgeon,overlay_arg_1_match,bad_to_good,resid_post_layer_20,verb_final_subtoken,9,train_anchor,9,train_anchor,9,smile,move,head,head,freqblimp_curated,freqblimp_curated,-7.593750476837158,3.687499761581421,1.0,11.28125,1.3127272727272727,1
head|causative|object_frame_overlay_subject_trial_s03|overlay_subject_trial_s03_neurosurgeon|5|shut|reply,head,causative,overlay_subject_trial_s03_neurosurgeon,neurosurgeon,overlay_arg_1_match,bad_to_good,resid_post_layer_20,verb_final_subtoken,9,train_anchor,9,train_anchor,9,reply,shut,head,head,freqblimp_curated,freqblimp_curated,-7.90625,1.75,-1.5,9.65625,1.5073170731707317,1
head|causative|object_frame_overlay_subject_trial_s03|overlay_subject_trial_s03_neurosurgeon|6|warp|cry,head,causative,overlay_subject_trial_s03_neurosurgeon,neurosurgeon,overlay_arg_1_match,bad_to_good,resid_post_layer_20,verb_final_subtoken,9,train_anchor,9,train_anchor,9,cry,warp,head,head,freqblimp_curated,freqblimp_curated,-7.499999523162842,1.0625,-2.6875,8.5625,1.7792209555114107,1
head|causative|object_frame_overlay_subject_trial_s03|overlay_subject_trial_s03_neurosurgeon|7|soak|disagree,head,causative,overlay_subject_trial_s03_neurosurgeon,neurosurgeon,overlay_arg_1_match,bad_to_good,resid_post_layer_20,verb_final_subtoken,9,train_anchor,9,train_anchor,9,disagree,soak,head,head,freqblimp_curated,freqblimp_curated,-8.84375,5.0,2.25,13.84375,1.2478873239436619,1
head|causative|object_frame_overlay_subject_trial_s03|overlay_subject_trial_s03_neurosurgeon|8|drop|boast,head,causative,overlay_subject_trial_s03_neurosurgeon,neurosurgeon,overlay_arg_1_match,bad_to_good,resid_post_layer_20,verb_final_subtoken,9,train_anchor,9,train_anchor,9,boast,drop,head,head,freqblimp_curated,freqblimp_curated,-9.125,2.062499761581421,-2.0625,11.1875,1.584070796460177,1
head|causative|object_frame_overlay_subject_trial_s03|overlay_subject_trial_s03_neurosurgeon|10|chip|chat,head,causative,overlay_subject_trial_s03_neurosurgeon,neurosurgeon,overlay_arg_1_match,bad_to_good,resid_post_layer_20,verb_final_subtoken,9,train_anchor,9,train_anchor,9,chat,chip,head,head,freqblimp_curated,freqblimp_curated,-6.5,3.0,-2.812500476837158,9.5,2.5762715195829125,1
head|causative|object_frame_overlay_subject_trial_s03|overlay_subject_trial_s03_neurosurgeon|11|dry|appear,head,causative,overlay_subject_trial_s03_neurosurgeon,neurosurgeon,overlay_arg_1_match,bad_to_good,resid_post_layer_20,verb_final_subtoken,9,train_anchor,9,train_anchor,9,appear,dry,head,head,freqblimp_curated,freqblimp_curated,-7.0625,3.6875,2.0625,10.75,1.178082191780822,1
head|causative|object_frame_overlay_subject_trial_s03|overlay_subject_trial_s03_neurosurgeon|13|stretch|vanish,head,causative,overlay_subject_trial_s03_neurosurgeon,neurosurgeon,overlay_arg_1_match,bad_to_good,resid_post_layer_20,verb_final_subtoken,9,train_anchor,9,train_anchor,9,vanish,stretch,head,head,freqblimp_curated,freqblimp_curated,-8.0625,2.25,1.4375,10.3125,1.0855263157894737,1
head|causative|object_frame_overlay_subject_trial_s03|overlay_subject_trial_s03_neurosurgeon|15|grow|exist,head,causative,overlay_subject_trial_s03_neurosurgeon,neurosurgeon,overlay_arg_1_match,bad_to_good,resid_post_layer_20,verb_final_subtoken,9,train_anchor,9,train_anchor,9,exist,grow,head,head,freqblimp_curated,freqblimp_curated,-7.15625,3.875,0.8124997615814209,11.03125,1.384313725490196,1
head|causative|object_frame_overlay_subject_trial_s03|overlay_subject_trial_s03_neurosurgeon|17|accelerate|die,head,causative,overlay_subject_trial_s03_neurosurgeon,neurosurgeon,overlay_arg_1_match,bad_to_good,resid_post_layer_20,verb_final_subtoken,9,train_anchor,9,train_anchor,9,die,accelerate,head,head,freqblimp_curated,freqblimp_curated,-7.53125,3.0625,2.5625,10.59375,1.0495356037151702,1
head|causative|object_frame_overlay_subject_trial_s03|overlay_subject_trial_s03_neurosurgeon|18|fade|respond,head,causative,overlay_subject_trial_s03_neurosurgeon,neurosurgeon,overlay_arg_1_match,bad_to_good,resid_post_layer_20,verb_final_subtoken,9,train_anchor,9,train_anchor,9,respond,fade,head,head,freqblimp_curated,freqblimp_curated,-4.9375,1.9375,0.125,6.875,1.3580246913580247,1
head|causative|object_frame_overlay_subject_trial_s03|overlay_subject_trial_s03_neurosurgeon|19|roll|disappear,head,causative,overlay_subject_trial_s03_neurosurgeon,neurosurgeon,overlay_arg_1_match,bad_to_good,resid_post_layer_20,verb_final_subtoken,9,train_anchor,9,train_anchor,9,disappear,roll,head,head,freqblimp_curated,freqblimp_curated,-8.4375,2.687500238418579,2.000000238418579,11.125,1.0658682634730539,1
head|causative|object_frame_overlay_subject_trial_s03|overlay_subject_trial_s03_neurosurgeon|20|shrink|react,head,causative,overlay_subject_trial_s03_neurosurgeon,neurosurgeon,overlay_arg_1_match,bad_to_good,resid_post_layer_20,verb_final_subtoken,9,train_anchor,9,train_anchor,9,react,shrink,head,head,freqblimp_curated,freqblimp_curated,-7.46875,1.375,-1.9375,8.84375,1.5988700564971752,1
head|causative|object_frame_overlay_subject_trial_s03|overlay_subject_trial_s03_neurosurgeon|21|turn|cough,head,causative,overlay_subject_trial_s03_neurosurgeon,neurosurgeon,overlay_arg_1_match,bad_to_good,resid_post_layer_20,verb_final_subtoken,9,train_anchor,9,train_anchor,9,cough,turn,head,head,freqblimp_curated,freqblimp_curated,-7.59375,0.4375,-2.374999761581421,8.03125,1.5389221556886228,1
head|causative|object_frame_overlay_subject_visit_s02|overlay_subject_visit_s02_urologist|0|close|reply,head,causative,overlay_subject_visit_s02_urologist,urologist,overlay_arg_1_match,bad_to_good,resid_post_layer_20,verb_final_subtoken,9,train_anchor,9,train_anchor,9,reply,close,head,head,freqblimp_curated,freqblimp_curated,-7.0625,-0.1875,-2.1875,6.875,1.4102564102564104,0
head|causative|object_frame_overlay_subject_visit_s02|overlay_subject_visit_s02_urologist|1|awaken|compete,head,causative,overlay_subject_visit_s02_urologist,urologist,overlay_arg_1_match,bad_to_good,resid_post_layer_20,verb_final_subtoken,9,train_anchor,9,train_anchor,9,compete,awaken,head,head,freqblimp_curated,freqblimp_curated,-5.8125,0.625,-3.8125,6.4375,3.21875,1
head|causative|object_frame_overlay_subject_visit_s02|overlay_subject_visit_s02_urologist|2|crash|smile,head,causative,overlay_subject_visit_s02_urologist,urologist,overlay_arg_1_match,bad_to_good,resid_post_layer_20,verb_final_subtoken,9,train_anchor,9,train_anchor,9,smile,crash,head,head,freqblimp_curated,freqblimp_curated,-3.5,6.375,2.4375,9.875,1.6631578947368422,1
head|causative|object_frame_overlay_subject_visit_s02|overlay_subject_visit_s02_urologist|3|accelerate|appear,head,causative,overlay_subject_visit_s02_urologist,urologist,overlay_arg_1_match,bad_to_good,resid_post_layer_20,verb_final_subtoken,9,train_anchor,9,train_anchor,9,appear,accelerate,head,head,freqblimp_curated,freqblimp_curated,-9.125,4.5625,0.625,13.6875,1.4038461538461537,1
head|causative|object_frame_overlay_subject_visit_s02|overlay_subject_visit_s02_urologist|4|dry|exist,head,causative,overlay_subject_visit_s02_urologist,urologist,overlay_arg_1_match,bad_to_good,resid_post_layer_20,verb_final_subtoken,9,train_anchor,9,train_anchor,9,exist,dry,head,head,freqblimp_curated,freqblimp_curated,-7.5,-1.6875001192092896,-2.0,5.8125,1.0568181818181819,0
head|causative|object_frame_overlay_subject_visit_s02|overlay_subject_visit_s02_urologist|5|slow|laugh,head,causative,overlay_subject_visit_s02_urologist,urologist,overlay_arg_1_match,bad_to_good,resid_post_layer_20,verb_final_subtoken,9,train_anchor,9,train_anchor,9,laugh,slow,head,head,freqblimp_curated,freqblimp_curated,-7.59375,4.75,2.625,12.34375,1.2079510703363914,1
head|causative|object_frame_overlay_subject_visit_s02|overlay_subject_visit_s02_urologist|9|dim|scream,head,causative,overlay_subject_visit_s02_urologist,urologist,overlay_arg_1_match,bad_to_good,resid_post_layer_20,verb_final_subtoken,9,train_anchor,9,train_anchor,9,scream,dim,head,head,freqblimp_curated,freqblimp_curated,-5.875,2.75,0.75,8.625,1.3018867924528301,1
head|causative|object_frame_overlay_subject_visit_s02|overlay_subject_visit_s02_urologist|10|stop|cry,head,causative,overlay_subject_visit_s02_urologist,urologist,overlay_arg_1_match,bad_to_good,resid_post_layer_20,verb_final_subtoken,9,train_anchor,9,train_anchor,9,cry,stop,head,head,freqblimp_curated,freqblimp_curated,-5.9375,5.0,2.1875,10.9375,1.3461538461538463,1
head|causative|object_frame_overlay_subject_visit_s02|overlay_subject_visit_s02_urologist|12|shut|disagree,head,causative,overlay_subject_visit_s02_urologist,urologist,overlay_arg_1_match,bad_to_good,resid_post_layer_20,verb_final_subtoken,9,train_anchor,9,train_anchor,9,disagree,shut,head,head,freqblimp_curated,freqblimp_curated,-7.406249523162842,4.1875,1.75,11.59375,1.266211604095563,1
head|causative|object_frame_overlay_subject_visit_s02|overlay_subject_visit_s02_urologist|15|turn|lie,head,causative,overlay_subject_visit_s02_urologist,urologist,overlay_arg_1_match,bad_to_good,resid_post_layer_20,verb_final_subtoken,9,train_anchor,9,train_anchor,9,lie,turn,head,head,freqblimp_curated,freqblimp_curated,-9.03125,-0.625,-2.875,8.40625,1.365482233502538,0
head|causative|object_frame_overlay_subject_visit_s02|overlay_subject_visit_s02_urologist|16|fold|vanish,head,causative,overlay_subject_visit_s02_urologist,urologist,overlay_arg_1_match,bad_to_good,resid_post_layer_20,verb_final_subtoken,9,train_anchor,9,train_anchor,9,vanish,fold,head,head,freqblimp_curated,freqblimp_curated,-6.875,3.3125,1.5,10.1875,1.2164179104477613,1
head|causative|object_frame_overlay_subject_visit_s02|overlay_subject_visit_s02_urologist|17|stretch|boast,head,causative,overlay_subject_visit_s02_urologist,urologist,overlay_arg_1_match,bad_to_good,resid_post_layer_20,verb_final_subtoken,9,train_anchor,9,train_anchor,9,boast,stretch,head,head,freqblimp_curated,freqblimp_curated,-6.25,0.5,-2.5625,6.75,1.8305084745762712,1
head|causative|object_frame_overlay_subject_visit_s02|overlay_subject_visit_s02_urologist|18|open|chat,head,causative,overlay_subject_visit_s02_urologist,urologist,overlay_arg_1_match,bad_to_good,resid_post_layer_20,verb_final_subtoken,9,train_anchor,9,train_anchor,9,chat,open,head,head,freqblimp_curated,freqblimp_curated,-8.375,5.8125,-1.1875,14.1875,1.9739130434782608,1
head|causative|object_frame_overlay_subject_visit_s02|overlay_subject_visit_s02_urologist|19|fade|react,head,causative,overlay_subject_visit_s02_urologist,urologist,overlay_arg_1_match,bad_to_good,resid_post_layer_20,verb_final_subtoken,9,train_anchor,9,train_anchor,9,react,fade,head,head,freqblimp_curated,freqblimp_curated,-3.3125,1.125,-0.875,4.4375,1.8205128205128205,1
head|causative|object_frame_overlay_subject_visit_s02|overlay_subject_visit_s02_urologist|20|benefit|respond,head,causative,overlay_subject_visit_s02_urologist,urologist,overlay_arg_1_match,bad_to_good,resid_post_layer_20,verb_final_subtoken,9,train_anchor,9,train_anchor,9,respond,benefit,head,head,freqblimp_curated,freqblimp_curated,-1.9375,1.25,-0.6875,3.1875,2.55,1
head|causative|object_frame_overlay_subject_visit_s02|overlay_subject_visit_s02_urologist|21|bake|struggle,head,causative,overlay_subject_visit_s02_urologist,urologist,overlay_arg_1_match,bad_to_good,resid_post_layer_20,verb_final_subtoken,9,train_anchor,9,train_anchor,9,struggle,bake,head,head,freqblimp_curated,freqblimp_curated,-6.343749523162842,3.437499761581421,0.4375,9.781249046325684,1.442396274155034,1
head|causative|object_frame_overlay_subject_check_s01|overlay_subject_check_s01_ragamuffin|0|change|struggle,head,causative,overlay_subject_check_s01_ragamuffin,ragamuffin,overlay_arg_1_match,bad_to_good,resid_post_layer_20,verb_final_subtoken,10,train_anchor,10,train_anchor,10,struggle,change,head,head,freqblimp_curated,freqblimp_curated,-3.75,2.375,1.625,6.125,1.1395348837209303,1
head|causative|object_frame_overlay_subject_check_s01|overlay_subject_check_s01_ragamuffin|1|warp|respond,head,causative,overlay_subject_check_s01_ragamuffin,ragamuffin,overlay_arg_1_match,bad_to_good,resid_post_layer_20,verb_final_subtoken,10,train_anchor,10,train_anchor,10,respond,warp,head,head,freqblimp_curated,freqblimp_curated,-3.4375,4.0625,0.5625,7.5,1.875,1
head|causative|object_frame_overlay_subject_check_s01|overlay_subject_check_s01_ragamuffin|2|soak|smile,head,causative,overlay_subject_check_s01_ragamuffin,ragamuffin,overlay_arg_1_match,bad_to_good,resid_post_layer_20,verb_final_subtoken,10,train_anchor,10,train_anchor,10,smile,soak,head,head,freqblimp_curated,freqblimp_curated,-6.624999523162842,4.25,2.0625,10.875,1.2517985611510791,1
head|causative|object_frame_overlay_subject_check_s01|overlay_subject_check_s01_ragamuffin|4|freeze|die,head,causative,overlay_subject_check_s01_ragamuffin,ragamuffin,overlay_arg_1_match,bad_to_good,resid_post_layer_20,verb_final_subtoken,10,train_anchor,10,train_anchor,10,die,freeze,head,head,freqblimp_curated,freqblimp_curated,0.0625,5.125,3.6875,5.0625,1.396551724137931,1
head|causative|object_frame_overlay_subject_check_s01|overlay_subject_check_s01_ragamuffin|5|stretch|reply,head,causative,overlay_subject_check_s01_ragamuffin,ragamuffin,overlay_arg_1_match,bad_to_good,resid_post_layer_20,verb_final_subtoken,10,train_anchor,10,train_anchor,10,reply,stretch,head,head,freqblimp_curated,freqblimp_curated,-3.562499761581421,2.125,-0.3125,5.6875,1.7500001283792443,1
head|causative|object_frame_overlay_subject_check_s01|overlay_subject_check_s01_ragamuffin|6|crack|cry,head,causative,overlay_subject_check_s01_ragamuffin,ragamuffin,overlay_arg_1_match,bad_to_good,resid_post_layer_20,verb_final_subtoken,10,train_anchor,10,train_anchor,10,cry,crack,head,head,freqblimp_curated,freqblimp_curated,-4.8125,4.125,2.062500238418579,8.9375,1.3,1
head|causative|object_frame_overlay_subject_check_s01|overlay_subject_check_s01_ragamuffin|7|worry|appear,head,causative,overlay_subject_check_s01_ragamuffin,ragamuffin,overlay_arg_1_match,bad_to_good,resid_post_layer_20,verb_final_subtoken,10,train_anchor,10,train_anchor,10,appear,worry,head,head,freqblimp_curated,freqblimp_curated,-1.0,2.499999761581421,1.625,3.499999761581421,1.333333242507208,1
head|causative|object_frame_overlay_subject_check_s01|overlay_subject_check_s01_ragamuffin|8|slow|arrive,head,causative,overlay_subject_check_s01_ragamuffin,ragamuffin,overlay_arg_1_match,bad_to_good,resid_post_layer_20,verb_final_subtoken,10,train_anchor,10,train_anchor,10,arrive,slow,head,head,freqblimp_curated,freqblimp_curated,-4.4375,3.312499761581421,2.5,7.75,1.117117117117117,1
head|causative|object_frame_overlay_subject_check_s01|overlay_subject_check_s01_ragamuffin|10|accelerate|boast,head,causative,overlay_subject_check_s01_ragamuffin,ragamuffin,overlay_arg_1_match,bad_to_good,resid_post_layer_20,verb_final_subtoken,10,train_anchor,10,train_anchor,10,boast,accelerate,head,head,freqblimp_curated,freqblimp_curated,-2.874999761581421,1.75,-1.1875,4.625,2.740741127966581,1
head|causative|object_frame_overlay_subject_check_s01|overlay_subject_check_s01_ragamuffin|12|turn|disagree,head,causative,overlay_subject_check_s01_ragamuffin,ragamuffin,overlay_arg_1_match,bad_to_good,resid_post_layer_20,verb_final_subtoken,10,train_anchor,10,train_anchor,10,disagree,turn,head,head,freqblimp_curated,freqblimp_curated,-4.6875,4.6875,3.125000238418579,9.375,1.2,1
head|causative|object_frame_overlay_subject_check_s01|overlay_subject_check_s01_ragamuffin|13|burn|vanish,head,causative,overlay_subject_check_s01_ragamuffin,ragamuffin,overlay_arg_1_match,bad_to_good,resid_post_layer_20,verb_final_subtoken,10,train_anchor,10,train_anchor,10,vanish,burn,head,head,freqblimp_curated,freqblimp_curated,-4.0625,5.0,3.312500238418579,9.0625,1.228813559322034,1
head|causative|object_frame_overlay_subject_check_s01|overlay_subject_check_s01_ragamuffin|14|open|scream,head,causative,overlay_subject_check_s01_ragamuffin,ragamuffin,overlay_arg_1_match,bad_to_good,resid_post_layer_20,verb_final_subtoken,10,train_anchor,10,train_anchor,10,scream,open,head,head,freqblimp_curated,freqblimp_curated,-7.062500476837158,3.75,1.1875,10.8125,1.3106060606060606,1
head|causative|object_frame_overlay_subject_check_s01|overlay_subject_check_s01_ragamuffin|16|grow|laugh,head,causative,overlay_subject_check_s01_ragamuffin,ragamuffin,overlay_arg_1_match,bad_to_good,resid_post_layer_20,verb_final_subtoken,10,train_anchor,10,train_anchor,10,laugh,grow,head,head,freqblimp_curated,freqblimp_curated,0.0625,7.125,2.375,7.0625,3.054054054054054,1
head|causative|object_frame_overlay_subject_check_s01|overlay_subject_check_s01_ragamuffin|19|stop|complain,head,causative,overlay_subject_check_s01_ragamuffin,ragamuffin,overlay_arg_1_match,bad_to_good,resid_post_layer_20,verb_final_subtoken,10,train_anchor,10,train_anchor,10,complain,stop,head,head,freqblimp_curated,freqblimp_curated,-2.0,5.875,1.125,7.875,2.52,1
head|causative|object_frame_overlay_subject_check_s01|overlay_subject_check_s01_ragamuffin|20|move|chat,head,causative,overlay_subject_check_s01_ragamuffin,ragamuffin,overlay_arg_1_match,bad_to_good,resid_post_layer_20,verb_final_subtoken,10,train_anchor,10,train_anchor,10,chat,move,head,head,freqblimp_curated,freqblimp_curated,-4.625,3.125,0.0,7.75,1.6756756756756757,1
head|causative|object_frame_overlay_subject_trial_s00|overlay_subject_trial_s00_neurolinguist|0|awaken|die,head,causative,overlay_subject_trial_s00_neurolinguist,neurolinguist,overlay_arg_1_match,bad_to_good,resid_post_layer_20,verb_final_subtoken,10,train_anchor,10,train_anchor,10,die,awaken,head,head,freqblimp_curated,freqblimp_curated,-6.0,4.0,2.125000238418579,10.0,1.2307692307692308,1
head|causative|object_frame_overlay_subject_trial_s00|overlay_subject_trial_s00_neurolinguist|1|grow|laugh,head,causative,overlay_subject_trial_s00_neurolinguist,neurolinguist,overlay_arg_1_match,bad_to_good,resid_post_layer_20,verb_final_subtoken,10,train_anchor,10,train_anchor,10,laugh,grow,head,head,freqblimp_curated,freqblimp_curated,-6.15625,5.8125,0.875,11.96875,1.7022222222222223,1
head|causative|object_frame_overlay_subject_trial_s00|overlay_subject_trial_s00_neurolinguist|3|roll|exist,head,causative,overlay_subject_trial_s00_neurolinguist,neurolinguist,overlay_arg_1_match,bad_to_good,resid_post_layer_20,verb_final_subtoken,10,train_anchor,10,train_anchor,10,exist,roll,head,head,freqblimp_curated,freqblimp_curated,-8.09375,1.1875,0.125,9.28125,1.129277566539924,1
head|causative|object_frame_overlay_subject_trial_s00|overlay_subject_trial_s00_neurolinguist|6|burn|cry,head,causative,overlay_subject_trial_s00_neurolinguist,neurolinguist,overlay_arg_1_match,bad_to_good,resid_post_layer_20,verb_final_subtoken,10,train_anchor,10,train_anchor,10,cry,burn,head,head,freqblimp_curated,freqblimp_curated,-6.1875,1.4375,-2.25,7.625,1.9365079365079365,1
head|causative|object_frame_overlay_subject_trial_s00|overlay_subject_trial_s00_neurolinguist|8|accelerate|testify,head,causative,overlay_subject_trial_s00_neurolinguist,neurolinguist,overlay_arg_1_match,bad_to_good,resid_post_layer_20,verb_final_subtoken,10,train_anchor,10,train_anchor,10,testify,accelerate,head,head,freqblimp_curated,freqblimp_curated,-7.15625,4.1875,-1.25,11.34375,1.9206349206349207,1
head|causative|object_frame_overlay_subject_trial_s00|overlay_subject_trial_s00_neurolinguist|9|stop|compete,head,causative,overlay_subject_trial_s00_neurolinguist,neurolinguist,overlay_arg_1_match,bad_to_good,resid_post_layer_20,verb_final_subtoken,10,train_anchor,10,train_anchor,10,compete,stop,head,head,freqblimp_curated,freqblimp_curated,-6.96875,2.875,-2.625,9.84375,2.2661870503597124,1
head|causative|object_frame_overlay_subject_trial_s00|overlay_subject_trial_s00_neurolinguist|10|fade|arrive,head,causative,overlay_subject_trial_s00_neurolinguist,neurolinguist,overlay_arg_1_match,bad_to_good,resid_post_layer_20,verb_final_subtoken,10,train_anchor,10,train_anchor,10,arrive,fade,head,head,freqblimp_curated,freqblimp_curated,-5.5625,1.9375,-0.75,7.5,1.5584415584415585,1
head|causative|object_frame_overlay_subject_trial_s00|overlay_subject_trial_s00_neurolinguist|11|open|lie,head,causative,overlay_subject_trial_s00_neurolinguist,neurolinguist,overlay_arg_1_match,bad_to_good,resid_post_layer_20,verb_final_subtoken,10,train_anchor,10,train_anchor,10,lie,open,head,head,freqblimp_curated,freqblimp_curated,-7.46875,3.187500238418579,1.562499761581421,10.65625,1.179930795847751,1
head|causative|object_frame_overlay_subject_trial_s00|overlay_subject_trial_s00_neurolinguist|12|dry|boast,head,causative,overlay_subject_trial_s00_neurolinguist,neurolinguist,overlay_arg_1_match,bad_to_good,resid_post_layer_20,verb_final_subtoken,10,train_anchor,10,train_anchor,10,boast,dry,head,head,freqblimp_curated,freqblimp_curated,-6.5,-1.6875,-2.75,4.8125,1.2833333333333334,0
head|causative|object_frame_overlay_subject_trial_s00|overlay_subject_trial_s00_neurolinguist|13|dim|struggle,head,causative,overlay_subject_trial_s00_neurolinguist,neurolinguist,overlay_arg_1_match,bad_to_good,resid_post_layer_20,verb_final_subtoken,10,train_anchor,10,train_anchor,10,struggle,dim,head,head,freqblimp_curated,freqblimp_curated,-6.25,3.624999761581421,0.75,9.875,1.4107142857142858,1
head|causative|object_frame_overlay_subject_trial_s00|overlay_subject_trial_s00_neurolinguist|14|close|vanish,head,causative,overlay_subject_trial_s00_neurolinguist,neurolinguist,overlay_arg_1_match,bad_to_good,resid_post_layer_20,verb_final_subtoken,10,train_anchor,10,train_anchor,10,vanish,close,head,head,freqblimp_curated,freqblimp_curated,-6.4375,0.875,-0.0625,7.3125,1.1470588235294117,1
head|causative|object_frame_overlay_subject_trial_s00|overlay_subject_trial_s00_neurolinguist|15|soak|respond,head,causative,overlay_subject_trial_s00_neurolinguist,neurolinguist,overlay_arg_1_match,bad_to_good,resid_post_layer_20,verb_final_subtoken,10,train_anchor,10,train_anchor,10,respond,soak,head,head,freqblimp_curated,freqblimp_curated,-7.1875,3.625,-0.125,10.8125,1.5309734513274336,1
head|causative|object_frame_overlay_subject_trial_s00|overlay_subject_trial_s00_neurolinguist|16|worry|reply,head,causative,overlay_subject_trial_s00_neurolinguist,neurolinguist,overlay_arg_1_match,bad_to_good,resid_post_layer_20,verb_final_subtoken,10,train_anchor,10,train_anchor,10,reply,worry,head,head,freqblimp_curated,freqblimp_curated,-3.0,0.875,-1.25,3.875,2.2142857142857144,1
head|causative|object_frame_overlay_subject_trial_s00|overlay_subject_trial_s00_neurolinguist|17|turn|complain,head,causative,overlay_subject_trial_s00_neurolinguist,neurolinguist,overlay_arg_1_match,bad_to_good,resid_post_layer_20,verb_final_subtoken,10,train_anchor,10,train_anchor,10,complain,turn,head,head,freqblimp_curated,freqblimp_curated,-8.1875,0.5,-1.0625,8.6875,1.219298245614035,1
head|causative|object_frame_overlay_subject_trial_s00|overlay_subject_trial_s00_neurolinguist|18|freeze|scream,head,causative,overlay_subject_trial_s00_neurolinguist,neurolinguist,overlay_arg_1_match,bad_to_good,resid_post_layer_20,verb_final_subtoken,10,train_anchor,10,train_anchor,10,scream,freeze,head,head,freqblimp_curated,freqblimp_curated,-7.78125,2.75,-0.375,10.53125,1.4219409282700421,1
head|causative|object_frame_overlay_subject_trial_s00|overlay_subject_trial_s00_neurolinguist|19|crack|disappear,head,causative,overlay_subject_trial_s00_neurolinguist,neurolinguist,overlay_arg_1_match,bad_to_good,resid_post_layer_20,verb_final_subtoken,10,train_anchor,10,train_anchor,10,disappear,crack,head,head,freqblimp_curated,freqblimp_curated,-7.5,1.5,0.75,9.0,1.0909090909090908,1
head|causative|object_frame_overlay_subject_trial_s00|overlay_subject_trial_s00_neurolinguist|21|warp|disagree,head,causative,overlay_subject_trial_s00_neurolinguist,neurolinguist,overlay_arg_1_match,bad_to_good,resid_post_layer_20,verb_final_subtoken,10,train_anchor,10,train_anchor,10,disagree,warp,head,head,freqblimp_curated,freqblimp_curated,-6.59375,4.3125,2.25,10.90625,1.2332155477031803,1
head|causative|object_frame_overlay_subject_tomorrow_s01|overlay_subject_tomorrow_s01_baby|1|grow|react,head,causative,overlay_subject_tomorrow_s01_baby,baby,overlay_arg_1_match,good_to_bad,resid_post_layer_20,verb_final_subtoken,6,train_anchor,6,train_anchor,6,grow,react,head,head,freqblimp_curated,freqblimp_curated,-1.125,0.0,-3.999999761581421,1.125,-0.3913043802762554,0
head|causative|object_frame_overlay_subject_tomorrow_s01|overlay_subject_tomorrow_s01_baby|2|drop|reply,head,causative,overlay_subject_tomorrow_s01_baby,baby,overlay_arg_1_match,good_to_bad,resid_post_layer_20,verb_final_subtoken,6,train_anchor,6,train_anchor,6,drop,reply,head,head,freqblimp_curated,freqblimp_curated,-3.687500238418579,1.0,-1.0,4.6875,1.7441858917781128,1
head|causative|object_frame_overlay_subject_tomorrow_s01|overlay_subject_tomorrow_s01_baby|3|chip|appear,head,causative,overlay_subject_tomorrow_s01_baby,baby,overlay_arg_1_match,good_to_bad,resid_post_layer_20,verb_final_subtoken,6,train_anchor,6,train_anchor,6,chip,appear,head,head,freqblimp_curated,freqblimp_curated,-4.6875,2.062500238418579,1.125,6.75,1.1612903225806452,1
head|causative|object_frame_overlay_subject_tomorrow_s01|overlay_subject_tomorrow_s01_baby|4|move|die,head,causative,overlay_subject_tomorrow_s01_baby,baby,overlay_arg_1_match,good_to_bad,resid_post_layer_20,verb_final_subtoken,6,train_anchor,6,train_anchor,6,move,die,head,head,freqblimp_curated,freqblimp_curated,-6.687499523162842,-0.875,-2.187499761581421,5.812499523162842,1.2916665607028537,0
head|causative|object_frame_overlay_subject_tomorrow_s01|overlay_subject_tomorrow_s01_baby|5|slow|arrive,head,causative,overlay_subject_tomorrow_s01_baby,baby,overlay_arg_1_match,good_to_bad,resid_post_layer_20,verb_final_subtoken,6,train_anchor,6,train_anchor,6,slow,arrive,head,head,freqblimp_curated,freqblimp_curated,-6.0625,1.2499998807907104,1.187499761581421,7.3125,1.0086206896551724,1
head|causative|object_frame_overlay_subject_tomorrow_s01|overlay_subject_tomorrow_s01_baby|6|worry|compete,head,causative,overlay_subject_tomorrow_s01_baby,baby,overlay_arg_1_match,good_to_bad,resid_post_layer_20,verb_final_subtoken,6,train_anchor,6,train_anchor,6,worry,compete,head,head,freqblimp_curated,freqblimp_curated,-2.375,-0.3125,-2.3125,2.0625,33.0,0
head|causative|object_frame_overlay_subject_tomorrow_s01|overlay_subject_tomorrow_s01_baby|7|bake|exist,head,causative,overlay_subject_tomorrow_s01_baby,baby,overlay_arg_1_match,good_to_bad,resid_post_layer_20,verb_final_subtoken,6,train_anchor,6,train_anchor,6,bake,exist,head,head,freqblimp_curated,freqblimp_curated,-4.0,1.75,-0.1875,5.75,1.5081967213114753,1
head|causative|object_frame_overlay_subject_tomorrow_s01|overlay_subject_tomorrow_s01_baby|8|accelerate|cough,head,causative,overlay_subject_tomorrow_s01_baby,baby,overlay_arg_1_match,good_to_bad,resid_post_layer_20,verb_final_subtoken,6,train_anchor,6,train_anchor,6,accelerate,cough,head,head,freqblimp_curated,freqblimp_curated,-4.25,0.8125,-0.6875,5.0625,1.4210526315789473,1
head|causative|object_frame_overlay_subject_tomorrow_s01|overlay_subject_tomorrow_s01_baby|9|benefit|vanish,head,causative,overlay_subject_tomorrow_s01_baby,baby,overlay_arg_1_match,good_to_bad,resid_post_layer_20,verb_final_subtoken,6,train_anchor,6,train_anchor,6,benefit,vanish,head,head,freqblimp_curated,freqblimp_curated,-5.4375,-1.6875,-1.375,3.75,0.9230769230769231,0
head|causative|object_frame_overlay_subject_tomorrow_s01|overlay_subject_tomorrow_s01_baby|10|melt|boast,head,causative,overlay_subject_tomorrow_s01_baby,baby,overlay_arg_1_match,good_to_bad,resid_post_layer_20,verb_final_subtoken,6,train_anchor,6,train_anchor,6,melt,boast,head,head,freqblimp_curated,freqblimp_curated,2.6875,0.375,-0.4375,-2.3125,0.74,1
head|causative|object_frame_overlay_subject_tomorrow_s01|overlay_subject_tomorrow_s01_baby|11|roll|disagree,head,causative,overlay_subject_tomorrow_s01_baby,baby,overlay_arg_1_match,good_to_bad,resid_post_layer_20,verb_final_subtoken,6,train_anchor,6,train_anchor,6,roll,disagree,head,head,freqblimp_curated,freqblimp_curated,-6.125,-0.5625,-2.312500238418579,5.5625,1.4590164846837081,0
head|causative|object_frame_overlay_subject_tomorrow_s01|overlay_subject_tomorrow_s01_baby|13|awaken|smile,head,causative,overlay_subject_tomorrow_s01_baby,baby,overlay_arg_1_match,good_to_bad,resid_post_layer_20,verb_final_subtoken,6,train_anchor,6,train_anchor,6,awaken,smile,head,head,freqblimp_curated,freqblimp_curated,-3.0625,-1.625,-4.375,1.4375,-1.0952380952380953,0
head|causative|object_frame_overlay_subject_tomorrow_s01|overlay_subject_tomorrow_s01_baby|14|change|lie,head,causative,overlay_subject_tomorrow_s01_baby,baby,overlay_arg_1_match,good_to_bad,resid_post_layer_20,verb_final_subtoken,6,train_anchor,6,train_anchor,6,change,lie,head,head,freqblimp_curated,freqblimp_curated,-1.4375,6.156250476837158,-0.125,7.593750476837158,5.785714649018788,1
head|causative|object_frame_overlay_subject_tomorrow_s01|overlay_subject_tomorrow_s01_baby|15|shut|respond,head,causative,overlay_subject_tomorrow_s01_baby,baby,overlay_arg_1_match,good_to_bad,resid_post_layer_20,verb_final_subtoken,6,train_anchor,6,train_anchor,6,shut,respond,head,head,freqblimp_curated,freqblimp_curated,-2.8125,4.0625,3.0,6.875,1.1827956989247312,1
head|causative|object_frame_overlay_subject_tomorrow_s01|overlay_subject_tomorrow_s01_baby|16|crash|struggle,head,causative,overlay_subject_tomorrow_s01_baby,baby,overlay_arg_1_match,good_to_bad,resid_post_layer_20,verb_final_subtoken,6,train_anchor,6,train_anchor,6,crash,struggle,head,head,freqblimp_curated,freqblimp_curated,-3.4375,-0.5,-1.562499761581421,2.9375,1.5666664674547237,0
head|causative|object_frame_overlay_subject_tomorrow_s01|overlay_subject_tomorrow_s01_baby|17|fold|cry,head,causative,overlay_subject_tomorrow_s01_baby,baby,overlay_arg_1_match,good_to_bad,resid_post_layer_20,verb_final_subtoken,6,train_anchor,6,train_anchor,6,fold,cry,head,head,freqblimp_curated,freqblimp_curated,-3.1875,2.5,0.0,5.6875,1.7843137254901962,1
head|causative|object_frame_overlay_subject_tomorrow_s01|overlay_subject_tomorrow_s01_baby|19|fade|chat,head,causative,overlay_subject_tomorrow_s01_baby,baby,overlay_arg_1_match,good_to_bad,resid_post_layer_20,verb_final_subtoken,6,train_anchor,6,train_anchor,6,fade,chat,head,head,freqblimp_curated,freqblimp_curated,-1.937499761581421,-1.625,-4.1875,0.3124997615814209,-0.1388887682078925,0
head|causative|object_frame_overlay_subject_tomorrow_s01|overlay_subject_tomorrow_s01_baby|20|stretch|testify,head,causative,overlay_subject_tomorrow_s01_baby,baby,overlay_arg_1_match,good_to_bad,resid_post_layer_20,verb_final_subtoken,6,train_anchor,6,train_anchor,6,stretch,testify,head,head,freqblimp_curated,freqblimp_curated,-3.8125,2.062500238418579,0.4375,5.875,1.3823529411764706,1
head|causative|object_frame_overlay_subject_tomorrow_s01|overlay_subject_tomorrow_s01_baby|21|dry|scream,head,causative,overlay_subject_tomorrow_s01_baby,baby,overlay_arg_1_match,good_to_bad,resid_post_layer_20,verb_final_subtoken,6,train_anchor,6,train_anchor,6,dry,scream,head,head,freqblimp_curated,freqblimp_curated,-2.3125,1.75,-1.125,4.0625,3.4210526315789473,1
head|causative|object_frame_overlay_subject_lab_s00|overlay_subject_lab_s00_nationalist|0|fade|disagree,head,causative,overlay_subject_lab_s00_nationalist,nationalist,overlay_arg_1_match,good_to_bad,resid_post_layer_20,verb_final_subtoken,7,train_anchor,7,train_anchor,7,fade,disagree,head,head,freqblimp_curated,freqblimp_curated,-4.0,-1.25,-3.3125,2.75,4.0,0
head|causative|object_frame_overlay_subject_lab_s00|overlay_subject_lab_s00_nationalist|3|bake|cry,head,causative,overlay_subject_lab_s00_nationalist,nationalist,overlay_arg_1_match,good_to_bad,resid_post_layer_20,verb_final_subtoken,7,train_anchor,7,train_anchor,7,bake,cry,head,head,freqblimp_curated,freqblimp_curated,0.0625,6.718750476837158,2.5625,6.656250476837158,2.662500190734863,1
head|causative|object_frame_overlay_subject_lab_s00|overlay_subject_lab_s00_nationalist|5|chip|respond,head,causative,overlay_subject_lab_s00_nationalist,nationalist,overlay_arg_1_match,good_to_bad,resid_post_layer_20,verb_final_subtoken,7,train_anchor,7,train_anchor,7,chip,respond,head,head,freqblimp_curated,freqblimp_curated,0.0,6.437499523162842,2.125,6.437499523162842,3.0294115403119255,1
head|causative|object_frame_overlay_subject_lab_s00|overlay_subject_lab_s00_nationalist|6|turn|boast,head,causative,overlay_subject_lab_s00_nationalist,nationalist,overlay_arg_1_match,good_to_bad,resid_post_layer_20,verb_final_subtoken,7,train_anchor,7,train_anchor,7,turn,boast,head,head,freqblimp_curated,freqblimp_curated,0.875,5.0625,4.9375,4.1875,1.0307692307692307,1
head|causative|object_frame_overlay_subject_lab_s00|overlay_subject_lab_s00_nationalist|7|slow|react,head,causative,overlay_subject_lab_s00_nationalist,nationalist,overlay_arg_1_match,good_to_bad,resid_post_layer_20,verb_final_subtoken,7,train_anchor,7,train_anchor,7,slow,react,head,head,freqblimp_curated,freqblimp_curated,0.125,10.375,4.125,10.25,2.5625,1
head|causative|object_frame_overlay_subject_lab_s00|overlay_subject_lab_s00_nationalist|9|shrink|struggle,head,causative,overlay_subject_lab_s00_nationalist,nationalist,overlay_arg_1_match,good_to_bad,resid_post_layer_20,verb_final_subtoken,7,train_anchor,7,train_anchor,7,shrink,struggle,head,head,freqblimp_curated,freqblimp_curated,-3.125,6.0625,1.4375,9.1875,2.0136986301369864,1
head|causative|object_frame_overlay_subject_lab_s00|overlay_subject_lab_s00_nationalist|11|awaken|compete,head,causative,overlay_subject_lab_s00_nationalist,nationalist,overlay_arg_1_match,good_to_bad,resid_post_layer_20,verb_final_subtoken,7,train_anchor,7,train_anchor,7,awaken,compete,head,head,freqblimp_curated,freqblimp_curated,-1.5625,4.5,0.8125,6.0625,2.5526315789473686,1
head|causative|object_frame_overlay_subject_lab_s00|overlay_subject_lab_s00_nationalist|12|grow|complain,head,causative,overlay_subject_lab_s00_nationalist,nationalist,overlay_arg_1_match,good_to_bad,resid_post_layer_20,verb_final_subtoken,7,train_anchor,7,train_anchor,7,grow,complain,head,head,freqblimp_curated,freqblimp_curated,-1.0,5.937500476837158,0.9375,6.937500476837158,3.5806454073998237,1
head|causative|object_frame_overlay_subject_lab_s00|overlay_subject_lab_s00_nationalist|13|dim|vanish,head,causative,overlay_subject_lab_s00_nationalist,nationalist,overlay_arg_1_match,good_to_bad,resid_post_layer_20,verb_final_subtoken,7,train_anchor,7,train_anchor,7,dim,vanish,head,head,freqblimp_curated,freqblimp_curated,-3.875000238418579,2.4375,3.687499761581421,6.3125,0.8347107438016529,1
head|causative|object_frame_overlay_subject_lab_s00|overlay_subject_lab_s00_nationalist|15|change|testify,head,causative,overlay_subject_lab_s00_nationalist,nationalist,overlay_arg_1_match,good_to_bad,resid_post_layer_20,verb_final_subtoken,7,train_anchor,7,train_anchor,7,change,testify,head,head,freqblimp_curated,freqblimp_curated,-1.0625,6.90625,1.8750001192092896,7.96875,2.7127659574468086,1
head|causative|object_frame_overlay_subject_lab_s00|overlay_subject_lab_s00_nationalist|16|burn|disappear,head,causative,overlay_subject_lab_s00_nationalist,nationalist,overlay_arg_1_match,good_to_bad,resid_post_layer_20,verb_final_subtoken,7,train_anchor,7,train_anchor,7,burn,disappear,head,head,freqblimp_curated,freqblimp_curated,-3.624999761581421,4.875,3.1875,8.5,1.2477064220183487,1
head|causative|object_frame_overlay_subject_lab_s00|overlay_subject_lab_s00_nationalist|17|roll|die,head,causative,overlay_subject_lab_s00_nationalist,nationalist,overlay_arg_1_match,good_to_bad,resid_post_layer_20,verb_final_subtoken,7,train_anchor,7,train_anchor,7,roll,die,head,head,freqblimp_curated,freqblimp_curated,-2.75,3.3125,4.0,6.0625,0.8981481481481481,1
head|causative|object_frame_overlay_subject_lab_s00|overlay_subject_lab_s00_nationalist|18|open|arrive,head,causative,overlay_subject_lab_s00_nationalist,nationalist,overlay_arg_1_match,good_to_bad,resid_post_layer_20,verb_final_subtoken,7,train_anchor,7,train_anchor,7,open,arrive,head,head,freqblimp_curated,freqblimp_curated,-2.125,10.71875,6.375,12.84375,1.5110294117647058,1
head|causative|object_frame_overlay_subject_lab_s00|overlay_subject_lab_s00_nationalist|19|benefit|laugh,head,causative,overlay_subject_lab_s00_nationalist,nationalist,overlay_arg_1_match,good_to_bad,resid_post_layer_20,verb_final_subtoken,7,train_anchor,7,train_anchor,7,benefit,laugh,head,head,freqblimp_curated,freqblimp_curated,-2.0625,1.4375,-0.3125,3.5,2.0,1
head|causative|object_frame_overlay_subject_lab_s00|overlay_subject_lab_s00_nationalist|20|freeze|reply,head,causative,overlay_subject_lab_s00_nationalist,nationalist,overlay_arg_1_match,good_to_bad,resid_post_layer_20,verb_final_subtoken,7,train_anchor,7,train_anchor,7,freeze,reply,head,head,freqblimp_curated,freqblimp_curated,-1.125,7.781250476837158,1.8125,8.90625,3.0319148936170213,1
head|causative|object_frame_overlay_subject_tomorrow_s00|overlay_subject_tomorrow_s00_babe|0|fade|vanish,head,causative,overlay_subject_tomorrow_s00_babe,babe,overlay_arg_1_match,good_to_bad,resid_post_layer_20,verb_final_subtoken,7,train_anchor,7,train_anchor,7,fade,vanish,head,head,freqblimp_curated,freqblimp_curated,-5.3125,-3.75,-4.375,1.5625,1.6666666666666667,0
head|causative|object_frame_overlay_subject_tomorrow_s00|overlay_subject_tomorrow_s00_babe|1|open|exist,head,causative,overlay_subject_tomorrow_s00_babe,babe,overlay_arg_1_match,good_to_bad,resid_post_layer_20,verb_final_subtoken,7,train_anchor,7,train_anchor,7,open,exist,head,head,freqblimp_curated,freqblimp_curated,-4.0,4.75,2.000000238418579,8.75,1.4583333333333333,1
head|causative|object_frame_overlay_subject_tomorrow_s00|overlay_subject_tomorrow_s00_babe|2|slow|arrive,head,causative,overlay_subject_tomorrow_s00_babe,babe,overlay_arg_1_match,good_to_bad,resid_post_layer_20,verb_final_subtoken,7,train_anchor,7,train_anchor,7,slow,arrive,head,head,freqblimp_curated,freqblimp_curated,-5.8125,0.25,0.0625,6.0625,1.0319148936170213,1
head|causative|object_frame_overlay_subject_tomorrow_s00|overlay_subject_tomorrow_s00_babe|3|crack|complain,head,causative,overlay_subject_tomorrow_s00_babe,babe,overlay_arg_1_match,good_to_bad,resid_post_layer_20,verb_final_subtoken,7,train_anchor,7,train_anchor,7,crack,complain,head,head,freqblimp_curated,freqblimp_curated,-2.1875,3.125,0.125,5.3125,2.2972972972972974,1
head|causative|object_frame_overlay_subject_tomorrow_s00|overlay_subject_tomorrow_s00_babe|4|twist|testify,head,causative,overlay_subject_tomorrow_s00_babe,babe,overlay_arg_1_match,good_to_bad,resid_post_layer_20,verb_final_subtoken,7,train_anchor,7,train_anchor,7,twist,testify,head,head,freqblimp_curated,freqblimp_curated,-3.499999761581421,3.9375,1.687500238418579,7.4375,1.4337349397590362,1
head|causative|object_frame_overlay_subject_tomorrow_s00|overlay_subject_tomorrow_s00_babe|6|burn|lie,head,causative,overlay_subject_tomorrow_s00_babe,babe,overlay_arg_1_match,good_to_bad,resid_post_layer_20,verb_final_subtoken,7,train_anchor,7,train_anchor,7,burn,lie,head,head,freqblimp_curated,freqblimp_curated,-0.875,2.1875,-1.0625,3.0625,-16.333333333333332,1
head|causative|object_frame_overlay_subject_tomorrow_s00|overlay_subject_tomorrow_s00_babe|7|awaken|appear,head,causative,overlay_subject_tomorrow_s00_babe,babe,overlay_arg_1_match,good_to_bad,resid_post_layer_20,verb_final_subtoken,7,train_anchor,7,train_anchor,7,awaken,appear,head,head,freqblimp_curated,freqblimp_curated,-5.0625,-3.312500238418579,-3.999999761581421,1.749999761581421,1.6470582295455418,0
head|causative|object_frame_overlay_subject_tomorrow_s00|overlay_subject_tomorrow_s00_babe|8|roll|struggle,head,causative,overlay_subject_tomorrow_s00_babe,babe,overlay_arg_1_match,good_to_bad,resid_post_layer_20,verb_final_subtoken,7,train_anchor,7,train_anchor,7,roll,struggle,head,head,freqblimp_curated,freqblimp_curated,-2.75,-0.5624997615814209,-1.625,2.187500238418579,1.9444446563720703,0
head|causative|object_frame_overlay_subject_tomorrow_s00|overlay_subject_tomorrow_s00_babe|10|crash|scream,head,causative,overlay_subject_tomorrow_s00_babe,babe,overlay_arg_1_match,good_to_bad,resid_post_layer_20,verb_final_subtoken,7,train_anchor,7,train_anchor,7,crash,scream,head,head,freqblimp_curated,freqblimp_curated,-2.25,1.499999761581421,-0.9375,3.749999761581421,2.857142675490606,1
head|causative|object_frame_overlay_subject_tomorrow_s00|overlay_subject_tomorrow_s00_babe|11|close|disagree,head,causative,overlay_subject_tomorrow_s00_babe,babe,overlay_arg_1_match,good_to_bad,resid_post_layer_20,verb_final_subtoken,7,train_anchor,7,train_anchor,7,close,disagree,head,head,freqblimp_curated,freqblimp_curated,-5.4375,5.125,2.25,10.5625,1.3739837398373984,1
head|causative|object_frame_overlay_subject_tomorrow_s00|overlay_subject_tomorrow_s00_babe|12|move|boast,head,causative,overlay_subject_tomorrow_s00_babe,babe,overlay_arg_1_match,good_to_bad,resid_post_layer_20,verb_final_subtoken,7,train_anchor,7,train_anchor,7,move,boast,head,head,freqblimp_curated,freqblimp_curated,0.625,2.125,-1.25,1.5,-0.8,1
head|causative|object_frame_overlay_subject_tomorrow_s00|overlay_subject_tomorrow_s00_babe|13|shut|laugh,head,causative,overlay_subject_tomorrow_s00_babe,babe,overlay_arg_1_match,good_to_bad,resid_post_layer_20,verb_final_subtoken,7,train_anchor,7,train_anchor,7,shut,laugh,head,head,freqblimp_curated,freqblimp_curated,-2.75,5.375,3.375,8.125,1.3265306122448979,1
head|causative|object_frame_overlay_subject_tomorrow_s00|overlay_subject_tomorrow_s00_babe|14|shrink|smile,head,causative,overlay_subject_tomorrow_s00_babe,babe,overlay_arg_1_match,good_to_bad,resid_post_layer_20,verb_final_subtoken,7,train_anchor,7,train_anchor,7,shrink,smile,head,head,freqblimp_curated,freqblimp_curated,-2.375,1.25,-2.3125,3.625,58.0,1
head|causative|object_frame_overlay_subject_tomorrow_s00|overlay_subject_tomorrow_s00_babe|16|bake|die,head,causative,overlay_subject_tomorrow_s00_babe,babe,overlay_arg_1_match,good_to_bad,resid_post_layer_20,verb_final_subtoken,7,train_anchor,7,train_anchor,7,bake,die,head,head,freqblimp_curated,freqblimp_curated,-6.1875,2.0,0.9375,8.1875,1.1491228070175439,1
head|causative|object_frame_overlay_subject_tomorrow_s00|overlay_subject_tomorrow_s00_babe|17|fold|reply,head,causative,overlay_subject_tomorrow_s00_babe,babe,overlay_arg_1_match,good_to_bad,resid_post_layer_20,verb_final_subtoken,7,train_anchor,7,train_anchor,7,fold,reply,head,head,freqblimp_curated,freqblimp_curated,-4.0,2.125,0.1875,6.125,1.462686567164179,1
head|causative|object_frame_overlay_subject_tomorrow_s00|overlay_subject_tomorrow_s00_babe|18|dry|react,head,causative,overlay_subject_tomorrow_s00_babe,babe,overlay_arg_1_match,good_to_bad,resid_post_layer_20,verb_final_subtoken,7,train_anchor,7,train_anchor,7,dry,react,head,head,freqblimp_curated,freqblimp_curated,-1.875,1.625,-1.1875,3.5,5.090909090909091,1
head|causative|object_frame_overlay_subject_tomorrow_s00|overlay_subject_tomorrow_s00_babe|19|dim|respond,head,causative,overlay_subject_tomorrow_s00_babe,babe,overlay_arg_1_match,good_to_bad,resid_post_layer_20,verb_final_subtoken,7,train_anchor,7,train_anchor,7,dim,respond,head,head,freqblimp_curated,freqblimp_curated,-3.6875,1.0625,0.1875,4.75,1.2258064516129032,1
head|causative|object_frame_overlay_subject_tomorrow_s00|overlay_subject_tomorrow_s00_babe|20|soak|cry,head,causative,overlay_subject_tomorrow_s00_babe,babe,overlay_arg_1_match,good_to_bad,resid_post_layer_20,verb_final_subtoken,7,train_anchor,7,train_anchor,7,soak,cry,head,head,freqblimp_curated,freqblimp_curated,-2.9375,2.187500238418579,1.249999761581421,5.125,1.2238805970149254,1
head|causative|object_frame_overlay_subject_tomorrow_s00|overlay_subject_tomorrow_s00_babe|21|accelerate|chat,head,causative,overlay_subject_tomorrow_s00_babe,babe,overlay_arg_1_match,good_to_bad,resid_post_layer_20,verb_final_subtoken,7,train_anchor,7,train_anchor,7,accelerate,chat,head,head,freqblimp_curated,freqblimp_curated,-1.4375,4.3125,0.1875,5.75,3.5384615384615383,1
head|causative|object_frame_overlay_subject_check_s02|overlay_subject_check_s02_ragpicker|0|close|testify,head,causative,overlay_subject_check_s02_ragpicker,ragpicker,overlay_arg_1_match,good_to_bad,resid_post_layer_20,verb_final_subtoken,8,train_anchor,8,train_anchor,8,close,testify,head,head,freqblimp_curated,freqblimp_curated,0.625,12.265625,8.0625,11.640625,1.565126050420168,1
head|causative|object_frame_overlay_subject_check_s02|overlay_subject_check_s02_ragpicker|1|grow|laugh,head,causative,overlay_subject_check_s02_ragpicker,ragpicker,overlay_arg_1_match,good_to_bad,resid_post_layer_20,verb_final_subtoken,8,train_anchor,8,train_anchor,8,grow,laugh,head,head,freqblimp_curated,freqblimp_curated,-3.0,6.1875,2.0,9.1875,1.8375,1
head|causative|object_frame_overlay_subject_check_s02|overlay_subject_check_s02_ragpicker|2|crash|exist,head,causative,overlay_subject_check_s02_ragpicker,ragpicker,overlay_arg_1_match,good_to_bad,resid_post_layer_20,verb_final_subtoken,8,train_anchor,8,train_anchor,8,crash,exist,head,head,freqblimp_curated,freqblimp_curated,-0.1875,3.4375,2.25,3.625,1.4871794871794872,1
head|causative|object_frame_overlay_subject_check_s02|overlay_subject_check_s02_ragpicker|4|worry|arrive,head,causative,overlay_subject_check_s02_ragpicker,ragpicker,overlay_arg_1_match,good_to_bad,resid_post_layer_20,verb_final_subtoken,8,train_anchor,8,train_anchor,8,worry,arrive,head,head,freqblimp_curated,freqblimp_curated,-2.0,2.4375,1.1875,4.4375,1.392156862745098,1
head|causative|object_frame_overlay_subject_check_s02|overlay_subject_check_s02_ragpicker|6|bake|appear,head,causative,overlay_subject_check_s02_ragpicker,ragpicker,overlay_arg_1_match,good_to_bad,resid_post_layer_20,verb_final_subtoken,8,train_anchor,8,train_anchor,8,bake,appear,head,head,freqblimp_curated,freqblimp_curated,-0.5,8.03125,5.3125,8.53125,1.467741935483871,1
head|causative|object_frame_overlay_subject_check_s02|overlay_subject_check_s02_ragpicker|7|awaken|scream,head,causative,overlay_subject_check_s02_ragpicker,ragpicker,overlay_arg_1_match,good_to_bad,resid_post_layer_20,verb_final_subtoken,8,train_anchor,8,train_anchor,8,awaken,scream,head,head,freqblimp_curated,freqblimp_curated,-1.437500238418579,6.1875,1.9375,7.625,2.2592590996594537,1
head|causative|object_frame_overlay_subject_check_s02|overlay_subject_check_s02_ragpicker|8|burn|die,head,causative,overlay_subject_check_s02_ragpicker,ragpicker,overlay_arg_1_match,good_to_bad,resid_post_layer_20,verb_final_subtoken,8,train_anchor,8,train_anchor,8,burn,die,head,head,freqblimp_curated,freqblimp_curated,-3.375,6.8125,6.5,10.1875,1.0316455696202531,1
head|causative|object_frame_overlay_subject_check_s02|overlay_subject_check_s02_ragpicker|10|shrink|chat,head,causative,overlay_subject_check_s02_ragpicker,ragpicker,overlay_arg_1_match,good_to_bad,resid_post_layer_20,verb_final_subtoken,8,train_anchor,8,train_anchor,8,shrink,chat,head,head,freqblimp_curated,freqblimp_curated,0.6875,10.8125,4.0625,10.125,3.0,1
head|causative|object_frame_overlay_subject_check_s02|overlay_subject_check_s02_ragpicker|11|benefit|boast,head,causative,overlay_subject_check_s02_ragpicker,ragpicker,overlay_arg_1_match,good_to_bad,resid_post_layer_20,verb_final_subtoken,8,train_anchor,8,train_anchor,8,benefit,boast,head,head,freqblimp_curated,freqblimp_curated,1.5625,4.5,1.625,2.9375,47.0,1
head|causative|object_frame_overlay_subject_check_s02|overlay_subject_check_s02_ragpicker|12|stop|reply,head,causative,overlay_subject_check_s02_ragpicker,ragpicker,overlay_arg_1_match,good_to_bad,resid_post_layer_20,verb_final_subtoken,8,train_anchor,8,train_anchor,8,stop,reply,head,head,freqblimp_curated,freqblimp_curated,0.9375,7.90625,3.312500238418579,6.96875,2.9342102317599013,1
head|causative|object_frame_overlay_subject_check_s02|overlay_subject_check_s02_ragpicker|13|move|cough,head,causative,overlay_subject_check_s02_ragpicker,ragpicker,overlay_arg_1_match,good_to_bad,resid_post_layer_20,verb_final_subtoken,8,train_anchor,8,train_anchor,8,move,cough,head,head,freqblimp_curated,freqblimp_curated,-1.25,8.8125,7.4375,10.0625,1.158273381294964,1
head|causative|object_frame_overlay_subject_check_s02|overlay_subject_check_s02_ragpicker|14|drop|struggle,head,causative,overlay_subject_check_s02_ragpicker,ragpicker,overlay_arg_1_match,good_to_bad,resid_post_layer_20,verb_final_subtoken,8,train_anchor,8,train_anchor,8,drop,struggle,head,head,freqblimp_curated,freqblimp_curated,-1.1875,13.515625,9.25,14.703125,1.408682634730539,1
head|causative|object_frame_overlay_subject_check_s02|overlay_subject_check_s02_ragpicker|15|roll|disagree,head,causative,overlay_subject_check_s02_ragpicker,ragpicker,overlay_arg_1_match,good_to_bad,resid_post_layer_20,verb_final_subtoken,8,train_anchor,8,train_anchor,8,roll,disagree,head,head,freqblimp_curated,freqblimp_curated,-0.3125,10.59375,9.5,10.90625,1.1114649681528663,1
head|causative|object_frame_overlay_subject_check_s02|overlay_subject_check_s02_ragpicker|16|turn|lie,head,causative,overlay_subject_check_s02_ragpicker,ragpicker,overlay_arg_1_match,good_to_bad,resid_post_layer_20,verb_final_subtoken,8,train_anchor,8,train_anchor,8,turn,lie,head,head,freqblimp_curated,freqblimp_curated,0.1875,10.34375,5.8125,10.15625,1.8055555555555556,1
head|causative|object_frame_overlay_subject_check_s02|overlay_subject_check_s02_ragpicker|17|accelerate|compete,head,causative,overlay_subject_check_s02_ragpicker,ragpicker,overlay_arg_1_match,good_to_bad,resid_post_layer_20,verb_final_subtoken,8,train_anchor,8,train_anchor,8,accelerate,compete,head,head,freqblimp_curated,freqblimp_curated,0.4375,8.40625,3.375,7.96875,2.7127659574468086,1
head|causative|object_frame_overlay_subject_check_s02|overlay_subject_check_s02_ragpicker|18|fade|disappear,head,causative,overlay_subject_check_s02_ragpicker,ragpicker,overlay_arg_1_match,good_to_bad,resid_post_layer_20,verb_final_subtoken,8,train_anchor,8,train_anchor,8,fade,disappear,head,head,freqblimp_curated,freqblimp_curated,-2.375,4.4375,5.5,6.8125,0.8650793650793651,1
head|causative|object_frame_overlay_subject_check_s02|overlay_subject_check_s02_ragpicker|20|open|vanish,head,causative,overlay_subject_check_s02_ragpicker,ragpicker,overlay_arg_1_match,good_to_bad,resid_post_layer_20,verb_final_subtoken,8,train_anchor,8,train_anchor,8,open,vanish,head,head,freqblimp_curated,freqblimp_curated,-2.1875,10.71875,9.03125,12.90625,1.15041782729805,1
head|causative|object_frame_overlay_subject_check_s02|overlay_subject_check_s02_ragpicker|21|crack|respond,head,causative,overlay_subject_check_s02_ragpicker,ragpicker,overlay_arg_1_match,good_to_bad,resid_post_layer_20,verb_final_subtoken,8,train_anchor,8,train_anchor,8,crack,respond,head,head,freqblimp_curated,freqblimp_curated,-0.1875,10.6875,6.4375,10.875,1.6415094339622642,1
head|causative|object_frame_overlay_subject_lab_s01|overlay_subject_lab_s01_nativist|0|crash|die,head,causative,overlay_subject_lab_s01_nativist,nativist,overlay_arg_1_match,good_to_bad,resid_post_layer_20,verb_final_subtoken,8,train_anchor,8,train_anchor,8,crash,die,head,head,freqblimp_curated,freqblimp_curated,-2.9375,4.25,2.9375,7.1875,1.2234042553191489,1
head|causative|object_frame_overlay_subject_lab_s01|overlay_subject_lab_s01_nativist|1|shut|disagree,head,causative,overlay_subject_lab_s01_nativist,nativist,overlay_arg_1_match,good_to_bad,resid_post_layer_20,verb_final_subtoken,8,train_anchor,8,train_anchor,8,shut,disagree,head,head,freqblimp_curated,freqblimp_curated,-4.75,8.625,6.875,13.375,1.1505376344086022,1
head|causative|object_frame_overlay_subject_lab_s01|overlay_subject_lab_s01_nativist|2|open|boast,head,causative,overlay_subject_lab_s01_nativist,nativist,overlay_arg_1_match,good_to_bad,resid_post_layer_20,verb_final_subtoken,8,train_anchor,8,train_anchor,8,open,boast,head,head,freqblimp_curated,freqblimp_curated,0.6875,8.65625,7.25,7.96875,1.2142857142857142,1
head|causative|object_frame_overlay_subject_lab_s01|overlay_subject_lab_s01_nativist|3|twist|testify,head,causative,overlay_subject_lab_s01_nativist,nativist,overlay_arg_1_match,good_to_bad,resid_post_layer_20,verb_final_subtoken,8,train_anchor,8,train_anchor,8,twist,testify,head,head,freqblimp_curated,freqblimp_curated,-1.3125,10.90625,4.625,12.21875,2.057894736842105,1
head|causative|object_frame_overlay_subject_lab_s01|overlay_subject_lab_s01_nativist|4|move|cough,head,causative,overlay_subject_lab_s01_nativist,nativist,overlay_arg_1_match,good_to_bad,resid_post_layer_20,verb_final_subtoken,8,train_anchor,8,train_anchor,8,move,cough,head,head,freqblimp_curated,freqblimp_curated,-1.187499761581421,5.25,3.999999761581421,6.4375,1.240963969491611,1
head|causative|object_frame_overlay_subject_lab_s01|overlay_subject_lab_s01_nativist|5|worry|chat,head,causative,overlay_subject_lab_s01_nativist,nativist,overlay_arg_1_match,good_to_bad,resid_post_layer_20,verb_final_subtoken,8,train_anchor,8,train_anchor,8,worry,chat,head,head,freqblimp_curated,freqblimp_curated,0.5625,4.625,0.0625,4.0625,-8.125,1
head|causative|object_frame_overlay_subject_lab_s01|overlay_subject_lab_s01_nativist|6|soak|exist,head,causative,overlay_subject_lab_s01_nativist,nativist,overlay_arg_1_match,good_to_bad,resid_post_layer_20,verb_final_subtoken,8,train_anchor,8,train_anchor,8,soak,exist,head,head,freqblimp_curated,freqblimp_curated,-2.625,8.25,6.9375,10.875,1.1372549019607843,1
head|causative|object_frame_overlay_subject_lab_s01|overlay_subject_lab_s01_nativist|7|melt|reply,head,causative,overlay_subject_lab_s01_nativist,nativist,overlay_arg_1_match,good_to_bad,resid_post_layer_20,verb_final_subtoken,8,train_anchor,8,train_anchor,8,melt,reply,head,head,freqblimp_curated,freqblimp_curated,-1.9375,9.34375,3.687500238418579,11.28125,2.0055555555555555,1
head|causative|object_frame_overlay_subject_lab_s01|overlay_subject_lab_s01_nativist|8|accelerate|vanish,head,causative,overlay_subject_lab_s01_nativist,nativist,overlay_arg_1_match,good_to_bad,resid_post_layer_20,verb_final_subtoken,8,train_anchor,8,train_anchor,8,accelerate,vanish,head,head,freqblimp_curated,freqblimp_curated,-3.125,7.0625,3.875,10.1875,1.4553571428571428,1
head|causative|object_frame_overlay_subject_lab_s01|overlay_subject_lab_s01_nativist|9|crack|complain,head,causative,overlay_subject_lab_s01_nativist,nativist,overlay_arg_1_match,good_to_bad,resid_post_layer_20,verb_final_subtoken,8,train_anchor,8,train_anchor,8,crack,complain,head,head,freqblimp_curated,freqblimp_curated,-1.4375,9.9375,5.1875,11.375,1.7169811320754718,1
head|causative|object_frame_overlay_subject_lab_s01|overlay_subject_lab_s01_nativist|10|drop|respond,head,causative,overlay_subject_lab_s01_nativist,nativist,overlay_arg_1_match,good_to_bad,resid_post_layer_20,verb_final_subtoken,8,train_anchor,8,train_anchor,8,drop,respond,head,head,freqblimp_curated,freqblimp_curated,0.0625,12.046875,6.46875,11.984375,1.8707317073170733,1
head|causative|object_frame_overlay_subject_lab_s01|overlay_subject_lab_s01_nativist|11|close|laugh,head,causative,overlay_subject_lab_s01_nativist,nativist,overlay_arg_1_match,good_to_bad,resid_post_layer_20,verb_final_subtoken,8,train_anchor,8,train_anchor,8,close,laugh,head,head,freqblimp_curated,freqblimp_curated,-2.875,9.28125,5.25,12.15625,1.4961538461538462,1
head|causative|object_frame_overlay_subject_lab_s01|overlay_subject_lab_s01_nativist|13|roll|disappear,head,causative,overlay_subject_lab_s01_nativist,nativist,overlay_arg_1_match,good_to_bad,resid_post_layer_20,verb_final_subtoken,8,train_anchor,8,train_anchor,8,roll,disappear,head,head,freqblimp_curated,freqblimp_curated,-3.625,2.875,5.375,6.5,0.7222222222222222,1
head|causative|object_frame_overlay_subject_lab_s01|overlay_subject_lab_s01_nativist|14|shrink|struggle,head,causative,overlay_subject_lab_s01_nativist,nativist,overlay_arg_1_match,good_to_bad,resid_post_layer_20,verb_final_subtoken,8,train_anchor,8,train_anchor,8,shrink,struggle,head,head,freqblimp_curated,freqblimp_curated,-2.75,7.0625,2.5625,9.8125,1.8470588235294119,1
head|causative|object_frame_overlay_subject_lab_s01|overlay_subject_lab_s01_nativist|15|warp|compete,head,causative,overlay_subject_lab_s01_nativist,nativist,overlay_arg_1_match,good_to_bad,resid_post_layer_20,verb_final_subtoken,8,train_anchor,8,train_anchor,8,warp,compete,head,head,freqblimp_curated,freqblimp_curated,-0.25,15.57421875,5.125,15.82421875,2.9440406976744184,1
head|causative|object_frame_overlay_subject_lab_s01|overlay_subject_lab_s01_nativist|16|freeze|appear,head,causative,overlay_subject_lab_s01_nativist,nativist,overlay_arg_1_match,good_to_bad,resid_post_layer_20,verb_final_subtoken,8,train_anchor,8,train_anchor,8,freeze,appear,head,head,freqblimp_curated,freqblimp_curated,0.0625,9.71875,4.375,9.65625,2.239130434782609,1
head|causative|object_frame_overlay_subject_lab_s01|overlay_subject_lab_s01_nativist|17|stop|lie,head,causative,overlay_subject_lab_s01_nativist,nativist,overlay_arg_1_match,good_to_bad,resid_post_layer_20,verb_final_subtoken,8,train_anchor,8,train_anchor,8,stop,lie,head,head,freqblimp_curated,freqblimp_curated,-3.3125,9.5,3.874999761581421,12.8125,1.7826086956521738,1
head|causative|object_frame_overlay_subject_lab_s01|overlay_subject_lab_s01_nativist|19|dry|scream,head,causative,overlay_subject_lab_s01_nativist,nativist,overlay_arg_1_match,good_to_bad,resid_post_layer_20,verb_final_subtoken,8,train_anchor,8,train_anchor,8,dry,scream,head,head,freqblimp_curated,freqblimp_curated,-1.0625,7.40625,5.875,8.46875,1.2207207207207207,1
head|causative|object_frame_overlay_subject_lab_s01|overlay_subject_lab_s01_nativist|20|stretch|arrive,head,causative,overlay_subject_lab_s01_nativist,nativist,overlay_arg_1_match,good_to_bad,resid_post_layer_20,verb_final_subtoken,8,train_anchor,8,train_anchor,8,stretch,arrive,head,head,freqblimp_curated,freqblimp_curated,-2.0625,8.25,3.812500238418579,10.3125,1.7553191489361701,1
head|causative|object_frame_overlay_subject_lab_s01|overlay_subject_lab_s01_nativist|21|burn|react,head,causative,overlay_subject_lab_s01_nativist,nativist,overlay_arg_1_match,good_to_bad,resid_post_layer_20,verb_final_subtoken,8,train_anchor,8,train_anchor,8,burn,react,head,head,freqblimp_curated,freqblimp_curated,-0.125,10.84375,4.3125,10.96875,2.471830985915493,1
head|causative|object_frame_overlay_subject_lab_s02|overlay_subject_lab_s02_naturalist|0|roll|react,head,causative,overlay_subject_lab_s02_naturalist,naturalist,overlay_arg_1_match,good_to_bad,resid_post_layer_20,verb_final_subtoken,8,train_anchor,8,train_anchor,8,roll,react,head,head,freqblimp_curated,freqblimp_curated,2.1875,10.21875,7.125,8.03125,1.6265822784810127,1
head|causative|object_frame_overlay_subject_lab_s02|overlay_subject_lab_s02_naturalist|2|turn|boast,head,causative,overlay_subject_lab_s02_naturalist,naturalist,overlay_arg_1_match,good_to_bad,resid_post_layer_20,verb_final_subtoken,8,train_anchor,8,train_anchor,8,turn,boast,head,head,freqblimp_curated,freqblimp_curated,1.5,6.499999523162842,7.84375,4.999999523162842,0.7881772647350292,1
head|causative|object_frame_overlay_subject_lab_s02|overlay_subject_lab_s02_naturalist|4|crash|disagree,head,causative,overlay_subject_lab_s02_naturalist,naturalist,overlay_arg_1_match,good_to_bad,resid_post_layer_20,verb_final_subtoken,8,train_anchor,8,train_anchor,8,crash,disagree,head,head,freqblimp_curated,freqblimp_curated,-4.5625,5.875,3.25,10.4375,1.336,1
head|causative|object_frame_overlay_subject_lab_s02|overlay_subject_lab_s02_naturalist|5|close|scream,head,causative,overlay_subject_lab_s02_naturalist,naturalist,overlay_arg_1_match,good_to_bad,resid_post_layer_20,verb_final_subtoken,8,train_anchor,8,train_anchor,8,close,scream,head,head,freqblimp_curated,freqblimp_curated,-1.687499761581421,9.28125,7.75,10.96875,1.1622516556291391,1
head|causative|object_frame_overlay_subject_lab_s02|overlay_subject_lab_s02_naturalist|6|stop|cough,head,causative,overlay_subject_lab_s02_naturalist,naturalist,overlay_arg_1_match,good_to_bad,resid_post_layer_20,verb_final_subtoken,8,train_anchor,8,train_anchor,8,stop,cough,head,head,freqblimp_curated,freqblimp_curated,1.3125,8.1875,4.8125,6.875,1.9642857142857142,1
head|causative|object_frame_overlay_subject_lab_s02|overlay_subject_lab_s02_naturalist|7|melt|smile,head,causative,overlay_subject_lab_s02_naturalist,naturalist,overlay_arg_1_match,good_to_bad,resid_post_layer_20,verb_final_subtoken,8,train_anchor,8,train_anchor,8,melt,smile,head,head,freqblimp_curated,freqblimp_curated,-2.25,10.28125,7.34375,12.53125,1.3061889250814331,1
head|causative|object_frame_overlay_subject_lab_s02|overlay_subject_lab_s02_naturalist|8|change|lie,head,causative,overlay_subject_lab_s02_naturalist,naturalist,overlay_arg_1_match,good_to_bad,resid_post_layer_20,verb_final_subtoken,8,train_anchor,8,train_anchor,8,change,lie,head,head,freqblimp_curated,freqblimp_curated,-0.1875,12.5,6.25,12.6875,1.970873786407767,1
head|causative|object_frame_overlay_subject_lab_s02|overlay_subject_lab_s02_naturalist|10|dry|appear,head,causative,overlay_subject_lab_s02_naturalist,naturalist,overlay_arg_1_match,good_to_bad,resid_post_layer_20,verb_final_subtoken,8,train_anchor,8,train_anchor,8,dry,appear,head,head,freqblimp_curated,freqblimp_curated,0.3125,11.40625,8.59375,11.09375,1.3396226415094339,1
head|causative|object_frame_overlay_subject_lab_s02|overlay_subject_lab_s02_naturalist|11|stretch|testify,head,causative,overlay_subject_lab_s02_naturalist,naturalist,overlay_arg_1_match,good_to_bad,resid_post_layer_20,verb_final_subtoken,8,train_anchor,8,train_anchor,8,stretch,testify,head,head,freqblimp_curated,freqblimp_curated,-0.375,11.0625,6.0625,11.4375,1.7766990291262137,1
head|causative|object_frame_overlay_subject_lab_s02|overlay_subject_lab_s02_naturalist|12|chip|laugh,head,causative,overlay_subject_lab_s02_naturalist,naturalist,overlay_arg_1_match,good_to_bad,resid_post_layer_20,verb_final_subtoken,8,train_anchor,8,train_anchor,8,chip,laugh,head,head,freqblimp_curated,freqblimp_curated,-2.5625,5.25,4.3125,7.8125,1.1363636363636365,1
head|causative|object_frame_overlay_subject_lab_s02|overlay_subject_lab_s02_naturalist|13|open|disappear,head,causative,overlay_subject_lab_s02_naturalist,naturalist,overlay_arg_1_match,good_to_bad,resid_post_layer_20,verb_final_subtoken,8,train_anchor,8,train_anchor,8,open,disappear,head,head,freqblimp_curated,freqblimp_curated,-2.374999761581421,10.40625,9.25,12.78125,1.0994623655913978,1
head|causative|object_frame_overlay_subject_lab_s02|overlay_subject_lab_s02_naturalist|15|warp|respond,head,causative,overlay_subject_lab_s02_naturalist,naturalist,overlay_arg_1_match,good_to_bad,resid_post_layer_20,verb_final_subtoken,8,train_anchor,8,train_anchor,8,warp,respond,head,head,freqblimp_curated,freqblimp_curated,-0.625,13.0625,6.25,13.6875,1.990909090909091,1
head|causative|object_frame_overlay_subject_lab_s02|overlay_subject_lab_s02_naturalist|17|worry|struggle,head,causative,overlay_subject_lab_s02_naturalist,naturalist,overlay_arg_1_match,good_to_bad,resid_post_layer_20,verb_final_subtoken,8,train_anchor,8,train_anchor,8,worry,struggle,head,head,freqblimp_curated,freqblimp_curated,-2.8125,1.5,0.3125,4.3125,1.38,1
head|causative|object_frame_overlay_subject_lab_s02|overlay_subject_lab_s02_naturalist|18|grow|chat,head,causative,overlay_subject_lab_s02_naturalist,naturalist,overlay_arg_1_match,good_to_bad,resid_post_layer_20,verb_final_subtoken,8,train_anchor,8,train_anchor,8,grow,chat,head,head,freqblimp_curated,freqblimp_curated,-0.4375,15.255767822265625,7.40625,15.693267822265625,2.000735339890438,1
head|causative|object_frame_overlay_subject_lab_s02|overlay_subject_lab_s02_naturalist|20|twist|exist,head,causative,overlay_subject_lab_s02_naturalist,naturalist,overlay_arg_1_match,good_to_bad,resid_post_layer_20,verb_final_subtoken,8,train_anchor,8,train_anchor,8,twist,exist,head,head,freqblimp_curated,freqblimp_curated,-1.75,10.4375,7.625,12.1875,1.3,1
head|causative|object_frame_overlay_subject_lab_s02|overlay_subject_lab_s02_naturalist|21|fold|die,head,causative,overlay_subject_lab_s02_naturalist,naturalist,overlay_arg_1_match,good_to_bad,resid_post_layer_20,verb_final_subtoken,8,train_anchor,8,train_anchor,8,fold,die,head,head,freqblimp_curated,freqblimp_curated,-3.125,6.5625,7.21875,9.6875,0.9365558912386707,1
head|causative|object_frame_overlay_subject_lab_s03|overlay_subject_lab_s03_naturist|0|crash|die,head,causative,overlay_subject_lab_s03_naturist,naturist,overlay_arg_1_match,good_to_bad,resid_post_layer_20,verb_final_subtoken,8,train_anchor,8,train_anchor,8,crash,die,head,head,freqblimp_curated,freqblimp_curated,-3.000000238418579,2.6875,1.0625,5.6875,1.4,1
head|causative|object_frame_overlay_subject_lab_s03|overlay_subject_lab_s03_naturist|1|drop|exist,head,causative,overlay_subject_lab_s03_naturist,naturist,overlay_arg_1_match,good_to_bad,resid_post_layer_20,verb_final_subtoken,8,train_anchor,8,train_anchor,8,drop,exist,head,head,freqblimp_curated,freqblimp_curated,-2.0,7.34375,6.562500476837158,9.34375,1.0912408759124088,1
head|causative|object_frame_overlay_subject_lab_s03|overlay_subject_lab_s03_naturist|2|close|cry,head,causative,overlay_subject_lab_s03_naturist,naturist,overlay_arg_1_match,good_to_bad,resid_post_layer_20,verb_final_subtoken,8,train_anchor,8,train_anchor,8,close,cry,head,head,freqblimp_curated,freqblimp_curated,-1.5625,8.875,6.5625,10.4375,1.2846153846153847,1
head|causative|object_frame_overlay_subject_lab_s03|overlay_subject_lab_s03_naturist|3|chip|boast,head,causative,overlay_subject_lab_s03_naturist,naturist,overlay_arg_1_match,good_to_bad,resid_post_layer_20,verb_final_subtoken,8,train_anchor,8,train_anchor,8,chip,boast,head,head,freqblimp_curated,freqblimp_curated,1.5625,3.625,3.375,2.0625,1.1379310344827587,1
head|causative|object_frame_overlay_subject_lab_s03|overlay_subject_lab_s03_naturist|4|soak|vanish,head,causative,overlay_subject_lab_s03_naturist,naturist,overlay_arg_1_match,good_to_bad,resid_post_layer_20,verb_final_subtoken,8,train_anchor,8,train_anchor,8,soak,vanish,head,head,freqblimp_curated,freqblimp_curated,-2.6875,2.812499761581421,4.9375,5.5,0.7213114754098361,1
head|causative|object_frame_overlay_subject_lab_s03|overlay_subject_lab_s03_naturist|5|fade|appear,head,causative,overlay_subject_lab_s03_naturist,naturist,overlay_arg_1_match,good_to_bad,resid_post_layer_20,verb_final_subtoken,8,train_anchor,8,train_anchor,8,fade,appear,head,head,freqblimp_curated,freqblimp_curated,1.3125,1.8125,1.125,0.5,-2.6666666666666665,1
head|causative|object_frame_overlay_subject_lab_s03|overlay_subject_lab_s03_naturist|6|dim|complain,head,causative,overlay_subject_lab_s03_naturist,naturist,overlay_arg_1_match,good_to_bad,resid_post_layer_20,verb_final_subtoken,8,train_anchor,8,train_anchor,8,dim,complain,head,head,freqblimp_curated,freqblimp_curated,-1.125,6.6875,6.375,7.8125,1.0416666666666667,1
head|causative|object_frame_overlay_subject_lab_s03|overlay_subject_lab_s03_naturist|7|roll|react,head,causative,overlay_subject_lab_s03_naturist,naturist,overlay_arg_1_match,good_to_bad,resid_post_layer_20,verb_final_subtoken,8,train_anchor,8,train_anchor,8,roll,react,head,head,freqblimp_curated,freqblimp_curated,1.5,7.125,4.0625,5.625,2.1951219512195124,1
head|causative|object_frame_overlay_subject_lab_s03|overlay_subject_lab_s03_naturist|10|burn|compete,head,causative,overlay_subject_lab_s03_naturist,naturist,overlay_arg_1_match,good_to_bad,resid_post_layer_20,verb_final_subtoken,8,train_anchor,8,train_anchor,8,burn,compete,head,head,freqblimp_curated,freqblimp_curated,-0.3125,10.59375,5.1875,10.90625,1.9829545454545454,1
head|causative|object_frame_overlay_subject_lab_s03|overlay_subject_lab_s03_naturist|11|grow|chat,head,causative,overlay_subject_lab_s03_naturist,naturist,overlay_arg_1_match,good_to_bad,resid_post_layer_20,verb_final_subtoken,8,train_anchor,8,train_anchor,8,grow,chat,head,head,freqblimp_curated,freqblimp_curated,-0.25,10.4375,2.625,10.6875,3.717391304347826,1
head|causative|object_frame_overlay_subject_lab_s03|overlay_subject_lab_s03_naturist|13|fold|arrive,head,causative,overlay_subject_lab_s03_naturist,naturist,overlay_arg_1_match,good_to_bad,resid_post_layer_20,verb_final_subtoken,8,train_anchor,8,train_anchor,8,fold,arrive,head,head,freqblimp_curated,freqblimp_curated,-1.125,9.4375,5.0,10.5625,1.7244897959183674,1
head|causative|object_frame_overlay_subject_lab_s03|overlay_subject_lab_s03_naturist|16|stretch|scream,head,causative,overlay_subject_lab_s03_naturist,naturist,overlay_arg_1_match,good_to_bad,resid_post_layer_20,verb_final_subtoken,8,train_anchor,8,train_anchor,8,stretch,scream,head,head,freqblimp_curated,freqblimp_curated,-1.8125,3.3125,2.875,5.125,1.0933333333333333,1
head|causative|object_frame_overlay_subject_lab_s03|overlay_subject_lab_s03_naturist|17|warp|laugh,head,causative,overlay_subject_lab_s03_naturist,naturist,overlay_arg_1_match,good_to_bad,resid_post_layer_20,verb_final_subtoken,8,train_anchor,8,train_anchor,8,warp,laugh,head,head,freqblimp_curated,freqblimp_curated,-2.5625,8.15625,3.75,10.71875,1.698019801980198,1
head|causative|object_frame_overlay_subject_lab_s03|overlay_subject_lab_s03_naturist|18|turn|disagree,head,causative,overlay_subject_lab_s03_naturist,naturist,overlay_arg_1_match,good_to_bad,resid_post_layer_20,verb_final_subtoken,8,train_anchor,8,train_anchor,8,turn,disagree,head,head,freqblimp_curated,freqblimp_curated,-4.6875,6.4375,5.625,11.125,1.0787878787878789,1
head|causative|object_frame_overlay_subject_lab_s03|overlay_subject_lab_s03_naturist|19|worry|testify,head,causative,overlay_subject_lab_s03_naturist,naturist,overlay_arg_1_match,good_to_bad,resid_post_layer_20,verb_final_subtoken,8,train_anchor,8,train_anchor,8,worry,testify,head,head,freqblimp_curated,freqblimp_curated,-0.25,1.999999761581421,0.25,2.249999761581421,4.499999523162842,1
head|causative|object_frame_overlay_subject_lab_s03|overlay_subject_lab_s03_naturist|21|twist|reply,head,causative,overlay_subject_lab_s03_naturist,naturist,overlay_arg_1_match,good_to_bad,resid_post_layer_20,verb_final_subtoken,8,train_anchor,8,train_anchor,8,twist,reply,head,head,freqblimp_curated,freqblimp_curated,-0.6875,8.875,4.75,9.5625,1.7586206896551724,1
head|causative|object_frame_overlay_subject_tomorrow_s02|overlay_subject_tomorrow_s02_babyminder|0|soak|lie,head,causative,overlay_subject_tomorrow_s02_babyminder,babyminder,overlay_arg_1_match,good_to_bad,resid_post_layer_20,verb_final_subtoken,8,train_anchor,8,train_anchor,8,soak,lie,head,head,freqblimp_curated,freqblimp_curated,-2.624999761581421,4.5625,1.4375,7.1875,1.7692307692307692,1
head|causative|object_frame_overlay_subject_tomorrow_s02|overlay_subject_tomorrow_s02_babyminder|1|accelerate|appear,head,causative,overlay_subject_tomorrow_s02_babyminder,babyminder,overlay_arg_1_match,good_to_bad,resid_post_layer_20,verb_final_subtoken,8,train_anchor,8,train_anchor,8,accelerate,appear,head,head,freqblimp_curated,freqblimp_curated,-4.8125,3.375000238418579,1.125,8.1875,1.3789473684210527,1
head|causative|object_frame_overlay_subject_tomorrow_s02|overlay_subject_tomorrow_s02_babyminder|2|roll|reply,head,causative,overlay_subject_tomorrow_s02_babyminder,babyminder,overlay_arg_1_match,good_to_bad,resid_post_layer_20,verb_final_subtoken,8,train_anchor,8,train_anchor,8,roll,reply,head,head,freqblimp_curated,freqblimp_curated,-4.1875,-0.1875,-1.4375,4.0,1.4545454545454546,0
head|causative|object_frame_overlay_subject_tomorrow_s02|overlay_subject_tomorrow_s02_babyminder|3|twist|vanish,head,causative,overlay_subject_tomorrow_s02_babyminder,babyminder,overlay_arg_1_match,good_to_bad,resid_post_layer_20,verb_final_subtoken,8,train_anchor,8,train_anchor,8,twist,vanish,head,head,freqblimp_curated,freqblimp_curated,-5.5625,2.75,1.625,8.3125,1.1565217391304348,1
head|causative|object_frame_overlay_subject_tomorrow_s02|overlay_subject_tomorrow_s02_babyminder|4|slow|respond,head,causative,overlay_subject_tomorrow_s02_babyminder,babyminder,overlay_arg_1_match,good_to_bad,resid_post_layer_20,verb_final_subtoken,8,train_anchor,8,train_anchor,8,slow,respond,head,head,freqblimp_curated,freqblimp_curated,-3.625,1.750000238418579,-0.25,5.375,1.5925925925925926,1
head|causative|object_frame_overlay_subject_tomorrow_s02|overlay_subject_tomorrow_s02_babyminder|5|close|laugh,head,causative,overlay_subject_tomorrow_s02_babyminder,babyminder,overlay_arg_1_match,good_to_bad,resid_post_layer_20,verb_final_subtoken,8,train_anchor,8,train_anchor,8,close,laugh,head,head,freqblimp_curated,freqblimp_curated,-3.5,2.4375,-0.5,5.9375,1.9791666666666667,1
head|causative|object_frame_overlay_subject_tomorrow_s02|overlay_subject_tomorrow_s02_babyminder|9|drop|complain,head,causative,overlay_subject_tomorrow_s02_babyminder,babyminder,overlay_arg_1_match,good_to_bad,resid_post_layer_20,verb_final_subtoken,8,train_anchor,8,train_anchor,8,drop,complain,head,head,freqblimp_curated,freqblimp_curated,-2.5,2.75,-0.625,5.25,2.8,1
head|causative|object_frame_overlay_subject_tomorrow_s02|overlay_subject_tomorrow_s02_babyminder|10|grow|chat,head,causative,overlay_subject_tomorrow_s02_babyminder,babyminder,overlay_arg_1_match,good_to_bad,resid_post_layer_20,verb_final_subtoken,8,train_anchor,8,train_anchor,8,grow,chat,head,head,freqblimp_curated,freqblimp_curated,-1.8125,1.3125,-3.125,3.125,-2.380952380952381,1
head|causative|object_frame_overlay_subject_tomorrow_s02|overlay_subject_tomorrow_s02_babyminder|11|crash|die,head,causative,overlay_subject_tomorrow_s02_babyminder,babyminder,overlay_arg_1_match,good_to_bad,resid_post_layer_20,verb_final_subtoken,8,train_anchor,8,train_anchor,8,crash,die,head,head,freqblimp_curated,freqblimp_curated,-5.375,-1.1875,-2.1875,4.1875,1.3137254901960784,0
head|causative|object_frame_overlay_subject_tomorrow_s02|overlay_subject_tomorrow_s02_babyminder|12|freeze|scream,head,causative,overlay_subject_tomorrow_s02_babyminder,babyminder,overlay_arg_1_match,good_to_bad,resid_post_layer_20,verb_final_subtoken,8,train_anchor,8,train_anchor,8,freeze,scream,head,head,freqblimp_curated,freqblimp_curated,-2.1875,2.062500238418579,-1.3125,4.25,4.857142857142857,1
head|causative|object_frame_overlay_subject_tomorrow_s02|overlay_subject_tomorrow_s02_babyminder|13|turn|arrive,head,causative,overlay_subject_tomorrow_s02_babyminder,babyminder,overlay_arg_1_match,good_to_bad,resid_post_layer_20,verb_final_subtoken,8,train_anchor,8,train_anchor,8,turn,arrive,head,head,freqblimp_curated,freqblimp_curated,-5.4375,1.375,1.5625,6.8125,0.9732142857142857,1
head|causative|object_frame_overlay_subject_tomorrow_s02|overlay_subject_tomorrow_s02_babyminder|14|warp|cry,head,causative,overlay_subject_tomorrow_s02_babyminder,babyminder,overlay_arg_1_match,good_to_bad,resid_post_layer_20,verb_final_subtoken,8,train_anchor,8,train_anchor,8,warp,cry,head,head,freqblimp_curated,freqblimp_curated,-3.249999761581421,4.4375,1.5625,7.6875,1.5974025974025974,1
head|causative|object_frame_overlay_subject_tomorrow_s02|overlay_subject_tomorrow_s02_babyminder|15|crack|testify,head,causative,overlay_subject_tomorrow_s02_babyminder,babyminder,overlay_arg_1_match,good_to_bad,resid_post_layer_20,verb_final_subtoken,8,train_anchor,8,train_anchor,8,crack,testify,head,head,freqblimp_curated,freqblimp_curated,-3.0,2.124999761581421,-0.375,5.125,1.9523809523809523,1
head|causative|object_frame_overlay_subject_tomorrow_s02|overlay_subject_tomorrow_s02_babyminder|16|shut|boast,head,causative,overlay_subject_tomorrow_s02_babyminder,babyminder,overlay_arg_1_match,good_to_bad,resid_post_layer_20,verb_final_subtoken,8,train_anchor,8,train_anchor,8,shut,boast,head,head,freqblimp_curated,freqblimp_curated,1.625,1.0,0.75,-0.625,0.7142857142857143,1
head|causative|object_frame_overlay_subject_tomorrow_s02|overlay_subject_tomorrow_s02_babyminder|17|stretch|smile,head,causative,overlay_subject_tomorrow_s02_babyminder,babyminder,overlay_arg_1_match,good_to_bad,resid_post_layer_20,verb_final_subtoken,8,train_anchor,8,train_anchor,8,stretch,smile,head,head,freqblimp_curated,freqblimp_curated,-2.625000238418579,4.4375,1.375,7.0625,1.765625,1
head|causative|object_frame_overlay_subject_tomorrow_s02|overlay_subject_tomorrow_s02_babyminder|18|shrink|struggle,head,causative,overlay_subject_tomorrow_s02_babyminder,babyminder,overlay_arg_1_match,good_to_bad,resid_post_layer_20,verb_final_subtoken,8,train_anchor,8,train_anchor,8,shrink,struggle,head,head,freqblimp_curated,freqblimp_curated,-3.625,-0.125,-1.25,3.5,1.4736842105263157,0
head|causative|object_frame_overlay_subject_tomorrow_s02|overlay_subject_tomorrow_s02_babyminder|19|melt|react,head,causative,overlay_subject_tomorrow_s02_babyminder,babyminder,overlay_arg_1_match,good_to_bad,resid_post_layer_20,verb_final_subtoken,8,train_anchor,8,train_anchor,8,melt,react,head,head,freqblimp_curated,freqblimp_curated,-1.75,2.375,-0.25,4.125,2.75,1
head|causative|object_frame_overlay_subject_tomorrow_s02|overlay_subject_tomorrow_s02_babyminder|20|fold|disagree,head,causative,overlay_subject_tomorrow_s02_babyminder,babyminder,overlay_arg_1_match,good_to_bad,resid_post_layer_20,verb_final_subtoken,8,train_anchor,8,train_anchor,8,fold,disagree,head,head,freqblimp_curated,freqblimp_curated,-5.6875,0.75,-1.0625,6.4375,1.3918918918918919,1
head|causative|object_frame_overlay_subject_tomorrow_s03|overlay_subject_tomorrow_s03_babysitter|0|change|testify,head,causative,overlay_subject_tomorrow_s03_babysitter,babysitter,overlay_arg_1_match,good_to_bad,resid_post_layer_20,verb_final_subtoken,8,train_anchor,8,train_anchor,8,change,testify,head,head,freqblimp_curated,freqblimp_curated,-3.0625,2.874999761581421,0.25,5.9375,1.7924528301886793,1
head|causative|object_frame_overlay_subject_tomorrow_s03|overlay_subject_tomorrow_s03_babysitter|1|worry|boast,head,causative,overlay_subject_tomorrow_s03_babysitter,babysitter,overlay_arg_1_match,good_to_bad,resid_post_layer_20,verb_final_subtoken,8,train_anchor,8,train_anchor,8,worry,boast,head,head,freqblimp_curated,freqblimp_curated,-0.25,-0.0625,-3.125,0.1875,-0.06521739130434782,0
head|causative|object_frame_overlay_subject_tomorrow_s03|overlay_subject_tomorrow_s03_babysitter|6|stop|complain,head,causative,overlay_subject_tomorrow_s03_babysitter,babysitter,overlay_arg_1_match,good_to_bad,resid_post_layer_20,verb_final_subtoken,8,train_anchor,8,train_anchor,8,stop,complain,head,head,freqblimp_curated,freqblimp_curated,-2.75,4.4375,1.125,7.1875,1.8548387096774193,1
head|causative|object_frame_overlay_subject_tomorrow_s03|overlay_subject_tomorrow_s03_babysitter|7|warp|scream,head,causative,overlay_subject_tomorrow_s03_babysitter,babysitter,overlay_arg_1_match,good_to_bad,resid_post_layer_20,verb_final_subtoken,8,train_anchor,8,train_anchor,8,warp,scream,head,head,freqblimp_curated,freqblimp_curated,-2.750000238418579,5.1875,2.125,7.9375,1.6282051282051282,1
head|causative|object_frame_overlay_subject_tomorrow_s03|overlay_subject_tomorrow_s03_babysitter|8|melt|cry,head,causative,overlay_subject_tomorrow_s03_babysitter,babysitter,overlay_arg_1_match,good_to_bad,resid_post_layer_20,verb_final_subtoken,8,train_anchor,8,train_anchor,8,melt,cry,head,head,freqblimp_curated,freqblimp_curated,-3.625,1.562499761581421,0.3125,5.1875,1.3174603174603174,1
head|causative|object_frame_overlay_subject_tomorrow_s03|overlay_subject_tomorrow_s03_babysitter|9|move|chat,head,causative,overlay_subject_tomorrow_s03_babysitter,babysitter,overlay_arg_1_match,good_to_bad,resid_post_layer_20,verb_final_subtoken,8,train_anchor,8,train_anchor,8,move,chat,head,head,freqblimp_curated,freqblimp_curated,-0.3125,5.906250476837158,1.125,6.218750476837158,4.326087288234545,1
head|causative|object_frame_overlay_subject_tomorrow_s03|overlay_subject_tomorrow_s03_babysitter|10|soak|struggle,head,causative,overlay_subject_tomorrow_s03_babysitter,babysitter,overlay_arg_1_match,good_to_bad,resid_post_layer_20,verb_final_subtoken,8,train_anchor,8,train_anchor,8,soak,struggle,head,head,freqblimp_curated,freqblimp_curated,-3.0,5.9375,3.25,8.9375,1.43,1
head|causative|object_frame_overlay_subject_tomorrow_s03|overlay_subject_tomorrow_s03_babysitter|11|grow|react,head,causative,overlay_subject_tomorrow_s03_babysitter,babysitter,overlay_arg_1_match,good_to_bad,resid_post_layer_20,verb_final_subtoken,8,train_anchor,8,train_anchor,8,grow,react,head,head,freqblimp_curated,freqblimp_curated,-1.3125,2.4375,-1.875,3.75,-6.666666666666667,1
head|causative|object_frame_overlay_subject_tomorrow_s03|overlay_subject_tomorrow_s03_babysitter|12|crash|arrive,head,causative,overlay_subject_tomorrow_s03_babysitter,babysitter,overlay_arg_1_match,good_to_bad,resid_post_layer_20,verb_final_subtoken,8,train_anchor,8,train_anchor,8,crash,arrive,head,head,freqblimp_curated,freqblimp_curated,-6.687499523162842,-0.5,-1.25,6.187499523162842,1.13793104657851,0
head|causative|object_frame_overlay_subject_tomorrow_s03|overlay_subject_tomorrow_s03_babysitter|13|fade|disagree,head,causative,overlay_subject_tomorrow_s03_babysitter,babysitter,overlay_arg_1_match,good_to_bad,resid_post_layer_20,verb_final_subtoken,8,train_anchor,8,train_anchor,8,fade,disagree,head,head,freqblimp_curated,freqblimp_curated,-6.249999523162842,-0.4375,-2.125,5.812499523162842,1.40909095638055,0
head|causative|object_frame_overlay_subject_tomorrow_s03|overlay_subject_tomorrow_s03_babysitter|14|crack|reply,head,causative,overlay_subject_tomorrow_s03_babysitter,babysitter,overlay_arg_1_match,good_to_bad,resid_post_layer_20,verb_final_subtoken,8,train_anchor,8,train_anchor,8,crack,reply,head,head,freqblimp_curated,freqblimp_curated,-3.1875,3.9375,2.1875,7.125,1.3255813953488371,1
head|causative|object_frame_overlay_subject_tomorrow_s03|overlay_subject_tomorrow_s03_babysitter|15|bake|compete,head,causative,overlay_subject_tomorrow_s03_babysitter,babysitter,overlay_arg_1_match,good_to_bad,resid_post_layer_20,verb_final_subtoken,8,train_anchor,8,train_anchor,8,bake,compete,head,head,freqblimp_curated,freqblimp_curated,-1.5,7.1875,1.562500238418579,8.6875,2.836734473035036,1
head|causative|object_frame_overlay_subject_tomorrow_s03|overlay_subject_tomorrow_s03_babysitter|16|stretch|cough,head,causative,overlay_subject_tomorrow_s03_babysitter,babysitter,overlay_arg_1_match,good_to_bad,resid_post_layer_20,verb_final_subtoken,8,train_anchor,8,train_anchor,8,stretch,cough,head,head,freqblimp_curated,freqblimp_curated,-3.0,4.625,2.687499761581421,7.625,1.3406593406593406,1
head|causative|object_frame_overlay_subject_tomorrow_s03|overlay_subject_tomorrow_s03_babysitter|17|awaken|exist,head,causative,overlay_subject_tomorrow_s03_babysitter,babysitter,overlay_arg_1_match,good_to_bad,resid_post_layer_20,verb_final_subtoken,8,train_anchor,8,train_anchor,8,awaken,exist,head,head,freqblimp_curated,freqblimp_curated,-4.1875,0.6875,-0.75,4.875,1.4181818181818182,1
head|causative|object_frame_overlay_subject_tomorrow_s03|overlay_subject_tomorrow_s03_babysitter|18|dim|respond,head,causative,overlay_subject_tomorrow_s03_babysitter,babysitter,overlay_arg_1_match,good_to_bad,resid_post_layer_20,verb_final_subtoken,8,train_anchor,8,train_anchor,8,dim,respond,head,head,freqblimp_curated,freqblimp_curated,-3.5,5.6875,5.75,9.1875,0.9932432432432432,1
head|causative|object_frame_overlay_subject_tomorrow_s03|overlay_subject_tomorrow_s03_babysitter|19|shut|disappear,head,causative,overlay_subject_tomorrow_s03_babysitter,babysitter,overlay_arg_1_match,good_to_bad,resid_post_layer_20,verb_final_subtoken,8,train_anchor,8,train_anchor,8,shut,disappear,head,head,freqblimp_curated,freqblimp_curated,-4.75,4.0625,6.25,8.8125,0.8011363636363636,1
head|causative|object_frame_overlay_subject_tomorrow_s03|overlay_subject_tomorrow_s03_babysitter|20|accelerate|lie,head,causative,overlay_subject_tomorrow_s03_babysitter,babysitter,overlay_arg_1_match,good_to_bad,resid_post_layer_20,verb_final_subtoken,8,train_anchor,8,train_anchor,8,accelerate,lie,head,head,freqblimp_curated,freqblimp_curated,-2.6875,11.71875,3.125,14.40625,2.478494623655914,1
head|causative|object_frame_overlay_subject_tomorrow_s03|overlay_subject_tomorrow_s03_babysitter|21|freeze|vanish,head,causative,overlay_subject_tomorrow_s03_babysitter,babysitter,overlay_arg_1_match,good_to_bad,resid_post_layer_20,verb_final_subtoken,8,train_anchor,8,train_anchor,8,freeze,vanish,head,head,freqblimp_curated,freqblimp_curated,-4.75,0.0,-1.5625,4.75,1.4901960784313726,0
head|causative|object_frame_overlay_subject_trial_s01|overlay_subject_trial_s01_neurologist|1|close|react,head,causative,overlay_subject_trial_s01_neurologist,neurologist,overlay_arg_1_match,good_to_bad,resid_post_layer_20,verb_final_subtoken,8,train_anchor,8,train_anchor,8,close,react,head,head,freqblimp_curated,freqblimp_curated,1.0,12.578125,6.625,11.578125,2.058333333333333,1
head|causative|object_frame_overlay_subject_trial_s01|overlay_subject_trial_s01_neurologist|2|chip|respond,head,causative,overlay_subject_trial_s01_neurologist,neurologist,overlay_arg_1_match,good_to_bad,resid_post_layer_20,verb_final_subtoken,8,train_anchor,8,train_anchor,8,chip,respond,head,head,freqblimp_curated,freqblimp_curated,0.75,6.75,4.6875,6.0,1.5238095238095237,1
head|causative|object_frame_overlay_subject_trial_s01|overlay_subject_trial_s01_neurologist|3|stop|scream,head,causative,overlay_subject_trial_s01_neurologist,neurologist,overlay_arg_1_match,good_to_bad,resid_post_layer_20,verb_final_subtoken,8,train_anchor,8,train_anchor,8,stop,scream,head,head,freqblimp_curated,freqblimp_curated,-0.1875,12.109375,7.28125,12.296875,1.6464435146443515,1
head|causative|object_frame_overlay_subject_trial_s01|overlay_subject_trial_s01_neurologist|4|crash|cry,head,causative,overlay_subject_trial_s01_neurologist,neurologist,overlay_arg_1_match,good_to_bad,resid_post_layer_20,verb_final_subtoken,8,train_anchor,8,train_anchor,8,crash,cry,head,head,freqblimp_curated,freqblimp_curated,3.375,11.171875,5.75,7.796875,3.2828947368421053,1
head|causative|object_frame_overlay_subject_trial_s01|overlay_subject_trial_s01_neurologist|5|turn|die,head,causative,overlay_subject_trial_s01_neurologist,neurologist,overlay_arg_1_match,good_to_bad,resid_post_layer_20,verb_final_subtoken,8,train_anchor,8,train_anchor,8,turn,die,head,head,freqblimp_curated,freqblimp_curated,-2.25,7.5,8.4375,9.75,0.9122807017543859,1
head|causative|object_frame_overlay_subject_trial_s01|overlay_subject_trial_s01_neurologist|6|crack|exist,head,causative,overlay_subject_trial_s01_neurologist,neurologist,overlay_arg_1_match,good_to_bad,resid_post_layer_20,verb_final_subtoken,8,train_anchor,8,train_anchor,8,crack,exist,head,head,freqblimp_curated,freqblimp_curated,-0.4375,7.0625,7.500000476837158,7.5,0.9448818330009741,1
head|causative|object_frame_overlay_subject_trial_s01|overlay_subject_trial_s01_neurologist|7|grow|compete,head,causative,overlay_subject_trial_s01_neurologist,neurologist,overlay_arg_1_match,good_to_bad,resid_post_layer_20,verb_final_subtoken,8,train_anchor,8,train_anchor,8,grow,compete,head,head,freqblimp_curated,freqblimp_curated,3.687499761581421,8.34375,5.46875,4.65625,2.6140347378332924,1
head|causative|object_frame_overlay_subject_trial_s01|overlay_subject_trial_s01_neurologist|8|benefit|lie,head,causative,overlay_subject_trial_s01_neurologist,neurologist,overlay_arg_1_match,good_to_bad,resid_post_layer_20,verb_final_subtoken,8,train_anchor,8,train_anchor,8,benefit,lie,head,head,freqblimp_curated,freqblimp_curated,-0.375,5.0,1.749999761581421,5.375,2.5294120484982714,1
head|causative|object_frame_overlay_subject_trial_s01|overlay_subject_trial_s01_neurologist|9|accelerate|chat,head,causative,overlay_subject_trial_s01_neurologist,neurologist,overlay_arg_1_match,good_to_bad,resid_post_layer_20,verb_final_subtoken,8,train_anchor,8,train_anchor,8,accelerate,chat,head,head,freqblimp_curated,freqblimp_curated,2.687500476837158,16.7734375,7.21875,14.0859375,3.1086210167847748,1
head|causative|object_frame_overlay_subject_trial_s01|overlay_subject_trial_s01_neurologist|10|stretch|vanish,head,causative,overlay_subject_trial_s01_neurologist,neurologist,overlay_arg_1_match,good_to_bad,resid_post_layer_20,verb_final_subtoken,8,train_anchor,8,train_anchor,8,stretch,vanish,head,head,freqblimp_curated,freqblimp_curated,-0.625,7.4375,7.34375,8.0625,1.011764705882353,1
head|causative|object_frame_overlay_subject_trial_s01|overlay_subject_trial_s01_neurologist|12|roll|arrive,head,causative,overlay_subject_trial_s01_neurologist,neurologist,overlay_arg_1_match,good_to_bad,resid_post_layer_20,verb_final_subtoken,8,train_anchor,8,train_anchor,8,roll,arrive,head,head,freqblimp_curated,freqblimp_curated,-0.75,9.28125,8.1875,10.03125,1.1223776223776223,1
head|causative|object_frame_overlay_subject_trial_s01|overlay_subject_trial_s01_neurologist|13|awaken|testify,head,causative,overlay_subject_trial_s01_neurologist,neurologist,overlay_arg_1_match,good_to_bad,resid_post_layer_20,verb_final_subtoken,8,train_anchor,8,train_anchor,8,awaken,testify,head,head,freqblimp_curated,freqblimp_curated,0.8125,14.6875,6.8125,13.875,2.3125,1
head|causative|object_frame_overlay_subject_trial_s01|overlay_subject_trial_s01_neurologist|14|warp|disagree,head,causative,overlay_subject_trial_s01_neurologist,neurologist,overlay_arg_1_match,good_to_bad,resid_post_layer_20,verb_final_subtoken,8,train_anchor,8,train_anchor,8,warp,disagree,head,head,freqblimp_curated,freqblimp_curated,-2.375,13.84375,5.875,16.21875,1.9659090909090908,1
head|causative|object_frame_overlay_subject_trial_s01|overlay_subject_trial_s01_neurologist|15|burn|struggle,head,causative,overlay_subject_trial_s01_neurologist,neurologist,overlay_arg_1_match,good_to_bad,resid_post_layer_20,verb_final_subtoken,8,train_anchor,8,train_anchor,8,burn,struggle,head,head,freqblimp_curated,freqblimp_curated,-1.375,11.5625,6.968750476837158,12.9375,1.550561797752809,1
head|causative|object_frame_overlay_subject_trial_s01|overlay_subject_trial_s01_neurologist|17|shrink|boast,head,causative,overlay_subject_trial_s01_neurologist,neurologist,overlay_arg_1_match,good_to_bad,resid_post_layer_20,verb_final_subtoken,8,train_anchor,8,train_anchor,8,shrink,boast,head,head,freqblimp_curated,freqblimp_curated,2.0625,9.625,6.875,7.5625,1.5714285714285714,1
head|causative|object_frame_overlay_subject_trial_s01|overlay_subject_trial_s01_neurologist|18|change|disappear,head,causative,overlay_subject_trial_s01_neurologist,neurologist,overlay_arg_1_match,good_to_bad,resid_post_layer_20,verb_final_subtoken,8,train_anchor,8,train_anchor,8,change,disappear,head,head,freqblimp_curated,freqblimp_curated,-1.750000238418579,7.875,7.906250476837158,9.625,0.9967636556025478,1
head|causative|object_frame_overlay_subject_trial_s01|overlay_subject_trial_s01_neurologist|20|melt|laugh,head,causative,overlay_subject_trial_s01_neurologist,neurologist,overlay_arg_1_match,good_to_bad,resid_post_layer_20,verb_final_subtoken,8,train_anchor,8,train_anchor,8,melt,laugh,head,head,freqblimp_curated,freqblimp_curated,-1.5,10.59375,4.75,12.09375,1.935,1
head|causative|object_frame_overlay_subject_visit_s00|overlay_subject_visit_s00_urd|0|bake|struggle,head,causative,overlay_subject_visit_s00_urd,urd,overlay_arg_1_match,good_to_bad,resid_post_layer_20,verb_final_subtoken,8,train_anchor,8,train_anchor,8,bake,struggle,head,head,freqblimp_curated,freqblimp_curated,-0.75,3.6875,2.0,4.4375,1.6136363636363635,1
head|causative|object_frame_overlay_subject_visit_s00|overlay_subject_visit_s00_urd|1|chip|boast,head,causative,overlay_subject_visit_s00_urd,urd,overlay_arg_1_match,good_to_bad,resid_post_layer_20,verb_final_subtoken,8,train_anchor,8,train_anchor,8,chip,boast,head,head,freqblimp_curated,freqblimp_curated,2.250000238418579,2.1875,2.4375,-0.0625002384185791,-0.3333350287564961,1
head|causative|object_frame_overlay_subject_visit_s00|overlay_subject_visit_s00_urd|2|twist|arrive,head,causative,overlay_subject_visit_s00_urd,urd,overlay_arg_1_match,good_to_bad,resid_post_layer_20,verb_final_subtoken,8,train_anchor,8,train_anchor,8,twist,arrive,head,head,freqblimp_curated,freqblimp_curated,-0.6875,2.625,1.5,3.3125,1.5142857142857142,1
head|causative|object_frame_overlay_subject_visit_s00|overlay_subject_visit_s00_urd|3|worry|chat,head,causative,overlay_subject_visit_s00_urd,urd,overlay_arg_1_match,good_to_bad,resid_post_layer_20,verb_final_subtoken,8,train_anchor,8,train_anchor,8,worry,chat,head,head,freqblimp_curated,freqblimp_curated,-0.75,3.499999761581421,0.1875,4.25,4.533333333333333,1
head|causative|object_frame_overlay_subject_visit_s00|overlay_subject_visit_s00_urd|5|slow|respond,head,causative,overlay_subject_visit_s00_urd,urd,overlay_arg_1_match,good_to_bad,resid_post_layer_20,verb_final_subtoken,8,train_anchor,8,train_anchor,8,slow,respond,head,head,freqblimp_curated,freqblimp_curated,-0.75,4.1875,1.5,4.9375,2.1944444444444446,1
head|causative|object_frame_overlay_subject_visit_s00|overlay_subject_visit_s00_urd|6|soak|die,head,causative,overlay_subject_visit_s00_urd,urd,overlay_arg_1_match,good_to_bad,resid_post_layer_20,verb_final_subtoken,8,train_anchor,8,train_anchor,8,soak,die,head,head,freqblimp_curated,freqblimp_curated,-4.0,1.1874998807907104,2.062500238418579,5.1875,0.8556701030927835,1
head|causative|object_frame_overlay_subject_visit_s00|overlay_subject_visit_s00_urd|7|burn|smile,head,causative,overlay_subject_visit_s00_urd,urd,overlay_arg_1_match,good_to_bad,resid_post_layer_20,verb_final_subtoken,8,train_anchor,8,train_anchor,8,burn,smile,head,head,freqblimp_curated,freqblimp_curated,-3.0625,4.0,1.3125,7.0625,1.6142857142857143,1
head|causative|object_frame_overlay_subject_visit_s00|overlay_subject_visit_s00_urd|9|dim|cough,head,causative,overlay_subject_visit_s00_urd,urd,overlay_arg_1_match,good_to_bad,resid_post_layer_20,verb_final_subtoken,8,train_anchor,8,train_anchor,8,dim,cough,head,head,freqblimp_curated,freqblimp_curated,-0.8125,0.9375,0.375,1.75,1.4736842105263157,1
head|causative|object_frame_overlay_subject_visit_s00|overlay_subject_visit_s00_urd|11|crack|scream,head,causative,overlay_subject_visit_s00_urd,urd,overlay_arg_1_match,good_to_bad,resid_post_layer_20,verb_final_subtoken,8,train_anchor,8,train_anchor,8,crack,scream,head,head,freqblimp_curated,freqblimp_curated,-1.0,2.562499761581421,0.9375,3.562499761581421,1.8387095543646044,1
head|causative|object_frame_overlay_subject_visit_s00|overlay_subject_visit_s00_urd|12|shut|disagree,head,causative,overlay_subject_visit_s00_urd,urd,overlay_arg_1_match,good_to_bad,resid_post_layer_20,verb_final_subtoken,8,train_anchor,8,train_anchor,8,shut,disagree,head,head,freqblimp_curated,freqblimp_curated,-1.5625,3.125,2.9375,4.6875,1.0416666666666667,1
head|causative|object_frame_overlay_subject_visit_s00|overlay_subject_visit_s00_urd|13|change|react,head,causative,overlay_subject_visit_s00_urd,urd,overlay_arg_1_match,good_to_bad,resid_post_layer_20,verb_final_subtoken,8,train_anchor,8,train_anchor,8,change,react,head,head,freqblimp_curated,freqblimp_curated,-0.8749997615814209,4.4375,1.5624998807907104,5.3125,2.1794876058505337,1
head|causative|object_frame_overlay_subject_visit_s00|overlay_subject_visit_s00_urd|15|roll|compete,head,causative,overlay_subject_visit_s00_urd,urd,overlay_arg_1_match,good_to_bad,resid_post_layer_20,verb_final_subtoken,8,train_anchor,8,train_anchor,8,roll,compete,head,head,freqblimp_curated,freqblimp_curated,1.25,2.875,0.625,1.625,-2.6,1
head|causative|object_frame_overlay_subject_visit_s00|overlay_subject_visit_s00_urd|16|turn|laugh,head,causative,overlay_subject_visit_s00_urd,urd,overlay_arg_1_match,good_to_bad,resid_post_layer_20,verb_final_subtoken,8,train_anchor,8,train_anchor,8,turn,laugh,head,head,freqblimp_curated,freqblimp_curated,-2.5,4.9375,2.374999761581421,7.4375,1.5256410256410255,1
head|causative|object_frame_overlay_subject_visit_s00|overlay_subject_visit_s00_urd|19|warp|testify,head,causative,overlay_subject_visit_s00_urd,urd,overlay_arg_1_match,good_to_bad,resid_post_layer_20,verb_final_subtoken,8,train_anchor,8,train_anchor,8,warp,testify,head,head,freqblimp_curated,freqblimp_curated,-0.5625,3.875,1.6875,4.4375,1.9722222222222223,1
head|causative|object_frame_overlay_subject_visit_s00|overlay_subject_visit_s00_urd|21|melt|appear,head,causative,overlay_subject_visit_s00_urd,urd,overlay_arg_1_match,good_to_bad,resid_post_layer_20,verb_final_subtoken,8,train_anchor,8,train_anchor,8,melt,appear,head,head,freqblimp_curated,freqblimp_curated,-2.0,1.0625,0.5625,3.0625,1.1951219512195121,1
head|causative|object_frame_overlay_subject_visit_s01|overlay_subject_visit_s01_urinator|1|warp|arrive,head,causative,overlay_subject_visit_s01_urinator,urinator,overlay_arg_1_match,good_to_bad,resid_post_layer_20,verb_final_subtoken,8,train_anchor,8,train_anchor,8,warp,arrive,head,head,freqblimp_curated,freqblimp_curated,0.1875,4.75,2.750000238418579,4.5625,1.780487639218992,1
head|causative|object_frame_overlay_subject_visit_s01|overlay_subject_visit_s01_urinator|3|twist|reply,head,causative,overlay_subject_visit_s01_urinator,urinator,overlay_arg_1_match,good_to_bad,resid_post_layer_20,verb_final_subtoken,8,train_anchor,8,train_anchor,8,twist,reply,head,head,freqblimp_curated,freqblimp_curated,1.312499761581421,6.875,5.75,5.5625,1.2535211267605635,1
head|causative|object_frame_overlay_subject_visit_s01|overlay_subject_visit_s01_urinator|4|worry|vanish,head,causative,overlay_subject_visit_s01_urinator,urinator,overlay_arg_1_match,good_to_bad,resid_post_layer_20,verb_final_subtoken,8,train_anchor,8,train_anchor,8,worry,vanish,head,head,freqblimp_curated,freqblimp_curated,-2.8125,0.375,0.625,3.1875,0.9272727272727272,1
head|causative|object_frame_overlay_subject_visit_s01|overlay_subject_visit_s01_urinator|5|bake|disagree,head,causative,overlay_subject_visit_s01_urinator,urinator,overlay_arg_1_match,good_to_bad,resid_post_layer_20,verb_final_subtoken,8,train_anchor,8,train_anchor,8,bake,disagree,head,head,freqblimp_curated,freqblimp_curated,-2.375,6.5,4.625,8.875,1.2678571428571428,1
head|causative|object_frame_overlay_subject_visit_s01|overlay_subject_visit_s01_urinator|6|roll|respond,head,causative,overlay_subject_visit_s01_urinator,urinator,overlay_arg_1_match,good_to_bad,resid_post_layer_20,verb_final_subtoken,8,train_anchor,8,train_anchor,8,roll,respond,head,head,freqblimp_curated,freqblimp_curated,0.25,8.5,5.9375,8.25,1.4505494505494505,1
head|causative|object_frame_overlay_subject_visit_s01|overlay_subject_visit_s01_urinator|9|grow|compete,head,causative,overlay_subject_visit_s01_urinator,urinator,overlay_arg_1_match,good_to_bad,resid_post_layer_20,verb_final_subtoken,8,train_anchor,8,train_anchor,8,grow,compete,head,head,freqblimp_curated,freqblimp_curated,1.4375,10.15625,3.0,8.71875,5.58,1
head|causative|object_frame_overlay_subject_visit_s01|overlay_subject_visit_s01_urinator|10|change|lie,head,causative,overlay_subject_visit_s01_urinator,urinator,overlay_arg_1_match,good_to_bad,resid_post_layer_20,verb_final_subtoken,8,train_anchor,8,train_anchor,8,change,lie,head,head,freqblimp_curated,freqblimp_curated,1.375,11.0,3.4375,9.625,4.666666666666667,1
head|causative|object_frame_overlay_subject_visit_s01|overlay_subject_visit_s01_urinator|11|fold|cry,head,causative,overlay_subject_visit_s01_urinator,urinator,overlay_arg_1_match,good_to_bad,resid_post_layer_20,verb_final_subtoken,8,train_anchor,8,train_anchor,8,fold,cry,head,head,freqblimp_curated,freqblimp_curated,-2.374999761581421,7.25,5.6875,9.625,1.193798449612403,1
head|causative|object_frame_overlay_subject_visit_s01|overlay_subject_visit_s01_urinator|12|move|struggle,head,causative,overlay_subject_visit_s01_urinator,urinator,overlay_arg_1_match,good_to_bad,resid_post_layer_20,verb_final_subtoken,8,train_anchor,8,train_anchor,8,move,struggle,head,head,freqblimp_curated,freqblimp_curated,-0.9375,7.46875,4.8125,8.40625,1.4619565217391304,1
head|causative|object_frame_overlay_subject_visit_s01|overlay_subject_visit_s01_urinator|15|turn|boast,head,causative,overlay_subject_visit_s01_urinator,urinator,overlay_arg_1_match,good_to_bad,resid_post_layer_20,verb_final_subtoken,8,train_anchor,8,train_anchor,8,turn,boast,head,head,freqblimp_curated,freqblimp_curated,2.6875,5.5625,5.8125,2.875,0.92,1
head|causative|object_frame_overlay_subject_visit_s01|overlay_subject_visit_s01_urinator|17|crash|appear,head,causative,overlay_subject_visit_s01_urinator,urinator,overlay_arg_1_match,good_to_bad,resid_post_layer_20,verb_final_subtoken,8,train_anchor,8,train_anchor,8,crash,appear,head,head,freqblimp_curated,freqblimp_curated,-0.1875,4.375,2.0,4.5625,2.085714285714286,1
head|causative|object_frame_overlay_subject_visit_s01|overlay_subject_visit_s01_urinator|18|crack|disappear,head,causative,overlay_subject_visit_s01_urinator,urinator,overlay_arg_1_match,good_to_bad,resid_post_layer_20,verb_final_subtoken,8,train_anchor,8,train_anchor,8,crack,disappear,head,head,freqblimp_curated,freqblimp_curated,-2.750000238418579,5.5625,5.125,8.3125,1.0555555555555556,1
head|causative|object_frame_overlay_subject_visit_s01|overlay_subject_visit_s01_urinator|19|slow|complain,head,causative,overlay_subject_visit_s01_urinator,urinator,overlay_arg_1_match,good_to_bad,resid_post_layer_20,verb_final_subtoken,8,train_anchor,8,train_anchor,8,slow,complain,head,head,freqblimp_curated,freqblimp_curated,0.125,5.624999523162842,4.4375,5.499999523162842,1.2753622082696445,1
head|causative|object_frame_overlay_subject_visit_s01|overlay_subject_visit_s01_urinator|20|accelerate|chat,head,causative,overlay_subject_visit_s01_urinator,urinator,overlay_arg_1_match,good_to_bad,resid_post_layer_20,verb_final_subtoken,8,train_anchor,8,train_anchor,8,accelerate,chat,head,head,freqblimp_curated,freqblimp_curated,1.0,12.140625,4.3125,11.140625,3.3632075471698113,1
head|causative|object_frame_overlay_subject_visit_s01|overlay_subject_visit_s01_urinator|21|shrink|smile,head,causative,overlay_subject_visit_s01_urinator,urinator,overlay_arg_1_match,good_to_bad,resid_post_layer_20,verb_final_subtoken,8,train_anchor,8,train_anchor,8,shrink,smile,head,head,freqblimp_curated,freqblimp_curated,-2.1875,6.0,2.4375,8.1875,1.7702702702702702,1
head|causative|object_frame_overlay_subject_visit_s03|overlay_subject_visit_s03_urth|1|accelerate|disappear,head,causative,overlay_subject_visit_s03_urth,urth,overlay_arg_1_match,good_to_bad,resid_post_layer_20,verb_final_subtoken,8,train_anchor,8,train_anchor,8,accelerate,disappear,head,head,freqblimp_curated,freqblimp_curated,-4.1875,3.0,1.4375,7.1875,1.2777777777777777,1
head|causative|object_frame_overlay_subject_visit_s03|overlay_subject_visit_s03_urth|2|warp|struggle,head,causative,overlay_subject_visit_s03_urth,urth,overlay_arg_1_match,good_to_bad,resid_post_layer_20,verb_final_subtoken,8,train_anchor,8,train_anchor,8,warp,struggle,head,head,freqblimp_curated,freqblimp_curated,-1.5625,2.0,1.0625,3.5625,1.3571428571428572,1
head|causative|object_frame_overlay_subject_visit_s03|overlay_subject_visit_s03_urth|3|shrink|appear,head,causative,overlay_subject_visit_s03_urth,urth,overlay_arg_1_match,good_to_bad,resid_post_layer_20,verb_final_subtoken,8,train_anchor,8,train_anchor,8,shrink,appear,head,head,freqblimp_curated,freqblimp_curated,-1.812499761581421,-0.9375,-2.062500238418579,0.8749997615814209,-3.4999923706200207,0
head|causative|object_frame_overlay_subject_visit_s03|overlay_subject_visit_s03_urth|4|grow|compete,head,causative,overlay_subject_visit_s03_urth,urth,overlay_arg_1_match,good_to_bad,resid_post_layer_20,verb_final_subtoken,8,train_anchor,8,train_anchor,8,grow,compete,head,head,freqblimp_curated,freqblimp_curated,1.374999761581421,2.562499761581421,-1.5625,1.1875,-0.4042553519598252,1
head|causative|object_frame_overlay_subject_visit_s03|overlay_subject_visit_s03_urth|5|melt|cough,head,causative,overlay_subject_visit_s03_urth,urth,overlay_arg_1_match,good_to_bad,resid_post_layer_20,verb_final_subtoken,8,train_anchor,8,train_anchor,8,melt,cough,head,head,freqblimp_curated,freqblimp_curated,-0.4375002384185791,0.0,-1.187499761581421,0.4375002384185791,-0.5833340220985553,0
head|causative|object_frame_overlay_subject_visit_s03|overlay_subject_visit_s03_urth|7|benefit|respond,head,causative,overlay_subject_visit_s03_urth,urth,overlay_arg_1_match,good_to_bad,resid_post_layer_20,verb_final_subtoken,8,train_anchor,8,train_anchor,8,benefit,respond,head,head,freqblimp_curated,freqblimp_curated,-0.6875,4.5625,1.4375,5.25,2.4705882352941178,1
head|causative|object_frame_overlay_subject_visit_s03|overlay_subject_visit_s03_urth|8|shut|arrive,head,causative,overlay_subject_visit_s03_urth,urth,overlay_arg_1_match,good_to_bad,resid_post_layer_20,verb_final_subtoken,8,train_anchor,8,train_anchor,8,shut,arrive,head,head,freqblimp_curated,freqblimp_curated,-0.7499997615814209,1.4375,0.9375,2.187499761581421,1.2962963381585493,1
head|causative|object_frame_overlay_subject_visit_s03|overlay_subject_visit_s03_urth|10|soak|scream,head,causative,overlay_subject_visit_s03_urth,urth,overlay_arg_1_match,good_to_bad,resid_post_layer_20,verb_final_subtoken,8,train_anchor,8,train_anchor,8,soak,scream,head,head,freqblimp_curated,freqblimp_curated,-0.875,2.437500238418579,1.5625,3.312500238418579,1.3589744567871094,1
head|causative|object_frame_overlay_subject_visit_s03|overlay_subject_visit_s03_urth|13|stretch|boast,head,causative,overlay_subject_visit_s03_urth,urth,overlay_arg_1_match,good_to_bad,resid_post_layer_20,verb_final_subtoken,8,train_anchor,8,train_anchor,8,stretch,boast,head,head,freqblimp_curated,freqblimp_curated,2.6875,1.3125,1.1875,-1.375,0.9166666666666666,1
head|causative|object_frame_overlay_subject_visit_s03|overlay_subject_visit_s03_urth|14|roll|chat,head,causative,overlay_subject_visit_s03_urth,urth,overlay_arg_1_match,good_to_bad,resid_post_layer_20,verb_final_subtoken,8,train_anchor,8,train_anchor,8,roll,chat,head,head,freqblimp_curated,freqblimp_curated,-1.5,2.875000238418579,-0.5625,4.375,4.666666666666667,1
head|causative|object_frame_overlay_subject_visit_s03|overlay_subject_visit_s03_urth|16|dry|react,head,causative,overlay_subject_visit_s03_urth,urth,overlay_arg_1_match,good_to_bad,resid_post_layer_20,verb_final_subtoken,8,train_anchor,8,train_anchor,8,dry,react,head,head,freqblimp_curated,freqblimp_curated,-1.0,0.8125,-1.3125,1.8125,-5.8,1
head|causative|object_frame_overlay_subject_visit_s03|overlay_subject_visit_s03_urth|17|crack|lie,head,causative,overlay_subject_visit_s03_urth,urth,overlay_arg_1_match,good_to_bad,resid_post_layer_20,verb_final_subtoken,8,train_anchor,8,train_anchor,8,crack,lie,head,head,freqblimp_curated,freqblimp_curated,0.125,1.75,0.1875,1.625,26.0,1
head|causative|object_frame_overlay_subject_visit_s03|overlay_subject_visit_s03_urth|18|chip|die,head,causative,overlay_subject_visit_s03_urth,urth,overlay_arg_1_match,good_to_bad,resid_post_layer_20,verb_final_subtoken,8,train_anchor,8,train_anchor,8,chip,die,head,head,freqblimp_curated,freqblimp_curated,-3.875000238418579,0.5625,1.249999761581421,4.4375,0.8658536585365854,1
head|causative|object_frame_overlay_subject_visit_s03|overlay_subject_visit_s03_urth|19|stop|reply,head,causative,overlay_subject_visit_s03_urth,urth,overlay_arg_1_match,good_to_bad,resid_post_layer_20,verb_final_subtoken,8,train_anchor,8,train_anchor,8,stop,reply,head,head,freqblimp_curated,freqblimp_curated,0.25,2.25,0.2500002384185791,2.0,8388608.0,1
head|causative|object_frame_overlay_subject_visit_s03|overlay_subject_visit_s03_urth|20|close|vanish,head,causative,overlay_subject_visit_s03_urth,urth,overlay_arg_1_match,good_to_bad,resid_post_layer_20,verb_final_subtoken,8,train_anchor,8,train_anchor,8,close,vanish,head,head,freqblimp_curated,freqblimp_curated,-4.5,-0.25,0.125,4.25,0.918918918918919,0
head|causative|object_frame_overlay_subject_visit_s03|overlay_subject_visit_s03_urth|21|move|smile,head,causative,overlay_subject_visit_s03_urth,urth,overlay_arg_1_match,good_to_bad,resid_post_layer_20,verb_final_subtoken,8,train_anchor,8,train_anchor,8,move,smile,head,head,freqblimp_curated,freqblimp_curated,-2.625,3.25,1.9375,5.875,1.2876712328767124,1
head|causative|object_frame_overlay_subject_check_s00|overlay_subject_check_s00_raftsman|0|burn|boast,head,causative,overlay_subject_check_s00_raftsman,raftsman,overlay_arg_1_match,good_to_bad,resid_post_layer_20,verb_final_subtoken,9,train_anchor,9,train_anchor,9,burn,boast,head,head,freqblimp_curated,freqblimp_curated,2.062500238418579,9.125,7.5,7.0625,1.2988505747126438,1
head|causative|object_frame_overlay_subject_check_s00|overlay_subject_check_s00_raftsman|1|shrink|disagree,head,causative,overlay_subject_check_s00_raftsman,raftsman,overlay_arg_1_match,good_to_bad,resid_post_layer_20,verb_final_subtoken,9,train_anchor,9,train_anchor,9,shrink,disagree,head,head,freqblimp_curated,freqblimp_curated,-0.375,8.96875,5.8125,9.34375,1.5101010101010102,1
head|causative|object_frame_overlay_subject_check_s00|overlay_subject_check_s00_raftsman|2|stop|disappear,head,causative,overlay_subject_check_s00_raftsman,raftsman,overlay_arg_1_match,good_to_bad,resid_post_layer_20,verb_final_subtoken,9,train_anchor,9,train_anchor,9,stop,disappear,head,head,freqblimp_curated,freqblimp_curated,-1.5625,7.687499523162842,5.375,9.25,1.3333333333333333,1
head|causative|object_frame_overlay_subject_check_s00|overlay_subject_check_s00_raftsman|4|roll|respond,head,causative,overlay_subject_check_s00_raftsman,raftsman,overlay_arg_1_match,good_to_bad,resid_post_layer_20,verb_final_subtoken,9,train_anchor,9,train_anchor,9,roll,respond,head,head,freqblimp_curated,freqblimp_curated,-0.25,11.375,8.375,11.625,1.3478260869565217,1
head|causative|object_frame_overlay_subject_check_s00|overlay_subject_check_s00_raftsman|5|crack|testify,head,causative,overlay_subject_check_s00_raftsman,raftsman,overlay_arg_1_match,good_to_bad,resid_post_layer_20,verb_final_subtoken,9,train_anchor,9,train_anchor,9,crack,testify,head,head,freqblimp_curated,freqblimp_curated,0.75,10.84375,8.40625,10.09375,1.3183673469387756,1
head|causative|object_frame_overlay_subject_check_s00|overlay_subject_check_s00_raftsman|6|fold|die,head,causative,overlay_subject_check_s00_raftsman,raftsman,overlay_arg_1_match,good_to_bad,resid_post_layer_20,verb_final_subtoken,9,train_anchor,9,train_anchor,9,fold,die,head,head,freqblimp_curated,freqblimp_curated,-2.375,6.9375,7.375000476837158,9.3125,0.9551282051282052,1
head|causative|object_frame_overlay_subject_check_s00|overlay_subject_check_s00_raftsman|7|slow|lie,head,causative,overlay_subject_check_s00_raftsman,raftsman,overlay_arg_1_match,good_to_bad,resid_post_layer_20,verb_final_subtoken,9,train_anchor,9,train_anchor,9,slow,lie,head,head,freqblimp_curated,freqblimp_curated,1.9375,10.125,7.187499523162842,8.1875,1.5595239511693275,1
head|causative|object_frame_overlay_subject_check_s00|overlay_subject_check_s00_raftsman|8|worry|chat,head,causative,overlay_subject_check_s00_raftsman,raftsman,overlay_arg_1_match,good_to_bad,resid_post_layer_20,verb_final_subtoken,9,train_anchor,9,train_anchor,9,worry,chat,head,head,freqblimp_curated,freqblimp_curated,1.5625,6.718750476837158,1.4375,5.156250476837158,-41.250003814697266,1
head|causative|object_frame_overlay_subject_check_s00|overlay_subject_check_s00_raftsman|10|benefit|compete,head,causative,overlay_subject_check_s00_raftsman,raftsman,overlay_arg_1_match,good_to_bad,resid_post_layer_20,verb_final_subtoken,9,train_anchor,9,train_anchor,9,benefit,compete,head,head,freqblimp_curated,freqblimp_curated,0.9375,5.437499523162842,1.499999761581421,4.499999523162842,8.000002543132588,1
head|causative|object_frame_overlay_subject_check_s00|overlay_subject_check_s00_raftsman|11|shut|cry,head,causative,overlay_subject_check_s00_raftsman,raftsman,overlay_arg_1_match,good_to_bad,resid_post_layer_20,verb_final_subtoken,9,train_anchor,9,train_anchor,9,shut,cry,head,head,freqblimp_curated,freqblimp_curated,1.6875,10.34375,8.96875,8.65625,1.1888412017167382,1
head|causative|object_frame_overlay_subject_check_s00|overlay_subject_check_s00_raftsman|12|open|scream,head,causative,overlay_subject_check_s00_raftsman,raftsman,overlay_arg_1_match,good_to_bad,resid_post_layer_20,verb_final_subtoken,9,train_anchor,9,train_anchor,9,open,scream,head,head,freqblimp_curated,freqblimp_curated,0.3125,13.8125,9.875,13.5,1.411764705882353,1
head|causative|object_frame_overlay_subject_check_s00|overlay_subject_check_s00_raftsman|13|grow|struggle,head,causative,overlay_subject_check_s00_raftsman,raftsman,overlay_arg_1_match,good_to_bad,resid_post_layer_20,verb_final_subtoken,9,train_anchor,9,train_anchor,9,grow,struggle,head,head,freqblimp_curated,freqblimp_curated,-0.125,8.8125,4.5,8.9375,1.9324324324324325,1
head|causative|object_frame_overlay_subject_check_s00|overlay_subject_check_s00_raftsman|14|change|complain,head,causative,overlay_subject_check_s00_raftsman,raftsman,overlay_arg_1_match,good_to_bad,resid_post_layer_20,verb_final_subtoken,9,train_anchor,9,train_anchor,9,change,complain,head,head,freqblimp_curated,freqblimp_curated,0.0,9.4375,6.25,9.4375,1.51,1
head|causative|object_frame_overlay_subject_check_s00|overlay_subject_check_s00_raftsman|15|close|laugh,head,causative,overlay_subject_check_s00_raftsman,raftsman,overlay_arg_1_match,good_to_bad,resid_post_layer_20,verb_final_subtoken,9,train_anchor,9,train_anchor,9,close,laugh,head,head,freqblimp_curated,freqblimp_curated,-2.624999761581421,13.4375,8.75,16.0625,1.4120879120879122,1
head|causative|object_frame_overlay_subject_check_s00|overlay_subject_check_s00_raftsman|16|move|arrive,head,causative,overlay_subject_check_s00_raftsman,raftsman,overlay_arg_1_match,good_to_bad,resid_post_layer_20,verb_final_subtoken,9,train_anchor,9,train_anchor,9,move,arrive,head,head,freqblimp_curated,freqblimp_curated,-2.375,10.0625,7.96875,12.4375,1.202416918429003,1
head|causative|object_frame_overlay_subject_check_s00|overlay_subject_check_s00_raftsman|17|melt|smile,head,causative,overlay_subject_check_s00_raftsman,raftsman,overlay_arg_1_match,good_to_bad,resid_post_layer_20,verb_final_subtoken,9,train_anchor,9,train_anchor,9,melt,smile,head,head,freqblimp_curated,freqblimp_curated,-1.8125,11.90625,7.906249523162842,13.71875,1.4115755627009647,1
head|causative|object_frame_overlay_subject_check_s00|overlay_subject_check_s00_raftsman|18|awaken|reply,head,causative,overlay_subject_check_s00_raftsman,raftsman,overlay_arg_1_match,good_to_bad,resid_post_layer_20,verb_final_subtoken,9,train_anchor,9,train_anchor,9,awaken,reply,head,head,freqblimp_curated,freqblimp_curated,0.875,10.1875,4.1875,9.3125,2.811320754716981,1
head|causative|object_frame_overlay_subject_check_s00|overlay_subject_check_s00_raftsman|19|crash|exist,head,causative,overlay_subject_check_s00_raftsman,raftsman,overlay_arg_1_match,good_to_bad,resid_post_layer_20,verb_final_subtoken,9,train_anchor,9,train_anchor,9,crash,exist,head,head,freqblimp_curated,freqblimp_curated,-0.0625,6.0,5.375,6.0625,1.1149425287356323,1
head|causative|object_frame_overlay_subject_check_s00|overlay_subject_check_s00_raftsman|20|warp|vanish,head,causative,overlay_subject_check_s00_raftsman,raftsman,overlay_arg_1_match,good_to_bad,resid_post_layer_20,verb_final_subtoken,9,train_anchor,9,train_anchor,9,warp,vanish,head,head,freqblimp_curated,freqblimp_curated,-1.1875,6.4375,6.3125,7.625,1.0166666666666666,1
head|causative|object_frame_overlay_subject_check_s03|overlay_subject_check_s03_ragsorter|0|crash|complain,head,causative,overlay_subject_check_s03_ragsorter,ragsorter,overlay_arg_1_match,good_to_bad,resid_post_layer_20,verb_final_subtoken,9,train_anchor,9,train_anchor,9,crash,complain,head,head,freqblimp_curated,freqblimp_curated,0.0,5.0,2.5,5.0,2.0,1
head|causative|object_frame_overlay_subject_check_s03|overlay_subject_check_s03_ragsorter|1|roll|smile,head,causative,overlay_subject_check_s03_ragsorter,ragsorter,overlay_arg_1_match,good_to_bad,resid_post_layer_20,verb_final_subtoken,9,train_anchor,9,train_anchor,9,roll,smile,head,head,freqblimp_curated,freqblimp_curated,-2.1875,10.4375,7.0625,12.625,1.364864864864865,1
head|causative|object_frame_overlay_subject_check_s03|overlay_subject_check_s03_ragsorter|2|stretch|disappear,head,causative,overlay_subject_check_s03_ragsorter,ragsorter,overlay_arg_1_match,good_to_bad,resid_post_layer_20,verb_final_subtoken,9,train_anchor,9,train_anchor,9,stretch,disappear,head,head,freqblimp_curated,freqblimp_curated,-1.5625,8.03125,6.875,9.59375,1.137037037037037,1
head|causative|object_frame_overlay_subject_check_s03|overlay_subject_check_s03_ragsorter|3|slow|compete,head,causative,overlay_subject_check_s03_ragsorter,ragsorter,overlay_arg_1_match,good_to_bad,resid_post_layer_20,verb_final_subtoken,9,train_anchor,9,train_anchor,9,slow,compete,head,head,freqblimp_curated,freqblimp_curated,0.5,8.46875,4.75,7.96875,1.875,1
head|causative|object_frame_overlay_subject_check_s03|overlay_subject_check_s03_ragsorter|4|move|testify,head,causative,overlay_subject_check_s03_ragsorter,ragsorter,overlay_arg_1_match,good_to_bad,resid_post_layer_20,verb_final_subtoken,9,train_anchor,9,train_anchor,9,move,testify,head,head,freqblimp_curated,freqblimp_curated,0.375,8.78125,7.187500476837158,8.40625,1.2339448677591538,1
head|causative|object_frame_overlay_subject_check_s03|overlay_subject_check_s03_ragsorter|5|worry|struggle,head,causative,overlay_subject_check_s03_ragsorter,ragsorter,overlay_arg_1_match,good_to_bad,resid_post_layer_20,verb_final_subtoken,9,train_anchor,9,train_anchor,9,worry,struggle,head,head,freqblimp_curated,freqblimp_curated,-1.0,3.812499761581421,2.125,4.8125,1.54,1
head|causative|object_frame_overlay_subject_check_s03|overlay_subject_check_s03_ragsorter|6|bake|appear,head,causative,overlay_subject_check_s03_ragsorter,ragsorter,overlay_arg_1_match,good_to_bad,resid_post_layer_20,verb_final_subtoken,9,train_anchor,9,train_anchor,9,bake,appear,head,head,freqblimp_curated,freqblimp_curated,-1.125,7.281249523162842,5.0,8.40625,1.3724489795918366,1
head|causative|object_frame_overlay_subject_check_s03|overlay_subject_check_s03_ragsorter|7|burn|respond,head,causative,overlay_subject_check_s03_ragsorter,ragsorter,overlay_arg_1_match,good_to_bad,resid_post_layer_20,verb_final_subtoken,9,train_anchor,9,train_anchor,9,burn,respond,head,head,freqblimp_curated,freqblimp_curated,-0.0625,10.21875,6.0,10.28125,1.6958762886597938,1
head|causative|object_frame_overlay_subject_check_s03|overlay_subject_check_s03_ragsorter|8|soak|chat,head,causative,overlay_subject_check_s03_ragsorter,ragsorter,overlay_arg_1_match,good_to_bad,resid_post_layer_20,verb_final_subtoken,9,train_anchor,9,train_anchor,9,soak,chat,head,head,freqblimp_curated,freqblimp_curated,0.1875,11.984375,6.875,11.796875,1.764018691588785,1
head|causative|object_frame_overlay_subject_check_s03|overlay_subject_check_s03_ragsorter|9|accelerate|vanish,head,causative,overlay_subject_check_s03_ragsorter,ragsorter,overlay_arg_1_match,good_to_bad,resid_post_layer_20,verb_final_subtoken,9,train_anchor,9,train_anchor,9,accelerate,vanish,head,head,freqblimp_curated,freqblimp_curated,-1.312500238418579,3.25,3.6875,4.5625,0.9125,1
head|causative|object_frame_overlay_subject_check_s03|overlay_subject_check_s03_ragsorter|10|close|react,head,causative,overlay_subject_check_s03_ragsorter,ragsorter,overlay_arg_1_match,good_to_bad,resid_post_layer_20,verb_final_subtoken,9,train_anchor,9,train_anchor,9,close,react,head,head,freqblimp_curated,freqblimp_curated,0.3125,12.921875,7.687500476837158,12.609375,1.7097456521667447,1
head|causative|object_frame_overlay_subject_check_s03|overlay_subject_check_s03_ragsorter|13|dim|arrive,head,causative,overlay_subject_check_s03_ragsorter,ragsorter,overlay_arg_1_match,good_to_bad,resid_post_layer_20,verb_final_subtoken,9,train_anchor,9,train_anchor,9,dim,arrive,head,head,freqblimp_curated,freqblimp_curated,-2.0,6.1875,5.5,8.1875,1.0916666666666666,1
head|causative|object_frame_overlay_subject_check_s03|overlay_subject_check_s03_ragsorter|14|melt|exist,head,causative,overlay_subject_check_s03_ragsorter,ragsorter,overlay_arg_1_match,good_to_bad,resid_post_layer_20,verb_final_subtoken,9,train_anchor,9,train_anchor,9,melt,exist,head,head,freqblimp_curated,freqblimp_curated,0.125,6.75,5.3125,6.625,1.2771084337349397,1
head|causative|object_frame_overlay_subject_check_s03|overlay_subject_check_s03_ragsorter|15|dry|disagree,head,causative,overlay_subject_check_s03_ragsorter,ragsorter,overlay_arg_1_match,good_to_bad,resid_post_layer_20,verb_final_subtoken,9,train_anchor,9,train_anchor,9,dry,disagree,head,head,freqblimp_curated,freqblimp_curated,-0.625,9.1875,5.4375,9.8125,1.6185567010309279,1
head|causative|object_frame_overlay_subject_check_s03|overlay_subject_check_s03_ragsorter|17|freeze|reply,head,causative,overlay_subject_check_s03_ragsorter,ragsorter,overlay_arg_1_match,good_to_bad,resid_post_layer_20,verb_final_subtoken,9,train_anchor,9,train_anchor,9,freeze,reply,head,head,freqblimp_curated,freqblimp_curated,1.1875,7.8125,4.3125,6.625,2.12,1
head|causative|object_frame_overlay_subject_check_s03|overlay_subject_check_s03_ragsorter|18|open|scream,head,causative,overlay_subject_check_s03_ragsorter,ragsorter,overlay_arg_1_match,good_to_bad,resid_post_layer_20,verb_final_subtoken,9,train_anchor,9,train_anchor,9,open,scream,head,head,freqblimp_curated,freqblimp_curated,-0.5625,12.1875,7.874999523162842,12.75,1.511111111111111,1
head|causative|object_frame_overlay_subject_check_s03|overlay_subject_check_s03_ragsorter|19|warp|laugh,head,causative,overlay_subject_check_s03_ragsorter,ragsorter,overlay_arg_1_match,good_to_bad,resid_post_layer_20,verb_final_subtoken,9,train_anchor,9,train_anchor,9,warp,laugh,head,head,freqblimp_curated,freqblimp_curated,-2.9375,11.0,5.5,13.9375,1.651851851851852,1
head|causative|object_frame_overlay_subject_check_s03|overlay_subject_check_s03_ragsorter|20|fold|boast,head,causative,overlay_subject_check_s03_ragsorter,ragsorter,overlay_arg_1_match,good_to_bad,resid_post_layer_20,verb_final_subtoken,9,train_anchor,9,train_anchor,9,fold,boast,head,head,freqblimp_curated,freqblimp_curated,2.624999761581421,7.343749523162842,6.8125,4.71875,1.126865671641791,1
head|causative|object_frame_overlay_subject_check_s03|overlay_subject_check_s03_ragsorter|21|stop|lie,head,causative,overlay_subject_check_s03_ragsorter,ragsorter,overlay_arg_1_match,good_to_bad,resid_post_layer_20,verb_final_subtoken,9,train_anchor,9,train_anchor,9,stop,lie,head,head,freqblimp_curated,freqblimp_curated,1.8125,9.6875,4.0625,7.875,3.5,1
head|causative|object_frame_overlay_subject_trial_s02|overlay_subject_trial_s02_neuroscientist|0|chip|respond,head,causative,overlay_subject_trial_s02_neuroscientist,neuroscientist,overlay_arg_1_match,good_to_bad,resid_post_layer_20,verb_final_subtoken,9,train_anchor,9,train_anchor,9,chip,respond,head,head,freqblimp_curated,freqblimp_curated,-1.1875,8.71875,5.53125,9.90625,1.4744186046511627,1
head|causative|object_frame_overlay_subject_trial_s02|overlay_subject_trial_s02_neuroscientist|1|dim|react,head,causative,overlay_subject_trial_s02_neuroscientist,neuroscientist,overlay_arg_1_match,good_to_bad,resid_post_layer_20,verb_final_subtoken,9,train_anchor,9,train_anchor,9,dim,react,head,head,freqblimp_curated,freqblimp_curated,1.0,12.453125,6.9375,11.453125,1.9289473684210525,1
head|causative|object_frame_overlay_subject_trial_s02|overlay_subject_trial_s02_neuroscientist|2|roll|complain,head,causative,overlay_subject_trial_s02_neuroscientist,neuroscientist,overlay_arg_1_match,good_to_bad,resid_post_layer_20,verb_final_subtoken,9,train_anchor,9,train_anchor,9,roll,complain,head,head,freqblimp_curated,freqblimp_curated,0.625,8.6875,7.0625,8.0625,1.2524271844660195,1
head|causative|object_frame_overlay_subject_trial_s02|overlay_subject_trial_s02_neuroscientist|3|move|lie,head,causative,overlay_subject_trial_s02_neuroscientist,neuroscientist,overlay_arg_1_match,good_to_bad,resid_post_layer_20,verb_final_subtoken,9,train_anchor,9,train_anchor,9,move,lie,head,head,freqblimp_curated,freqblimp_curated,-2.562500238418579,8.96875,6.75,11.53125,1.238255033557047,1
head|causative|object_frame_overlay_subject_trial_s02|overlay_subject_trial_s02_neuroscientist|4|bake|laugh,head,causative,overlay_subject_trial_s02_neuroscientist,neuroscientist,overlay_arg_1_match,good_to_bad,resid_post_layer_20,verb_final_subtoken,9,train_anchor,9,train_anchor,9,bake,laugh,head,head,freqblimp_curated,freqblimp_curated,-1.125,11.890625,6.312500476837158,13.015625,1.7499998878030287,1
head|causative|object_frame_overlay_subject_trial_s02|overlay_subject_trial_s02_neuroscientist|6|freeze|reply,head,causative,overlay_subject_trial_s02_neuroscientist,neuroscientist,overlay_arg_1_match,good_to_bad,resid_post_layer_20,verb_final_subtoken,9,train_anchor,9,train_anchor,9,freeze,reply,head,head,freqblimp_curated,freqblimp_curated,-0.25,10.875,7.281249523162842,11.125,1.4771785167633005,1
head|causative|object_frame_overlay_subject_trial_s02|overlay_subject_trial_s02_neuroscientist|7|warp|chat,head,causative,overlay_subject_trial_s02_neuroscientist,neuroscientist,overlay_arg_1_match,good_to_bad,resid_post_layer_20,verb_final_subtoken,9,train_anchor,9,train_anchor,9,warp,chat,head,head,freqblimp_curated,freqblimp_curated,1.8124995231628418,17.125,6.1875,15.3125,3.499999618530315,1
head|causative|object_frame_overlay_subject_trial_s02|overlay_subject_trial_s02_neuroscientist|8|change|vanish,head,causative,overlay_subject_trial_s02_neuroscientist,neuroscientist,overlay_arg_1_match,good_to_bad,resid_post_layer_20,verb_final_subtoken,9,train_anchor,9,train_anchor,9,change,vanish,head,head,freqblimp_curated,freqblimp_curated,-1.312499761581421,8.0625,7.374999523162842,9.375,1.0791368091102227,1
head|causative|object_frame_overlay_subject_trial_s02|overlay_subject_trial_s02_neuroscientist|9|twist|smile,head,causative,overlay_subject_trial_s02_neuroscientist,neuroscientist,overlay_arg_1_match,good_to_bad,resid_post_layer_20,verb_final_subtoken,9,train_anchor,9,train_anchor,9,twist,smile,head,head,freqblimp_curated,freqblimp_curated,-1.125,13.09375,7.125,14.21875,1.7234848484848484,1
head|causative|object_frame_overlay_subject_trial_s02|overlay_subject_trial_s02_neuroscientist|10|crash|cry,head,causative,overlay_subject_trial_s02_neuroscientist,neuroscientist,overlay_arg_1_match,good_to_bad,resid_post_layer_20,verb_final_subtoken,9,train_anchor,9,train_anchor,9,crash,cry,head,head,freqblimp_curated,freqblimp_curated,-0.25,9.125,6.09375,9.375,1.477832512315271,1
head|causative|object_frame_overlay_subject_trial_s02|overlay_subject_trial_s02_neuroscientist|11|open|testify,head,causative,overlay_subject_trial_s02_neuroscientist,neuroscientist,overlay_arg_1_match,good_to_bad,resid_post_layer_20,verb_final_subtoken,9,train_anchor,9,train_anchor,9,open,testify,head,head,freqblimp_curated,freqblimp_curated,0.375,12.46875,7.78125,12.09375,1.6329113924050633,1
head|causative|object_frame_overlay_subject_trial_s02|overlay_subject_trial_s02_neuroscientist|12|grow|disappear,head,causative,overlay_subject_trial_s02_neuroscientist,neuroscientist,overlay_arg_1_match,good_to_bad,resid_post_layer_20,verb_final_subtoken,9,train_anchor,9,train_anchor,9,grow,disappear,head,head,freqblimp_curated,freqblimp_curated,-1.6875,7.3125,6.84375,9.0,1.054945054945055,1
head|causative|object_frame_overlay_subject_trial_s02|overlay_subject_trial_s02_neuroscientist|13|drop|struggle,head,causative,overlay_subject_trial_s02_neuroscientist,neuroscientist,overlay_arg_1_match,good_to_bad,resid_post_layer_20,verb_final_subtoken,9,train_anchor,9,train_anchor,9,drop,struggle,head,head,freqblimp_curated,freqblimp_curated,-1.25,12.71875,8.5625,13.96875,1.4235668789808917,1
head|causative|object_frame_overlay_subject_trial_s02|overlay_subject_trial_s02_neuroscientist|15|soak|disagree,head,causative,overlay_subject_trial_s02_neuroscientist,neuroscientist,overlay_arg_1_match,good_to_bad,resid_post_layer_20,verb_final_subtoken,9,train_anchor,9,train_anchor,9,soak,disagree,head,head,freqblimp_curated,freqblimp_curated,-3.125,10.1875,7.218749523162842,13.3125,1.2870090634441087,1
head|causative|object_frame_overlay_subject_trial_s02|overlay_subject_trial_s02_neuroscientist|17|crack|compete,head,causative,overlay_subject_trial_s02_neuroscientist,neuroscientist,overlay_arg_1_match,good_to_bad,resid_post_layer_20,verb_final_subtoken,9,train_anchor,9,train_anchor,9,crack,compete,head,head,freqblimp_curated,freqblimp_curated,3.25,11.578125,7.40625,8.328125,2.0037593984962405,1
head|causative|object_frame_overlay_subject_trial_s02|overlay_subject_trial_s02_neuroscientist|18|shrink|scream,head,causative,overlay_subject_trial_s02_neuroscientist,neuroscientist,overlay_arg_1_match,good_to_bad,resid_post_layer_20,verb_final_subtoken,9,train_anchor,9,train_anchor,9,shrink,scream,head,head,freqblimp_curated,freqblimp_curated,-0.1875,8.71875,6.3125,8.90625,1.3701923076923077,1
head|causative|object_frame_overlay_subject_trial_s02|overlay_subject_trial_s02_neuroscientist|19|slow|boast,head,causative,overlay_subject_trial_s02_neuroscientist,neuroscientist,overlay_arg_1_match,good_to_bad,resid_post_layer_20,verb_final_subtoken,9,train_anchor,9,train_anchor,9,slow,boast,head,head,freqblimp_curated,freqblimp_curated,2.937500238418579,8.59375,7.59375,5.65625,1.2147651006711409,1
head|causative|object_frame_overlay_subject_trial_s02|overlay_subject_trial_s02_neuroscientist|21|accelerate|die,head,causative,overlay_subject_trial_s02_neuroscientist,neuroscientist,overlay_arg_1_match,good_to_bad,resid_post_layer_20,verb_final_subtoken,9,train_anchor,9,train_anchor,9,accelerate,die,head,head,freqblimp_curated,freqblimp_curated,-2.25,11.734375,7.34375,13.984375,1.4576547231270358,1
head|causative|object_frame_overlay_subject_trial_s03|overlay_subject_trial_s03_neurosurgeon|1|crack|arrive,head,causative,overlay_subject_trial_s03_neurosurgeon,neurosurgeon,overlay_arg_1_match,good_to_bad,resid_post_layer_20,verb_final_subtoken,9,train_anchor,9,train_anchor,9,crack,arrive,head,head,freqblimp_curated,freqblimp_curated,-0.8125,9.6875,7.96875,10.5,1.195729537366548,1
head|causative|object_frame_overlay_subject_trial_s03|overlay_subject_trial_s03_neurosurgeon|2|dim|struggle,head,causative,overlay_subject_trial_s03_neurosurgeon,neurosurgeon,overlay_arg_1_match,good_to_bad,resid_post_layer_20,verb_final_subtoken,9,train_anchor,9,train_anchor,9,dim,struggle,head,head,freqblimp_curated,freqblimp_curated,-1.0625,10.9375,6.9375,12.0,1.5,1
head|causative|object_frame_overlay_subject_trial_s03|overlay_subject_trial_s03_neurosurgeon|4|move|smile,head,causative,overlay_subject_trial_s03_neurosurgeon,neurosurgeon,overlay_arg_1_match,good_to_bad,resid_post_layer_20,verb_final_subtoken,9,train_anchor,9,train_anchor,9,move,smile,head,head,freqblimp_curated,freqblimp_curated,-1.0,13.140625,7.593750476837158,14.140625,1.6454545454545455,1
head|causative|object_frame_overlay_subject_trial_s03|overlay_subject_trial_s03_neurosurgeon|5|shut|reply,head,causative,overlay_subject_trial_s03_neurosurgeon,neurosurgeon,overlay_arg_1_match,good_to_bad,resid_post_layer_20,verb_final_subtoken,9,train_anchor,9,train_anchor,9,shut,reply,head,head,freqblimp_curated,freqblimp_curated,1.5,8.6875,7.90625,7.1875,1.1219512195121952,1
head|causative|object_frame_overlay_subject_trial_s03|overlay_subject_trial_s03_neurosurgeon|6|warp|cry,head,causative,overlay_subject_trial_s03_neurosurgeon,neurosurgeon,overlay_arg_1_match,good_to_bad,resid_post_layer_20,verb_final_subtoken,9,train_anchor,9,train_anchor,9,warp,cry,head,head,freqblimp_curated,freqblimp_curated,2.6875,16.703125,7.499999523162842,14.015625,2.912337950900977,1
head|causative|object_frame_overlay_subject_trial_s03|overlay_subject_trial_s03_neurosurgeon|7|soak|disagree,head,causative,overlay_subject_trial_s03_neurosurgeon,neurosurgeon,overlay_arg_1_match,good_to_bad,resid_post_layer_20,verb_final_subtoken,9,train_anchor,9,train_anchor,9,soak,disagree,head,head,freqblimp_curated,freqblimp_curated,-2.25,13.078125,8.84375,15.328125,1.3816901408450704,1
head|causative|object_frame_overlay_subject_trial_s03|overlay_subject_trial_s03_neurosurgeon|8|drop|boast,head,causative,overlay_subject_trial_s03_neurosurgeon,neurosurgeon,overlay_arg_1_match,good_to_bad,resid_post_layer_20,verb_final_subtoken,9,train_anchor,9,train_anchor,9,drop,boast,head,head,freqblimp_curated,freqblimp_curated,2.0625,10.6875,9.125,8.625,1.2212389380530972,1
head|causative|object_frame_overlay_subject_trial_s03|overlay_subject_trial_s03_neurosurgeon|10|chip|chat,head,causative,overlay_subject_trial_s03_neurosurgeon,neurosurgeon,overlay_arg_1_match,good_to_bad,resid_post_layer_20,verb_final_subtoken,9,train_anchor,9,train_anchor,9,chip,chat,head,head,freqblimp_curated,freqblimp_curated,2.812500476837158,13.3359375,6.5,10.5234375,2.853813928353769,1
head|causative|object_frame_overlay_subject_trial_s03|overlay_subject_trial_s03_neurosurgeon|11|dry|appear,head,causative,overlay_subject_trial_s03_neurosurgeon,neurosurgeon,overlay_arg_1_match,good_to_bad,resid_post_layer_20,verb_final_subtoken,9,train_anchor,9,train_anchor,9,dry,appear,head,head,freqblimp_curated,freqblimp_curated,-2.0625,10.90625,7.0625,12.96875,1.4212328767123288,1
head|causative|object_frame_overlay_subject_trial_s03|overlay_subject_trial_s03_neurosurgeon|13|stretch|vanish,head,causative,overlay_subject_trial_s03_neurosurgeon,neurosurgeon,overlay_arg_1_match,good_to_bad,resid_post_layer_20,verb_final_subtoken,9,train_anchor,9,train_anchor,9,stretch,vanish,head,head,freqblimp_curated,freqblimp_curated,-1.4375,9.125,8.0625,10.5625,1.111842105263158,1
head|causative|object_frame_overlay_subject_trial_s03|overlay_subject_trial_s03_neurosurgeon|15|grow|exist,head,causative,overlay_subject_trial_s03_neurosurgeon,neurosurgeon,overlay_arg_1_match,good_to_bad,resid_post_layer_20,verb_final_subtoken,9,train_anchor,9,train_anchor,9,grow,exist,head,head,freqblimp_curated,freqblimp_curated,-0.8124997615814209,8.75,7.15625,9.5625,1.2,1
head|causative|object_frame_overlay_subject_trial_s03|overlay_subject_trial_s03_neurosurgeon|17|accelerate|die,head,causative,overlay_subject_trial_s03_neurosurgeon,neurosurgeon,overlay_arg_1_match,good_to_bad,resid_post_layer_20,verb_final_subtoken,9,train_anchor,9,train_anchor,9,accelerate,die,head,head,freqblimp_curated,freqblimp_curated,-2.5625,10.71875,7.53125,13.28125,1.3157894736842106,1
head|causative|object_frame_overlay_subject_trial_s03|overlay_subject_trial_s03_neurosurgeon|18|fade|respond,head,causative,overlay_subject_trial_s03_neurosurgeon,neurosurgeon,overlay_arg_1_match,good_to_bad,resid_post_layer_20,verb_final_subtoken,9,train_anchor,9,train_anchor,9,fade,respond,head,head,freqblimp_curated,freqblimp_curated,-0.125,7.25,4.9375,7.375,1.4567901234567902,1
head|causative|object_frame_overlay_subject_trial_s03|overlay_subject_trial_s03_neurosurgeon|19|roll|disappear,head,causative,overlay_subject_trial_s03_neurosurgeon,neurosurgeon,overlay_arg_1_match,good_to_bad,resid_post_layer_20,verb_final_subtoken,9,train_anchor,9,train_anchor,9,roll,disappear,head,head,freqblimp_curated,freqblimp_curated,-2.000000238418579,6.9375,8.4375,8.9375,0.8562874251497006,1
head|causative|object_frame_overlay_subject_trial_s03|overlay_subject_trial_s03_neurosurgeon|20|shrink|react,head,causative,overlay_subject_trial_s03_neurosurgeon,neurosurgeon,overlay_arg_1_match,good_to_bad,resid_post_layer_20,verb_final_subtoken,9,train_anchor,9,train_anchor,9,shrink,react,head,head,freqblimp_curated,freqblimp_curated,1.9375,13.546875,7.46875,11.609375,2.098870056497175,1
head|causative|object_frame_overlay_subject_trial_s03|overlay_subject_trial_s03_neurosurgeon|21|turn|cough,head,causative,overlay_subject_trial_s03_neurosurgeon,neurosurgeon,overlay_arg_1_match,good_to_bad,resid_post_layer_20,verb_final_subtoken,9,train_anchor,9,train_anchor,9,turn,cough,head,head,freqblimp_curated,freqblimp_curated,2.374999761581421,10.25,7.59375,7.875,1.5089820359281436,1
head|causative|object_frame_overlay_subject_visit_s02|overlay_subject_visit_s02_urologist|0|close|reply,head,causative,overlay_subject_visit_s02_urologist,urologist,overlay_arg_1_match,good_to_bad,resid_post_layer_20,verb_final_subtoken,9,train_anchor,9,train_anchor,9,close,reply,head,head,freqblimp_curated,freqblimp_curated,2.1875,9.46875,7.0625,7.28125,1.4935897435897436,1
head|causative|object_frame_overlay_subject_visit_s02|overlay_subject_visit_s02_urologist|1|awaken|compete,head,causative,overlay_subject_visit_s02_urologist,urologist,overlay_arg_1_match,good_to_bad,resid_post_layer_20,verb_final_subtoken,9,train_anchor,9,train_anchor,9,awaken,compete,head,head,freqblimp_curated,freqblimp_curated,3.8125,13.078125,5.8125,9.265625,4.6328125,1
head|causative|object_frame_overlay_subject_visit_s02|overlay_subject_visit_s02_urologist|2|crash|smile,head,causative,overlay_subject_visit_s02_urologist,urologist,overlay_arg_1_match,good_to_bad,resid_post_layer_20,verb_final_subtoken,9,train_anchor,9,train_anchor,9,crash,smile,head,head,freqblimp_curated,freqblimp_curated,-2.4375,7.062499523162842,3.5,9.5,1.6,1
head|causative|object_frame_overlay_subject_visit_s02|overlay_subject_visit_s02_urologist|3|accelerate|appear,head,causative,overlay_subject_visit_s02_urologist,urologist,overlay_arg_1_match,good_to_bad,resid_post_layer_20,verb_final_subtoken,9,train_anchor,9,train_anchor,9,accelerate,appear,head,head,freqblimp_curated,freqblimp_curated,-0.625,15.3828125,9.125,16.0078125,1.6418269230769231,1
head|causative|object_frame_overlay_subject_visit_s02|overlay_subject_visit_s02_urologist|4|dry|exist,head,causative,overlay_subject_visit_s02_urologist,urologist,overlay_arg_1_match,good_to_bad,resid_post_layer_20,verb_final_subtoken,9,train_anchor,9,train_anchor,9,dry,exist,head,head,freqblimp_curated,freqblimp_curated,2.0,6.8125,7.5,4.8125,0.875,1
head|causative|object_frame_overlay_subject_visit_s02|overlay_subject_visit_s02_urologist|5|slow|laugh,head,causative,overlay_subject_visit_s02_urologist,urologist,overlay_arg_1_match,good_to_bad,resid_post_layer_20,verb_final_subtoken,9,train_anchor,9,train_anchor,9,slow,laugh,head,head,freqblimp_curated,freqblimp_curated,-2.625,10.5,7.59375,13.125,1.2844036697247707,1
head|causative|object_frame_overlay_subject_visit_s02|overlay_subject_visit_s02_urologist|9|dim|scream,head,causative,overlay_subject_visit_s02_urologist,urologist,overlay_arg_1_match,good_to_bad,resid_post_layer_20,verb_final_subtoken,9,train_anchor,9,train_anchor,9,dim,scream,head,head,freqblimp_curated,freqblimp_curated,-0.75,7.59375,5.875,8.34375,1.259433962264151,1
head|causative|object_frame_overlay_subject_visit_s02|overlay_subject_visit_s02_urologist|10|stop|cry,head,causative,overlay_subject_visit_s02_urologist,urologist,overlay_arg_1_match,good_to_bad,resid_post_layer_20,verb_final_subtoken,9,train_anchor,9,train_anchor,9,stop,cry,head,head,freqblimp_curated,freqblimp_curated,-2.1875,9.0,5.9375,11.1875,1.376923076923077,1
head|causative|object_frame_overlay_subject_visit_s02|overlay_subject_visit_s02_urologist|12|shut|disagree,head,causative,overlay_subject_visit_s02_urologist,urologist,overlay_arg_1_match,good_to_bad,resid_post_layer_20,verb_final_subtoken,9,train_anchor,9,train_anchor,9,shut,disagree,head,head,freqblimp_curated,freqblimp_curated,-1.75,8.4375,7.406249523162842,10.1875,1.1126279863481228,1
head|causative|object_frame_overlay_subject_visit_s02|overlay_subject_visit_s02_urologist|15|turn|lie,head,causative,overlay_subject_visit_s02_urologist,urologist,overlay_arg_1_match,good_to_bad,resid_post_layer_20,verb_final_subtoken,9,train_anchor,9,train_anchor,9,turn,lie,head,head,freqblimp_curated,freqblimp_curated,2.875,12.40625,9.03125,9.53125,1.5482233502538072,1
head|causative|object_frame_overlay_subject_visit_s02|overlay_subject_visit_s02_urologist|16|fold|vanish,head,causative,overlay_subject_visit_s02_urologist,urologist,overlay_arg_1_match,good_to_bad,resid_post_layer_20,verb_final_subtoken,9,train_anchor,9,train_anchor,9,fold,vanish,head,head,freqblimp_curated,freqblimp_curated,-1.5,7.125,6.875,8.625,1.0298507462686568,1
head|causative|object_frame_overlay_subject_visit_s02|overlay_subject_visit_s02_urologist|17|stretch|boast,head,causative,overlay_subject_visit_s02_urologist,urologist,overlay_arg_1_match,good_to_bad,resid_post_layer_20,verb_final_subtoken,9,train_anchor,9,train_anchor,9,stretch,boast,head,head,freqblimp_curated,freqblimp_curated,2.5625,8.84375,6.25,6.28125,1.7033898305084745,1
head|causative|object_frame_overlay_subject_visit_s02|overlay_subject_visit_s02_urologist|18|open|chat,head,causative,overlay_subject_visit_s02_urologist,urologist,overlay_arg_1_match,good_to_bad,resid_post_layer_20,verb_final_subtoken,9,train_anchor,9,train_anchor,9,open,chat,head,head,freqblimp_curated,freqblimp_curated,1.1875,16.51171875,8.375,15.32421875,2.1320652173913044,1
head|causative|object_frame_overlay_subject_visit_s02|overlay_subject_visit_s02_urologist|19|fade|react,head,causative,overlay_subject_visit_s02_urologist,urologist,overlay_arg_1_match,good_to_bad,resid_post_layer_20,verb_final_subtoken,9,train_anchor,9,train_anchor,9,fade,react,head,head,freqblimp_curated,freqblimp_curated,0.875,5.9375,3.3125,5.0625,2.076923076923077,1
head|causative|object_frame_overlay_subject_visit_s02|overlay_subject_visit_s02_urologist|20|benefit|respond,head,causative,overlay_subject_visit_s02_urologist,urologist,overlay_arg_1_match,good_to_bad,resid_post_layer_20,verb_final_subtoken,9,train_anchor,9,train_anchor,9,benefit,respond,head,head,freqblimp_curated,freqblimp_curated,0.6875,3.937499761581421,1.9375,3.249999761581421,2.5999998092651366,1
head|causative|object_frame_overlay_subject_visit_s02|overlay_subject_visit_s02_urologist|21|bake|struggle,head,causative,overlay_subject_visit_s02_urologist,urologist,overlay_arg_1_match,good_to_bad,resid_post_layer_20,verb_final_subtoken,9,train_anchor,9,train_anchor,9,bake,struggle,head,head,freqblimp_curated,freqblimp_curated,-0.4375,11.953125,6.343749523162842,12.390625,1.8271890685746202,1
head|causative|object_frame_overlay_subject_check_s01|overlay_subject_check_s01_ragamuffin|0|change|struggle,head,causative,overlay_subject_check_s01_ragamuffin,ragamuffin,overlay_arg_1_match,good_to_bad,resid_post_layer_20,verb_final_subtoken,10,train_anchor,10,train_anchor,10,change,struggle,head,head,freqblimp_curated,freqblimp_curated,-1.625,8.0625,3.75,9.6875,1.802325581395349,1
head|causative|object_frame_overlay_subject_check_s01|overlay_subject_check_s01_ragamuffin|1|warp|respond,head,causative,overlay_subject_check_s01_ragamuffin,ragamuffin,overlay_arg_1_match,good_to_bad,resid_post_layer_20,verb_final_subtoken,10,train_anchor,10,train_anchor,10,warp,respond,head,head,freqblimp_curated,freqblimp_curated,-0.5625,9.34375,3.4375,9.90625,2.4765625,1
head|causative|object_frame_overlay_subject_check_s01|overlay_subject_check_s01_ragamuffin|2|soak|smile,head,causative,overlay_subject_check_s01_ragamuffin,ragamuffin,overlay_arg_1_match,good_to_bad,resid_post_layer_20,verb_final_subtoken,10,train_anchor,10,train_anchor,10,soak,smile,head,head,freqblimp_curated,freqblimp_curated,-2.0625,10.3125,6.624999523162842,12.375,1.4244604316546763,1
head|causative|object_frame_overlay_subject_check_s01|overlay_subject_check_s01_ragamuffin|4|freeze|die,head,causative,overlay_subject_check_s01_ragamuffin,ragamuffin,overlay_arg_1_match,good_to_bad,resid_post_layer_20,verb_final_subtoken,10,train_anchor,10,train_anchor,10,freeze,die,head,head,freqblimp_curated,freqblimp_curated,-3.6875,0.8125,-0.0625,4.5,1.2413793103448276,1
head|causative|object_frame_overlay_subject_check_s01|overlay_subject_check_s01_ragamuffin|5|stretch|reply,head,causative,overlay_subject_check_s01_ragamuffin,ragamuffin,overlay_arg_1_match,good_to_bad,resid_post_layer_20,verb_final_subtoken,10,train_anchor,10,train_anchor,10,stretch,reply,head,head,freqblimp_curated,freqblimp_curated,0.3125,6.249999523162842,3.562499761581421,5.937499523162842,1.8269230642262286,1
head|causative|object_frame_overlay_subject_check_s01|overlay_subject_check_s01_ragamuffin|6|crack|cry,head,causative,overlay_subject_check_s01_ragamuffin,ragamuffin,overlay_arg_1_match,good_to_bad,resid_post_layer_20,verb_final_subtoken,10,train_anchor,10,train_anchor,10,crack,cry,head,head,freqblimp_curated,freqblimp_curated,-2.062500238418579,8.46875,4.8125,10.53125,1.5318181818181817,1
head|causative|object_frame_overlay_subject_check_s01|overlay_subject_check_s01_ragamuffin|7|worry|appear,head,causative,overlay_subject_check_s01_ragamuffin,ragamuffin,overlay_arg_1_match,good_to_bad,resid_post_layer_20,verb_final_subtoken,10,train_anchor,10,train_anchor,10,worry,appear,head,head,freqblimp_curated,freqblimp_curated,-1.625,2.437499761581421,1.0,4.0625,1.5476190476190477,1
head|causative|object_frame_overlay_subject_check_s01|overlay_subject_check_s01_ragamuffin|8|slow|arrive,head,causative,overlay_subject_check_s01_ragamuffin,ragamuffin,overlay_arg_1_match,good_to_bad,resid_post_layer_20,verb_final_subtoken,10,train_anchor,10,train_anchor,10,slow,arrive,head,head,freqblimp_curated,freqblimp_curated,-2.5,5.5,4.4375,8.0,1.1531531531531531,1
head|causative|object_frame_overlay_subject_check_s01|overlay_subject_check_s01_ragamuffin|10|accelerate|boast,head,causative,overlay_subject_check_s01_ragamuffin,ragamuffin,overlay_arg_1_match,good_to_bad,resid_post_layer_20,verb_final_subtoken,10,train_anchor,10,train_anchor,10,accelerate,boast,head,head,freqblimp_curated,freqblimp_curated,1.1875,6.625,2.874999761581421,5.4375,3.2222226774742238,1
head|causative|object_frame_overlay_subject_check_s01|overlay_subject_check_s01_ragamuffin|12|turn|disagree,head,causative,overlay_subject_check_s01_ragamuffin,ragamuffin,overlay_arg_1_match,good_to_bad,resid_post_layer_20,verb_final_subtoken,10,train_anchor,10,train_anchor,10,turn,disagree,head,head,freqblimp_curated,freqblimp_curated,-3.125000238418579,6.875,4.6875,10.0,1.28,1
head|causative|object_frame_overlay_subject_check_s01|overlay_subject_check_s01_ragamuffin|13|burn|vanish,head,causative,overlay_subject_check_s01_ragamuffin,ragamuffin,overlay_arg_1_match,good_to_bad,resid_post_layer_20,verb_final_subtoken,10,train_anchor,10,train_anchor,10,burn,vanish,head,head,freqblimp_curated,freqblimp_curated,-3.312500238418579,6.25,4.0625,9.5625,1.2966101694915255,1
head|causative|object_frame_overlay_subject_check_s01|overlay_subject_check_s01_ragamuffin|14|open|scream,head,causative,overlay_subject_check_s01_ragamuffin,ragamuffin,overlay_arg_1_match,good_to_bad,resid_post_layer_20,verb_final_subtoken,10,train_anchor,10,train_anchor,10,open,scream,head,head,freqblimp_curated,freqblimp_curated,-1.1875,10.8125,7.062500476837158,12.0,1.4545454545454546,1
head|causative|object_frame_overlay_subject_check_s01|overlay_subject_check_s01_ragamuffin|16|grow|laugh,head,causative,overlay_subject_check_s01_ragamuffin,ragamuffin,overlay_arg_1_match,good_to_bad,resid_post_layer_20,verb_final_subtoken,10,train_anchor,10,train_anchor,10,grow,laugh,head,head,freqblimp_curated,freqblimp_curated,-2.375,4.625,-0.0625,7.0,3.027027027027027,1
head|causative|object_frame_overlay_subject_check_s01|overlay_subject_check_s01_ragamuffin|19|stop|complain,head,causative,overlay_subject_check_s01_ragamuffin,ragamuffin,overlay_arg_1_match,good_to_bad,resid_post_layer_20,verb_final_subtoken,10,train_anchor,10,train_anchor,10,stop,complain,head,head,freqblimp_curated,freqblimp_curated,-1.125,7.75,2.0,8.875,2.84,1
head|causative|object_frame_overlay_subject_check_s01|overlay_subject_check_s01_ragamuffin|20|move|chat,head,causative,overlay_subject_check_s01_ragamuffin,ragamuffin,overlay_arg_1_match,good_to_bad,resid_post_layer_20,verb_final_subtoken,10,train_anchor,10,train_anchor,10,move,chat,head,head,freqblimp_curated,freqblimp_curated,0.0,9.5,4.625,9.5,2.054054054054054,1
head|causative|object_frame_overlay_subject_trial_s00|overlay_subject_trial_s00_neurolinguist|0|awaken|die,head,causative,overlay_subject_trial_s00_neurolinguist,neurolinguist,overlay_arg_1_match,good_to_bad,resid_post_layer_20,verb_final_subtoken,10,train_anchor,10,train_anchor,10,awaken,die,head,head,freqblimp_curated,freqblimp_curated,-2.125000238418579,9.6875,6.0,11.8125,1.4538461538461538,1
head|causative|object_frame_overlay_subject_trial_s00|overlay_subject_trial_s00_neurolinguist|1|grow|laugh,head,causative,overlay_subject_trial_s00_neurolinguist,neurolinguist,overlay_arg_1_match,good_to_bad,resid_post_layer_20,verb_final_subtoken,10,train_anchor,10,train_anchor,10,grow,laugh,head,head,freqblimp_curated,freqblimp_curated,-0.875,11.0625,6.15625,11.9375,1.6977777777777778,1
head|causative|object_frame_overlay_subject_trial_s00|overlay_subject_trial_s00_neurolinguist|3|roll|exist,head,causative,overlay_subject_trial_s00_neurolinguist,neurolinguist,overlay_arg_1_match,good_to_bad,resid_post_layer_20,verb_final_subtoken,10,train_anchor,10,train_anchor,10,roll,exist,head,head,freqblimp_curated,freqblimp_curated,-0.125,8.28125,8.09375,8.40625,1.0228136882129277,1
head|causative|object_frame_overlay_subject_trial_s00|overlay_subject_trial_s00_neurolinguist|6|burn|cry,head,causative,overlay_subject_trial_s00_neurolinguist,neurolinguist,overlay_arg_1_match,good_to_bad,resid_post_layer_20,verb_final_subtoken,10,train_anchor,10,train_anchor,10,burn,cry,head,head,freqblimp_curated,freqblimp_curated,2.25,11.125,6.1875,8.875,2.253968253968254,1
head|causative|object_frame_overlay_subject_trial_s00|overlay_subject_trial_s00_neurolinguist|8|accelerate|testify,head,causative,overlay_subject_trial_s00_neurolinguist,neurolinguist,overlay_arg_1_match,good_to_bad,resid_post_layer_20,verb_final_subtoken,10,train_anchor,10,train_anchor,10,accelerate,testify,head,head,freqblimp_curated,freqblimp_curated,1.25,15.7607421875,7.15625,14.5107421875,2.456845238095238,1
head|causative|object_frame_overlay_subject_trial_s00|overlay_subject_trial_s00_neurolinguist|9|stop|compete,head,causative,overlay_subject_trial_s00_neurolinguist,neurolinguist,overlay_arg_1_match,good_to_bad,resid_post_layer_20,verb_final_subtoken,10,train_anchor,10,train_anchor,10,stop,compete,head,head,freqblimp_curated,freqblimp_curated,2.625,14.2265625,6.96875,11.6015625,2.670863309352518,1
head|causative|object_frame_overlay_subject_trial_s00|overlay_subject_trial_s00_neurolinguist|10|fade|arrive,head,causative,overlay_subject_trial_s00_neurolinguist,neurolinguist,overlay_arg_1_match,good_to_bad,resid_post_layer_20,verb_final_subtoken,10,train_anchor,10,train_anchor,10,fade,arrive,head,head,freqblimp_curated,freqblimp_curated,0.75,9.0,5.5625,8.25,1.7142857142857142,1
head|causative|object_frame_overlay_subject_trial_s00|overlay_subject_trial_s00_neurolinguist|11|open|lie,head,causative,overlay_subject_trial_s00_neurolinguist,neurolinguist,overlay_arg_1_match,good_to_bad,resid_post_layer_20,verb_final_subtoken,10,train_anchor,10,train_anchor,10,open,lie,head,head,freqblimp_curated,freqblimp_curated,-1.562499761581421,12.15625,7.46875,13.71875,1.519031141868512,1
head|causative|object_frame_overlay_subject_trial_s00|overlay_subject_trial_s00_neurolinguist|12|dry|boast,head,causative,overlay_subject_trial_s00_neurolinguist,neurolinguist,overlay_arg_1_match,good_to_bad,resid_post_layer_20,verb_final_subtoken,10,train_anchor,10,train_anchor,10,dry,boast,head,head,freqblimp_curated,freqblimp_curated,2.75,6.375,6.5,3.625,0.9666666666666667,1
head|causative|object_frame_overlay_subject_trial_s00|overlay_subject_trial_s00_neurolinguist|13|dim|struggle,head,causative,overlay_subject_trial_s00_neurolinguist,neurolinguist,overlay_arg_1_match,good_to_bad,resid_post_layer_20,verb_final_subtoken,10,train_anchor,10,train_anchor,10,dim,struggle,head,head,freqblimp_curated,freqblimp_curated,-0.75,11.71875,6.25,12.46875,1.78125,1
head|causative|object_frame_overlay_subject_trial_s00|overlay_subject_trial_s00_neurolinguist|14|close|vanish,head,causative,overlay_subject_trial_s00_neurolinguist,neurolinguist,overlay_arg_1_match,good_to_bad,resid_post_layer_20,verb_final_subtoken,10,train_anchor,10,train_anchor,10,close,vanish,head,head,freqblimp_curated,freqblimp_curated,0.0625,5.625,6.4375,5.5625,0.8725490196078431,1
head|causative|object_frame_overlay_subject_trial_s00|overlay_subject_trial_s00_neurolinguist|15|soak|respond,head,causative,overlay_subject_trial_s00_neurolinguist,neurolinguist,overlay_arg_1_match,good_to_bad,resid_post_layer_20,verb_final_subtoken,10,train_anchor,10,train_anchor,10,soak,respond,head,head,freqblimp_curated,freqblimp_curated,0.125,12.46875,7.1875,12.34375,1.747787610619469,1
head|causative|object_frame_overlay_subject_trial_s00|overlay_subject_trial_s00_neurolinguist|16|worry|reply,head,causative,overlay_subject_trial_s00_neurolinguist,neurolinguist,overlay_arg_1_match,good_to_bad,resid_post_layer_20,verb_final_subtoken,10,train_anchor,10,train_anchor,10,worry,reply,head,head,freqblimp_curated,freqblimp_curated,1.25,4.875,3.0,3.625,2.0714285714285716,1
head|causative|object_frame_overlay_subject_trial_s00|overlay_subject_trial_s00_neurolinguist|17|turn|complain,head,causative,overlay_subject_trial_s00_neurolinguist,neurolinguist,overlay_arg_1_match,good_to_bad,resid_post_layer_20,verb_final_subtoken,10,train_anchor,10,train_anchor,10,turn,complain,head,head,freqblimp_curated,freqblimp_curated,1.0625,9.59375,8.1875,8.53125,1.1973684210526316,1
head|causative|object_frame_overlay_subject_trial_s00|overlay_subject_trial_s00_neurolinguist|18|freeze|scream,head,causative,overlay_subject_trial_s00_neurolinguist,neurolinguist,overlay_arg_1_match,good_to_bad,resid_post_layer_20,verb_final_subtoken,10,train_anchor,10,train_anchor,10,freeze,scream,head,head,freqblimp_curated,freqblimp_curated,0.375,10.0,7.78125,9.625,1.2995780590717299,1
head|causative|object_frame_overlay_subject_trial_s00|overlay_subject_trial_s00_neurolinguist|19|crack|disappear,head,causative,overlay_subject_trial_s00_neurolinguist,neurolinguist,overlay_arg_1_match,good_to_bad,resid_post_layer_20,verb_final_subtoken,10,train_anchor,10,train_anchor,10,crack,disappear,head,head,freqblimp_curated,freqblimp_curated,-0.75,6.75,7.5,7.5,0.9090909090909091,1
head|causative|object_frame_overlay_subject_trial_s00|overlay_subject_trial_s00_neurolinguist|21|warp|disagree,head,causative,overlay_subject_trial_s00_neurolinguist,neurolinguist,overlay_arg_1_match,good_to_bad,resid_post_layer_20,verb_final_subtoken,10,train_anchor,10,train_anchor,10,warp,disagree,head,head,freqblimp_curated,freqblimp_curated,-2.25,14.609375,6.59375,16.859375,1.9063604240282686,1
head|inchoative|no_object_frame_overlay_subject_lab_s02|overlay_subject_lab_s02_tt|0|fold|acquire,head,inchoative,overlay_subject_lab_s02_tt,tt,overlay_arg_1_match,bad_to_good,resid_post_layer_20,verb_final_subtoken,7,train_anchor,7,train_anchor,7,acquire,fold,head,head,supplemental_v2_bad_verbs,freqblimp_curated,2.5,12.0546875,5.46875,9.5546875,3.218421052631579,1
head|inchoative|no_object_frame_overlay_subject_lab_s02|overlay_subject_lab_s02_tt|1|shrink|destroy,head,inchoative,overlay_subject_lab_s02_tt,tt,overlay_arg_1_match,bad_to_good,resid_post_layer_20,verb_final_subtoken,7,train_anchor,7,train_anchor,7,destroy,shrink,head,head,freqblimp_curated,freqblimp_curated,1.8125,9.84375,5.375,8.03125,2.254385964912281,1
head|inchoative|no_object_frame_overlay_subject_lab_s02|overlay_subject_lab_s02_tt|2|bake|avoid,head,inchoative,overlay_subject_lab_s02_tt,tt,overlay_arg_1_match,bad_to_good,resid_post_layer_20,verb_final_subtoken,7,train_anchor,7,train_anchor,7,avoid,bake,head,head,supplemental_v2_bad_verbs,freqblimp_curated,1.499999761581421,11.171875,5.25,9.671875,2.5791665026876767,1
head|inchoative|no_object_frame_overlay_subject_lab_s02|overlay_subject_lab_s02_tt|3|awaken|require,head,inchoative,overlay_subject_lab_s02_tt,tt,overlay_arg_1_match,bad_to_good,resid_post_layer_20,verb_final_subtoken,7,train_anchor,7,train_anchor,7,require,awaken,head,head,supplemental_v2_bad_verbs,freqblimp_curated,1.125,8.0625,4.78125,6.9375,1.8974358974358974,1
head|inchoative|no_object_frame_overlay_subject_lab_s02|overlay_subject_lab_s02_tt|4|soak|affect,head,inchoative,overlay_subject_lab_s02_tt,tt,overlay_arg_1_match,bad_to_good,resid_post_layer_20,verb_final_subtoken,7,train_anchor,7,train_anchor,7,affect,soak,head,head,supplemental_v2_bad_verbs,freqblimp_curated,2.375,13.484375,6.78125,11.109375,2.521276595744681,1
head|inchoative|no_object_frame_overlay_subject_lab_s02|overlay_subject_lab_s02_tt|6|dim|arrest,head,inchoative,overlay_subject_lab_s02_tt,tt,overlay_arg_1_match,bad_to_good,resid_post_layer_20,verb_final_subtoken,7,train_anchor,7,train_anchor,7,arrest,dim,head,head,supplemental_v2_bad_verbs,freqblimp_curated,3.124999761581421,8.75,4.0625,5.625,5.999998474121482,1
head|inchoative|no_object_frame_overlay_subject_lab_s02|overlay_subject_lab_s02_tt|8|dry|retrieve,head,inchoative,overlay_subject_lab_s02_tt,tt,overlay_arg_1_match,bad_to_good,resid_post_layer_20,verb_final_subtoken,7,train_anchor,7,train_anchor,7,retrieve,dry,head,head,supplemental_v2_bad_verbs,freqblimp_curated,0.6875,13.234375,6.812499523162842,12.546875,2.0484695472304324,1
head|inchoative|no_object_frame_overlay_subject_lab_s02|overlay_subject_lab_s02_tt|9|change|abuse,head,inchoative,overlay_subject_lab_s02_tt,tt,overlay_arg_1_match,bad_to_good,resid_post_layer_20,verb_final_subtoken,7,train_anchor,7,train_anchor,7,abuse,change,head,head,supplemental_v2_bad_verbs,freqblimp_curated,2.0625,7.781250476837158,3.124999761581421,5.718750476837158,5.382354597732229,1
head|inchoative|no_object_frame_overlay_subject_lab_s02|overlay_subject_lab_s02_tt|11|benefit|blame,head,inchoative,overlay_subject_lab_s02_tt,tt,overlay_arg_1_match,bad_to_good,resid_post_layer_20,verb_final_subtoken,7,train_anchor,7,train_anchor,7,blame,benefit,head,head,supplemental_v2_bad_verbs,freqblimp_curated,2.375,6.875000476837158,5.125,4.500000476837158,1.6363638097589666,1
head|inchoative|no_object_frame_overlay_subject_lab_s02|overlay_subject_lab_s02_tt|12|stop|accuse,head,inchoative,overlay_subject_lab_s02_tt,tt,overlay_arg_1_match,bad_to_good,resid_post_layer_20,verb_final_subtoken,7,train_anchor,7,train_anchor,7,accuse,stop,head,head,supplemental_v2_bad_verbs,freqblimp_curated,1.125,7.374999523162842,4.3125,6.249999523162842,1.960784164129519,1
head|inchoative|no_object_frame_overlay_subject_lab_s02|overlay_subject_lab_s02_tt|15|shut|admire,head,inchoative,overlay_subject_lab_s02_tt,tt,overlay_arg_1_match,bad_to_good,resid_post_layer_20,verb_final_subtoken,7,train_anchor,7,train_anchor,7,admire,shut,head,head,freqblimp_curated,freqblimp_curated,3.437500238418579,12.4375,5.375,9.0,4.645161861931815,1
head|inchoative|no_object_frame_overlay_subject_tomorrow_s00|overlay_subject_tomorrow_s00_windflower|0|fade|suppress,head,inchoative,overlay_subject_tomorrow_s00_windflower,windflower,overlay_arg_1_match,bad_to_good,resid_post_layer_20,verb_final_subtoken,7,train_anchor,7,train_anchor,7,suppress,fade,head,head,supplemental_v2_bad_verbs,freqblimp_curated,-5.4375,11.25,4.125,16.6875,1.7450980392156863,1
head|inchoative|no_object_frame_overlay_subject_tomorrow_s00|overlay_subject_tomorrow_s00_windflower|1|awaken|require,head,inchoative,overlay_subject_tomorrow_s00_windflower,windflower,overlay_arg_1_match,bad_to_good,resid_post_layer_20,verb_final_subtoken,7,train_anchor,7,train_anchor,7,require,awaken,head,head,supplemental_v2_bad_verbs,freqblimp_curated,-3.187499761581421,7.5,5.124999523162842,10.6875,1.2857144332213934,1
head|inchoative|no_object_frame_overlay_subject_tomorrow_s00|overlay_subject_tomorrow_s00_windflower|2|soak|possess,head,inchoative,overlay_subject_tomorrow_s00_windflower,windflower,overlay_arg_1_match,bad_to_good,resid_post_layer_20,verb_final_subtoken,7,train_anchor,7,train_anchor,7,possess,soak,head,head,supplemental_v2_bad_verbs,freqblimp_curated,3.062500238418579,9.84375,5.125,6.78125,3.2878791679473838,1
head|inchoative|no_object_frame_overlay_subject_tomorrow_s00|overlay_subject_tomorrow_s00_windflower|3|slow|abuse,head,inchoative,overlay_subject_tomorrow_s00_windflower,windflower,overlay_arg_1_match,bad_to_good,resid_post_layer_20,verb_final_subtoken,7,train_anchor,7,train_anchor,7,abuse,slow,head,head,supplemental_v2_bad_verbs,freqblimp_curated,-1.437499761581421,9.8125,3.75,11.25,2.1686746987951806,1
head|inchoative|no_object_frame_overlay_subject_tomorrow_s00|overlay_subject_tomorrow_s00_windflower|5|grow|accuse,head,inchoative,overlay_subject_tomorrow_s00_windflower,windflower,overlay_arg_1_match,bad_to_good,resid_post_layer_20,verb_final_subtoken,7,train_anchor,7,train_anchor,7,accuse,grow,head,head,supplemental_v2_bad_verbs,freqblimp_curated,-2.0625,9.03125,3.4375,11.09375,2.0170454545454546,1
head|inchoative|no_object_frame_overlay_subject_tomorrow_s00|overlay_subject_tomorrow_s00_windflower|7|burn|arrest,head,inchoative,overlay_subject_tomorrow_s00_windflower,windflower,overlay_arg_1_match,bad_to_good,resid_post_layer_20,verb_final_subtoken,7,train_anchor,7,train_anchor,7,arrest,burn,head,head,supplemental_v2_bad_verbs,freqblimp_curated,-0.3125,7.562499523162842,3.3125,7.874999523162842,2.1724136615621634,1
head|inchoative|no_object_frame_overlay_subject_tomorrow_s00|overlay_subject_tomorrow_s00_windflower|9|stop|respect,head,inchoative,overlay_subject_tomorrow_s00_windflower,windflower,overlay_arg_1_match,bad_to_good,resid_post_layer_20,verb_final_subtoken,7,train_anchor,7,train_anchor,7,respect,stop,head,head,freqblimp_curated,freqblimp_curated,-1.5,7.718749523162842,4.5,9.21875,1.5364583333333333,1
head|inchoative|no_object_frame_overlay_subject_tomorrow_s00|overlay_subject_tomorrow_s00_windflower|10|twist|affect,head,inchoative,overlay_subject_tomorrow_s00_windflower,windflower,overlay_arg_1_match,bad_to_good,resid_post_layer_20,verb_final_subtoken,7,train_anchor,7,train_anchor,7,affect,twist,head,head,supplemental_v2_bad_verbs,freqblimp_curated,1.5625,10.90625,5.25,9.34375,2.5338983050847457,1
head|inchoative|no_object_frame_overlay_subject_tomorrow_s00|overlay_subject_tomorrow_s00_windflower|11|bake|persuade,head,inchoative,overlay_subject_tomorrow_s00_windflower,windflower,overlay_arg_1_match,bad_to_good,resid_post_layer_20,verb_final_subtoken,7,train_anchor,7,train_anchor,7,persuade,bake,head,head,supplemental_v2_bad_verbs,freqblimp_curated,0.625,10.625,4.5625,10.0,2.5396825396825395,1
head|inchoative|no_object_frame_overlay_subject_tomorrow_s00|overlay_subject_tomorrow_s00_windflower|12|melt|blame,head,inchoative,overlay_subject_tomorrow_s00_windflower,windflower,overlay_arg_1_match,bad_to_good,resid_post_layer_20,verb_final_subtoken,7,train_anchor,7,train_anchor,7,blame,melt,head,head,supplemental_v2_bad_verbs,freqblimp_curated,-0.25,7.75,4.125,8.0,1.8285714285714285,1
head|inchoative|no_object_frame_overlay_subject_tomorrow_s00|overlay_subject_tomorrow_s00_windflower|13|chip|notify,head,inchoative,overlay_subject_tomorrow_s00_windflower,windflower,overlay_arg_1_match,bad_to_good,resid_post_layer_20,verb_final_subtoken,7,train_anchor,7,train_anchor,7,notify,chip,head,head,supplemental_v2_bad_verbs,freqblimp_curated,2.375,11.0625,4.375,8.6875,4.34375,1
head|inchoative|no_object_frame_overlay_subject_tomorrow_s00|overlay_subject_tomorrow_s00_windflower|14|benefit|acquire,head,inchoative,overlay_subject_tomorrow_s00_windflower,windflower,overlay_arg_1_match,bad_to_good,resid_post_layer_20,verb_final_subtoken,7,train_anchor,7,train_anchor,7,acquire,benefit,head,head,supplemental_v2_bad_verbs,freqblimp_curated,0.4375,6.96875,5.25,6.53125,1.3571428571428572,1
head|inchoative|no_object_frame_overlay_subject_tomorrow_s00|overlay_subject_tomorrow_s00_windflower|15|turn|admire,head,inchoative,overlay_subject_tomorrow_s00_windflower,windflower,overlay_arg_1_match,bad_to_good,resid_post_layer_20,verb_final_subtoken,7,train_anchor,7,train_anchor,7,admire,turn,head,head,freqblimp_curated,freqblimp_curated,-0.375,9.4375,4.5625,9.8125,1.9873417721518987,1
head|inchoative|no_object_frame_overlay_subject_tomorrow_s03|overlay_subject_tomorrow_s03_windlass|1|drop|accuse,head,inchoative,overlay_subject_tomorrow_s03_windlass,windlass,overlay_arg_1_match,bad_to_good,resid_post_layer_20,verb_final_subtoken,7,train_anchor,7,train_anchor,7,accuse,drop,head,head,supplemental_v2_bad_verbs,freqblimp_curated,0.625,6.0625,2.5625,5.4375,2.806451612903226,1
head|inchoative|no_object_frame_overlay_subject_tomorrow_s03|overlay_subject_tomorrow_s03_windlass|2|burn|admire,head,inchoative,overlay_subject_tomorrow_s03_windlass,windlass,overlay_arg_1_match,bad_to_good,resid_post_layer_20,verb_final_subtoken,7,train_anchor,7,train_anchor,7,admire,burn,head,head,freqblimp_curated,freqblimp_curated,-0.5,8.28125,4.0625,8.78125,1.9246575342465753,1
head|inchoative|no_object_frame_overlay_subject_tomorrow_s03|overlay_subject_tomorrow_s03_windlass|3|open|abuse,head,inchoative,overlay_subject_tomorrow_s03_windlass,windlass,overlay_arg_1_match,bad_to_good,resid_post_layer_20,verb_final_subtoken,7,train_anchor,7,train_anchor,7,abuse,open,head,head,supplemental_v2_bad_verbs,freqblimp_curated,-0.8125,5.875,2.8125,6.6875,1.8448275862068966,1
head|inchoative|no_object_frame_overlay_subject_tomorrow_s03|overlay_subject_tomorrow_s03_windlass|4|shrink|suppress,head,inchoative,overlay_subject_tomorrow_s03_windlass,windlass,overlay_arg_1_match,bad_to_good,resid_post_layer_20,verb_final_subtoken,7,train_anchor,7,train_anchor,7,suppress,shrink,head,head,supplemental_v2_bad_verbs,freqblimp_curated,-0.6875,8.3125,3.625,9.0,2.0869565217391304,1
head|inchoative|no_object_frame_overlay_subject_tomorrow_s03|overlay_subject_tomorrow_s03_windlass|5|soak|respect,head,inchoative,overlay_subject_tomorrow_s03_windlass,windlass,overlay_arg_1_match,bad_to_good,resid_post_layer_20,verb_final_subtoken,7,train_anchor,7,train_anchor,7,respect,soak,head,head,freqblimp_curated,freqblimp_curated,2.0,7.5,4.4375,5.5,2.2564102564102564,1
head|inchoative|no_object_frame_overlay_subject_tomorrow_s03|overlay_subject_tomorrow_s03_windlass|6|shut|retrieve,head,inchoative,overlay_subject_tomorrow_s03_windlass,windlass,overlay_arg_1_match,bad_to_good,resid_post_layer_20,verb_final_subtoken,7,train_anchor,7,train_anchor,7,retrieve,shut,head,head,supplemental_v2_bad_verbs,freqblimp_curated,-1.0,10.71875,4.375,11.71875,2.1802325581395348,1
head|inchoative|no_object_frame_overlay_subject_tomorrow_s03|overlay_subject_tomorrow_s03_windlass|8|dry|persuade,head,inchoative,overlay_subject_tomorrow_s03_windlass,windlass,overlay_arg_1_match,bad_to_good,resid_post_layer_20,verb_final_subtoken,7,train_anchor,7,train_anchor,7,persuade,dry,head,head,supplemental_v2_bad_verbs,freqblimp_curated,0.6875,7.625000476837158,3.5,6.937500476837158,2.466666836208767,1
head|inchoative|no_object_frame_overlay_subject_tomorrow_s03|overlay_subject_tomorrow_s03_windlass|9|slow|notify,head,inchoative,overlay_subject_tomorrow_s03_windlass,windlass,overlay_arg_1_match,bad_to_good,resid_post_layer_20,verb_final_subtoken,7,train_anchor,7,train_anchor,7,notify,slow,head,head,supplemental_v2_bad_verbs,freqblimp_curated,-0.6875,6.5,3.125,7.1875,1.8852459016393444,1
head|inchoative|no_object_frame_overlay_subject_tomorrow_s03|overlay_subject_tomorrow_s03_windlass|10|fold|arrest,head,inchoative,overlay_subject_tomorrow_s03_windlass,windlass,overlay_arg_1_match,bad_to_good,resid_post_layer_20,verb_final_subtoken,7,train_anchor,7,train_anchor,7,arrest,fold,head,head,supplemental_v2_bad_verbs,freqblimp_curated,0.875,6.4375,2.8125,5.5625,2.870967741935484,1
head|inchoative|no_object_frame_overlay_subject_tomorrow_s03|overlay_subject_tomorrow_s03_windlass|11|move|destroy,head,inchoative,overlay_subject_tomorrow_s03_windlass,windlass,overlay_arg_1_match,bad_to_good,resid_post_layer_20,verb_final_subtoken,7,train_anchor,7,train_anchor,7,destroy,move,head,head,freqblimp_curated,freqblimp_curated,1.0625,7.875,4.5625,6.8125,1.9464285714285714,1
head|inchoative|no_object_frame_overlay_subject_tomorrow_s03|overlay_subject_tomorrow_s03_windlass|13|turn|affect,head,inchoative,overlay_subject_tomorrow_s03_windlass,windlass,overlay_arg_1_match,bad_to_good,resid_post_layer_20,verb_final_subtoken,7,train_anchor,7,train_anchor,7,affect,turn,head,head,supplemental_v2_bad_verbs,freqblimp_curated,-1.75,11.71875,5.4375,13.46875,1.873913043478261,1
head|inchoative|no_object_frame_overlay_subject_tomorrow_s03|overlay_subject_tomorrow_s03_windlass|14|close|possess,head,inchoative,overlay_subject_tomorrow_s03_windlass,windlass,overlay_arg_1_match,bad_to_good,resid_post_layer_20,verb_final_subtoken,7,train_anchor,7,train_anchor,7,possess,close,head,head,supplemental_v2_bad_verbs,freqblimp_curated,-1.25,7.0,4.3125,8.25,1.4831460674157304,1
head|inchoative|no_object_frame_overlay_subject_tomorrow_s03|overlay_subject_tomorrow_s03_windlass|15|grow|require,head,inchoative,overlay_subject_tomorrow_s03_windlass,windlass,overlay_arg_1_match,bad_to_good,resid_post_layer_20,verb_final_subtoken,7,train_anchor,7,train_anchor,7,require,grow,head,head,supplemental_v2_bad_verbs,freqblimp_curated,-2.375,10.1875,5.375,12.5625,1.6209677419354838,1
head|inchoative|no_object_frame_overlay_subject_check_s00|overlay_subject_check_s00_ovocon|0|bake|accuse,head,inchoative,overlay_subject_check_s00_ovocon,ovocon,overlay_arg_1_match,bad_to_good,resid_post_layer_20,verb_final_subtoken,8,train_anchor,8,train_anchor,8,accuse,bake,head,head,supplemental_v2_bad_verbs,freqblimp_curated,2.25,11.46875,6.125,9.21875,2.379032258064516,1
head|inchoative|no_object_frame_overlay_subject_check_s00|overlay_subject_check_s00_ovocon|1|warp|abuse,head,inchoative,overlay_subject_check_s00_ovocon,ovocon,overlay_arg_1_match,bad_to_good,resid_post_layer_20,verb_final_subtoken,8,train_anchor,8,train_anchor,8,abuse,warp,head,head,supplemental_v2_bad_verbs,freqblimp_curated,2.375,6.8125,3.5625,4.4375,3.736842105263158,1
head|inchoative|no_object_frame_overlay_subject_check_s00|overlay_subject_check_s00_ovocon|2|grow|affect,head,inchoative,overlay_subject_check_s00_ovocon,ovocon,overlay_arg_1_match,bad_to_good,resid_post_layer_20,verb_final_subtoken,8,train_anchor,8,train_anchor,8,affect,grow,head,head,supplemental_v2_bad_verbs,freqblimp_curated,0.625,13.3203125,8.0625,12.6953125,1.7069327731092436,1
head|inchoative|no_object_frame_overlay_subject_check_s00|overlay_subject_check_s00_ovocon|3|fold|possess,head,inchoative,overlay_subject_check_s00_ovocon,ovocon,overlay_arg_1_match,bad_to_good,resid_post_layer_20,verb_final_subtoken,8,train_anchor,8,train_anchor,8,possess,fold,head,head,supplemental_v2_bad_verbs,freqblimp_curated,2.9375,11.0,6.375,8.0625,2.3454545454545452,1
head|inchoative|no_object_frame_overlay_subject_check_s00|overlay_subject_check_s00_ovocon|4|melt|acquire,head,inchoative,overlay_subject_check_s00_ovocon,ovocon,overlay_arg_1_match,bad_to_good,resid_post_layer_20,verb_final_subtoken,8,train_anchor,8,train_anchor,8,acquire,melt,head,head,supplemental_v2_bad_verbs,freqblimp_curated,1.25,10.15625,6.5,8.90625,1.6964285714285714,1
head|inchoative|no_object_frame_overlay_subject_check_s00|overlay_subject_check_s00_ovocon|6|stretch|suppress,head,inchoative,overlay_subject_check_s00_ovocon,ovocon,overlay_arg_1_match,bad_to_good,resid_post_layer_20,verb_final_subtoken,8,train_anchor,8,train_anchor,8,suppress,stretch,head,head,supplemental_v2_bad_verbs,freqblimp_curated,3.0625,8.875,4.3125,5.8125,4.65,1
head|inchoative|no_object_frame_overlay_subject_check_s00|overlay_subject_check_s00_ovocon|7|shut|avoid,head,inchoative,overlay_subject_check_s00_ovocon,ovocon,overlay_arg_1_match,bad_to_good,resid_post_layer_20,verb_final_subtoken,8,train_anchor,8,train_anchor,8,avoid,shut,head,head,supplemental_v2_bad_verbs,freqblimp_curated,2.000000238418579,12.953125,6.90625,10.953125,2.232484076433121,1
head|inchoative|no_object_frame_overlay_subject_check_s00|overlay_subject_check_s00_ovocon|9|soak|blame,head,inchoative,overlay_subject_check_s00_ovocon,ovocon,overlay_arg_1_match,bad_to_good,resid_post_layer_20,verb_final_subtoken,8,train_anchor,8,train_anchor,8,blame,soak,head,head,supplemental_v2_bad_verbs,freqblimp_curated,3.187500238418579,12.109375,6.28125,8.921875,2.8838386060802272,1
head|inchoative|no_object_frame_overlay_subject_check_s00|overlay_subject_check_s00_ovocon|10|worry|arrest,head,inchoative,overlay_subject_check_s00_ovocon,ovocon,overlay_arg_1_match,bad_to_good,resid_post_layer_20,verb_final_subtoken,8,train_anchor,8,train_anchor,8,arrest,worry,head,head,supplemental_v2_bad_verbs,freqblimp_curated,2.8125,3.3125,2.1875,0.5,-0.8,1
head|inchoative|no_object_frame_overlay_subject_check_s00|overlay_subject_check_s00_ovocon|12|awaken|respect,head,inchoative,overlay_subject_check_s00_ovocon,ovocon,overlay_arg_1_match,bad_to_good,resid_post_layer_20,verb_final_subtoken,8,train_anchor,8,train_anchor,8,respect,awaken,head,head,freqblimp_curated,freqblimp_curated,1.8125001192092896,8.46875,7.46875,6.65625,1.1767955801104972,1
head|inchoative|no_object_frame_overlay_subject_check_s00|overlay_subject_check_s00_ovocon|13|turn|notify,head,inchoative,overlay_subject_check_s00_ovocon,ovocon,overlay_arg_1_match,bad_to_good,resid_post_layer_20,verb_final_subtoken,8,train_anchor,8,train_anchor,8,notify,turn,head,head,supplemental_v2_bad_verbs,freqblimp_curated,3.3125,12.5625,7.6875,9.25,2.1142857142857143,1
head|inchoative|no_object_frame_overlay_subject_check_s00|overlay_subject_check_s00_ovocon|14|move|destroy,head,inchoative,overlay_subject_check_s00_ovocon,ovocon,overlay_arg_1_match,bad_to_good,resid_post_layer_20,verb_final_subtoken,8,train_anchor,8,train_anchor,8,destroy,move,head,head,freqblimp_curated,freqblimp_curated,4.0,11.765625,6.25,7.765625,3.451388888888889,1
head|inchoative|no_object_frame_overlay_subject_check_s00|overlay_subject_check_s00_ovocon|15|open|require,head,inchoative,overlay_subject_check_s00_ovocon,ovocon,overlay_arg_1_match,bad_to_good,resid_post_layer_20,verb_final_subtoken,8,train_anchor,8,train_anchor,8,require,open,head,head,supplemental_v2_bad_verbs,freqblimp_curated,1.6875,9.25,6.5,7.5625,1.5714285714285714,1
head|inchoative|no_object_frame_overlay_subject_check_s03|overlay_subject_check_s03_ovral|1|grow|accuse,head,inchoative,overlay_subject_check_s03_ovral,ovral,overlay_arg_1_match,bad_to_good,resid_post_layer_20,verb_final_subtoken,8,train_anchor,8,train_anchor,8,accuse,grow,head,head,supplemental_v2_bad_verbs,freqblimp_curated,0.6875002384185791,10.28125,5.4375,9.59375,2.0197368421052633,1
head|inchoative|no_object_frame_overlay_subject_check_s03|overlay_subject_check_s03_ovral|2|accelerate|affect,head,inchoative,overlay_subject_check_s03_ovral,ovral,overlay_arg_1_match,bad_to_good,resid_post_layer_20,verb_final_subtoken,8,train_anchor,8,train_anchor,8,affect,accelerate,head,head,supplemental_v2_bad_verbs,freqblimp_curated,2.75,11.34375,6.4375,8.59375,2.330508474576271,1
head|inchoative|no_object_frame_overlay_subject_check_s03|overlay_subject_check_s03_ovral|4|change|arrest,head,inchoative,overlay_subject_check_s03_ovral,ovral,overlay_arg_1_match,bad_to_good,resid_post_layer_20,verb_final_subtoken,8,train_anchor,8,train_anchor,8,arrest,change,head,head,supplemental_v2_bad_verbs,freqblimp_curated,3.8125,6.0625,3.8125,2.25,,1
head|inchoative|no_object_frame_overlay_subject_check_s03|overlay_subject_check_s03_ovral|5|burn|possess,head,inchoative,overlay_subject_check_s03_ovral,ovral,overlay_arg_1_match,bad_to_good,resid_post_layer_20,verb_final_subtoken,8,train_anchor,8,train_anchor,8,possess,burn,head,head,supplemental_v2_bad_verbs,freqblimp_curated,2.5,10.03125,5.90625,7.53125,2.2110091743119265,1
head|inchoative|no_object_frame_overlay_subject_check_s03|overlay_subject_check_s03_ovral|6|benefit|destroy,head,inchoative,overlay_subject_check_s03_ovral,ovral,overlay_arg_1_match,bad_to_good,resid_post_layer_20,verb_final_subtoken,8,train_anchor,8,train_anchor,8,destroy,benefit,head,head,freqblimp_curated,freqblimp_curated,1.0,9.28125,6.0,8.28125,1.65625,1
head|inchoative|no_object_frame_overlay_subject_check_s03|overlay_subject_check_s03_ovral|8|warp|acquire,head,inchoative,overlay_subject_check_s03_ovral,ovral,overlay_arg_1_match,bad_to_good,resid_post_layer_20,verb_final_subtoken,8,train_anchor,8,train_anchor,8,acquire,warp,head,head,supplemental_v2_bad_verbs,freqblimp_curated,2.3125,9.84375,6.53125,7.53125,1.7851851851851852,1
head|inchoative|no_object_frame_overlay_subject_check_s03|overlay_subject_check_s03_ovral|10|worry|persuade,head,inchoative,overlay_subject_check_s03_ovral,ovral,overlay_arg_1_match,bad_to_good,resid_post_layer_20,verb_final_subtoken,8,train_anchor,8,train_anchor,8,persuade,worry,head,head,supplemental_v2_bad_verbs,freqblimp_curated,2.312500238418579,10.4375,6.46875,8.125,1.9548872180451127,1
head|inchoative|no_object_frame_overlay_subject_check_s03|overlay_subject_check_s03_ovral|11|soak|blame,head,inchoative,overlay_subject_check_s03_ovral,ovral,overlay_arg_1_match,bad_to_good,resid_post_layer_20,verb_final_subtoken,8,train_anchor,8,train_anchor,8,blame,soak,head,head,supplemental_v2_bad_verbs,freqblimp_curated,2.875,9.71875,5.4375,6.84375,2.6707317073170733,1
head|inchoative|no_object_frame_overlay_subject_check_s03|overlay_subject_check_s03_ovral|14|dry|require,head,inchoative,overlay_subject_check_s03_ovral,ovral,overlay_arg_1_match,bad_to_good,resid_post_layer_20,verb_final_subtoken,8,train_anchor,8,train_anchor,8,require,dry,head,head,supplemental_v2_bad_verbs,freqblimp_curated,1.5625,10.84375,6.125000476837158,9.28125,2.0342463627387937,1
head|inchoative|no_object_frame_overlay_subject_check_s03|overlay_subject_check_s03_ovral|15|bake|abuse,head,inchoative,overlay_subject_check_s03_ovral,ovral,overlay_arg_1_match,bad_to_good,resid_post_layer_20,verb_final_subtoken,8,train_anchor,8,train_anchor,8,abuse,bake,head,head,supplemental_v2_bad_verbs,freqblimp_curated,2.874999761581421,9.625,3.874999761581421,6.75,6.75,1
head|inchoative|no_object_frame_overlay_subject_lab_s01|overlay_subject_lab_s01_tsuga|0|burn|possess,head,inchoative,overlay_subject_lab_s01_tsuga,tsuga,overlay_arg_1_match,bad_to_good,resid_post_layer_20,verb_final_subtoken,8,train_anchor,8,train_anchor,8,possess,burn,head,head,supplemental_v2_bad_verbs,freqblimp_curated,0.625,10.359375,6.96875,9.734375,1.5344827586206897,1
head|inchoative|no_object_frame_overlay_subject_lab_s01|overlay_subject_lab_s01_tsuga|1|bake|respect,head,inchoative,overlay_subject_lab_s01_tsuga,tsuga,overlay_arg_1_match,bad_to_good,resid_post_layer_20,verb_final_subtoken,8,train_anchor,8,train_anchor,8,respect,bake,head,head,freqblimp_curated,freqblimp_curated,1.499999761581421,12.875,6.5625,11.375,2.246913580246914,1
head|inchoative|no_object_frame_overlay_subject_lab_s01|overlay_subject_lab_s01_tsuga|2|crack|accuse,head,inchoative,overlay_subject_lab_s01_tsuga,tsuga,overlay_arg_1_match,bad_to_good,resid_post_layer_20,verb_final_subtoken,8,train_anchor,8,train_anchor,8,accuse,crack,head,head,supplemental_v2_bad_verbs,freqblimp_curated,3.5,10.03125,4.71875,6.53125,5.358974358974359,1
head|inchoative|no_object_frame_overlay_subject_lab_s01|overlay_subject_lab_s01_tsuga|3|grow|blame,head,inchoative,overlay_subject_lab_s01_tsuga,tsuga,overlay_arg_1_match,bad_to_good,resid_post_layer_20,verb_final_subtoken,8,train_anchor,8,train_anchor,8,blame,grow,head,head,supplemental_v2_bad_verbs,freqblimp_curated,1.3125,11.921875,4.8125,10.609375,3.03125,1
head|inchoative|no_object_frame_overlay_subject_lab_s01|overlay_subject_lab_s01_tsuga|4|fold|retrieve,head,inchoative,overlay_subject_lab_s01_tsuga,tsuga,overlay_arg_1_match,bad_to_good,resid_post_layer_20,verb_final_subtoken,8,train_anchor,8,train_anchor,8,retrieve,fold,head,head,supplemental_v2_bad_verbs,freqblimp_curated,3.1875,11.78125,6.625000476837158,8.59375,2.4999996532093878,1
head|inchoative|no_object_frame_overlay_subject_lab_s01|overlay_subject_lab_s01_tsuga|5|change|avoid,head,inchoative,overlay_subject_lab_s01_tsuga,tsuga,overlay_arg_1_match,bad_to_good,resid_post_layer_20,verb_final_subtoken,8,train_anchor,8,train_anchor,8,avoid,change,head,head,supplemental_v2_bad_verbs,freqblimp_curated,3.0,10.1875,6.875,7.1875,1.8548387096774193,1
head|inchoative|no_object_frame_overlay_subject_lab_s01|overlay_subject_lab_s01_tsuga|6|dry|require,head,inchoative,overlay_subject_lab_s01_tsuga,tsuga,overlay_arg_1_match,bad_to_good,resid_post_layer_20,verb_final_subtoken,8,train_anchor,8,train_anchor,8,require,dry,head,head,supplemental_v2_bad_verbs,freqblimp_curated,2.187499761581421,12.03125,7.03125,9.84375,2.032258064516129,1
head|inchoative|no_object_frame_overlay_subject_lab_s01|overlay_subject_lab_s01_tsuga|7|stretch|admire,head,inchoative,overlay_subject_lab_s01_tsuga,tsuga,overlay_arg_1_match,bad_to_good,resid_post_layer_20,verb_final_subtoken,8,train_anchor,8,train_anchor,8,admire,stretch,head,head,freqblimp_curated,freqblimp_curated,2.187499761581421,11.703125,5.9375,9.515625,2.537499838670105,1
head|inchoative|no_object_frame_overlay_subject_lab_s01|overlay_subject_lab_s01_tsuga|8|soak|destroy,head,inchoative,overlay_subject_lab_s01_tsuga,tsuga,overlay_arg_1_match,bad_to_good,resid_post_layer_20,verb_final_subtoken,8,train_anchor,8,train_anchor,8,destroy,soak,head,head,freqblimp_curated,freqblimp_curated,4.6875,14.30078125,5.8125,9.61328125,8.54513888888889,1
head|inchoative|no_object_frame_overlay_subject_lab_s01|overlay_subject_lab_s01_tsuga|9|turn|persuade,head,inchoative,overlay_subject_lab_s01_tsuga,tsuga,overlay_arg_1_match,bad_to_good,resid_post_layer_20,verb_final_subtoken,8,train_anchor,8,train_anchor,8,persuade,turn,head,head,supplemental_v2_bad_verbs,freqblimp_curated,4.25,14.23828125,5.96875,9.98828125,5.8113636363636365,1
head|inchoative|no_object_frame_overlay_subject_lab_s01|overlay_subject_lab_s01_tsuga|12|shrink|notify,head,inchoative,overlay_subject_lab_s01_tsuga,tsuga,overlay_arg_1_match,bad_to_good,resid_post_layer_20,verb_final_subtoken,8,train_anchor,8,train_anchor,8,notify,shrink,head,head,supplemental_v2_bad_verbs,freqblimp_curated,1.375,11.1875,7.187500476837158,9.8125,1.6881719045190378,1
head|inchoative|no_object_frame_overlay_subject_lab_s01|overlay_subject_lab_s01_tsuga|13|twist|arrest,head,inchoative,overlay_subject_lab_s01_tsuga,tsuga,overlay_arg_1_match,bad_to_good,resid_post_layer_20,verb_final_subtoken,8,train_anchor,8,train_anchor,8,arrest,twist,head,head,supplemental_v2_bad_verbs,freqblimp_curated,2.9375,11.234375,4.96875,8.296875,4.084615384615384,1
head|inchoative|no_object_frame_overlay_subject_lab_s01|overlay_subject_lab_s01_tsuga|14|warp|suppress,head,inchoative,overlay_subject_lab_s01_tsuga,tsuga,overlay_arg_1_match,bad_to_good,resid_post_layer_20,verb_final_subtoken,8,train_anchor,8,train_anchor,8,suppress,warp,head,head,supplemental_v2_bad_verbs,freqblimp_curated,3.25,9.28125,6.8125,6.03125,1.6929824561403508,1
head|inchoative|no_object_frame_overlay_subject_lab_s01|overlay_subject_lab_s01_tsuga|15|move|affect,head,inchoative,overlay_subject_lab_s01_tsuga,tsuga,overlay_arg_1_match,bad_to_good,resid_post_layer_20,verb_final_subtoken,8,train_anchor,8,train_anchor,8,affect,move,head,head,supplemental_v2_bad_verbs,freqblimp_curated,1.999999761581421,14.373046875,7.812499523162842,12.373046875,2.12869623655914,1
head|inchoative|no_object_frame_overlay_subject_tomorrow_s01|overlay_subject_tomorrow_s01_windhoek|0|crash|admire,head,inchoative,overlay_subject_tomorrow_s01_windhoek,windhoek,overlay_arg_1_match,bad_to_good,resid_post_layer_20,verb_final_subtoken,8,train_anchor,8,train_anchor,8,admire,crash,head,head,freqblimp_curated,freqblimp_curated,-2.75,7.3125,3.9375,10.0625,1.5046728971962617,1
head|inchoative|no_object_frame_overlay_subject_tomorrow_s01|overlay_subject_tomorrow_s01_windhoek|1|freeze|abuse,head,inchoative,overlay_subject_tomorrow_s01_windhoek,windhoek,overlay_arg_1_match,bad_to_good,resid_post_layer_20,verb_final_subtoken,8,train_anchor,8,train_anchor,8,abuse,freeze,head,head,supplemental_v2_bad_verbs,freqblimp_curated,-4.0,7.375,3.125,11.375,1.5964912280701755,1
head|inchoative|no_object_frame_overlay_subject_tomorrow_s01|overlay_subject_tomorrow_s01_windhoek|2|soak|respect,head,inchoative,overlay_subject_tomorrow_s01_windhoek,windhoek,overlay_arg_1_match,bad_to_good,resid_post_layer_20,verb_final_subtoken,8,train_anchor,8,train_anchor,8,respect,soak,head,head,freqblimp_curated,freqblimp_curated,1.375,8.46875,4.4375,7.09375,2.316326530612245,1
head|inchoative|no_object_frame_overlay_subject_tomorrow_s01|overlay_subject_tomorrow_s01_windhoek|3|twist|affect,head,inchoative,overlay_subject_tomorrow_s01_windhoek,windhoek,overlay_arg_1_match,bad_to_good,resid_post_layer_20,verb_final_subtoken,8,train_anchor,8,train_anchor,8,affect,twist,head,head,supplemental_v2_bad_verbs,freqblimp_curated,-0.1875,9.65625,4.5625,9.84375,2.0723684210526314,1
head|inchoative|no_object_frame_overlay_subject_tomorrow_s01|overlay_subject_tomorrow_s01_windhoek|4|grow|retrieve,head,inchoative,overlay_subject_tomorrow_s01_windhoek,windhoek,overlay_arg_1_match,bad_to_good,resid_post_layer_20,verb_final_subtoken,8,train_anchor,8,train_anchor,8,retrieve,grow,head,head,supplemental_v2_bad_verbs,freqblimp_curated,-2.6875,9.3125,3.312499761581421,12.0,2.0,1
head|inchoative|no_object_frame_overlay_subject_tomorrow_s01|overlay_subject_tomorrow_s01_windhoek|5|open|accuse,head,inchoative,overlay_subject_tomorrow_s01_windhoek,windhoek,overlay_arg_1_match,bad_to_good,resid_post_layer_20,verb_final_subtoken,8,train_anchor,8,train_anchor,8,accuse,open,head,head,supplemental_v2_bad_verbs,freqblimp_curated,-2.25,6.8125,3.187500238418579,9.0625,1.6666666666666667,1
head|inchoative|no_object_frame_overlay_subject_tomorrow_s01|overlay_subject_tomorrow_s01_windhoek|6|roll|suppress,head,inchoative,overlay_subject_tomorrow_s01_windhoek,windhoek,overlay_arg_1_match,bad_to_good,resid_post_layer_20,verb_final_subtoken,8,train_anchor,8,train_anchor,8,suppress,roll,head,head,supplemental_v2_bad_verbs,freqblimp_curated,-1.062499761581421,9.375,2.875,10.4375,2.6507938113012046,1
head|inchoative|no_object_frame_overlay_subject_tomorrow_s01|overlay_subject_tomorrow_s01_windhoek|7|fade|require,head,inchoative,overlay_subject_tomorrow_s01_windhoek,windhoek,overlay_arg_1_match,bad_to_good,resid_post_layer_20,verb_final_subtoken,8,train_anchor,8,train_anchor,8,require,fade,head,head,supplemental_v2_bad_verbs,freqblimp_curated,-4.75,9.75,4.8125,14.5,1.5163398692810457,1
head|inchoative|no_object_frame_overlay_subject_tomorrow_s01|overlay_subject_tomorrow_s01_windhoek|8|burn|acquire,head,inchoative,overlay_subject_tomorrow_s01_windhoek,windhoek,overlay_arg_1_match,bad_to_good,resid_post_layer_20,verb_final_subtoken,8,train_anchor,8,train_anchor,8,acquire,burn,head,head,supplemental_v2_bad_verbs,freqblimp_curated,-2.5,10.53125,4.5625,13.03125,1.845132743362832,1
head|inchoative|no_object_frame_overlay_subject_tomorrow_s01|overlay_subject_tomorrow_s01_windhoek|10|fold|possess,head,inchoative,overlay_subject_tomorrow_s01_windhoek,windhoek,overlay_arg_1_match,bad_to_good,resid_post_layer_20,verb_final_subtoken,8,train_anchor,8,train_anchor,8,possess,fold,head,head,supplemental_v2_bad_verbs,freqblimp_curated,-1.8125,9.0625,4.875,10.875,1.6261682242990654,1
head|inchoative|no_object_frame_overlay_subject_tomorrow_s01|overlay_subject_tomorrow_s01_windhoek|11|move|persuade,head,inchoative,overlay_subject_tomorrow_s01_windhoek,windhoek,overlay_arg_1_match,bad_to_good,resid_post_layer_20,verb_final_subtoken,8,train_anchor,8,train_anchor,8,persuade,move,head,head,supplemental_v2_bad_verbs,freqblimp_curated,-1.562500238418579,8.6875,3.5625,10.25,2.0,1
head|inchoative|no_object_frame_overlay_subject_tomorrow_s01|overlay_subject_tomorrow_s01_windhoek|12|shut|avoid,head,inchoative,overlay_subject_tomorrow_s01_windhoek,windhoek,overlay_arg_1_match,bad_to_good,resid_post_layer_20,verb_final_subtoken,8,train_anchor,8,train_anchor,8,avoid,shut,head,head,supplemental_v2_bad_verbs,freqblimp_curated,-0.875,10.5625,5.1875,11.4375,1.8865979381443299,1
head|inchoative|no_object_frame_overlay_subject_tomorrow_s01|overlay_subject_tomorrow_s01_windhoek|13|melt|blame,head,inchoative,overlay_subject_tomorrow_s01_windhoek,windhoek,overlay_arg_1_match,bad_to_good,resid_post_layer_20,verb_final_subtoken,8,train_anchor,8,train_anchor,8,blame,melt,head,head,supplemental_v2_bad_verbs,freqblimp_curated,-1.9999998807907104,7.749999523162842,4.125,9.749999046325684,1.5918365789919484,1
head|inchoative|no_object_frame_overlay_subject_tomorrow_s01|overlay_subject_tomorrow_s01_windhoek|14|shrink|arrest,head,inchoative,overlay_subject_tomorrow_s01_windhoek,windhoek,overlay_arg_1_match,bad_to_good,resid_post_layer_20,verb_final_subtoken,8,train_anchor,8,train_anchor,8,arrest,shrink,head,head,supplemental_v2_bad_verbs,freqblimp_curated,-3.125,8.5,3.0625,11.625,1.878787878787879,1
head|inchoative|no_object_frame_overlay_subject_tomorrow_s01|overlay_subject_tomorrow_s01_windhoek|15|stretch|destroy,head,inchoative,overlay_subject_tomorrow_s01_windhoek,windhoek,overlay_arg_1_match,bad_to_good,resid_post_layer_20,verb_final_subtoken,8,train_anchor,8,train_anchor,8,destroy,stretch,head,head,freqblimp_curated,freqblimp_curated,0.0,10.46875,3.25,10.46875,3.2211538461538463,1
head|inchoative|no_object_frame_overlay_subject_tomorrow_s02|overlay_subject_tomorrow_s02_windjammer|0|dry|arrest,head,inchoative,overlay_subject_tomorrow_s02_windjammer,windjammer,overlay_arg_1_match,bad_to_good,resid_post_layer_20,verb_final_subtoken,8,train_anchor,8,train_anchor,8,arrest,dry,head,head,supplemental_v2_bad_verbs,freqblimp_curated,-0.4375,9.53125,3.0625,9.96875,2.8482142857142856,1
head|inchoative|no_object_frame_overlay_subject_tomorrow_s02|overlay_subject_tomorrow_s02_windjammer|2|dim|abuse,head,inchoative,overlay_subject_tomorrow_s02_windjammer,windjammer,overlay_arg_1_match,bad_to_good,resid_post_layer_20,verb_final_subtoken,8,train_anchor,8,train_anchor,8,abuse,dim,head,head,supplemental_v2_bad_verbs,freqblimp_curated,-0.1875,11.09375,4.5625,11.28125,2.375,1
head|inchoative|no_object_frame_overlay_subject_tomorrow_s02|overlay_subject_tomorrow_s02_windjammer|3|twist|persuade,head,inchoative,overlay_subject_tomorrow_s02_windjammer,windjammer,overlay_arg_1_match,bad_to_good,resid_post_layer_20,verb_final_subtoken,8,train_anchor,8,train_anchor,8,persuade,twist,head,head,supplemental_v2_bad_verbs,freqblimp_curated,2.562499761581421,15.234375,5.1875,12.671875,4.827380513928684,1
head|inchoative|no_object_frame_overlay_subject_tomorrow_s02|overlay_subject_tomorrow_s02_windjammer|4|grow|acquire,head,inchoative,overlay_subject_tomorrow_s02_windjammer,windjammer,overlay_arg_1_match,bad_to_good,resid_post_layer_20,verb_final_subtoken,8,train_anchor,8,train_anchor,8,acquire,grow,head,head,supplemental_v2_bad_verbs,freqblimp_curated,-2.3125,12.40625,5.0,14.71875,2.0128205128205128,1
head|inchoative|no_object_frame_overlay_subject_tomorrow_s02|overlay_subject_tomorrow_s02_windjammer|6|change|possess,head,inchoative,overlay_subject_tomorrow_s02_windjammer,windjammer,overlay_arg_1_match,bad_to_good,resid_post_layer_20,verb_final_subtoken,8,train_anchor,8,train_anchor,8,possess,change,head,head,supplemental_v2_bad_verbs,freqblimp_curated,0.3125002384185791,10.0625,5.25,9.75,1.9746835443037976,1
head|inchoative|no_object_frame_overlay_subject_tomorrow_s02|overlay_subject_tomorrow_s02_windjammer|7|drop|notify,head,inchoative,overlay_subject_tomorrow_s02_windjammer,windjammer,overlay_arg_1_match,bad_to_good,resid_post_layer_20,verb_final_subtoken,8,train_anchor,8,train_anchor,8,notify,drop,head,head,supplemental_v2_bad_verbs,freqblimp_curated,1.75,9.125,5.25,7.375,2.107142857142857,1
head|inchoative|no_object_frame_overlay_subject_tomorrow_s02|overlay_subject_tomorrow_s02_windjammer|8|burn|blame,head,inchoative,overlay_subject_tomorrow_s02_windjammer,windjammer,overlay_arg_1_match,bad_to_good,resid_post_layer_20,verb_final_subtoken,8,train_anchor,8,train_anchor,8,blame,burn,head,head,supplemental_v2_bad_verbs,freqblimp_curated,-1.0,11.625,5.125,12.625,2.061224489795918,1
head|inchoative|no_object_frame_overlay_subject_tomorrow_s02|overlay_subject_tomorrow_s02_windjammer|10|warp|admire,head,inchoative,overlay_subject_tomorrow_s02_windjammer,windjammer,overlay_arg_1_match,bad_to_good,resid_post_layer_20,verb_final_subtoken,8,train_anchor,8,train_anchor,8,admire,warp,head,head,freqblimp_curated,freqblimp_curated,1.250000238418579,10.0,5.625,8.75,2.0,1
head|inchoative|no_object_frame_overlay_subject_tomorrow_s02|overlay_subject_tomorrow_s02_windjammer|11|open|require,head,inchoative,overlay_subject_tomorrow_s02_windjammer,windjammer,overlay_arg_1_match,bad_to_good,resid_post_layer_20,verb_final_subtoken,8,train_anchor,8,train_anchor,8,require,open,head,head,supplemental_v2_bad_verbs,freqblimp_curated,0.25,8.15625,5.53125,7.90625,1.4970414201183433,1
head|inchoative|no_object_frame_overlay_subject_tomorrow_s02|overlay_subject_tomorrow_s02_windjammer|12|fade|respect,head,inchoative,overlay_subject_tomorrow_s02_windjammer,windjammer,overlay_arg_1_match,bad_to_good,resid_post_layer_20,verb_final_subtoken,8,train_anchor,8,train_anchor,8,respect,fade,head,head,freqblimp_curated,freqblimp_curated,-4.1875,13.453125,5.375,17.640625,1.8447712418300655,1
head|inchoative|no_object_frame_overlay_subject_tomorrow_s02|overlay_subject_tomorrow_s02_windjammer|13|freeze|affect,head,inchoative,overlay_subject_tomorrow_s02_windjammer,windjammer,overlay_arg_1_match,bad_to_good,resid_post_layer_20,verb_final_subtoken,8,train_anchor,8,train_anchor,8,affect,freeze,head,head,supplemental_v2_bad_verbs,freqblimp_curated,-1.875,11.15625,5.9375,13.03125,1.668,1
head|inchoative|no_object_frame_overlay_subject_tomorrow_s02|overlay_subject_tomorrow_s02_windjammer|14|benefit|accuse,head,inchoative,overlay_subject_tomorrow_s02_windjammer,windjammer,overlay_arg_1_match,bad_to_good,resid_post_layer_20,verb_final_subtoken,8,train_anchor,8,train_anchor,8,accuse,benefit,head,head,supplemental_v2_bad_verbs,freqblimp_curated,-0.125,8.75,4.5625,8.875,1.8933333333333333,1
head|inchoative|no_object_frame_overlay_subject_tomorrow_s02|overlay_subject_tomorrow_s02_windjammer|15|slow|destroy,head,inchoative,overlay_subject_tomorrow_s02_windjammer,windjammer,overlay_arg_1_match,bad_to_good,resid_post_layer_20,verb_final_subtoken,8,train_anchor,8,train_anchor,8,destroy,slow,head,head,freqblimp_curated,freqblimp_curated,-1.3125,11.96875,4.4375,13.28125,2.3097826086956523,1
head|inchoative|no_object_frame_overlay_subject_trial_s00|overlay_subject_trial_s00_wayside|0|chip|blame,head,inchoative,overlay_subject_trial_s00_wayside,wayside,overlay_arg_1_match,bad_to_good,resid_post_layer_20,verb_final_subtoken,8,train_anchor,8,train_anchor,8,blame,chip,head,head,supplemental_v2_bad_verbs,freqblimp_curated,1.125,11.609375,5.53125,10.484375,2.379432624113475,1
head|inchoative|no_object_frame_overlay_subject_trial_s00|overlay_subject_trial_s00_wayside|1|turn|arrest,head,inchoative,overlay_subject_trial_s00_wayside,wayside,overlay_arg_1_match,bad_to_good,resid_post_layer_20,verb_final_subtoken,8,train_anchor,8,train_anchor,8,arrest,turn,head,head,supplemental_v2_bad_verbs,freqblimp_curated,2.3125,10.078125,3.062499761581421,7.765625,10.354169958168653,1
head|inchoative|no_object_frame_overlay_subject_trial_s00|overlay_subject_trial_s00_wayside|2|crack|possess,head,inchoative,overlay_subject_trial_s00_wayside,wayside,overlay_arg_1_match,bad_to_good,resid_post_layer_20,verb_final_subtoken,8,train_anchor,8,train_anchor,8,possess,crack,head,head,supplemental_v2_bad_verbs,freqblimp_curated,0.75,10.1875,4.71875,9.4375,2.377952755905512,1
head|inchoative|no_object_frame_overlay_subject_trial_s00|overlay_subject_trial_s00_wayside|3|fade|retrieve,head,inchoative,overlay_subject_trial_s00_wayside,wayside,overlay_arg_1_match,bad_to_good,resid_post_layer_20,verb_final_subtoken,8,train_anchor,8,train_anchor,8,retrieve,fade,head,head,supplemental_v2_bad_verbs,freqblimp_curated,-1.9375,13.0,5.96875,14.9375,1.8893280632411067,1
head|inchoative|no_object_frame_overlay_subject_trial_s00|overlay_subject_trial_s00_wayside|5|change|admire,head,inchoative,overlay_subject_trial_s00_wayside,wayside,overlay_arg_1_match,bad_to_good,resid_post_layer_20,verb_final_subtoken,8,train_anchor,8,train_anchor,8,admire,change,head,head,freqblimp_curated,freqblimp_curated,-1.9375,6.8125,4.875,8.75,1.2844036697247707,1
head|inchoative|no_object_frame_overlay_subject_trial_s00|overlay_subject_trial_s00_wayside|6|dim|respect,head,inchoative,overlay_subject_trial_s00_wayside,wayside,overlay_arg_1_match,bad_to_good,resid_post_layer_20,verb_final_subtoken,8,train_anchor,8,train_anchor,8,respect,dim,head,head,freqblimp_curated,freqblimp_curated,0.0625,13.5,5.5,13.4375,2.471264367816092,1
head|inchoative|no_object_frame_overlay_subject_trial_s00|overlay_subject_trial_s00_wayside|7|shut|accuse,head,inchoative,overlay_subject_trial_s00_wayside,wayside,overlay_arg_1_match,bad_to_good,resid_post_layer_20,verb_final_subtoken,8,train_anchor,8,train_anchor,8,accuse,shut,head,head,supplemental_v2_bad_verbs,freqblimp_curated,-0.5625,15.51123046875,5.1875,16.07373046875,2.7954313858695654,1
head|inchoative|no_object_frame_overlay_subject_trial_s00|overlay_subject_trial_s00_wayside|8|freeze|acquire,head,inchoative,overlay_subject_trial_s00_wayside,wayside,overlay_arg_1_match,bad_to_good,resid_post_layer_20,verb_final_subtoken,8,train_anchor,8,train_anchor,8,acquire,freeze,head,head,supplemental_v2_bad_verbs,freqblimp_curated,-0.5625,9.75,4.6875,10.3125,1.9642857142857142,1
head|inchoative|no_object_frame_overlay_subject_trial_s00|overlay_subject_trial_s00_wayside|9|fold|persuade,head,inchoative,overlay_subject_trial_s00_wayside,wayside,overlay_arg_1_match,bad_to_good,resid_post_layer_20,verb_final_subtoken,8,train_anchor,8,train_anchor,8,persuade,fold,head,head,supplemental_v2_bad_verbs,freqblimp_curated,1.500000238418579,13.046875,3.6875,11.546875,5.27857200389012,1
head|inchoative|no_object_frame_overlay_subject_trial_s00|overlay_subject_trial_s00_wayside|11|crash|notify,head,inchoative,overlay_subject_trial_s00_wayside,wayside,overlay_arg_1_match,bad_to_good,resid_post_layer_20,verb_final_subtoken,8,train_anchor,8,train_anchor,8,notify,crash,head,head,supplemental_v2_bad_verbs,freqblimp_curated,-0.625,11.984375,6.8125,12.609375,1.6953781512605042,1
head|inchoative|no_object_frame_overlay_subject_trial_s00|overlay_subject_trial_s00_wayside|13|bake|destroy,head,inchoative,overlay_subject_trial_s00_wayside,wayside,overlay_arg_1_match,bad_to_good,resid_post_layer_20,verb_final_subtoken,8,train_anchor,8,train_anchor,8,destroy,bake,head,head,freqblimp_curated,freqblimp_curated,1.687499761581421,10.171875,4.1875,8.484375,3.39374967634681,1
head|inchoative|no_object_frame_overlay_subject_trial_s00|overlay_subject_trial_s00_wayside|14|close|affect,head,inchoative,overlay_subject_trial_s00_wayside,wayside,overlay_arg_1_match,bad_to_good,resid_post_layer_20,verb_final_subtoken,8,train_anchor,8,train_anchor,8,affect,close,head,head,supplemental_v2_bad_verbs,freqblimp_curated,-0.8125002384185791,12.375,5.5625,13.1875,2.0686274509803924,1
head|inchoative|no_object_frame_overlay_subject_trial_s00|overlay_subject_trial_s00_wayside|15|stop|suppress,head,inchoative,overlay_subject_trial_s00_wayside,wayside,overlay_arg_1_match,bad_to_good,resid_post_layer_20,verb_final_subtoken,8,train_anchor,8,train_anchor,8,suppress,stop,head,head,supplemental_v2_bad_verbs,freqblimp_curated,1.0625,6.937500476837158,4.25,5.875000476837158,1.843137404497932,1
head|inchoative|no_object_frame_overlay_subject_trial_s01|overlay_subject_trial_s01_wbc|0|benefit|accuse,head,inchoative,overlay_subject_trial_s01_wbc,wbc,overlay_arg_1_match,bad_to_good,resid_post_layer_20,verb_final_subtoken,8,train_anchor,8,train_anchor,8,accuse,benefit,head,head,supplemental_v2_bad_verbs,freqblimp_curated,0.8750002384185791,8.96875,5.84375,8.09375,1.628930817610063,1
head|inchoative|no_object_frame_overlay_subject_trial_s01|overlay_subject_trial_s01_wbc|1|burn|suppress,head,inchoative,overlay_subject_trial_s01_wbc,wbc,overlay_arg_1_match,bad_to_good,resid_post_layer_20,verb_final_subtoken,8,train_anchor,8,train_anchor,8,suppress,burn,head,head,supplemental_v2_bad_verbs,freqblimp_curated,2.937500238418579,7.0,3.999999761581421,4.0625,3.823531127719263,1
head|inchoative|no_object_frame_overlay_subject_trial_s01|overlay_subject_trial_s01_wbc|2|chip|persuade,head,inchoative,overlay_subject_trial_s01_wbc,wbc,overlay_arg_1_match,bad_to_good,resid_post_layer_20,verb_final_subtoken,8,train_anchor,8,train_anchor,8,persuade,chip,head,head,supplemental_v2_bad_verbs,freqblimp_curated,2.624999761581421,10.84375,5.5625,8.21875,2.797872113339679,1
head|inchoative|no_object_frame_overlay_subject_trial_s01|overlay_subject_trial_s01_wbc|3|crack|affect,head,inchoative,overlay_subject_trial_s01_wbc,wbc,overlay_arg_1_match,bad_to_good,resid_post_layer_20,verb_final_subtoken,8,train_anchor,8,train_anchor,8,affect,crack,head,head,supplemental_v2_bad_verbs,freqblimp_curated,2.0625,10.765625,6.84375,8.703125,1.8202614379084967,1
head|inchoative|no_object_frame_overlay_subject_trial_s01|overlay_subject_trial_s01_wbc|4|bake|require,head,inchoative,overlay_subject_trial_s01_wbc,wbc,overlay_arg_1_match,bad_to_good,resid_post_layer_20,verb_final_subtoken,8,train_anchor,8,train_anchor,8,require,bake,head,head,supplemental_v2_bad_verbs,freqblimp_curated,2.875,8.75,5.15625,5.875,2.5753424657534247,1
head|inchoative|no_object_frame_overlay_subject_trial_s01|overlay_subject_trial_s01_wbc|5|move|retrieve,head,inchoative,overlay_subject_trial_s01_wbc,wbc,overlay_arg_1_match,bad_to_good,resid_post_layer_20,verb_final_subtoken,8,train_anchor,8,train_anchor,8,retrieve,move,head,head,supplemental_v2_bad_verbs,freqblimp_curated,2.875,12.75,6.625,9.875,2.6333333333333333,1
head|inchoative|no_object_frame_overlay_subject_trial_s01|overlay_subject_trial_s01_wbc|6|twist|arrest,head,inchoative,overlay_subject_trial_s01_wbc,wbc,overlay_arg_1_match,bad_to_good,resid_post_layer_20,verb_final_subtoken,8,train_anchor,8,train_anchor,8,arrest,twist,head,head,supplemental_v2_bad_verbs,freqblimp_curated,2.9375,6.4375,3.875,3.5,3.7333333333333334,1
head|inchoative|no_object_frame_overlay_subject_trial_s01|overlay_subject_trial_s01_wbc|7|worry|abuse,head,inchoative,overlay_subject_trial_s01_wbc,wbc,overlay_arg_1_match,bad_to_good,resid_post_layer_20,verb_final_subtoken,8,train_anchor,8,train_anchor,8,abuse,worry,head,head,supplemental_v2_bad_verbs,freqblimp_curated,2.375,7.46875,2.812500238418579,5.09375,11.642850798006986,1
head|inchoative|no_object_frame_overlay_subject_trial_s01|overlay_subject_trial_s01_wbc|8|drop|possess,head,inchoative,overlay_subject_trial_s01_wbc,wbc,overlay_arg_1_match,bad_to_good,resid_post_layer_20,verb_final_subtoken,8,train_anchor,8,train_anchor,8,possess,drop,head,head,supplemental_v2_bad_verbs,freqblimp_curated,1.0625,9.0625,5.375,8.0,1.855072463768116,1
head|inchoative|no_object_frame_overlay_subject_trial_s01|overlay_subject_trial_s01_wbc|10|roll|avoid,head,inchoative,overlay_subject_trial_s01_wbc,wbc,overlay_arg_1_match,bad_to_good,resid_post_layer_20,verb_final_subtoken,8,train_anchor,8,train_anchor,8,avoid,roll,head,head,supplemental_v2_bad_verbs,freqblimp_curated,2.625,10.09375,5.78125,7.46875,2.366336633663366,1
head|inchoative|no_object_frame_overlay_subject_trial_s01|overlay_subject_trial_s01_wbc|11|soak|blame,head,inchoative,overlay_subject_trial_s01_wbc,wbc,overlay_arg_1_match,bad_to_good,resid_post_layer_20,verb_final_subtoken,8,train_anchor,8,train_anchor,8,blame,soak,head,head,supplemental_v2_bad_verbs,freqblimp_curated,3.874999761581421,11.875,7.3125,8.0,2.327272565857449,1
head|inchoative|no_object_frame_overlay_subject_trial_s01|overlay_subject_trial_s01_wbc|12|dim|admire,head,inchoative,overlay_subject_trial_s01_wbc,wbc,overlay_arg_1_match,bad_to_good,resid_post_layer_20,verb_final_subtoken,8,train_anchor,8,train_anchor,8,admire,dim,head,head,freqblimp_curated,freqblimp_curated,2.250000238418579,10.84375,4.9375,8.59375,3.1976747022828125,1
head|inchoative|no_object_frame_overlay_subject_trial_s01|overlay_subject_trial_s01_wbc|13|melt|respect,head,inchoative,overlay_subject_trial_s01_wbc,wbc,overlay_arg_1_match,bad_to_good,resid_post_layer_20,verb_final_subtoken,8,train_anchor,8,train_anchor,8,respect,melt,head,head,freqblimp_curated,freqblimp_curated,0.875,10.1875,6.4375,9.3125,1.6741573033707866,1
head|inchoative|no_object_frame_overlay_subject_trial_s01|overlay_subject_trial_s01_wbc|14|slow|notify,head,inchoative,overlay_subject_trial_s01_wbc,wbc,overlay_arg_1_match,bad_to_good,resid_post_layer_20,verb_final_subtoken,8,train_anchor,8,train_anchor,8,notify,slow,head,head,supplemental_v2_bad_verbs,freqblimp_curated,3.125,10.0625,6.5,6.9375,2.0555555555555554,1
head|inchoative|no_object_frame_overlay_subject_trial_s01|overlay_subject_trial_s01_wbc|15|shut|destroy,head,inchoative,overlay_subject_trial_s01_wbc,wbc,overlay_arg_1_match,bad_to_good,resid_post_layer_20,verb_final_subtoken,8,train_anchor,8,train_anchor,8,destroy,shut,head,head,freqblimp_curated,freqblimp_curated,3.687500238418579,10.265625,5.0625,6.578125,4.784091738630076,1
head|inchoative|no_object_frame_overlay_subject_trial_s02|overlay_subject_trial_s02_weakener|1|move|blame,head,inchoative,overlay_subject_trial_s02_weakener,weakener,overlay_arg_1_match,bad_to_good,resid_post_layer_20,verb_final_subtoken,8,train_anchor,8,train_anchor,8,blame,move,head,head,supplemental_v2_bad_verbs,freqblimp_curated,3.374999761581421,13.5,6.625,10.125,3.1153843868413786,1
head|inchoative|no_object_frame_overlay_subject_trial_s02|overlay_subject_trial_s02_weakener|2|chip|persuade,head,inchoative,overlay_subject_trial_s02_weakener,weakener,overlay_arg_1_match,bad_to_good,resid_post_layer_20,verb_final_subtoken,8,train_anchor,8,train_anchor,8,persuade,chip,head,head,supplemental_v2_bad_verbs,freqblimp_curated,3.250000238418579,11.59375,6.5625,8.34375,2.518868105824892,1
head|inchoative|no_object_frame_overlay_subject_trial_s02|overlay_subject_trial_s02_weakener|3|soak|possess,head,inchoative,overlay_subject_trial_s02_weakener,weakener,overlay_arg_1_match,bad_to_good,resid_post_layer_20,verb_final_subtoken,8,train_anchor,8,train_anchor,8,possess,soak,head,head,supplemental_v2_bad_verbs,freqblimp_curated,4.0625,9.875,5.4375,5.8125,4.2272727272727275,1
head|inchoative|no_object_frame_overlay_subject_trial_s02|overlay_subject_trial_s02_weakener|4|shrink|acquire,head,inchoative,overlay_subject_trial_s02_weakener,weakener,overlay_arg_1_match,bad_to_good,resid_post_layer_20,verb_final_subtoken,8,train_anchor,8,train_anchor,8,acquire,shrink,head,head,supplemental_v2_bad_verbs,freqblimp_curated,2.1875,9.34375,6.15625,7.15625,1.8031496062992125,1
head|inchoative|no_object_frame_overlay_subject_trial_s02|overlay_subject_trial_s02_weakener|6|drop|suppress,head,inchoative,overlay_subject_trial_s02_weakener,weakener,overlay_arg_1_match,bad_to_good,resid_post_layer_20,verb_final_subtoken,8,train_anchor,8,train_anchor,8,suppress,drop,head,head,supplemental_v2_bad_verbs,freqblimp_curated,2.3125,10.0625,5.5,7.75,2.4313725490196076,1
head|inchoative|no_object_frame_overlay_subject_trial_s02|overlay_subject_trial_s02_weakener|7|change|respect,head,inchoative,overlay_subject_trial_s02_weakener,weakener,overlay_arg_1_match,bad_to_good,resid_post_layer_20,verb_final_subtoken,8,train_anchor,8,train_anchor,8,respect,change,head,head,freqblimp_curated,freqblimp_curated,3.3125,10.71875,6.375,7.40625,2.4183673469387754,1
head|inchoative|no_object_frame_overlay_subject_trial_s02|overlay_subject_trial_s02_weakener|8|accelerate|affect,head,inchoative,overlay_subject_trial_s02_weakener,weakener,overlay_arg_1_match,bad_to_good,resid_post_layer_20,verb_final_subtoken,8,train_anchor,8,train_anchor,8,affect,accelerate,head,head,supplemental_v2_bad_verbs,freqblimp_curated,4.5625,8.0625,6.34375,3.5,1.9649122807017543,1
head|inchoative|no_object_frame_overlay_subject_trial_s02|overlay_subject_trial_s02_weakener|9|turn|abuse,head,inchoative,overlay_subject_trial_s02_weakener,weakener,overlay_arg_1_match,bad_to_good,resid_post_layer_20,verb_final_subtoken,8,train_anchor,8,train_anchor,8,abuse,turn,head,head,supplemental_v2_bad_verbs,freqblimp_curated,3.937499761581421,11.28125,3.625,7.34375,-23.500017929090827,1
head|inchoative|no_object_frame_overlay_subject_trial_s02|overlay_subject_trial_s02_weakener|10|slow|retrieve,head,inchoative,overlay_subject_trial_s02_weakener,weakener,overlay_arg_1_match,bad_to_good,resid_post_layer_20,verb_final_subtoken,8,train_anchor,8,train_anchor,8,retrieve,slow,head,head,supplemental_v2_bad_verbs,freqblimp_curated,5.625,9.78125,6.0625,4.15625,9.5,1
head|inchoative|no_object_frame_overlay_subject_trial_s02|overlay_subject_trial_s02_weakener|11|grow|accuse,head,inchoative,overlay_subject_trial_s02_weakener,weakener,overlay_arg_1_match,bad_to_good,resid_post_layer_20,verb_final_subtoken,8,train_anchor,8,train_anchor,8,accuse,grow,head,head,supplemental_v2_bad_verbs,freqblimp_curated,1.187500238418579,11.6875,7.21875,10.5,1.7409326424870466,1
head|inchoative|no_object_frame_overlay_subject_trial_s02|overlay_subject_trial_s02_weakener|12|crash|admire,head,inchoative,overlay_subject_trial_s02_weakener,weakener,overlay_arg_1_match,bad_to_good,resid_post_layer_20,verb_final_subtoken,8,train_anchor,8,train_anchor,8,admire,crash,head,head,freqblimp_curated,freqblimp_curated,1.1875,10.09375,4.75,8.90625,2.5,1
head|inchoative|no_object_frame_overlay_subject_trial_s02|overlay_subject_trial_s02_weakener|13|roll|destroy,head,inchoative,overlay_subject_trial_s02_weakener,weakener,overlay_arg_1_match,bad_to_good,resid_post_layer_20,verb_final_subtoken,8,train_anchor,8,train_anchor,8,destroy,roll,head,head,freqblimp_curated,freqblimp_curated,2.749999761581421,13.609375,5.5,10.859375,3.948863294006409,1
head|inchoative|no_object_frame_overlay_subject_trial_s02|overlay_subject_trial_s02_weakener|14|dry|require,head,inchoative,overlay_subject_trial_s02_weakener,weakener,overlay_arg_1_match,bad_to_good,resid_post_layer_20,verb_final_subtoken,8,train_anchor,8,train_anchor,8,require,dry,head,head,supplemental_v2_bad_verbs,freqblimp_curated,1.875,11.9375,6.6875,10.0625,2.090909090909091,1
head|inchoative|no_object_frame_overlay_subject_trial_s02|overlay_subject_trial_s02_weakener|15|dim|arrest,head,inchoative,overlay_subject_trial_s02_weakener,weakener,overlay_arg_1_match,bad_to_good,resid_post_layer_20,verb_final_subtoken,8,train_anchor,8,train_anchor,8,arrest,dim,head,head,supplemental_v2_bad_verbs,freqblimp_curated,3.1875,9.21875,4.75,6.03125,3.86,1
head|inchoative|no_object_frame_overlay_subject_trial_s03|overlay_subject_trial_s03_weald|1|warp|avoid,head,inchoative,overlay_subject_trial_s03_weald,weald,overlay_arg_1_match,bad_to_good,resid_post_layer_20,verb_final_subtoken,8,train_anchor,8,train_anchor,8,avoid,warp,head,head,supplemental_v2_bad_verbs,freqblimp_curated,1.5625,8.71875,5.53125,7.15625,1.8031496062992125,1
head|inchoative|no_object_frame_overlay_subject_trial_s03|overlay_subject_trial_s03_weald|2|fold|blame,head,inchoative,overlay_subject_trial_s03_weald,weald,overlay_arg_1_match,bad_to_good,resid_post_layer_20,verb_final_subtoken,8,train_anchor,8,train_anchor,8,blame,fold,head,head,supplemental_v2_bad_verbs,freqblimp_curated,1.3125,11.859375,6.40625,10.546875,2.0705521472392636,1
head|inchoative|no_object_frame_overlay_subject_trial_s03|overlay_subject_trial_s03_weald|3|freeze|possess,head,inchoative,overlay_subject_trial_s03_weald,weald,overlay_arg_1_match,bad_to_good,resid_post_layer_20,verb_final_subtoken,8,train_anchor,8,train_anchor,8,possess,freeze,head,head,supplemental_v2_bad_verbs,freqblimp_curated,-0.6875,10.0625,5.84375,10.75,1.645933014354067,1
head|inchoative|no_object_frame_overlay_subject_trial_s03|overlay_subject_trial_s03_weald|4|change|notify,head,inchoative,overlay_subject_trial_s03_weald,weald,overlay_arg_1_match,bad_to_good,resid_post_layer_20,verb_final_subtoken,8,train_anchor,8,train_anchor,8,notify,change,head,head,supplemental_v2_bad_verbs,freqblimp_curated,0.875,11.15625,8.3125,10.28125,1.3823529411764706,1
head|inchoative|no_object_frame_overlay_subject_trial_s03|overlay_subject_trial_s03_weald|5|stretch|abuse,head,inchoative,overlay_subject_trial_s03_weald,weald,overlay_arg_1_match,bad_to_good,resid_post_layer_20,verb_final_subtoken,8,train_anchor,8,train_anchor,8,abuse,stretch,head,head,supplemental_v2_bad_verbs,freqblimp_curated,2.1875,8.5,2.812499761581421,6.3125,10.100003852845708,1
head|inchoative|no_object_frame_overlay_subject_trial_s03|overlay_subject_trial_s03_weald|6|twist|arrest,head,inchoative,overlay_subject_trial_s03_weald,weald,overlay_arg_1_match,bad_to_good,resid_post_layer_20,verb_final_subtoken,8,train_anchor,8,train_anchor,8,arrest,twist,head,head,supplemental_v2_bad_verbs,freqblimp_curated,1.124999761581421,7.375,3.125,6.25,3.1249996274710146,1
head|inchoative|no_object_frame_overlay_subject_trial_s03|overlay_subject_trial_s03_weald|7|crash|affect,head,inchoative,overlay_subject_trial_s03_weald,weald,overlay_arg_1_match,bad_to_good,resid_post_layer_20,verb_final_subtoken,8,train_anchor,8,train_anchor,8,affect,crash,head,head,supplemental_v2_bad_verbs,freqblimp_curated,0.1875,11.671875,7.9375,11.484375,1.4818548387096775,1
head|inchoative|no_object_frame_overlay_subject_trial_s03|overlay_subject_trial_s03_weald|8|chip|accuse,head,inchoative,overlay_subject_trial_s03_weald,weald,overlay_arg_1_match,bad_to_good,resid_post_layer_20,verb_final_subtoken,8,train_anchor,8,train_anchor,8,accuse,chip,head,head,supplemental_v2_bad_verbs,freqblimp_curated,1.125,12.0,6.0625,10.875,2.2025316455696204,1
head|inchoative|no_object_frame_overlay_subject_trial_s03|overlay_subject_trial_s03_weald|10|fade|require,head,inchoative,overlay_subject_trial_s03_weald,weald,overlay_arg_1_match,bad_to_good,resid_post_layer_20,verb_final_subtoken,8,train_anchor,8,train_anchor,8,require,fade,head,head,supplemental_v2_bad_verbs,freqblimp_curated,-1.875000238418579,9.6875,6.59375,11.5625,1.3653136531365313,1
head|inchoative|no_object_frame_overlay_subject_trial_s03|overlay_subject_trial_s03_weald|11|grow|destroy,head,inchoative,overlay_subject_trial_s03_weald,weald,overlay_arg_1_match,bad_to_good,resid_post_layer_20,verb_final_subtoken,8,train_anchor,8,train_anchor,8,destroy,grow,head,head,freqblimp_curated,freqblimp_curated,0.0,10.5625,4.3125,10.5625,2.449275362318841,1
head|inchoative|no_object_frame_overlay_subject_trial_s03|overlay_subject_trial_s03_weald|13|worry|persuade,head,inchoative,overlay_subject_trial_s03_weald,weald,overlay_arg_1_match,bad_to_good,resid_post_layer_20,verb_final_subtoken,8,train_anchor,8,train_anchor,8,persuade,worry,head,head,supplemental_v2_bad_verbs,freqblimp_curated,2.062500238418579,8.40625,4.25,6.34375,2.9000003160749506,1
head|inchoative|no_object_frame_overlay_subject_trial_s03|overlay_subject_trial_s03_weald|14|shrink|acquire,head,inchoative,overlay_subject_trial_s03_weald,weald,overlay_arg_1_match,bad_to_good,resid_post_layer_20,verb_final_subtoken,8,train_anchor,8,train_anchor,8,acquire,shrink,head,head,supplemental_v2_bad_verbs,freqblimp_curated,-1.624999761581421,7.96875,6.09375,9.59375,1.242914979757085,1
head|inchoative|no_object_frame_overlay_subject_trial_s03|overlay_subject_trial_s03_weald|15|burn|respect,head,inchoative,overlay_subject_trial_s03_weald,weald,overlay_arg_1_match,bad_to_good,resid_post_layer_20,verb_final_subtoken,8,train_anchor,8,train_anchor,8,respect,burn,head,head,freqblimp_curated,freqblimp_curated,-0.1875,11.984375,5.75,12.171875,2.05,1
head|inchoative|no_object_frame_overlay_subject_visit_s02|overlay_subject_visit_s02_twistwood|0|chip|admire,head,inchoative,overlay_subject_visit_s02_twistwood,twistwood,overlay_arg_1_match,bad_to_good,resid_post_layer_20,verb_final_subtoken,8,train_anchor,8,train_anchor,8,admire,chip,head,head,freqblimp_curated,freqblimp_curated,-0.4375,12.09375,6.4375,12.53125,1.8227272727272728,1
head|inchoative|no_object_frame_overlay_subject_visit_s02|overlay_subject_visit_s02_twistwood|2|fade|require,head,inchoative,overlay_subject_visit_s02_twistwood,twistwood,overlay_arg_1_match,bad_to_good,resid_post_layer_20,verb_final_subtoken,8,train_anchor,8,train_anchor,8,require,fade,head,head,supplemental_v2_bad_verbs,freqblimp_curated,-3.4375,10.90625,6.625,14.34375,1.4254658385093169,1
head|inchoative|no_object_frame_overlay_subject_visit_s02|overlay_subject_visit_s02_twistwood|4|soak|affect,head,inchoative,overlay_subject_visit_s02_twistwood,twistwood,overlay_arg_1_match,bad_to_good,resid_post_layer_20,verb_final_subtoken,8,train_anchor,8,train_anchor,8,affect,soak,head,head,supplemental_v2_bad_verbs,freqblimp_curated,0.8125,17.890625,8.28125,17.078125,2.286610878661088,1
head|inchoative|no_object_frame_overlay_subject_visit_s02|overlay_subject_visit_s02_twistwood|5|shrink|retrieve,head,inchoative,overlay_subject_visit_s02_twistwood,twistwood,overlay_arg_1_match,bad_to_good,resid_post_layer_20,verb_final_subtoken,8,train_anchor,8,train_anchor,8,retrieve,shrink,head,head,supplemental_v2_bad_verbs,freqblimp_curated,-1.8125,12.703125,6.40625,14.515625,1.7661596958174905,1
head|inchoative|no_object_frame_overlay_subject_visit_s02|overlay_subject_visit_s02_twistwood|6|roll|suppress,head,inchoative,overlay_subject_visit_s02_twistwood,twistwood,overlay_arg_1_match,bad_to_good,resid_post_layer_20,verb_final_subtoken,8,train_anchor,8,train_anchor,8,suppress,roll,head,head,supplemental_v2_bad_verbs,freqblimp_curated,-0.625,13.7890625,5.46875,14.4140625,2.3653846153846154,1
head|inchoative|no_object_frame_overlay_subject_visit_s02|overlay_subject_visit_s02_twistwood|7|melt|persuade,head,inchoative,overlay_subject_visit_s02_twistwood,twistwood,overlay_arg_1_match,bad_to_good,resid_post_layer_20,verb_final_subtoken,8,train_anchor,8,train_anchor,8,persuade,melt,head,head,supplemental_v2_bad_verbs,freqblimp_curated,-1.75,15.15625,6.0,16.90625,2.181451612903226,1
head|inchoative|no_object_frame_overlay_subject_visit_s02|overlay_subject_visit_s02_twistwood|8|dry|notify,head,inchoative,overlay_subject_visit_s02_twistwood,twistwood,overlay_arg_1_match,bad_to_good,resid_post_layer_20,verb_final_subtoken,8,train_anchor,8,train_anchor,8,notify,dry,head,head,supplemental_v2_bad_verbs,freqblimp_curated,-2.25,15.80859375,7.968749523162842,18.05859375,1.7672018348623852,1
head|inchoative|no_object_frame_overlay_subject_visit_s02|overlay_subject_visit_s02_twistwood|9|dim|avoid,head,inchoative,overlay_subject_visit_s02_twistwood,twistwood,overlay_arg_1_match,bad_to_good,resid_post_layer_20,verb_final_subtoken,8,train_anchor,8,train_anchor,8,avoid,dim,head,head,supplemental_v2_bad_verbs,freqblimp_curated,0.4375,13.875,7.625,13.4375,1.8695652173913044,1
head|inchoative|no_object_frame_overlay_subject_visit_s02|overlay_subject_visit_s02_twistwood|10|shut|respect,head,inchoative,overlay_subject_visit_s02_twistwood,twistwood,overlay_arg_1_match,bad_to_good,resid_post_layer_20,verb_final_subtoken,8,train_anchor,8,train_anchor,8,respect,shut,head,head,freqblimp_curated,freqblimp_curated,2.1875,15.3056640625,7.34375,13.1181640625,2.5441287878787877,1
head|inchoative|no_object_frame_overlay_subject_visit_s02|overlay_subject_visit_s02_twistwood|11|stop|accuse,head,inchoative,overlay_subject_visit_s02_twistwood,twistwood,overlay_arg_1_match,bad_to_good,resid_post_layer_20,verb_final_subtoken,8,train_anchor,8,train_anchor,8,accuse,stop,head,head,supplemental_v2_bad_verbs,freqblimp_curated,1.0,11.453125,6.40625,10.453125,1.9335260115606936,1
head|inchoative|no_object_frame_overlay_subject_visit_s02|overlay_subject_visit_s02_twistwood|12|freeze|possess,head,inchoative,overlay_subject_visit_s02_twistwood,twistwood,overlay_arg_1_match,bad_to_good,resid_post_layer_20,verb_final_subtoken,8,train_anchor,8,train_anchor,8,possess,freeze,head,head,supplemental_v2_bad_verbs,freqblimp_curated,-2.375,10.71875,6.34375,13.09375,1.5017921146953406,1
head|inchoative|no_object_frame_overlay_subject_visit_s02|overlay_subject_visit_s02_twistwood|15|open|blame,head,inchoative,overlay_subject_visit_s02_twistwood,twistwood,overlay_arg_1_match,bad_to_good,resid_post_layer_20,verb_final_subtoken,8,train_anchor,8,train_anchor,8,blame,open,head,head,supplemental_v2_bad_verbs,freqblimp_curated,2.0,13.15625,6.9375,11.15625,2.259493670886076,1
head|inchoative|no_object_frame_overlay_subject_check_s01|overlay_subject_check_s01_ovolo|0|turn|affect,head,inchoative,overlay_subject_check_s01_ovolo,ovolo,overlay_arg_1_match,bad_to_good,resid_post_layer_20,verb_final_subtoken,9,train_anchor,9,train_anchor,9,affect,turn,head,head,supplemental_v2_bad_verbs,freqblimp_curated,2.249999761581421,14.29296875,7.0625,12.04296875,2.502435064935065,1
head|inchoative|no_object_frame_overlay_subject_check_s01|overlay_subject_check_s01_ovolo|1|soak|respect,head,inchoative,overlay_subject_check_s01_ovolo,ovolo,overlay_arg_1_match,bad_to_good,resid_post_layer_20,verb_final_subtoken,9,train_anchor,9,train_anchor,9,respect,soak,head,head,freqblimp_curated,freqblimp_curated,3.3125,11.53125,7.46875,8.21875,1.9774436090225564,1
head|inchoative|no_object_frame_overlay_subject_check_s01|overlay_subject_check_s01_ovolo|3|melt|require,head,inchoative,overlay_subject_check_s01_ovolo,ovolo,overlay_arg_1_match,bad_to_good,resid_post_layer_20,verb_final_subtoken,9,train_anchor,9,train_anchor,9,require,melt,head,head,supplemental_v2_bad_verbs,freqblimp_curated,1.5,10.0625,7.125,8.5625,1.5222222222222221,1
head|inchoative|no_object_frame_overlay_subject_check_s01|overlay_subject_check_s01_ovolo|4|change|destroy,head,inchoative,overlay_subject_check_s01_ovolo,ovolo,overlay_arg_1_match,bad_to_good,resid_post_layer_20,verb_final_subtoken,9,train_anchor,9,train_anchor,9,destroy,change,head,head,freqblimp_curated,freqblimp_curated,2.4375,9.71875,5.5,7.28125,2.377551020408163,1
head|inchoative|no_object_frame_overlay_subject_check_s01|overlay_subject_check_s01_ovolo|5|close|accuse,head,inchoative,overlay_subject_check_s01_ovolo,ovolo,overlay_arg_1_match,bad_to_good,resid_post_layer_20,verb_final_subtoken,9,train_anchor,9,train_anchor,9,accuse,close,head,head,supplemental_v2_bad_verbs,freqblimp_curated,2.375,9.84375,4.875,7.46875,2.9875,1
head|inchoative|no_object_frame_overlay_subject_check_s01|overlay_subject_check_s01_ovolo|6|crack|abuse,head,inchoative,overlay_subject_check_s01_ovolo,ovolo,overlay_arg_1_match,bad_to_good,resid_post_layer_20,verb_final_subtoken,9,train_anchor,9,train_anchor,9,abuse,crack,head,head,supplemental_v2_bad_verbs,freqblimp_curated,1.875,9.5625,3.8125,7.6875,3.967741935483871,1
head|inchoative|no_object_frame_overlay_subject_check_s01|overlay_subject_check_s01_ovolo|7|chip|avoid,head,inchoative,overlay_subject_check_s01_ovolo,ovolo,overlay_arg_1_match,bad_to_good,resid_post_layer_20,verb_final_subtoken,9,train_anchor,9,train_anchor,9,avoid,chip,head,head,supplemental_v2_bad_verbs,freqblimp_curated,3.0625,9.71875,5.96875,6.65625,2.2903225806451615,1
head|inchoative|no_object_frame_overlay_subject_check_s01|overlay_subject_check_s01_ovolo|8|awaken|notify,head,inchoative,overlay_subject_check_s01_ovolo,ovolo,overlay_arg_1_match,bad_to_good,resid_post_layer_20,verb_final_subtoken,9,train_anchor,9,train_anchor,9,notify,awaken,head,head,supplemental_v2_bad_verbs,freqblimp_curated,-0.3125,9.625,7.406249523162842,9.9375,1.2874494722466394,1
head|inchoative|no_object_frame_overlay_subject_check_s01|overlay_subject_check_s01_ovolo|9|worry|admire,head,inchoative,overlay_subject_check_s01_ovolo,ovolo,overlay_arg_1_match,bad_to_good,resid_post_layer_20,verb_final_subtoken,9,train_anchor,9,train_anchor,9,admire,worry,head,head,freqblimp_curated,freqblimp_curated,1.5,10.5625,6.5625,9.0625,1.7901234567901234,1
head|inchoative|no_object_frame_overlay_subject_check_s01|overlay_subject_check_s01_ovolo|10|slow|persuade,head,inchoative,overlay_subject_check_s01_ovolo,ovolo,overlay_arg_1_match,bad_to_good,resid_post_layer_20,verb_final_subtoken,9,train_anchor,9,train_anchor,9,persuade,slow,head,head,supplemental_v2_bad_verbs,freqblimp_curated,2.375,13.5390625,6.09375,11.1640625,3.0021008403361344,1
head|inchoative|no_object_frame_overlay_subject_check_s01|overlay_subject_check_s01_ovolo|11|fold|arrest,head,inchoative,overlay_subject_check_s01_ovolo,ovolo,overlay_arg_1_match,bad_to_good,resid_post_layer_20,verb_final_subtoken,9,train_anchor,9,train_anchor,9,arrest,fold,head,head,supplemental_v2_bad_verbs,freqblimp_curated,2.500000238418579,9.9375,3.6875,7.4375,6.263159152213478,1
head|inchoative|no_object_frame_overlay_subject_check_s01|overlay_subject_check_s01_ovolo|12|fade|retrieve,head,inchoative,overlay_subject_check_s01_ovolo,ovolo,overlay_arg_1_match,bad_to_good,resid_post_layer_20,verb_final_subtoken,9,train_anchor,9,train_anchor,9,retrieve,fade,head,head,supplemental_v2_bad_verbs,freqblimp_curated,0.875,13.828125,8.21875,12.953125,1.7638297872340425,1
head|inchoative|no_object_frame_overlay_subject_check_s01|overlay_subject_check_s01_ovolo|13|dry|possess,head,inchoative,overlay_subject_check_s01_ovolo,ovolo,overlay_arg_1_match,bad_to_good,resid_post_layer_20,verb_final_subtoken,9,train_anchor,9,train_anchor,9,possess,dry,head,head,supplemental_v2_bad_verbs,freqblimp_curated,2.125,12.265625,6.03125,10.140625,2.596,1
head|inchoative|no_object_frame_overlay_subject_check_s01|overlay_subject_check_s01_ovolo|14|move|blame,head,inchoative,overlay_subject_check_s01_ovolo,ovolo,overlay_arg_1_match,bad_to_good,resid_post_layer_20,verb_final_subtoken,9,train_anchor,9,train_anchor,9,blame,move,head,head,supplemental_v2_bad_verbs,freqblimp_curated,2.687500238418579,13.015625,5.90625,10.328125,3.20873810175465,1
head|inchoative|no_object_frame_overlay_subject_check_s01|overlay_subject_check_s01_ovolo|15|bake|acquire,head,inchoative,overlay_subject_check_s01_ovolo,ovolo,overlay_arg_1_match,bad_to_good,resid_post_layer_20,verb_final_subtoken,9,train_anchor,9,train_anchor,9,acquire,bake,head,head,supplemental_v2_bad_verbs,freqblimp_curated,2.437500238418579,11.28125,6.500000476837158,8.84375,2.1769230769230767,1
head|inchoative|no_object_frame_overlay_subject_lab_s00|overlay_subject_lab_s00_tsouic|0|burn|affect,head,inchoative,overlay_subject_lab_s00_tsouic,tsouic,overlay_arg_1_match,bad_to_good,resid_post_layer_20,verb_final_subtoken,9,train_anchor,9,train_anchor,9,affect,burn,head,head,supplemental_v2_bad_verbs,freqblimp_curated,2.499999761581421,10.71875,7.59375,8.21875,1.6134969325153374,1
head|inchoative|no_object_frame_overlay_subject_lab_s00|overlay_subject_lab_s00_tsouic|1|melt|notify,head,inchoative,overlay_subject_lab_s00_tsouic,tsouic,overlay_arg_1_match,bad_to_good,resid_post_layer_20,verb_final_subtoken,9,train_anchor,9,train_anchor,9,notify,melt,head,head,supplemental_v2_bad_verbs,freqblimp_curated,3.4375,11.21875,7.1875,7.78125,2.075,1
head|inchoative|no_object_frame_overlay_subject_lab_s00|overlay_subject_lab_s00_tsouic|2|bake|persuade,head,inchoative,overlay_subject_lab_s00_tsouic,tsouic,overlay_arg_1_match,bad_to_good,resid_post_layer_20,verb_final_subtoken,9,train_anchor,9,train_anchor,9,persuade,bake,head,head,supplemental_v2_bad_verbs,freqblimp_curated,3.0625,12.296875,6.0625,9.234375,3.078125,1
head|inchoative|no_object_frame_overlay_subject_lab_s00|overlay_subject_lab_s00_tsouic|3|slow|possess,head,inchoative,overlay_subject_lab_s00_tsouic,tsouic,overlay_arg_1_match,bad_to_good,resid_post_layer_20,verb_final_subtoken,9,train_anchor,9,train_anchor,9,possess,slow,head,head,supplemental_v2_bad_verbs,freqblimp_curated,5.0625,9.34375,5.90625,4.28125,5.074074074074074,1
head|inchoative|no_object_frame_overlay_subject_lab_s00|overlay_subject_lab_s00_tsouic|6|fade|retrieve,head,inchoative,overlay_subject_lab_s00_tsouic,tsouic,overlay_arg_1_match,bad_to_good,resid_post_layer_20,verb_final_subtoken,9,train_anchor,9,train_anchor,9,retrieve,fade,head,head,supplemental_v2_bad_verbs,freqblimp_curated,1.5625,12.203125,7.156249523162842,10.640625,1.9022347990268131,1
head|inchoative|no_object_frame_overlay_subject_lab_s00|overlay_subject_lab_s00_tsouic|7|freeze|acquire,head,inchoative,overlay_subject_lab_s00_tsouic,tsouic,overlay_arg_1_match,bad_to_good,resid_post_layer_20,verb_final_subtoken,9,train_anchor,9,train_anchor,9,acquire,freeze,head,head,supplemental_v2_bad_verbs,freqblimp_curated,3.749999761581421,10.546875,5.34375,6.796875,4.2647052443702185,1
head|inchoative|no_object_frame_overlay_subject_lab_s00|overlay_subject_lab_s00_tsouic|8|twist|require,head,inchoative,overlay_subject_lab_s00_tsouic,tsouic,overlay_arg_1_match,bad_to_good,resid_post_layer_20,verb_final_subtoken,9,train_anchor,9,train_anchor,9,require,twist,head,head,supplemental_v2_bad_verbs,freqblimp_curated,4.25,9.15625,6.531249523162842,4.90625,2.1506853810528024,1
head|inchoative|no_object_frame_overlay_subject_lab_s00|overlay_subject_lab_s00_tsouic|9|shut|admire,head,inchoative,overlay_subject_lab_s00_tsouic,tsouic,overlay_arg_1_match,bad_to_good,resid_post_layer_20,verb_final_subtoken,9,train_anchor,9,train_anchor,9,admire,shut,head,head,freqblimp_curated,freqblimp_curated,4.25,11.671875,5.75,7.421875,4.947916666666667,1
head|inchoative|no_object_frame_overlay_subject_lab_s00|overlay_subject_lab_s00_tsouic|10|turn|respect,head,inchoative,overlay_subject_lab_s00_tsouic,tsouic,overlay_arg_1_match,bad_to_good,resid_post_layer_20,verb_final_subtoken,9,train_anchor,9,train_anchor,9,respect,turn,head,head,freqblimp_curated,freqblimp_curated,4.4375,13.3828125,6.1875,8.9453125,5.111607142857143,1
head|inchoative|no_object_frame_overlay_subject_lab_s00|overlay_subject_lab_s00_tsouic|12|soak|arrest,head,inchoative,overlay_subject_lab_s00_tsouic,tsouic,overlay_arg_1_match,bad_to_good,resid_post_layer_20,verb_final_subtoken,9,train_anchor,9,train_anchor,9,arrest,soak,head,head,supplemental_v2_bad_verbs,freqblimp_curated,6.125,13.078125,4.5,6.953125,-4.278846153846154,1
head|inchoative|no_object_frame_overlay_subject_lab_s00|overlay_subject_lab_s00_tsouic|13|dim|accuse,head,inchoative,overlay_subject_lab_s00_tsouic,tsouic,overlay_arg_1_match,bad_to_good,resid_post_layer_20,verb_final_subtoken,9,train_anchor,9,train_anchor,9,accuse,dim,head,head,supplemental_v2_bad_verbs,freqblimp_curated,4.0,12.1875,5.28125,8.1875,6.390243902439025,1
head|inchoative|no_object_frame_overlay_subject_lab_s00|overlay_subject_lab_s00_tsouic|14|drop|suppress,head,inchoative,overlay_subject_lab_s00_tsouic,tsouic,overlay_arg_1_match,bad_to_good,resid_post_layer_20,verb_final_subtoken,9,train_anchor,9,train_anchor,9,suppress,drop,head,head,supplemental_v2_bad_verbs,freqblimp_curated,3.000000238418579,10.171875,5.6875,7.171875,2.668604887905111,1
head|inchoative|no_object_frame_overlay_subject_lab_s00|overlay_subject_lab_s00_tsouic|15|grow|destroy,head,inchoative,overlay_subject_lab_s00_tsouic,tsouic,overlay_arg_1_match,bad_to_good,resid_post_layer_20,verb_final_subtoken,9,train_anchor,9,train_anchor,9,destroy,grow,head,head,freqblimp_curated,freqblimp_curated,2.000000238418579,11.171875,5.5625,9.171875,2.5745615758100526,1
head|inchoative|no_object_frame_overlay_subject_visit_s00|overlay_subject_visit_s00_twinkie|0|freeze|arrest,head,inchoative,overlay_subject_visit_s00_twinkie,twinkie,overlay_arg_1_match,bad_to_good,resid_post_layer_20,verb_final_subtoken,9,train_anchor,9,train_anchor,9,arrest,freeze,head,head,supplemental_v2_bad_verbs,freqblimp_curated,0.3125,11.015625,4.4375,10.703125,2.5946969696969697,1
head|inchoative|no_object_frame_overlay_subject_visit_s00|overlay_subject_visit_s00_twinkie|1|move|notify,head,inchoative,overlay_subject_visit_s00_twinkie,twinkie,overlay_arg_1_match,bad_to_good,resid_post_layer_20,verb_final_subtoken,9,train_anchor,9,train_anchor,9,notify,move,head,head,supplemental_v2_bad_verbs,freqblimp_curated,2.625,13.03125,6.78125,10.40625,2.5037593984962405,1
head|inchoative|no_object_frame_overlay_subject_visit_s00|overlay_subject_visit_s00_twinkie|2|shut|accuse,head,inchoative,overlay_subject_visit_s00_twinkie,twinkie,overlay_arg_1_match,bad_to_good,resid_post_layer_20,verb_final_subtoken,9,train_anchor,9,train_anchor,9,accuse,shut,head,head,supplemental_v2_bad_verbs,freqblimp_curated,5.25,12.609375,6.09375,7.359375,8.722222222222221,1
head|inchoative|no_object_frame_overlay_subject_visit_s00|overlay_subject_visit_s00_twinkie|3|fade|require,head,inchoative,overlay_subject_visit_s00_twinkie,twinkie,overlay_arg_1_match,bad_to_good,resid_post_layer_20,verb_final_subtoken,9,train_anchor,9,train_anchor,9,require,fade,head,head,supplemental_v2_bad_verbs,freqblimp_curated,-1.1875,12.0625,6.375,13.25,1.7520661157024793,1
head|inchoative|no_object_frame_overlay_subject_visit_s00|overlay_subject_visit_s00_twinkie|4|change|admire,head,inchoative,overlay_subject_visit_s00_twinkie,twinkie,overlay_arg_1_match,bad_to_good,resid_post_layer_20,verb_final_subtoken,9,train_anchor,9,train_anchor,9,admire,change,head,head,freqblimp_curated,freqblimp_curated,1.3125,10.8125,7.40625,9.5,1.558974358974359,1
head|inchoative|no_object_frame_overlay_subject_visit_s00|overlay_subject_visit_s00_twinkie|5|dry|acquire,head,inchoative,overlay_subject_visit_s00_twinkie,twinkie,overlay_arg_1_match,bad_to_good,resid_post_layer_20,verb_final_subtoken,9,train_anchor,9,train_anchor,9,acquire,dry,head,head,supplemental_v2_bad_verbs,freqblimp_curated,1.624999761581421,14.4453125,5.75,12.8203125,3.1079545454545454,1
head|inchoative|no_object_frame_overlay_subject_visit_s00|overlay_subject_visit_s00_twinkie|6|close|persuade,head,inchoative,overlay_subject_visit_s00_twinkie,twinkie,overlay_arg_1_match,bad_to_good,resid_post_layer_20,verb_final_subtoken,9,train_anchor,9,train_anchor,9,persuade,close,head,head,supplemental_v2_bad_verbs,freqblimp_curated,4.1875,11.875,7.84375,7.6875,2.1025641025641026,1
head|inchoative|no_object_frame_overlay_subject_visit_s00|overlay_subject_visit_s00_twinkie|7|stop|suppress,head,inchoative,overlay_subject_visit_s00_twinkie,twinkie,overlay_arg_1_match,bad_to_good,resid_post_layer_20,verb_final_subtoken,9,train_anchor,9,train_anchor,9,suppress,stop,head,head,supplemental_v2_bad_verbs,freqblimp_curated,1.6875,7.90625,3.6875,6.21875,3.109375,1
head|inchoative|no_object_frame_overlay_subject_visit_s00|overlay_subject_visit_s00_twinkie|8|grow|avoid,head,inchoative,overlay_subject_visit_s00_twinkie,twinkie,overlay_arg_1_match,bad_to_good,resid_post_layer_20,verb_final_subtoken,9,train_anchor,9,train_anchor,9,avoid,grow,head,head,supplemental_v2_bad_verbs,freqblimp_curated,-0.5,11.78125,7.125,12.28125,1.610655737704918,1
head|inchoative|no_object_frame_overlay_subject_visit_s00|overlay_subject_visit_s00_twinkie|10|slow|retrieve,head,inchoative,overlay_subject_visit_s00_twinkie,twinkie,overlay_arg_1_match,bad_to_good,resid_post_layer_20,verb_final_subtoken,9,train_anchor,9,train_anchor,9,retrieve,slow,head,head,supplemental_v2_bad_verbs,freqblimp_curated,3.9375,13.4140625,6.6875,9.4765625,3.446022727272727,1
head|inchoative|no_object_frame_overlay_subject_visit_s00|overlay_subject_visit_s00_twinkie|11|awaken|blame,head,inchoative,overlay_subject_visit_s00_twinkie,twinkie,overlay_arg_1_match,bad_to_good,resid_post_layer_20,verb_final_subtoken,9,train_anchor,9,train_anchor,9,blame,awaken,head,head,supplemental_v2_bad_verbs,freqblimp_curated,-0.25,12.578125,6.750000476837158,12.828125,1.832589160879056,1
head|inchoative|no_object_frame_overlay_subject_visit_s00|overlay_subject_visit_s00_twinkie|12|bake|respect,head,inchoative,overlay_subject_visit_s00_twinkie,twinkie,overlay_arg_1_match,bad_to_good,resid_post_layer_20,verb_final_subtoken,9,train_anchor,9,train_anchor,9,respect,bake,head,head,freqblimp_curated,freqblimp_curated,2.625,11.390625,6.1875,8.765625,2.460526315789474,1
head|inchoative|no_object_frame_overlay_subject_visit_s00|overlay_subject_visit_s00_twinkie|13|melt|possess,head,inchoative,overlay_subject_visit_s00_twinkie,twinkie,overlay_arg_1_match,bad_to_good,resid_post_layer_20,verb_final_subtoken,9,train_anchor,9,train_anchor,9,possess,melt,head,head,supplemental_v2_bad_verbs,freqblimp_curated,0.125,11.6875,5.125,11.5625,2.3125,1
head|inchoative|no_object_frame_overlay_subject_visit_s00|overlay_subject_visit_s00_twinkie|14|chip|affect,head,inchoative,overlay_subject_visit_s00_twinkie,twinkie,overlay_arg_1_match,bad_to_good,resid_post_layer_20,verb_final_subtoken,9,train_anchor,9,train_anchor,9,affect,chip,head,head,supplemental_v2_bad_verbs,freqblimp_curated,3.812499761581421,14.34765625,7.28125,10.53515625,3.037161953408047,1
head|inchoative|no_object_frame_overlay_subject_visit_s00|overlay_subject_visit_s00_twinkie|15|accelerate|destroy,head,inchoative,overlay_subject_visit_s00_twinkie,twinkie,overlay_arg_1_match,bad_to_good,resid_post_layer_20,verb_final_subtoken,9,train_anchor,9,train_anchor,9,destroy,accelerate,head,head,freqblimp_curated,freqblimp_curated,2.374999761581421,11.0,6.4375,8.625,2.123076923076923,1
head|inchoative|no_object_frame_overlay_subject_visit_s01|overlay_subject_visit_s01_twinkler|0|fade|respect,head,inchoative,overlay_subject_visit_s01_twinkler,twinkler,overlay_arg_1_match,bad_to_good,resid_post_layer_20,verb_final_subtoken,9,train_anchor,9,train_anchor,9,respect,fade,head,head,freqblimp_curated,freqblimp_curated,0.875,13.96875,7.03125,13.09375,2.1269035532994924,1
head|inchoative|no_object_frame_overlay_subject_visit_s01|overlay_subject_visit_s01_twinkler|1|soak|retrieve,head,inchoative,overlay_subject_visit_s01_twinkler,twinkler,overlay_arg_1_match,bad_to_good,resid_post_layer_20,verb_final_subtoken,9,train_anchor,9,train_anchor,9,retrieve,soak,head,head,supplemental_v2_bad_verbs,freqblimp_curated,4.125,16.0546875,7.75,11.9296875,3.290948275862069,1
head|inchoative|no_object_frame_overlay_subject_visit_s01|overlay_subject_visit_s01_twinkler|2|twist|affect,head,inchoative,overlay_subject_visit_s01_twinkler,twinkler,overlay_arg_1_match,bad_to_good,resid_post_layer_20,verb_final_subtoken,9,train_anchor,9,train_anchor,9,affect,twist,head,head,supplemental_v2_bad_verbs,freqblimp_curated,4.875,13.0,7.625,8.125,2.9545454545454546,1
head|inchoative|no_object_frame_overlay_subject_visit_s01|overlay_subject_visit_s01_twinkler|3|change|arrest,head,inchoative,overlay_subject_visit_s01_twinkler,twinkler,overlay_arg_1_match,bad_to_good,resid_post_layer_20,verb_final_subtoken,9,train_anchor,9,train_anchor,9,arrest,change,head,head,supplemental_v2_bad_verbs,freqblimp_curated,2.9375,9.96875,4.625,7.03125,4.166666666666667,1
head|inchoative|no_object_frame_overlay_subject_visit_s01|overlay_subject_visit_s01_twinkler|4|freeze|destroy,head,inchoative,overlay_subject_visit_s01_twinkler,twinkler,overlay_arg_1_match,bad_to_good,resid_post_layer_20,verb_final_subtoken,9,train_anchor,9,train_anchor,9,destroy,freeze,head,head,freqblimp_curated,freqblimp_curated,3.125,13.0390625,8.375,9.9140625,1.8883928571428572,1
head|inchoative|no_object_frame_overlay_subject_visit_s01|overlay_subject_visit_s01_twinkler|5|grow|acquire,head,inchoative,overlay_subject_visit_s01_twinkler,twinkler,overlay_arg_1_match,bad_to_good,resid_post_layer_20,verb_final_subtoken,9,train_anchor,9,train_anchor,9,acquire,grow,head,head,supplemental_v2_bad_verbs,freqblimp_curated,1.3125,12.609375,7.156249523162842,11.296875,1.933155237955123,1
head|inchoative|no_object_frame_overlay_subject_visit_s01|overlay_subject_visit_s01_twinkler|7|stretch|blame,head,inchoative,overlay_subject_visit_s01_twinkler,twinkler,overlay_arg_1_match,bad_to_good,resid_post_layer_20,verb_final_subtoken,9,train_anchor,9,train_anchor,9,blame,stretch,head,head,supplemental_v2_bad_verbs,freqblimp_curated,3.0,13.4765625,6.906249523162842,10.4765625,2.6820003273926183,1
head|inchoative|no_object_frame_overlay_subject_visit_s01|overlay_subject_visit_s01_twinkler|8|roll|require,head,inchoative,overlay_subject_visit_s01_twinkler,twinkler,overlay_arg_1_match,bad_to_good,resid_post_layer_20,verb_final_subtoken,9,train_anchor,9,train_anchor,9,require,roll,head,head,supplemental_v2_bad_verbs,freqblimp_curated,3.812499761581421,12.625,6.875,8.8125,2.877550796388058,1
head|inchoative|no_object_frame_overlay_subject_visit_s01|overlay_subject_visit_s01_twinkler|9|dim|persuade,head,inchoative,overlay_subject_visit_s01_twinkler,twinkler,overlay_arg_1_match,bad_to_good,resid_post_layer_20,verb_final_subtoken,9,train_anchor,9,train_anchor,9,persuade,dim,head,head,supplemental_v2_bad_verbs,freqblimp_curated,5.4375,15.55859375,8.375,10.12109375,3.445478723404255,1
head|inchoative|no_object_frame_overlay_subject_visit_s01|overlay_subject_visit_s01_twinkler|10|crash|possess,head,inchoative,overlay_subject_visit_s01_twinkler,twinkler,overlay_arg_1_match,bad_to_good,resid_post_layer_20,verb_final_subtoken,9,train_anchor,9,train_anchor,9,possess,crash,head,head,supplemental_v2_bad_verbs,freqblimp_curated,2.375,12.390625,5.8125,10.015625,2.9136363636363636,1
head|inchoative|no_object_frame_overlay_subject_visit_s01|overlay_subject_visit_s01_twinkler|11|melt|suppress,head,inchoative,overlay_subject_visit_s01_twinkler,twinkler,overlay_arg_1_match,bad_to_good,resid_post_layer_20,verb_final_subtoken,9,train_anchor,9,train_anchor,9,suppress,melt,head,head,supplemental_v2_bad_verbs,freqblimp_curated,2.625000238418579,9.1875,4.5625,6.5625,3.3870971909919483,1
head|inchoative|no_object_frame_overlay_subject_visit_s01|overlay_subject_visit_s01_twinkler|12|slow|accuse,head,inchoative,overlay_subject_visit_s01_twinkler,twinkler,overlay_arg_1_match,bad_to_good,resid_post_layer_20,verb_final_subtoken,9,train_anchor,9,train_anchor,9,accuse,slow,head,head,supplemental_v2_bad_verbs,freqblimp_curated,4.75,14.20703125,6.96875,9.45703125,4.262323943661972,1
head|inchoative|no_object_frame_overlay_subject_visit_s01|overlay_subject_visit_s01_twinkler|13|warp|abuse,head,inchoative,overlay_subject_visit_s01_twinkler,twinkler,overlay_arg_1_match,bad_to_good,resid_post_layer_20,verb_final_subtoken,9,train_anchor,9,train_anchor,9,abuse,warp,head,head,supplemental_v2_bad_verbs,freqblimp_curated,3.687500238418579,10.484375,5.84375,6.796875,3.1521742615823345,1
head|inchoative|no_object_frame_overlay_subject_visit_s01|overlay_subject_visit_s01_twinkler|14|chip|avoid,head,inchoative,overlay_subject_visit_s01_twinkler,twinkler,overlay_arg_1_match,bad_to_good,resid_post_layer_20,verb_final_subtoken,9,train_anchor,9,train_anchor,9,avoid,chip,head,head,supplemental_v2_bad_verbs,freqblimp_curated,4.125,13.20703125,7.343749523162842,9.08203125,2.8216023597498565,1
head|inchoative|no_object_frame_overlay_subject_visit_s01|overlay_subject_visit_s01_twinkler|15|awaken|notify,head,inchoative,overlay_subject_visit_s01_twinkler,twinkler,overlay_arg_1_match,bad_to_good,resid_post_layer_20,verb_final_subtoken,9,train_anchor,9,train_anchor,9,notify,awaken,head,head,supplemental_v2_bad_verbs,freqblimp_curated,1.5625,11.234375,7.75,9.671875,1.5631313131313131,1
head|inchoative|no_object_frame_overlay_subject_visit_s03|overlay_subject_visit_s03_twitterer|0|benefit|admire,head,inchoative,overlay_subject_visit_s03_twitterer,twitterer,overlay_arg_1_match,bad_to_good,resid_post_layer_20,verb_final_subtoken,9,train_anchor,9,train_anchor,9,admire,benefit,head,head,freqblimp_curated,freqblimp_curated,1.562500238418579,14.1640625,8.59375,12.6015625,1.7922222222222222,1
head|inchoative|no_object_frame_overlay_subject_visit_s03|overlay_subject_visit_s03_twitterer|1|dim|destroy,head,inchoative,overlay_subject_visit_s03_twitterer,twitterer,overlay_arg_1_match,bad_to_good,resid_post_layer_20,verb_final_subtoken,9,train_anchor,9,train_anchor,9,destroy,dim,head,head,freqblimp_curated,freqblimp_curated,5.25,12.546875,7.75,7.296875,2.91875,1
head|inchoative|no_object_frame_overlay_subject_visit_s03|overlay_subject_visit_s03_twitterer|2|accelerate|respect,head,inchoative,overlay_subject_visit_s03_twitterer,twitterer,overlay_arg_1_match,bad_to_good,resid_post_layer_20,verb_final_subtoken,9,train_anchor,9,train_anchor,9,respect,accelerate,head,head,freqblimp_curated,freqblimp_curated,4.375,7.5,7.249999523162842,3.125,1.086956702017859,1
head|inchoative|no_object_frame_overlay_subject_visit_s03|overlay_subject_visit_s03_twitterer|3|grow|arrest,head,inchoative,overlay_subject_visit_s03_twitterer,twitterer,overlay_arg_1_match,bad_to_good,resid_post_layer_20,verb_final_subtoken,9,train_anchor,9,train_anchor,9,arrest,grow,head,head,supplemental_v2_bad_verbs,freqblimp_curated,3.5,10.90625,4.8125,7.40625,5.642857142857143,1
head|inchoative|no_object_frame_overlay_subject_visit_s03|overlay_subject_visit_s03_twitterer|4|shut|affect,head,inchoative,overlay_subject_visit_s03_twitterer,twitterer,overlay_arg_1_match,bad_to_good,resid_post_layer_20,verb_final_subtoken,9,train_anchor,9,train_anchor,9,affect,shut,head,head,supplemental_v2_bad_verbs,freqblimp_curated,5.9375,12.421875,7.156250476837158,6.484375,5.3205107388576645,1
head|inchoative|no_object_frame_overlay_subject_visit_s03|overlay_subject_visit_s03_twitterer|5|crash|persuade,head,inchoative,overlay_subject_visit_s03_twitterer,twitterer,overlay_arg_1_match,bad_to_good,resid_post_layer_20,verb_final_subtoken,9,train_anchor,9,train_anchor,9,persuade,crash,head,head,supplemental_v2_bad_verbs,freqblimp_curated,2.75,14.078125,8.71875,11.328125,1.8979057591623036,1
head|inchoative|no_object_frame_overlay_subject_visit_s03|overlay_subject_visit_s03_twitterer|6|drop|acquire,head,inchoative,overlay_subject_visit_s03_twitterer,twitterer,overlay_arg_1_match,bad_to_good,resid_post_layer_20,verb_final_subtoken,9,train_anchor,9,train_anchor,9,acquire,drop,head,head,supplemental_v2_bad_verbs,freqblimp_curated,7.406250476837158,13.1875,7.59375,5.781249523162842,30.83340920361634,1
head|inchoative|no_object_frame_overlay_subject_visit_s03|overlay_subject_visit_s03_twitterer|7|change|require,head,inchoative,overlay_subject_visit_s03_twitterer,twitterer,overlay_arg_1_match,bad_to_good,resid_post_layer_20,verb_final_subtoken,9,train_anchor,9,train_anchor,9,require,change,head,head,supplemental_v2_bad_verbs,freqblimp_curated,5.75,11.1875,7.156249523162842,5.4375,3.86666797779269,1
head|inchoative|no_object_frame_overlay_subject_visit_s03|overlay_subject_visit_s03_twitterer|8|stretch|possess,head,inchoative,overlay_subject_visit_s03_twitterer,twitterer,overlay_arg_1_match,bad_to_good,resid_post_layer_20,verb_final_subtoken,9,train_anchor,9,train_anchor,9,possess,stretch,head,head,supplemental_v2_bad_verbs,freqblimp_curated,4.4375,13.4375,6.40625,9.0,4.571428571428571,1
head|inchoative|no_object_frame_overlay_subject_visit_s03|overlay_subject_visit_s03_twitterer|12|fold|blame,head,inchoative,overlay_subject_visit_s03_twitterer,twitterer,overlay_arg_1_match,bad_to_good,resid_post_layer_20,verb_final_subtoken,9,train_anchor,9,train_anchor,9,blame,fold,head,head,supplemental_v2_bad_verbs,freqblimp_curated,3.125,11.0,8.375,7.875,1.5,1
head|inchoative|no_object_frame_overlay_subject_visit_s03|overlay_subject_visit_s03_twitterer|13|crack|accuse,head,inchoative,overlay_subject_visit_s03_twitterer,twitterer,overlay_arg_1_match,bad_to_good,resid_post_layer_20,verb_final_subtoken,9,train_anchor,9,train_anchor,9,accuse,crack,head,head,supplemental_v2_bad_verbs,freqblimp_curated,4.4375,13.8828125,8.3125,9.4453125,2.4375,1
head|inchoative|no_object_frame_overlay_subject_visit_s03|overlay_subject_visit_s03_twitterer|15|turn|retrieve,head,inchoative,overlay_subject_visit_s03_twitterer,twitterer,overlay_arg_1_match,bad_to_good,resid_post_layer_20,verb_final_subtoken,9,train_anchor,9,train_anchor,9,retrieve,turn,head,head,supplemental_v2_bad_verbs,freqblimp_curated,7.15625,14.8623046875,8.25,7.7060546875,7.045535714285714,1
head|inchoative|no_object_frame_overlay_subject_check_s02|overlay_subject_check_s02_ovotestis|0|crash|destroy,head,inchoative,overlay_subject_check_s02_ovotestis,ovotestis,overlay_arg_1_match,bad_to_good,resid_post_layer_20,verb_final_subtoken,10,train_anchor,10,train_anchor,10,destroy,crash,head,head,freqblimp_curated,freqblimp_curated,-1.125,9.71875,5.1875,10.84375,1.7178217821782178,1
head|inchoative|no_object_frame_overlay_subject_check_s02|overlay_subject_check_s02_ovotestis|2|fade|abuse,head,inchoative,overlay_subject_check_s02_ovotestis,ovotestis,overlay_arg_1_match,bad_to_good,resid_post_layer_20,verb_final_subtoken,10,train_anchor,10,train_anchor,10,abuse,fade,head,head,supplemental_v2_bad_verbs,freqblimp_curated,-1.375,9.5,3.4375,10.875,2.25974025974026,1
head|inchoative|no_object_frame_overlay_subject_check_s02|overlay_subject_check_s02_ovotestis|3|melt|require,head,inchoative,overlay_subject_check_s02_ovotestis,ovotestis,overlay_arg_1_match,bad_to_good,resid_post_layer_20,verb_final_subtoken,10,train_anchor,10,train_anchor,10,require,melt,head,head,supplemental_v2_bad_verbs,freqblimp_curated,-0.375,9.53125,6.25,9.90625,1.4952830188679245,1
head|inchoative|no_object_frame_overlay_subject_check_s02|overlay_subject_check_s02_ovotestis|4|warp|accuse,head,inchoative,overlay_subject_check_s02_ovotestis,ovotestis,overlay_arg_1_match,bad_to_good,resid_post_layer_20,verb_final_subtoken,10,train_anchor,10,train_anchor,10,accuse,warp,head,head,supplemental_v2_bad_verbs,freqblimp_curated,0.8125,10.0625,6.0625,9.25,1.7619047619047619,1
head|inchoative|no_object_frame_overlay_subject_check_s02|overlay_subject_check_s02_ovotestis|5|stretch|notify,head,inchoative,overlay_subject_check_s02_ovotestis,ovotestis,overlay_arg_1_match,bad_to_good,resid_post_layer_20,verb_final_subtoken,10,train_anchor,10,train_anchor,10,notify,stretch,head,head,supplemental_v2_bad_verbs,freqblimp_curated,1.4375,11.09375,7.25,9.65625,1.6612903225806452,1
head|inchoative|no_object_frame_overlay_subject_check_s02|overlay_subject_check_s02_ovotestis|6|turn|affect,head,inchoative,overlay_subject_check_s02_ovotestis,ovotestis,overlay_arg_1_match,bad_to_good,resid_post_layer_20,verb_final_subtoken,10,train_anchor,10,train_anchor,10,affect,turn,head,head,supplemental_v2_bad_verbs,freqblimp_curated,3.5,15.921875,7.3125,12.421875,3.2581967213114753,1
head|inchoative|no_object_frame_overlay_subject_check_s02|overlay_subject_check_s02_ovotestis|7|close|avoid,head,inchoative,overlay_subject_check_s02_ovotestis,ovotestis,overlay_arg_1_match,bad_to_good,resid_post_layer_20,verb_final_subtoken,10,train_anchor,10,train_anchor,10,avoid,close,head,head,supplemental_v2_bad_verbs,freqblimp_curated,0.125,11.5,7.406250476837158,11.375,1.5622316573486552,1
head|inchoative|no_object_frame_overlay_subject_check_s02|overlay_subject_check_s02_ovotestis|8|dry|retrieve,head,inchoative,overlay_subject_check_s02_ovotestis,ovotestis,overlay_arg_1_match,bad_to_good,resid_post_layer_20,verb_final_subtoken,10,train_anchor,10,train_anchor,10,retrieve,dry,head,head,supplemental_v2_bad_verbs,freqblimp_curated,-1.6875,12.046875,7.125,13.734375,1.5585106382978724,1
head|inchoative|no_object_frame_overlay_subject_check_s02|overlay_subject_check_s02_ovotestis|9|grow|acquire,head,inchoative,overlay_subject_check_s02_ovotestis,ovotestis,overlay_arg_1_match,bad_to_good,resid_post_layer_20,verb_final_subtoken,10,train_anchor,10,train_anchor,10,acquire,grow,head,head,supplemental_v2_bad_verbs,freqblimp_curated,-0.875,11.0,6.65625,11.875,1.5767634854771784,1
head|inchoative|no_object_frame_overlay_subject_check_s02|overlay_subject_check_s02_ovotestis|10|accelerate|blame,head,inchoative,overlay_subject_check_s02_ovotestis,ovotestis,overlay_arg_1_match,bad_to_good,resid_post_layer_20,verb_final_subtoken,10,train_anchor,10,train_anchor,10,blame,accelerate,head,head,supplemental_v2_bad_verbs,freqblimp_curated,1.375,9.5,6.46875,8.125,1.5950920245398772,1
head|inchoative|no_object_frame_overlay_subject_check_s02|overlay_subject_check_s02_ovotestis|11|burn|possess,head,inchoative,overlay_subject_check_s02_ovotestis,ovotestis,overlay_arg_1_match,bad_to_good,resid_post_layer_20,verb_final_subtoken,10,train_anchor,10,train_anchor,10,possess,burn,head,head,supplemental_v2_bad_verbs,freqblimp_curated,-0.5625,12.0625,7.000000476837158,12.625,1.6694213823415343,1
head|inchoative|no_object_frame_overlay_subject_check_s02|overlay_subject_check_s02_ovotestis|13|bake|respect,head,inchoative,overlay_subject_check_s02_ovotestis,ovotestis,overlay_arg_1_match,bad_to_good,resid_post_layer_20,verb_final_subtoken,10,train_anchor,10,train_anchor,10,respect,bake,head,head,freqblimp_curated,freqblimp_curated,1.4375,12.46875,6.90625,11.03125,2.0171428571428573,1
head|inchoative|no_object_frame_overlay_subject_check_s02|overlay_subject_check_s02_ovotestis|14|crack|admire,head,inchoative,overlay_subject_check_s02_ovotestis,ovotestis,overlay_arg_1_match,bad_to_good,resid_post_layer_20,verb_final_subtoken,10,train_anchor,10,train_anchor,10,admire,crack,head,head,freqblimp_curated,freqblimp_curated,-0.0625,11.875,5.5625,11.9375,2.1222222222222222,1
head|inchoative|no_object_frame_overlay_subject_check_s02|overlay_subject_check_s02_ovotestis|15|fold|persuade,head,inchoative,overlay_subject_check_s02_ovotestis,ovotestis,overlay_arg_1_match,bad_to_good,resid_post_layer_20,verb_final_subtoken,10,train_anchor,10,train_anchor,10,persuade,fold,head,head,supplemental_v2_bad_verbs,freqblimp_curated,1.937500238418579,15.0078125,8.28125,13.0703125,2.060344827586207,1
head|inchoative|no_object_frame_overlay_subject_lab_s03|overlay_subject_lab_s03_tuamotus|0|drop|possess,head,inchoative,overlay_subject_lab_s03_tuamotus,tuamotus,overlay_arg_1_match,bad_to_good,resid_post_layer_20,verb_final_subtoken,10,train_anchor,10,train_anchor,10,possess,drop,head,head,supplemental_v2_bad_verbs,freqblimp_curated,3.250000238418579,11.390625,7.281250476837158,8.140625,2.0193798449612403,1
head|inchoative|no_object_frame_overlay_subject_lab_s03|overlay_subject_lab_s03_tuamotus|1|melt|notify,head,inchoative,overlay_subject_lab_s03_tuamotus,tuamotus,overlay_arg_1_match,bad_to_good,resid_post_layer_20,verb_final_subtoken,10,train_anchor,10,train_anchor,10,notify,melt,head,head,supplemental_v2_bad_verbs,freqblimp_curated,3.249999761581421,10.6875,7.6875,7.4375,1.676056338028169,1
head|inchoative|no_object_frame_overlay_subject_lab_s03|overlay_subject_lab_s03_tuamotus|3|awaken|admire,head,inchoative,overlay_subject_lab_s03_tuamotus,tuamotus,overlay_arg_1_match,bad_to_good,resid_post_layer_20,verb_final_subtoken,10,train_anchor,10,train_anchor,10,admire,awaken,head,head,freqblimp_curated,freqblimp_curated,-0.8125002384185791,12.6875,5.75,13.5,2.057142857142857,1
head|inchoative|no_object_frame_overlay_subject_lab_s03|overlay_subject_lab_s03_tuamotus|4|dim|acquire,head,inchoative,overlay_subject_lab_s03_tuamotus,tuamotus,overlay_arg_1_match,bad_to_good,resid_post_layer_20,verb_final_subtoken,10,train_anchor,10,train_anchor,10,acquire,dim,head,head,supplemental_v2_bad_verbs,freqblimp_curated,4.6875,12.859375,7.124999523162842,8.171875,3.3525647584112623,1
head|inchoative|no_object_frame_overlay_subject_lab_s03|overlay_subject_lab_s03_tuamotus|6|close|affect,head,inchoative,overlay_subject_lab_s03_tuamotus,tuamotus,overlay_arg_1_match,bad_to_good,resid_post_layer_20,verb_final_subtoken,10,train_anchor,10,train_anchor,10,affect,close,head,head,supplemental_v2_bad_verbs,freqblimp_curated,5.9375,12.375,8.125,6.4375,2.942857142857143,1
head|inchoative|no_object_frame_overlay_subject_lab_s03|overlay_subject_lab_s03_tuamotus|9|soak|arrest,head,inchoative,overlay_subject_lab_s03_tuamotus,tuamotus,overlay_arg_1_match,bad_to_good,resid_post_layer_20,verb_final_subtoken,10,train_anchor,10,train_anchor,10,arrest,soak,head,head,supplemental_v2_bad_verbs,freqblimp_curated,5.5625,12.078125,4.9375,6.515625,-10.425,1
head|inchoative|no_object_frame_overlay_subject_lab_s03|overlay_subject_lab_s03_tuamotus|12|bake|avoid,head,inchoative,overlay_subject_lab_s03_tuamotus,tuamotus,overlay_arg_1_match,bad_to_good,resid_post_layer_20,verb_final_subtoken,10,train_anchor,10,train_anchor,10,avoid,bake,head,head,supplemental_v2_bad_verbs,freqblimp_curated,2.500000238418579,10.640625,7.375,8.140625,1.669871794871795,1
head|inchoative|no_object_frame_overlay_subject_lab_s03|overlay_subject_lab_s03_tuamotus|13|grow|persuade,head,inchoative,overlay_subject_lab_s03_tuamotus,tuamotus,overlay_arg_1_match,bad_to_good,resid_post_layer_20,verb_final_subtoken,10,train_anchor,10,train_anchor,10,persuade,grow,head,head,supplemental_v2_bad_verbs,freqblimp_curated,1.0,14.5576171875,6.0,13.5576171875,2.7115234375,1
head|inchoative|no_object_frame_overlay_subject_lab_s03|overlay_subject_lab_s03_tuamotus|14|roll|destroy,head,inchoative,overlay_subject_lab_s03_tuamotus,tuamotus,overlay_arg_1_match,bad_to_good,resid_post_layer_20,verb_final_subtoken,10,train_anchor,10,train_anchor,10,destroy,roll,head,head,freqblimp_curated,freqblimp_curated,2.812499761581421,14.61328125,6.125,11.80078125,3.5624997435875843,1
head|inchoative|no_object_frame_overlay_subject_lab_s02|overlay_subject_lab_s02_tt|0|fold|acquire,head,inchoative,overlay_subject_lab_s02_tt,tt,overlay_arg_1_match,good_to_bad,resid_post_layer_20,verb_final_subtoken,7,train_anchor,7,train_anchor,7,fold,acquire,head,head,freqblimp_curated,supplemental_v2_bad_verbs,-5.46875,2.999999761581421,-2.5,8.46875,2.8526315789473684,1
head|inchoative|no_object_frame_overlay_subject_lab_s02|overlay_subject_lab_s02_tt|1|shrink|destroy,head,inchoative,overlay_subject_lab_s02_tt,tt,overlay_arg_1_match,good_to_bad,resid_post_layer_20,verb_final_subtoken,7,train_anchor,7,train_anchor,7,shrink,destroy,head,head,freqblimp_curated,freqblimp_curated,-5.375,2.1875,-1.8125,7.5625,2.1228070175438596,1
head|inchoative|no_object_frame_overlay_subject_lab_s02|overlay_subject_lab_s02_tt|2|bake|avoid,head,inchoative,overlay_subject_lab_s02_tt,tt,overlay_arg_1_match,good_to_bad,resid_post_layer_20,verb_final_subtoken,7,train_anchor,7,train_anchor,7,bake,avoid,head,head,freqblimp_curated,supplemental_v2_bad_verbs,-5.25,3.75,-1.499999761581421,9.0,2.399999847412119,1
head|inchoative|no_object_frame_overlay_subject_lab_s02|overlay_subject_lab_s02_tt|3|awaken|require,head,inchoative,overlay_subject_lab_s02_tt,tt,overlay_arg_1_match,good_to_bad,resid_post_layer_20,verb_final_subtoken,7,train_anchor,7,train_anchor,7,awaken,require,head,head,freqblimp_curated,supplemental_v2_bad_verbs,-4.78125,2.250000238418579,-1.125,7.03125,1.9230769230769231,1
head|inchoative|no_object_frame_overlay_subject_lab_s02|overlay_subject_lab_s02_tt|4|soak|affect,head,inchoative,overlay_subject_lab_s02_tt,tt,overlay_arg_1_match,good_to_bad,resid_post_layer_20,verb_final_subtoken,7,train_anchor,7,train_anchor,7,soak,affect,head,head,freqblimp_curated,supplemental_v2_bad_verbs,-6.78125,2.749999761581421,-2.375,9.53125,2.1631205673758864,1
head|inchoative|no_object_frame_overlay_subject_lab_s02|overlay_subject_lab_s02_tt|6|dim|arrest,head,inchoative,overlay_subject_lab_s02_tt,tt,overlay_arg_1_match,good_to_bad,resid_post_layer_20,verb_final_subtoken,7,train_anchor,7,train_anchor,7,dim,arrest,head,head,freqblimp_curated,supplemental_v2_bad_verbs,-4.0625,1.25,-3.124999761581421,5.3125,5.666665225559178,1
head|inchoative|no_object_frame_overlay_subject_lab_s02|overlay_subject_lab_s02_tt|8|dry|retrieve,head,inchoative,overlay_subject_lab_s02_tt,tt,overlay_arg_1_match,good_to_bad,resid_post_layer_20,verb_final_subtoken,7,train_anchor,7,train_anchor,7,dry,retrieve,head,head,freqblimp_curated,supplemental_v2_bad_verbs,-6.812499523162842,3.125,-0.6875,9.9375,1.6224491059010646,1
head|inchoative|no_object_frame_overlay_subject_lab_s02|overlay_subject_lab_s02_tt|9|change|abuse,head,inchoative,overlay_subject_lab_s02_tt,tt,overlay_arg_1_match,good_to_bad,resid_post_layer_20,verb_final_subtoken,7,train_anchor,7,train_anchor,7,change,abuse,head,head,freqblimp_curated,supplemental_v2_bad_verbs,-3.124999761581421,1.9375,-2.0625,5.0625,4.764706951524387,1
head|inchoative|no_object_frame_overlay_subject_lab_s02|overlay_subject_lab_s02_tt|11|benefit|blame,head,inchoative,overlay_subject_lab_s02_tt,tt,overlay_arg_1_match,good_to_bad,resid_post_layer_20,verb_final_subtoken,7,train_anchor,7,train_anchor,7,benefit,blame,head,head,freqblimp_curated,supplemental_v2_bad_verbs,-5.125,-1.1250001192092896,-2.375,4.0,1.4545454545454546,0
head|inchoative|no_object_frame_overlay_subject_lab_s02|overlay_subject_lab_s02_tt|12|stop|accuse,head,inchoative,overlay_subject_lab_s02_tt,tt,overlay_arg_1_match,good_to_bad,resid_post_layer_20,verb_final_subtoken,7,train_anchor,7,train_anchor,7,stop,accuse,head,head,freqblimp_curated,supplemental_v2_bad_verbs,-4.3125,0.9375,-1.125,5.25,1.6470588235294117,1
head|inchoative|no_object_frame_overlay_subject_lab_s02|overlay_subject_lab_s02_tt|15|shut|admire,head,inchoative,overlay_subject_lab_s02_tt,tt,overlay_arg_1_match,good_to_bad,resid_post_layer_20,verb_final_subtoken,7,train_anchor,7,train_anchor,7,shut,admire,head,head,freqblimp_curated,freqblimp_curated,-5.375,0.6875,-3.437500238418579,6.0625,3.1290326431068474,1
head|inchoative|no_object_frame_overlay_subject_tomorrow_s00|overlay_subject_tomorrow_s00_windflower|0|fade|suppress,head,inchoative,overlay_subject_tomorrow_s00_windflower,windflower,overlay_arg_1_match,good_to_bad,resid_post_layer_20,verb_final_subtoken,7,train_anchor,7,train_anchor,7,fade,suppress,head,head,freqblimp_curated,supplemental_v2_bad_verbs,-4.125,7.25,5.4375,11.375,1.1895424836601307,1
head|inchoative|no_object_frame_overlay_subject_tomorrow_s00|overlay_subject_tomorrow_s00_windflower|1|awaken|require,head,inchoative,overlay_subject_tomorrow_s00_windflower,windflower,overlay_arg_1_match,good_to_bad,resid_post_layer_20,verb_final_subtoken,7,train_anchor,7,train_anchor,7,awaken,require,head,head,freqblimp_curated,supplemental_v2_bad_verbs,-5.124999523162842,6.4375,3.187499761581421,11.5625,1.3909776031927357,1
head|inchoative|no_object_frame_overlay_subject_tomorrow_s00|overlay_subject_tomorrow_s00_windflower|2|soak|possess,head,inchoative,overlay_subject_tomorrow_s00_windflower,windflower,overlay_arg_1_match,good_to_bad,resid_post_layer_20,verb_final_subtoken,7,train_anchor,7,train_anchor,7,soak,possess,head,head,freqblimp_curated,supplemental_v2_bad_verbs,-5.125,0.625,-3.062500238418579,5.75,2.7878791101489337,1
head|inchoative|no_object_frame_overlay_subject_tomorrow_s00|overlay_subject_tomorrow_s00_windflower|3|slow|abuse,head,inchoative,overlay_subject_tomorrow_s00_windflower,windflower,overlay_arg_1_match,good_to_bad,resid_post_layer_20,verb_final_subtoken,7,train_anchor,7,train_anchor,7,slow,abuse,head,head,freqblimp_curated,supplemental_v2_bad_verbs,-3.75,3.687499761581421,1.437499761581421,7.4375,1.4337349397590362,1
head|inchoative|no_object_frame_overlay_subject_tomorrow_s00|overlay_subject_tomorrow_s00_windflower|5|grow|accuse,head,inchoative,overlay_subject_tomorrow_s00_windflower,windflower,overlay_arg_1_match,good_to_bad,resid_post_layer_20,verb_final_subtoken,7,train_anchor,7,train_anchor,7,grow,accuse,head,head,freqblimp_curated,supplemental_v2_bad_verbs,-3.4375,5.6875,2.0625,9.125,1.6590909090909092,1
head|inchoative|no_object_frame_overlay_subject_tomorrow_s00|overlay_subject_tomorrow_s00_windflower|7|burn|arrest,head,inchoative,overlay_subject_tomorrow_s00_windflower,windflower,overlay_arg_1_match,good_to_bad,resid_post_layer_20,verb_final_subtoken,7,train_anchor,7,train_anchor,7,burn,arrest,head,head,freqblimp_curated,supplemental_v2_bad_verbs,-3.3125,3.5625,0.3125,6.875,1.896551724137931,1
head|inchoative|no_object_frame_overlay_subject_tomorrow_s00|overlay_subject_tomorrow_s00_windflower|9|stop|respect,head,inchoative,overlay_subject_tomorrow_s00_windflower,windflower,overlay_arg_1_match,good_to_bad,resid_post_layer_20,verb_final_subtoken,7,train_anchor,7,train_anchor,7,stop,respect,head,head,freqblimp_curated,freqblimp_curated,-4.5,3.1875,1.5,7.6875,1.28125,1
head|inchoative|no_object_frame_overlay_subject_tomorrow_s00|overlay_subject_tomorrow_s00_windflower|10|twist|affect,head,inchoative,overlay_subject_tomorrow_s00_windflower,windflower,overlay_arg_1_match,good_to_bad,resid_post_layer_20,verb_final_subtoken,7,train_anchor,7,train_anchor,7,twist,affect,head,head,freqblimp_curated,supplemental_v2_bad_verbs,-5.25,2.9375,-1.5625,8.1875,2.2203389830508473,1
head|inchoative|no_object_frame_overlay_subject_tomorrow_s00|overlay_subject_tomorrow_s00_windflower|11|bake|persuade,head,inchoative,overlay_subject_tomorrow_s00_windflower,windflower,overlay_arg_1_match,good_to_bad,resid_post_layer_20,verb_final_subtoken,7,train_anchor,7,train_anchor,7,bake,persuade,head,head,freqblimp_curated,supplemental_v2_bad_verbs,-4.5625,3.249999761581421,-0.625,7.8125,1.9841269841269842,1
head|inchoative|no_object_frame_overlay_subject_tomorrow_s00|overlay_subject_tomorrow_s00_windflower|12|melt|blame,head,inchoative,overlay_subject_tomorrow_s00_windflower,windflower,overlay_arg_1_match,good_to_bad,resid_post_layer_20,verb_final_subtoken,7,train_anchor,7,train_anchor,7,melt,blame,head,head,freqblimp_curated,supplemental_v2_bad_verbs,-4.125,4.625,0.25,8.75,2.0,1
head|inchoative|no_object_frame_overlay_subject_tomorrow_s00|overlay_subject_tomorrow_s00_windflower|13|chip|notify,head,inchoative,overlay_subject_tomorrow_s00_windflower,windflower,overlay_arg_1_match,good_to_bad,resid_post_layer_20,verb_final_subtoken,7,train_anchor,7,train_anchor,7,chip,notify,head,head,freqblimp_curated,supplemental_v2_bad_verbs,-4.375,1.875,-2.375,6.25,3.125,1
head|inchoative|no_object_frame_overlay_subject_tomorrow_s00|overlay_subject_tomorrow_s00_windflower|14|benefit|acquire,head,inchoative,overlay_subject_tomorrow_s00_windflower,windflower,overlay_arg_1_match,good_to_bad,resid_post_layer_20,verb_final_subtoken,7,train_anchor,7,train_anchor,7,benefit,acquire,head,head,freqblimp_curated,supplemental_v2_bad_verbs,-5.25,1.3125,-0.4375,6.5625,1.3636363636363635,1
head|inchoative|no_object_frame_overlay_subject_tomorrow_s00|overlay_subject_tomorrow_s00_windflower|15|turn|admire,head,inchoative,overlay_subject_tomorrow_s00_windflower,windflower,overlay_arg_1_match,good_to_bad,resid_post_layer_20,verb_final_subtoken,7,train_anchor,7,train_anchor,7,turn,admire,head,head,freqblimp_curated,freqblimp_curated,-4.5625,1.75,0.375,6.3125,1.2784810126582278,1
head|inchoative|no_object_frame_overlay_subject_tomorrow_s03|overlay_subject_tomorrow_s03_windlass|1|drop|accuse,head,inchoative,overlay_subject_tomorrow_s03_windlass,windlass,overlay_arg_1_match,good_to_bad,resid_post_layer_20,verb_final_subtoken,7,train_anchor,7,train_anchor,7,drop,accuse,head,head,freqblimp_curated,supplemental_v2_bad_verbs,-2.5625,2.687499761581421,-0.625,5.25,2.7096774193548385,1
head|inchoative|no_object_frame_overlay_subject_tomorrow_s03|overlay_subject_tomorrow_s03_windlass|2|burn|admire,head,inchoative,overlay_subject_tomorrow_s03_windlass,windlass,overlay_arg_1_match,good_to_bad,resid_post_layer_20,verb_final_subtoken,7,train_anchor,7,train_anchor,7,burn,admire,head,head,freqblimp_curated,freqblimp_curated,-4.0625,2.625,0.5,6.6875,1.4657534246575343,1
head|inchoative|no_object_frame_overlay_subject_tomorrow_s03|overlay_subject_tomorrow_s03_windlass|3|open|abuse,head,inchoative,overlay_subject_tomorrow_s03_windlass,windlass,overlay_arg_1_match,good_to_bad,resid_post_layer_20,verb_final_subtoken,7,train_anchor,7,train_anchor,7,open,abuse,head,head,freqblimp_curated,supplemental_v2_bad_verbs,-2.8125,4.3125,0.8125,7.125,1.9655172413793103,1
head|inchoative|no_object_frame_overlay_subject_tomorrow_s03|overlay_subject_tomorrow_s03_windlass|4|shrink|suppress,head,inchoative,overlay_subject_tomorrow_s03_windlass,windlass,overlay_arg_1_match,good_to_bad,resid_post_layer_20,verb_final_subtoken,7,train_anchor,7,train_anchor,7,shrink,suppress,head,head,freqblimp_curated,supplemental_v2_bad_verbs,-3.625,2.8125,0.6875,6.4375,1.4927536231884058,1
head|inchoative|no_object_frame_overlay_subject_tomorrow_s03|overlay_subject_tomorrow_s03_windlass|5|soak|respect,head,inchoative,overlay_subject_tomorrow_s03_windlass,windlass,overlay_arg_1_match,good_to_bad,resid_post_layer_20,verb_final_subtoken,7,train_anchor,7,train_anchor,7,soak,respect,head,head,freqblimp_curated,freqblimp_curated,-4.4375,1.5,-2.0,5.9375,2.4358974358974357,1
head|inchoative|no_object_frame_overlay_subject_tomorrow_s03|overlay_subject_tomorrow_s03_windlass|6|shut|retrieve,head,inchoative,overlay_subject_tomorrow_s03_windlass,windlass,overlay_arg_1_match,good_to_bad,resid_post_layer_20,verb_final_subtoken,7,train_anchor,7,train_anchor,7,shut,retrieve,head,head,freqblimp_curated,supplemental_v2_bad_verbs,-4.375,3.0625,1.0,7.4375,1.3837209302325582,1
head|inchoative|no_object_frame_overlay_subject_tomorrow_s03|overlay_subject_tomorrow_s03_windlass|8|dry|persuade,head,inchoative,overlay_subject_tomorrow_s03_windlass,windlass,overlay_arg_1_match,good_to_bad,resid_post_layer_20,verb_final_subtoken,7,train_anchor,7,train_anchor,7,dry,persuade,head,head,freqblimp_curated,supplemental_v2_bad_verbs,-3.5,1.6875,-0.6875,5.1875,1.8444444444444446,1
head|inchoative|no_object_frame_overlay_subject_tomorrow_s03|overlay_subject_tomorrow_s03_windlass|9|slow|notify,head,inchoative,overlay_subject_tomorrow_s03_windlass,windlass,overlay_arg_1_match,good_to_bad,resid_post_layer_20,verb_final_subtoken,7,train_anchor,7,train_anchor,7,slow,notify,head,head,freqblimp_curated,supplemental_v2_bad_verbs,-3.125,2.5625,0.6875,5.6875,1.4918032786885247,1
head|inchoative|no_object_frame_overlay_subject_tomorrow_s03|overlay_subject_tomorrow_s03_windlass|10|fold|arrest,head,inchoative,overlay_subject_tomorrow_s03_windlass,windlass,overlay_arg_1_match,good_to_bad,resid_post_layer_20,verb_final_subtoken,7,train_anchor,7,train_anchor,7,fold,arrest,head,head,freqblimp_curated,supplemental_v2_bad_verbs,-2.8125,1.8125,-0.875,4.625,2.3870967741935485,1
head|inchoative|no_object_frame_overlay_subject_tomorrow_s03|overlay_subject_tomorrow_s03_windlass|11|move|destroy,head,inchoative,overlay_subject_tomorrow_s03_windlass,windlass,overlay_arg_1_match,good_to_bad,resid_post_layer_20,verb_final_subtoken,7,train_anchor,7,train_anchor,7,move,destroy,head,head,freqblimp_curated,freqblimp_curated,-4.5625,1.7500001192092896,-1.0625,6.3125,1.8035714285714286,1
head|inchoative|no_object_frame_overlay_subject_tomorrow_s03|overlay_subject_tomorrow_s03_windlass|13|turn|affect,head,inchoative,overlay_subject_tomorrow_s03_windlass,windlass,overlay_arg_1_match,good_to_bad,resid_post_layer_20,verb_final_subtoken,7,train_anchor,7,train_anchor,7,turn,affect,head,head,freqblimp_curated,supplemental_v2_bad_verbs,-5.4375,4.8125,1.75,10.25,1.4260869565217391,1
head|inchoative|no_object_frame_overlay_subject_tomorrow_s03|overlay_subject_tomorrow_s03_windlass|14|close|possess,head,inchoative,overlay_subject_tomorrow_s03_windlass,windlass,overlay_arg_1_match,good_to_bad,resid_post_layer_20,verb_final_subtoken,7,train_anchor,7,train_anchor,7,close,possess,head,head,freqblimp_curated,supplemental_v2_bad_verbs,-4.3125,3.312499761581421,1.25,7.625,1.3707865168539326,1
head|inchoative|no_object_frame_overlay_subject_tomorrow_s03|overlay_subject_tomorrow_s03_windlass|15|grow|require,head,inchoative,overlay_subject_tomorrow_s03_windlass,windlass,overlay_arg_1_match,good_to_bad,resid_post_layer_20,verb_final_subtoken,7,train_anchor,7,train_anchor,7,grow,require,head,head,freqblimp_curated,supplemental_v2_bad_verbs,-5.375,4.125,2.375,9.5,1.2258064516129032,1
head|inchoative|no_object_frame_overlay_subject_check_s00|overlay_subject_check_s00_ovocon|0|bake|accuse,head,inchoative,overlay_subject_check_s00_ovocon,ovocon,overlay_arg_1_match,good_to_bad,resid_post_layer_20,verb_final_subtoken,8,train_anchor,8,train_anchor,8,bake,accuse,head,head,freqblimp_curated,supplemental_v2_bad_verbs,-6.125,1.6875,-2.25,7.8125,2.0161290322580645,1
head|inchoative|no_object_frame_overlay_subject_check_s00|overlay_subject_check_s00_ovocon|1|warp|abuse,head,inchoative,overlay_subject_check_s00_ovocon,ovocon,overlay_arg_1_match,good_to_bad,resid_post_layer_20,verb_final_subtoken,8,train_anchor,8,train_anchor,8,warp,abuse,head,head,freqblimp_curated,supplemental_v2_bad_verbs,-3.5625,0.5,-2.375,4.0625,3.4210526315789473,1
head|inchoative|no_object_frame_overlay_subject_check_s00|overlay_subject_check_s00_ovocon|2|grow|affect,head,inchoative,overlay_subject_check_s00_ovocon,ovocon,overlay_arg_1_match,good_to_bad,resid_post_layer_20,verb_final_subtoken,8,train_anchor,8,train_anchor,8,grow,affect,head,head,freqblimp_curated,supplemental_v2_bad_verbs,-8.0625,2.1875,-0.625,10.25,1.3781512605042017,1
head|inchoative|no_object_frame_overlay_subject_check_s00|overlay_subject_check_s00_ovocon|3|fold|possess,head,inchoative,overlay_subject_check_s00_ovocon,ovocon,overlay_arg_1_match,good_to_bad,resid_post_layer_20,verb_final_subtoken,8,train_anchor,8,train_anchor,8,fold,possess,head,head,freqblimp_curated,supplemental_v2_bad_verbs,-6.375,1.625,-2.9375,8.0,2.327272727272727,1
head|inchoative|no_object_frame_overlay_subject_check_s00|overlay_subject_check_s00_ovocon|4|melt|acquire,head,inchoative,overlay_subject_check_s00_ovocon,ovocon,overlay_arg_1_match,good_to_bad,resid_post_layer_20,verb_final_subtoken,8,train_anchor,8,train_anchor,8,melt,acquire,head,head,freqblimp_curated,supplemental_v2_bad_verbs,-6.5,3.437500238418579,-1.25,9.9375,1.8928571428571428,1
head|inchoative|no_object_frame_overlay_subject_check_s00|overlay_subject_check_s00_ovocon|6|stretch|suppress,head,inchoative,overlay_subject_check_s00_ovocon,ovocon,overlay_arg_1_match,good_to_bad,resid_post_layer_20,verb_final_subtoken,8,train_anchor,8,train_anchor,8,stretch,suppress,head,head,freqblimp_curated,supplemental_v2_bad_verbs,-4.3125,1.0625,-3.0625,5.375,4.3,1
head|inchoative|no_object_frame_overlay_subject_check_s00|overlay_subject_check_s00_ovocon|7|shut|avoid,head,inchoative,overlay_subject_check_s00_ovocon,ovocon,overlay_arg_1_match,good_to_bad,resid_post_layer_20,verb_final_subtoken,8,train_anchor,8,train_anchor,8,shut,avoid,head,head,freqblimp_curated,supplemental_v2_bad_verbs,-6.90625,3.4375,-2.000000238418579,10.34375,2.1082802547770703,1
head|inchoative|no_object_frame_overlay_subject_check_s00|overlay_subject_check_s00_ovocon|9|soak|blame,head,inchoative,overlay_subject_check_s00_ovocon,ovocon,overlay_arg_1_match,good_to_bad,resid_post_layer_20,verb_final_subtoken,8,train_anchor,8,train_anchor,8,soak,blame,head,head,freqblimp_curated,supplemental_v2_bad_verbs,-6.28125,1.1875,-3.187500238418579,7.46875,2.41414160018625,1
head|inchoative|no_object_frame_overlay_subject_check_s00|overlay_subject_check_s00_ovocon|10|worry|arrest,head,inchoative,overlay_subject_check_s00_ovocon,ovocon,overlay_arg_1_match,good_to_bad,resid_post_layer_20,verb_final_subtoken,8,train_anchor,8,train_anchor,8,worry,arrest,head,head,freqblimp_curated,supplemental_v2_bad_verbs,-2.1875,-1.6875,-2.8125,0.5,-0.8,0
head|inchoative|no_object_frame_overlay_subject_check_s00|overlay_subject_check_s00_ovocon|12|awaken|respect,head,inchoative,overlay_subject_check_s00_ovocon,ovocon,overlay_arg_1_match,good_to_bad,resid_post_layer_20,verb_final_subtoken,8,train_anchor,8,train_anchor,8,awaken,respect,head,head,freqblimp_curated,freqblimp_curated,-7.46875,-0.125,-1.8125001192092896,7.34375,1.298342541436464,0
head|inchoative|no_object_frame_overlay_subject_check_s00|overlay_subject_check_s00_ovocon|13|turn|notify,head,inchoative,overlay_subject_check_s00_ovocon,ovocon,overlay_arg_1_match,good_to_bad,resid_post_layer_20,verb_final_subtoken,8,train_anchor,8,train_anchor,8,turn,notify,head,head,freqblimp_curated,supplemental_v2_bad_verbs,-7.6875,-0.5625,-3.3125,7.125,1.6285714285714286,0
head|inchoative|no_object_frame_overlay_subject_check_s00|overlay_subject_check_s00_ovocon|14|move|destroy,head,inchoative,overlay_subject_check_s00_ovocon,ovocon,overlay_arg_1_match,good_to_bad,resid_post_layer_20,verb_final_subtoken,8,train_anchor,8,train_anchor,8,move,destroy,head,head,freqblimp_curated,freqblimp_curated,-6.25,0.25000011920928955,-4.0,6.5,2.888888888888889,1
head|inchoative|no_object_frame_overlay_subject_check_s00|overlay_subject_check_s00_ovocon|15|open|require,head,inchoative,overlay_subject_check_s00_ovocon,ovocon,overlay_arg_1_match,good_to_bad,resid_post_layer_20,verb_final_subtoken,8,train_anchor,8,train_anchor,8,open,require,head,head,freqblimp_curated,supplemental_v2_bad_verbs,-6.5,2.999999761581421,-1.6875,9.5,1.974025974025974,1
head|inchoative|no_object_frame_overlay_subject_check_s03|overlay_subject_check_s03_ovral|1|grow|accuse,head,inchoative,overlay_subject_check_s03_ovral,ovral,overlay_arg_1_match,good_to_bad,resid_post_layer_20,verb_final_subtoken,8,train_anchor,8,train_anchor,8,grow,accuse,head,head,freqblimp_curated,supplemental_v2_bad_verbs,-5.4375,1.1874998807907104,-0.6875002384185791,6.625,1.394736842105263,1
head|inchoative|no_object_frame_overlay_subject_check_s03|overlay_subject_check_s03_ovral|2|accelerate|affect,head,inchoative,overlay_subject_check_s03_ovral,ovral,overlay_arg_1_match,good_to_bad,resid_post_layer_20,verb_final_subtoken,8,train_anchor,8,train_anchor,8,accelerate,affect,head,head,freqblimp_curated,supplemental_v2_bad_verbs,-6.4375,0.75,-2.75,7.1875,1.9491525423728813,1
head|inchoative|no_object_frame_overlay_subject_check_s03|overlay_subject_check_s03_ovral|4|change|arrest,head,inchoative,overlay_subject_check_s03_ovral,ovral,overlay_arg_1_match,good_to_bad,resid_post_layer_20,verb_final_subtoken,8,train_anchor,8,train_anchor,8,change,arrest,head,head,freqblimp_curated,supplemental_v2_bad_verbs,-3.8125,-1.6874998807907104,-3.8125,2.125,,0
head|inchoative|no_object_frame_overlay_subject_check_s03|overlay_subject_check_s03_ovral|5|burn|possess,head,inchoative,overlay_subject_check_s03_ovral,ovral,overlay_arg_1_match,good_to_bad,resid_post_layer_20,verb_final_subtoken,8,train_anchor,8,train_anchor,8,burn,possess,head,head,freqblimp_curated,supplemental_v2_bad_verbs,-5.90625,1.375,-2.5,7.28125,2.1376146788990824,1
head|inchoative|no_object_frame_overlay_subject_check_s03|overlay_subject_check_s03_ovral|6|benefit|destroy,head,inchoative,overlay_subject_check_s03_ovral,ovral,overlay_arg_1_match,good_to_bad,resid_post_layer_20,verb_final_subtoken,8,train_anchor,8,train_anchor,8,benefit,destroy,head,head,freqblimp_curated,freqblimp_curated,-6.0,1.4375,-1.0,7.4375,1.4875,1
head|inchoative|no_object_frame_overlay_subject_check_s03|overlay_subject_check_s03_ovral|8|warp|acquire,head,inchoative,overlay_subject_check_s03_ovral,ovral,overlay_arg_1_match,good_to_bad,resid_post_layer_20,verb_final_subtoken,8,train_anchor,8,train_anchor,8,warp,acquire,head,head,freqblimp_curated,supplemental_v2_bad_verbs,-6.53125,1.875,-2.3125,8.40625,1.9925925925925927,1
head|inchoative|no_object_frame_overlay_subject_check_s03|overlay_subject_check_s03_ovral|10|worry|persuade,head,inchoative,overlay_subject_check_s03_ovral,ovral,overlay_arg_1_match,good_to_bad,resid_post_layer_20,verb_final_subtoken,8,train_anchor,8,train_anchor,8,worry,persuade,head,head,freqblimp_curated,supplemental_v2_bad_verbs,-6.46875,0.6249998807907104,-2.312500238418579,7.09375,1.7067669172932332,1
head|inchoative|no_object_frame_overlay_subject_check_s03|overlay_subject_check_s03_ovral|11|soak|blame,head,inchoative,overlay_subject_check_s03_ovral,ovral,overlay_arg_1_match,good_to_bad,resid_post_layer_20,verb_final_subtoken,8,train_anchor,8,train_anchor,8,soak,blame,head,head,freqblimp_curated,supplemental_v2_bad_verbs,-5.4375,0.8125,-2.875,6.25,2.4390243902439024,1
head|inchoative|no_object_frame_overlay_subject_check_s03|overlay_subject_check_s03_ovral|14|dry|require,head,inchoative,overlay_subject_check_s03_ovral,ovral,overlay_arg_1_match,good_to_bad,resid_post_layer_20,verb_final_subtoken,8,train_anchor,8,train_anchor,8,dry,require,head,head,freqblimp_curated,supplemental_v2_bad_verbs,-6.125000476837158,3.3125,-1.5625,9.4375,2.068492934502073,1
head|inchoative|no_object_frame_overlay_subject_check_s03|overlay_subject_check_s03_ovral|15|bake|abuse,head,inchoative,overlay_subject_check_s03_ovral,ovral,overlay_arg_1_match,good_to_bad,resid_post_layer_20,verb_final_subtoken,8,train_anchor,8,train_anchor,8,bake,abuse,head,head,freqblimp_curated,supplemental_v2_bad_verbs,-3.874999761581421,1.125,-2.874999761581421,5.0,5.0,1
head|inchoative|no_object_frame_overlay_subject_lab_s01|overlay_subject_lab_s01_tsuga|0|burn|possess,head,inchoative,overlay_subject_lab_s01_tsuga,tsuga,overlay_arg_1_match,good_to_bad,resid_post_layer_20,verb_final_subtoken,8,train_anchor,8,train_anchor,8,burn,possess,head,head,freqblimp_curated,supplemental_v2_bad_verbs,-6.96875,1.25,-0.625,8.21875,1.2955665024630543,1
head|inchoative|no_object_frame_overlay_subject_lab_s01|overlay_subject_lab_s01_tsuga|1|bake|respect,head,inchoative,overlay_subject_lab_s01_tsuga,tsuga,overlay_arg_1_match,good_to_bad,resid_post_layer_20,verb_final_subtoken,8,train_anchor,8,train_anchor,8,bake,respect,head,head,freqblimp_curated,freqblimp_curated,-6.5625,3.5,-1.499999761581421,10.0625,1.9876543209876543,1
head|inchoative|no_object_frame_overlay_subject_lab_s01|overlay_subject_lab_s01_tsuga|2|crack|accuse,head,inchoative,overlay_subject_lab_s01_tsuga,tsuga,overlay_arg_1_match,good_to_bad,resid_post_layer_20,verb_final_subtoken,8,train_anchor,8,train_anchor,8,crack,accuse,head,head,freqblimp_curated,supplemental_v2_bad_verbs,-4.71875,1.25,-3.5,5.96875,4.897435897435898,1
head|inchoative|no_object_frame_overlay_subject_lab_s01|overlay_subject_lab_s01_tsuga|3|grow|blame,head,inchoative,overlay_subject_lab_s01_tsuga,tsuga,overlay_arg_1_match,good_to_bad,resid_post_layer_20,verb_final_subtoken,8,train_anchor,8,train_anchor,8,grow,blame,head,head,freqblimp_curated,supplemental_v2_bad_verbs,-4.8125,3.5625,-1.3125,8.375,2.392857142857143,1
head|inchoative|no_object_frame_overlay_subject_lab_s01|overlay_subject_lab_s01_tsuga|4|fold|retrieve,head,inchoative,overlay_subject_lab_s01_tsuga,tsuga,overlay_arg_1_match,good_to_bad,resid_post_layer_20,verb_final_subtoken,8,train_anchor,8,train_anchor,8,fold,retrieve,head,head,freqblimp_curated,supplemental_v2_bad_verbs,-6.625000476837158,1.5625,-3.1875,8.1875,2.3818178514213075,1
head|inchoative|no_object_frame_overlay_subject_lab_s01|overlay_subject_lab_s01_tsuga|5|change|avoid,head,inchoative,overlay_subject_lab_s01_tsuga,tsuga,overlay_arg_1_match,good_to_bad,resid_post_layer_20,verb_final_subtoken,8,train_anchor,8,train_anchor,8,change,avoid,head,head,freqblimp_curated,supplemental_v2_bad_verbs,-6.875,1.625000238418579,-3.0,8.5,2.193548387096774,1
head|inchoative|no_object_frame_overlay_subject_lab_s01|overlay_subject_lab_s01_tsuga|6|dry|require,head,inchoative,overlay_subject_lab_s01_tsuga,tsuga,overlay_arg_1_match,good_to_bad,resid_post_layer_20,verb_final_subtoken,8,train_anchor,8,train_anchor,8,dry,require,head,head,freqblimp_curated,supplemental_v2_bad_verbs,-7.03125,2.25,-2.187499761581421,9.28125,1.9161290322580644,1
head|inchoative|no_object_frame_overlay_subject_lab_s01|overlay_subject_lab_s01_tsuga|7|stretch|admire,head,inchoative,overlay_subject_lab_s01_tsuga,tsuga,overlay_arg_1_match,good_to_bad,resid_post_layer_20,verb_final_subtoken,8,train_anchor,8,train_anchor,8,stretch,admire,head,head,freqblimp_curated,freqblimp_curated,-5.9375,1.25,-2.187499761581421,7.1875,1.9166665448082896,1
head|inchoative|no_object_frame_overlay_subject_lab_s01|overlay_subject_lab_s01_tsuga|8|soak|destroy,head,inchoative,overlay_subject_lab_s01_tsuga,tsuga,overlay_arg_1_match,good_to_bad,resid_post_layer_20,verb_final_subtoken,8,train_anchor,8,train_anchor,8,soak,destroy,head,head,freqblimp_curated,freqblimp_curated,-5.8125,2.4375,-4.6875,8.25,7.333333333333333,1
head|inchoative|no_object_frame_overlay_subject_lab_s01|overlay_subject_lab_s01_tsuga|9|turn|persuade,head,inchoative,overlay_subject_lab_s01_tsuga,tsuga,overlay_arg_1_match,good_to_bad,resid_post_layer_20,verb_final_subtoken,8,train_anchor,8,train_anchor,8,turn,persuade,head,head,freqblimp_curated,supplemental_v2_bad_verbs,-5.96875,2.0,-4.25,7.96875,4.636363636363637,1
head|inchoative|no_object_frame_overlay_subject_lab_s01|overlay_subject_lab_s01_tsuga|12|shrink|notify,head,inchoative,overlay_subject_lab_s01_tsuga,tsuga,overlay_arg_1_match,good_to_bad,resid_post_layer_20,verb_final_subtoken,8,train_anchor,8,train_anchor,8,shrink,notify,head,head,freqblimp_curated,supplemental_v2_bad_verbs,-7.187500476837158,2.6875,-1.375,9.875,1.698924591808968,1
head|inchoative|no_object_frame_overlay_subject_lab_s01|overlay_subject_lab_s01_tsuga|13|twist|arrest,head,inchoative,overlay_subject_lab_s01_tsuga,tsuga,overlay_arg_1_match,good_to_bad,resid_post_layer_20,verb_final_subtoken,8,train_anchor,8,train_anchor,8,twist,arrest,head,head,freqblimp_curated,supplemental_v2_bad_verbs,-4.96875,2.1875,-2.9375,7.15625,3.523076923076923,1
head|inchoative|no_object_frame_overlay_subject_lab_s01|overlay_subject_lab_s01_tsuga|14|warp|suppress,head,inchoative,overlay_subject_lab_s01_tsuga,tsuga,overlay_arg_1_match,good_to_bad,resid_post_layer_20,verb_final_subtoken,8,train_anchor,8,train_anchor,8,warp,suppress,head,head,freqblimp_curated,supplemental_v2_bad_verbs,-6.8125,0.3125,-3.25,7.125,2.0,1
head|inchoative|no_object_frame_overlay_subject_lab_s01|overlay_subject_lab_s01_tsuga|15|move|affect,head,inchoative,overlay_subject_lab_s01_tsuga,tsuga,overlay_arg_1_match,good_to_bad,resid_post_layer_20,verb_final_subtoken,8,train_anchor,8,train_anchor,8,move,affect,head,head,freqblimp_curated,supplemental_v2_bad_verbs,-7.812499523162842,2.999999761581421,-1.999999761581421,10.812499046325684,1.8602148896904402,1
head|inchoative|no_object_frame_overlay_subject_tomorrow_s01|overlay_subject_tomorrow_s01_windhoek|0|crash|admire,head,inchoative,overlay_subject_tomorrow_s01_windhoek,windhoek,overlay_arg_1_match,good_to_bad,resid_post_layer_20,verb_final_subtoken,8,train_anchor,8,train_anchor,8,crash,admire,head,head,freqblimp_curated,freqblimp_curated,-3.9375,3.374999761581421,2.75,7.3125,1.0934579439252337,1
head|inchoative|no_object_frame_overlay_subject_tomorrow_s01|overlay_subject_tomorrow_s01_windhoek|1|freeze|abuse,head,inchoative,overlay_subject_tomorrow_s01_windhoek,windhoek,overlay_arg_1_match,good_to_bad,resid_post_layer_20,verb_final_subtoken,8,train_anchor,8,train_anchor,8,freeze,abuse,head,head,freqblimp_curated,supplemental_v2_bad_verbs,-3.125,4.75,4.0,7.875,1.105263157894737,1
head|inchoative|no_object_frame_overlay_subject_tomorrow_s01|overlay_subject_tomorrow_s01_windhoek|2|soak|respect,head,inchoative,overlay_subject_tomorrow_s01_windhoek,windhoek,overlay_arg_1_match,good_to_bad,resid_post_layer_20,verb_final_subtoken,8,train_anchor,8,train_anchor,8,soak,respect,head,head,freqblimp_curated,freqblimp_curated,-4.4375,2.25,-1.375,6.6875,2.183673469387755,1
head|inchoative|no_object_frame_overlay_subject_tomorrow_s01|overlay_subject_tomorrow_s01_windhoek|3|twist|affect,head,inchoative,overlay_subject_tomorrow_s01_windhoek,windhoek,overlay_arg_1_match,good_to_bad,resid_post_layer_20,verb_final_subtoken,8,train_anchor,8,train_anchor,8,twist,affect,head,head,freqblimp_curated,supplemental_v2_bad_verbs,-4.5625,3.8125,0.1875,8.375,1.763157894736842,1
head|inchoative|no_object_frame_overlay_subject_tomorrow_s01|overlay_subject_tomorrow_s01_windhoek|4|grow|retrieve,head,inchoative,overlay_subject_tomorrow_s01_windhoek,windhoek,overlay_arg_1_match,good_to_bad,resid_post_layer_20,verb_final_subtoken,8,train_anchor,8,train_anchor,8,grow,retrieve,head,head,freqblimp_curated,supplemental_v2_bad_verbs,-3.312499761581421,3.75,2.6875,7.0625,1.1770833333333333,1
head|inchoative|no_object_frame_overlay_subject_tomorrow_s01|overlay_subject_tomorrow_s01_windhoek|5|open|accuse,head,inchoative,overlay_subject_tomorrow_s01_windhoek,windhoek,overlay_arg_1_match,good_to_bad,resid_post_layer_20,verb_final_subtoken,8,train_anchor,8,train_anchor,8,open,accuse,head,head,freqblimp_curated,supplemental_v2_bad_verbs,-3.187500238418579,4.9375,2.25,8.125,1.4942528735632183,1
head|inchoative|no_object_frame_overlay_subject_tomorrow_s01|overlay_subject_tomorrow_s01_windhoek|6|roll|suppress,head,inchoative,overlay_subject_tomorrow_s01_windhoek,windhoek,overlay_arg_1_match,good_to_bad,resid_post_layer_20,verb_final_subtoken,8,train_anchor,8,train_anchor,8,roll,suppress,head,head,freqblimp_curated,supplemental_v2_bad_verbs,-2.875,3.8125,1.062499761581421,6.6875,1.6984128012528679,1
head|inchoative|no_object_frame_overlay_subject_tomorrow_s01|overlay_subject_tomorrow_s01_windhoek|7|fade|require,head,inchoative,overlay_subject_tomorrow_s01_windhoek,windhoek,overlay_arg_1_match,good_to_bad,resid_post_layer_20,verb_final_subtoken,8,train_anchor,8,train_anchor,8,fade,require,head,head,freqblimp_curated,supplemental_v2_bad_verbs,-4.8125,6.8125,4.75,11.625,1.2156862745098038,1
head|inchoative|no_object_frame_overlay_subject_tomorrow_s01|overlay_subject_tomorrow_s01_windhoek|8|burn|acquire,head,inchoative,overlay_subject_tomorrow_s01_windhoek,windhoek,overlay_arg_1_match,good_to_bad,resid_post_layer_20,verb_final_subtoken,8,train_anchor,8,train_anchor,8,burn,acquire,head,head,freqblimp_curated,supplemental_v2_bad_verbs,-4.5625,5.1875,2.5,9.75,1.3805309734513274,1
head|inchoative|no_object_frame_overlay_subject_tomorrow_s01|overlay_subject_tomorrow_s01_windhoek|10|fold|possess,head,inchoative,overlay_subject_tomorrow_s01_windhoek,windhoek,overlay_arg_1_match,good_to_bad,resid_post_layer_20,verb_final_subtoken,8,train_anchor,8,train_anchor,8,fold,possess,head,head,freqblimp_curated,supplemental_v2_bad_verbs,-4.875,3.562499761581421,1.8125,8.4375,1.2616822429906542,1
head|inchoative|no_object_frame_overlay_subject_tomorrow_s01|overlay_subject_tomorrow_s01_windhoek|11|move|persuade,head,inchoative,overlay_subject_tomorrow_s01_windhoek,windhoek,overlay_arg_1_match,good_to_bad,resid_post_layer_20,verb_final_subtoken,8,train_anchor,8,train_anchor,8,move,persuade,head,head,freqblimp_curated,supplemental_v2_bad_verbs,-3.5625,4.0,1.562500238418579,7.5625,1.475609756097561,1
head|inchoative|no_object_frame_overlay_subject_tomorrow_s01|overlay_subject_tomorrow_s01_windhoek|12|shut|avoid,head,inchoative,overlay_subject_tomorrow_s01_windhoek,windhoek,overlay_arg_1_match,good_to_bad,resid_post_layer_20,verb_final_subtoken,8,train_anchor,8,train_anchor,8,shut,avoid,head,head,freqblimp_curated,supplemental_v2_bad_verbs,-5.1875,3.75,0.875,8.9375,1.4742268041237114,1
head|inchoative|no_object_frame_overlay_subject_tomorrow_s01|overlay_subject_tomorrow_s01_windhoek|13|melt|blame,head,inchoative,overlay_subject_tomorrow_s01_windhoek,windhoek,overlay_arg_1_match,good_to_bad,resid_post_layer_20,verb_final_subtoken,8,train_anchor,8,train_anchor,8,melt,blame,head,head,freqblimp_curated,supplemental_v2_bad_verbs,-4.125,4.8125,1.9999998807907104,8.9375,1.4591836734693877,1
head|inchoative|no_object_frame_overlay_subject_tomorrow_s01|overlay_subject_tomorrow_s01_windhoek|14|shrink|arrest,head,inchoative,overlay_subject_tomorrow_s01_windhoek,windhoek,overlay_arg_1_match,good_to_bad,resid_post_layer_20,verb_final_subtoken,8,train_anchor,8,train_anchor,8,shrink,arrest,head,head,freqblimp_curated,supplemental_v2_bad_verbs,-3.0625,5.6875,3.125,8.75,1.4141414141414141,1
head|inchoative|no_object_frame_overlay_subject_tomorrow_s01|overlay_subject_tomorrow_s01_windhoek|15|stretch|destroy,head,inchoative,overlay_subject_tomorrow_s01_windhoek,windhoek,overlay_arg_1_match,good_to_bad,resid_post_layer_20,verb_final_subtoken,8,train_anchor,8,train_anchor,8,stretch,destroy,head,head,freqblimp_curated,freqblimp_curated,-3.25,3.000000238418579,0.0,6.25,1.9230769230769231,1
head|inchoative|no_object_frame_overlay_subject_tomorrow_s02|overlay_subject_tomorrow_s02_windjammer|0|dry|arrest,head,inchoative,overlay_subject_tomorrow_s02_windjammer,windjammer,overlay_arg_1_match,good_to_bad,resid_post_layer_20,verb_final_subtoken,8,train_anchor,8,train_anchor,8,dry,arrest,head,head,freqblimp_curated,supplemental_v2_bad_verbs,-3.0625,4.25,0.4375,7.3125,2.0892857142857144,1
head|inchoative|no_object_frame_overlay_subject_tomorrow_s02|overlay_subject_tomorrow_s02_windjammer|2|dim|abuse,head,inchoative,overlay_subject_tomorrow_s02_windjammer,windjammer,overlay_arg_1_match,good_to_bad,resid_post_layer_20,verb_final_subtoken,8,train_anchor,8,train_anchor,8,dim,abuse,head,head,freqblimp_curated,supplemental_v2_bad_verbs,-4.5625,3.0625,0.1875,7.625,1.605263157894737,1
head|inchoative|no_object_frame_overlay_subject_tomorrow_s02|overlay_subject_tomorrow_s02_windjammer|3|twist|persuade,head,inchoative,overlay_subject_tomorrow_s02_windjammer,windjammer,overlay_arg_1_match,good_to_bad,resid_post_layer_20,verb_final_subtoken,8,train_anchor,8,train_anchor,8,twist,persuade,head,head,freqblimp_curated,supplemental_v2_bad_verbs,-5.1875,3.5,-2.562499761581421,8.6875,3.3095235089326125,1
head|inchoative|no_object_frame_overlay_subject_tomorrow_s02|overlay_subject_tomorrow_s02_windjammer|4|grow|acquire,head,inchoative,overlay_subject_tomorrow_s02_windjammer,windjammer,overlay_arg_1_match,good_to_bad,resid_post_layer_20,verb_final_subtoken,8,train_anchor,8,train_anchor,8,grow,acquire,head,head,freqblimp_curated,supplemental_v2_bad_verbs,-5.0,4.625,2.3125,9.625,1.3162393162393162,1
head|inchoative|no_object_frame_overlay_subject_tomorrow_s02|overlay_subject_tomorrow_s02_windjammer|6|change|possess,head,inchoative,overlay_subject_tomorrow_s02_windjammer,windjammer,overlay_arg_1_match,good_to_bad,resid_post_layer_20,verb_final_subtoken,8,train_anchor,8,train_anchor,8,change,possess,head,head,freqblimp_curated,supplemental_v2_bad_verbs,-5.25,2.125,-0.3125002384185791,7.375,1.4936708860759493,1
head|inchoative|no_object_frame_overlay_subject_tomorrow_s02|overlay_subject_tomorrow_s02_windjammer|7|drop|notify,head,inchoative,overlay_subject_tomorrow_s02_windjammer,windjammer,overlay_arg_1_match,good_to_bad,resid_post_layer_20,verb_final_subtoken,8,train_anchor,8,train_anchor,8,drop,notify,head,head,freqblimp_curated,supplemental_v2_bad_verbs,-5.25,1.1875,-1.75,6.4375,1.8392857142857142,1
head|inchoative|no_object_frame_overlay_subject_tomorrow_s02|overlay_subject_tomorrow_s02_windjammer|8|burn|blame,head,inchoative,overlay_subject_tomorrow_s02_windjammer,windjammer,overlay_arg_1_match,good_to_bad,resid_post_layer_20,verb_final_subtoken,8,train_anchor,8,train_anchor,8,burn,blame,head,head,freqblimp_curated,supplemental_v2_bad_verbs,-5.125,4.6875,1.0,9.8125,1.6020408163265305,1
head|inchoative|no_object_frame_overlay_subject_tomorrow_s02|overlay_subject_tomorrow_s02_windjammer|10|warp|admire,head,inchoative,overlay_subject_tomorrow_s02_windjammer,windjammer,overlay_arg_1_match,good_to_bad,resid_post_layer_20,verb_final_subtoken,8,train_anchor,8,train_anchor,8,warp,admire,head,head,freqblimp_curated,freqblimp_curated,-5.625,1.4375,-1.250000238418579,7.0625,1.6142857142857143,1
head|inchoative|no_object_frame_overlay_subject_tomorrow_s02|overlay_subject_tomorrow_s02_windjammer|11|open|require,head,inchoative,overlay_subject_tomorrow_s02_windjammer,windjammer,overlay_arg_1_match,good_to_bad,resid_post_layer_20,verb_final_subtoken,8,train_anchor,8,train_anchor,8,open,require,head,head,freqblimp_curated,supplemental_v2_bad_verbs,-5.53125,4.25,-0.25,9.78125,1.8520710059171597,1
head|inchoative|no_object_frame_overlay_subject_tomorrow_s02|overlay_subject_tomorrow_s02_windjammer|12|fade|respect,head,inchoative,overlay_subject_tomorrow_s02_windjammer,windjammer,overlay_arg_1_match,good_to_bad,resid_post_layer_20,verb_final_subtoken,8,train_anchor,8,train_anchor,8,fade,respect,head,head,freqblimp_curated,freqblimp_curated,-5.375,6.625,4.1875,12.0,1.2549019607843137,1
head|inchoative|no_object_frame_overlay_subject_tomorrow_s02|overlay_subject_tomorrow_s02_windjammer|13|freeze|affect,head,inchoative,overlay_subject_tomorrow_s02_windjammer,windjammer,overlay_arg_1_match,good_to_bad,resid_post_layer_20,verb_final_subtoken,8,train_anchor,8,train_anchor,8,freeze,affect,head,head,freqblimp_curated,supplemental_v2_bad_verbs,-5.9375,4.25,1.875,10.1875,1.304,1
head|inchoative|no_object_frame_overlay_subject_tomorrow_s02|overlay_subject_tomorrow_s02_windjammer|14|benefit|accuse,head,inchoative,overlay_subject_tomorrow_s02_windjammer,windjammer,overlay_arg_1_match,good_to_bad,resid_post_layer_20,verb_final_subtoken,8,train_anchor,8,train_anchor,8,benefit,accuse,head,head,freqblimp_curated,supplemental_v2_bad_verbs,-4.5625,2.937500238418579,0.125,7.5,1.6,1
head|inchoative|no_object_frame_overlay_subject_tomorrow_s02|overlay_subject_tomorrow_s02_windjammer|15|slow|destroy,head,inchoative,overlay_subject_tomorrow_s02_windjammer,windjammer,overlay_arg_1_match,good_to_bad,resid_post_layer_20,verb_final_subtoken,8,train_anchor,8,train_anchor,8,slow,destroy,head,head,freqblimp_curated,freqblimp_curated,-4.4375,3.625,1.3125,8.0625,1.4021739130434783,1
head|inchoative|no_object_frame_overlay_subject_trial_s00|overlay_subject_trial_s00_wayside|0|chip|blame,head,inchoative,overlay_subject_trial_s00_wayside,wayside,overlay_arg_1_match,good_to_bad,resid_post_layer_20,verb_final_subtoken,8,train_anchor,8,train_anchor,8,chip,blame,head,head,freqblimp_curated,supplemental_v2_bad_verbs,-5.53125,2.6875,-1.125,8.21875,1.8652482269503545,1
head|inchoative|no_object_frame_overlay_subject_trial_s00|overlay_subject_trial_s00_wayside|1|turn|arrest,head,inchoative,overlay_subject_trial_s00_wayside,wayside,overlay_arg_1_match,good_to_bad,resid_post_layer_20,verb_final_subtoken,8,train_anchor,8,train_anchor,8,turn,arrest,head,head,freqblimp_curated,supplemental_v2_bad_verbs,-3.062499761581421,2.375000238418579,-2.3125,5.4375,7.250002304713664,1
head|inchoative|no_object_frame_overlay_subject_trial_s00|overlay_subject_trial_s00_wayside|2|crack|possess,head,inchoative,overlay_subject_trial_s00_wayside,wayside,overlay_arg_1_match,good_to_bad,resid_post_layer_20,verb_final_subtoken,8,train_anchor,8,train_anchor,8,crack,possess,head,head,freqblimp_curated,supplemental_v2_bad_verbs,-4.71875,2.312500238418579,-0.75,7.03125,1.7716535433070866,1
head|inchoative|no_object_frame_overlay_subject_trial_s00|overlay_subject_trial_s00_wayside|3|fade|retrieve,head,inchoative,overlay_subject_trial_s00_wayside,wayside,overlay_arg_1_match,good_to_bad,resid_post_layer_20,verb_final_subtoken,8,train_anchor,8,train_anchor,8,fade,retrieve,head,head,freqblimp_curated,supplemental_v2_bad_verbs,-5.96875,5.0,1.9375,10.96875,1.3873517786561265,1
head|inchoative|no_object_frame_overlay_subject_trial_s00|overlay_subject_trial_s00_wayside|5|change|admire,head,inchoative,overlay_subject_trial_s00_wayside,wayside,overlay_arg_1_match,good_to_bad,resid_post_layer_20,verb_final_subtoken,8,train_anchor,8,train_anchor,8,change,admire,head,head,freqblimp_curated,freqblimp_curated,-4.875,3.1875,1.9375,8.0625,1.18348623853211,1
head|inchoative|no_object_frame_overlay_subject_trial_s00|overlay_subject_trial_s00_wayside|6|dim|respect,head,inchoative,overlay_subject_trial_s00_wayside,wayside,overlay_arg_1_match,good_to_bad,resid_post_layer_20,verb_final_subtoken,8,train_anchor,8,train_anchor,8,dim,respect,head,head,freqblimp_curated,freqblimp_curated,-5.5,3.9375,-0.0625,9.4375,1.735632183908046,1
head|inchoative|no_object_frame_overlay_subject_trial_s00|overlay_subject_trial_s00_wayside|7|shut|accuse,head,inchoative,overlay_subject_trial_s00_wayside,wayside,overlay_arg_1_match,good_to_bad,resid_post_layer_20,verb_final_subtoken,8,train_anchor,8,train_anchor,8,shut,accuse,head,head,freqblimp_curated,supplemental_v2_bad_verbs,-5.1875,4.375,0.5625,9.5625,1.6630434782608696,1
head|inchoative|no_object_frame_overlay_subject_trial_s00|overlay_subject_trial_s00_wayside|8|freeze|acquire,head,inchoative,overlay_subject_trial_s00_wayside,wayside,overlay_arg_1_match,good_to_bad,resid_post_layer_20,verb_final_subtoken,8,train_anchor,8,train_anchor,8,freeze,acquire,head,head,freqblimp_curated,supplemental_v2_bad_verbs,-4.6875,2.999999761581421,0.5625,7.6875,1.4642857142857142,1
head|inchoative|no_object_frame_overlay_subject_trial_s00|overlay_subject_trial_s00_wayside|9|fold|persuade,head,inchoative,overlay_subject_trial_s00_wayside,wayside,overlay_arg_1_match,good_to_bad,resid_post_layer_20,verb_final_subtoken,8,train_anchor,8,train_anchor,8,fold,persuade,head,head,freqblimp_curated,supplemental_v2_bad_verbs,-3.6875,2.8125,-1.500000238418579,6.5,2.9714288952886196,1
head|inchoative|no_object_frame_overlay_subject_trial_s00|overlay_subject_trial_s00_wayside|11|crash|notify,head,inchoative,overlay_subject_trial_s00_wayside,wayside,overlay_arg_1_match,good_to_bad,resid_post_layer_20,verb_final_subtoken,8,train_anchor,8,train_anchor,8,crash,notify,head,head,freqblimp_curated,supplemental_v2_bad_verbs,-6.8125,3.5,0.625,10.3125,1.3865546218487395,1
head|inchoative|no_object_frame_overlay_subject_trial_s00|overlay_subject_trial_s00_wayside|13|bake|destroy,head,inchoative,overlay_subject_trial_s00_wayside,wayside,overlay_arg_1_match,good_to_bad,resid_post_layer_20,verb_final_subtoken,8,train_anchor,8,train_anchor,8,bake,destroy,head,head,freqblimp_curated,freqblimp_curated,-4.1875,1.6875,-1.687499761581421,5.875,2.349999775886557,1
head|inchoative|no_object_frame_overlay_subject_trial_s00|overlay_subject_trial_s00_wayside|14|close|affect,head,inchoative,overlay_subject_trial_s00_wayside,wayside,overlay_arg_1_match,good_to_bad,resid_post_layer_20,verb_final_subtoken,8,train_anchor,8,train_anchor,8,close,affect,head,head,freqblimp_curated,supplemental_v2_bad_verbs,-5.5625,3.25,0.8125002384185791,8.8125,1.3823529411764706,1
head|inchoative|no_object_frame_overlay_subject_trial_s00|overlay_subject_trial_s00_wayside|15|stop|suppress,head,inchoative,overlay_subject_trial_s00_wayside,wayside,overlay_arg_1_match,good_to_bad,resid_post_layer_20,verb_final_subtoken,8,train_anchor,8,train_anchor,8,stop,suppress,head,head,freqblimp_curated,supplemental_v2_bad_verbs,-4.25,0.3125,-1.0625,4.5625,1.4313725490196079,1
head|inchoative|no_object_frame_overlay_subject_trial_s01|overlay_subject_trial_s01_wbc|0|benefit|accuse,head,inchoative,overlay_subject_trial_s01_wbc,wbc,overlay_arg_1_match,good_to_bad,resid_post_layer_20,verb_final_subtoken,8,train_anchor,8,train_anchor,8,benefit,accuse,head,head,freqblimp_curated,supplemental_v2_bad_verbs,-5.84375,2.125,-0.8750002384185791,7.96875,1.6037735849056605,1
head|inchoative|no_object_frame_overlay_subject_trial_s01|overlay_subject_trial_s01_wbc|1|burn|suppress,head,inchoative,overlay_subject_trial_s01_wbc,wbc,overlay_arg_1_match,good_to_bad,resid_post_layer_20,verb_final_subtoken,8,train_anchor,8,train_anchor,8,burn,suppress,head,head,freqblimp_curated,supplemental_v2_bad_verbs,-3.999999761581421,-1.0625,-2.937500238418579,2.937499761581421,2.764706898726025,0
head|inchoative|no_object_frame_overlay_subject_trial_s01|overlay_subject_trial_s01_wbc|2|chip|persuade,head,inchoative,overlay_subject_trial_s01_wbc,wbc,overlay_arg_1_match,good_to_bad,resid_post_layer_20,verb_final_subtoken,8,train_anchor,8,train_anchor,8,chip,persuade,head,head,freqblimp_curated,supplemental_v2_bad_verbs,-5.5625,1.3125,-2.624999761581421,6.875,2.340425341957146,1
head|inchoative|no_object_frame_overlay_subject_trial_s01|overlay_subject_trial_s01_wbc|3|crack|affect,head,inchoative,overlay_subject_trial_s01_wbc,wbc,overlay_arg_1_match,good_to_bad,resid_post_layer_20,verb_final_subtoken,8,train_anchor,8,train_anchor,8,crack,affect,head,head,freqblimp_curated,supplemental_v2_bad_verbs,-6.84375,-0.125,-2.0625,6.71875,1.4052287581699345,0
head|inchoative|no_object_frame_overlay_subject_trial_s01|overlay_subject_trial_s01_wbc|4|bake|require,head,inchoative,overlay_subject_trial_s01_wbc,wbc,overlay_arg_1_match,good_to_bad,resid_post_layer_20,verb_final_subtoken,8,train_anchor,8,train_anchor,8,bake,require,head,head,freqblimp_curated,supplemental_v2_bad_verbs,-5.15625,1.062499761581421,-2.875,6.21875,2.7260273972602738,1
head|inchoative|no_object_frame_overlay_subject_trial_s01|overlay_subject_trial_s01_wbc|5|move|retrieve,head,inchoative,overlay_subject_trial_s01_wbc,wbc,overlay_arg_1_match,good_to_bad,resid_post_layer_20,verb_final_subtoken,8,train_anchor,8,train_anchor,8,move,retrieve,head,head,freqblimp_curated,supplemental_v2_bad_verbs,-6.625,0.9375,-2.875,7.5625,2.0166666666666666,1
head|inchoative|no_object_frame_overlay_subject_trial_s01|overlay_subject_trial_s01_wbc|6|twist|arrest,head,inchoative,overlay_subject_trial_s01_wbc,wbc,overlay_arg_1_match,good_to_bad,resid_post_layer_20,verb_final_subtoken,8,train_anchor,8,train_anchor,8,twist,arrest,head,head,freqblimp_curated,supplemental_v2_bad_verbs,-3.875,-0.5625,-2.9375,3.3125,3.533333333333333,0
head|inchoative|no_object_frame_overlay_subject_trial_s01|overlay_subject_trial_s01_wbc|7|worry|abuse,head,inchoative,overlay_subject_trial_s01_wbc,wbc,overlay_arg_1_match,good_to_bad,resid_post_layer_20,verb_final_subtoken,8,train_anchor,8,train_anchor,8,worry,abuse,head,head,freqblimp_curated,supplemental_v2_bad_verbs,-2.812500238418579,1.0625,-2.375,3.875000238418579,8.857138575342137,1
head|inchoative|no_object_frame_overlay_subject_trial_s01|overlay_subject_trial_s01_wbc|8|drop|possess,head,inchoative,overlay_subject_trial_s01_wbc,wbc,overlay_arg_1_match,good_to_bad,resid_post_layer_20,verb_final_subtoken,8,train_anchor,8,train_anchor,8,drop,possess,head,head,freqblimp_curated,supplemental_v2_bad_verbs,-5.375,1.0625,-1.0625,6.4375,1.4927536231884058,1
head|inchoative|no_object_frame_overlay_subject_trial_s01|overlay_subject_trial_s01_wbc|10|roll|avoid,head,inchoative,overlay_subject_trial_s01_wbc,wbc,overlay_arg_1_match,good_to_bad,resid_post_layer_20,verb_final_subtoken,8,train_anchor,8,train_anchor,8,roll,avoid,head,head,freqblimp_curated,supplemental_v2_bad_verbs,-5.78125,0.8749997615814209,-2.625,6.65625,2.108910891089109,1
head|inchoative|no_object_frame_overlay_subject_trial_s01|overlay_subject_trial_s01_wbc|11|soak|blame,head,inchoative,overlay_subject_trial_s01_wbc,wbc,overlay_arg_1_match,good_to_bad,resid_post_layer_20,verb_final_subtoken,8,train_anchor,8,train_anchor,8,soak,blame,head,head,freqblimp_curated,supplemental_v2_bad_verbs,-7.3125,0.875,-3.874999761581421,8.1875,2.381818016619733,1
head|inchoative|no_object_frame_overlay_subject_trial_s01|overlay_subject_trial_s01_wbc|12|dim|admire,head,inchoative,overlay_subject_trial_s01_wbc,wbc,overlay_arg_1_match,good_to_bad,resid_post_layer_20,verb_final_subtoken,8,train_anchor,8,train_anchor,8,dim,admire,head,head,freqblimp_curated,freqblimp_curated,-4.9375,1.0,-2.250000238418579,5.9375,2.209302521577216,1
head|inchoative|no_object_frame_overlay_subject_trial_s01|overlay_subject_trial_s01_wbc|13|melt|respect,head,inchoative,overlay_subject_trial_s01_wbc,wbc,overlay_arg_1_match,good_to_bad,resid_post_layer_20,verb_final_subtoken,8,train_anchor,8,train_anchor,8,melt,respect,head,head,freqblimp_curated,freqblimp_curated,-6.4375,2.1875,-0.875,8.625,1.550561797752809,1
head|inchoative|no_object_frame_overlay_subject_trial_s01|overlay_subject_trial_s01_wbc|14|slow|notify,head,inchoative,overlay_subject_trial_s01_wbc,wbc,overlay_arg_1_match,good_to_bad,resid_post_layer_20,verb_final_subtoken,8,train_anchor,8,train_anchor,8,slow,notify,head,head,freqblimp_curated,supplemental_v2_bad_verbs,-6.5,-0.5625,-3.125,5.9375,1.7592592592592593,0
head|inchoative|no_object_frame_overlay_subject_trial_s01|overlay_subject_trial_s01_wbc|15|shut|destroy,head,inchoative,overlay_subject_trial_s01_wbc,wbc,overlay_arg_1_match,good_to_bad,resid_post_layer_20,verb_final_subtoken,8,train_anchor,8,train_anchor,8,shut,destroy,head,head,freqblimp_curated,freqblimp_curated,-5.0625,0.25,-3.687500238418579,5.3125,3.8636370335729833,1
head|inchoative|no_object_frame_overlay_subject_trial_s02|overlay_subject_trial_s02_weakener|1|move|blame,head,inchoative,overlay_subject_trial_s02_weakener,weakener,overlay_arg_1_match,good_to_bad,resid_post_layer_20,verb_final_subtoken,8,train_anchor,8,train_anchor,8,move,blame,head,head,freqblimp_curated,supplemental_v2_bad_verbs,-6.625,1.9375001192092896,-3.374999761581421,8.5625,2.634615191341166,1
head|inchoative|no_object_frame_overlay_subject_trial_s02|overlay_subject_trial_s02_weakener|2|chip|persuade,head,inchoative,overlay_subject_trial_s02_weakener,weakener,overlay_arg_1_match,good_to_bad,resid_post_layer_20,verb_final_subtoken,8,train_anchor,8,train_anchor,8,chip,persuade,head,head,freqblimp_curated,supplemental_v2_bad_verbs,-6.5625,0.875,-3.250000238418579,7.4375,2.2452831804731246,1
head|inchoative|no_object_frame_overlay_subject_trial_s02|overlay_subject_trial_s02_weakener|3|soak|possess,head,inchoative,overlay_subject_trial_s02_weakener,weakener,overlay_arg_1_match,good_to_bad,resid_post_layer_20,verb_final_subtoken,8,train_anchor,8,train_anchor,8,soak,possess,head,head,freqblimp_curated,supplemental_v2_bad_verbs,-5.4375,-0.75,-4.0625,4.6875,3.409090909090909,0
head|inchoative|no_object_frame_overlay_subject_trial_s02|overlay_subject_trial_s02_weakener|4|shrink|acquire,head,inchoative,overlay_subject_trial_s02_weakener,weakener,overlay_arg_1_match,good_to_bad,resid_post_layer_20,verb_final_subtoken,8,train_anchor,8,train_anchor,8,shrink,acquire,head,head,freqblimp_curated,supplemental_v2_bad_verbs,-6.15625,1.125,-2.1875,7.28125,1.8346456692913387,1
head|inchoative|no_object_frame_overlay_subject_trial_s02|overlay_subject_trial_s02_weakener|6|drop|suppress,head,inchoative,overlay_subject_trial_s02_weakener,weakener,overlay_arg_1_match,good_to_bad,resid_post_layer_20,verb_final_subtoken,8,train_anchor,8,train_anchor,8,drop,suppress,head,head,freqblimp_curated,supplemental_v2_bad_verbs,-5.5,0.0625,-2.3125,5.5625,1.7450980392156863,1
head|inchoative|no_object_frame_overlay_subject_trial_s02|overlay_subject_trial_s02_weakener|7|change|respect,head,inchoative,overlay_subject_trial_s02_weakener,weakener,overlay_arg_1_match,good_to_bad,resid_post_layer_20,verb_final_subtoken,8,train_anchor,8,train_anchor,8,change,respect,head,head,freqblimp_curated,freqblimp_curated,-6.375,0.3125,-3.3125,6.6875,2.183673469387755,1
head|inchoative|no_object_frame_overlay_subject_trial_s02|overlay_subject_trial_s02_weakener|8|accelerate|affect,head,inchoative,overlay_subject_trial_s02_weakener,weakener,overlay_arg_1_match,good_to_bad,resid_post_layer_20,verb_final_subtoken,8,train_anchor,8,train_anchor,8,accelerate,affect,head,head,freqblimp_curated,supplemental_v2_bad_verbs,-6.34375,-2.75,-4.5625,3.59375,2.017543859649123,0
head|inchoative|no_object_frame_overlay_subject_trial_s02|overlay_subject_trial_s02_weakener|9|turn|abuse,head,inchoative,overlay_subject_trial_s02_weakener,weakener,overlay_arg_1_match,good_to_bad,resid_post_layer_20,verb_final_subtoken,8,train_anchor,8,train_anchor,8,turn,abuse,head,head,freqblimp_curated,supplemental_v2_bad_verbs,-3.625,0.8125,-3.937499761581421,4.4375,-14.2000108337485,1
head|inchoative|no_object_frame_overlay_subject_trial_s02|overlay_subject_trial_s02_weakener|10|slow|retrieve,head,inchoative,overlay_subject_trial_s02_weakener,weakener,overlay_arg_1_match,good_to_bad,resid_post_layer_20,verb_final_subtoken,8,train_anchor,8,train_anchor,8,slow,retrieve,head,head,freqblimp_curated,supplemental_v2_bad_verbs,-6.0625,-2.0625,-5.625,4.0,9.142857142857142,0
head|inchoative|no_object_frame_overlay_subject_trial_s02|overlay_subject_trial_s02_weakener|11|grow|accuse,head,inchoative,overlay_subject_trial_s02_weakener,weakener,overlay_arg_1_match,good_to_bad,resid_post_layer_20,verb_final_subtoken,8,train_anchor,8,train_anchor,8,grow,accuse,head,head,freqblimp_curated,supplemental_v2_bad_verbs,-7.21875,1.9999998807907104,-1.187500238418579,9.21875,1.528497409326425,1
head|inchoative|no_object_frame_overlay_subject_trial_s02|overlay_subject_trial_s02_weakener|12|crash|admire,head,inchoative,overlay_subject_trial_s02_weakener,weakener,overlay_arg_1_match,good_to_bad,resid_post_layer_20,verb_final_subtoken,8,train_anchor,8,train_anchor,8,crash,admire,head,head,freqblimp_curated,freqblimp_curated,-4.75,1.4375,-1.1875,6.1875,1.736842105263158,1
head|inchoative|no_object_frame_overlay_subject_trial_s02|overlay_subject_trial_s02_weakener|13|roll|destroy,head,inchoative,overlay_subject_trial_s02_weakener,weakener,overlay_arg_1_match,good_to_bad,resid_post_layer_20,verb_final_subtoken,8,train_anchor,8,train_anchor,8,roll,destroy,head,head,freqblimp_curated,freqblimp_curated,-5.5,1.25,-2.749999761581421,6.75,2.454545241742113,1
head|inchoative|no_object_frame_overlay_subject_trial_s02|overlay_subject_trial_s02_weakener|14|dry|require,head,inchoative,overlay_subject_trial_s02_weakener,weakener,overlay_arg_1_match,good_to_bad,resid_post_layer_20,verb_final_subtoken,8,train_anchor,8,train_anchor,8,dry,require,head,head,freqblimp_curated,supplemental_v2_bad_verbs,-6.6875,2.625,-1.875,9.3125,1.9350649350649352,1
head|inchoative|no_object_frame_overlay_subject_trial_s02|overlay_subject_trial_s02_weakener|15|dim|arrest,head,inchoative,overlay_subject_trial_s02_weakener,weakener,overlay_arg_1_match,good_to_bad,resid_post_layer_20,verb_final_subtoken,8,train_anchor,8,train_anchor,8,dim,arrest,head,head,freqblimp_curated,supplemental_v2_bad_verbs,-4.75,0.0625,-3.1875,4.8125,3.08,1
head|inchoative|no_object_frame_overlay_subject_trial_s03|overlay_subject_trial_s03_weald|1|warp|avoid,head,inchoative,overlay_subject_trial_s03_weald,weald,overlay_arg_1_match,good_to_bad,resid_post_layer_20,verb_final_subtoken,8,train_anchor,8,train_anchor,8,warp,avoid,head,head,freqblimp_curated,supplemental_v2_bad_verbs,-5.53125,2.625,-1.5625,8.15625,2.0551181102362204,1
head|inchoative|no_object_frame_overlay_subject_trial_s03|overlay_subject_trial_s03_weald|2|fold|blame,head,inchoative,overlay_subject_trial_s03_weald,weald,overlay_arg_1_match,good_to_bad,resid_post_layer_20,verb_final_subtoken,8,train_anchor,8,train_anchor,8,fold,blame,head,head,freqblimp_curated,supplemental_v2_bad_verbs,-6.40625,2.999999761581421,-1.3125,9.40625,1.8466257668711656,1
head|inchoative|no_object_frame_overlay_subject_trial_s03|overlay_subject_trial_s03_weald|3|freeze|possess,head,inchoative,overlay_subject_trial_s03_weald,weald,overlay_arg_1_match,good_to_bad,resid_post_layer_20,verb_final_subtoken,8,train_anchor,8,train_anchor,8,freeze,possess,head,head,freqblimp_curated,supplemental_v2_bad_verbs,-5.84375,2.6875,0.6875,8.53125,1.30622009569378,1
head|inchoative|no_object_frame_overlay_subject_trial_s03|overlay_subject_trial_s03_weald|4|change|notify,head,inchoative,overlay_subject_trial_s03_weald,weald,overlay_arg_1_match,good_to_bad,resid_post_layer_20,verb_final_subtoken,8,train_anchor,8,train_anchor,8,change,notify,head,head,freqblimp_curated,supplemental_v2_bad_verbs,-8.3125,1.8124998807907104,-0.875,10.125,1.361344537815126,1
head|inchoative|no_object_frame_overlay_subject_trial_s03|overlay_subject_trial_s03_weald|5|stretch|abuse,head,inchoative,overlay_subject_trial_s03_weald,weald,overlay_arg_1_match,good_to_bad,resid_post_layer_20,verb_final_subtoken,8,train_anchor,8,train_anchor,8,stretch,abuse,head,head,freqblimp_curated,supplemental_v2_bad_verbs,-2.812499761581421,1.875,-2.1875,4.6875,7.500002861024041,1
head|inchoative|no_object_frame_overlay_subject_trial_s03|overlay_subject_trial_s03_weald|6|twist|arrest,head,inchoative,overlay_subject_trial_s03_weald,weald,overlay_arg_1_match,good_to_bad,resid_post_layer_20,verb_final_subtoken,8,train_anchor,8,train_anchor,8,twist,arrest,head,head,freqblimp_curated,supplemental_v2_bad_verbs,-3.125,3.0,-1.124999761581421,6.125,3.0624996349215943,1
head|inchoative|no_object_frame_overlay_subject_trial_s03|overlay_subject_trial_s03_weald|7|crash|affect,head,inchoative,overlay_subject_trial_s03_weald,weald,overlay_arg_1_match,good_to_bad,resid_post_layer_20,verb_final_subtoken,8,train_anchor,8,train_anchor,8,crash,affect,head,head,freqblimp_curated,supplemental_v2_bad_verbs,-7.9375,2.3125,-0.1875,10.25,1.3225806451612903,1
head|inchoative|no_object_frame_overlay_subject_trial_s03|overlay_subject_trial_s03_weald|8|chip|accuse,head,inchoative,overlay_subject_trial_s03_weald,weald,overlay_arg_1_match,good_to_bad,resid_post_layer_20,verb_final_subtoken,8,train_anchor,8,train_anchor,8,chip,accuse,head,head,freqblimp_curated,supplemental_v2_bad_verbs,-6.0625,3.1875,-1.125,9.25,1.8734177215189873,1
head|inchoative|no_object_frame_overlay_subject_trial_s03|overlay_subject_trial_s03_weald|10|fade|require,head,inchoative,overlay_subject_trial_s03_weald,weald,overlay_arg_1_match,good_to_bad,resid_post_layer_20,verb_final_subtoken,8,train_anchor,8,train_anchor,8,fade,require,head,head,freqblimp_curated,supplemental_v2_bad_verbs,-6.59375,5.125,1.875000238418579,11.71875,1.3837638376383763,1
head|inchoative|no_object_frame_overlay_subject_trial_s03|overlay_subject_trial_s03_weald|11|grow|destroy,head,inchoative,overlay_subject_trial_s03_weald,weald,overlay_arg_1_match,good_to_bad,resid_post_layer_20,verb_final_subtoken,8,train_anchor,8,train_anchor,8,grow,destroy,head,head,freqblimp_curated,freqblimp_curated,-4.3125,3.062499761581421,0.0,7.375,1.710144927536232,1
head|inchoative|no_object_frame_overlay_subject_trial_s03|overlay_subject_trial_s03_weald|13|worry|persuade,head,inchoative,overlay_subject_trial_s03_weald,weald,overlay_arg_1_match,good_to_bad,resid_post_layer_20,verb_final_subtoken,8,train_anchor,8,train_anchor,8,worry,persuade,head,head,freqblimp_curated,supplemental_v2_bad_verbs,-4.25,0.37499988079071045,-2.062500238418579,4.625,2.1142859447245947,1
head|inchoative|no_object_frame_overlay_subject_trial_s03|overlay_subject_trial_s03_weald|14|shrink|acquire,head,inchoative,overlay_subject_trial_s03_weald,weald,overlay_arg_1_match,good_to_bad,resid_post_layer_20,verb_final_subtoken,8,train_anchor,8,train_anchor,8,shrink,acquire,head,head,freqblimp_curated,supplemental_v2_bad_verbs,-6.09375,3.8125,1.624999761581421,9.90625,1.2834008097165992,1
head|inchoative|no_object_frame_overlay_subject_trial_s03|overlay_subject_trial_s03_weald|15|burn|respect,head,inchoative,overlay_subject_trial_s03_weald,weald,overlay_arg_1_match,good_to_bad,resid_post_layer_20,verb_final_subtoken,8,train_anchor,8,train_anchor,8,burn,respect,head,head,freqblimp_curated,freqblimp_curated,-5.75,3.937499761581421,0.1875,9.6875,1.631578947368421,1
head|inchoative|no_object_frame_overlay_subject_visit_s02|overlay_subject_visit_s02_twistwood|0|chip|admire,head,inchoative,overlay_subject_visit_s02_twistwood,twistwood,overlay_arg_1_match,good_to_bad,resid_post_layer_20,verb_final_subtoken,8,train_anchor,8,train_anchor,8,chip,admire,head,head,freqblimp_curated,freqblimp_curated,-6.4375,2.125,0.4375,8.5625,1.2454545454545454,1
head|inchoative|no_object_frame_overlay_subject_visit_s02|overlay_subject_visit_s02_twistwood|2|fade|require,head,inchoative,overlay_subject_visit_s02_twistwood,twistwood,overlay_arg_1_match,good_to_bad,resid_post_layer_20,verb_final_subtoken,8,train_anchor,8,train_anchor,8,fade,require,head,head,freqblimp_curated,supplemental_v2_bad_verbs,-6.625,6.531249523162842,3.4375,13.15625,1.3074534161490683,1
head|inchoative|no_object_frame_overlay_subject_visit_s02|overlay_subject_visit_s02_twistwood|4|soak|affect,head,inchoative,overlay_subject_visit_s02_twistwood,twistwood,overlay_arg_1_match,good_to_bad,resid_post_layer_20,verb_final_subtoken,8,train_anchor,8,train_anchor,8,soak,affect,head,head,freqblimp_curated,supplemental_v2_bad_verbs,-8.28125,4.625,-0.8125,12.90625,1.7280334728033473,1
head|inchoative|no_object_frame_overlay_subject_visit_s02|overlay_subject_visit_s02_twistwood|5|shrink|retrieve,head,inchoative,overlay_subject_visit_s02_twistwood,twistwood,overlay_arg_1_match,good_to_bad,resid_post_layer_20,verb_final_subtoken,8,train_anchor,8,train_anchor,8,shrink,retrieve,head,head,freqblimp_curated,supplemental_v2_bad_verbs,-6.40625,5.0,1.8125,11.40625,1.3878326996197718,1
head|inchoative|no_object_frame_overlay_subject_visit_s02|overlay_subject_visit_s02_twistwood|6|roll|suppress,head,inchoative,overlay_subject_visit_s02_twistwood,twistwood,overlay_arg_1_match,good_to_bad,resid_post_layer_20,verb_final_subtoken,8,train_anchor,8,train_anchor,8,roll,suppress,head,head,freqblimp_curated,supplemental_v2_bad_verbs,-5.46875,4.25,0.625,9.71875,1.594871794871795,1
head|inchoative|no_object_frame_overlay_subject_visit_s02|overlay_subject_visit_s02_twistwood|7|melt|persuade,head,inchoative,overlay_subject_visit_s02_twistwood,twistwood,overlay_arg_1_match,good_to_bad,resid_post_layer_20,verb_final_subtoken,8,train_anchor,8,train_anchor,8,melt,persuade,head,head,freqblimp_curated,supplemental_v2_bad_verbs,-6.0,5.75,1.75,11.75,1.5161290322580645,1
head|inchoative|no_object_frame_overlay_subject_visit_s02|overlay_subject_visit_s02_twistwood|8|dry|notify,head,inchoative,overlay_subject_visit_s02_twistwood,twistwood,overlay_arg_1_match,good_to_bad,resid_post_layer_20,verb_final_subtoken,8,train_anchor,8,train_anchor,8,dry,notify,head,head,freqblimp_curated,supplemental_v2_bad_verbs,-7.968749523162842,6.0625,2.25,14.03125,1.3730886850152906,1
head|inchoative|no_object_frame_overlay_subject_visit_s02|overlay_subject_visit_s02_twistwood|9|dim|avoid,head,inchoative,overlay_subject_visit_s02_twistwood,twistwood,overlay_arg_1_match,good_to_bad,resid_post_layer_20,verb_final_subtoken,8,train_anchor,8,train_anchor,8,dim,avoid,head,head,freqblimp_curated,supplemental_v2_bad_verbs,-7.625,5.375,-0.4375,13.0,1.808695652173913,1
head|inchoative|no_object_frame_overlay_subject_visit_s02|overlay_subject_visit_s02_twistwood|10|shut|respect,head,inchoative,overlay_subject_visit_s02_twistwood,twistwood,overlay_arg_1_match,good_to_bad,resid_post_layer_20,verb_final_subtoken,8,train_anchor,8,train_anchor,8,shut,respect,head,head,freqblimp_curated,freqblimp_curated,-7.34375,3.124999761581421,-2.1875,10.46875,2.0303030303030303,1
head|inchoative|no_object_frame_overlay_subject_visit_s02|overlay_subject_visit_s02_twistwood|11|stop|accuse,head,inchoative,overlay_subject_visit_s02_twistwood,twistwood,overlay_arg_1_match,good_to_bad,resid_post_layer_20,verb_final_subtoken,8,train_anchor,8,train_anchor,8,stop,accuse,head,head,freqblimp_curated,supplemental_v2_bad_verbs,-6.40625,1.5625,-1.0,7.96875,1.4739884393063585,1
head|inchoative|no_object_frame_overlay_subject_visit_s02|overlay_subject_visit_s02_twistwood|12|freeze|possess,head,inchoative,overlay_subject_visit_s02_twistwood,twistwood,overlay_arg_1_match,good_to_bad,resid_post_layer_20,verb_final_subtoken,8,train_anchor,8,train_anchor,8,freeze,possess,head,head,freqblimp_curated,supplemental_v2_bad_verbs,-6.34375,3.0625,2.375,9.40625,1.0788530465949822,1
head|inchoative|no_object_frame_overlay_subject_visit_s02|overlay_subject_visit_s02_twistwood|15|open|blame,head,inchoative,overlay_subject_visit_s02_twistwood,twistwood,overlay_arg_1_match,good_to_bad,resid_post_layer_20,verb_final_subtoken,8,train_anchor,8,train_anchor,8,open,blame,head,head,freqblimp_curated,supplemental_v2_bad_verbs,-6.9375,2.875,-2.0,9.8125,1.9873417721518987,1
head|inchoative|no_object_frame_overlay_subject_check_s01|overlay_subject_check_s01_ovolo|0|turn|affect,head,inchoative,overlay_subject_check_s01_ovolo,ovolo,overlay_arg_1_match,good_to_bad,resid_post_layer_20,verb_final_subtoken,9,train_anchor,9,train_anchor,9,turn,affect,head,head,freqblimp_curated,supplemental_v2_bad_verbs,-7.0625,2.1875,-2.249999761581421,9.25,1.922077922077922,1
head|inchoative|no_object_frame_overlay_subject_check_s01|overlay_subject_check_s01_ovolo|1|soak|respect,head,inchoative,overlay_subject_check_s01_ovolo,ovolo,overlay_arg_1_match,good_to_bad,resid_post_layer_20,verb_final_subtoken,9,train_anchor,9,train_anchor,9,soak,respect,head,head,freqblimp_curated,freqblimp_curated,-7.46875,0.18749988079071045,-3.3125,7.65625,1.8421052631578947,1
head|inchoative|no_object_frame_overlay_subject_check_s01|overlay_subject_check_s01_ovolo|3|melt|require,head,inchoative,overlay_subject_check_s01_ovolo,ovolo,overlay_arg_1_match,good_to_bad,resid_post_layer_20,verb_final_subtoken,9,train_anchor,9,train_anchor,9,melt,require,head,head,freqblimp_curated,supplemental_v2_bad_verbs,-7.125,2.687499761581421,-1.5,9.8125,1.7444444444444445,1
head|inchoative|no_object_frame_overlay_subject_check_s01|overlay_subject_check_s01_ovolo|4|change|destroy,head,inchoative,overlay_subject_check_s01_ovolo,ovolo,overlay_arg_1_match,good_to_bad,resid_post_layer_20,verb_final_subtoken,9,train_anchor,9,train_anchor,9,change,destroy,head,head,freqblimp_curated,freqblimp_curated,-5.5,1.0625001192092896,-2.4375,6.5625,2.142857142857143,1
head|inchoative|no_object_frame_overlay_subject_check_s01|overlay_subject_check_s01_ovolo|5|close|accuse,head,inchoative,overlay_subject_check_s01_ovolo,ovolo,overlay_arg_1_match,good_to_bad,resid_post_layer_20,verb_final_subtoken,9,train_anchor,9,train_anchor,9,close,accuse,head,head,freqblimp_curated,supplemental_v2_bad_verbs,-4.875,1.375,-2.375,6.25,2.5,1
head|inchoative|no_object_frame_overlay_subject_check_s01|overlay_subject_check_s01_ovolo|6|crack|abuse,head,inchoative,overlay_subject_check_s01_ovolo,ovolo,overlay_arg_1_match,good_to_bad,resid_post_layer_20,verb_final_subtoken,9,train_anchor,9,train_anchor,9,crack,abuse,head,head,freqblimp_curated,supplemental_v2_bad_verbs,-3.8125,1.875,-1.875,5.6875,2.935483870967742,1
head|inchoative|no_object_frame_overlay_subject_check_s01|overlay_subject_check_s01_ovolo|7|chip|avoid,head,inchoative,overlay_subject_check_s01_ovolo,ovolo,overlay_arg_1_match,good_to_bad,resid_post_layer_20,verb_final_subtoken,9,train_anchor,9,train_anchor,9,chip,avoid,head,head,freqblimp_curated,supplemental_v2_bad_verbs,-5.96875,1.0,-3.0625,6.96875,2.3978494623655915,1
head|inchoative|no_object_frame_overlay_subject_check_s01|overlay_subject_check_s01_ovolo|8|awaken|notify,head,inchoative,overlay_subject_check_s01_ovolo,ovolo,overlay_arg_1_match,good_to_bad,resid_post_layer_20,verb_final_subtoken,9,train_anchor,9,train_anchor,9,awaken,notify,head,head,freqblimp_curated,supplemental_v2_bad_verbs,-7.406249523162842,2.625,0.3125,10.03125,1.2995952219848153,1
head|inchoative|no_object_frame_overlay_subject_check_s01|overlay_subject_check_s01_ovolo|9|worry|admire,head,inchoative,overlay_subject_check_s01_ovolo,ovolo,overlay_arg_1_match,good_to_bad,resid_post_layer_20,verb_final_subtoken,9,train_anchor,9,train_anchor,9,worry,admire,head,head,freqblimp_curated,freqblimp_curated,-6.5625,0.3125,-1.5,6.875,1.3580246913580247,1
head|inchoative|no_object_frame_overlay_subject_check_s01|overlay_subject_check_s01_ovolo|10|slow|persuade,head,inchoative,overlay_subject_check_s01_ovolo,ovolo,overlay_arg_1_match,good_to_bad,resid_post_layer_20,verb_final_subtoken,9,train_anchor,9,train_anchor,9,slow,persuade,head,head,freqblimp_curated,supplemental_v2_bad_verbs,-6.09375,2.1875,-2.375,8.28125,2.226890756302521,1
head|inchoative|no_object_frame_overlay_subject_check_s01|overlay_subject_check_s01_ovolo|11|fold|arrest,head,inchoative,overlay_subject_check_s01_ovolo,ovolo,overlay_arg_1_match,good_to_bad,resid_post_layer_20,verb_final_subtoken,9,train_anchor,9,train_anchor,9,fold,arrest,head,head,freqblimp_curated,supplemental_v2_bad_verbs,-3.6875,2.437500238418579,-2.500000238418579,6.125,5.1578957724111,1
head|inchoative|no_object_frame_overlay_subject_check_s01|overlay_subject_check_s01_ovolo|12|fade|retrieve,head,inchoative,overlay_subject_check_s01_ovolo,ovolo,overlay_arg_1_match,good_to_bad,resid_post_layer_20,verb_final_subtoken,9,train_anchor,9,train_anchor,9,fade,retrieve,head,head,freqblimp_curated,supplemental_v2_bad_verbs,-8.21875,3.0,-0.875,11.21875,1.5276595744680852,1
head|inchoative|no_object_frame_overlay_subject_check_s01|overlay_subject_check_s01_ovolo|13|dry|possess,head,inchoative,overlay_subject_check_s01_ovolo,ovolo,overlay_arg_1_match,good_to_bad,resid_post_layer_20,verb_final_subtoken,9,train_anchor,9,train_anchor,9,dry,possess,head,head,freqblimp_curated,supplemental_v2_bad_verbs,-6.03125,1.8125,-2.125,7.84375,2.008,1
head|inchoative|no_object_frame_overlay_subject_check_s01|overlay_subject_check_s01_ovolo|14|move|blame,head,inchoative,overlay_subject_check_s01_ovolo,ovolo,overlay_arg_1_match,good_to_bad,resid_post_layer_20,verb_final_subtoken,9,train_anchor,9,train_anchor,9,move,blame,head,head,freqblimp_curated,supplemental_v2_bad_verbs,-5.90625,3.187499761581421,-2.687500238418579,9.09375,2.825242927717407,1
head|inchoative|no_object_frame_overlay_subject_check_s01|overlay_subject_check_s01_ovolo|15|bake|acquire,head,inchoative,overlay_subject_check_s01_ovolo,ovolo,overlay_arg_1_match,good_to_bad,resid_post_layer_20,verb_final_subtoken,9,train_anchor,9,train_anchor,9,bake,acquire,head,head,freqblimp_curated,supplemental_v2_bad_verbs,-6.500000476837158,1.5625,-2.437500238418579,8.0625,1.9846153846153847,1
head|inchoative|no_object_frame_overlay_subject_lab_s00|overlay_subject_lab_s00_tsouic|0|burn|affect,head,inchoative,overlay_subject_lab_s00_tsouic,tsouic,overlay_arg_1_match,good_to_bad,resid_post_layer_20,verb_final_subtoken,9,train_anchor,9,train_anchor,9,burn,affect,head,head,freqblimp_curated,supplemental_v2_bad_verbs,-7.59375,0.75,-2.499999761581421,8.34375,1.638036809815951,1
head|inchoative|no_object_frame_overlay_subject_lab_s00|overlay_subject_lab_s00_tsouic|1|melt|notify,head,inchoative,overlay_subject_lab_s00_tsouic,tsouic,overlay_arg_1_match,good_to_bad,resid_post_layer_20,verb_final_subtoken,9,train_anchor,9,train_anchor,9,melt,notify,head,head,freqblimp_curated,supplemental_v2_bad_verbs,-7.1875,0.625,-3.4375,7.8125,2.0833333333333335,1
head|inchoative|no_object_frame_overlay_subject_lab_s00|overlay_subject_lab_s00_tsouic|2|bake|persuade,head,inchoative,overlay_subject_lab_s00_tsouic,tsouic,overlay_arg_1_match,good_to_bad,resid_post_layer_20,verb_final_subtoken,9,train_anchor,9,train_anchor,9,bake,persuade,head,head,freqblimp_curated,supplemental_v2_bad_verbs,-6.0625,1.375,-3.0625,7.4375,2.4791666666666665,1
head|inchoative|no_object_frame_overlay_subject_lab_s00|overlay_subject_lab_s00_tsouic|3|slow|possess,head,inchoative,overlay_subject_lab_s00_tsouic,tsouic,overlay_arg_1_match,good_to_bad,resid_post_layer_20,verb_final_subtoken,9,train_anchor,9,train_anchor,9,slow,possess,head,head,freqblimp_curated,supplemental_v2_bad_verbs,-5.90625,-1.9375,-5.0625,3.96875,4.703703703703703,0
head|inchoative|no_object_frame_overlay_subject_lab_s00|overlay_subject_lab_s00_tsouic|6|fade|retrieve,head,inchoative,overlay_subject_lab_s00_tsouic,tsouic,overlay_arg_1_match,good_to_bad,resid_post_layer_20,verb_final_subtoken,9,train_anchor,9,train_anchor,9,fade,retrieve,head,head,freqblimp_curated,supplemental_v2_bad_verbs,-7.156249523162842,3.250000238418579,-1.5625,10.40625,1.8603353541143282,1
head|inchoative|no_object_frame_overlay_subject_lab_s00|overlay_subject_lab_s00_tsouic|7|freeze|acquire,head,inchoative,overlay_subject_lab_s00_tsouic,tsouic,overlay_arg_1_match,good_to_bad,resid_post_layer_20,verb_final_subtoken,9,train_anchor,9,train_anchor,9,freeze,acquire,head,head,freqblimp_curated,supplemental_v2_bad_verbs,-5.34375,0.5625,-3.749999761581421,5.90625,3.70588179855619,1
head|inchoative|no_object_frame_overlay_subject_lab_s00|overlay_subject_lab_s00_tsouic|8|twist|require,head,inchoative,overlay_subject_lab_s00_tsouic,tsouic,overlay_arg_1_match,good_to_bad,resid_post_layer_20,verb_final_subtoken,9,train_anchor,9,train_anchor,9,twist,require,head,head,freqblimp_curated,supplemental_v2_bad_verbs,-6.531249523162842,-0.8125,-4.25,5.718749523162842,2.5068496300369953,0
head|inchoative|no_object_frame_overlay_subject_lab_s00|overlay_subject_lab_s00_tsouic|9|shut|admire,head,inchoative,overlay_subject_lab_s00_tsouic,tsouic,overlay_arg_1_match,good_to_bad,resid_post_layer_20,verb_final_subtoken,9,train_anchor,9,train_anchor,9,shut,admire,head,head,freqblimp_curated,freqblimp_curated,-5.75,-0.25,-4.25,5.5,3.6666666666666665,0
head|inchoative|no_object_frame_overlay_subject_lab_s00|overlay_subject_lab_s00_tsouic|10|turn|respect,head,inchoative,overlay_subject_lab_s00_tsouic,tsouic,overlay_arg_1_match,good_to_bad,resid_post_layer_20,verb_final_subtoken,9,train_anchor,9,train_anchor,9,turn,respect,head,head,freqblimp_curated,freqblimp_curated,-6.1875,1.1874998807907104,-4.4375,7.375,4.214285714285714,1
head|inchoative|no_object_frame_overlay_subject_lab_s00|overlay_subject_lab_s00_tsouic|12|soak|arrest,head,inchoative,overlay_subject_lab_s00_tsouic,tsouic,overlay_arg_1_match,good_to_bad,resid_post_layer_20,verb_final_subtoken,9,train_anchor,9,train_anchor,9,soak,arrest,head,head,freqblimp_curated,supplemental_v2_bad_verbs,-4.5,0.625,-6.125,5.125,-3.1538461538461537,1
head|inchoative|no_object_frame_overlay_subject_lab_s00|overlay_subject_lab_s00_tsouic|13|dim|accuse,head,inchoative,overlay_subject_lab_s00_tsouic,tsouic,overlay_arg_1_match,good_to_bad,resid_post_layer_20,verb_final_subtoken,9,train_anchor,9,train_anchor,9,dim,accuse,head,head,freqblimp_curated,supplemental_v2_bad_verbs,-5.28125,2.562500238418579,-4.0,7.84375,6.121951219512195,1
head|inchoative|no_object_frame_overlay_subject_lab_s00|overlay_subject_lab_s00_tsouic|14|drop|suppress,head,inchoative,overlay_subject_lab_s00_tsouic,tsouic,overlay_arg_1_match,good_to_bad,resid_post_layer_20,verb_final_subtoken,9,train_anchor,9,train_anchor,9,drop,suppress,head,head,freqblimp_curated,supplemental_v2_bad_verbs,-5.6875,0.5625,-3.000000238418579,6.25,2.3255816016602275,1
head|inchoative|no_object_frame_overlay_subject_lab_s00|overlay_subject_lab_s00_tsouic|15|grow|destroy,head,inchoative,overlay_subject_lab_s00_tsouic,tsouic,overlay_arg_1_match,good_to_bad,resid_post_layer_20,verb_final_subtoken,9,train_anchor,9,train_anchor,9,grow,destroy,head,head,freqblimp_curated,freqblimp_curated,-5.5625,1.9374998807907104,-2.000000238418579,7.5,2.1052632987884587,1
head|inchoative|no_object_frame_overlay_subject_visit_s00|overlay_subject_visit_s00_twinkie|0|freeze|arrest,head,inchoative,overlay_subject_visit_s00_twinkie,twinkie,overlay_arg_1_match,good_to_bad,resid_post_layer_20,verb_final_subtoken,9,train_anchor,9,train_anchor,9,freeze,arrest,head,head,freqblimp_curated,supplemental_v2_bad_verbs,-4.4375,3.437499761581421,-0.3125,7.875,1.9090909090909092,1
head|inchoative|no_object_frame_overlay_subject_visit_s00|overlay_subject_visit_s00_twinkie|1|move|notify,head,inchoative,overlay_subject_visit_s00_twinkie,twinkie,overlay_arg_1_match,good_to_bad,resid_post_layer_20,verb_final_subtoken,9,train_anchor,9,train_anchor,9,move,notify,head,head,freqblimp_curated,supplemental_v2_bad_verbs,-6.78125,2.1875,-2.625,8.96875,2.1578947368421053,1
head|inchoative|no_object_frame_overlay_subject_visit_s00|overlay_subject_visit_s00_twinkie|2|shut|accuse,head,inchoative,overlay_subject_visit_s00_twinkie,twinkie,overlay_arg_1_match,good_to_bad,resid_post_layer_20,verb_final_subtoken,9,train_anchor,9,train_anchor,9,shut,accuse,head,head,freqblimp_curated,supplemental_v2_bad_verbs,-6.09375,1.1875,-5.25,7.28125,8.62962962962963,1
head|inchoative|no_object_frame_overlay_subject_visit_s00|overlay_subject_visit_s00_twinkie|3|fade|require,head,inchoative,overlay_subject_visit_s00_twinkie,twinkie,overlay_arg_1_match,good_to_bad,resid_post_layer_20,verb_final_subtoken,9,train_anchor,9,train_anchor,9,fade,require,head,head,freqblimp_curated,supplemental_v2_bad_verbs,-6.375,6.1875,1.1875,12.5625,1.6611570247933884,1
head|inchoative|no_object_frame_overlay_subject_visit_s00|overlay_subject_visit_s00_twinkie|4|change|admire,head,inchoative,overlay_subject_visit_s00_twinkie,twinkie,overlay_arg_1_match,good_to_bad,resid_post_layer_20,verb_final_subtoken,9,train_anchor,9,train_anchor,9,change,admire,head,head,freqblimp_curated,freqblimp_curated,-7.40625,0.875,-1.3125,8.28125,1.358974358974359,1
head|inchoative|no_object_frame_overlay_subject_visit_s00|overlay_subject_visit_s00_twinkie|5|dry|acquire,head,inchoative,overlay_subject_visit_s00_twinkie,twinkie,overlay_arg_1_match,good_to_bad,resid_post_layer_20,verb_final_subtoken,9,train_anchor,9,train_anchor,9,dry,acquire,head,head,freqblimp_curated,supplemental_v2_bad_verbs,-5.75,2.5625,-1.624999761581421,8.3125,2.015151515151515,1
head|inchoative|no_object_frame_overlay_subject_visit_s00|overlay_subject_visit_s00_twinkie|6|close|persuade,head,inchoative,overlay_subject_visit_s00_twinkie,twinkie,overlay_arg_1_match,good_to_bad,resid_post_layer_20,verb_final_subtoken,9,train_anchor,9,train_anchor,9,close,persuade,head,head,freqblimp_curated,supplemental_v2_bad_verbs,-7.84375,0.25,-4.1875,8.09375,2.213675213675214,1
head|inchoative|no_object_frame_overlay_subject_visit_s00|overlay_subject_visit_s00_twinkie|7|stop|suppress,head,inchoative,overlay_subject_visit_s00_twinkie,twinkie,overlay_arg_1_match,good_to_bad,resid_post_layer_20,verb_final_subtoken,9,train_anchor,9,train_anchor,9,stop,suppress,head,head,freqblimp_curated,supplemental_v2_bad_verbs,-3.6875,0.8125,-1.6875,4.5,2.25,1
head|inchoative|no_object_frame_overlay_subject_visit_s00|overlay_subject_visit_s00_twinkie|8|grow|avoid,head,inchoative,overlay_subject_visit_s00_twinkie,twinkie,overlay_arg_1_match,good_to_bad,resid_post_layer_20,verb_final_subtoken,9,train_anchor,9,train_anchor,9,grow,avoid,head,head,freqblimp_curated,supplemental_v2_bad_verbs,-7.125,3.0,0.5,10.125,1.3278688524590163,1
head|inchoative|no_object_frame_overlay_subject_visit_s00|overlay_subject_visit_s00_twinkie|10|slow|retrieve,head,inchoative,overlay_subject_visit_s00_twinkie,twinkie,overlay_arg_1_match,good_to_bad,resid_post_layer_20,verb_final_subtoken,9,train_anchor,9,train_anchor,9,slow,retrieve,head,head,freqblimp_curated,supplemental_v2_bad_verbs,-6.6875,1.5,-3.9375,8.1875,2.977272727272727,1
head|inchoative|no_object_frame_overlay_subject_visit_s00|overlay_subject_visit_s00_twinkie|11|awaken|blame,head,inchoative,overlay_subject_visit_s00_twinkie,twinkie,overlay_arg_1_match,good_to_bad,resid_post_layer_20,verb_final_subtoken,9,train_anchor,9,train_anchor,9,awaken,blame,head,head,freqblimp_curated,supplemental_v2_bad_verbs,-6.750000476837158,5.6875,0.25,12.4375,1.776785593251801,1
head|inchoative|no_object_frame_overlay_subject_visit_s00|overlay_subject_visit_s00_twinkie|12|bake|respect,head,inchoative,overlay_subject_visit_s00_twinkie,twinkie,overlay_arg_1_match,good_to_bad,resid_post_layer_20,verb_final_subtoken,9,train_anchor,9,train_anchor,9,bake,respect,head,head,freqblimp_curated,freqblimp_curated,-6.1875,1.3125001192092896,-2.625,7.5,2.1052631578947367,1
head|inchoative|no_object_frame_overlay_subject_visit_s00|overlay_subject_visit_s00_twinkie|13|melt|possess,head,inchoative,overlay_subject_visit_s00_twinkie,twinkie,overlay_arg_1_match,good_to_bad,resid_post_layer_20,verb_final_subtoken,9,train_anchor,9,train_anchor,9,melt,possess,head,head,freqblimp_curated,supplemental_v2_bad_verbs,-5.125,3.125,-0.125,8.25,1.65,1
head|inchoative|no_object_frame_overlay_subject_visit_s00|overlay_subject_visit_s00_twinkie|14|chip|affect,head,inchoative,overlay_subject_visit_s00_twinkie,twinkie,overlay_arg_1_match,good_to_bad,resid_post_layer_20,verb_final_subtoken,9,train_anchor,9,train_anchor,9,chip,affect,head,head,freqblimp_curated,supplemental_v2_bad_verbs,-7.28125,1.75,-3.812499761581421,9.03125,2.60360342464939,1
head|inchoative|no_object_frame_overlay_subject_visit_s00|overlay_subject_visit_s00_twinkie|15|accelerate|destroy,head,inchoative,overlay_subject_visit_s00_twinkie,twinkie,overlay_arg_1_match,good_to_bad,resid_post_layer_20,verb_final_subtoken,9,train_anchor,9,train_anchor,9,accelerate,destroy,head,head,freqblimp_curated,freqblimp_curated,-6.4375,1.5625,-2.374999761581421,8.0,1.9692307692307693,1
head|inchoative|no_object_frame_overlay_subject_visit_s01|overlay_subject_visit_s01_twinkler|0|fade|respect,head,inchoative,overlay_subject_visit_s01_twinkler,twinkler,overlay_arg_1_match,good_to_bad,resid_post_layer_20,verb_final_subtoken,9,train_anchor,9,train_anchor,9,fade,respect,head,head,freqblimp_curated,freqblimp_curated,-7.03125,4.3125,-0.875,11.34375,1.8426395939086295,1
head|inchoative|no_object_frame_overlay_subject_visit_s01|overlay_subject_visit_s01_twinkler|1|soak|retrieve,head,inchoative,overlay_subject_visit_s01_twinkler,twinkler,overlay_arg_1_match,good_to_bad,resid_post_layer_20,verb_final_subtoken,9,train_anchor,9,train_anchor,9,soak,retrieve,head,head,freqblimp_curated,supplemental_v2_bad_verbs,-7.75,1.875,-4.125,9.625,2.6551724137931036,1
head|inchoative|no_object_frame_overlay_subject_visit_s01|overlay_subject_visit_s01_twinkler|2|twist|affect,head,inchoative,overlay_subject_visit_s01_twinkler,twinkler,overlay_arg_1_match,good_to_bad,resid_post_layer_20,verb_final_subtoken,9,train_anchor,9,train_anchor,9,twist,affect,head,head,freqblimp_curated,supplemental_v2_bad_verbs,-7.625,0.1875,-4.875,7.8125,2.840909090909091,1
head|inchoative|no_object_frame_overlay_subject_visit_s01|overlay_subject_visit_s01_twinkler|3|change|arrest,head,inchoative,overlay_subject_visit_s01_twinkler,twinkler,overlay_arg_1_match,good_to_bad,resid_post_layer_20,verb_final_subtoken,9,train_anchor,9,train_anchor,9,change,arrest,head,head,freqblimp_curated,supplemental_v2_bad_verbs,-4.625,1.7500001192092896,-2.9375,6.375,3.7777777777777777,1
head|inchoative|no_object_frame_overlay_subject_visit_s01|overlay_subject_visit_s01_twinkler|4|freeze|destroy,head,inchoative,overlay_subject_visit_s01_twinkler,twinkler,overlay_arg_1_match,good_to_bad,resid_post_layer_20,verb_final_subtoken,9,train_anchor,9,train_anchor,9,freeze,destroy,head,head,freqblimp_curated,freqblimp_curated,-8.375,0.5625,-3.125,8.9375,1.7023809523809523,1
head|inchoative|no_object_frame_overlay_subject_visit_s01|overlay_subject_visit_s01_twinkler|5|grow|acquire,head,inchoative,overlay_subject_visit_s01_twinkler,twinkler,overlay_arg_1_match,good_to_bad,resid_post_layer_20,verb_final_subtoken,9,train_anchor,9,train_anchor,9,grow,acquire,head,head,freqblimp_curated,supplemental_v2_bad_verbs,-7.156249523162842,1.875,-1.3125,9.03125,1.5454546715602504,1
head|inchoative|no_object_frame_overlay_subject_visit_s01|overlay_subject_visit_s01_twinkler|7|stretch|blame,head,inchoative,overlay_subject_visit_s01_twinkler,twinkler,overlay_arg_1_match,good_to_bad,resid_post_layer_20,verb_final_subtoken,9,train_anchor,9,train_anchor,9,stretch,blame,head,head,freqblimp_curated,supplemental_v2_bad_verbs,-6.906249523162842,1.9999998807907104,-3.0,8.906249046325684,2.2800000341796918,1
head|inchoative|no_object_frame_overlay_subject_visit_s01|overlay_subject_visit_s01_twinkler|8|roll|require,head,inchoative,overlay_subject_visit_s01_twinkler,twinkler,overlay_arg_1_match,good_to_bad,resid_post_layer_20,verb_final_subtoken,9,train_anchor,9,train_anchor,9,roll,require,head,head,freqblimp_curated,supplemental_v2_bad_verbs,-6.875,2.125,-3.812499761581421,9.0,2.938775281417591,1
head|inchoative|no_object_frame_overlay_subject_visit_s01|overlay_subject_visit_s01_twinkler|9|dim|persuade,head,inchoative,overlay_subject_visit_s01_twinkler,twinkler,overlay_arg_1_match,good_to_bad,resid_post_layer_20,verb_final_subtoken,9,train_anchor,9,train_anchor,9,dim,persuade,head,head,freqblimp_curated,supplemental_v2_bad_verbs,-8.375,1.5625,-5.4375,9.9375,3.382978723404255,1
head|inchoative|no_object_frame_overlay_subject_visit_s01|overlay_subject_visit_s01_twinkler|10|crash|possess,head,inchoative,overlay_subject_visit_s01_twinkler,twinkler,overlay_arg_1_match,good_to_bad,resid_post_layer_20,verb_final_subtoken,9,train_anchor,9,train_anchor,9,crash,possess,head,head,freqblimp_curated,supplemental_v2_bad_verbs,-5.8125,1.9375,-2.375,7.75,2.2545454545454544,1
head|inchoative|no_object_frame_overlay_subject_visit_s01|overlay_subject_visit_s01_twinkler|11|melt|suppress,head,inchoative,overlay_subject_visit_s01_twinkler,twinkler,overlay_arg_1_match,good_to_bad,resid_post_layer_20,verb_final_subtoken,9,train_anchor,9,train_anchor,9,melt,suppress,head,head,freqblimp_curated,supplemental_v2_bad_verbs,-4.5625,1.2500001192092896,-2.625000238418579,5.8125,3.000000369164297,1
head|inchoative|no_object_frame_overlay_subject_visit_s01|overlay_subject_visit_s01_twinkler|12|slow|accuse,head,inchoative,overlay_subject_visit_s01_twinkler,twinkler,overlay_arg_1_match,good_to_bad,resid_post_layer_20,verb_final_subtoken,9,train_anchor,9,train_anchor,9,slow,accuse,head,head,freqblimp_curated,supplemental_v2_bad_verbs,-6.96875,1.75,-4.75,8.71875,3.9295774647887325,1
head|inchoative|no_object_frame_overlay_subject_visit_s01|overlay_subject_visit_s01_twinkler|13|warp|abuse,head,inchoative,overlay_subject_visit_s01_twinkler,twinkler,overlay_arg_1_match,good_to_bad,resid_post_layer_20,verb_final_subtoken,9,train_anchor,9,train_anchor,9,warp,abuse,head,head,freqblimp_curated,supplemental_v2_bad_verbs,-5.84375,0.4375,-3.687500238418579,6.28125,2.913043800358847,1
head|inchoative|no_object_frame_overlay_subject_visit_s01|overlay_subject_visit_s01_twinkler|14|chip|avoid,head,inchoative,overlay_subject_visit_s01_twinkler,twinkler,overlay_arg_1_match,good_to_bad,resid_post_layer_20,verb_final_subtoken,9,train_anchor,9,train_anchor,9,chip,avoid,head,head,freqblimp_curated,supplemental_v2_bad_verbs,-7.343749523162842,1.125,-4.125,8.46875,2.6310683509409416,1
head|inchoative|no_object_frame_overlay_subject_visit_s01|overlay_subject_visit_s01_twinkler|15|awaken|notify,head,inchoative,overlay_subject_visit_s01_twinkler,twinkler,overlay_arg_1_match,good_to_bad,resid_post_layer_20,verb_final_subtoken,9,train_anchor,9,train_anchor,9,awaken,notify,head,head,freqblimp_curated,supplemental_v2_bad_verbs,-7.75,2.1875,-1.5625,9.9375,1.606060606060606,1
head|inchoative|no_object_frame_overlay_subject_visit_s03|overlay_subject_visit_s03_twitterer|0|benefit|admire,head,inchoative,overlay_subject_visit_s03_twitterer,twitterer,overlay_arg_1_match,good_to_bad,resid_post_layer_20,verb_final_subtoken,9,train_anchor,9,train_anchor,9,benefit,admire,head,head,freqblimp_curated,freqblimp_curated,-8.59375,1.5625,-1.562500238418579,10.15625,1.4444444444444444,1
head|inchoative|no_object_frame_overlay_subject_visit_s03|overlay_subject_visit_s03_twitterer|1|dim|destroy,head,inchoative,overlay_subject_visit_s03_twitterer,twitterer,overlay_arg_1_match,good_to_bad,resid_post_layer_20,verb_final_subtoken,9,train_anchor,9,train_anchor,9,dim,destroy,head,head,freqblimp_curated,freqblimp_curated,-7.75,-0.4375,-5.25,7.3125,2.925,0
head|inchoative|no_object_frame_overlay_subject_visit_s03|overlay_subject_visit_s03_twitterer|2|accelerate|respect,head,inchoative,overlay_subject_visit_s03_twitterer,twitterer,overlay_arg_1_match,good_to_bad,resid_post_layer_20,verb_final_subtoken,9,train_anchor,9,train_anchor,9,accelerate,respect,head,head,freqblimp_curated,freqblimp_curated,-7.249999523162842,-3.5625,-4.375,3.687499523162842,1.2826087425246433,0
head|inchoative|no_object_frame_overlay_subject_visit_s03|overlay_subject_visit_s03_twitterer|3|grow|arrest,head,inchoative,overlay_subject_visit_s03_twitterer,twitterer,overlay_arg_1_match,good_to_bad,resid_post_layer_20,verb_final_subtoken,9,train_anchor,9,train_anchor,9,grow,arrest,head,head,freqblimp_curated,supplemental_v2_bad_verbs,-4.8125,0.8125,-3.5,5.625,4.285714285714286,1
head|inchoative|no_object_frame_overlay_subject_visit_s03|overlay_subject_visit_s03_twitterer|4|shut|affect,head,inchoative,overlay_subject_visit_s03_twitterer,twitterer,overlay_arg_1_match,good_to_bad,resid_post_layer_20,verb_final_subtoken,9,train_anchor,9,train_anchor,9,shut,affect,head,head,freqblimp_curated,supplemental_v2_bad_verbs,-7.156250476837158,-0.1875,-5.9375,6.968750476837158,5.717946872047278,0
head|inchoative|no_object_frame_overlay_subject_visit_s03|overlay_subject_visit_s03_twitterer|5|crash|persuade,head,inchoative,overlay_subject_visit_s03_twitterer,twitterer,overlay_arg_1_match,good_to_bad,resid_post_layer_20,verb_final_subtoken,9,train_anchor,9,train_anchor,9,crash,persuade,head,head,freqblimp_curated,supplemental_v2_bad_verbs,-8.71875,2.9375,-2.75,11.65625,1.9528795811518325,1
head|inchoative|no_object_frame_overlay_subject_visit_s03|overlay_subject_visit_s03_twitterer|6|drop|acquire,head,inchoative,overlay_subject_visit_s03_twitterer,twitterer,overlay_arg_1_match,good_to_bad,resid_post_layer_20,verb_final_subtoken,9,train_anchor,9,train_anchor,9,drop,acquire,head,head,freqblimp_curated,supplemental_v2_bad_verbs,-7.59375,-1.624999761581421,-7.406250476837158,5.96875,31.8334142898923,0
head|inchoative|no_object_frame_overlay_subject_visit_s03|overlay_subject_visit_s03_twitterer|7|change|require,head,inchoative,overlay_subject_visit_s03_twitterer,twitterer,overlay_arg_1_match,good_to_bad,resid_post_layer_20,verb_final_subtoken,9,train_anchor,9,train_anchor,9,change,require,head,head,freqblimp_curated,supplemental_v2_bad_verbs,-7.156249523162842,-0.625,-5.75,6.531249523162842,4.644445680218397,0
head|inchoative|no_object_frame_overlay_subject_visit_s03|overlay_subject_visit_s03_twitterer|8|stretch|possess,head,inchoative,overlay_subject_visit_s03_twitterer,twitterer,overlay_arg_1_match,good_to_bad,resid_post_layer_20,verb_final_subtoken,9,train_anchor,9,train_anchor,9,stretch,possess,head,head,freqblimp_curated,supplemental_v2_bad_verbs,-6.40625,0.8125,-4.4375,7.21875,3.6666666666666665,1
head|inchoative|no_object_frame_overlay_subject_visit_s03|overlay_subject_visit_s03_twitterer|12|fold|blame,head,inchoative,overlay_subject_visit_s03_twitterer,twitterer,overlay_arg_1_match,good_to_bad,resid_post_layer_20,verb_final_subtoken,9,train_anchor,9,train_anchor,9,fold,blame,head,head,freqblimp_curated,supplemental_v2_bad_verbs,-8.375,0.9375,-3.125,9.3125,1.7738095238095237,1
head|inchoative|no_object_frame_overlay_subject_visit_s03|overlay_subject_visit_s03_twitterer|13|crack|accuse,head,inchoative,overlay_subject_visit_s03_twitterer,twitterer,overlay_arg_1_match,good_to_bad,resid_post_layer_20,verb_final_subtoken,9,train_anchor,9,train_anchor,9,crack,accuse,head,head,freqblimp_curated,supplemental_v2_bad_verbs,-8.3125,1.5625,-4.4375,9.875,2.5483870967741935,1
head|inchoative|no_object_frame_overlay_subject_visit_s03|overlay_subject_visit_s03_twitterer|15|turn|retrieve,head,inchoative,overlay_subject_visit_s03_twitterer,twitterer,overlay_arg_1_match,good_to_bad,resid_post_layer_20,verb_final_subtoken,9,train_anchor,9,train_anchor,9,turn,retrieve,head,head,freqblimp_curated,supplemental_v2_bad_verbs,-8.25,-1.25,-7.15625,7.0,6.4,0
head|inchoative|no_object_frame_overlay_subject_check_s02|overlay_subject_check_s02_ovotestis|0|crash|destroy,head,inchoative,overlay_subject_check_s02_ovotestis,ovotestis,overlay_arg_1_match,good_to_bad,resid_post_layer_20,verb_final_subtoken,10,train_anchor,10,train_anchor,10,crash,destroy,head,head,freqblimp_curated,freqblimp_curated,-5.1875,4.125,1.125,9.3125,1.4752475247524752,1
head|inchoative|no_object_frame_overlay_subject_check_s02|overlay_subject_check_s02_ovotestis|2|fade|abuse,head,inchoative,overlay_subject_check_s02_ovotestis,ovotestis,overlay_arg_1_match,good_to_bad,resid_post_layer_20,verb_final_subtoken,10,train_anchor,10,train_anchor,10,fade,abuse,head,head,freqblimp_curated,supplemental_v2_bad_verbs,-3.4375,4.0625,1.375,7.5,1.5584415584415585,1
head|inchoative|no_object_frame_overlay_subject_check_s02|overlay_subject_check_s02_ovotestis|3|melt|require,head,inchoative,overlay_subject_check_s02_ovotestis,ovotestis,overlay_arg_1_match,good_to_bad,resid_post_layer_20,verb_final_subtoken,10,train_anchor,10,train_anchor,10,melt,require,head,head,freqblimp_curated,supplemental_v2_bad_verbs,-6.25,5.5,0.375,11.75,1.7735849056603774,1
head|inchoative|no_object_frame_overlay_subject_check_s02|overlay_subject_check_s02_ovotestis|4|warp|accuse,head,inchoative,overlay_subject_check_s02_ovotestis,ovotestis,overlay_arg_1_match,good_to_bad,resid_post_layer_20,verb_final_subtoken,10,train_anchor,10,train_anchor,10,warp,accuse,head,head,freqblimp_curated,supplemental_v2_bad_verbs,-6.0625,2.875,-0.8125,8.9375,1.7023809523809523,1
head|inchoative|no_object_frame_overlay_subject_check_s02|overlay_subject_check_s02_ovotestis|5|stretch|notify,head,inchoative,overlay_subject_check_s02_ovotestis,ovotestis,overlay_arg_1_match,good_to_bad,resid_post_layer_20,verb_final_subtoken,10,train_anchor,10,train_anchor,10,stretch,notify,head,head,freqblimp_curated,supplemental_v2_bad_verbs,-7.25,2.5625,-1.4375,9.8125,1.6881720430107527,1
head|inchoative|no_object_frame_overlay_subject_check_s02|overlay_subject_check_s02_ovotestis|6|turn|affect,head,inchoative,overlay_subject_check_s02_ovotestis,ovotestis,overlay_arg_1_match,good_to_bad,resid_post_layer_20,verb_final_subtoken,10,train_anchor,10,train_anchor,10,turn,affect,head,head,freqblimp_curated,supplemental_v2_bad_verbs,-7.3125,0.875,-3.5,8.1875,2.1475409836065573,1
head|inchoative|no_object_frame_overlay_subject_check_s02|overlay_subject_check_s02_ovotestis|7|close|avoid,head,inchoative,overlay_subject_check_s02_ovotestis,ovotestis,overlay_arg_1_match,good_to_bad,resid_post_layer_20,verb_final_subtoken,10,train_anchor,10,train_anchor,10,close,avoid,head,head,freqblimp_curated,supplemental_v2_bad_verbs,-7.406250476837158,5.0,-0.125,12.40625,1.7038625493610333,1
head|inchoative|no_object_frame_overlay_subject_check_s02|overlay_subject_check_s02_ovotestis|8|dry|retrieve,head,inchoative,overlay_subject_check_s02_ovotestis,ovotestis,overlay_arg_1_match,good_to_bad,resid_post_layer_20,verb_final_subtoken,10,train_anchor,10,train_anchor,10,dry,retrieve,head,head,freqblimp_curated,supplemental_v2_bad_verbs,-7.125,4.875,1.6875,12.0,1.3617021276595744,1
head|inchoative|no_object_frame_overlay_subject_check_s02|overlay_subject_check_s02_ovotestis|9|grow|acquire,head,inchoative,overlay_subject_check_s02_ovotestis,ovotestis,overlay_arg_1_match,good_to_bad,resid_post_layer_20,verb_final_subtoken,10,train_anchor,10,train_anchor,10,grow,acquire,head,head,freqblimp_curated,supplemental_v2_bad_verbs,-6.65625,4.4375,0.875,11.09375,1.4730290456431536,1
head|inchoative|no_object_frame_overlay_subject_check_s02|overlay_subject_check_s02_ovotestis|10|accelerate|blame,head,inchoative,overlay_subject_check_s02_ovotestis,ovotestis,overlay_arg_1_match,good_to_bad,resid_post_layer_20,verb_final_subtoken,10,train_anchor,10,train_anchor,10,accelerate,blame,head,head,freqblimp_curated,supplemental_v2_bad_verbs,-6.46875,1.875,-1.375,8.34375,1.638036809815951,1
head|inchoative|no_object_frame_overlay_subject_check_s02|overlay_subject_check_s02_ovotestis|11|burn|possess,head,inchoative,overlay_subject_check_s02_ovotestis,ovotestis,overlay_arg_1_match,good_to_bad,resid_post_layer_20,verb_final_subtoken,10,train_anchor,10,train_anchor,10,burn,possess,head,head,freqblimp_curated,supplemental_v2_bad_verbs,-7.000000476837158,3.9375,0.5625,10.9375,1.4462809005434083,1
head|inchoative|no_object_frame_overlay_subject_check_s02|overlay_subject_check_s02_ovotestis|13|bake|respect,head,inchoative,overlay_subject_check_s02_ovotestis,ovotestis,overlay_arg_1_match,good_to_bad,resid_post_layer_20,verb_final_subtoken,10,train_anchor,10,train_anchor,10,bake,respect,head,head,freqblimp_curated,freqblimp_curated,-6.90625,3.25,-1.4375,10.15625,1.8571428571428572,1
head|inchoative|no_object_frame_overlay_subject_check_s02|overlay_subject_check_s02_ovotestis|14|crack|admire,head,inchoative,overlay_subject_check_s02_ovotestis,ovotestis,overlay_arg_1_match,good_to_bad,resid_post_layer_20,verb_final_subtoken,10,train_anchor,10,train_anchor,10,crack,admire,head,head,freqblimp_curated,freqblimp_curated,-5.5625,2.875,0.0625,8.4375,1.5,1
head|inchoative|no_object_frame_overlay_subject_check_s02|overlay_subject_check_s02_ovotestis|15|fold|persuade,head,inchoative,overlay_subject_check_s02_ovotestis,ovotestis,overlay_arg_1_match,good_to_bad,resid_post_layer_20,verb_final_subtoken,10,train_anchor,10,train_anchor,10,fold,persuade,head,head,freqblimp_curated,supplemental_v2_bad_verbs,-8.28125,3.374999761581421,-1.937500238418579,11.65625,1.8374384236453203,1
head|inchoative|no_object_frame_overlay_subject_lab_s03|overlay_subject_lab_s03_tuamotus|0|drop|possess,head,inchoative,overlay_subject_lab_s03_tuamotus,tuamotus,overlay_arg_1_match,good_to_bad,resid_post_layer_20,verb_final_subtoken,10,train_anchor,10,train_anchor,10,drop,possess,head,head,freqblimp_curated,supplemental_v2_bad_verbs,-7.281250476837158,-0.5,-3.250000238418579,6.781250476837158,1.6821706609208456,0
head|inchoative|no_object_frame_overlay_subject_lab_s03|overlay_subject_lab_s03_tuamotus|1|melt|notify,head,inchoative,overlay_subject_lab_s03_tuamotus,tuamotus,overlay_arg_1_match,good_to_bad,resid_post_layer_20,verb_final_subtoken,10,train_anchor,10,train_anchor,10,melt,notify,head,head,freqblimp_curated,supplemental_v2_bad_verbs,-7.6875,0.3125,-3.249999761581421,8.0,1.8028169014084507,1
head|inchoative|no_object_frame_overlay_subject_lab_s03|overlay_subject_lab_s03_tuamotus|3|awaken|admire,head,inchoative,overlay_subject_lab_s03_tuamotus,tuamotus,overlay_arg_1_match,good_to_bad,resid_post_layer_20,verb_final_subtoken,10,train_anchor,10,train_anchor,10,awaken,admire,head,head,freqblimp_curated,freqblimp_curated,-5.75,3.75,0.8125002384185791,9.5,1.4476190476190476,1
head|inchoative|no_object_frame_overlay_subject_lab_s03|overlay_subject_lab_s03_tuamotus|4|dim|acquire,head,inchoative,overlay_subject_lab_s03_tuamotus,tuamotus,overlay_arg_1_match,good_to_bad,resid_post_layer_20,verb_final_subtoken,10,train_anchor,10,train_anchor,10,dim,acquire,head,head,freqblimp_curated,supplemental_v2_bad_verbs,-7.124999523162842,1.9375,-4.6875,9.0625,3.71794944527444,1
head|inchoative|no_object_frame_overlay_subject_lab_s03|overlay_subject_lab_s03_tuamotus|6|close|affect,head,inchoative,overlay_subject_lab_s03_tuamotus,tuamotus,overlay_arg_1_match,good_to_bad,resid_post_layer_20,verb_final_subtoken,10,train_anchor,10,train_anchor,10,close,affect,head,head,freqblimp_curated,supplemental_v2_bad_verbs,-8.125,-1.1875,-5.9375,6.9375,3.1714285714285713,0
head|inchoative|no_object_frame_overlay_subject_lab_s03|overlay_subject_lab_s03_tuamotus|9|soak|arrest,head,inchoative,overlay_subject_lab_s03_tuamotus,tuamotus,overlay_arg_1_match,good_to_bad,resid_post_layer_20,verb_final_subtoken,10,train_anchor,10,train_anchor,10,soak,arrest,head,head,freqblimp_curated,supplemental_v2_bad_verbs,-4.9375,0.8125,-5.5625,5.75,-9.2,1
head|inchoative|no_object_frame_overlay_subject_lab_s03|overlay_subject_lab_s03_tuamotus|12|bake|avoid,head,inchoative,overlay_subject_lab_s03_tuamotus,tuamotus,overlay_arg_1_match,good_to_bad,resid_post_layer_20,verb_final_subtoken,10,train_anchor,10,train_anchor,10,bake,avoid,head,head,freqblimp_curated,supplemental_v2_bad_verbs,-7.375,1.875,-2.500000238418579,9.25,1.8974358974358974,1
head|inchoative|no_object_frame_overlay_subject_lab_s03|overlay_subject_lab_s03_tuamotus|13|grow|persuade,head,inchoative,overlay_subject_lab_s03_tuamotus,tuamotus,overlay_arg_1_match,good_to_bad,resid_post_layer_20,verb_final_subtoken,10,train_anchor,10,train_anchor,10,grow,persuade,head,head,freqblimp_curated,supplemental_v2_bad_verbs,-6.0,4.9375,-1.0,10.9375,2.1875,1
head|inchoative|no_object_frame_overlay_subject_lab_s03|overlay_subject_lab_s03_tuamotus|14|roll|destroy,head,inchoative,overlay_subject_lab_s03_tuamotus,tuamotus,overlay_arg_1_match,good_to_bad,resid_post_layer_20,verb_final_subtoken,10,train_anchor,10,train_anchor,10,roll,destroy,head,head,freqblimp_curated,freqblimp_curated,-6.125,3.0625,-2.812499761581421,9.1875,2.773584706030453,1
