row_id,regime,subtask,side,verb,subject,subject_class,context_schema_id,source_zipf,source_zipf_regime,inventory_source,expected_target,contrast_target,expected_logprob,contrast_logprob,expected_logodds,expected_preferred
v2|head|causative|overlay_subject_tomorrow_s01_baby|bad|appear|299,head,causative,bad,appear,baby,overlay_arg_1_match,overlay_subject_tomorrow_s01,4.849999904632568,head,freqblimp_curated,., the,-2.2888009548187256,-6.913801193237305,4.625,1
v2|head|causative|overlay_subject_tomorrow_s01_baby|bad|arrive|300,head,causative,bad,arrive,baby,overlay_arg_1_match,overlay_subject_tomorrow_s01,4.380000114440918,head,freqblimp_curated,., the,-1.698172926902771,-7.6981730461120605,6.0,1
v2|head|causative|overlay_subject_tomorrow_s01_baby|bad|boast|301,head,causative,bad,boast,baby,overlay_arg_1_match,overlay_subject_tomorrow_s01,3.509999990463257,head,freqblimp_curated,., the,-4.823082447052002,-2.198082447052002,-2.625,0
v2|head|causative|overlay_subject_tomorrow_s01_baby|bad|chat|302,head,causative,bad,chat,baby,overlay_arg_1_match,overlay_subject_tomorrow_s01,4.570000171661377,head,freqblimp_curated,., the,-3.677340030670166,-5.739840030670166,2.0625,1
v2|head|causative|overlay_subject_tomorrow_s01_baby|bad|compete|303,head,causative,bad,compete,baby,overlay_arg_1_match,overlay_subject_tomorrow_s01,4.389999866485596,head,freqblimp_curated,., the,-4.140689373016357,-6.515689373016357,2.375,1
v2|head|causative|overlay_subject_tomorrow_s01_baby|bad|complain|304,head,causative,bad,complain,baby,overlay_arg_1_match,overlay_subject_tomorrow_s01,4.230000019073486,head,freqblimp_curated,., the,-2.969158172607422,-5.344158172607422,2.375,1
v2|head|causative|overlay_subject_tomorrow_s01_baby|bad|cough|305,head,causative,bad,cough,baby,overlay_arg_1_match,overlay_subject_tomorrow_s01,3.950000047683716,head,freqblimp_curated,., the,-1.862802505493164,-6.237802505493164,4.375,1
v2|head|causative|overlay_subject_tomorrow_s01_baby|bad|cry|306,head,causative,bad,cry,baby,overlay_arg_1_match,overlay_subject_tomorrow_s01,4.590000152587891,head,freqblimp_curated,., the,-2.088325023651123,-5.213325023651123,3.125,1
v2|head|causative|overlay_subject_tomorrow_s01_baby|bad|die|307,head,causative,bad,die,baby,overlay_arg_1_match,overlay_subject_tomorrow_s01,5.070000171661377,head,freqblimp_curated,., the,-1.6423637866973877,-8.204863548278809,6.5625,1
v2|head|causative|overlay_subject_tomorrow_s01_baby|bad|disagree|308,head,causative,bad,disagree,baby,overlay_arg_1_match,overlay_subject_tomorrow_s01,4.090000152587891,head,freqblimp_curated,., the,-2.0999507904052734,-8.037450790405273,5.9375,1
v2|head|causative|overlay_subject_tomorrow_s01_baby|bad|disappear|309,head,causative,bad,disappear,baby,overlay_arg_1_match,overlay_subject_tomorrow_s01,4.090000152587891,head,freqblimp_curated,., the,-2.161691665649414,-7.161691665649414,5.0,1
v2|head|causative|overlay_subject_tomorrow_s01_baby|bad|exist|310,head,causative,bad,exist,baby,overlay_arg_1_match,overlay_subject_tomorrow_s01,4.730000019073486,head,freqblimp_curated,., the,-2.5206961631774902,-6.45819616317749,3.9375,1
v2|head|causative|overlay_subject_tomorrow_s01_baby|bad|laugh|312,head,causative,bad,laugh,baby,overlay_arg_1_match,overlay_subject_tomorrow_s01,4.659999847412109,head,freqblimp_curated,., the,-2.2443275451660156,-5.619327545166016,3.375,1
v2|head|causative|overlay_subject_tomorrow_s01_baby|bad|lie|313,head,causative,bad,lie,baby,overlay_arg_1_match,overlay_subject_tomorrow_s01,4.840000152587891,head,freqblimp_curated,., the,-5.5630598068237305,-6.8130598068237305,1.25,1
v2|head|causative|overlay_subject_tomorrow_s01_baby|bad|react|314,head,causative,bad,react,baby,overlay_arg_1_match,overlay_subject_tomorrow_s01,4.159999847412109,head,freqblimp_curated,., the,-3.2965292930603027,-4.296529293060303,1.0,1
v2|head|causative|overlay_subject_tomorrow_s01_baby|bad|reply|315,head,causative,bad,reply,baby,overlay_arg_1_match,overlay_subject_tomorrow_s01,4.5,head,freqblimp_curated,., the,-2.510100841522217,-6.197600841522217,3.6875,1
v2|head|causative|overlay_subject_tomorrow_s01_baby|bad|respond|316,head,causative,bad,respond,baby,overlay_arg_1_match,overlay_subject_tomorrow_s01,4.53000020980835,head,freqblimp_curated,., the,-3.0095221996307373,-5.822022438049316,2.812500238418579,1
v2|head|causative|overlay_subject_tomorrow_s01_baby|bad|scream|317,head,causative,bad,scream,baby,overlay_arg_1_match,overlay_subject_tomorrow_s01,4.139999866485596,head,freqblimp_curated,., the,-2.328425407409668,-4.703425407409668,2.375,1
v2|head|causative|overlay_subject_tomorrow_s01_baby|bad|smile|318,head,causative,bad,smile,baby,overlay_arg_1_match,overlay_subject_tomorrow_s01,4.639999866485596,head,freqblimp_curated,., the,-2.4830923080444336,-5.420592308044434,2.9375,1
v2|head|causative|overlay_subject_tomorrow_s01_baby|bad|struggle|319,head,causative,bad,struggle,baby,overlay_arg_1_match,overlay_subject_tomorrow_s01,4.619999885559082,head,freqblimp_curated,., the,-2.6832997798919678,-6.183300018310547,3.500000238418579,1
v2|head|causative|overlay_subject_tomorrow_s01_baby|bad|testify|320,head,causative,bad,testify,baby,overlay_arg_1_match,overlay_subject_tomorrow_s01,3.8399999141693115,head,freqblimp_curated,., the,-2.629904270172119,-6.317404270172119,3.6875,1
v2|head|causative|overlay_subject_tomorrow_s01_baby|bad|vanish|321,head,causative,bad,vanish,baby,overlay_arg_1_match,overlay_subject_tomorrow_s01,3.7200000286102295,head,freqblimp_curated,., the,-2.0733752250671387,-7.198375225067139,5.125,1
v2|head|causative|overlay_subject_tomorrow_s01_baby|good|accelerate|889,head,causative,good,accelerate,baby,overlay_arg_1_match,overlay_subject_tomorrow_s01,3.6600000858306885,head,freqblimp_curated, the,.,-3.3646721839904785,-2.6146721839904785,-0.75,0
v2|head|causative|overlay_subject_tomorrow_s01_baby|good|awaken|890,head,causative,good,awaken,baby,overlay_arg_1_match,overlay_subject_tomorrow_s01,3.7200000286102295,head,freqblimp_curated, the,.,-6.170077323913574,-1.8575770854949951,-4.3125,0
v2|head|causative|overlay_subject_tomorrow_s01_baby|good|bake|891,head,causative,good,bake,baby,overlay_arg_1_match,overlay_subject_tomorrow_s01,3.9100000858306885,head,freqblimp_curated, the,.,-3.2379326820373535,-3.1129326820373535,-0.125,0
v2|head|causative|overlay_subject_tomorrow_s01_baby|good|benefit|892,head,causative,good,benefit,baby,overlay_arg_1_match,overlay_subject_tomorrow_s01,4.820000171661377,head,freqblimp_curated, the,.,-5.331318378448486,-3.9563183784484863,-1.375,0
v2|head|causative|overlay_subject_tomorrow_s01_baby|good|burn|893,head,causative,good,burn,baby,overlay_arg_1_match,overlay_subject_tomorrow_s01,4.53000020980835,head,freqblimp_curated, the,.,-3.4090142250061035,-2.8465142250061035,-0.5625,0
v2|head|causative|overlay_subject_tomorrow_s01_baby|good|change|894,head,causative,good,change,baby,overlay_arg_1_match,overlay_subject_tomorrow_s01,4.760000228881836,head,freqblimp_curated, the,.,-2.806553363800049,-2.806553363800049,0.0,0
v2|head|causative|overlay_subject_tomorrow_s01_baby|good|chip|895,head,causative,good,chip,baby,overlay_arg_1_match,overlay_subject_tomorrow_s01,4.309999942779541,head,freqblimp_curated, the,.,-2.5741474628448486,-3.6991474628448486,1.125,1
v2|head|causative|overlay_subject_tomorrow_s01_baby|good|close|896,head,causative,good,close,baby,overlay_arg_1_match,overlay_subject_tomorrow_s01,5.360000133514404,head,freqblimp_curated, the,.,-1.796415090560913,-4.608915328979492,2.812500238418579,1
v2|head|causative|overlay_subject_tomorrow_s01_baby|good|crack|897,head,causative,good,crack,baby,overlay_arg_1_match,overlay_subject_tomorrow_s01,4.409999847412109,head,freqblimp_curated, the,.,-2.5450427532196045,-2.9200427532196045,0.375,1
v2|head|causative|overlay_subject_tomorrow_s01_baby|good|crash|898,head,causative,good,crash,baby,overlay_arg_1_match,overlay_subject_tomorrow_s01,4.550000190734863,head,freqblimp_curated, the,.,-4.000171184539795,-2.500171184539795,-1.5,0
v2|head|causative|overlay_subject_tomorrow_s01_baby|good|dim|899,head,causative,good,dim,baby,overlay_arg_1_match,overlay_subject_tomorrow_s01,3.619999885559082,head,freqblimp_curated, the,.,-1.6241648197174072,-3.3741648197174072,1.75,1
v2|head|causative|overlay_subject_tomorrow_s01_baby|good|drop|900,head,causative,good,drop,baby,overlay_arg_1_match,overlay_subject_tomorrow_s01,4.989999771118164,head,freqblimp_curated, the,.,-3.5380969047546387,-2.6005969047546387,-0.9375,0
v2|head|causative|overlay_subject_tomorrow_s01_baby|good|dry|901,head,causative,good,dry,baby,overlay_arg_1_match,overlay_subject_tomorrow_s01,4.739999771118164,head,freqblimp_curated, the,.,-4.012342929840088,-2.887342929840088,-1.125,0
v2|head|causative|overlay_subject_tomorrow_s01_baby|good|fade|902,head,causative,good,fade,baby,overlay_arg_1_match,overlay_subject_tomorrow_s01,3.859999895095825,head,freqblimp_curated, the,.,-6.958827495574951,-2.708827495574951,-4.25,0
v2|head|causative|overlay_subject_tomorrow_s01_baby|good|fold|903,head,causative,good,fold,baby,overlay_arg_1_match,overlay_subject_tomorrow_s01,4.079999923706055,head,freqblimp_curated, the,.,-3.1510324478149414,-3.2135324478149414,0.0625,1
v2|head|causative|overlay_subject_tomorrow_s01_baby|good|freeze|904,head,causative,good,freeze,baby,overlay_arg_1_match,overlay_subject_tomorrow_s01,4.110000133514404,head,freqblimp_curated, the,.,-5.928523540496826,-2.178523540496826,-3.75,0
v2|head|causative|overlay_subject_tomorrow_s01_baby|good|grow|905,head,causative,good,grow,baby,overlay_arg_1_match,overlay_subject_tomorrow_s01,4.900000095367432,head,freqblimp_curated, the,.,-6.973557949066162,-2.973557949066162,-4.0,0
v2|head|causative|overlay_subject_tomorrow_s01_baby|good|melt|906,head,causative,good,melt,baby,overlay_arg_1_match,overlay_subject_tomorrow_s01,3.9600000381469727,head,freqblimp_curated, the,.,-3.1996283531188965,-2.7621283531188965,-0.4375,0
v2|head|causative|overlay_subject_tomorrow_s01_baby|good|move|907,head,causative,good,move,baby,overlay_arg_1_match,overlay_subject_tomorrow_s01,5.349999904632568,head,freqblimp_curated, the,.,-5.684321403503418,-3.434321165084839,-2.250000238418579,0
v2|head|causative|overlay_subject_tomorrow_s01_baby|good|open|908,head,causative,good,open,baby,overlay_arg_1_match,overlay_subject_tomorrow_s01,5.480000019073486,head,freqblimp_curated, the,.,-3.6655945777893066,-5.415594577789307,1.75,1
v2|head|causative|overlay_subject_tomorrow_s01_baby|good|roll|909,head,causative,good,roll,baby,overlay_arg_1_match,overlay_subject_tomorrow_s01,4.75,head,freqblimp_curated, the,.,-5.5948805809021,-3.3448805809020996,-2.25,0
v2|head|causative|overlay_subject_tomorrow_s01_baby|good|shrink|911,head,causative,good,shrink,baby,overlay_arg_1_match,overlay_subject_tomorrow_s01,3.7300000190734863,head,freqblimp_curated, the,.,-4.922131538391113,-2.7971315383911133,-2.125,0
v2|head|causative|overlay_subject_tomorrow_s01_baby|good|shut|912,head,causative,good,shut,baby,overlay_arg_1_match,overlay_subject_tomorrow_s01,4.78000020980835,head,freqblimp_curated, the,.,-2.4955666065216064,-5.558066368103027,3.062499761581421,1
v2|head|causative|overlay_subject_tomorrow_s01_baby|good|slow|913,head,causative,good,slow,baby,overlay_arg_1_match,overlay_subject_tomorrow_s01,4.849999904632568,head,freqblimp_curated, the,.,-3.8063292503356934,-4.993829250335693,1.1875,1
v2|head|causative|overlay_subject_tomorrow_s01_baby|good|soak|914,head,causative,good,soak,baby,overlay_arg_1_match,overlay_subject_tomorrow_s01,3.609999895095825,head,freqblimp_curated, the,.,-3.501978874206543,-4.189478874206543,0.6875,1
v2|head|causative|overlay_subject_tomorrow_s01_baby|good|stop|915,head,causative,good,stop,baby,overlay_arg_1_match,overlay_subject_tomorrow_s01,4.400000095367432,head,freqblimp_curated, the,.,-4.782345771789551,-4.844845771789551,0.0625,1
v2|head|causative|overlay_subject_tomorrow_s01_baby|good|stretch|916,head,causative,good,stretch,baby,overlay_arg_1_match,overlay_subject_tomorrow_s01,4.349999904632568,head,freqblimp_curated, the,.,-4.003981590270996,-4.441481590270996,0.4375,1
v2|head|causative|overlay_subject_tomorrow_s01_baby|good|turn|918,head,causative,good,turn,baby,overlay_arg_1_match,overlay_subject_tomorrow_s01,5.320000171661377,head,freqblimp_curated, the,.,-5.23447322845459,-4.29697322845459,-0.9375,0
v2|head|causative|overlay_subject_tomorrow_s01_baby|good|twist|919,head,causative,good,twist,baby,overlay_arg_1_match,overlay_subject_tomorrow_s01,4.21999979019165,head,freqblimp_curated, the,.,-3.1960701942443848,-4.446070194244385,1.25,1
v2|head|causative|overlay_subject_tomorrow_s01_baby|good|warp|920,head,causative,good,warp,baby,overlay_arg_1_match,overlay_subject_tomorrow_s01,3.630000114440918,head,freqblimp_curated, the,.,-2.34895920753479,-3.53645920753479,1.1875,1
v2|head|causative|overlay_subject_tomorrow_s01_baby|good|worry|921,head,causative,good,worry,baby,overlay_arg_1_match,overlay_subject_tomorrow_s01,4.840000152587891,head,freqblimp_curated, the,.,-4.861021041870117,-2.486021041870117,-2.375,0
v2|head|causative|overlay_subject_lab_s00_nationalist|bad|appear|0,head,causative,bad,appear,nationalist,overlay_arg_1_match,overlay_subject_lab_s00,4.849999904632568,head,freqblimp_curated,., the,-5.4835920333862305,-5.3585920333862305,-0.125,0
v2|head|causative|overlay_subject_lab_s00_nationalist|bad|arrive|1,head,causative,bad,arrive,nationalist,overlay_arg_1_match,overlay_subject_lab_s00,4.380000114440918,head,freqblimp_curated,., the,-4.300347328186035,-6.425347328186035,2.125,1
v2|head|causative|overlay_subject_lab_s00_nationalist|bad|boast|2,head,causative,bad,boast,nationalist,overlay_arg_1_match,overlay_subject_lab_s00,3.509999990463257,head,freqblimp_curated,., the,-4.243459701538086,-3.368459701538086,-0.875,0
v2|head|causative|overlay_subject_lab_s00_nationalist|bad|chat|3,head,causative,bad,chat,nationalist,overlay_arg_1_match,overlay_subject_lab_s00,4.570000171661377,head,freqblimp_curated,., the,-5.898238182067871,-5.960738182067871,0.0625,1
v2|head|causative|overlay_subject_lab_s00_nationalist|bad|compete|4,head,causative,bad,compete,nationalist,overlay_arg_1_match,overlay_subject_lab_s00,4.389999866485596,head,freqblimp_curated,., the,-5.071005344390869,-6.633505344390869,1.5625,1
v2|head|causative|overlay_subject_lab_s00_nationalist|bad|complain|5,head,causative,bad,complain,nationalist,overlay_arg_1_match,overlay_subject_lab_s00,4.230000019073486,head,freqblimp_curated,., the,-4.170368671417236,-5.170368671417236,1.0,1
v2|head|causative|overlay_subject_lab_s00_nationalist|bad|cough|6,head,causative,bad,cough,nationalist,overlay_arg_1_match,overlay_subject_lab_s00,3.950000047683716,head,freqblimp_curated,., the,-4.331533908843994,-4.894033908843994,0.5625,1
v2|head|causative|overlay_subject_lab_s00_nationalist|bad|cry|7,head,causative,bad,cry,nationalist,overlay_arg_1_match,overlay_subject_lab_s00,4.590000152587891,head,freqblimp_curated,., the,-4.45591926574707,-4.39341926574707,-0.0625,0
v2|head|causative|overlay_subject_lab_s00_nationalist|bad|die|8,head,causative,bad,die,nationalist,overlay_arg_1_match,overlay_subject_lab_s00,5.070000171661377,head,freqblimp_curated,., the,-1.9063996076583862,-4.656399726867676,2.75,1
v2|head|causative|overlay_subject_lab_s00_nationalist|bad|disagree|9,head,causative,bad,disagree,nationalist,overlay_arg_1_match,overlay_subject_lab_s00,4.090000152587891,head,freqblimp_curated,., the,-3.102688789367676,-7.102688789367676,4.0,1
v2|head|causative|overlay_subject_lab_s00_nationalist|bad|disappear|10,head,causative,bad,disappear,nationalist,overlay_arg_1_match,overlay_subject_lab_s00,4.090000152587891,head,freqblimp_curated,., the,-2.0261270999908447,-5.651126861572266,3.624999761581421,1
v2|head|causative|overlay_subject_lab_s00_nationalist|bad|exist|11,head,causative,bad,exist,nationalist,overlay_arg_1_match,overlay_subject_lab_s00,4.730000019073486,head,freqblimp_curated,., the,-3.835202217102051,-7.022702217102051,3.1875,1
v2|head|causative|overlay_subject_lab_s00_nationalist|bad|laugh|13,head,causative,bad,laugh,nationalist,overlay_arg_1_match,overlay_subject_lab_s00,4.659999847412109,head,freqblimp_curated,., the,-3.0140671730041504,-5.07656717300415,2.0625,1
v2|head|causative|overlay_subject_lab_s00_nationalist|bad|lie|14,head,causative,bad,lie,nationalist,overlay_arg_1_match,overlay_subject_lab_s00,4.840000152587891,head,freqblimp_curated,., the,-3.1043171882629395,-5.7293171882629395,2.625,1
v2|head|causative|overlay_subject_lab_s00_nationalist|bad|react|15,head,causative,bad,react,nationalist,overlay_arg_1_match,overlay_subject_lab_s00,4.159999847412109,head,freqblimp_curated,., the,-4.502944469451904,-4.377944469451904,-0.125,0
v2|head|causative|overlay_subject_lab_s00_nationalist|bad|reply|16,head,causative,bad,reply,nationalist,overlay_arg_1_match,overlay_subject_lab_s00,4.5,head,freqblimp_curated,., the,-5.286140441894531,-6.411140441894531,1.125,1
v2|head|causative|overlay_subject_lab_s00_nationalist|bad|respond|17,head,causative,bad,respond,nationalist,overlay_arg_1_match,overlay_subject_lab_s00,4.53000020980835,head,freqblimp_curated,., the,-5.556021690368652,-5.556021690368652,0.0,0
v2|head|causative|overlay_subject_lab_s00_nationalist|bad|scream|18,head,causative,bad,scream,nationalist,overlay_arg_1_match,overlay_subject_lab_s00,4.139999866485596,head,freqblimp_curated,., the,-3.7817578315734863,-4.219257831573486,0.4375,1
v2|head|causative|overlay_subject_lab_s00_nationalist|bad|smile|19,head,causative,bad,smile,nationalist,overlay_arg_1_match,overlay_subject_lab_s00,4.639999866485596,head,freqblimp_curated,., the,-3.2513036727905273,-5.438803672790527,2.1875,1
v2|head|causative|overlay_subject_lab_s00_nationalist|bad|struggle|20,head,causative,bad,struggle,nationalist,overlay_arg_1_match,overlay_subject_lab_s00,4.619999885559082,head,freqblimp_curated,., the,-3.744014263153076,-6.869014263153076,3.125,1
v2|head|causative|overlay_subject_lab_s00_nationalist|bad|testify|21,head,causative,bad,testify,nationalist,overlay_arg_1_match,overlay_subject_lab_s00,3.8399999141693115,head,freqblimp_curated,., the,-4.216641902923584,-5.279141902923584,1.0625,1
v2|head|causative|overlay_subject_lab_s00_nationalist|bad|vanish|22,head,causative,bad,vanish,nationalist,overlay_arg_1_match,overlay_subject_lab_s00,3.7200000286102295,head,freqblimp_curated,., the,-1.873722791671753,-5.748723030090332,3.875000238418579,1
v2|head|causative|overlay_subject_tomorrow_s00_babe|bad|appear|276,head,causative,bad,appear,babe,overlay_arg_1_match,overlay_subject_tomorrow_s00,4.849999904632568,head,freqblimp_curated,., the,-2.2120368480682373,-7.274537086486816,5.0625,1
v2|head|causative|overlay_subject_tomorrow_s00_babe|bad|arrive|277,head,causative,bad,arrive,babe,overlay_arg_1_match,overlay_subject_tomorrow_s00,4.380000114440918,head,freqblimp_curated,., the,-1.83357834815979,-7.646078109741211,5.8125,1
v2|head|causative|overlay_subject_tomorrow_s00_babe|bad|boast|278,head,causative,bad,boast,babe,overlay_arg_1_match,overlay_subject_tomorrow_s00,3.509999990463257,head,freqblimp_curated,., the,-4.53228235244751,-3.9072823524475098,-0.625,0
v2|head|causative|overlay_subject_tomorrow_s00_babe|bad|chat|279,head,causative,bad,chat,babe,overlay_arg_1_match,overlay_subject_tomorrow_s00,4.570000171661377,head,freqblimp_curated,., the,-4.215755939483643,-5.715755939483643,1.5,1
v2|head|causative|overlay_subject_tomorrow_s00_babe|bad|compete|280,head,causative,bad,compete,babe,overlay_arg_1_match,overlay_subject_tomorrow_s00,4.389999866485596,head,freqblimp_curated,., the,-4.173266410827637,-6.423266410827637,2.25,1
v2|head|causative|overlay_subject_tomorrow_s00_babe|bad|complain|281,head,causative,bad,complain,babe,overlay_arg_1_match,overlay_subject_tomorrow_s00,4.230000019073486,head,freqblimp_curated,., the,-3.2701711654663086,-5.457671165466309,2.1875,1
v2|head|causative|overlay_subject_tomorrow_s00_babe|bad|cough|282,head,causative,bad,cough,babe,overlay_arg_1_match,overlay_subject_tomorrow_s00,3.950000047683716,head,freqblimp_curated,., the,-2.4072885513305664,-5.657288551330566,3.25,1
v2|head|causative|overlay_subject_tomorrow_s00_babe|bad|cry|283,head,causative,bad,cry,babe,overlay_arg_1_match,overlay_subject_tomorrow_s00,4.590000152587891,head,freqblimp_curated,., the,-2.454902410507202,-5.454902648925781,3.000000238418579,1
v2|head|causative|overlay_subject_tomorrow_s00_babe|bad|die|284,head,causative,bad,die,babe,overlay_arg_1_match,overlay_subject_tomorrow_s00,5.070000171661377,head,freqblimp_curated,., the,-1.601660132408142,-7.789160251617432,6.1875,1
v2|head|causative|overlay_subject_tomorrow_s00_babe|bad|disagree|285,head,causative,bad,disagree,babe,overlay_arg_1_match,overlay_subject_tomorrow_s00,4.090000152587891,head,freqblimp_curated,., the,-2.1380324363708496,-7.57553243637085,5.4375,1
v2|head|causative|overlay_subject_tomorrow_s00_babe|bad|disappear|286,head,causative,bad,disappear,babe,overlay_arg_1_match,overlay_subject_tomorrow_s00,4.090000152587891,head,freqblimp_curated,., the,-2.1312451362609863,-6.943745136260986,4.8125,1
v2|head|causative|overlay_subject_tomorrow_s00_babe|bad|exist|287,head,causative,bad,exist,babe,overlay_arg_1_match,overlay_subject_tomorrow_s00,4.730000019073486,head,freqblimp_curated,., the,-2.526524543762207,-6.526524543762207,4.0,1
v2|head|causative|overlay_subject_tomorrow_s00_babe|bad|laugh|289,head,causative,bad,laugh,babe,overlay_arg_1_match,overlay_subject_tomorrow_s00,4.659999847412109,head,freqblimp_curated,., the,-2.816781997680664,-5.566781997680664,2.75,1
v2|head|causative|overlay_subject_tomorrow_s00_babe|bad|lie|290,head,causative,bad,lie,babe,overlay_arg_1_match,overlay_subject_tomorrow_s00,4.840000152587891,head,freqblimp_curated,., the,-6.046642303466797,-6.921642303466797,0.875,1
v2|head|causative|overlay_subject_tomorrow_s00_babe|bad|react|291,head,causative,bad,react,babe,overlay_arg_1_match,overlay_subject_tomorrow_s00,4.159999847412109,head,freqblimp_curated,., the,-2.934574604034424,-4.809574604034424,1.875,1
v2|head|causative|overlay_subject_tomorrow_s00_babe|bad|reply|292,head,causative,bad,reply,babe,overlay_arg_1_match,overlay_subject_tomorrow_s00,4.5,head,freqblimp_curated,., the,-2.389185905456543,-6.389185905456543,4.0,1
v2|head|causative|overlay_subject_tomorrow_s00_babe|bad|respond|293,head,causative,bad,respond,babe,overlay_arg_1_match,overlay_subject_tomorrow_s00,4.53000020980835,head,freqblimp_curated,., the,-2.725757598876953,-6.413257598876953,3.6875,1
v2|head|causative|overlay_subject_tomorrow_s00_babe|bad|scream|294,head,causative,bad,scream,babe,overlay_arg_1_match,overlay_subject_tomorrow_s00,4.139999866485596,head,freqblimp_curated,., the,-2.8067541122436523,-5.056754112243652,2.25,1
v2|head|causative|overlay_subject_tomorrow_s00_babe|bad|smile|295,head,causative,bad,smile,babe,overlay_arg_1_match,overlay_subject_tomorrow_s00,4.639999866485596,head,freqblimp_curated,., the,-2.9736328125,-5.3486328125,2.375,1
v2|head|causative|overlay_subject_tomorrow_s00_babe|bad|struggle|296,head,causative,bad,struggle,babe,overlay_arg_1_match,overlay_subject_tomorrow_s00,4.619999885559082,head,freqblimp_curated,., the,-3.1673288345336914,-5.917328834533691,2.75,1
v2|head|causative|overlay_subject_tomorrow_s00_babe|bad|testify|297,head,causative,bad,testify,babe,overlay_arg_1_match,overlay_subject_tomorrow_s00,3.8399999141693115,head,freqblimp_curated,., the,-2.703857660293579,-6.203857421875,3.499999761581421,1
v2|head|causative|overlay_subject_tomorrow_s00_babe|bad|vanish|298,head,causative,bad,vanish,babe,overlay_arg_1_match,overlay_subject_tomorrow_s00,3.7200000286102295,head,freqblimp_curated,., the,-2.0850346088409424,-7.397534370422363,5.3125,1
v2|head|causative|overlay_subject_lab_s00_nationalist|good|accelerate|460,head,causative,good,accelerate,nationalist,overlay_arg_1_match,overlay_subject_lab_s00,3.6600000858306885,head,freqblimp_curated, the,.,-1.1691080331802368,-4.356607913970947,3.1875,1
v2|head|causative|overlay_subject_lab_s00_nationalist|good|awaken|461,head,causative,good,awaken,nationalist,overlay_arg_1_match,overlay_subject_lab_s00,3.7200000286102295,head,freqblimp_curated, the,.,-2.448051929473877,-3.260551929473877,0.8125,1
v2|head|causative|overlay_subject_lab_s00_nationalist|good|bake|462,head,causative,good,bake,nationalist,overlay_arg_1_match,overlay_subject_lab_s00,3.9100000858306885,head,freqblimp_curated, the,.,-2.6188578605651855,-5.1813578605651855,2.5625,1
v2|head|causative|overlay_subject_lab_s00_nationalist|good|benefit|463,head,causative,good,benefit,nationalist,overlay_arg_1_match,overlay_subject_lab_s00,4.820000171661377,head,freqblimp_curated, the,.,-3.862811803817749,-3.550311803817749,-0.3125,0
v2|head|causative|overlay_subject_lab_s00_nationalist|good|burn|464,head,causative,good,burn,nationalist,overlay_arg_1_match,overlay_subject_lab_s00,4.53000020980835,head,freqblimp_curated, the,.,-2.0213022232055664,-5.208802223205566,3.1875,1
v2|head|causative|overlay_subject_lab_s00_nationalist|good|change|465,head,causative,good,change,nationalist,overlay_arg_1_match,overlay_subject_lab_s00,4.760000228881836,head,freqblimp_curated, the,.,-1.589258074760437,-3.4642581939697266,1.8750001192092896,1
v2|head|causative|overlay_subject_lab_s00_nationalist|good|chip|466,head,causative,good,chip,nationalist,overlay_arg_1_match,overlay_subject_lab_s00,4.309999942779541,head,freqblimp_curated, the,.,-4.604930877685547,-6.729930877685547,2.125,1
v2|head|causative|overlay_subject_lab_s00_nationalist|good|close|467,head,causative,good,close,nationalist,overlay_arg_1_match,overlay_subject_lab_s00,5.360000133514404,head,freqblimp_curated, the,.,-1.7525713443756104,-6.502571105957031,4.75,1
v2|head|causative|overlay_subject_lab_s00_nationalist|good|crack|468,head,causative,good,crack,nationalist,overlay_arg_1_match,overlay_subject_lab_s00,4.409999847412109,head,freqblimp_curated, the,.,-1.6368192434310913,-4.949319362640381,3.3125,1
v2|head|causative|overlay_subject_lab_s00_nationalist|good|crash|469,head,causative,good,crash,nationalist,overlay_arg_1_match,overlay_subject_lab_s00,4.550000190734863,head,freqblimp_curated, the,.,-1.507017970085144,-3.1945180892944336,1.6875001192092896,1
v2|head|causative|overlay_subject_lab_s00_nationalist|good|dim|470,head,causative,good,dim,nationalist,overlay_arg_1_match,overlay_subject_lab_s00,3.619999885559082,head,freqblimp_curated, the,.,-1.0784389972686768,-4.765938758850098,3.687499761581421,1
v2|head|causative|overlay_subject_lab_s00_nationalist|good|drop|471,head,causative,good,drop,nationalist,overlay_arg_1_match,overlay_subject_lab_s00,4.989999771118164,head,freqblimp_curated, the,.,-1.5333442687988281,-7.689594268798828,6.15625,1
v2|head|causative|overlay_subject_lab_s00_nationalist|good|dry|472,head,causative,good,dry,nationalist,overlay_arg_1_match,overlay_subject_lab_s00,4.739999771118164,head,freqblimp_curated, the,.,-2.079500675201416,-6.454500675201416,4.375,1
v2|head|causative|overlay_subject_lab_s00_nationalist|good|fade|473,head,causative,good,fade,nationalist,overlay_arg_1_match,overlay_subject_lab_s00,3.859999895095825,head,freqblimp_curated, the,.,-6.129353046417236,-2.8168530464172363,-3.3125,0
v2|head|causative|overlay_subject_lab_s00_nationalist|good|fold|474,head,causative,good,fold,nationalist,overlay_arg_1_match,overlay_subject_lab_s00,4.079999923706055,head,freqblimp_curated, the,.,-1.9074137210845947,-3.3449137210845947,1.4375,1
v2|head|causative|overlay_subject_lab_s00_nationalist|good|freeze|475,head,causative,good,freeze,nationalist,overlay_arg_1_match,overlay_subject_lab_s00,4.110000133514404,head,freqblimp_curated, the,.,-2.0061731338500977,-3.8186731338500977,1.8125,1
v2|head|causative|overlay_subject_lab_s00_nationalist|good|grow|476,head,causative,good,grow,nationalist,overlay_arg_1_match,overlay_subject_lab_s00,4.900000095367432,head,freqblimp_curated, the,.,-3.330759048461914,-4.268259048461914,0.9375,1
v2|head|causative|overlay_subject_lab_s00_nationalist|good|melt|477,head,causative,good,melt,nationalist,overlay_arg_1_match,overlay_subject_lab_s00,3.9600000381469727,head,freqblimp_curated, the,.,-2.2695603370666504,-3.9570603370666504,1.6875,1
v2|head|causative|overlay_subject_lab_s00_nationalist|good|move|478,head,causative,good,move,nationalist,overlay_arg_1_match,overlay_subject_lab_s00,5.349999904632568,head,freqblimp_curated, the,.,-2.969219207763672,-6.094219207763672,3.125,1
v2|head|causative|overlay_subject_lab_s00_nationalist|good|open|479,head,causative,good,open,nationalist,overlay_arg_1_match,overlay_subject_lab_s00,5.480000019073486,head,freqblimp_curated, the,.,-1.5444958209991455,-7.919495582580566,6.375,1
v2|head|causative|overlay_subject_lab_s00_nationalist|good|roll|480,head,causative,good,roll,nationalist,overlay_arg_1_match,overlay_subject_lab_s00,4.75,head,freqblimp_curated, the,.,-2.9634885787963867,-6.963488578796387,4.0,1
v2|head|causative|overlay_subject_lab_s00_nationalist|good|shrink|482,head,causative,good,shrink,nationalist,overlay_arg_1_match,overlay_subject_lab_s00,3.7300000190734863,head,freqblimp_curated, the,.,-2.15643310546875,-3.59393310546875,1.4375,1
v2|head|causative|overlay_subject_lab_s00_nationalist|good|shut|483,head,causative,good,shut,nationalist,overlay_arg_1_match,overlay_subject_lab_s00,4.78000020980835,head,freqblimp_curated, the,.,-2.7459685802459717,-7.995968818664551,5.25,1
v2|head|causative|overlay_subject_lab_s00_nationalist|good|slow|484,head,causative,good,slow,nationalist,overlay_arg_1_match,overlay_subject_lab_s00,4.849999904632568,head,freqblimp_curated, the,.,-2.298450231552124,-6.423449993133545,4.125,1
v2|head|causative|overlay_subject_lab_s00_nationalist|good|soak|485,head,causative,good,soak,nationalist,overlay_arg_1_match,overlay_subject_lab_s00,3.609999895095825,head,freqblimp_curated, the,.,-2.2016730308532715,-8.01417350769043,5.812500476837158,1
v2|head|causative|overlay_subject_lab_s00_nationalist|good|stop|486,head,causative,good,stop,nationalist,overlay_arg_1_match,overlay_subject_lab_s00,4.400000095367432,head,freqblimp_curated, the,.,-2.8407201766967773,-5.590720176696777,2.75,1
v2|head|causative|overlay_subject_lab_s00_nationalist|good|stretch|487,head,causative,good,stretch,nationalist,overlay_arg_1_match,overlay_subject_lab_s00,4.349999904632568,head,freqblimp_curated, the,.,-2.403717517852783,-5.278717517852783,2.875,1
v2|head|causative|overlay_subject_lab_s00_nationalist|good|turn|489,head,causative,good,turn,nationalist,overlay_arg_1_match,overlay_subject_lab_s00,5.320000171661377,head,freqblimp_curated, the,.,-2.598942756652832,-7.536442756652832,4.9375,1
v2|head|causative|overlay_subject_lab_s00_nationalist|good|twist|490,head,causative,good,twist,nationalist,overlay_arg_1_match,overlay_subject_lab_s00,4.21999979019165,head,freqblimp_curated, the,.,-1.3547848463058472,-6.167284965515137,4.8125,1
v2|head|causative|overlay_subject_lab_s00_nationalist|good|warp|491,head,causative,good,warp,nationalist,overlay_arg_1_match,overlay_subject_lab_s00,3.630000114440918,head,freqblimp_curated, the,.,-1.1754201650619507,-6.17542028427124,5.0,1
v2|head|causative|overlay_subject_lab_s00_nationalist|good|worry|492,head,causative,good,worry,nationalist,overlay_arg_1_match,overlay_subject_lab_s00,4.840000152587891,head,freqblimp_curated, the,.,-4.7704925537109375,-5.0204925537109375,0.25,1
v2|head|causative|overlay_subject_tomorrow_s00_babe|good|accelerate|856,head,causative,good,accelerate,babe,overlay_arg_1_match,overlay_subject_tomorrow_s00,3.6600000858306885,head,freqblimp_curated, the,.,-2.978395700454712,-3.228395700454712,0.25,1
v2|head|causative|overlay_subject_tomorrow_s00_babe|good|awaken|857,head,causative,good,awaken,babe,overlay_arg_1_match,overlay_subject_tomorrow_s00,3.7200000286102295,head,freqblimp_curated, the,.,-5.933896064758301,-1.9338963031768799,-3.999999761581421,0
v2|head|causative|overlay_subject_tomorrow_s00_babe|good|bake|858,head,causative,good,bake,babe,overlay_arg_1_match,overlay_subject_tomorrow_s00,3.9100000858306885,head,freqblimp_curated, the,.,-2.9547948837280273,-3.8922948837280273,0.9375,1
v2|head|causative|overlay_subject_tomorrow_s00_babe|good|benefit|859,head,causative,good,benefit,babe,overlay_arg_1_match,overlay_subject_tomorrow_s00,4.820000171661377,head,freqblimp_curated, the,.,-4.795780181884766,-3.9207799434661865,-0.8750002384185791,0
v2|head|causative|overlay_subject_tomorrow_s00_babe|good|burn|860,head,causative,good,burn,babe,overlay_arg_1_match,overlay_subject_tomorrow_s00,4.53000020980835,head,freqblimp_curated, the,.,-3.8824751377105713,-2.8199751377105713,-1.0625,0
v2|head|causative|overlay_subject_tomorrow_s00_babe|good|change|861,head,causative,good,change,babe,overlay_arg_1_match,overlay_subject_tomorrow_s00,4.760000228881836,head,freqblimp_curated, the,.,-2.8063666820526123,-2.6813666820526123,-0.125,0
v2|head|causative|overlay_subject_tomorrow_s00_babe|good|chip|862,head,causative,good,chip,babe,overlay_arg_1_match,overlay_subject_tomorrow_s00,4.309999942779541,head,freqblimp_curated, the,.,-2.814546585083008,-4.564546585083008,1.75,1
v2|head|causative|overlay_subject_tomorrow_s00_babe|good|close|863,head,causative,good,close,babe,overlay_arg_1_match,overlay_subject_tomorrow_s00,5.360000133514404,head,freqblimp_curated, the,.,-1.5189427137374878,-3.7689428329467773,2.25,1
v2|head|causative|overlay_subject_tomorrow_s00_babe|good|crack|864,head,causative,good,crack,babe,overlay_arg_1_match,overlay_subject_tomorrow_s00,4.409999847412109,head,freqblimp_curated, the,.,-2.6485495567321777,-2.7735495567321777,0.125,1
v2|head|causative|overlay_subject_tomorrow_s00_babe|good|crash|865,head,causative,good,crash,babe,overlay_arg_1_match,overlay_subject_tomorrow_s00,4.550000190734863,head,freqblimp_curated, the,.,-3.6301236152648926,-2.6926236152648926,-0.9375,0
v2|head|causative|overlay_subject_tomorrow_s00_babe|good|dim|866,head,causative,good,dim,babe,overlay_arg_1_match,overlay_subject_tomorrow_s00,3.619999885559082,head,freqblimp_curated, the,.,-2.654545783996582,-2.842045783996582,0.1875,1
v2|head|causative|overlay_subject_tomorrow_s00_babe|good|drop|867,head,causative,good,drop,babe,overlay_arg_1_match,overlay_subject_tomorrow_s00,4.989999771118164,head,freqblimp_curated, the,.,-2.9773387908935547,-2.7273387908935547,-0.25,0
v2|head|causative|overlay_subject_tomorrow_s00_babe|good|dry|868,head,causative,good,dry,babe,overlay_arg_1_match,overlay_subject_tomorrow_s00,4.739999771118164,head,freqblimp_curated, the,.,-3.933608055114746,-2.746108055114746,-1.1875,0
v2|head|causative|overlay_subject_tomorrow_s00_babe|good|fade|869,head,causative,good,fade,babe,overlay_arg_1_match,overlay_subject_tomorrow_s00,3.859999895095825,head,freqblimp_curated, the,.,-6.921874046325684,-2.5468742847442627,-4.375,0
v2|head|causative|overlay_subject_tomorrow_s00_babe|good|fold|870,head,causative,good,fold,babe,overlay_arg_1_match,overlay_subject_tomorrow_s00,4.079999923706055,head,freqblimp_curated, the,.,-3.10274338722229,-3.29024338722229,0.1875,1
v2|head|causative|overlay_subject_tomorrow_s00_babe|good|freeze|871,head,causative,good,freeze,babe,overlay_arg_1_match,overlay_subject_tomorrow_s00,4.110000133514404,head,freqblimp_curated, the,.,-5.294995307922363,-2.357495069503784,-2.937500238418579,0
v2|head|causative|overlay_subject_tomorrow_s00_babe|good|grow|872,head,causative,good,grow,babe,overlay_arg_1_match,overlay_subject_tomorrow_s00,4.900000095367432,head,freqblimp_curated, the,.,-6.767548084259033,-2.955048084259033,-3.8125,0
v2|head|causative|overlay_subject_tomorrow_s00_babe|good|melt|873,head,causative,good,melt,babe,overlay_arg_1_match,overlay_subject_tomorrow_s00,3.9600000381469727,head,freqblimp_curated, the,.,-3.5279159545898438,-3.2154159545898438,-0.3125,0
v2|head|causative|overlay_subject_tomorrow_s00_babe|good|move|874,head,causative,good,move,babe,overlay_arg_1_match,overlay_subject_tomorrow_s00,5.349999904632568,head,freqblimp_curated, the,.,-5.0659098625183105,-3.8159098625183105,-1.25,0
v2|head|causative|overlay_subject_tomorrow_s00_babe|good|open|875,head,causative,good,open,babe,overlay_arg_1_match,overlay_subject_tomorrow_s00,5.480000019073486,head,freqblimp_curated, the,.,-2.5621135234832764,-4.5621137619018555,2.000000238418579,1
v2|head|causative|overlay_subject_tomorrow_s00_babe|good|roll|876,head,causative,good,roll,babe,overlay_arg_1_match,overlay_subject_tomorrow_s00,4.75,head,freqblimp_curated, the,.,-5.13823938369751,-3.5132393836975098,-1.625,0
v2|head|causative|overlay_subject_tomorrow_s00_babe|good|shrink|878,head,causative,good,shrink,babe,overlay_arg_1_match,overlay_subject_tomorrow_s00,3.7300000190734863,head,freqblimp_curated, the,.,-5.259951114654541,-2.947451114654541,-2.3125,0
v2|head|causative|overlay_subject_tomorrow_s00_babe|good|shut|879,head,causative,good,shut,babe,overlay_arg_1_match,overlay_subject_tomorrow_s00,4.78000020980835,head,freqblimp_curated, the,.,-2.1792454719543457,-5.554245471954346,3.375,1
v2|head|causative|overlay_subject_tomorrow_s00_babe|good|slow|880,head,causative,good,slow,babe,overlay_arg_1_match,overlay_subject_tomorrow_s00,4.849999904632568,head,freqblimp_curated, the,.,-4.166296482086182,-4.228796482086182,0.0625,1
v2|head|causative|overlay_subject_tomorrow_s00_babe|good|soak|881,head,causative,good,soak,babe,overlay_arg_1_match,overlay_subject_tomorrow_s00,3.609999895095825,head,freqblimp_curated, the,.,-3.3061418533325195,-4.4936418533325195,1.1875,1
v2|head|causative|overlay_subject_tomorrow_s00_babe|good|stop|882,head,causative,good,stop,babe,overlay_arg_1_match,overlay_subject_tomorrow_s00,4.400000095367432,head,freqblimp_curated, the,.,-3.5127437114715576,-4.762743949890137,1.250000238418579,1
v2|head|causative|overlay_subject_tomorrow_s00_babe|good|stretch|883,head,causative,good,stretch,babe,overlay_arg_1_match,overlay_subject_tomorrow_s00,4.349999904632568,head,freqblimp_curated, the,.,-4.116218090057373,-4.616218090057373,0.5,1
v2|head|causative|overlay_subject_tomorrow_s00_babe|good|turn|885,head,causative,good,turn,babe,overlay_arg_1_match,overlay_subject_tomorrow_s00,5.320000171661377,head,freqblimp_curated, the,.,-4.521517276763916,-4.021517276763916,-0.5,0
v2|head|causative|overlay_subject_tomorrow_s00_babe|good|twist|886,head,causative,good,twist,babe,overlay_arg_1_match,overlay_subject_tomorrow_s00,4.21999979019165,head,freqblimp_curated, the,.,-2.9269559383392334,-4.6144561767578125,1.687500238418579,1
v2|head|causative|overlay_subject_tomorrow_s00_babe|good|warp|887,head,causative,good,warp,babe,overlay_arg_1_match,overlay_subject_tomorrow_s00,3.630000114440918,head,freqblimp_curated, the,.,-2.5505900382995605,-3.6130900382995605,1.0625,1
v2|head|causative|overlay_subject_tomorrow_s00_babe|good|worry|888,head,causative,good,worry,babe,overlay_arg_1_match,overlay_subject_tomorrow_s00,4.840000152587891,head,freqblimp_curated, the,.,-4.37992525100708,-2.75492525100708,-1.625,0
v2|head|inchoative|overlay_subject_lab_s02_tt|bad|abuse|1154,head,inchoative,bad,abuse,tt,overlay_arg_1_match,overlay_subject_lab_s02,4.66,head,supplemental_v2_bad_verbs, the,.,-1.4865038394927979,-4.611503601074219,3.124999761581421,1
v2|head|inchoative|overlay_subject_lab_s02_tt|bad|accuse|1155,head,inchoative,bad,accuse,tt,overlay_arg_1_match,overlay_subject_lab_s02,3.71,head,supplemental_v2_bad_verbs, the,.,-1.5289511680603027,-5.841451168060303,4.3125,1
v2|head|inchoative|overlay_subject_lab_s02_tt|bad|acquire|1156,head,inchoative,bad,acquire,tt,overlay_arg_1_match,overlay_subject_lab_s02,4.13,head,supplemental_v2_bad_verbs, the,.,-1.8258237838745117,-7.294573783874512,5.46875,1
v2|head|inchoative|overlay_subject_lab_s02_tt|bad|admire|1157,head,inchoative,bad,admire,tt,overlay_arg_1_match,overlay_subject_lab_s02,3.9700000286102295,head,freqblimp_curated, the,.,-0.7678412795066833,-6.142841339111328,5.375,1
v2|head|inchoative|overlay_subject_lab_s02_tt|bad|affect|1159,head,inchoative,bad,affect,tt,overlay_arg_1_match,overlay_subject_lab_s02,4.59,head,supplemental_v2_bad_verbs, the,.,-1.0448839664459229,-7.826133728027344,6.78125,1
v2|head|inchoative|overlay_subject_lab_s02_tt|bad|arrest|1160,head,inchoative,bad,arrest,tt,overlay_arg_1_match,overlay_subject_lab_s02,4.55,head,supplemental_v2_bad_verbs, the,.,-1.469511866569519,-5.532011985778809,4.0625,1
v2|head|inchoative|overlay_subject_lab_s02_tt|bad|avoid|1161,head,inchoative,bad,avoid,tt,overlay_arg_1_match,overlay_subject_lab_s02,4.87,head,supplemental_v2_bad_verbs, the,.,-1.854483962059021,-7.1044840812683105,5.25,1
v2|head|inchoative|overlay_subject_lab_s02_tt|bad|blame|1162,head,inchoative,bad,blame,tt,overlay_arg_1_match,overlay_subject_lab_s02,4.63,head,supplemental_v2_bad_verbs, the,.,-1.1505141258239746,-6.275514125823975,5.125,1
v2|head|inchoative|overlay_subject_lab_s02_tt|bad|destroy|1163,head,inchoative,bad,destroy,tt,overlay_arg_1_match,overlay_subject_lab_s02,4.519999980926514,head,freqblimp_curated, the,.,-1.16879141330719,-6.5437912940979,5.375,1
v2|head|inchoative|overlay_subject_lab_s02_tt|bad|notify|1164,head,inchoative,bad,notify,tt,overlay_arg_1_match,overlay_subject_lab_s02,3.73,head,supplemental_v2_bad_verbs, the,.,-1.4030336141586304,-7.15303373336792,5.75,1
v2|head|inchoative|overlay_subject_lab_s02_tt|bad|persuade|1165,head,inchoative,bad,persuade,tt,overlay_arg_1_match,overlay_subject_lab_s02,3.82,head,supplemental_v2_bad_verbs, the,.,-1.3571758270263672,-6.169675827026367,4.8125,1
v2|head|inchoative|overlay_subject_lab_s02_tt|bad|possess|1166,head,inchoative,bad,possess,tt,overlay_arg_1_match,overlay_subject_lab_s02,4.02,head,supplemental_v2_bad_verbs, the,.,-1.5060453414916992,-6.881045341491699,5.375,1
v2|head|inchoative|overlay_subject_lab_s02_tt|bad|require|1167,head,inchoative,bad,require,tt,overlay_arg_1_match,overlay_subject_lab_s02,4.78,head,supplemental_v2_bad_verbs, the,.,-2.8144240379333496,-7.59567403793335,4.78125,1
v2|head|inchoative|overlay_subject_lab_s02_tt|bad|respect|1168,head,inchoative,bad,respect,tt,overlay_arg_1_match,overlay_subject_lab_s02,5.03000020980835,head,freqblimp_curated, the,.,-0.8223166465759277,-7.447316646575928,6.625,1
v2|head|inchoative|overlay_subject_lab_s02_tt|bad|retrieve|1169,head,inchoative,bad,retrieve,tt,overlay_arg_1_match,overlay_subject_lab_s02,3.69,head,supplemental_v2_bad_verbs, the,.,-1.1877387762069702,-8.000238418579102,6.812499523162842,1
v2|head|inchoative|overlay_subject_lab_s02_tt|bad|suppress|1170,head,inchoative,bad,suppress,tt,overlay_arg_1_match,overlay_subject_lab_s02,3.66,head,supplemental_v2_bad_verbs, the,.,-1.0404067039489746,-5.759156703948975,4.71875,1
v2|head|inchoative|overlay_subject_tomorrow_s00_windflower|bad|abuse|1324,head,inchoative,bad,abuse,windflower,overlay_arg_1_match,overlay_subject_tomorrow_s00,4.66,head,supplemental_v2_bad_verbs, the,.,-1.7430925369262695,-5.4930925369262695,3.75,1
v2|head|inchoative|overlay_subject_tomorrow_s00_windflower|bad|accuse|1325,head,inchoative,bad,accuse,windflower,overlay_arg_1_match,overlay_subject_tomorrow_s00,3.71,head,supplemental_v2_bad_verbs, the,.,-1.9690998792648315,-5.406599998474121,3.4375,1
v2|head|inchoative|overlay_subject_tomorrow_s00_windflower|bad|acquire|1326,head,inchoative,bad,acquire,windflower,overlay_arg_1_match,overlay_subject_tomorrow_s00,4.13,head,supplemental_v2_bad_verbs, the,.,-1.825410008430481,-7.075409889221191,5.25,1
v2|head|inchoative|overlay_subject_tomorrow_s00_windflower|bad|admire|1327,head,inchoative,bad,admire,windflower,overlay_arg_1_match,overlay_subject_tomorrow_s00,3.9700000286102295,head,freqblimp_curated, the,.,-0.8832948803901672,-5.445795059204102,4.5625,1
v2|head|inchoative|overlay_subject_tomorrow_s00_windflower|bad|affect|1329,head,inchoative,bad,affect,windflower,overlay_arg_1_match,overlay_subject_tomorrow_s00,4.59,head,supplemental_v2_bad_verbs, the,.,-1.2263083457946777,-6.476308345794678,5.25,1
v2|head|inchoative|overlay_subject_tomorrow_s00_windflower|bad|arrest|1330,head,inchoative,bad,arrest,windflower,overlay_arg_1_match,overlay_subject_tomorrow_s00,4.55,head,supplemental_v2_bad_verbs, the,.,-1.2282109260559082,-4.540710926055908,3.3125,1
v2|head|inchoative|overlay_subject_tomorrow_s00_windflower|bad|avoid|1331,head,inchoative,bad,avoid,windflower,overlay_arg_1_match,overlay_subject_tomorrow_s00,4.87,head,supplemental_v2_bad_verbs, the,.,-0.9126565456390381,-6.912656784057617,6.0,1
v2|head|inchoative|overlay_subject_tomorrow_s00_windflower|bad|blame|1332,head,inchoative,bad,blame,windflower,overlay_arg_1_match,overlay_subject_tomorrow_s00,4.63,head,supplemental_v2_bad_verbs, the,.,-2.1130669116973877,-6.238066673278809,4.125,1
v2|head|inchoative|overlay_subject_tomorrow_s00_windflower|bad|destroy|1333,head,inchoative,bad,destroy,windflower,overlay_arg_1_match,overlay_subject_tomorrow_s00,4.519999980926514,head,freqblimp_curated, the,.,-0.9146195650100708,-5.414619445800781,4.5,1
v2|head|inchoative|overlay_subject_tomorrow_s00_windflower|bad|notify|1334,head,inchoative,bad,notify,windflower,overlay_arg_1_match,overlay_subject_tomorrow_s00,3.73,head,supplemental_v2_bad_verbs, the,.,-1.8665798902511597,-6.241580009460449,4.375,1
v2|head|inchoative|overlay_subject_tomorrow_s00_windflower|bad|persuade|1335,head,inchoative,bad,persuade,windflower,overlay_arg_1_match,overlay_subject_tomorrow_s00,3.82,head,supplemental_v2_bad_verbs, the,.,-1.2971409559249878,-5.859641075134277,4.5625,1
v2|head|inchoative|overlay_subject_tomorrow_s00_windflower|bad|possess|1336,head,inchoative,bad,possess,windflower,overlay_arg_1_match,overlay_subject_tomorrow_s00,4.02,head,supplemental_v2_bad_verbs, the,.,-1.6627724170684814,-6.787772178649902,5.125,1
v2|head|inchoative|overlay_subject_tomorrow_s00_windflower|bad|require|1337,head,inchoative,bad,require,windflower,overlay_arg_1_match,overlay_subject_tomorrow_s00,4.78,head,supplemental_v2_bad_verbs, the,.,-2.9240775108337402,-8.049077033996582,5.124999523162842,1
v2|head|inchoative|overlay_subject_tomorrow_s00_windflower|bad|respect|1338,head,inchoative,bad,respect,windflower,overlay_arg_1_match,overlay_subject_tomorrow_s00,5.03000020980835,head,freqblimp_curated, the,.,-1.3772692680358887,-5.877269268035889,4.5,1
v2|head|inchoative|overlay_subject_tomorrow_s00_windflower|bad|retrieve|1339,head,inchoative,bad,retrieve,windflower,overlay_arg_1_match,overlay_subject_tomorrow_s00,3.69,head,supplemental_v2_bad_verbs, the,.,-1.3526453971862793,-5.665145397186279,4.3125,1
v2|head|inchoative|overlay_subject_tomorrow_s00_windflower|bad|suppress|1340,head,inchoative,bad,suppress,windflower,overlay_arg_1_match,overlay_subject_tomorrow_s00,3.66,head,supplemental_v2_bad_verbs, the,.,-0.8599119186401367,-4.984911918640137,4.125,1
v2|head|inchoative|overlay_subject_tomorrow_s03_windlass|bad|abuse|1375,head,inchoative,bad,abuse,windlass,overlay_arg_1_match,overlay_subject_tomorrow_s03,4.66,head,supplemental_v2_bad_verbs, the,.,-2.1482439041137695,-4.9607439041137695,2.8125,1
v2|head|inchoative|overlay_subject_tomorrow_s03_windlass|bad|accuse|1376,head,inchoative,bad,accuse,windlass,overlay_arg_1_match,overlay_subject_tomorrow_s03,3.71,head,supplemental_v2_bad_verbs, the,.,-2.118934154510498,-4.681434154510498,2.5625,1
v2|head|inchoative|overlay_subject_tomorrow_s03_windlass|bad|acquire|1377,head,inchoative,bad,acquire,windlass,overlay_arg_1_match,overlay_subject_tomorrow_s03,4.13,head,supplemental_v2_bad_verbs, the,.,-1.6538180112838745,-5.716318130493164,4.0625,1
v2|head|inchoative|overlay_subject_tomorrow_s03_windlass|bad|admire|1378,head,inchoative,bad,admire,windlass,overlay_arg_1_match,overlay_subject_tomorrow_s03,3.9700000286102295,head,freqblimp_curated, the,.,-1.011832356452942,-5.074332237243652,4.0625,1
v2|head|inchoative|overlay_subject_tomorrow_s03_windlass|bad|affect|1380,head,inchoative,bad,affect,windlass,overlay_arg_1_match,overlay_subject_tomorrow_s03,4.59,head,supplemental_v2_bad_verbs, the,.,-0.877754807472229,-6.3152546882629395,5.4375,1
v2|head|inchoative|overlay_subject_tomorrow_s03_windlass|bad|arrest|1381,head,inchoative,bad,arrest,windlass,overlay_arg_1_match,overlay_subject_tomorrow_s03,4.55,head,supplemental_v2_bad_verbs, the,.,-0.9321372509002686,-3.8071372509002686,2.875,1
v2|head|inchoative|overlay_subject_tomorrow_s03_windlass|bad|avoid|1382,head,inchoative,bad,avoid,windlass,overlay_arg_1_match,overlay_subject_tomorrow_s03,4.87,head,supplemental_v2_bad_verbs, the,.,-1.048046588897705,-6.110546588897705,5.0625,1
v2|head|inchoative|overlay_subject_tomorrow_s03_windlass|bad|blame|1383,head,inchoative,bad,blame,windlass,overlay_arg_1_match,overlay_subject_tomorrow_s03,4.63,head,supplemental_v2_bad_verbs, the,.,-1.9068737030029297,-5.96937370300293,4.0625,1
v2|head|inchoative|overlay_subject_tomorrow_s03_windlass|bad|destroy|1384,head,inchoative,bad,destroy,windlass,overlay_arg_1_match,overlay_subject_tomorrow_s03,4.519999980926514,head,freqblimp_curated, the,.,-1.0152314901351929,-5.515231609344482,4.5,1
v2|head|inchoative|overlay_subject_tomorrow_s03_windlass|bad|notify|1385,head,inchoative,bad,notify,windlass,overlay_arg_1_match,overlay_subject_tomorrow_s03,3.73,head,supplemental_v2_bad_verbs, the,.,-1.874390721321106,-4.999390602111816,3.125,1
v2|head|inchoative|overlay_subject_tomorrow_s03_windlass|bad|persuade|1386,head,inchoative,bad,persuade,windlass,overlay_arg_1_match,overlay_subject_tomorrow_s03,3.82,head,supplemental_v2_bad_verbs, the,.,-1.1711105108261108,-4.6711106300354,3.5,1
v2|head|inchoative|overlay_subject_tomorrow_s03_windlass|bad|possess|1387,head,inchoative,bad,possess,windlass,overlay_arg_1_match,overlay_subject_tomorrow_s03,4.02,head,supplemental_v2_bad_verbs, the,.,-1.7662358283996582,-6.078735828399658,4.3125,1
v2|head|inchoative|overlay_subject_tomorrow_s03_windlass|bad|require|1388,head,inchoative,bad,require,windlass,overlay_arg_1_match,overlay_subject_tomorrow_s03,4.78,head,supplemental_v2_bad_verbs, the,.,-2.8942809104919434,-8.238031387329102,5.343750476837158,1
v2|head|inchoative|overlay_subject_tomorrow_s03_windlass|bad|respect|1389,head,inchoative,bad,respect,windlass,overlay_arg_1_match,overlay_subject_tomorrow_s03,5.03000020980835,head,freqblimp_curated, the,.,-1.3348193168640137,-5.772319316864014,4.4375,1
v2|head|inchoative|overlay_subject_tomorrow_s03_windlass|bad|retrieve|1390,head,inchoative,bad,retrieve,windlass,overlay_arg_1_match,overlay_subject_tomorrow_s03,3.69,head,supplemental_v2_bad_verbs, the,.,-0.7764959931373596,-5.151495933532715,4.375,1
v2|head|inchoative|overlay_subject_tomorrow_s03_windlass|bad|suppress|1391,head,inchoative,bad,suppress,windlass,overlay_arg_1_match,overlay_subject_tomorrow_s03,3.66,head,supplemental_v2_bad_verbs, the,.,-0.7094440460205078,-4.334444046020508,3.625,1
v2|head|inchoative|overlay_subject_lab_s02_tt|good|accelerate|1526,head,inchoative,good,accelerate,tt,overlay_arg_1_match,overlay_subject_lab_s02,3.6600000858306885,head,freqblimp_curated,., the,-4.681605339050293,-1.4316052198410034,-3.25,0
v2|head|inchoative|overlay_subject_lab_s02_tt|good|awaken|1527,head,inchoative,good,awaken,tt,overlay_arg_1_match,overlay_subject_lab_s02,3.7200000286102295,head,freqblimp_curated,., the,-4.203486442565918,-3.078486442565918,-1.125,0
v2|head|inchoative|overlay_subject_lab_s02_tt|good|bake|1528,head,inchoative,good,bake,tt,overlay_arg_1_match,overlay_subject_lab_s02,3.9100000858306885,head,freqblimp_curated,., the,-4.179973602294922,-2.679973840713501,-1.499999761581421,0
v2|head|inchoative|overlay_subject_lab_s02_tt|good|benefit|1529,head,inchoative,good,benefit,tt,overlay_arg_1_match,overlay_subject_lab_s02,4.820000171661377,head,freqblimp_curated,., the,-5.284143924713135,-2.9091439247131348,-2.375,0
v2|head|inchoative|overlay_subject_lab_s02_tt|good|burn|1530,head,inchoative,good,burn,tt,overlay_arg_1_match,overlay_subject_lab_s02,4.53000020980835,head,freqblimp_curated,., the,-4.3740997314453125,-2.8115999698638916,-1.562499761581421,0
v2|head|inchoative|overlay_subject_lab_s02_tt|good|change|1531,head,inchoative,good,change,tt,overlay_arg_1_match,overlay_subject_lab_s02,4.760000228881836,head,freqblimp_curated,., the,-4.263646602630615,-2.2011466026306152,-2.0625,0
v2|head|inchoative|overlay_subject_lab_s02_tt|good|chip|1532,head,inchoative,good,chip,tt,overlay_arg_1_match,overlay_subject_lab_s02,4.309999942779541,head,freqblimp_curated,., the,-4.770748138427734,-2.5832481384277344,-2.1875,0
v2|head|inchoative|overlay_subject_lab_s02_tt|good|close|1533,head,inchoative,good,close,tt,overlay_arg_1_match,overlay_subject_lab_s02,5.360000133514404,head,freqblimp_curated,., the,-4.604717254638672,-1.604717493057251,-2.999999761581421,0
v2|head|inchoative|overlay_subject_lab_s02_tt|good|crack|1534,head,inchoative,good,crack,tt,overlay_arg_1_match,overlay_subject_lab_s02,4.409999847412109,head,freqblimp_curated,., the,-4.7143354415893555,-1.589335322380066,-3.125,0
v2|head|inchoative|overlay_subject_lab_s02_tt|good|crash|1535,head,inchoative,good,crash,tt,overlay_arg_1_match,overlay_subject_lab_s02,4.550000190734863,head,freqblimp_curated,., the,-2.7528207302093506,-3.6903207302093506,0.9375,1
v2|head|inchoative|overlay_subject_lab_s02_tt|good|dim|1536,head,inchoative,good,dim,tt,overlay_arg_1_match,overlay_subject_lab_s02,3.619999885559082,head,freqblimp_curated,., the,-4.3545427322387695,-1.2295429706573486,-3.124999761581421,0
v2|head|inchoative|overlay_subject_lab_s02_tt|good|drop|1537,head,inchoative,good,drop,tt,overlay_arg_1_match,overlay_subject_lab_s02,4.989999771118164,head,freqblimp_curated,., the,-4.412604808807373,-3.100104808807373,-1.3125,0
v2|head|inchoative|overlay_subject_lab_s02_tt|good|dry|1538,head,inchoative,good,dry,tt,overlay_arg_1_match,overlay_subject_lab_s02,4.739999771118164,head,freqblimp_curated,., the,-4.678345203399658,-3.990845203399658,-0.6875,0
v2|head|inchoative|overlay_subject_lab_s02_tt|good|fade|1539,head,inchoative,good,fade,tt,overlay_arg_1_match,overlay_subject_lab_s02,3.859999895095825,head,freqblimp_curated,., the,-4.425556182861328,-3.988055944442749,-0.4375002384185791,0
v2|head|inchoative|overlay_subject_lab_s02_tt|good|fold|1540,head,inchoative,good,fold,tt,overlay_arg_1_match,overlay_subject_lab_s02,4.079999923706055,head,freqblimp_curated,., the,-4.933808326721191,-2.4338083267211914,-2.5,0
v2|head|inchoative|overlay_subject_lab_s02_tt|good|freeze|1541,head,inchoative,good,freeze,tt,overlay_arg_1_match,overlay_subject_lab_s02,4.110000133514404,head,freqblimp_curated,., the,-3.7457783222198486,-2.4957783222198486,-1.25,0
v2|head|inchoative|overlay_subject_lab_s02_tt|good|grow|1542,head,inchoative,good,grow,tt,overlay_arg_1_match,overlay_subject_lab_s02,4.900000095367432,head,freqblimp_curated,., the,-4.923793315887451,-4.236293315887451,-0.6875,0
v2|head|inchoative|overlay_subject_lab_s02_tt|good|melt|1543,head,inchoative,good,melt,tt,overlay_arg_1_match,overlay_subject_lab_s02,3.9600000381469727,head,freqblimp_curated,., the,-3.9154508113861084,-2.4779508113861084,-1.4375,0
v2|head|inchoative|overlay_subject_lab_s02_tt|good|move|1544,head,inchoative,good,move,tt,overlay_arg_1_match,overlay_subject_lab_s02,5.349999904632568,head,freqblimp_curated,., the,-5.022217750549316,-2.8347175121307373,-2.187500238418579,0
v2|head|inchoative|overlay_subject_lab_s02_tt|good|open|1545,head,inchoative,good,open,tt,overlay_arg_1_match,overlay_subject_lab_s02,5.480000019073486,head,freqblimp_curated,., the,-5.088019371032715,-1.8380194902420044,-3.25,0
v2|head|inchoative|overlay_subject_lab_s02_tt|good|roll|1546,head,inchoative,good,roll,tt,overlay_arg_1_match,overlay_subject_lab_s02,4.75,head,freqblimp_curated,., the,-4.914912223815918,-3.414912223815918,-1.5,0
v2|head|inchoative|overlay_subject_lab_s02_tt|good|shrink|1548,head,inchoative,good,shrink,tt,overlay_arg_1_match,overlay_subject_lab_s02,3.7300000190734863,head,freqblimp_curated,., the,-4.009649753570557,-2.1971497535705566,-1.8125,0
v2|head|inchoative|overlay_subject_lab_s02_tt|good|shut|1549,head,inchoative,good,shut,tt,overlay_arg_1_match,overlay_subject_lab_s02,4.78000020980835,head,freqblimp_curated,., the,-6.911458969116211,-3.473958730697632,-3.437500238418579,0
v2|head|inchoative|overlay_subject_lab_s02_tt|good|slow|1550,head,inchoative,good,slow,tt,overlay_arg_1_match,overlay_subject_lab_s02,4.849999904632568,head,freqblimp_curated,., the,-5.823941707611084,-2.261441946029663,-3.562499761581421,0
v2|head|inchoative|overlay_subject_lab_s02_tt|good|soak|1551,head,inchoative,good,soak,tt,overlay_arg_1_match,overlay_subject_lab_s02,3.609999895095825,head,freqblimp_curated,., the,-5.867896556854248,-3.492896556854248,-2.375,0
v2|head|inchoative|overlay_subject_lab_s02_tt|good|stop|1552,head,inchoative,good,stop,tt,overlay_arg_1_match,overlay_subject_lab_s02,4.400000095367432,head,freqblimp_curated,., the,-3.955037832260132,-2.830037832260132,-1.125,0
v2|head|inchoative|overlay_subject_lab_s02_tt|good|stretch|1553,head,inchoative,good,stretch,tt,overlay_arg_1_match,overlay_subject_lab_s02,4.349999904632568,head,freqblimp_curated,., the,-5.055771350860596,-1.7432714700698853,-3.3125,0
v2|head|inchoative|overlay_subject_lab_s02_tt|good|turn|1555,head,inchoative,good,turn,tt,overlay_arg_1_match,overlay_subject_lab_s02,5.320000171661377,head,freqblimp_curated,., the,-7.030610084533691,-2.8431100845336914,-4.1875,0
v2|head|inchoative|overlay_subject_lab_s02_tt|good|twist|1556,head,inchoative,good,twist,tt,overlay_arg_1_match,overlay_subject_lab_s02,4.21999979019165,head,freqblimp_curated,., the,-4.656824588775635,-2.1568245887756348,-2.5,0
v2|head|inchoative|overlay_subject_lab_s02_tt|good|warp|1557,head,inchoative,good,warp,tt,overlay_arg_1_match,overlay_subject_lab_s02,3.630000114440918,head,freqblimp_curated,., the,-4.11684513092041,-1.6793450117111206,-2.4375,0
v2|head|inchoative|overlay_subject_lab_s02_tt|good|worry|1558,head,inchoative,good,worry,tt,overlay_arg_1_match,overlay_subject_lab_s02,4.840000152587891,head,freqblimp_curated,., the,-4.330385684967041,-2.892885684967041,-1.4375,0
v2|head|inchoative|overlay_subject_tomorrow_s00_windflower|good|accelerate|1856,head,inchoative,good,accelerate,windflower,overlay_arg_1_match,overlay_subject_tomorrow_s00,3.6600000858306885,head,freqblimp_curated,., the,-3.032438278198242,-3.407438278198242,0.375,1
v2|head|inchoative|overlay_subject_tomorrow_s00_windflower|good|awaken|1857,head,inchoative,good,awaken,windflower,overlay_arg_1_match,overlay_subject_tomorrow_s00,3.7200000286102295,head,freqblimp_curated,., the,-1.8140976428985596,-5.0015974044799805,3.187499761581421,1
v2|head|inchoative|overlay_subject_tomorrow_s00_windflower|good|bake|1858,head,inchoative,good,bake,windflower,overlay_arg_1_match,overlay_subject_tomorrow_s00,3.9100000858306885,head,freqblimp_curated,., the,-3.187347888946533,-2.562347888946533,-0.625,0
v2|head|inchoative|overlay_subject_tomorrow_s00_windflower|good|benefit|1859,head,inchoative,good,benefit,windflower,overlay_arg_1_match,overlay_subject_tomorrow_s00,4.820000171661377,head,freqblimp_curated,., the,-3.759826183319092,-3.322326183319092,-0.4375,0
v2|head|inchoative|overlay_subject_tomorrow_s00_windflower|good|burn|1860,head,inchoative,good,burn,windflower,overlay_arg_1_match,overlay_subject_tomorrow_s00,4.53000020980835,head,freqblimp_curated,., the,-2.768927574157715,-3.081427574157715,0.3125,1
v2|head|inchoative|overlay_subject_tomorrow_s00_windflower|good|change|1861,head,inchoative,good,change,windflower,overlay_arg_1_match,overlay_subject_tomorrow_s00,4.760000228881836,head,freqblimp_curated,., the,-2.4134488105773926,-3.4134488105773926,1.0,1
v2|head|inchoative|overlay_subject_tomorrow_s00_windflower|good|chip|1862,head,inchoative,good,chip,windflower,overlay_arg_1_match,overlay_subject_tomorrow_s00,4.309999942779541,head,freqblimp_curated,., the,-4.808343887329102,-2.4333438873291016,-2.375,0
v2|head|inchoative|overlay_subject_tomorrow_s00_windflower|good|close|1863,head,inchoative,good,close,windflower,overlay_arg_1_match,overlay_subject_tomorrow_s00,5.360000133514404,head,freqblimp_curated,., the,-2.777708053588867,-2.340208053588867,-0.4375,0
v2|head|inchoative|overlay_subject_tomorrow_s00_windflower|good|crack|1864,head,inchoative,good,crack,windflower,overlay_arg_1_match,overlay_subject_tomorrow_s00,4.409999847412109,head,freqblimp_curated,., the,-3.287870407104492,-2.600370407104492,-0.6875,0
v2|head|inchoative|overlay_subject_tomorrow_s00_windflower|good|crash|1865,head,inchoative,good,crash,windflower,overlay_arg_1_match,overlay_subject_tomorrow_s00,4.550000190734863,head,freqblimp_curated,., the,-2.5761184692382812,-4.638618469238281,2.0625,1
v2|head|inchoative|overlay_subject_tomorrow_s00_windflower|good|dim|1866,head,inchoative,good,dim,windflower,overlay_arg_1_match,overlay_subject_tomorrow_s00,3.619999885559082,head,freqblimp_curated,., the,-2.0339369773864746,-4.533936977386475,2.5,1
v2|head|inchoative|overlay_subject_tomorrow_s00_windflower|good|drop|1867,head,inchoative,good,drop,windflower,overlay_arg_1_match,overlay_subject_tomorrow_s00,4.989999771118164,head,freqblimp_curated,., the,-3.4397380352020264,-3.1897380352020264,-0.25,0
v2|head|inchoative|overlay_subject_tomorrow_s00_windflower|good|dry|1868,head,inchoative,good,dry,windflower,overlay_arg_1_match,overlay_subject_tomorrow_s00,4.739999771118164,head,freqblimp_curated,., the,-2.748490810394287,-4.123490810394287,1.375,1
v2|head|inchoative|overlay_subject_tomorrow_s00_windflower|good|fade|1869,head,inchoative,good,fade,windflower,overlay_arg_1_match,overlay_subject_tomorrow_s00,3.859999895095825,head,freqblimp_curated,., the,-1.8631746768951416,-7.3006744384765625,5.4375,1
v2|head|inchoative|overlay_subject_tomorrow_s00_windflower|good|fold|1870,head,inchoative,good,fold,windflower,overlay_arg_1_match,overlay_subject_tomorrow_s00,4.079999923706055,head,freqblimp_curated,., the,-3.8795032501220703,-3.5670032501220703,-0.3125,0
v2|head|inchoative|overlay_subject_tomorrow_s00_windflower|good|freeze|1871,head,inchoative,good,freeze,windflower,overlay_arg_1_match,overlay_subject_tomorrow_s00,4.110000133514404,head,freqblimp_curated,., the,-1.9819505214691162,-4.856950759887695,2.875000238418579,1
v2|head|inchoative|overlay_subject_tomorrow_s00_windflower|good|grow|1872,head,inchoative,good,grow,windflower,overlay_arg_1_match,overlay_subject_tomorrow_s00,4.900000095367432,head,freqblimp_curated,., the,-3.0637598037719727,-5.126259803771973,2.0625,1
v2|head|inchoative|overlay_subject_tomorrow_s00_windflower|good|melt|1873,head,inchoative,good,melt,windflower,overlay_arg_1_match,overlay_subject_tomorrow_s00,3.9600000381469727,head,freqblimp_curated,., the,-2.546616554260254,-2.796616554260254,0.25,1
v2|head|inchoative|overlay_subject_tomorrow_s00_windflower|good|move|1874,head,inchoative,good,move,windflower,overlay_arg_1_match,overlay_subject_tomorrow_s00,5.349999904632568,head,freqblimp_curated,., the,-3.34847354888916,-4.28597354888916,0.9375,1
v2|head|inchoative|overlay_subject_tomorrow_s00_windflower|good|open|1875,head,inchoative,good,open,windflower,overlay_arg_1_match,overlay_subject_tomorrow_s00,5.480000019073486,head,freqblimp_curated,., the,-2.82301926612854,-3.44801926612854,0.625,1
v2|head|inchoative|overlay_subject_tomorrow_s00_windflower|good|roll|1876,head,inchoative,good,roll,windflower,overlay_arg_1_match,overlay_subject_tomorrow_s00,4.75,head,freqblimp_curated,., the,-4.091743469238281,-4.404243469238281,0.3125,1
v2|head|inchoative|overlay_subject_tomorrow_s00_windflower|good|shrink|1878,head,inchoative,good,shrink,windflower,overlay_arg_1_match,overlay_subject_tomorrow_s00,3.7300000190734863,head,freqblimp_curated,., the,-2.611497640609741,-5.86149787902832,3.250000238418579,1
v2|head|inchoative|overlay_subject_tomorrow_s00_windflower|good|shut|1879,head,inchoative,good,shut,windflower,overlay_arg_1_match,overlay_subject_tomorrow_s00,4.78000020980835,head,freqblimp_curated,., the,-3.508296489715576,-3.445796489715576,-0.0625,0
v2|head|inchoative|overlay_subject_tomorrow_s00_windflower|good|slow|1880,head,inchoative,good,slow,windflower,overlay_arg_1_match,overlay_subject_tomorrow_s00,4.849999904632568,head,freqblimp_curated,., the,-3.1541550159454346,-4.5916547775268555,1.437499761581421,1
v2|head|inchoative|overlay_subject_tomorrow_s00_windflower|good|soak|1881,head,inchoative,good,soak,windflower,overlay_arg_1_match,overlay_subject_tomorrow_s00,3.609999895095825,head,freqblimp_curated,., the,-5.396025657653809,-2.3335254192352295,-3.062500238418579,0
v2|head|inchoative|overlay_subject_tomorrow_s00_windflower|good|stop|1882,head,inchoative,good,stop,windflower,overlay_arg_1_match,overlay_subject_tomorrow_s00,4.400000095367432,head,freqblimp_curated,., the,-2.9566545486450195,-4.4566545486450195,1.5,1
v2|head|inchoative|overlay_subject_tomorrow_s00_windflower|good|stretch|1883,head,inchoative,good,stretch,windflower,overlay_arg_1_match,overlay_subject_tomorrow_s00,4.349999904632568,head,freqblimp_curated,., the,-4.918733596801758,-4.668733596801758,-0.25,0
v2|head|inchoative|overlay_subject_tomorrow_s00_windflower|good|turn|1885,head,inchoative,good,turn,windflower,overlay_arg_1_match,overlay_subject_tomorrow_s00,5.320000171661377,head,freqblimp_curated,., the,-3.5777082443237305,-3.9527082443237305,0.375,1
v2|head|inchoative|overlay_subject_tomorrow_s00_windflower|good|twist|1886,head,inchoative,good,twist,windflower,overlay_arg_1_match,overlay_subject_tomorrow_s00,4.21999979019165,head,freqblimp_curated,., the,-4.41942834854126,-2.8569283485412598,-1.5625,0
v2|head|inchoative|overlay_subject_tomorrow_s00_windflower|good|warp|1887,head,inchoative,good,warp,windflower,overlay_arg_1_match,overlay_subject_tomorrow_s00,3.630000114440918,head,freqblimp_curated,., the,-3.366732120513916,-1.491732120513916,-1.875,0
v2|head|inchoative|overlay_subject_tomorrow_s00_windflower|good|worry|1888,head,inchoative,good,worry,windflower,overlay_arg_1_match,overlay_subject_tomorrow_s00,4.840000152587891,head,freqblimp_curated,., the,-2.883105754852295,-3.508105754852295,0.625,1
v2|head|inchoative|overlay_subject_tomorrow_s03_windlass|good|accelerate|1955,head,inchoative,good,accelerate,windlass,overlay_arg_1_match,overlay_subject_tomorrow_s03,3.6600000858306885,head,freqblimp_curated,., the,-3.0719404220581055,-1.134440302848816,-1.9375001192092896,0
v2|head|inchoative|overlay_subject_tomorrow_s03_windlass|good|awaken|1956,head,inchoative,good,awaken,windlass,overlay_arg_1_match,overlay_subject_tomorrow_s03,3.7200000286102295,head,freqblimp_curated,., the,-2.0748143196105957,-2.9498143196105957,0.875,1
v2|head|inchoative|overlay_subject_tomorrow_s03_windlass|good|bake|1957,head,inchoative,good,bake,windlass,overlay_arg_1_match,overlay_subject_tomorrow_s03,3.9100000858306885,head,freqblimp_curated,., the,-3.182255744934082,-1.5572556257247925,-1.6250001192092896,0
v2|head|inchoative|overlay_subject_tomorrow_s03_windlass|good|benefit|1958,head,inchoative,good,benefit,windlass,overlay_arg_1_match,overlay_subject_tomorrow_s03,4.820000171661377,head,freqblimp_curated,., the,-4.286099433898926,-3.036099433898926,-1.25,0
v2|head|inchoative|overlay_subject_tomorrow_s03_windlass|good|burn|1959,head,inchoative,good,burn,windlass,overlay_arg_1_match,overlay_subject_tomorrow_s03,4.53000020980835,head,freqblimp_curated,., the,-2.725919008255005,-3.225919008255005,0.5,1
v2|head|inchoative|overlay_subject_tomorrow_s03_windlass|good|change|1960,head,inchoative,good,change,windlass,overlay_arg_1_match,overlay_subject_tomorrow_s03,4.760000228881836,head,freqblimp_curated,., the,-2.3262503147125244,-2.5137503147125244,0.1875,1
v2|head|inchoative|overlay_subject_tomorrow_s03_windlass|good|chip|1961,head,inchoative,good,chip,windlass,overlay_arg_1_match,overlay_subject_tomorrow_s03,4.309999942779541,head,freqblimp_curated,., the,-3.1216049194335938,-2.1216049194335938,-1.0,0
v2|head|inchoative|overlay_subject_tomorrow_s03_windlass|good|close|1962,head,inchoative,good,close,windlass,overlay_arg_1_match,overlay_subject_tomorrow_s03,5.360000133514404,head,freqblimp_curated,., the,-2.0203969478607178,-3.2703969478607178,1.25,1
v2|head|inchoative|overlay_subject_tomorrow_s03_windlass|good|crack|1963,head,inchoative,good,crack,windlass,overlay_arg_1_match,overlay_subject_tomorrow_s03,4.409999847412109,head,freqblimp_curated,., the,-2.23071551322937,-2.41821551322937,0.1875,1
v2|head|inchoative|overlay_subject_tomorrow_s03_windlass|good|crash|1964,head,inchoative,good,crash,windlass,overlay_arg_1_match,overlay_subject_tomorrow_s03,4.550000190734863,head,freqblimp_curated,., the,-2.253539562225342,-4.691039562225342,2.4375,1
v2|head|inchoative|overlay_subject_tomorrow_s03_windlass|good|dim|1965,head,inchoative,good,dim,windlass,overlay_arg_1_match,overlay_subject_tomorrow_s03,3.619999885559082,head,freqblimp_curated,., the,-2.5500307083129883,-2.3000307083129883,-0.25,0
v2|head|inchoative|overlay_subject_tomorrow_s03_windlass|good|drop|1966,head,inchoative,good,drop,windlass,overlay_arg_1_match,overlay_subject_tomorrow_s03,4.989999771118164,head,freqblimp_curated,., the,-2.7187039852142334,-2.0937039852142334,-0.625,0
v2|head|inchoative|overlay_subject_tomorrow_s03_windlass|good|dry|1967,head,inchoative,good,dry,windlass,overlay_arg_1_match,overlay_subject_tomorrow_s03,4.739999771118164,head,freqblimp_curated,., the,-2.827927589416504,-2.140427589416504,-0.6875,0
v2|head|inchoative|overlay_subject_tomorrow_s03_windlass|good|fade|1968,head,inchoative,good,fade,windlass,overlay_arg_1_match,overlay_subject_tomorrow_s03,3.859999895095825,head,freqblimp_curated,., the,-2.3033037185668945,-5.3033037185668945,3.0,1
v2|head|inchoative|overlay_subject_tomorrow_s03_windlass|good|fold|1969,head,inchoative,good,fold,windlass,overlay_arg_1_match,overlay_subject_tomorrow_s03,4.079999923706055,head,freqblimp_curated,., the,-3.2726545333862305,-2.4601545333862305,-0.8125,0
v2|head|inchoative|overlay_subject_tomorrow_s03_windlass|good|freeze|1970,head,inchoative,good,freeze,windlass,overlay_arg_1_match,overlay_subject_tomorrow_s03,4.110000133514404,head,freqblimp_curated,., the,-1.9575258493423462,-4.207525730133057,2.25,1
v2|head|inchoative|overlay_subject_tomorrow_s03_windlass|good|grow|1971,head,inchoative,good,grow,windlass,overlay_arg_1_match,overlay_subject_tomorrow_s03,4.900000095367432,head,freqblimp_curated,., the,-4.038743019104004,-6.413743019104004,2.375,1
v2|head|inchoative|overlay_subject_tomorrow_s03_windlass|good|melt|1972,head,inchoative,good,melt,windlass,overlay_arg_1_match,overlay_subject_tomorrow_s03,3.9600000381469727,head,freqblimp_curated,., the,-2.176833152770996,-2.364333152770996,0.1875,1
v2|head|inchoative|overlay_subject_tomorrow_s03_windlass|good|move|1973,head,inchoative,good,move,windlass,overlay_arg_1_match,overlay_subject_tomorrow_s03,5.349999904632568,head,freqblimp_curated,., the,-2.837993621826172,-1.7129935026168823,-1.1250001192092896,0
v2|head|inchoative|overlay_subject_tomorrow_s03_windlass|good|open|1974,head,inchoative,good,open,windlass,overlay_arg_1_match,overlay_subject_tomorrow_s03,5.480000019073486,head,freqblimp_curated,., the,-2.0632288455963135,-2.8757288455963135,0.8125,1
v2|head|inchoative|overlay_subject_tomorrow_s03_windlass|good|roll|1975,head,inchoative,good,roll,windlass,overlay_arg_1_match,overlay_subject_tomorrow_s03,4.75,head,freqblimp_curated,., the,-2.8418164253234863,-3.0918164253234863,0.25,1
v2|head|inchoative|overlay_subject_tomorrow_s03_windlass|good|shrink|1977,head,inchoative,good,shrink,windlass,overlay_arg_1_match,overlay_subject_tomorrow_s03,3.7300000190734863,head,freqblimp_curated,., the,-2.738630771636963,-3.426130771636963,0.6875,1
v2|head|inchoative|overlay_subject_tomorrow_s03_windlass|good|shut|1978,head,inchoative,good,shut,windlass,overlay_arg_1_match,overlay_subject_tomorrow_s03,4.78000020980835,head,freqblimp_curated,., the,-2.4976089000701904,-3.4976089000701904,1.0,1
v2|head|inchoative|overlay_subject_tomorrow_s03_windlass|good|slow|1979,head,inchoative,good,slow,windlass,overlay_arg_1_match,overlay_subject_tomorrow_s03,4.849999904632568,head,freqblimp_curated,., the,-2.509006977081299,-3.196506977081299,0.6875,1
v2|head|inchoative|overlay_subject_tomorrow_s03_windlass|good|soak|1980,head,inchoative,good,soak,windlass,overlay_arg_1_match,overlay_subject_tomorrow_s03,3.609999895095825,head,freqblimp_curated,., the,-3.7909622192382812,-1.7909621000289917,-2.0,0
v2|head|inchoative|overlay_subject_tomorrow_s03_windlass|good|stop|1981,head,inchoative,good,stop,windlass,overlay_arg_1_match,overlay_subject_tomorrow_s03,4.400000095367432,head,freqblimp_curated,., the,-1.929511547088623,-4.179511547088623,2.25,1
v2|head|inchoative|overlay_subject_tomorrow_s03_windlass|good|stretch|1982,head,inchoative,good,stretch,windlass,overlay_arg_1_match,overlay_subject_tomorrow_s03,4.349999904632568,head,freqblimp_curated,., the,-3.605185031890869,-2.417685031890869,-1.1875,0
v2|head|inchoative|overlay_subject_tomorrow_s03_windlass|good|turn|1984,head,inchoative,good,turn,windlass,overlay_arg_1_match,overlay_subject_tomorrow_s03,5.320000171661377,head,freqblimp_curated,., the,-2.1338400840759277,-3.8213400840759277,1.6875,1
v2|head|inchoative|overlay_subject_tomorrow_s03_windlass|good|twist|1985,head,inchoative,good,twist,windlass,overlay_arg_1_match,overlay_subject_tomorrow_s03,4.21999979019165,head,freqblimp_curated,., the,-2.8744893074035645,-2.2494893074035645,-0.625,0
v2|head|inchoative|overlay_subject_tomorrow_s03_windlass|good|warp|1986,head,inchoative,good,warp,windlass,overlay_arg_1_match,overlay_subject_tomorrow_s03,3.630000114440918,head,freqblimp_curated,., the,-2.7966361045837402,-1.3591362237930298,-1.4374998807907104,0
v2|head|inchoative|overlay_subject_tomorrow_s03_windlass|good|worry|1987,head,inchoative,good,worry,windlass,overlay_arg_1_match,overlay_subject_tomorrow_s03,4.840000152587891,head,freqblimp_curated,., the,-2.985875368118286,-2.798375368118286,-0.1875,0
v2|low|causative|overlay_subject_tomorrow_s01_shareholder|bad|abscond|2588,low,causative,bad,abscond,shareholder,overlay_arg_1_match,overlay_subject_tomorrow_s01,2.07,xtail,supplemental_v2_bad_verbs,., the,-2.7846760749816895,-5.3471760749816895,2.5625,1
v2|low|causative|overlay_subject_tomorrow_s01_shareholder|bad|amble|2590,low,causative,bad,amble,shareholder,overlay_arg_1_match,overlay_subject_tomorrow_s01,2.3,low_gap,supplemental_v2_bad_verbs,., the,-5.735852241516113,-5.235852241516113,-0.5,0
v2|low|causative|overlay_subject_tomorrow_s01_shareholder|bad|bicker|2591,low,causative,bad,bicker,shareholder,overlay_arg_1_match,overlay_subject_tomorrow_s01,2.56,tail,supplemental_v2_bad_verbs,., the,-3.504056930541992,-6.629056930541992,3.125,1
v2|low|causative|overlay_subject_tomorrow_s01_shareholder|bad|capitulate|2593,low,causative,bad,capitulate,shareholder,overlay_arg_1_match,overlay_subject_tomorrow_s01,2.5,tail,supplemental_v2_bad_verbs,., the,-1.7682299613952637,-6.455729961395264,4.6875,1
v2|low|causative|overlay_subject_tomorrow_s01_shareholder|bad|cower|2595,low,causative,bad,cower,shareholder,overlay_arg_1_match,overlay_subject_tomorrow_s01,2.55,tail,supplemental_v2_bad_verbs,., the,-3.5588345527648926,-5.933834552764893,2.375,1
v2|low|causative|overlay_subject_tomorrow_s01_shareholder|bad|dither|2598,low,causative,bad,dither,shareholder,overlay_arg_1_match,overlay_subject_tomorrow_s01,2.11,xtail,supplemental_v2_bad_verbs,., the,-2.750143051147461,-5.750143051147461,3.0,1
v2|low|causative|overlay_subject_tomorrow_s01_shareholder|bad|flirt|2599,low,causative,bad,flirt,shareholder,overlay_arg_1_match,overlay_subject_tomorrow_s01,2.8399999141693115,tail,freqblimp_curated,., the,-5.083485126495361,-6.020985126495361,0.9375,1
v2|low|causative|overlay_subject_tomorrow_s01_shareholder|bad|frolic|2600,low,causative,bad,frolic,shareholder,overlay_arg_1_match,overlay_subject_tomorrow_s01,2.68,tail,supplemental_v2_bad_verbs,., the,-4.003793716430664,-4.628793716430664,0.625,1
v2|low|causative|overlay_subject_tomorrow_s01_shareholder|bad|grimace|2602,low,causative,bad,grimace,shareholder,overlay_arg_1_match,overlay_subject_tomorrow_s01,2.61,tail,supplemental_v2_bad_verbs,., the,-1.9597018957138062,-7.147202014923096,5.1875,1
v2|low|causative|overlay_subject_tomorrow_s01_shareholder|bad|hibernate|2604,low,causative,bad,hibernate,shareholder,overlay_arg_1_match,overlay_subject_tomorrow_s01,2.7,tail,supplemental_v2_bad_verbs,., the,-2.034644842147827,-5.534645080566406,3.500000238418579,1
v2|low|causative|overlay_subject_tomorrow_s01_shareholder|bad|hobble|2606,low,causative,bad,hobble,shareholder,overlay_arg_1_match,overlay_subject_tomorrow_s01,2.41,tail,supplemental_v2_bad_verbs,., the,-4.894279479980469,-2.769279718399048,-2.124999761581421,0
v2|low|causative|overlay_subject_tomorrow_s01_shareholder|bad|loiter|2607,low,causative,bad,loiter,shareholder,overlay_arg_1_match,overlay_subject_tomorrow_s01,2.38,low_gap,supplemental_v2_bad_verbs,., the,-4.82956600189209,-5.26706600189209,0.4375,1
v2|low|causative|overlay_subject_tomorrow_s01_shareholder|bad|meander|2608,low,causative,bad,meander,shareholder,overlay_arg_1_match,overlay_subject_tomorrow_s01,2.69,tail,supplemental_v2_bad_verbs,., the,-5.157625675201416,-3.845125675201416,-1.3125,0
v2|low|causative|overlay_subject_tomorrow_s01_shareholder|bad|perspire|2611,low,causative,bad,perspire,shareholder,overlay_arg_1_match,overlay_subject_tomorrow_s01,2.0,xtail,supplemental_v2_bad_verbs,., the,-2.5994534492492676,-4.349453449249268,1.75,1
v2|low|causative|overlay_subject_tomorrow_s01_shareholder|bad|prattle|2612,low,causative,bad,prattle,shareholder,overlay_arg_1_match,overlay_subject_tomorrow_s01,2.18,xtail,supplemental_v2_bad_verbs,., the,-4.602999210357666,-6.477999210357666,1.875,1
v2|low|causative|overlay_subject_tomorrow_s01_shareholder|bad|recline|2614,low,causative,bad,recline,shareholder,overlay_arg_1_match,overlay_subject_tomorrow_s01,2.51,tail,supplemental_v2_bad_verbs,., the,-4.348898887634277,-5.348898887634277,1.0,1
v2|low|causative|overlay_subject_tomorrow_s01_shareholder|bad|retaliate|2615,low,causative,bad,retaliate,shareholder,overlay_arg_1_match,overlay_subject_tomorrow_s01,3.0999999046325684,tail,freqblimp_curated,., the,-2.3049821853637695,-7.5549821853637695,5.25,1
v2|low|causative|overlay_subject_tomorrow_s01_shareholder|bad|saunter|2616,low,causative,bad,saunter,shareholder,overlay_arg_1_match,overlay_subject_tomorrow_s01,2.23,low_gap,supplemental_v2_bad_verbs,., the,-6.508889198303223,-5.571389198303223,-0.9375,0
v2|low|causative|overlay_subject_tomorrow_s01_shareholder|bad|shiver|2617,low,causative,bad,shiver,shareholder,overlay_arg_1_match,overlay_subject_tomorrow_s01,3.05,tail,supplemental_v2_bad_verbs,., the,-2.9688644409179688,-5.656364440917969,2.6875,1
v2|low|causative|overlay_subject_tomorrow_s01_shareholder|bad|snore|2618,low,causative,bad,snore,shareholder,overlay_arg_1_match,overlay_subject_tomorrow_s01,2.76,tail,supplemental_v2_bad_verbs,., the,-2.009286642074585,-5.321786880493164,3.312500238418579,1
v2|low|causative|overlay_subject_tomorrow_s01_shareholder|bad|tremble|2620,low,causative,bad,tremble,shareholder,overlay_arg_1_match,overlay_subject_tomorrow_s01,3.04,tail,supplemental_v2_bad_verbs,., the,-2.554252862930298,-6.429252624511719,3.874999761581421,1
v2|low|causative|overlay_subject_tomorrow_s01_shareholder|bad|wail|2622,low,causative,bad,wail,shareholder,overlay_arg_1_match,overlay_subject_tomorrow_s01,2.9,tail,supplemental_v2_bad_verbs,., the,-2.182913064956665,-5.120412826538086,2.937499761581421,1
v2|low|causative|overlay_subject_tomorrow_s01_shareholder|bad|yawn|2623,low,causative,bad,yawn,shareholder,overlay_arg_1_match,overlay_subject_tomorrow_s01,3.069999933242798,tail,freqblimp_curated,., the,-2.1342320442199707,-6.384232044219971,4.25,1
v2|low|causative|overlay_subject_tomorrow_s01_shareholder|good|blacken|3180,low,causative,good,blacken,shareholder,overlay_arg_1_match,overlay_subject_tomorrow_s01,2.25,low_gap,freqblimp_curated, the,.,-1.5198893547058105,-5.9573893547058105,4.4375,1
v2|low|causative|overlay_subject_tomorrow_s01_shareholder|good|brighten|3181,low,causative,good,brighten,shareholder,overlay_arg_1_match,overlay_subject_tomorrow_s01,2.5999999046325684,tail,freqblimp_curated, the,.,-2.34730863571167,-3.59730863571167,1.25,1
v2|low|causative|overlay_subject_tomorrow_s01_shareholder|good|condense|3184,low,causative,good,condense,shareholder,overlay_arg_1_match,overlay_subject_tomorrow_s01,2.7100000381469727,tail,freqblimp_curated, the,.,-1.3199958801269531,-4.944995880126953,3.625,1
v2|low|causative|overlay_subject_tomorrow_s01_shareholder|good|darken|3186,low,causative,good,darken,shareholder,overlay_arg_1_match,overlay_subject_tomorrow_s01,2.880000114440918,tail,freqblimp_curated, the,.,-0.8114000558853149,-4.686399936676025,3.875,1
v2|low|causative|overlay_subject_tomorrow_s01_shareholder|good|evaporate|3189,low,causative,good,evaporate,shareholder,overlay_arg_1_match,overlay_subject_tomorrow_s01,3.009999990463257,tail,freqblimp_curated, the,.,-5.2444586753845215,-1.744458794593811,-3.5,0
v2|low|causative|overlay_subject_tomorrow_s01_shareholder|good|flatten|3190,low,causative,good,flatten,shareholder,overlay_arg_1_match,overlay_subject_tomorrow_s01,2.9800000190734863,tail,freqblimp_curated, the,.,-1.3240841627120972,-6.324084281921387,5.0,1
v2|low|causative|overlay_subject_tomorrow_s01_shareholder|good|fray|3191,low,causative,good,fray,shareholder,overlay_arg_1_match,overlay_subject_tomorrow_s01,1.7000000476837158,xtail,freqblimp_curated, the,.,-2.278811454772949,-2.903811454772949,0.625,1
v2|low|causative|overlay_subject_tomorrow_s01_shareholder|good|loosen|3193,low,causative,good,loosen,shareholder,overlay_arg_1_match,overlay_subject_tomorrow_s01,2.4200000762939453,tail,freqblimp_curated, the,.,-1.2096761465072632,-5.522176265716553,4.3125,1
v2|low|causative|overlay_subject_tomorrow_s01_shareholder|good|scorch|3194,low,causative,good,scorch,shareholder,overlay_arg_1_match,overlay_subject_tomorrow_s01,2.7300000190734863,tail,freqblimp_curated, the,.,-1.069654941558838,-5.194654941558838,4.125,1
v2|low|causative|overlay_subject_tomorrow_s01_shareholder|good|shatter|3195,low,causative,good,shatter,shareholder,overlay_arg_1_match,overlay_subject_tomorrow_s01,2.799999952316284,tail,freqblimp_curated, the,.,-1.0389349460601807,-3.6014349460601807,2.5625,1
v2|low|causative|overlay_subject_tomorrow_s01_shareholder|good|solidify|3198,low,causative,good,solidify,shareholder,overlay_arg_1_match,overlay_subject_tomorrow_s01,2.990000009536743,tail,freqblimp_curated, the,.,-1.7446893453598022,-5.307189464569092,3.5625,1
v2|low|causative|overlay_subject_tomorrow_s01_shareholder|good|tighten|3199,low,causative,good,tighten,shareholder,overlay_arg_1_match,overlay_subject_tomorrow_s01,2.700000047683716,tail,freqblimp_curated, the,.,-1.2600502967834473,-5.447550296783447,4.1875,1
v2|low|causative|overlay_subject_tomorrow_s01_shareholder|good|vaporize|3201,low,causative,good,vaporize,shareholder,overlay_arg_1_match,overlay_subject_tomorrow_s01,2.4700000286102295,tail,freqblimp_curated, the,.,-2.4630379676818848,-2.4005379676818848,-0.0625,0
v2|low|causative|overlay_subject_tomorrow_s01_shareholder|good|wrinkle|3203,low,causative,good,wrinkle,shareholder,overlay_arg_1_match,overlay_subject_tomorrow_s01,3.119999885559082,tail,freqblimp_curated, the,.,-1.9616483449935913,-4.461648464202881,2.5,1
v2|head|causative|overlay_subject_lab_s01_nativist|bad|appear|23,head,causative,bad,appear,nativist,overlay_arg_1_match,overlay_subject_lab_s01,4.849999904632568,head,freqblimp_curated,., the,-5.877107620239258,-5.814607620239258,-0.0625,0
v2|head|causative|overlay_subject_lab_s01_nativist|bad|arrive|24,head,causative,bad,arrive,nativist,overlay_arg_1_match,overlay_subject_lab_s01,4.380000114440918,head,freqblimp_curated,., the,-4.546346187591553,-6.608846187591553,2.0625,1
v2|head|causative|overlay_subject_lab_s01_nativist|bad|boast|25,head,causative,bad,boast,nativist,overlay_arg_1_match,overlay_subject_lab_s01,3.509999990463257,head,freqblimp_curated,., the,-4.161885738372803,-3.4743857383728027,-0.6875,0
v2|head|causative|overlay_subject_lab_s01_nativist|bad|chat|26,head,causative,bad,chat,nativist,overlay_arg_1_match,overlay_subject_lab_s01,4.570000171661377,head,freqblimp_curated,., the,-6.654144287109375,-6.091644287109375,-0.5625,0
v2|head|causative|overlay_subject_lab_s01_nativist|bad|compete|27,head,causative,bad,compete,nativist,overlay_arg_1_match,overlay_subject_lab_s01,4.389999866485596,head,freqblimp_curated,., the,-5.753765106201172,-6.003765106201172,0.25,1
v2|head|causative|overlay_subject_lab_s01_nativist|bad|complain|28,head,causative,bad,complain,nativist,overlay_arg_1_match,overlay_subject_lab_s01,4.230000019073486,head,freqblimp_curated,., the,-4.151371479034424,-5.588871479034424,1.4375,1
v2|head|causative|overlay_subject_lab_s01_nativist|bad|cough|29,head,causative,bad,cough,nativist,overlay_arg_1_match,overlay_subject_lab_s01,3.950000047683716,head,freqblimp_curated,., the,-3.662127733230591,-4.849627494812012,1.187499761581421,1
v2|head|causative|overlay_subject_lab_s01_nativist|bad|cry|30,head,causative,bad,cry,nativist,overlay_arg_1_match,overlay_subject_lab_s01,4.590000152587891,head,freqblimp_curated,., the,-4.0437164306640625,-4.9187164306640625,0.875,1
v2|head|causative|overlay_subject_lab_s01_nativist|bad|die|31,head,causative,bad,die,nativist,overlay_arg_1_match,overlay_subject_lab_s01,5.070000171661377,head,freqblimp_curated,., the,-1.8050756454467773,-4.742575645446777,2.9375,1
v2|head|causative|overlay_subject_lab_s01_nativist|bad|disagree|32,head,causative,bad,disagree,nativist,overlay_arg_1_match,overlay_subject_lab_s01,4.090000152587891,head,freqblimp_curated,., the,-2.8913865089416504,-7.64138650894165,4.75,1
v2|head|causative|overlay_subject_lab_s01_nativist|bad|disappear|33,head,causative,bad,disappear,nativist,overlay_arg_1_match,overlay_subject_lab_s01,4.090000152587891,head,freqblimp_curated,., the,-1.8304309844970703,-5.45543098449707,3.625,1
v2|head|causative|overlay_subject_lab_s01_nativist|bad|exist|34,head,causative,bad,exist,nativist,overlay_arg_1_match,overlay_subject_lab_s01,4.730000019073486,head,freqblimp_curated,., the,-4.006350040435791,-6.631350040435791,2.625,1
v2|head|causative|overlay_subject_lab_s01_nativist|bad|laugh|36,head,causative,bad,laugh,nativist,overlay_arg_1_match,overlay_subject_lab_s01,4.659999847412109,head,freqblimp_curated,., the,-2.6448659896850586,-5.519865989685059,2.875,1
v2|head|causative|overlay_subject_lab_s01_nativist|bad|lie|37,head,causative,bad,lie,nativist,overlay_arg_1_match,overlay_subject_lab_s01,4.840000152587891,head,freqblimp_curated,., the,-2.6362414360046387,-5.948741436004639,3.3125,1
v2|head|causative|overlay_subject_lab_s01_nativist|bad|react|38,head,causative,bad,react,nativist,overlay_arg_1_match,overlay_subject_lab_s01,4.159999847412109,head,freqblimp_curated,., the,-4.505212306976318,-4.630212306976318,0.125,1
v2|head|causative|overlay_subject_lab_s01_nativist|bad|reply|39,head,causative,bad,reply,nativist,overlay_arg_1_match,overlay_subject_lab_s01,4.5,head,freqblimp_curated,., the,-4.701192855834961,-6.638692855834961,1.9375,1
v2|head|causative|overlay_subject_lab_s01_nativist|bad|respond|40,head,causative,bad,respond,nativist,overlay_arg_1_match,overlay_subject_lab_s01,4.53000020980835,head,freqblimp_curated,., the,-5.892240047454834,-5.829740047454834,-0.0625,0
v2|head|causative|overlay_subject_lab_s01_nativist|bad|scream|41,head,causative,bad,scream,nativist,overlay_arg_1_match,overlay_subject_lab_s01,4.139999866485596,head,freqblimp_curated,., the,-3.521974563598633,-4.584474563598633,1.0625,1
v2|head|causative|overlay_subject_lab_s01_nativist|bad|smile|42,head,causative,bad,smile,nativist,overlay_arg_1_match,overlay_subject_lab_s01,4.639999866485596,head,freqblimp_curated,., the,-3.3765337467193604,-5.689033508300781,2.312499761581421,1
v2|head|causative|overlay_subject_lab_s01_nativist|bad|struggle|43,head,causative,bad,struggle,nativist,overlay_arg_1_match,overlay_subject_lab_s01,4.619999885559082,head,freqblimp_curated,., the,-4.0194244384765625,-6.7694244384765625,2.75,1
v2|head|causative|overlay_subject_lab_s01_nativist|bad|testify|44,head,causative,bad,testify,nativist,overlay_arg_1_match,overlay_subject_lab_s01,3.8399999141693115,head,freqblimp_curated,., the,-4.2127556800842285,-5.5252556800842285,1.3125,1
v2|head|causative|overlay_subject_lab_s01_nativist|bad|vanish|45,head,causative,bad,vanish,nativist,overlay_arg_1_match,overlay_subject_lab_s01,3.7200000286102295,head,freqblimp_curated,., the,-2.065610885620117,-5.190610885620117,3.125,1
v2|head|causative|overlay_subject_lab_s02_naturalist|bad|appear|46,head,causative,bad,appear,naturalist,overlay_arg_1_match,overlay_subject_lab_s02,4.849999904632568,head,freqblimp_curated,., the,-5.974267482757568,-5.661767482757568,-0.3125,0
v2|head|causative|overlay_subject_lab_s02_naturalist|bad|arrive|47,head,causative,bad,arrive,naturalist,overlay_arg_1_match,overlay_subject_lab_s02,4.380000114440918,head,freqblimp_curated,., the,-5.996460914611816,-6.746460914611816,0.75,1
v2|head|causative|overlay_subject_lab_s02_naturalist|bad|boast|48,head,causative,bad,boast,naturalist,overlay_arg_1_match,overlay_subject_lab_s02,3.509999990463257,head,freqblimp_curated,., the,-4.755256652832031,-3.2552566528320312,-1.5,0
v2|head|causative|overlay_subject_lab_s02_naturalist|bad|chat|49,head,causative,bad,chat,naturalist,overlay_arg_1_match,overlay_subject_lab_s02,4.570000171661377,head,freqblimp_curated,., the,-6.988681316375732,-7.426181316375732,0.4375,1
v2|head|causative|overlay_subject_lab_s02_naturalist|bad|compete|50,head,causative,bad,compete,naturalist,overlay_arg_1_match,overlay_subject_lab_s02,4.389999866485596,head,freqblimp_curated,., the,-6.057776927947998,-6.182776927947998,0.125,1
v2|head|causative|overlay_subject_lab_s02_naturalist|bad|complain|51,head,causative,bad,complain,naturalist,overlay_arg_1_match,overlay_subject_lab_s02,4.230000019073486,head,freqblimp_curated,., the,-4.287461280822754,-5.724961280822754,1.4375,1
v2|head|causative|overlay_subject_lab_s02_naturalist|bad|cough|52,head,causative,bad,cough,naturalist,overlay_arg_1_match,overlay_subject_lab_s02,3.950000047683716,head,freqblimp_curated,., the,-4.902795791625977,-3.5902957916259766,-1.3125,0
v2|head|causative|overlay_subject_lab_s02_naturalist|bad|cry|53,head,causative,bad,cry,naturalist,overlay_arg_1_match,overlay_subject_lab_s02,4.590000152587891,head,freqblimp_curated,., the,-3.946458578109741,-4.50895881652832,0.5625002384185791,1
v2|head|causative|overlay_subject_lab_s02_naturalist|bad|die|54,head,causative,bad,die,naturalist,overlay_arg_1_match,overlay_subject_lab_s02,5.070000171661377,head,freqblimp_curated,., the,-1.6839920282363892,-4.8089919090271,3.125,1
v2|head|causative|overlay_subject_lab_s02_naturalist|bad|disagree|55,head,causative,bad,disagree,naturalist,overlay_arg_1_match,overlay_subject_lab_s02,4.090000152587891,head,freqblimp_curated,., the,-3.13232684135437,-7.694826602935791,4.5625,1
v2|head|causative|overlay_subject_lab_s02_naturalist|bad|disappear|56,head,causative,bad,disappear,naturalist,overlay_arg_1_match,overlay_subject_lab_s02,4.090000152587891,head,freqblimp_curated,., the,-2.60107159614563,-4.976071357727051,2.374999761581421,1
v2|head|causative|overlay_subject_lab_s02_naturalist|bad|exist|57,head,causative,bad,exist,naturalist,overlay_arg_1_match,overlay_subject_lab_s02,4.730000019073486,head,freqblimp_curated,., the,-4.3889970779418945,-6.1389970779418945,1.75,1
v2|head|causative|overlay_subject_lab_s02_naturalist|bad|laugh|59,head,causative,bad,laugh,naturalist,overlay_arg_1_match,overlay_subject_lab_s02,4.659999847412109,head,freqblimp_curated,., the,-3.045926094055176,-5.608426094055176,2.5625,1
v2|head|causative|overlay_subject_lab_s02_naturalist|bad|lie|60,head,causative,bad,lie,naturalist,overlay_arg_1_match,overlay_subject_lab_s02,4.840000152587891,head,freqblimp_curated,., the,-6.295825958251953,-6.483325958251953,0.1875,1
v2|head|causative|overlay_subject_lab_s02_naturalist|bad|react|61,head,causative,bad,react,naturalist,overlay_arg_1_match,overlay_subject_lab_s02,4.159999847412109,head,freqblimp_curated,., the,-6.131259918212891,-3.9437599182128906,-2.1875,0
v2|head|causative|overlay_subject_lab_s02_naturalist|bad|reply|62,head,causative,bad,reply,naturalist,overlay_arg_1_match,overlay_subject_lab_s02,4.5,head,freqblimp_curated,., the,-4.878054618835449,-5.940554618835449,1.0625,1
v2|head|causative|overlay_subject_lab_s02_naturalist|bad|respond|63,head,causative,bad,respond,naturalist,overlay_arg_1_match,overlay_subject_lab_s02,4.53000020980835,head,freqblimp_curated,., the,-5.385429859161377,-6.010429859161377,0.625,1
v2|head|causative|overlay_subject_lab_s02_naturalist|bad|scream|64,head,causative,bad,scream,naturalist,overlay_arg_1_match,overlay_subject_lab_s02,4.139999866485596,head,freqblimp_curated,., the,-3.0921852588653564,-4.779685020446777,1.687499761581421,1
v2|head|causative|overlay_subject_lab_s02_naturalist|bad|smile|65,head,causative,bad,smile,naturalist,overlay_arg_1_match,overlay_subject_lab_s02,4.639999866485596,head,freqblimp_curated,., the,-3.677823543548584,-5.927823543548584,2.25,1
v2|head|causative|overlay_subject_lab_s02_naturalist|bad|struggle|66,head,causative,bad,struggle,naturalist,overlay_arg_1_match,overlay_subject_lab_s02,4.619999885559082,head,freqblimp_curated,., the,-4.851694107055664,-7.664194107055664,2.8125,1
v2|head|causative|overlay_subject_lab_s02_naturalist|bad|testify|67,head,causative,bad,testify,naturalist,overlay_arg_1_match,overlay_subject_lab_s02,3.8399999141693115,head,freqblimp_curated,., the,-5.3634796142578125,-5.7384796142578125,0.375,1
v2|head|causative|overlay_subject_lab_s02_naturalist|bad|vanish|68,head,causative,bad,vanish,naturalist,overlay_arg_1_match,overlay_subject_lab_s02,3.7200000286102295,head,freqblimp_curated,., the,-2.451626777648926,-4.201626777648926,1.75,1
v2|head|causative|overlay_subject_lab_s03_naturist|bad|appear|69,head,causative,bad,appear,naturist,overlay_arg_1_match,overlay_subject_lab_s03,4.849999904632568,head,freqblimp_curated,., the,-6.526800632476807,-5.214300632476807,-1.3125,0
v2|head|causative|overlay_subject_lab_s03_naturist|bad|arrive|70,head,causative,bad,arrive,naturist,overlay_arg_1_match,overlay_subject_lab_s03,4.380000114440918,head,freqblimp_curated,., the,-5.7721710205078125,-6.8971710205078125,1.125,1
v2|head|causative|overlay_subject_lab_s03_naturist|bad|boast|71,head,causative,bad,boast,naturist,overlay_arg_1_match,overlay_subject_lab_s03,3.509999990463257,head,freqblimp_curated,., the,-4.833950519561768,-3.2714505195617676,-1.5625,0
v2|head|causative|overlay_subject_lab_s03_naturist|bad|chat|72,head,causative,bad,chat,naturist,overlay_arg_1_match,overlay_subject_lab_s03,4.570000171661377,head,freqblimp_curated,., the,-5.906685829162598,-6.156685829162598,0.25,1
v2|head|causative|overlay_subject_lab_s03_naturist|bad|compete|73,head,causative,bad,compete,naturist,overlay_arg_1_match,overlay_subject_lab_s03,4.389999866485596,head,freqblimp_curated,., the,-5.795829772949219,-6.108329772949219,0.3125,1
v2|head|causative|overlay_subject_lab_s03_naturist|bad|complain|74,head,causative,bad,complain,naturist,overlay_arg_1_match,overlay_subject_lab_s03,4.230000019073486,head,freqblimp_curated,., the,-4.160330772399902,-5.285330772399902,1.125,1
v2|head|causative|overlay_subject_lab_s03_naturist|bad|cough|75,head,causative,bad,cough,naturist,overlay_arg_1_match,overlay_subject_lab_s03,3.950000047683716,head,freqblimp_curated,., the,-4.08009672164917,-4.95509672164917,0.875,1
v2|head|causative|overlay_subject_lab_s03_naturist|bad|cry|76,head,causative,bad,cry,naturist,overlay_arg_1_match,overlay_subject_lab_s03,4.590000152587891,head,freqblimp_curated,., the,-3.440812110900879,-5.003312110900879,1.5625,1
v2|head|causative|overlay_subject_lab_s03_naturist|bad|die|77,head,causative,bad,die,naturist,overlay_arg_1_match,overlay_subject_lab_s03,5.070000171661377,head,freqblimp_curated,., the,-1.8674705028533936,-4.867470741271973,3.000000238418579,1
v2|head|causative|overlay_subject_lab_s03_naturist|bad|disagree|78,head,causative,bad,disagree,naturist,overlay_arg_1_match,overlay_subject_lab_s03,4.090000152587891,head,freqblimp_curated,., the,-2.580254077911377,-7.267754077911377,4.6875,1
v2|head|causative|overlay_subject_lab_s03_naturist|bad|disappear|79,head,causative,bad,disappear,naturist,overlay_arg_1_match,overlay_subject_lab_s03,4.090000152587891,head,freqblimp_curated,., the,-2.802126884460449,-5.552126884460449,2.75,1
v2|head|causative|overlay_subject_lab_s03_naturist|bad|exist|80,head,causative,bad,exist,naturist,overlay_arg_1_match,overlay_subject_lab_s03,4.730000019073486,head,freqblimp_curated,., the,-3.7475008964538574,-5.747500896453857,2.0,1
v2|head|causative|overlay_subject_lab_s03_naturist|bad|laugh|82,head,causative,bad,laugh,naturist,overlay_arg_1_match,overlay_subject_lab_s03,4.659999847412109,head,freqblimp_curated,., the,-3.142153263092041,-5.704653263092041,2.5625,1
v2|head|causative|overlay_subject_lab_s03_naturist|bad|lie|83,head,causative,bad,lie,naturist,overlay_arg_1_match,overlay_subject_lab_s03,4.840000152587891,head,freqblimp_curated,., the,-6.866122245788574,-7.428622245788574,0.5625,1
v2|head|causative|overlay_subject_lab_s03_naturist|bad|react|84,head,causative,bad,react,naturist,overlay_arg_1_match,overlay_subject_lab_s03,4.159999847412109,head,freqblimp_curated,., the,-4.801615238189697,-3.3016152381896973,-1.5,0
v2|head|causative|overlay_subject_lab_s03_naturist|bad|reply|85,head,causative,bad,reply,naturist,overlay_arg_1_match,overlay_subject_lab_s03,4.5,head,freqblimp_curated,., the,-5.020262718200684,-5.707762718200684,0.6875,1
v2|head|causative|overlay_subject_lab_s03_naturist|bad|respond|86,head,causative,bad,respond,naturist,overlay_arg_1_match,overlay_subject_lab_s03,4.53000020980835,head,freqblimp_curated,., the,-5.597723960876465,-4.597723960876465,-1.0,0
v2|head|causative|overlay_subject_lab_s03_naturist|bad|scream|87,head,causative,bad,scream,naturist,overlay_arg_1_match,overlay_subject_lab_s03,4.139999866485596,head,freqblimp_curated,., the,-3.002842903137207,-4.815342903137207,1.8125,1
v2|head|causative|overlay_subject_lab_s03_naturist|bad|smile|88,head,causative,bad,smile,naturist,overlay_arg_1_match,overlay_subject_lab_s03,4.639999866485596,head,freqblimp_curated,., the,-3.522735118865967,-5.585235118865967,2.0625,1
v2|head|causative|overlay_subject_lab_s03_naturist|bad|struggle|89,head,causative,bad,struggle,naturist,overlay_arg_1_match,overlay_subject_lab_s03,4.619999885559082,head,freqblimp_curated,., the,-4.033393859863281,-6.283393859863281,2.25,1
v2|head|causative|overlay_subject_lab_s03_naturist|bad|testify|90,head,causative,bad,testify,naturist,overlay_arg_1_match,overlay_subject_lab_s03,3.8399999141693115,head,freqblimp_curated,., the,-4.539869785308838,-4.789869785308838,0.25,1
v2|head|causative|overlay_subject_lab_s03_naturist|bad|vanish|91,head,causative,bad,vanish,naturist,overlay_arg_1_match,overlay_subject_lab_s03,3.7200000286102295,head,freqblimp_curated,., the,-2.3783721923828125,-5.0658721923828125,2.6875,1
v2|head|causative|overlay_subject_visit_s00_urd|bad|appear|92,head,causative,bad,appear,urd,overlay_arg_1_match,overlay_subject_visit_s00,4.849999904632568,head,freqblimp_curated,., the,-3.0610013008117676,-5.061001300811768,2.0,1
v2|head|causative|overlay_subject_visit_s00_urd|bad|arrive|93,head,causative,bad,arrive,urd,overlay_arg_1_match,overlay_subject_visit_s00,4.380000114440918,head,freqblimp_curated,., the,-3.5374040603637695,-4.2249040603637695,0.6875,1
v2|head|causative|overlay_subject_visit_s00_urd|bad|boast|94,head,causative,bad,boast,urd,overlay_arg_1_match,overlay_subject_visit_s00,3.509999990463257,head,freqblimp_curated,., the,-4.990145683288574,-2.740145444869995,-2.250000238418579,0
v2|head|causative|overlay_subject_visit_s00_urd|bad|chat|95,head,causative,bad,chat,urd,overlay_arg_1_match,overlay_subject_visit_s00,4.570000171661377,head,freqblimp_curated,., the,-4.6929216384887695,-5.4429216384887695,0.75,1
v2|head|causative|overlay_subject_visit_s00_urd|bad|compete|96,head,causative,bad,compete,urd,overlay_arg_1_match,overlay_subject_visit_s00,4.389999866485596,head,freqblimp_curated,., the,-4.899651527404785,-3.649651527404785,-1.25,0
v2|head|causative|overlay_subject_visit_s00_urd|bad|complain|97,head,causative,bad,complain,urd,overlay_arg_1_match,overlay_subject_visit_s00,4.230000019073486,head,freqblimp_curated,., the,-3.940680503845215,-4.378180503845215,0.4375,1
v2|head|causative|overlay_subject_visit_s00_urd|bad|cough|98,head,causative,bad,cough,urd,overlay_arg_1_match,overlay_subject_visit_s00,3.950000047683716,head,freqblimp_curated,., the,-3.242568016052246,-4.055068016052246,0.8125,1
v2|head|causative|overlay_subject_visit_s00_urd|bad|cry|99,head,causative,bad,cry,urd,overlay_arg_1_match,overlay_subject_visit_s00,4.590000152587891,head,freqblimp_curated,., the,-3.0959579944610596,-4.7834577560424805,1.687499761581421,1
v2|head|causative|overlay_subject_visit_s00_urd|bad|die|100,head,causative,bad,die,urd,overlay_arg_1_match,overlay_subject_visit_s00,5.070000171661377,head,freqblimp_curated,., the,-1.6208553314208984,-5.620855331420898,4.0,1
v2|head|causative|overlay_subject_visit_s00_urd|bad|disagree|101,head,causative,bad,disagree,urd,overlay_arg_1_match,overlay_subject_visit_s00,4.090000152587891,head,freqblimp_curated,., the,-2.9540839195251465,-4.5165839195251465,1.5625,1
v2|head|causative|overlay_subject_visit_s00_urd|bad|disappear|102,head,causative,bad,disappear,urd,overlay_arg_1_match,overlay_subject_visit_s00,4.090000152587891,head,freqblimp_curated,., the,-1.9809036254882812,-5.730903625488281,3.75,1
v2|head|causative|overlay_subject_visit_s00_urd|bad|exist|103,head,causative,bad,exist,urd,overlay_arg_1_match,overlay_subject_visit_s00,4.730000019073486,head,freqblimp_curated,., the,-2.9722719192504883,-4.784771919250488,1.8125,1
v2|head|causative|overlay_subject_visit_s00_urd|bad|laugh|105,head,causative,bad,laugh,urd,overlay_arg_1_match,overlay_subject_visit_s00,4.659999847412109,head,freqblimp_curated,., the,-3.114339828491211,-5.614339828491211,2.5,1
v2|head|causative|overlay_subject_visit_s00_urd|bad|lie|106,head,causative,bad,lie,urd,overlay_arg_1_match,overlay_subject_visit_s00,4.840000152587891,head,freqblimp_curated,., the,-4.958983421325684,-5.708983421325684,0.75,1
v2|head|causative|overlay_subject_visit_s00_urd|bad|react|107,head,causative,bad,react,urd,overlay_arg_1_match,overlay_subject_visit_s00,4.159999847412109,head,freqblimp_curated,., the,-3.740877389907837,-4.615877151489258,0.8749997615814209,1
v2|head|causative|overlay_subject_visit_s00_urd|bad|reply|108,head,causative,bad,reply,urd,overlay_arg_1_match,overlay_subject_visit_s00,4.5,head,freqblimp_curated,., the,-3.8318238258361816,-3.7693238258361816,-0.0625,0
v2|head|causative|overlay_subject_visit_s00_urd|bad|respond|109,head,causative,bad,respond,urd,overlay_arg_1_match,overlay_subject_visit_s00,4.53000020980835,head,freqblimp_curated,., the,-3.783238410949707,-4.533238410949707,0.75,1
v2|head|causative|overlay_subject_visit_s00_urd|bad|scream|110,head,causative,bad,scream,urd,overlay_arg_1_match,overlay_subject_visit_s00,4.139999866485596,head,freqblimp_curated,., the,-3.3091421127319336,-4.309142112731934,1.0,1
v2|head|causative|overlay_subject_visit_s00_urd|bad|smile|111,head,causative,bad,smile,urd,overlay_arg_1_match,overlay_subject_visit_s00,4.639999866485596,head,freqblimp_curated,., the,-2.807206630706787,-5.869706630706787,3.0625,1
v2|head|causative|overlay_subject_visit_s00_urd|bad|struggle|112,head,causative,bad,struggle,urd,overlay_arg_1_match,overlay_subject_visit_s00,4.619999885559082,head,freqblimp_curated,., the,-4.3148417472839355,-5.0648417472839355,0.75,1
v2|head|causative|overlay_subject_visit_s00_urd|bad|testify|113,head,causative,bad,testify,urd,overlay_arg_1_match,overlay_subject_visit_s00,3.8399999141693115,head,freqblimp_curated,., the,-3.552582263946533,-4.115082263946533,0.5625,1
v2|head|causative|overlay_subject_visit_s00_urd|bad|vanish|114,head,causative,bad,vanish,urd,overlay_arg_1_match,overlay_subject_visit_s00,3.7200000286102295,head,freqblimp_curated,., the,-1.926918387413025,-5.7394185066223145,3.8125,1
v2|head|causative|overlay_subject_visit_s01_urinator|bad|appear|115,head,causative,bad,appear,urinator,overlay_arg_1_match,overlay_subject_visit_s01,4.849999904632568,head,freqblimp_curated,., the,-4.92378568649292,-5.11128568649292,0.1875,1
v2|head|causative|overlay_subject_visit_s01_urinator|bad|arrive|116,head,causative,bad,arrive,urinator,overlay_arg_1_match,overlay_subject_visit_s01,4.380000114440918,head,freqblimp_curated,., the,-4.840637683868408,-4.653137683868408,-0.1875,0
v2|head|causative|overlay_subject_visit_s01_urinator|bad|boast|117,head,causative,bad,boast,urinator,overlay_arg_1_match,overlay_subject_visit_s01,3.509999990463257,head,freqblimp_curated,., the,-5.804314613342285,-3.116814613342285,-2.6875,0
v2|head|causative|overlay_subject_visit_s01_urinator|bad|chat|118,head,causative,bad,chat,urinator,overlay_arg_1_match,overlay_subject_visit_s01,4.570000171661377,head,freqblimp_curated,., the,-6.532177448272705,-5.532177448272705,-1.0,0
v2|head|causative|overlay_subject_visit_s01_urinator|bad|compete|119,head,causative,bad,compete,urinator,overlay_arg_1_match,overlay_subject_visit_s01,4.389999866485596,head,freqblimp_curated,., the,-6.2363386154174805,-4.7988386154174805,-1.4375,0
v2|head|causative|overlay_subject_visit_s01_urinator|bad|complain|120,head,causative,bad,complain,urinator,overlay_arg_1_match,overlay_subject_visit_s01,4.230000019073486,head,freqblimp_curated,., the,-5.258721351623535,-5.133721351623535,-0.125,0
v2|head|causative|overlay_subject_visit_s01_urinator|bad|cough|121,head,causative,bad,cough,urinator,overlay_arg_1_match,overlay_subject_visit_s01,3.950000047683716,head,freqblimp_curated,., the,-3.9805452823638916,-4.1055450439453125,0.1249997615814209,1
v2|head|causative|overlay_subject_visit_s01_urinator|bad|cry|122,head,causative,bad,cry,urinator,overlay_arg_1_match,overlay_subject_visit_s01,4.590000152587891,head,freqblimp_curated,., the,-2.774444818496704,-5.149444580078125,2.374999761581421,1
v2|head|causative|overlay_subject_visit_s01_urinator|bad|die|123,head,causative,bad,die,urinator,overlay_arg_1_match,overlay_subject_visit_s01,5.070000171661377,head,freqblimp_curated,., the,-1.5930707454681396,-5.718070983886719,4.125,1
v2|head|causative|overlay_subject_visit_s01_urinator|bad|disagree|124,head,causative,bad,disagree,urinator,overlay_arg_1_match,overlay_subject_visit_s01,4.090000152587891,head,freqblimp_curated,., the,-3.292266368865967,-5.667266368865967,2.375,1
v2|head|causative|overlay_subject_visit_s01_urinator|bad|disappear|125,head,causative,bad,disappear,urinator,overlay_arg_1_match,overlay_subject_visit_s01,4.090000152587891,head,freqblimp_curated,., the,-2.5001046657562256,-5.250104904174805,2.750000238418579,1
v2|head|causative|overlay_subject_visit_s01_urinator|bad|exist|126,head,causative,bad,exist,urinator,overlay_arg_1_match,overlay_subject_visit_s01,4.730000019073486,head,freqblimp_curated,., the,-4.139869213104248,-4.327369213104248,0.1875,1
v2|head|causative|overlay_subject_visit_s01_urinator|bad|laugh|128,head,causative,bad,laugh,urinator,overlay_arg_1_match,overlay_subject_visit_s01,4.659999847412109,head,freqblimp_curated,., the,-3.1343963146209717,-5.571896553039551,2.437500238418579,1
v2|head|causative|overlay_subject_visit_s01_urinator|bad|lie|129,head,causative,bad,lie,urinator,overlay_arg_1_match,overlay_subject_visit_s01,4.840000152587891,head,freqblimp_curated,., the,-7.8542680740356445,-6.4792680740356445,-1.375,0
v2|head|causative|overlay_subject_visit_s01_urinator|bad|react|130,head,causative,bad,react,urinator,overlay_arg_1_match,overlay_subject_visit_s01,4.159999847412109,head,freqblimp_curated,., the,-4.9399614334106445,-4.6274614334106445,-0.3125,0
v2|head|causative|overlay_subject_visit_s01_urinator|bad|reply|131,head,causative,bad,reply,urinator,overlay_arg_1_match,overlay_subject_visit_s01,4.5,head,freqblimp_curated,., the,-4.956208229064941,-3.6437084674835205,-1.312499761581421,0
v2|head|causative|overlay_subject_visit_s01_urinator|bad|respond|132,head,causative,bad,respond,urinator,overlay_arg_1_match,overlay_subject_visit_s01,4.53000020980835,head,freqblimp_curated,., the,-5.186903953552246,-4.936903953552246,-0.25,0
v2|head|causative|overlay_subject_visit_s01_urinator|bad|scream|133,head,causative,bad,scream,urinator,overlay_arg_1_match,overlay_subject_visit_s01,4.139999866485596,head,freqblimp_curated,., the,-4.018298625946045,-4.643298625946045,0.625,1
v2|head|causative|overlay_subject_visit_s01_urinator|bad|smile|134,head,causative,bad,smile,urinator,overlay_arg_1_match,overlay_subject_visit_s01,4.639999866485596,head,freqblimp_curated,., the,-3.3629984855651855,-5.5504984855651855,2.1875,1
v2|head|causative|overlay_subject_visit_s01_urinator|bad|struggle|135,head,causative,bad,struggle,urinator,overlay_arg_1_match,overlay_subject_visit_s01,4.619999885559082,head,freqblimp_curated,., the,-5.390679359436035,-6.328179359436035,0.9375,1
v2|head|causative|overlay_subject_visit_s01_urinator|bad|testify|136,head,causative,bad,testify,urinator,overlay_arg_1_match,overlay_subject_visit_s01,3.8399999141693115,head,freqblimp_curated,., the,-4.230227470397949,-4.980227470397949,0.75,1
v2|head|causative|overlay_subject_visit_s01_urinator|bad|vanish|137,head,causative,bad,vanish,urinator,overlay_arg_1_match,overlay_subject_visit_s01,3.7200000286102295,head,freqblimp_curated,., the,-2.1765456199645996,-4.9890456199646,2.8125,1
v2|head|causative|overlay_subject_visit_s03_urth|bad|appear|161,head,causative,bad,appear,urth,overlay_arg_1_match,overlay_subject_visit_s03,4.849999904632568,head,freqblimp_curated,., the,-3.343653917312622,-5.156153678894043,1.812499761581421,1
v2|head|causative|overlay_subject_visit_s03_urth|bad|arrive|162,head,causative,bad,arrive,urth,overlay_arg_1_match,overlay_subject_visit_s03,4.380000114440918,head,freqblimp_curated,., the,-3.9494898319244385,-4.699489593505859,0.7499997615814209,1
v2|head|causative|overlay_subject_visit_s03_urth|bad|boast|163,head,causative,bad,boast,urth,overlay_arg_1_match,overlay_subject_visit_s03,3.509999990463257,head,freqblimp_curated,., the,-5.239386558532715,-2.551886558532715,-2.6875,0
v2|head|causative|overlay_subject_visit_s03_urth|bad|chat|164,head,causative,bad,chat,urth,overlay_arg_1_match,overlay_subject_visit_s03,4.570000171661377,head,freqblimp_curated,., the,-4.565859317779541,-6.065859317779541,1.5,1
v2|head|causative|overlay_subject_visit_s03_urth|bad|compete|165,head,causative,bad,compete,urth,overlay_arg_1_match,overlay_subject_visit_s03,4.389999866485596,head,freqblimp_curated,., the,-5.320234298706055,-3.945234537124634,-1.374999761581421,0
v2|head|causative|overlay_subject_visit_s03_urth|bad|complain|166,head,causative,bad,complain,urth,overlay_arg_1_match,overlay_subject_visit_s03,4.230000019073486,head,freqblimp_curated,., the,-4.031696319580078,-4.531696319580078,0.5,1
v2|head|causative|overlay_subject_visit_s03_urth|bad|cough|167,head,causative,bad,cough,urth,overlay_arg_1_match,overlay_subject_visit_s03,3.950000047683716,head,freqblimp_curated,., the,-3.762497663497925,-4.199997901916504,0.4375002384185791,1
v2|head|causative|overlay_subject_visit_s03_urth|bad|cry|168,head,causative,bad,cry,urth,overlay_arg_1_match,overlay_subject_visit_s03,4.590000152587891,head,freqblimp_curated,., the,-3.123960018157959,-4.748960018157959,1.625,1
v2|head|causative|overlay_subject_visit_s03_urth|bad|die|169,head,causative,bad,die,urth,overlay_arg_1_match,overlay_subject_visit_s03,5.070000171661377,head,freqblimp_curated,., the,-1.703667402267456,-5.578667640686035,3.875000238418579,1
v2|head|causative|overlay_subject_visit_s03_urth|bad|disagree|170,head,causative,bad,disagree,urth,overlay_arg_1_match,overlay_subject_visit_s03,4.090000152587891,head,freqblimp_curated,., the,-2.7796154022216797,-4.59211540222168,1.8125,1
v2|head|causative|overlay_subject_visit_s03_urth|bad|disappear|171,head,causative,bad,disappear,urth,overlay_arg_1_match,overlay_subject_visit_s03,4.090000152587891,head,freqblimp_curated,., the,-2.022407293319702,-6.209907531738281,4.1875,1
v2|head|causative|overlay_subject_visit_s03_urth|bad|exist|172,head,causative,bad,exist,urth,overlay_arg_1_match,overlay_subject_visit_s03,4.730000019073486,head,freqblimp_curated,., the,-2.840391159057617,-5.340391159057617,2.5,1
v2|head|causative|overlay_subject_visit_s03_urth|bad|laugh|174,head,causative,bad,laugh,urth,overlay_arg_1_match,overlay_subject_visit_s03,4.659999847412109,head,freqblimp_curated,., the,-3.132725238800049,-5.695225238800049,2.5625,1
v2|head|causative|overlay_subject_visit_s03_urth|bad|lie|175,head,causative,bad,lie,urth,overlay_arg_1_match,overlay_subject_visit_s03,4.840000152587891,head,freqblimp_curated,., the,-5.503811836242676,-5.378811836242676,-0.125,0
v2|head|causative|overlay_subject_visit_s03_urth|bad|react|176,head,causative,bad,react,urth,overlay_arg_1_match,overlay_subject_visit_s03,4.159999847412109,head,freqblimp_curated,., the,-3.594864845275879,-4.594864845275879,1.0,1
v2|head|causative|overlay_subject_visit_s03_urth|bad|reply|177,head,causative,bad,reply,urth,overlay_arg_1_match,overlay_subject_visit_s03,4.5,head,freqblimp_curated,., the,-3.752748727798462,-3.502748727798462,-0.25,0
v2|head|causative|overlay_subject_visit_s03_urth|bad|respond|178,head,causative,bad,respond,urth,overlay_arg_1_match,overlay_subject_visit_s03,4.53000020980835,head,freqblimp_curated,., the,-3.6444969177246094,-4.331996917724609,0.6875,1
v2|head|causative|overlay_subject_visit_s03_urth|bad|scream|179,head,causative,bad,scream,urth,overlay_arg_1_match,overlay_subject_visit_s03,4.139999866485596,head,freqblimp_curated,., the,-3.2748465538024902,-4.14984655380249,0.875,1
v2|head|causative|overlay_subject_visit_s03_urth|bad|smile|180,head,causative,bad,smile,urth,overlay_arg_1_match,overlay_subject_visit_s03,4.639999866485596,head,freqblimp_curated,., the,-2.6656367778778076,-5.353137016296387,2.687500238418579,1
v2|head|causative|overlay_subject_visit_s03_urth|bad|struggle|181,head,causative,bad,struggle,urth,overlay_arg_1_match,overlay_subject_visit_s03,4.619999885559082,head,freqblimp_curated,., the,-4.088157653808594,-5.650657653808594,1.5625,1
v2|head|causative|overlay_subject_visit_s03_urth|bad|testify|182,head,causative,bad,testify,urth,overlay_arg_1_match,overlay_subject_visit_s03,3.8399999141693115,head,freqblimp_curated,., the,-3.5736684799194336,-4.323668479919434,0.75,1
v2|head|causative|overlay_subject_visit_s03_urth|bad|vanish|183,head,causative,bad,vanish,urth,overlay_arg_1_match,overlay_subject_visit_s03,3.7200000286102295,head,freqblimp_curated,., the,-1.8691459894180298,-6.36914587020874,4.5,1
v2|head|causative|overlay_subject_check_s02_ragpicker|bad|appear|230,head,causative,bad,appear,ragpicker,overlay_arg_1_match,overlay_subject_check_s02,4.849999904632568,head,freqblimp_curated,., the,-4.409128189086914,-4.909128189086914,0.5,1
v2|head|causative|overlay_subject_check_s02_ragpicker|bad|arrive|231,head,causative,bad,arrive,ragpicker,overlay_arg_1_match,overlay_subject_check_s02,4.380000114440918,head,freqblimp_curated,., the,-5.02227783203125,-7.02227783203125,2.0,1
v2|head|causative|overlay_subject_check_s02_ragpicker|bad|boast|232,head,causative,bad,boast,ragpicker,overlay_arg_1_match,overlay_subject_check_s02,3.509999990463257,head,freqblimp_curated,., the,-5.7053914070129395,-4.1428914070129395,-1.5625,0
v2|head|causative|overlay_subject_check_s02_ragpicker|bad|chat|233,head,causative,bad,chat,ragpicker,overlay_arg_1_match,overlay_subject_check_s02,4.570000171661377,head,freqblimp_curated,., the,-6.574570178985596,-5.887070178985596,-0.6875,0
v2|head|causative|overlay_subject_check_s02_ragpicker|bad|compete|234,head,causative,bad,compete,ragpicker,overlay_arg_1_match,overlay_subject_check_s02,4.389999866485596,head,freqblimp_curated,., the,-6.990226745605469,-6.552726745605469,-0.4375,0
v2|head|causative|overlay_subject_check_s02_ragpicker|bad|complain|235,head,causative,bad,complain,ragpicker,overlay_arg_1_match,overlay_subject_check_s02,4.230000019073486,head,freqblimp_curated,., the,-4.869564056396484,-5.369564056396484,0.5,1
v2|head|causative|overlay_subject_check_s02_ragpicker|bad|cough|236,head,causative,bad,cough,ragpicker,overlay_arg_1_match,overlay_subject_check_s02,3.950000047683716,head,freqblimp_curated,., the,-3.4401650428771973,-4.690165042877197,1.25,1
v2|head|causative|overlay_subject_check_s02_ragpicker|bad|cry|237,head,causative,bad,cry,ragpicker,overlay_arg_1_match,overlay_subject_check_s02,4.590000152587891,head,freqblimp_curated,., the,-3.6110916137695312,-5.923591613769531,2.3125,1
v2|head|causative|overlay_subject_check_s02_ragpicker|bad|die|238,head,causative,bad,die,ragpicker,overlay_arg_1_match,overlay_subject_check_s02,5.070000171661377,head,freqblimp_curated,., the,-1.8055158853530884,-5.180515766143799,3.375,1
v2|head|causative|overlay_subject_check_s02_ragpicker|bad|disagree|239,head,causative,bad,disagree,ragpicker,overlay_arg_1_match,overlay_subject_check_s02,4.090000152587891,head,freqblimp_curated,., the,-4.9550580978393555,-5.2675580978393555,0.3125,1
v2|head|causative|overlay_subject_check_s02_ragpicker|bad|disappear|240,head,causative,bad,disappear,ragpicker,overlay_arg_1_match,overlay_subject_check_s02,4.090000152587891,head,freqblimp_curated,., the,-2.882505416870117,-5.257505416870117,2.375,1
v2|head|causative|overlay_subject_check_s02_ragpicker|bad|exist|241,head,causative,bad,exist,ragpicker,overlay_arg_1_match,overlay_subject_check_s02,4.730000019073486,head,freqblimp_curated,., the,-3.985258102416992,-4.172758102416992,0.1875,1
v2|head|causative|overlay_subject_check_s02_ragpicker|bad|laugh|243,head,causative,bad,laugh,ragpicker,overlay_arg_1_match,overlay_subject_check_s02,4.659999847412109,head,freqblimp_curated,., the,-3.169919013977051,-6.169919013977051,3.0,1
v2|head|causative|overlay_subject_check_s02_ragpicker|bad|lie|244,head,causative,bad,lie,ragpicker,overlay_arg_1_match,overlay_subject_check_s02,4.840000152587891,head,freqblimp_curated,., the,-5.753482341766357,-5.565982341766357,-0.1875,0
v2|head|causative|overlay_subject_check_s02_ragpicker|bad|react|245,head,causative,bad,react,ragpicker,overlay_arg_1_match,overlay_subject_check_s02,4.159999847412109,head,freqblimp_curated,., the,-4.850902557373047,-5.038402557373047,0.1875,1
v2|head|causative|overlay_subject_check_s02_ragpicker|bad|reply|246,head,causative,bad,reply,ragpicker,overlay_arg_1_match,overlay_subject_check_s02,4.5,head,freqblimp_curated,., the,-5.528346538543701,-4.590846538543701,-0.9375,0
v2|head|causative|overlay_subject_check_s02_ragpicker|bad|respond|247,head,causative,bad,respond,ragpicker,overlay_arg_1_match,overlay_subject_check_s02,4.53000020980835,head,freqblimp_curated,., the,-5.38776159286499,-5.57526159286499,0.1875,1
v2|head|causative|overlay_subject_check_s02_ragpicker|bad|scream|248,head,causative,bad,scream,ragpicker,overlay_arg_1_match,overlay_subject_check_s02,4.139999866485596,head,freqblimp_curated,., the,-3.3509156703948975,-4.788415908813477,1.437500238418579,1
v2|head|causative|overlay_subject_check_s02_ragpicker|bad|smile|249,head,causative,bad,smile,ragpicker,overlay_arg_1_match,overlay_subject_check_s02,4.639999866485596,head,freqblimp_curated,., the,-3.7436532974243164,-5.931153297424316,2.1875,1
v2|head|causative|overlay_subject_check_s02_ragpicker|bad|struggle|250,head,causative,bad,struggle,ragpicker,overlay_arg_1_match,overlay_subject_check_s02,4.619999885559082,head,freqblimp_curated,., the,-5.225418567657471,-6.412918567657471,1.1875,1
v2|head|causative|overlay_subject_check_s02_ragpicker|bad|testify|251,head,causative,bad,testify,ragpicker,overlay_arg_1_match,overlay_subject_check_s02,3.8399999141693115,head,freqblimp_curated,., the,-5.0937299728393555,-4.4687299728393555,-0.625,0
v2|head|causative|overlay_subject_check_s02_ragpicker|bad|vanish|252,head,causative,bad,vanish,ragpicker,overlay_arg_1_match,overlay_subject_check_s02,3.7200000286102295,head,freqblimp_curated,., the,-2.4923253059387207,-4.679825305938721,2.1875,1
v2|head|causative|overlay_subject_tomorrow_s02_babyminder|bad|appear|322,head,causative,bad,appear,babyminder,overlay_arg_1_match,overlay_subject_tomorrow_s02,4.849999904632568,head,freqblimp_curated,., the,-2.2602627277374268,-7.072762489318848,4.8125,1
v2|head|causative|overlay_subject_tomorrow_s02_babyminder|bad|arrive|323,head,causative,bad,arrive,babyminder,overlay_arg_1_match,overlay_subject_tomorrow_s02,4.380000114440918,head,freqblimp_curated,., the,-1.8974196910858154,-7.3349199295043945,5.4375,1
v2|head|causative|overlay_subject_tomorrow_s02_babyminder|bad|boast|324,head,causative,bad,boast,babyminder,overlay_arg_1_match,overlay_subject_tomorrow_s02,3.509999990463257,head,freqblimp_curated,., the,-4.520252704620361,-2.8952527046203613,-1.625,0
v2|head|causative|overlay_subject_tomorrow_s02_babyminder|bad|chat|325,head,causative,bad,chat,babyminder,overlay_arg_1_match,overlay_subject_tomorrow_s02,4.570000171661377,head,freqblimp_curated,., the,-4.279321193695068,-6.091821193695068,1.8125,1
v2|head|causative|overlay_subject_tomorrow_s02_babyminder|bad|compete|326,head,causative,bad,compete,babyminder,overlay_arg_1_match,overlay_subject_tomorrow_s02,4.389999866485596,head,freqblimp_curated,., the,-4.714547157287598,-5.777047157287598,1.0625,1
v2|head|causative|overlay_subject_tomorrow_s02_babyminder|bad|complain|327,head,causative,bad,complain,babyminder,overlay_arg_1_match,overlay_subject_tomorrow_s02,4.230000019073486,head,freqblimp_curated,., the,-3.0930862426757812,-5.593086242675781,2.5,1
v2|head|causative|overlay_subject_tomorrow_s02_babyminder|bad|cough|328,head,causative,bad,cough,babyminder,overlay_arg_1_match,overlay_subject_tomorrow_s02,3.950000047683716,head,freqblimp_curated,., the,-3.139340400695801,-5.389340400695801,2.25,1
v2|head|causative|overlay_subject_tomorrow_s02_babyminder|bad|cry|329,head,causative,bad,cry,babyminder,overlay_arg_1_match,overlay_subject_tomorrow_s02,4.590000152587891,head,freqblimp_curated,., the,-2.321805238723755,-5.571805000305176,3.249999761581421,1
v2|head|causative|overlay_subject_tomorrow_s02_babyminder|bad|die|330,head,causative,bad,die,babyminder,overlay_arg_1_match,overlay_subject_tomorrow_s02,5.070000171661377,head,freqblimp_curated,., the,-1.3655117750167847,-6.740511894226074,5.375,1
v2|head|causative|overlay_subject_tomorrow_s02_babyminder|bad|disagree|331,head,causative,bad,disagree,babyminder,overlay_arg_1_match,overlay_subject_tomorrow_s02,4.090000152587891,head,freqblimp_curated,., the,-2.004648208618164,-7.692148208618164,5.6875,1
v2|head|causative|overlay_subject_tomorrow_s02_babyminder|bad|disappear|332,head,causative,bad,disappear,babyminder,overlay_arg_1_match,overlay_subject_tomorrow_s02,4.090000152587891,head,freqblimp_curated,., the,-1.7253220081329346,-7.6003217697143555,5.875,1
v2|head|causative|overlay_subject_tomorrow_s02_babyminder|bad|exist|333,head,causative,bad,exist,babyminder,overlay_arg_1_match,overlay_subject_tomorrow_s02,4.730000019073486,head,freqblimp_curated,., the,-2.3236029148101807,-6.698602676391602,4.375,1
v2|head|causative|overlay_subject_tomorrow_s02_babyminder|bad|laugh|335,head,causative,bad,laugh,babyminder,overlay_arg_1_match,overlay_subject_tomorrow_s02,4.659999847412109,head,freqblimp_curated,., the,-2.6079602241516113,-6.107960224151611,3.5,1
v2|head|causative|overlay_subject_tomorrow_s02_babyminder|bad|lie|336,head,causative,bad,lie,babyminder,overlay_arg_1_match,overlay_subject_tomorrow_s02,4.840000152587891,head,freqblimp_curated,., the,-3.7904884815216064,-6.415488243103027,2.624999761581421,1
v2|head|causative|overlay_subject_tomorrow_s02_babyminder|bad|react|337,head,causative,bad,react,babyminder,overlay_arg_1_match,overlay_subject_tomorrow_s02,4.159999847412109,head,freqblimp_curated,., the,-3.518906593322754,-5.268906593322754,1.75,1
v2|head|causative|overlay_subject_tomorrow_s02_babyminder|bad|reply|338,head,causative,bad,reply,babyminder,overlay_arg_1_match,overlay_subject_tomorrow_s02,4.5,head,freqblimp_curated,., the,-2.3814871311187744,-6.568986892700195,4.1875,1
v2|head|causative|overlay_subject_tomorrow_s02_babyminder|bad|respond|339,head,causative,bad,respond,babyminder,overlay_arg_1_match,overlay_subject_tomorrow_s02,4.53000020980835,head,freqblimp_curated,., the,-2.6530838012695312,-6.278083801269531,3.625,1
v2|head|causative|overlay_subject_tomorrow_s02_babyminder|bad|scream|340,head,causative,bad,scream,babyminder,overlay_arg_1_match,overlay_subject_tomorrow_s02,4.139999866485596,head,freqblimp_curated,., the,-2.7091636657714844,-4.896663665771484,2.1875,1
v2|head|causative|overlay_subject_tomorrow_s02_babyminder|bad|smile|341,head,causative,bad,smile,babyminder,overlay_arg_1_match,overlay_subject_tomorrow_s02,4.639999866485596,head,freqblimp_curated,., the,-2.8694779872894287,-5.494478225708008,2.625000238418579,1
v2|head|causative|overlay_subject_tomorrow_s02_babyminder|bad|struggle|342,head,causative,bad,struggle,babyminder,overlay_arg_1_match,overlay_subject_tomorrow_s02,4.619999885559082,head,freqblimp_curated,., the,-3.0386719703674316,-6.663671970367432,3.625,1
v2|head|causative|overlay_subject_tomorrow_s02_babyminder|bad|testify|343,head,causative,bad,testify,babyminder,overlay_arg_1_match,overlay_subject_tomorrow_s02,3.8399999141693115,head,freqblimp_curated,., the,-2.8289737701416016,-5.828973770141602,3.0,1
v2|head|causative|overlay_subject_tomorrow_s02_babyminder|bad|vanish|344,head,causative,bad,vanish,babyminder,overlay_arg_1_match,overlay_subject_tomorrow_s02,3.7200000286102295,head,freqblimp_curated,., the,-1.729090929031372,-7.291590690612793,5.5625,1
v2|head|causative|overlay_subject_tomorrow_s03_babysitter|bad|appear|345,head,causative,bad,appear,babysitter,overlay_arg_1_match,overlay_subject_tomorrow_s03,4.849999904632568,head,freqblimp_curated,., the,-2.3113081455230713,-8.561307907104492,6.25,1
v2|head|causative|overlay_subject_tomorrow_s03_babysitter|bad|arrive|346,head,causative,bad,arrive,babysitter,overlay_arg_1_match,overlay_subject_tomorrow_s03,4.380000114440918,head,freqblimp_curated,., the,-1.9547256231307983,-8.64222526550293,6.687499523162842,1
v2|head|causative|overlay_subject_tomorrow_s03_babysitter|bad|boast|347,head,causative,bad,boast,babysitter,overlay_arg_1_match,overlay_subject_tomorrow_s03,3.509999990463257,head,freqblimp_curated,., the,-4.654365539550781,-4.904365539550781,0.25,1
v2|head|causative|overlay_subject_tomorrow_s03_babysitter|bad|chat|348,head,causative,bad,chat,babysitter,overlay_arg_1_match,overlay_subject_tomorrow_s03,4.570000171661377,head,freqblimp_curated,., the,-5.0696868896484375,-5.3821868896484375,0.3125,1
v2|head|causative|overlay_subject_tomorrow_s03_babysitter|bad|compete|349,head,causative,bad,compete,babysitter,overlay_arg_1_match,overlay_subject_tomorrow_s03,4.389999866485596,head,freqblimp_curated,., the,-4.037191390991211,-5.537191390991211,1.5,1
v2|head|causative|overlay_subject_tomorrow_s03_babysitter|bad|complain|350,head,causative,bad,complain,babysitter,overlay_arg_1_match,overlay_subject_tomorrow_s03,4.230000019073486,head,freqblimp_curated,., the,-3.023123264312744,-5.773123264312744,2.75,1
v2|head|causative|overlay_subject_tomorrow_s03_babysitter|bad|cough|351,head,causative,bad,cough,babysitter,overlay_arg_1_match,overlay_subject_tomorrow_s03,3.950000047683716,head,freqblimp_curated,., the,-2.6009297370910645,-5.6009297370910645,3.0,1
v2|head|causative|overlay_subject_tomorrow_s03_babysitter|bad|cry|352,head,causative,bad,cry,babysitter,overlay_arg_1_match,overlay_subject_tomorrow_s03,4.590000152587891,head,freqblimp_curated,., the,-2.188302516937256,-5.813302516937256,3.625,1
v2|head|causative|overlay_subject_tomorrow_s03_babysitter|bad|die|353,head,causative,bad,die,babysitter,overlay_arg_1_match,overlay_subject_tomorrow_s03,5.070000171661377,head,freqblimp_curated,., the,-1.671934962272644,-7.796935081481934,6.125,1
v2|head|causative|overlay_subject_tomorrow_s03_babysitter|bad|disagree|354,head,causative,bad,disagree,babysitter,overlay_arg_1_match,overlay_subject_tomorrow_s03,4.090000152587891,head,freqblimp_curated,., the,-2.295156955718994,-8.545156478881836,6.249999523162842,1
v2|head|causative|overlay_subject_tomorrow_s03_babysitter|bad|disappear|355,head,causative,bad,disappear,babysitter,overlay_arg_1_match,overlay_subject_tomorrow_s03,4.090000152587891,head,freqblimp_curated,., the,-1.8799980878829956,-6.629998207092285,4.75,1
v2|head|causative|overlay_subject_tomorrow_s03_babysitter|bad|exist|356,head,causative,bad,exist,babysitter,overlay_arg_1_match,overlay_subject_tomorrow_s03,4.730000019073486,head,freqblimp_curated,., the,-2.2799947261810303,-6.467494964599609,4.1875,1
v2|head|causative|overlay_subject_tomorrow_s03_babysitter|bad|laugh|358,head,causative,bad,laugh,babysitter,overlay_arg_1_match,overlay_subject_tomorrow_s03,4.659999847412109,head,freqblimp_curated,., the,-2.5464184284210205,-6.296418190002441,3.749999761581421,1
v2|head|causative|overlay_subject_tomorrow_s03_babysitter|bad|lie|359,head,causative,bad,lie,babysitter,overlay_arg_1_match,overlay_subject_tomorrow_s03,4.840000152587891,head,freqblimp_curated,., the,-4.352545738220215,-7.040045738220215,2.6875,1
v2|head|causative|overlay_subject_tomorrow_s03_babysitter|bad|react|360,head,causative,bad,react,babysitter,overlay_arg_1_match,overlay_subject_tomorrow_s03,4.159999847412109,head,freqblimp_curated,., the,-2.976278305053711,-4.288778305053711,1.3125,1
v2|head|causative|overlay_subject_tomorrow_s03_babysitter|bad|reply|361,head,causative,bad,reply,babysitter,overlay_arg_1_match,overlay_subject_tomorrow_s03,4.5,head,freqblimp_curated,., the,-2.4351978302001953,-5.622697830200195,3.1875,1
v2|head|causative|overlay_subject_tomorrow_s03_babysitter|bad|respond|362,head,causative,bad,respond,babysitter,overlay_arg_1_match,overlay_subject_tomorrow_s03,4.53000020980835,head,freqblimp_curated,., the,-2.5492024421691895,-6.0492024421691895,3.5,1
v2|head|causative|overlay_subject_tomorrow_s03_babysitter|bad|scream|363,head,causative,bad,scream,babysitter,overlay_arg_1_match,overlay_subject_tomorrow_s03,4.139999866485596,head,freqblimp_curated,., the,-2.4468162059783936,-5.196816444396973,2.750000238418579,1
v2|head|causative|overlay_subject_tomorrow_s03_babysitter|bad|smile|364,head,causative,bad,smile,babysitter,overlay_arg_1_match,overlay_subject_tomorrow_s03,4.639999866485596,head,freqblimp_curated,., the,-2.9764599800109863,-5.851459980010986,2.875,1
v2|head|causative|overlay_subject_tomorrow_s03_babysitter|bad|struggle|365,head,causative,bad,struggle,babysitter,overlay_arg_1_match,overlay_subject_tomorrow_s03,4.619999885559082,head,freqblimp_curated,., the,-3.7274622917175293,-6.727462291717529,3.0,1
v2|head|causative|overlay_subject_tomorrow_s03_babysitter|bad|testify|366,head,causative,bad,testify,babysitter,overlay_arg_1_match,overlay_subject_tomorrow_s03,3.8399999141693115,head,freqblimp_curated,., the,-2.947476863861084,-6.009976863861084,3.0625,1
v2|head|causative|overlay_subject_tomorrow_s03_babysitter|bad|vanish|367,head,causative,bad,vanish,babysitter,overlay_arg_1_match,overlay_subject_tomorrow_s03,3.7200000286102295,head,freqblimp_curated,., the,-1.6759552955627441,-6.425955295562744,4.75,1
v2|head|causative|overlay_subject_trial_s01_neurologist|bad|appear|391,head,causative,bad,appear,neurologist,overlay_arg_1_match,overlay_subject_trial_s01,4.849999904632568,head,freqblimp_curated,., the,-4.88785457611084,-7.07535457611084,2.1875,1
v2|head|causative|overlay_subject_trial_s01_neurologist|bad|arrive|392,head,causative,bad,arrive,neurologist,overlay_arg_1_match,overlay_subject_trial_s01,4.380000114440918,head,freqblimp_curated,., the,-5.080739498138428,-5.830739498138428,0.75,1
v2|head|causative|overlay_subject_trial_s01_neurologist|bad|boast|393,head,causative,bad,boast,neurologist,overlay_arg_1_match,overlay_subject_trial_s01,3.509999990463257,head,freqblimp_curated,., the,-5.951021194458008,-3.888521194458008,-2.0625,0
v2|head|causative|overlay_subject_trial_s01_neurologist|bad|chat|394,head,causative,bad,chat,neurologist,overlay_arg_1_match,overlay_subject_trial_s01,4.570000171661377,head,freqblimp_curated,., the,-8.533392906188965,-5.845892429351807,-2.687500476837158,0
v2|head|causative|overlay_subject_trial_s01_neurologist|bad|compete|395,head,causative,bad,compete,neurologist,overlay_arg_1_match,overlay_subject_trial_s01,4.389999866485596,head,freqblimp_curated,., the,-6.69451379776001,-3.007014036178589,-3.687499761581421,0
v2|head|causative|overlay_subject_trial_s01_neurologist|bad|complain|396,head,causative,bad,complain,neurologist,overlay_arg_1_match,overlay_subject_trial_s01,4.230000019073486,head,freqblimp_curated,., the,-5.918890476226807,-4.543890476226807,-1.375,0
v2|head|causative|overlay_subject_trial_s01_neurologist|bad|cough|397,head,causative,bad,cough,neurologist,overlay_arg_1_match,overlay_subject_trial_s01,3.950000047683716,head,freqblimp_curated,., the,-5.373101234436035,-2.560601234436035,-2.8125,0
v2|head|causative|overlay_subject_trial_s01_neurologist|bad|cry|398,head,causative,bad,cry,neurologist,overlay_arg_1_match,overlay_subject_trial_s01,4.590000152587891,head,freqblimp_curated,., the,-7.39586877822876,-4.02086877822876,-3.375,0
v2|head|causative|overlay_subject_trial_s01_neurologist|bad|die|399,head,causative,bad,die,neurologist,overlay_arg_1_match,overlay_subject_trial_s01,5.070000171661377,head,freqblimp_curated,., the,-2.0195064544677734,-4.269506454467773,2.25,1
v2|head|causative|overlay_subject_trial_s01_neurologist|bad|disagree|400,head,causative,bad,disagree,neurologist,overlay_arg_1_match,overlay_subject_trial_s01,4.090000152587891,head,freqblimp_curated,., the,-4.688094139099121,-7.063094139099121,2.375,1
v2|head|causative|overlay_subject_trial_s01_neurologist|bad|disappear|401,head,causative,bad,disappear,neurologist,overlay_arg_1_match,overlay_subject_trial_s01,4.090000152587891,head,freqblimp_curated,., the,-2.4085519313812256,-4.158552169799805,1.750000238418579,1
v2|head|causative|overlay_subject_trial_s01_neurologist|bad|exist|402,head,causative,bad,exist,neurologist,overlay_arg_1_match,overlay_subject_trial_s01,4.730000019073486,head,freqblimp_curated,., the,-3.995163917541504,-4.432663917541504,0.4375,1
v2|head|causative|overlay_subject_trial_s01_neurologist|bad|laugh|404,head,causative,bad,laugh,neurologist,overlay_arg_1_match,overlay_subject_trial_s01,4.659999847412109,head,freqblimp_curated,., the,-3.9775500297546387,-5.477550029754639,1.5,1
v2|head|causative|overlay_subject_trial_s01_neurologist|bad|lie|405,head,causative,bad,lie,neurologist,overlay_arg_1_match,overlay_subject_trial_s01,4.840000152587891,head,freqblimp_curated,., the,-4.422616958618164,-4.797616958618164,0.375,1
v2|head|causative|overlay_subject_trial_s01_neurologist|bad|react|406,head,causative,bad,react,neurologist,overlay_arg_1_match,overlay_subject_trial_s01,4.159999847412109,head,freqblimp_curated,., the,-6.223600387573242,-5.223600387573242,-1.0,0
v2|head|causative|overlay_subject_trial_s01_neurologist|bad|reply|407,head,causative,bad,reply,neurologist,overlay_arg_1_match,overlay_subject_trial_s01,4.5,head,freqblimp_curated,., the,-5.435868263244629,-3.43586802482605,-2.000000238418579,0
v2|head|causative|overlay_subject_trial_s01_neurologist|bad|respond|408,head,causative,bad,respond,neurologist,overlay_arg_1_match,overlay_subject_trial_s01,4.53000020980835,head,freqblimp_curated,., the,-5.6971564292907715,-4.9471564292907715,-0.75,0
v2|head|causative|overlay_subject_trial_s01_neurologist|bad|scream|409,head,causative,bad,scream,neurologist,overlay_arg_1_match,overlay_subject_trial_s01,4.139999866485596,head,freqblimp_curated,., the,-4.168673515319824,-4.356173515319824,0.1875,1
v2|head|causative|overlay_subject_trial_s01_neurologist|bad|smile|410,head,causative,bad,smile,neurologist,overlay_arg_1_match,overlay_subject_trial_s01,4.639999866485596,head,freqblimp_curated,., the,-4.946139335632324,-5.321139335632324,0.375,1
v2|head|causative|overlay_subject_trial_s01_neurologist|bad|struggle|411,head,causative,bad,struggle,neurologist,overlay_arg_1_match,overlay_subject_trial_s01,4.619999885559082,head,freqblimp_curated,., the,-6.244409561157227,-7.619409561157227,1.375,1
v2|head|causative|overlay_subject_trial_s01_neurologist|bad|testify|412,head,causative,bad,testify,neurologist,overlay_arg_1_match,overlay_subject_trial_s01,3.8399999141693115,head,freqblimp_curated,., the,-6.0886430740356445,-5.2761430740356445,-0.8125,0
v2|head|causative|overlay_subject_trial_s01_neurologist|bad|vanish|413,head,causative,bad,vanish,neurologist,overlay_arg_1_match,overlay_subject_trial_s01,3.7200000286102295,head,freqblimp_curated,., the,-2.574902057647705,-3.199902057647705,0.625,1
v2|head|causative|overlay_subject_lab_s01_nativist|good|accelerate|493,head,causative,good,accelerate,nativist,overlay_arg_1_match,overlay_subject_lab_s01,3.6600000858306885,head,freqblimp_curated, the,.,-1.0564008951187134,-4.931400775909424,3.875,1
v2|head|causative|overlay_subject_lab_s01_nativist|good|awaken|494,head,causative,good,awaken,nativist,overlay_arg_1_match,overlay_subject_lab_s01,3.7200000286102295,head,freqblimp_curated, the,.,-2.6106767654418945,-3.7356767654418945,1.125,1
v2|head|causative|overlay_subject_lab_s01_nativist|good|bake|495,head,causative,good,bake,nativist,overlay_arg_1_match,overlay_subject_lab_s01,3.9100000858306885,head,freqblimp_curated, the,.,-2.951648235321045,-5.576648235321045,2.625,1
v2|head|causative|overlay_subject_lab_s01_nativist|good|benefit|496,head,causative,good,benefit,nativist,overlay_arg_1_match,overlay_subject_lab_s01,4.820000171661377,head,freqblimp_curated, the,.,-3.717435121536255,-4.092434883117676,0.3749997615814209,1
v2|head|causative|overlay_subject_lab_s01_nativist|good|burn|497,head,causative,good,burn,nativist,overlay_arg_1_match,overlay_subject_lab_s01,4.53000020980835,head,freqblimp_curated, the,.,-2.062981128692627,-6.375481128692627,4.3125,1
v2|head|causative|overlay_subject_lab_s01_nativist|good|change|498,head,causative,good,change,nativist,overlay_arg_1_match,overlay_subject_lab_s01,4.760000228881836,head,freqblimp_curated, the,.,-1.3237346410751343,-4.761234760284424,3.4375,1
v2|head|causative|overlay_subject_lab_s01_nativist|good|chip|499,head,causative,good,chip,nativist,overlay_arg_1_match,overlay_subject_lab_s01,4.309999942779541,head,freqblimp_curated, the,.,-2.9449431896209717,-5.569943428039551,2.625000238418579,1
v2|head|causative|overlay_subject_lab_s01_nativist|good|close|500,head,causative,good,close,nativist,overlay_arg_1_match,overlay_subject_lab_s01,5.360000133514404,head,freqblimp_curated, the,.,-1.1008236408233643,-6.350823402404785,5.25,1
v2|head|causative|overlay_subject_lab_s01_nativist|good|crack|501,head,causative,good,crack,nativist,overlay_arg_1_match,overlay_subject_lab_s01,4.409999847412109,head,freqblimp_curated, the,.,-1.5750465393066406,-6.762546539306641,5.1875,1
v2|head|causative|overlay_subject_lab_s01_nativist|good|crash|502,head,causative,good,crash,nativist,overlay_arg_1_match,overlay_subject_lab_s01,4.550000190734863,head,freqblimp_curated, the,.,-1.3525261878967285,-4.2900261878967285,2.9375,1
v2|head|causative|overlay_subject_lab_s01_nativist|good|dim|503,head,causative,good,dim,nativist,overlay_arg_1_match,overlay_subject_lab_s01,3.619999885559082,head,freqblimp_curated, the,.,-0.8486100435256958,-5.286109924316406,4.4375,1
v2|head|causative|overlay_subject_lab_s01_nativist|good|drop|504,head,causative,good,drop,nativist,overlay_arg_1_match,overlay_subject_lab_s01,4.989999771118164,head,freqblimp_curated, the,.,-1.693074345588684,-8.161824226379395,6.46875,1
v2|head|causative|overlay_subject_lab_s01_nativist|good|dry|505,head,causative,good,dry,nativist,overlay_arg_1_match,overlay_subject_lab_s01,4.739999771118164,head,freqblimp_curated, the,.,-1.6826366186141968,-7.557636737823486,5.875,1
v2|head|causative|overlay_subject_lab_s01_nativist|good|fade|506,head,causative,good,fade,nativist,overlay_arg_1_match,overlay_subject_lab_s01,3.859999895095825,head,freqblimp_curated, the,.,-5.333944320678711,-2.958944320678711,-2.375,0
v2|head|causative|overlay_subject_lab_s01_nativist|good|fold|507,head,causative,good,fold,nativist,overlay_arg_1_match,overlay_subject_lab_s01,4.079999923706055,head,freqblimp_curated, the,.,-1.5498511791229248,-5.674851417541504,4.125,1
v2|head|causative|overlay_subject_lab_s01_nativist|good|freeze|508,head,causative,good,freeze,nativist,overlay_arg_1_match,overlay_subject_lab_s01,4.110000133514404,head,freqblimp_curated, the,.,-1.4135329723358154,-5.7885332107543945,4.375,1
v2|head|causative|overlay_subject_lab_s01_nativist|good|grow|509,head,causative,good,grow,nativist,overlay_arg_1_match,overlay_subject_lab_s01,4.900000095367432,head,freqblimp_curated, the,.,-2.828453779220581,-6.57845401763916,3.750000238418579,1
v2|head|causative|overlay_subject_lab_s01_nativist|good|melt|510,head,causative,good,melt,nativist,overlay_arg_1_match,overlay_subject_lab_s01,3.9600000381469727,head,freqblimp_curated, the,.,-1.8338286876678467,-5.521328926086426,3.687500238418579,1
v2|head|causative|overlay_subject_lab_s01_nativist|good|move|511,head,causative,good,move,nativist,overlay_arg_1_match,overlay_subject_lab_s01,5.349999904632568,head,freqblimp_curated, the,.,-2.5764429569244385,-6.576442718505859,3.999999761581421,1
v2|head|causative|overlay_subject_lab_s01_nativist|good|open|512,head,causative,good,open,nativist,overlay_arg_1_match,overlay_subject_lab_s01,5.480000019073486,head,freqblimp_curated, the,.,-1.170569658279419,-8.42056941986084,7.25,1
v2|head|causative|overlay_subject_lab_s01_nativist|good|roll|513,head,causative,good,roll,nativist,overlay_arg_1_match,overlay_subject_lab_s01,4.75,head,freqblimp_curated, the,.,-2.149533748626709,-7.524533748626709,5.375,1
v2|head|causative|overlay_subject_lab_s01_nativist|good|shrink|515,head,causative,good,shrink,nativist,overlay_arg_1_match,overlay_subject_lab_s01,3.7300000190734863,head,freqblimp_curated, the,.,-1.874132752418518,-4.4366326332092285,2.5625,1
v2|head|causative|overlay_subject_lab_s01_nativist|good|shut|516,head,causative,good,shut,nativist,overlay_arg_1_match,overlay_subject_lab_s01,4.78000020980835,head,freqblimp_curated, the,.,-1.9693305492401123,-8.844330787658691,6.875,1
v2|head|causative|overlay_subject_lab_s01_nativist|good|slow|517,head,causative,good,slow,nativist,overlay_arg_1_match,overlay_subject_lab_s01,4.849999904632568,head,freqblimp_curated, the,.,-1.7712966203689575,-7.146296501159668,5.375,1
v2|head|causative|overlay_subject_lab_s01_nativist|good|soak|518,head,causative,good,soak,nativist,overlay_arg_1_match,overlay_subject_lab_s01,3.609999895095825,head,freqblimp_curated, the,.,-1.6757135391235352,-8.613213539123535,6.9375,1
v2|head|causative|overlay_subject_lab_s01_nativist|good|stop|519,head,causative,good,stop,nativist,overlay_arg_1_match,overlay_subject_lab_s01,4.400000095367432,head,freqblimp_curated, the,.,-2.3735811710357666,-6.2485809326171875,3.874999761581421,1
v2|head|causative|overlay_subject_lab_s01_nativist|good|stretch|520,head,causative,good,stretch,nativist,overlay_arg_1_match,overlay_subject_lab_s01,4.349999904632568,head,freqblimp_curated, the,.,-1.9012010097503662,-5.713701248168945,3.812500238418579,1
v2|head|causative|overlay_subject_lab_s01_nativist|good|turn|522,head,causative,good,turn,nativist,overlay_arg_1_match,overlay_subject_lab_s01,5.320000171661377,head,freqblimp_curated, the,.,-2.226409912109375,-7.788909912109375,5.5625,1
v2|head|causative|overlay_subject_lab_s01_nativist|good|twist|523,head,causative,good,twist,nativist,overlay_arg_1_match,overlay_subject_lab_s01,4.21999979019165,head,freqblimp_curated, the,.,-1.075851321220398,-5.7008514404296875,4.625,1
v2|head|causative|overlay_subject_lab_s01_nativist|good|warp|524,head,causative,good,warp,nativist,overlay_arg_1_match,overlay_subject_lab_s01,3.630000114440918,head,freqblimp_curated, the,.,-0.9998831748962402,-6.12488317489624,5.125,1
v2|head|causative|overlay_subject_lab_s01_nativist|good|worry|525,head,causative,good,worry,nativist,overlay_arg_1_match,overlay_subject_lab_s01,4.840000152587891,head,freqblimp_curated, the,.,-4.941460609436035,-5.003960609436035,0.0625,1
v2|head|causative|overlay_subject_lab_s02_naturalist|good|accelerate|526,head,causative,good,accelerate,naturalist,overlay_arg_1_match,overlay_subject_lab_s02,3.6600000858306885,head,freqblimp_curated, the,.,-0.825273334980011,-6.575273513793945,5.75,1
v2|head|causative|overlay_subject_lab_s02_naturalist|good|awaken|527,head,causative,good,awaken,naturalist,overlay_arg_1_match,overlay_subject_lab_s02,3.7200000286102295,head,freqblimp_curated, the,.,-1.3284082412719727,-5.890908241271973,4.5625,1
v2|head|causative|overlay_subject_lab_s02_naturalist|good|bake|528,head,causative,good,bake,naturalist,overlay_arg_1_match,overlay_subject_lab_s02,3.9100000858306885,head,freqblimp_curated, the,.,-2.8702211380004883,-6.682721138000488,3.8125,1
v2|head|causative|overlay_subject_lab_s02_naturalist|good|benefit|529,head,causative,good,benefit,naturalist,overlay_arg_1_match,overlay_subject_lab_s02,4.820000171661377,head,freqblimp_curated, the,.,-4.310976028442383,-5.748476028442383,1.4375,1
v2|head|causative|overlay_subject_lab_s02_naturalist|good|burn|530,head,causative,good,burn,naturalist,overlay_arg_1_match,overlay_subject_lab_s02,4.53000020980835,head,freqblimp_curated, the,.,-1.7892768383026123,-8.976777076721191,7.1875,1
v2|head|causative|overlay_subject_lab_s02_naturalist|good|change|531,head,causative,good,change,naturalist,overlay_arg_1_match,overlay_subject_lab_s02,4.760000228881836,head,freqblimp_curated, the,.,-0.8382267951965332,-7.088226795196533,6.25,1
v2|head|causative|overlay_subject_lab_s02_naturalist|good|chip|532,head,causative,good,chip,naturalist,overlay_arg_1_match,overlay_subject_lab_s02,4.309999942779541,head,freqblimp_curated, the,.,-2.828002452850342,-7.140502452850342,4.3125,1
v2|head|causative|overlay_subject_lab_s02_naturalist|good|close|533,head,causative,good,close,naturalist,overlay_arg_1_match,overlay_subject_lab_s02,5.360000133514404,head,freqblimp_curated, the,.,-1.0295847654342651,-8.779584884643555,7.75,1
v2|head|causative|overlay_subject_lab_s02_naturalist|good|crack|534,head,causative,good,crack,naturalist,overlay_arg_1_match,overlay_subject_lab_s02,4.409999847412109,head,freqblimp_curated, the,.,-1.488649606704712,-9.738649368286133,8.25,1
v2|head|causative|overlay_subject_lab_s02_naturalist|good|crash|535,head,causative,good,crash,naturalist,overlay_arg_1_match,overlay_subject_lab_s02,4.550000190734863,head,freqblimp_curated, the,.,-1.6218072175979614,-4.871807098388672,3.25,1
v2|head|causative|overlay_subject_lab_s02_naturalist|good|dim|536,head,causative,good,dim,naturalist,overlay_arg_1_match,overlay_subject_lab_s02,3.619999885559082,head,freqblimp_curated, the,.,-0.45557624101638794,-7.018076419830322,6.5625,1
v2|head|causative|overlay_subject_lab_s02_naturalist|good|drop|537,head,causative,good,drop,naturalist,overlay_arg_1_match,overlay_subject_lab_s02,4.989999771118164,head,freqblimp_curated, the,.,-2.002532958984375,-9.877532958984375,7.875,1
v2|head|causative|overlay_subject_lab_s02_naturalist|good|dry|538,head,causative,good,dry,naturalist,overlay_arg_1_match,overlay_subject_lab_s02,4.739999771118164,head,freqblimp_curated, the,.,-0.9858155250549316,-9.579565048217773,8.59375,1
v2|head|causative|overlay_subject_lab_s02_naturalist|good|fade|539,head,causative,good,fade,naturalist,overlay_arg_1_match,overlay_subject_lab_s02,3.859999895095825,head,freqblimp_curated, the,.,-2.6853861808776855,-5.9978861808776855,3.3125,1
v2|head|causative|overlay_subject_lab_s02_naturalist|good|fold|540,head,causative,good,fold,naturalist,overlay_arg_1_match,overlay_subject_lab_s02,4.079999923706055,head,freqblimp_curated, the,.,-1.324954867362976,-8.543704986572266,7.21875,1
v2|head|causative|overlay_subject_lab_s02_naturalist|good|freeze|541,head,causative,good,freeze,naturalist,overlay_arg_1_match,overlay_subject_lab_s02,4.110000133514404,head,freqblimp_curated, the,.,-1.4679992198944092,-8.874249458312988,7.40625,1
v2|head|causative|overlay_subject_lab_s02_naturalist|good|grow|542,head,causative,good,grow,naturalist,overlay_arg_1_match,overlay_subject_lab_s02,4.900000095367432,head,freqblimp_curated, the,.,-2.4662420749664307,-9.872491836547852,7.40625,1
v2|head|causative|overlay_subject_lab_s02_naturalist|good|melt|543,head,causative,good,melt,naturalist,overlay_arg_1_match,overlay_subject_lab_s02,3.9600000381469727,head,freqblimp_curated, the,.,-1.5173938274383545,-8.861144065856934,7.34375,1
v2|head|causative|overlay_subject_lab_s02_naturalist|good|move|544,head,causative,good,move,naturalist,overlay_arg_1_match,overlay_subject_lab_s02,5.349999904632568,head,freqblimp_curated, the,.,-2.156973123550415,-8.344472885131836,6.1875,1
v2|head|causative|overlay_subject_lab_s02_naturalist|good|open|545,head,causative,good,open,naturalist,overlay_arg_1_match,overlay_subject_lab_s02,5.480000019073486,head,freqblimp_curated, the,.,-0.9932841062545776,-10.243284225463867,9.25,1
v2|head|causative|overlay_subject_lab_s02_naturalist|good|roll|546,head,causative,good,roll,naturalist,overlay_arg_1_match,overlay_subject_lab_s02,4.75,head,freqblimp_curated, the,.,-1.997451901435852,-9.122451782226562,7.125,1
v2|head|causative|overlay_subject_lab_s02_naturalist|good|shrink|548,head,causative,good,shrink,naturalist,overlay_arg_1_match,overlay_subject_lab_s02,3.7300000190734863,head,freqblimp_curated, the,.,-1.3317116498947144,-5.769211769104004,4.4375,1
v2|head|causative|overlay_subject_lab_s02_naturalist|good|shut|549,head,causative,good,shut,naturalist,overlay_arg_1_match,overlay_subject_lab_s02,4.78000020980835,head,freqblimp_curated, the,.,-1.53787362575531,-9.444123268127441,7.906249523162842,1
v2|head|causative|overlay_subject_lab_s02_naturalist|good|slow|550,head,causative,good,slow,naturalist,overlay_arg_1_match,overlay_subject_lab_s02,4.849999904632568,head,freqblimp_curated, the,.,-1.6308979988098145,-8.537147521972656,6.906249523162842,1
v2|head|causative|overlay_subject_lab_s02_naturalist|good|soak|551,head,causative,good,soak,naturalist,overlay_arg_1_match,overlay_subject_lab_s02,3.609999895095825,head,freqblimp_curated, the,.,-1.2810320854187012,-9.06228256225586,7.781250476837158,1
v2|head|causative|overlay_subject_lab_s02_naturalist|good|stop|552,head,causative,good,stop,naturalist,overlay_arg_1_match,overlay_subject_lab_s02,4.400000095367432,head,freqblimp_curated, the,.,-1.899588704109192,-6.712088584899902,4.8125,1
v2|head|causative|overlay_subject_lab_s02_naturalist|good|stretch|553,head,causative,good,stretch,naturalist,overlay_arg_1_match,overlay_subject_lab_s02,4.349999904632568,head,freqblimp_curated, the,.,-1.6238417625427246,-7.686341762542725,6.0625,1
v2|head|causative|overlay_subject_lab_s02_naturalist|good|turn|555,head,causative,good,turn,naturalist,overlay_arg_1_match,overlay_subject_lab_s02,5.320000171661377,head,freqblimp_curated, the,.,-1.5769262313842773,-9.420676231384277,7.84375,1
v2|head|causative|overlay_subject_lab_s02_naturalist|good|twist|556,head,causative,good,twist,naturalist,overlay_arg_1_match,overlay_subject_lab_s02,4.21999979019165,head,freqblimp_curated, the,.,-1.3973129987716675,-9.022313117980957,7.625,1
v2|head|causative|overlay_subject_lab_s02_naturalist|good|warp|557,head,causative,good,warp,naturalist,overlay_arg_1_match,overlay_subject_lab_s02,3.630000114440918,head,freqblimp_curated, the,.,-1.0431327819824219,-7.293132781982422,6.25,1
v2|head|causative|overlay_subject_lab_s02_naturalist|good|worry|558,head,causative,good,worry,naturalist,overlay_arg_1_match,overlay_subject_lab_s02,4.840000152587891,head,freqblimp_curated, the,.,-5.312628746032715,-5.625128746032715,0.3125,1
v2|head|causative|overlay_subject_lab_s03_naturist|good|accelerate|559,head,causative,good,accelerate,naturist,overlay_arg_1_match,overlay_subject_lab_s03,3.6600000858306885,head,freqblimp_curated, the,.,-1.1921530961990356,-4.817152976989746,3.625,1
v2|head|causative|overlay_subject_lab_s03_naturist|good|awaken|560,head,causative,good,awaken,naturist,overlay_arg_1_match,overlay_subject_lab_s03,3.7200000286102295,head,freqblimp_curated, the,.,-2.9100852012634277,-4.910085201263428,2.0,1
v2|head|causative|overlay_subject_lab_s03_naturist|good|bake|561,head,causative,good,bake,naturist,overlay_arg_1_match,overlay_subject_lab_s03,3.9100000858306885,head,freqblimp_curated, the,.,-3.0562076568603516,-5.556207656860352,2.5,1
v2|head|causative|overlay_subject_lab_s03_naturist|good|benefit|562,head,causative,good,benefit,naturist,overlay_arg_1_match,overlay_subject_lab_s03,4.820000171661377,head,freqblimp_curated, the,.,-4.599034786224365,-5.036534786224365,0.4375,1
v2|head|causative|overlay_subject_lab_s03_naturist|good|burn|563,head,causative,good,burn,naturist,overlay_arg_1_match,overlay_subject_lab_s03,4.53000020980835,head,freqblimp_curated, the,.,-2.3215744495391846,-7.5090742111206055,5.1875,1
v2|head|causative|overlay_subject_lab_s03_naturist|good|change|564,head,causative,good,change,naturist,overlay_arg_1_match,overlay_subject_lab_s03,4.760000228881836,head,freqblimp_curated, the,.,-2.435922622680664,-4.935922622680664,2.5,1
v2|head|causative|overlay_subject_lab_s03_naturist|good|chip|565,head,causative,good,chip,naturist,overlay_arg_1_match,overlay_subject_lab_s03,4.309999942779541,head,freqblimp_curated, the,.,-3.113406181335449,-6.488406181335449,3.375,1
v2|head|causative|overlay_subject_lab_s03_naturist|good|close|566,head,causative,good,close,naturist,overlay_arg_1_match,overlay_subject_lab_s03,5.360000133514404,head,freqblimp_curated, the,.,-0.9566106796264648,-7.519110679626465,6.5625,1
v2|head|causative|overlay_subject_lab_s03_naturist|good|crack|567,head,causative,good,crack,naturist,overlay_arg_1_match,overlay_subject_lab_s03,4.409999847412109,head,freqblimp_curated, the,.,-1.9518707990646362,-7.889370918273926,5.9375,1
v2|head|causative|overlay_subject_lab_s03_naturist|good|crash|568,head,causative,good,crash,naturist,overlay_arg_1_match,overlay_subject_lab_s03,4.550000190734863,head,freqblimp_curated, the,.,-2.553619146347046,-3.616119146347046,1.0625,1
v2|head|causative|overlay_subject_lab_s03_naturist|good|dim|569,head,causative,good,dim,naturist,overlay_arg_1_match,overlay_subject_lab_s03,3.619999885559082,head,freqblimp_curated, the,.,-0.6858347058296204,-7.060834884643555,6.375,1
v2|head|causative|overlay_subject_lab_s03_naturist|good|drop|570,head,causative,good,drop,naturist,overlay_arg_1_match,overlay_subject_lab_s03,4.989999771118164,head,freqblimp_curated, the,.,-2.033785343170166,-8.596285820007324,6.562500476837158,1
v2|head|causative|overlay_subject_lab_s03_naturist|good|dry|571,head,causative,good,dry,naturist,overlay_arg_1_match,overlay_subject_lab_s03,4.739999771118164,head,freqblimp_curated, the,.,-2.0815563201904297,-7.95655632019043,5.875,1
v2|head|causative|overlay_subject_lab_s03_naturist|good|fade|572,head,causative,good,fade,naturist,overlay_arg_1_match,overlay_subject_lab_s03,3.859999895095825,head,freqblimp_curated, the,.,-4.211991786956787,-5.336991786956787,1.125,1
v2|head|causative|overlay_subject_lab_s03_naturist|good|fold|573,head,causative,good,fold,naturist,overlay_arg_1_match,overlay_subject_lab_s03,4.079999923706055,head,freqblimp_curated, the,.,-1.6923418045043945,-6.6923418045043945,5.0,1
v2|head|causative|overlay_subject_lab_s03_naturist|good|freeze|574,head,causative,good,freeze,naturist,overlay_arg_1_match,overlay_subject_lab_s03,4.110000133514404,head,freqblimp_curated, the,.,-1.8711762428283691,-4.746176242828369,2.875,1
v2|head|causative|overlay_subject_lab_s03_naturist|good|grow|575,head,causative,good,grow,naturist,overlay_arg_1_match,overlay_subject_lab_s03,4.900000095367432,head,freqblimp_curated, the,.,-3.441288948059082,-6.066288948059082,2.625,1
v2|head|causative|overlay_subject_lab_s03_naturist|good|melt|576,head,causative,good,melt,naturist,overlay_arg_1_match,overlay_subject_lab_s03,3.9600000381469727,head,freqblimp_curated, the,.,-2.3158023357391357,-6.440802574157715,4.125,1
v2|head|causative|overlay_subject_lab_s03_naturist|good|move|577,head,causative,good,move,naturist,overlay_arg_1_match,overlay_subject_lab_s03,5.349999904632568,head,freqblimp_curated, the,.,-3.3039865493774414,-6.553986549377441,3.25,1
v2|head|causative|overlay_subject_lab_s03_naturist|good|open|578,head,causative,good,open,naturist,overlay_arg_1_match,overlay_subject_lab_s03,5.480000019073486,head,freqblimp_curated, the,.,-1.0953783988952637,-8.282878875732422,7.187500476837158,1
v2|head|causative|overlay_subject_lab_s03_naturist|good|roll|579,head,causative,good,roll,naturist,overlay_arg_1_match,overlay_subject_lab_s03,4.75,head,freqblimp_curated, the,.,-3.7184388637542725,-7.780939102172852,4.0625,1
v2|head|causative|overlay_subject_lab_s03_naturist|good|shrink|581,head,causative,good,shrink,naturist,overlay_arg_1_match,overlay_subject_lab_s03,3.7300000190734863,head,freqblimp_curated, the,.,-3.725322961807251,-4.787822723388672,1.062499761581421,1
v2|head|causative|overlay_subject_lab_s03_naturist|good|shut|582,head,causative,good,shut,naturist,overlay_arg_1_match,overlay_subject_lab_s03,4.78000020980835,head,freqblimp_curated, the,.,-1.3240551948547363,-8.574054718017578,7.249999523162842,1
v2|head|causative|overlay_subject_lab_s03_naturist|good|slow|583,head,causative,good,slow,naturist,overlay_arg_1_match,overlay_subject_lab_s03,4.849999904632568,head,freqblimp_curated, the,.,-3.033341407775879,-7.970841407775879,4.9375,1
v2|head|causative|overlay_subject_lab_s03_naturist|good|soak|584,head,causative,good,soak,naturist,overlay_arg_1_match,overlay_subject_lab_s03,3.609999895095825,head,freqblimp_curated, the,.,-2.672637939453125,-7.610137939453125,4.9375,1
v2|head|causative|overlay_subject_lab_s03_naturist|good|stop|585,head,causative,good,stop,naturist,overlay_arg_1_match,overlay_subject_lab_s03,4.400000095367432,head,freqblimp_curated, the,.,-3.4636716842651367,-5.401171684265137,1.9375,1
v2|head|causative|overlay_subject_lab_s03_naturist|good|stretch|586,head,causative,good,stretch,naturist,overlay_arg_1_match,overlay_subject_lab_s03,4.349999904632568,head,freqblimp_curated, the,.,-3.024956703186035,-5.899956703186035,2.875,1
v2|head|causative|overlay_subject_lab_s03_naturist|good|turn|588,head,causative,good,turn,naturist,overlay_arg_1_match,overlay_subject_lab_s03,5.320000171661377,head,freqblimp_curated, the,.,-2.33752179145813,-7.962521553039551,5.625,1
v2|head|causative|overlay_subject_lab_s03_naturist|good|twist|589,head,causative,good,twist,naturist,overlay_arg_1_match,overlay_subject_lab_s03,4.21999979019165,head,freqblimp_curated, the,.,-1.8599084615707397,-6.609908580780029,4.75,1
v2|head|causative|overlay_subject_lab_s03_naturist|good|warp|590,head,causative,good,warp,naturist,overlay_arg_1_match,overlay_subject_lab_s03,3.630000114440918,head,freqblimp_curated, the,.,-1.3529936075210571,-5.102993488311768,3.75,1
v2|head|causative|overlay_subject_lab_s03_naturist|good|worry|591,head,causative,good,worry,naturist,overlay_arg_1_match,overlay_subject_lab_s03,4.840000152587891,head,freqblimp_curated, the,.,-4.7284040451049805,-4.9784040451049805,0.25,1
v2|head|causative|overlay_subject_visit_s00_urd|good|accelerate|592,head,causative,good,accelerate,urd,overlay_arg_1_match,overlay_subject_visit_s00,3.6600000858306885,head,freqblimp_curated, the,.,-0.9893903732299805,-3.5518903732299805,2.5625,1
v2|head|causative|overlay_subject_visit_s00_urd|good|awaken|593,head,causative,good,awaken,urd,overlay_arg_1_match,overlay_subject_visit_s00,3.7200000286102295,head,freqblimp_curated, the,.,-3.1286048889160156,-2.5036048889160156,-0.625,0
v2|head|causative|overlay_subject_visit_s00_urd|good|bake|594,head,causative,good,bake,urd,overlay_arg_1_match,overlay_subject_visit_s00,3.9100000858306885,head,freqblimp_curated, the,.,-1.9663662910461426,-3.9663662910461426,2.0,1
v2|head|causative|overlay_subject_visit_s00_urd|good|benefit|595,head,causative,good,benefit,urd,overlay_arg_1_match,overlay_subject_visit_s00,4.820000171661377,head,freqblimp_curated, the,.,-2.5271618366241455,-4.339662075042725,1.812500238418579,1
v2|head|causative|overlay_subject_visit_s00_urd|good|burn|596,head,causative,good,burn,urd,overlay_arg_1_match,overlay_subject_visit_s00,4.53000020980835,head,freqblimp_curated, the,.,-2.2731664180755615,-3.5856664180755615,1.3125,1
v2|head|causative|overlay_subject_visit_s00_urd|good|change|597,head,causative,good,change,urd,overlay_arg_1_match,overlay_subject_visit_s00,4.760000228881836,head,freqblimp_curated, the,.,-1.8994280099868774,-3.461927890777588,1.5624998807907104,1
v2|head|causative|overlay_subject_visit_s00_urd|good|chip|598,head,causative,good,chip,urd,overlay_arg_1_match,overlay_subject_visit_s00,4.309999942779541,head,freqblimp_curated, the,.,-2.2882752418518066,-4.725775241851807,2.4375,1
v2|head|causative|overlay_subject_visit_s00_urd|good|close|599,head,causative,good,close,urd,overlay_arg_1_match,overlay_subject_visit_s00,5.360000133514404,head,freqblimp_curated, the,.,-1.4775396585464478,-3.352539539337158,1.8749998807907104,1
v2|head|causative|overlay_subject_visit_s00_urd|good|crack|600,head,causative,good,crack,urd,overlay_arg_1_match,overlay_subject_visit_s00,4.409999847412109,head,freqblimp_curated, the,.,-2.412700653076172,-3.350200653076172,0.9375,1
v2|head|causative|overlay_subject_visit_s00_urd|good|crash|601,head,causative,good,crash,urd,overlay_arg_1_match,overlay_subject_visit_s00,4.550000190734863,head,freqblimp_curated, the,.,-2.645207166671753,-2.582707166671753,-0.0625,0
v2|head|causative|overlay_subject_visit_s00_urd|good|dim|602,head,causative,good,dim,urd,overlay_arg_1_match,overlay_subject_visit_s00,3.619999885559082,head,freqblimp_curated, the,.,-3.307278633117676,-3.682278633117676,0.375,1
v2|head|causative|overlay_subject_visit_s00_urd|good|drop|603,head,causative,good,drop,urd,overlay_arg_1_match,overlay_subject_visit_s00,4.989999771118164,head,freqblimp_curated, the,.,-1.7937781810760498,-4.731278419494629,2.937500238418579,1
v2|head|causative|overlay_subject_visit_s00_urd|good|dry|604,head,causative,good,dry,urd,overlay_arg_1_match,overlay_subject_visit_s00,4.739999771118164,head,freqblimp_curated, the,.,-3.0510735511779785,-3.2385735511779785,0.1875,1
v2|head|causative|overlay_subject_visit_s00_urd|good|fade|605,head,causative,good,fade,urd,overlay_arg_1_match,overlay_subject_visit_s00,3.859999895095825,head,freqblimp_curated, the,.,-4.385578632354736,-2.9480786323547363,-1.4375,0
v2|head|causative|overlay_subject_visit_s00_urd|good|fold|606,head,causative,good,fold,urd,overlay_arg_1_match,overlay_subject_visit_s00,4.079999923706055,head,freqblimp_curated, the,.,-1.9307920932769775,-3.9307920932769775,2.0,1
v2|head|causative|overlay_subject_visit_s00_urd|good|freeze|607,head,causative,good,freeze,urd,overlay_arg_1_match,overlay_subject_visit_s00,4.110000133514404,head,freqblimp_curated, the,.,-2.9468119144439697,-2.5093119144439697,-0.4375,0
v2|head|causative|overlay_subject_visit_s00_urd|good|grow|608,head,causative,good,grow,urd,overlay_arg_1_match,overlay_subject_visit_s00,4.900000095367432,head,freqblimp_curated, the,.,-4.174077033996582,-3.799077272415161,-0.3749997615814209,0
v2|head|causative|overlay_subject_visit_s00_urd|good|melt|609,head,causative,good,melt,urd,overlay_arg_1_match,overlay_subject_visit_s00,3.9600000381469727,head,freqblimp_curated, the,.,-2.7108101844787598,-3.2733101844787598,0.5625,1
v2|head|causative|overlay_subject_visit_s00_urd|good|move|610,head,causative,good,move,urd,overlay_arg_1_match,overlay_subject_visit_s00,5.349999904632568,head,freqblimp_curated, the,.,-2.824896812438965,-5.512396812438965,2.6875,1
v2|head|causative|overlay_subject_visit_s00_urd|good|open|611,head,causative,good,open,urd,overlay_arg_1_match,overlay_subject_visit_s00,5.480000019073486,head,freqblimp_curated, the,.,-1.5015860795974731,-4.501585960388184,3.0,1
v2|head|causative|overlay_subject_visit_s00_urd|good|roll|612,head,causative,good,roll,urd,overlay_arg_1_match,overlay_subject_visit_s00,4.75,head,freqblimp_curated, the,.,-3.39363431930542,-4.01863431930542,0.625,1
v2|head|causative|overlay_subject_visit_s00_urd|good|shrink|614,head,causative,good,shrink,urd,overlay_arg_1_match,overlay_subject_visit_s00,3.7300000190734863,head,freqblimp_curated, the,.,-3.7209720611572266,-2.8459720611572266,-0.875,0
v2|head|causative|overlay_subject_visit_s00_urd|good|shut|615,head,causative,good,shut,urd,overlay_arg_1_match,overlay_subject_visit_s00,4.78000020980835,head,freqblimp_curated, the,.,-1.8959273099899292,-4.833427429199219,2.9375,1
v2|head|causative|overlay_subject_visit_s00_urd|good|slow|616,head,causative,good,slow,urd,overlay_arg_1_match,overlay_subject_visit_s00,4.849999904632568,head,freqblimp_curated, the,.,-3.039287567138672,-4.539287567138672,1.5,1
v2|head|causative|overlay_subject_visit_s00_urd|good|soak|617,head,causative,good,soak,urd,overlay_arg_1_match,overlay_subject_visit_s00,3.609999895095825,head,freqblimp_curated, the,.,-2.3618552684783936,-4.424355506896973,2.062500238418579,1
v2|head|causative|overlay_subject_visit_s00_urd|good|stop|618,head,causative,good,stop,urd,overlay_arg_1_match,overlay_subject_visit_s00,4.400000095367432,head,freqblimp_curated, the,.,-2.688768148422241,-3.376268148422241,0.6875,1
v2|head|causative|overlay_subject_visit_s00_urd|good|stretch|619,head,causative,good,stretch,urd,overlay_arg_1_match,overlay_subject_visit_s00,4.349999904632568,head,freqblimp_curated, the,.,-2.924736976623535,-4.924736976623535,2.0,1
v2|head|causative|overlay_subject_visit_s00_urd|good|turn|621,head,causative,good,turn,urd,overlay_arg_1_match,overlay_subject_visit_s00,5.320000171661377,head,freqblimp_curated, the,.,-3.12011456489563,-5.495114326477051,2.374999761581421,1
v2|head|causative|overlay_subject_visit_s00_urd|good|twist|622,head,causative,good,twist,urd,overlay_arg_1_match,overlay_subject_visit_s00,4.21999979019165,head,freqblimp_curated, the,.,-2.3550286293029785,-3.8550286293029785,1.5,1
v2|head|causative|overlay_subject_visit_s00_urd|good|warp|623,head,causative,good,warp,urd,overlay_arg_1_match,overlay_subject_visit_s00,3.630000114440918,head,freqblimp_curated, the,.,-2.4401473999023438,-4.127647399902344,1.6875,1
v2|head|causative|overlay_subject_visit_s00_urd|good|worry|624,head,causative,good,worry,urd,overlay_arg_1_match,overlay_subject_visit_s00,4.840000152587891,head,freqblimp_curated, the,.,-3.3882896900177,-3.5757896900177,0.1875,1
v2|head|causative|overlay_subject_visit_s01_urinator|good|accelerate|625,head,causative,good,accelerate,urinator,overlay_arg_1_match,overlay_subject_visit_s01,3.6600000858306885,head,freqblimp_curated, the,.,-0.9350944757461548,-5.247594356536865,4.3125,1
v2|head|causative|overlay_subject_visit_s01_urinator|good|awaken|626,head,causative,good,awaken,urinator,overlay_arg_1_match,overlay_subject_visit_s01,3.7200000286102295,head,freqblimp_curated, the,.,-3.310070037841797,-3.122570037841797,-0.1875,0
v2|head|causative|overlay_subject_visit_s01_urinator|good|bake|627,head,causative,good,bake,urinator,overlay_arg_1_match,overlay_subject_visit_s01,3.9100000858306885,head,freqblimp_curated, the,.,-1.8823782205581665,-6.507378101348877,4.625,1
v2|head|causative|overlay_subject_visit_s01_urinator|good|benefit|628,head,causative,good,benefit,urinator,overlay_arg_1_match,overlay_subject_visit_s01,4.820000171661377,head,freqblimp_curated, the,.,-4.8303985595703125,-5.8303985595703125,1.0,1
v2|head|causative|overlay_subject_visit_s01_urinator|good|burn|629,head,causative,good,burn,urinator,overlay_arg_1_match,overlay_subject_visit_s01,4.53000020980835,head,freqblimp_curated, the,.,-1.604071021080017,-7.479071140289307,5.875,1
v2|head|causative|overlay_subject_visit_s01_urinator|good|change|630,head,causative,good,change,urinator,overlay_arg_1_match,overlay_subject_visit_s01,4.760000228881836,head,freqblimp_curated, the,.,-1.3943299055099487,-4.831830024719238,3.4375,1
v2|head|causative|overlay_subject_visit_s01_urinator|good|chip|631,head,causative,good,chip,urinator,overlay_arg_1_match,overlay_subject_visit_s01,4.309999942779541,head,freqblimp_curated, the,.,-1.8910969495773315,-6.578597068786621,4.6875,1
v2|head|causative|overlay_subject_visit_s01_urinator|good|close|632,head,causative,good,close,urinator,overlay_arg_1_match,overlay_subject_visit_s01,5.360000133514404,head,freqblimp_curated, the,.,-0.4180397093296051,-6.480539798736572,6.0625,1
v2|head|causative|overlay_subject_visit_s01_urinator|good|crack|633,head,causative,good,crack,urinator,overlay_arg_1_match,overlay_subject_visit_s01,4.409999847412109,head,freqblimp_curated, the,.,-1.6277477741241455,-6.752747535705566,5.125,1
v2|head|causative|overlay_subject_visit_s01_urinator|good|crash|634,head,causative,good,crash,urinator,overlay_arg_1_match,overlay_subject_visit_s01,4.550000190734863,head,freqblimp_curated, the,.,-1.6685600280761719,-3.668560028076172,2.0,1
v2|head|causative|overlay_subject_visit_s01_urinator|good|dim|635,head,causative,good,dim,urinator,overlay_arg_1_match,overlay_subject_visit_s01,3.619999885559082,head,freqblimp_curated, the,.,-0.7349035739898682,-5.797403335571289,5.0625,1
v2|head|causative|overlay_subject_visit_s01_urinator|good|drop|636,head,causative,good,drop,urinator,overlay_arg_1_match,overlay_subject_visit_s01,4.989999771118164,head,freqblimp_curated, the,.,-1.4158360958099365,-8.447086334228516,7.03125,1
v2|head|causative|overlay_subject_visit_s01_urinator|good|dry|637,head,causative,good,dry,urinator,overlay_arg_1_match,overlay_subject_visit_s01,4.739999771118164,head,freqblimp_curated, the,.,-1.5128849744796753,-5.200385093688965,3.6875,1
v2|head|causative|overlay_subject_visit_s01_urinator|good|fade|638,head,causative,good,fade,urinator,overlay_arg_1_match,overlay_subject_visit_s01,3.859999895095825,head,freqblimp_curated, the,.,-2.9989514350891113,-4.748951435089111,1.75,1
v2|head|causative|overlay_subject_visit_s01_urinator|good|fold|639,head,causative,good,fold,urinator,overlay_arg_1_match,overlay_subject_visit_s01,4.079999923706055,head,freqblimp_curated, the,.,-1.0692291259765625,-6.7567291259765625,5.6875,1
v2|head|causative|overlay_subject_visit_s01_urinator|good|freeze|640,head,causative,good,freeze,urinator,overlay_arg_1_match,overlay_subject_visit_s01,4.110000133514404,head,freqblimp_curated, the,.,-2.0616064071655273,-3.3116064071655273,1.25,1
v2|head|causative|overlay_subject_visit_s01_urinator|good|grow|641,head,causative,good,grow,urinator,overlay_arg_1_match,overlay_subject_visit_s01,4.900000095367432,head,freqblimp_curated, the,.,-3.471778392791748,-6.471778392791748,3.0,1
v2|head|causative|overlay_subject_visit_s01_urinator|good|melt|642,head,causative,good,melt,urinator,overlay_arg_1_match,overlay_subject_visit_s01,3.9600000381469727,head,freqblimp_curated, the,.,-1.5159072875976562,-4.390907287597656,2.875,1
v2|head|causative|overlay_subject_visit_s01_urinator|good|move|643,head,causative,good,move,urinator,overlay_arg_1_match,overlay_subject_visit_s01,5.349999904632568,head,freqblimp_curated, the,.,-2.466885805130005,-7.279385566711426,4.8125,1
v2|head|causative|overlay_subject_visit_s01_urinator|good|open|644,head,causative,good,open,urinator,overlay_arg_1_match,overlay_subject_visit_s01,5.480000019073486,head,freqblimp_curated, the,.,-0.8318058252334595,-7.95680570602417,7.125,1
v2|head|causative|overlay_subject_visit_s01_urinator|good|roll|645,head,causative,good,roll,urinator,overlay_arg_1_match,overlay_subject_visit_s01,4.75,head,freqblimp_curated, the,.,-1.7837224006652832,-7.721222400665283,5.9375,1
v2|head|causative|overlay_subject_visit_s01_urinator|good|shrink|647,head,causative,good,shrink,urinator,overlay_arg_1_match,overlay_subject_visit_s01,3.7300000190734863,head,freqblimp_curated, the,.,-1.6998106241226196,-4.13731050491333,2.4375,1
v2|head|causative|overlay_subject_visit_s01_urinator|good|shut|648,head,causative,good,shut,urinator,overlay_arg_1_match,overlay_subject_visit_s01,4.78000020980835,head,freqblimp_curated, the,.,-1.2344080209732056,-7.484407901763916,6.25,1
v2|head|causative|overlay_subject_visit_s01_urinator|good|slow|649,head,causative,good,slow,urinator,overlay_arg_1_match,overlay_subject_visit_s01,4.849999904632568,head,freqblimp_curated, the,.,-2.195042610168457,-6.632542610168457,4.4375,1
v2|head|causative|overlay_subject_visit_s01_urinator|good|soak|650,head,causative,good,soak,urinator,overlay_arg_1_match,overlay_subject_visit_s01,3.609999895095825,head,freqblimp_curated, the,.,-1.6023277044296265,-8.352327346801758,6.749999523162842,1
v2|head|causative|overlay_subject_visit_s01_urinator|good|stop|651,head,causative,good,stop,urinator,overlay_arg_1_match,overlay_subject_visit_s01,4.400000095367432,head,freqblimp_curated, the,.,-1.8647730350494385,-4.614772796630859,2.749999761581421,1
v2|head|causative|overlay_subject_visit_s01_urinator|good|stretch|652,head,causative,good,stretch,urinator,overlay_arg_1_match,overlay_subject_visit_s01,4.349999904632568,head,freqblimp_curated, the,.,-1.5129759311676025,-6.200475692749023,4.6875,1
v2|head|causative|overlay_subject_visit_s01_urinator|good|turn|654,head,causative,good,turn,urinator,overlay_arg_1_match,overlay_subject_visit_s01,5.320000171661377,head,freqblimp_curated, the,.,-1.6708168983459473,-7.483316898345947,5.8125,1
v2|head|causative|overlay_subject_visit_s01_urinator|good|twist|655,head,causative,good,twist,urinator,overlay_arg_1_match,overlay_subject_visit_s01,4.21999979019165,head,freqblimp_curated, the,.,-1.1270548105239868,-6.877054691314697,5.75,1
v2|head|causative|overlay_subject_visit_s01_urinator|good|warp|656,head,causative,good,warp,urinator,overlay_arg_1_match,overlay_subject_visit_s01,3.630000114440918,head,freqblimp_curated, the,.,-2.5284907817840576,-5.278491020202637,2.750000238418579,1
v2|head|causative|overlay_subject_visit_s01_urinator|good|worry|657,head,causative,good,worry,urinator,overlay_arg_1_match,overlay_subject_visit_s01,4.840000152587891,head,freqblimp_curated, the,.,-3.9678587913513184,-4.592858791351318,0.625,1
v2|head|causative|overlay_subject_visit_s03_urth|good|accelerate|691,head,causative,good,accelerate,urth,overlay_arg_1_match,overlay_subject_visit_s03,3.6600000858306885,head,freqblimp_curated, the,.,-1.7275900840759277,-3.1650900840759277,1.4375,1
v2|head|causative|overlay_subject_visit_s03_urth|good|awaken|692,head,causative,good,awaken,urth,overlay_arg_1_match,overlay_subject_visit_s03,3.7200000286102295,head,freqblimp_curated, the,.,-3.1012749671936035,-2.5387749671936035,-0.5625,0
v2|head|causative|overlay_subject_visit_s03_urth|good|bake|693,head,causative,good,bake,urth,overlay_arg_1_match,overlay_subject_visit_s03,3.9100000858306885,head,freqblimp_curated, the,.,-2.8706626892089844,-3.6206626892089844,0.75,1
v2|head|causative|overlay_subject_visit_s03_urth|good|benefit|694,head,causative,good,benefit,urth,overlay_arg_1_match,overlay_subject_visit_s03,4.820000171661377,head,freqblimp_curated, the,.,-2.952414035797119,-4.389914035797119,1.4375,1
v2|head|causative|overlay_subject_visit_s03_urth|good|burn|695,head,causative,good,burn,urth,overlay_arg_1_match,overlay_subject_visit_s03,4.53000020980835,head,freqblimp_curated, the,.,-3.288240432739258,-3.038240432739258,-0.25,0
v2|head|causative|overlay_subject_visit_s03_urth|good|change|696,head,causative,good,change,urth,overlay_arg_1_match,overlay_subject_visit_s03,4.760000228881836,head,freqblimp_curated, the,.,-2.886472463607788,-2.948972463607788,0.0625,1
v2|head|causative|overlay_subject_visit_s03_urth|good|chip|697,head,causative,good,chip,urth,overlay_arg_1_match,overlay_subject_visit_s03,4.309999942779541,head,freqblimp_curated, the,.,-3.7954742908477783,-5.045474052429199,1.249999761581421,1
v2|head|causative|overlay_subject_visit_s03_urth|good|close|698,head,causative,good,close,urth,overlay_arg_1_match,overlay_subject_visit_s03,5.360000133514404,head,freqblimp_curated, the,.,-2.6355762481689453,-2.7605762481689453,0.125,1
v2|head|causative|overlay_subject_visit_s03_urth|good|crack|699,head,causative,good,crack,urth,overlay_arg_1_match,overlay_subject_visit_s03,4.409999847412109,head,freqblimp_curated, the,.,-2.993773937225342,-3.181273937225342,0.1875,1
v2|head|causative|overlay_subject_visit_s03_urth|good|crash|700,head,causative,good,crash,urth,overlay_arg_1_match,overlay_subject_visit_s03,4.550000190734863,head,freqblimp_curated, the,.,-3.599307060241699,-2.599307060241699,-1.0,0
v2|head|causative|overlay_subject_visit_s03_urth|good|dim|701,head,causative,good,dim,urth,overlay_arg_1_match,overlay_subject_visit_s03,3.619999885559082,head,freqblimp_curated, the,.,-4.247711181640625,-3.560211420059204,-0.6874997615814209,0
v2|head|causative|overlay_subject_visit_s03_urth|good|drop|702,head,causative,good,drop,urth,overlay_arg_1_match,overlay_subject_visit_s03,4.989999771118164,head,freqblimp_curated, the,.,-2.3984858989715576,-4.023486137390137,1.625000238418579,1
v2|head|causative|overlay_subject_visit_s03_urth|good|dry|703,head,causative,good,dry,urth,overlay_arg_1_match,overlay_subject_visit_s03,4.739999771118164,head,freqblimp_curated, the,.,-4.43729305267334,-3.12479305267334,-1.3125,0
v2|head|causative|overlay_subject_visit_s03_urth|good|fade|704,head,causative,good,fade,urth,overlay_arg_1_match,overlay_subject_visit_s03,3.859999895095825,head,freqblimp_curated, the,.,-6.077968120574951,-3.140468120574951,-2.9375,0
v2|head|causative|overlay_subject_visit_s03_urth|good|fold|705,head,causative,good,fold,urth,overlay_arg_1_match,overlay_subject_visit_s03,4.079999923706055,head,freqblimp_curated, the,.,-2.5847511291503906,-3.6472511291503906,1.0625,1
v2|head|causative|overlay_subject_visit_s03_urth|good|freeze|706,head,causative,good,freeze,urth,overlay_arg_1_match,overlay_subject_visit_s03,4.110000133514404,head,freqblimp_curated, the,.,-3.9211008548736572,-2.2961008548736572,-1.625,0
v2|head|causative|overlay_subject_visit_s03_urth|good|grow|707,head,causative,good,grow,urth,overlay_arg_1_match,overlay_subject_visit_s03,4.900000095367432,head,freqblimp_curated, the,.,-5.03603982925415,-3.4735398292541504,-1.5625,0
v2|head|causative|overlay_subject_visit_s03_urth|good|melt|708,head,causative,good,melt,urth,overlay_arg_1_match,overlay_subject_visit_s03,3.9600000381469727,head,freqblimp_curated, the,.,-4.289609909057617,-3.1021101474761963,-1.187499761581421,0
v2|head|causative|overlay_subject_visit_s03_urth|good|move|709,head,causative,good,move,urth,overlay_arg_1_match,overlay_subject_visit_s03,5.349999904632568,head,freqblimp_curated, the,.,-4.348008155822754,-6.035508155822754,1.6875,1
v2|head|causative|overlay_subject_visit_s03_urth|good|open|710,head,causative,good,open,urth,overlay_arg_1_match,overlay_subject_visit_s03,5.480000019073486,head,freqblimp_curated, the,.,-2.3586599826812744,-4.171159744262695,1.812499761581421,1
v2|head|causative|overlay_subject_visit_s03_urth|good|roll|711,head,causative,good,roll,urth,overlay_arg_1_match,overlay_subject_visit_s03,4.75,head,freqblimp_curated, the,.,-4.762122631072998,-4.199622631072998,-0.5625,0
v2|head|causative|overlay_subject_visit_s03_urth|good|shrink|713,head,causative,good,shrink,urth,overlay_arg_1_match,overlay_subject_visit_s03,3.7300000190734863,head,freqblimp_curated, the,.,-4.839730262756348,-2.7772300243377686,-2.062500238418579,0
v2|head|causative|overlay_subject_visit_s03_urth|good|shut|714,head,causative,good,shut,urth,overlay_arg_1_match,overlay_subject_visit_s03,4.78000020980835,head,freqblimp_curated, the,.,-2.8626129627227783,-3.8001129627227783,0.9375,1
v2|head|causative|overlay_subject_visit_s03_urth|good|slow|715,head,causative,good,slow,urth,overlay_arg_1_match,overlay_subject_visit_s03,4.849999904632568,head,freqblimp_curated, the,.,-4.399275302886963,-4.774275302886963,0.375,1
v2|head|causative|overlay_subject_visit_s03_urth|good|soak|716,head,causative,good,soak,urth,overlay_arg_1_match,overlay_subject_visit_s03,3.609999895095825,head,freqblimp_curated, the,.,-3.152132034301758,-4.714632034301758,1.5625,1
v2|head|causative|overlay_subject_visit_s03_urth|good|stop|717,head,causative,good,stop,urth,overlay_arg_1_match,overlay_subject_visit_s03,4.400000095367432,head,freqblimp_curated, the,.,-3.8327996730804443,-4.082799911499023,0.2500002384185791,1
v2|head|causative|overlay_subject_visit_s03_urth|good|stretch|718,head,causative,good,stretch,urth,overlay_arg_1_match,overlay_subject_visit_s03,4.349999904632568,head,freqblimp_curated, the,.,-3.9085607528686523,-5.096060752868652,1.1875,1
v2|head|causative|overlay_subject_visit_s03_urth|good|turn|720,head,causative,good,turn,urth,overlay_arg_1_match,overlay_subject_visit_s03,5.320000171661377,head,freqblimp_curated, the,.,-4.039200305938721,-5.976700305938721,1.9375,1
v2|head|causative|overlay_subject_visit_s03_urth|good|twist|721,head,causative,good,twist,urth,overlay_arg_1_match,overlay_subject_visit_s03,4.21999979019165,head,freqblimp_curated, the,.,-2.9854297637939453,-3.6104297637939453,0.625,1
v2|head|causative|overlay_subject_visit_s03_urth|good|warp|722,head,causative,good,warp,urth,overlay_arg_1_match,overlay_subject_visit_s03,3.630000114440918,head,freqblimp_curated, the,.,-3.417874336242676,-4.480374336242676,1.0625,1
v2|head|causative|overlay_subject_visit_s03_urth|good|worry|723,head,causative,good,worry,urth,overlay_arg_1_match,overlay_subject_visit_s03,4.840000152587891,head,freqblimp_curated, the,.,-3.059448719024658,-3.684448719024658,0.625,1
v2|head|causative|overlay_subject_check_s02_ragpicker|good|accelerate|790,head,causative,good,accelerate,ragpicker,overlay_arg_1_match,overlay_subject_check_s02,3.6600000858306885,head,freqblimp_curated, the,.,-1.3803578615188599,-4.75535774230957,3.375,1
v2|head|causative|overlay_subject_check_s02_ragpicker|good|awaken|791,head,causative,good,awaken,ragpicker,overlay_arg_1_match,overlay_subject_check_s02,3.7200000286102295,head,freqblimp_curated, the,.,-2.032471179962158,-3.969971179962158,1.9375,1
v2|head|causative|overlay_subject_check_s02_ragpicker|good|bake|792,head,causative,good,bake,ragpicker,overlay_arg_1_match,overlay_subject_check_s02,3.9100000858306885,head,freqblimp_curated, the,.,-1.3836969137191772,-6.696197032928467,5.3125,1
v2|head|causative|overlay_subject_check_s02_ragpicker|good|benefit|793,head,causative,good,benefit,ragpicker,overlay_arg_1_match,overlay_subject_check_s02,4.820000171661377,head,freqblimp_curated, the,.,-4.0614013671875,-5.6864013671875,1.625,1
v2|head|causative|overlay_subject_check_s02_ragpicker|good|burn|794,head,causative,good,burn,ragpicker,overlay_arg_1_match,overlay_subject_check_s02,4.53000020980835,head,freqblimp_curated, the,.,-1.395066738128662,-7.895066738128662,6.5,1
v2|head|causative|overlay_subject_check_s02_ragpicker|good|change|795,head,causative,good,change,ragpicker,overlay_arg_1_match,overlay_subject_check_s02,4.760000228881836,head,freqblimp_curated, the,.,-1.0607199668884277,-6.935719966888428,5.875,1
v2|head|causative|overlay_subject_check_s02_ragpicker|good|chip|796,head,causative,good,chip,ragpicker,overlay_arg_1_match,overlay_subject_check_s02,4.309999942779541,head,freqblimp_curated, the,.,-1.8478530645370483,-7.722853183746338,5.875,1
v2|head|causative|overlay_subject_check_s02_ragpicker|good|close|797,head,causative,good,close,ragpicker,overlay_arg_1_match,overlay_subject_check_s02,5.360000133514404,head,freqblimp_curated, the,.,-0.7962935566902161,-8.858793258666992,8.0625,1
v2|head|causative|overlay_subject_check_s02_ragpicker|good|crack|798,head,causative,good,crack,ragpicker,overlay_arg_1_match,overlay_subject_check_s02,4.409999847412109,head,freqblimp_curated, the,.,-1.4038387537002563,-7.841338634490967,6.4375,1
v2|head|causative|overlay_subject_check_s02_ragpicker|good|crash|799,head,causative,good,crash,ragpicker,overlay_arg_1_match,overlay_subject_check_s02,4.550000190734863,head,freqblimp_curated, the,.,-1.4850058555603027,-3.7350058555603027,2.25,1
v2|head|causative|overlay_subject_check_s02_ragpicker|good|dim|800,head,causative,good,dim,ragpicker,overlay_arg_1_match,overlay_subject_check_s02,3.619999885559082,head,freqblimp_curated, the,.,-0.7980310320854187,-6.735530853271484,5.9375,1
v2|head|causative|overlay_subject_check_s02_ragpicker|good|drop|801,head,causative,good,drop,ragpicker,overlay_arg_1_match,overlay_subject_check_s02,4.989999771118164,head,freqblimp_curated, the,.,-1.0373942852020264,-10.287394523620605,9.25,1
v2|head|causative|overlay_subject_check_s02_ragpicker|good|dry|802,head,causative,good,dry,ragpicker,overlay_arg_1_match,overlay_subject_check_s02,4.739999771118164,head,freqblimp_curated, the,.,-0.8809342384338379,-8.38093376159668,7.499999523162842,1
v2|head|causative|overlay_subject_check_s02_ragpicker|good|fade|803,head,causative,good,fade,ragpicker,overlay_arg_1_match,overlay_subject_check_s02,3.859999895095825,head,freqblimp_curated, the,.,-2.0344254970550537,-7.534425735473633,5.5,1
v2|head|causative|overlay_subject_check_s02_ragpicker|good|fold|804,head,causative,good,fold,ragpicker,overlay_arg_1_match,overlay_subject_check_s02,4.079999923706055,head,freqblimp_curated, the,.,-0.874495267868042,-8.436995506286621,7.5625,1
v2|head|causative|overlay_subject_check_s02_ragpicker|good|freeze|805,head,causative,good,freeze,ragpicker,overlay_arg_1_match,overlay_subject_check_s02,4.110000133514404,head,freqblimp_curated, the,.,-1.8568912744522095,-3.23189115524292,1.3749998807907104,1
v2|head|causative|overlay_subject_check_s02_ragpicker|good|grow|806,head,causative,good,grow,ragpicker,overlay_arg_1_match,overlay_subject_check_s02,4.900000095367432,head,freqblimp_curated, the,.,-4.781886100769043,-6.781886100769043,2.0,1
v2|head|causative|overlay_subject_check_s02_ragpicker|good|melt|807,head,causative,good,melt,ragpicker,overlay_arg_1_match,overlay_subject_check_s02,3.9600000381469727,head,freqblimp_curated, the,.,-1.1035808324813843,-5.791080951690674,4.6875,1
v2|head|causative|overlay_subject_check_s02_ragpicker|good|move|808,head,causative,good,move,ragpicker,overlay_arg_1_match,overlay_subject_check_s02,5.349999904632568,head,freqblimp_curated, the,.,-1.1170690059661865,-8.554569244384766,7.4375,1
v2|head|causative|overlay_subject_check_s02_ragpicker|good|open|809,head,causative,good,open,ragpicker,overlay_arg_1_match,overlay_subject_check_s02,5.480000019073486,head,freqblimp_curated, the,.,-0.9493402242660522,-9.980589866638184,9.03125,1
v2|head|causative|overlay_subject_check_s02_ragpicker|good|roll|810,head,causative,good,roll,ragpicker,overlay_arg_1_match,overlay_subject_check_s02,4.75,head,freqblimp_curated, the,.,-1.0646039247512817,-10.564603805541992,9.5,1
v2|head|causative|overlay_subject_check_s02_ragpicker|good|shrink|812,head,causative,good,shrink,ragpicker,overlay_arg_1_match,overlay_subject_check_s02,3.7300000190734863,head,freqblimp_curated, the,.,-1.1706955432891846,-5.2331953048706055,4.0625,1
v2|head|causative|overlay_subject_check_s02_ragpicker|good|shut|813,head,causative,good,shut,ragpicker,overlay_arg_1_match,overlay_subject_check_s02,4.78000020980835,head,freqblimp_curated, the,.,-1.2054009437561035,-8.767900466918945,7.562499523162842,1
v2|head|causative|overlay_subject_check_s02_ragpicker|good|slow|814,head,causative,good,slow,ragpicker,overlay_arg_1_match,overlay_subject_check_s02,4.849999904632568,head,freqblimp_curated, the,.,-2.5441980361938477,-7.731698036193848,5.1875,1
v2|head|causative|overlay_subject_check_s02_ragpicker|good|soak|815,head,causative,good,soak,ragpicker,overlay_arg_1_match,overlay_subject_check_s02,3.609999895095825,head,freqblimp_curated, the,.,-0.8917895555496216,-9.391789436340332,8.5,1
v2|head|causative|overlay_subject_check_s02_ragpicker|good|stop|816,head,causative,good,stop,ragpicker,overlay_arg_1_match,overlay_subject_check_s02,4.400000095367432,head,freqblimp_curated, the,.,-2.2526071071624756,-5.565107345581055,3.312500238418579,1
v2|head|causative|overlay_subject_check_s02_ragpicker|good|stretch|817,head,causative,good,stretch,ragpicker,overlay_arg_1_match,overlay_subject_check_s02,4.349999904632568,head,freqblimp_curated, the,.,-1.0386545658111572,-8.788654327392578,7.75,1
v2|head|causative|overlay_subject_check_s02_ragpicker|good|turn|819,head,causative,good,turn,ragpicker,overlay_arg_1_match,overlay_subject_check_s02,5.320000171661377,head,freqblimp_curated, the,.,-1.728210210800171,-7.54071044921875,5.8125,1
v2|head|causative|overlay_subject_check_s02_ragpicker|good|twist|820,head,causative,good,twist,ragpicker,overlay_arg_1_match,overlay_subject_check_s02,4.21999979019165,head,freqblimp_curated, the,.,-0.6469254493713379,-8.08442497253418,7.437499523162842,1
v2|head|causative|overlay_subject_check_s02_ragpicker|good|warp|821,head,causative,good,warp,ragpicker,overlay_arg_1_match,overlay_subject_check_s02,3.630000114440918,head,freqblimp_curated, the,.,-0.8962650299072266,-5.771265029907227,4.875,1
v2|head|causative|overlay_subject_check_s02_ragpicker|good|worry|822,head,causative,good,worry,ragpicker,overlay_arg_1_match,overlay_subject_check_s02,4.840000152587891,head,freqblimp_curated, the,.,-4.192622184753418,-5.380122184753418,1.1875,1
v2|head|causative|overlay_subject_tomorrow_s02_babyminder|good|accelerate|922,head,causative,good,accelerate,babyminder,overlay_arg_1_match,overlay_subject_tomorrow_s02,3.6600000858306885,head,freqblimp_curated, the,.,-1.938356876373291,-3.063356876373291,1.125,1
v2|head|causative|overlay_subject_tomorrow_s02_babyminder|good|awaken|923,head,causative,good,awaken,babyminder,overlay_arg_1_match,overlay_subject_tomorrow_s02,3.7200000286102295,head,freqblimp_curated, the,.,-4.067546844482422,-2.192546844482422,-1.875,0
v2|head|causative|overlay_subject_tomorrow_s02_babyminder|good|bake|924,head,causative,good,bake,babyminder,overlay_arg_1_match,overlay_subject_tomorrow_s02,3.9100000858306885,head,freqblimp_curated, the,.,-2.60489821434021,-3.85489821434021,1.25,1
v2|head|causative|overlay_subject_tomorrow_s02_babyminder|good|benefit|925,head,causative,good,benefit,babyminder,overlay_arg_1_match,overlay_subject_tomorrow_s02,4.820000171661377,head,freqblimp_curated, the,.,-3.07780122756958,-4.20280122756958,1.125,1
v2|head|causative|overlay_subject_tomorrow_s02_babyminder|good|burn|926,head,causative,good,burn,babyminder,overlay_arg_1_match,overlay_subject_tomorrow_s02,4.53000020980835,head,freqblimp_curated, the,.,-3.1271727085113525,-3.0646727085113525,-0.0625,0
v2|head|causative|overlay_subject_tomorrow_s02_babyminder|good|change|927,head,causative,good,change,babyminder,overlay_arg_1_match,overlay_subject_tomorrow_s02,4.760000228881836,head,freqblimp_curated, the,.,-2.8449599742889404,-2.3449599742889404,-0.5,0
v2|head|causative|overlay_subject_tomorrow_s02_babyminder|good|chip|928,head,causative,good,chip,babyminder,overlay_arg_1_match,overlay_subject_tomorrow_s02,4.309999942779541,head,freqblimp_curated, the,.,-4.2683539390563965,-5.8308539390563965,1.5625,1
v2|head|causative|overlay_subject_tomorrow_s02_babyminder|good|close|929,head,causative,good,close,babyminder,overlay_arg_1_match,overlay_subject_tomorrow_s02,5.360000133514404,head,freqblimp_curated, the,.,-2.788942337036133,-2.288942337036133,-0.5,0
v2|head|causative|overlay_subject_tomorrow_s02_babyminder|good|crack|930,head,causative,good,crack,babyminder,overlay_arg_1_match,overlay_subject_tomorrow_s02,4.409999847412109,head,freqblimp_curated, the,.,-2.8647336959838867,-2.4897336959838867,-0.375,0
v2|head|causative|overlay_subject_tomorrow_s02_babyminder|good|crash|931,head,causative,good,crash,babyminder,overlay_arg_1_match,overlay_subject_tomorrow_s02,4.550000190734863,head,freqblimp_curated, the,.,-4.2622528076171875,-2.0747528076171875,-2.1875,0
v2|head|causative|overlay_subject_tomorrow_s02_babyminder|good|dim|932,head,causative,good,dim,babyminder,overlay_arg_1_match,overlay_subject_tomorrow_s02,3.619999885559082,head,freqblimp_curated, the,.,-3.0919017791748047,-2.1544017791748047,-0.9375,0
v2|head|causative|overlay_subject_tomorrow_s02_babyminder|good|drop|933,head,causative,good,drop,babyminder,overlay_arg_1_match,overlay_subject_tomorrow_s02,4.989999771118164,head,freqblimp_curated, the,.,-2.9295856952667236,-2.3045856952667236,-0.625,0
v2|head|causative|overlay_subject_tomorrow_s02_babyminder|good|dry|934,head,causative,good,dry,babyminder,overlay_arg_1_match,overlay_subject_tomorrow_s02,4.739999771118164,head,freqblimp_curated, the,.,-3.822235107421875,-2.759735107421875,-1.0625,0
v2|head|causative|overlay_subject_tomorrow_s02_babyminder|good|fade|935,head,causative,good,fade,babyminder,overlay_arg_1_match,overlay_subject_tomorrow_s02,3.859999895095825,head,freqblimp_curated, the,.,-6.162307262420654,-2.3498072624206543,-3.8125,0
v2|head|causative|overlay_subject_tomorrow_s02_babyminder|good|fold|936,head,causative,good,fold,babyminder,overlay_arg_1_match,overlay_subject_tomorrow_s02,4.079999923706055,head,freqblimp_curated, the,.,-3.3423006534576416,-2.2798006534576416,-1.0625,0
v2|head|causative|overlay_subject_tomorrow_s02_babyminder|good|freeze|937,head,causative,good,freeze,babyminder,overlay_arg_1_match,overlay_subject_tomorrow_s02,4.110000133514404,head,freqblimp_curated, the,.,-3.7105743885040283,-2.3980743885040283,-1.3125,0
v2|head|causative|overlay_subject_tomorrow_s02_babyminder|good|grow|938,head,causative,good,grow,babyminder,overlay_arg_1_match,overlay_subject_tomorrow_s02,4.900000095367432,head,freqblimp_curated, the,.,-6.37540340423584,-3.25040340423584,-3.125,0
v2|head|causative|overlay_subject_tomorrow_s02_babyminder|good|melt|939,head,causative,good,melt,babyminder,overlay_arg_1_match,overlay_subject_tomorrow_s02,3.9600000381469727,head,freqblimp_curated, the,.,-3.1814703941345215,-2.9314703941345215,-0.25,0
v2|head|causative|overlay_subject_tomorrow_s02_babyminder|good|move|940,head,causative,good,move,babyminder,overlay_arg_1_match,overlay_subject_tomorrow_s02,5.349999904632568,head,freqblimp_curated, the,.,-3.217641830444336,-4.092641830444336,0.875,1
v2|head|causative|overlay_subject_tomorrow_s02_babyminder|good|open|941,head,causative,good,open,babyminder,overlay_arg_1_match,overlay_subject_tomorrow_s02,5.480000019073486,head,freqblimp_curated, the,.,-2.4879863262176514,-2.8629863262176514,0.375,1
v2|head|causative|overlay_subject_tomorrow_s02_babyminder|good|roll|942,head,causative,good,roll,babyminder,overlay_arg_1_match,overlay_subject_tomorrow_s02,4.75,head,freqblimp_curated, the,.,-4.768099784851074,-3.330599784851074,-1.4375,0
v2|head|causative|overlay_subject_tomorrow_s02_babyminder|good|shrink|944,head,causative,good,shrink,babyminder,overlay_arg_1_match,overlay_subject_tomorrow_s02,3.7300000190734863,head,freqblimp_curated, the,.,-4.211742401123047,-2.961742401123047,-1.25,0
v2|head|causative|overlay_subject_tomorrow_s02_babyminder|good|shut|945,head,causative,good,shut,babyminder,overlay_arg_1_match,overlay_subject_tomorrow_s02,4.78000020980835,head,freqblimp_curated, the,.,-3.7838807106018066,-4.533880710601807,0.75,1
v2|head|causative|overlay_subject_tomorrow_s02_babyminder|good|slow|946,head,causative,good,slow,babyminder,overlay_arg_1_match,overlay_subject_tomorrow_s02,4.849999904632568,head,freqblimp_curated, the,.,-4.5582451820373535,-4.3082451820373535,-0.25,0
v2|head|causative|overlay_subject_tomorrow_s02_babyminder|good|soak|947,head,causative,good,soak,babyminder,overlay_arg_1_match,overlay_subject_tomorrow_s02,3.609999895095825,head,freqblimp_curated, the,.,-3.033200740814209,-4.470700740814209,1.4375,1
v2|head|causative|overlay_subject_tomorrow_s02_babyminder|good|stop|948,head,causative,good,stop,babyminder,overlay_arg_1_match,overlay_subject_tomorrow_s02,4.400000095367432,head,freqblimp_curated, the,.,-5.068049430847168,-2.130549669265747,-2.937499761581421,0
v2|head|causative|overlay_subject_tomorrow_s02_babyminder|good|stretch|949,head,causative,good,stretch,babyminder,overlay_arg_1_match,overlay_subject_tomorrow_s02,4.349999904632568,head,freqblimp_curated, the,.,-3.2681922912597656,-4.643192291259766,1.375,1
v2|head|causative|overlay_subject_tomorrow_s02_babyminder|good|turn|951,head,causative,good,turn,babyminder,overlay_arg_1_match,overlay_subject_tomorrow_s02,5.320000171661377,head,freqblimp_curated, the,.,-3.875779628753662,-5.438279628753662,1.5625,1
v2|head|causative|overlay_subject_tomorrow_s02_babyminder|good|twist|952,head,causative,good,twist,babyminder,overlay_arg_1_match,overlay_subject_tomorrow_s02,4.21999979019165,head,freqblimp_curated, the,.,-2.709559440612793,-4.334559440612793,1.625,1
v2|head|causative|overlay_subject_tomorrow_s02_babyminder|good|warp|953,head,causative,good,warp,babyminder,overlay_arg_1_match,overlay_subject_tomorrow_s02,3.630000114440918,head,freqblimp_curated, the,.,-2.4996232986450195,-4.0621232986450195,1.5625,1
v2|head|causative|overlay_subject_tomorrow_s02_babyminder|good|worry|954,head,causative,good,worry,babyminder,overlay_arg_1_match,overlay_subject_tomorrow_s02,4.840000152587891,head,freqblimp_curated, the,.,-4.074928283691406,-3.512428045272827,-0.5625002384185791,0
v2|head|causative|overlay_subject_tomorrow_s03_babysitter|good|accelerate|955,head,causative,good,accelerate,babysitter,overlay_arg_1_match,overlay_subject_tomorrow_s03,3.6600000858306885,head,freqblimp_curated, the,.,-1.0286041498184204,-4.153604030609131,3.125,1
v2|head|causative|overlay_subject_tomorrow_s03_babysitter|good|awaken|956,head,causative,good,awaken,babysitter,overlay_arg_1_match,overlay_subject_tomorrow_s03,3.7200000286102295,head,freqblimp_curated, the,.,-3.3819985389709473,-2.6319985389709473,-0.75,0
v2|head|causative|overlay_subject_tomorrow_s03_babysitter|good|bake|957,head,causative,good,bake,babysitter,overlay_arg_1_match,overlay_subject_tomorrow_s03,3.9100000858306885,head,freqblimp_curated, the,.,-3.3348662853240967,-4.897366523742676,1.562500238418579,1
v2|head|causative|overlay_subject_tomorrow_s03_babysitter|good|benefit|958,head,causative,good,benefit,babysitter,overlay_arg_1_match,overlay_subject_tomorrow_s03,4.820000171661377,head,freqblimp_curated, the,.,-4.631434440612793,-3.506434679031372,-1.124999761581421,0
v2|head|causative|overlay_subject_tomorrow_s03_babysitter|good|burn|959,head,causative,good,burn,babysitter,overlay_arg_1_match,overlay_subject_tomorrow_s03,4.53000020980835,head,freqblimp_curated, the,.,-1.7510676383972168,-4.751067638397217,3.0,1
v2|head|causative|overlay_subject_tomorrow_s03_babysitter|good|change|960,head,causative,good,change,babysitter,overlay_arg_1_match,overlay_subject_tomorrow_s03,4.760000228881836,head,freqblimp_curated, the,.,-2.25400710105896,-2.50400710105896,0.25,1
v2|head|causative|overlay_subject_tomorrow_s03_babysitter|good|chip|961,head,causative,good,chip,babysitter,overlay_arg_1_match,overlay_subject_tomorrow_s03,4.309999942779541,head,freqblimp_curated, the,.,-3.9497718811035156,-5.637271881103516,1.6875,1
v2|head|causative|overlay_subject_tomorrow_s03_babysitter|good|close|962,head,causative,good,close,babysitter,overlay_arg_1_match,overlay_subject_tomorrow_s03,5.360000133514404,head,freqblimp_curated, the,.,-1.1003025770187378,-3.4753026962280273,2.375,1
v2|head|causative|overlay_subject_tomorrow_s03_babysitter|good|crack|963,head,causative,good,crack,babysitter,overlay_arg_1_match,overlay_subject_tomorrow_s03,4.409999847412109,head,freqblimp_curated, the,.,-1.7744536399841309,-3.961953639984131,2.1875,1
v2|head|causative|overlay_subject_tomorrow_s03_babysitter|good|crash|964,head,causative,good,crash,babysitter,overlay_arg_1_match,overlay_subject_tomorrow_s03,4.550000190734863,head,freqblimp_curated, the,.,-3.4935708045959473,-2.2435708045959473,-1.25,0
v2|head|causative|overlay_subject_tomorrow_s03_babysitter|good|dim|965,head,causative,good,dim,babysitter,overlay_arg_1_match,overlay_subject_tomorrow_s03,3.619999885559082,head,freqblimp_curated, the,.,-0.29383721947669983,-6.043837070465088,5.75,1
v2|head|causative|overlay_subject_tomorrow_s03_babysitter|good|drop|966,head,causative,good,drop,babysitter,overlay_arg_1_match,overlay_subject_tomorrow_s03,4.989999771118164,head,freqblimp_curated, the,.,-2.0976874828338623,-8.191437721252441,6.09375,1
v2|head|causative|overlay_subject_tomorrow_s03_babysitter|good|dry|967,head,causative,good,dry,babysitter,overlay_arg_1_match,overlay_subject_tomorrow_s03,4.739999771118164,head,freqblimp_curated, the,.,-2.3179497718811035,-5.9429497718811035,3.625,1
v2|head|causative|overlay_subject_tomorrow_s03_babysitter|good|fade|968,head,causative,good,fade,babysitter,overlay_arg_1_match,overlay_subject_tomorrow_s03,3.859999895095825,head,freqblimp_curated, the,.,-5.467494010925293,-3.342494010925293,-2.125,0
v2|head|causative|overlay_subject_tomorrow_s03_babysitter|good|fold|969,head,causative,good,fold,babysitter,overlay_arg_1_match,overlay_subject_tomorrow_s03,4.079999923706055,head,freqblimp_curated, the,.,-1.5354820489883423,-5.222981929779053,3.6875,1
v2|head|causative|overlay_subject_tomorrow_s03_babysitter|good|freeze|970,head,causative,good,freeze,babysitter,overlay_arg_1_match,overlay_subject_tomorrow_s03,4.110000133514404,head,freqblimp_curated, the,.,-4.417507171630859,-2.8550071716308594,-1.5625,0
v2|head|causative|overlay_subject_tomorrow_s03_babysitter|good|grow|971,head,causative,good,grow,babysitter,overlay_arg_1_match,overlay_subject_tomorrow_s03,4.900000095367432,head,freqblimp_curated, the,.,-6.978285789489746,-5.103285789489746,-1.875,0
v2|head|causative|overlay_subject_tomorrow_s03_babysitter|good|melt|972,head,causative,good,melt,babysitter,overlay_arg_1_match,overlay_subject_tomorrow_s03,3.9600000381469727,head,freqblimp_curated, the,.,-2.7170467376708984,-3.0295467376708984,0.3125,1
v2|head|causative|overlay_subject_tomorrow_s03_babysitter|good|move|973,head,causative,good,move,babysitter,overlay_arg_1_match,overlay_subject_tomorrow_s03,5.349999904632568,head,freqblimp_curated, the,.,-2.9885916709899902,-4.11359167098999,1.125,1
v2|head|causative|overlay_subject_tomorrow_s03_babysitter|good|open|974,head,causative,good,open,babysitter,overlay_arg_1_match,overlay_subject_tomorrow_s03,5.480000019073486,head,freqblimp_curated, the,.,-0.6126444935798645,-4.425144672393799,3.812500238418579,1
v2|head|causative|overlay_subject_tomorrow_s03_babysitter|good|roll|975,head,causative,good,roll,babysitter,overlay_arg_1_match,overlay_subject_tomorrow_s03,4.75,head,freqblimp_curated, the,.,-3.4225709438323975,-5.235071182250977,1.812500238418579,1
v2|head|causative|overlay_subject_tomorrow_s03_babysitter|good|shrink|977,head,causative,good,shrink,babysitter,overlay_arg_1_match,overlay_subject_tomorrow_s03,3.7300000190734863,head,freqblimp_curated, the,.,-3.0098609924316406,-3.5098609924316406,0.5,1
v2|head|causative|overlay_subject_tomorrow_s03_babysitter|good|shut|978,head,causative,good,shut,babysitter,overlay_arg_1_match,overlay_subject_tomorrow_s03,4.78000020980835,head,freqblimp_curated, the,.,-0.9715076684951782,-7.221507549285889,6.25,1
v2|head|causative|overlay_subject_tomorrow_s03_babysitter|good|slow|979,head,causative,good,slow,babysitter,overlay_arg_1_match,overlay_subject_tomorrow_s03,4.849999904632568,head,freqblimp_curated, the,.,-3.4406747817993164,-6.065674781799316,2.625,1
v2|head|causative|overlay_subject_tomorrow_s03_babysitter|good|soak|980,head,causative,good,soak,babysitter,overlay_arg_1_match,overlay_subject_tomorrow_s03,3.609999895095825,head,freqblimp_curated, the,.,-2.1247830390930176,-5.374783039093018,3.25,1
v2|head|causative|overlay_subject_tomorrow_s03_babysitter|good|stop|981,head,causative,good,stop,babysitter,overlay_arg_1_match,overlay_subject_tomorrow_s03,4.400000095367432,head,freqblimp_curated, the,.,-5.587724208831787,-6.712724208831787,1.125,1
v2|head|causative|overlay_subject_tomorrow_s03_babysitter|good|stretch|982,head,causative,good,stretch,babysitter,overlay_arg_1_match,overlay_subject_tomorrow_s03,4.349999904632568,head,freqblimp_curated, the,.,-2.4691803455352783,-5.156680107116699,2.687499761581421,1
v2|head|causative|overlay_subject_tomorrow_s03_babysitter|good|turn|984,head,causative,good,turn,babysitter,overlay_arg_1_match,overlay_subject_tomorrow_s03,5.320000171661377,head,freqblimp_curated, the,.,-3.2705726623535156,-6.333072662353516,3.0625,1
v2|head|causative|overlay_subject_tomorrow_s03_babysitter|good|twist|985,head,causative,good,twist,babysitter,overlay_arg_1_match,overlay_subject_tomorrow_s03,4.21999979019165,head,freqblimp_curated, the,.,-2.4474449157714844,-6.009944915771484,3.5625,1
v2|head|causative|overlay_subject_tomorrow_s03_babysitter|good|warp|986,head,causative,good,warp,babysitter,overlay_arg_1_match,overlay_subject_tomorrow_s03,3.630000114440918,head,freqblimp_curated, the,.,-2.208932876586914,-4.333932876586914,2.125,1
v2|head|causative|overlay_subject_tomorrow_s03_babysitter|good|worry|987,head,causative,good,worry,babysitter,overlay_arg_1_match,overlay_subject_tomorrow_s03,4.840000152587891,head,freqblimp_curated, the,.,-5.36021614074707,-2.2352161407470703,-3.125,0
v2|head|causative|overlay_subject_trial_s01_neurologist|good|accelerate|1021,head,causative,good,accelerate,neurologist,overlay_arg_1_match,overlay_subject_trial_s01,3.6600000858306885,head,freqblimp_curated, the,.,-0.3548178970813751,-7.573567867279053,7.21875,1
v2|head|causative|overlay_subject_trial_s01_neurologist|good|awaken|1022,head,causative,good,awaken,neurologist,overlay_arg_1_match,overlay_subject_trial_s01,3.7200000286102295,head,freqblimp_curated, the,.,-0.55137038230896,-7.363870620727539,6.8125,1
v2|head|causative|overlay_subject_trial_s01_neurologist|good|bake|1023,head,causative,good,bake,neurologist,overlay_arg_1_match,overlay_subject_trial_s01,3.9100000858306885,head,freqblimp_curated, the,.,-1.3988834619522095,-8.117633819580078,6.718750476837158,1
v2|head|causative|overlay_subject_trial_s01_neurologist|good|benefit|1024,head,causative,good,benefit,neurologist,overlay_arg_1_match,overlay_subject_trial_s01,4.820000171661377,head,freqblimp_curated, the,.,-3.9721662998199463,-5.722166061401367,1.749999761581421,1
v2|head|causative|overlay_subject_trial_s01_neurologist|good|burn|1025,head,causative,good,burn,neurologist,overlay_arg_1_match,overlay_subject_trial_s01,4.53000020980835,head,freqblimp_curated, the,.,-1.825914978981018,-8.794665336608887,6.968750476837158,1
v2|head|causative|overlay_subject_trial_s01_neurologist|good|change|1026,head,causative,good,change,neurologist,overlay_arg_1_match,overlay_subject_trial_s01,4.760000228881836,head,freqblimp_curated, the,.,-0.4080750048160553,-8.314325332641602,7.906250476837158,1
v2|head|causative|overlay_subject_trial_s01_neurologist|good|chip|1027,head,causative,good,chip,neurologist,overlay_arg_1_match,overlay_subject_trial_s01,4.309999942779541,head,freqblimp_curated, the,.,-3.5255653858184814,-8.213065147399902,4.6875,1
v2|head|causative|overlay_subject_trial_s01_neurologist|good|close|1028,head,causative,good,close,neurologist,overlay_arg_1_match,overlay_subject_trial_s01,5.360000133514404,head,freqblimp_curated, the,.,-0.6415290236473083,-7.266529083251953,6.625,1
v2|head|causative|overlay_subject_trial_s01_neurologist|good|crack|1029,head,causative,good,crack,neurologist,overlay_arg_1_match,overlay_subject_trial_s01,4.409999847412109,head,freqblimp_curated, the,.,-1.2483965158462524,-8.748396873474121,7.500000476837158,1
v2|head|causative|overlay_subject_trial_s01_neurologist|good|crash|1030,head,causative,good,crash,neurologist,overlay_arg_1_match,overlay_subject_trial_s01,4.550000190734863,head,freqblimp_curated, the,.,-0.808894693851471,-6.558894634246826,5.75,1
v2|head|causative|overlay_subject_trial_s01_neurologist|good|dim|1031,head,causative,good,dim,neurologist,overlay_arg_1_match,overlay_subject_trial_s01,3.619999885559082,head,freqblimp_curated, the,.,-0.42986902594566345,-7.679869174957275,7.25,1
v2|head|causative|overlay_subject_trial_s01_neurologist|good|drop|1032,head,causative,good,drop,neurologist,overlay_arg_1_match,overlay_subject_trial_s01,4.989999771118164,head,freqblimp_curated, the,.,-1.3670868873596191,-10.554586410522461,9.1875,1
v2|head|causative|overlay_subject_trial_s01_neurologist|good|dry|1033,head,causative,good,dry,neurologist,overlay_arg_1_match,overlay_subject_trial_s01,4.739999771118164,head,freqblimp_curated, the,.,-0.909950852394104,-7.7849507331848145,6.875,1
v2|head|causative|overlay_subject_trial_s01_neurologist|good|fade|1034,head,causative,good,fade,neurologist,overlay_arg_1_match,overlay_subject_trial_s01,3.859999895095825,head,freqblimp_curated, the,.,-1.293614387512207,-6.606114387512207,5.3125,1
v2|head|causative|overlay_subject_trial_s01_neurologist|good|fold|1035,head,causative,good,fold,neurologist,overlay_arg_1_match,overlay_subject_trial_s01,4.079999923706055,head,freqblimp_curated, the,.,-0.7107260823249817,-8.179475784301758,7.468749523162842,1
v2|head|causative|overlay_subject_trial_s01_neurologist|good|freeze|1036,head,causative,good,freeze,neurologist,overlay_arg_1_match,overlay_subject_trial_s01,4.110000133514404,head,freqblimp_curated, the,.,-0.6144614815711975,-7.833211421966553,7.21875,1
v2|head|causative|overlay_subject_trial_s01_neurologist|good|grow|1037,head,causative,good,grow,neurologist,overlay_arg_1_match,overlay_subject_trial_s01,4.900000095367432,head,freqblimp_curated, the,.,-2.5903053283691406,-8.05905532836914,5.46875,1
v2|head|causative|overlay_subject_trial_s01_neurologist|good|melt|1038,head,causative,good,melt,neurologist,overlay_arg_1_match,overlay_subject_trial_s01,3.9600000381469727,head,freqblimp_curated, the,.,-1.4037339687347412,-6.15373420715332,4.75,1
v2|head|causative|overlay_subject_trial_s01_neurologist|good|move|1039,head,causative,good,move,neurologist,overlay_arg_1_match,overlay_subject_trial_s01,5.349999904632568,head,freqblimp_curated, the,.,-0.9232395887374878,-8.110739707946777,7.1875,1
v2|head|causative|overlay_subject_trial_s01_neurologist|good|open|1040,head,causative,good,open,neurologist,overlay_arg_1_match,overlay_subject_trial_s01,5.480000019073486,head,freqblimp_curated, the,.,-0.7229793071746826,-8.597979545593262,7.875,1
v2|head|causative|overlay_subject_trial_s01_neurologist|good|roll|1041,head,causative,good,roll,neurologist,overlay_arg_1_match,overlay_subject_trial_s01,4.75,head,freqblimp_curated, the,.,-0.9560414552688599,-9.14354133605957,8.1875,1
v2|head|causative|overlay_subject_trial_s01_neurologist|good|shrink|1043,head,causative,good,shrink,neurologist,overlay_arg_1_match,overlay_subject_trial_s01,3.7300000190734863,head,freqblimp_curated, the,.,-0.6147505044937134,-7.489750385284424,6.875,1
v2|head|causative|overlay_subject_trial_s01_neurologist|good|shut|1044,head,causative,good,shut,neurologist,overlay_arg_1_match,overlay_subject_trial_s01,4.78000020980835,head,freqblimp_curated, the,.,-2.3659231662750244,-9.897172927856445,7.53125,1
v2|head|causative|overlay_subject_trial_s01_neurologist|good|slow|1045,head,causative,good,slow,neurologist,overlay_arg_1_match,overlay_subject_trial_s01,4.849999904632568,head,freqblimp_curated, the,.,-1.1341325044631958,-9.227882385253906,8.09375,1
v2|head|causative|overlay_subject_trial_s01_neurologist|good|soak|1046,head,causative,good,soak,neurologist,overlay_arg_1_match,overlay_subject_trial_s01,3.609999895095825,head,freqblimp_curated, the,.,-1.1174712181091309,-8.992471694946289,7.875000476837158,1
v2|head|causative|overlay_subject_trial_s01_neurologist|good|stop|1047,head,causative,good,stop,neurologist,overlay_arg_1_match,overlay_subject_trial_s01,4.400000095367432,head,freqblimp_curated, the,.,-0.6902846693992615,-7.971534729003906,7.28125,1
v2|head|causative|overlay_subject_trial_s01_neurologist|good|stretch|1048,head,causative,good,stretch,neurologist,overlay_arg_1_match,overlay_subject_trial_s01,4.349999904632568,head,freqblimp_curated, the,.,-0.5710145831108093,-7.914764404296875,7.34375,1
v2|head|causative|overlay_subject_trial_s01_neurologist|good|turn|1050,head,causative,good,turn,neurologist,overlay_arg_1_match,overlay_subject_trial_s01,5.320000171661377,head,freqblimp_curated, the,.,-1.5358781814575195,-9.97337818145752,8.4375,1
v2|head|causative|overlay_subject_trial_s01_neurologist|good|twist|1051,head,causative,good,twist,neurologist,overlay_arg_1_match,overlay_subject_trial_s01,4.21999979019165,head,freqblimp_curated, the,.,-0.6390936970710754,-8.857843399047852,8.21875,1
v2|head|causative|overlay_subject_trial_s01_neurologist|good|warp|1052,head,causative,good,warp,neurologist,overlay_arg_1_match,overlay_subject_trial_s01,3.630000114440918,head,freqblimp_curated, the,.,-0.6619188189506531,-6.536918640136719,5.875,1
v2|head|causative|overlay_subject_trial_s01_neurologist|good|worry|1053,head,causative,good,worry,neurologist,overlay_arg_1_match,overlay_subject_trial_s01,4.840000152587891,head,freqblimp_curated, the,.,-4.506223201751709,-6.693723201751709,2.1875,1
v2|head|inchoative|overlay_subject_lab_s01_tsuga|bad|abuse|1137,head,inchoative,bad,abuse,tsuga,overlay_arg_1_match,overlay_subject_lab_s01,4.66,head,supplemental_v2_bad_verbs, the,.,-1.4517790079116821,-5.389278888702393,3.9375,1
v2|head|inchoative|overlay_subject_lab_s01_tsuga|bad|accuse|1138,head,inchoative,bad,accuse,tsuga,overlay_arg_1_match,overlay_subject_lab_s01,3.71,head,supplemental_v2_bad_verbs, the,.,-1.8032573461532593,-6.522007465362549,4.71875,1
v2|head|inchoative|overlay_subject_lab_s01_tsuga|bad|acquire|1139,head,inchoative,bad,acquire,tsuga,overlay_arg_1_match,overlay_subject_lab_s01,4.13,head,supplemental_v2_bad_verbs, the,.,-1.712240219116211,-8.180990219116211,6.46875,1
v2|head|inchoative|overlay_subject_lab_s01_tsuga|bad|admire|1140,head,inchoative,bad,admire,tsuga,overlay_arg_1_match,overlay_subject_lab_s01,3.9700000286102295,head,freqblimp_curated, the,.,-0.666789174079895,-6.6042890548706055,5.9375,1
v2|head|inchoative|overlay_subject_lab_s01_tsuga|bad|affect|1142,head,inchoative,bad,affect,tsuga,overlay_arg_1_match,overlay_subject_lab_s01,4.59,head,supplemental_v2_bad_verbs, the,.,-1.0379527807235718,-8.850452423095703,7.812499523162842,1
v2|head|inchoative|overlay_subject_lab_s01_tsuga|bad|arrest|1143,head,inchoative,bad,arrest,tsuga,overlay_arg_1_match,overlay_subject_lab_s01,4.55,head,supplemental_v2_bad_verbs, the,.,-1.1647298336029053,-6.133480072021484,4.96875,1
v2|head|inchoative|overlay_subject_lab_s01_tsuga|bad|avoid|1144,head,inchoative,bad,avoid,tsuga,overlay_arg_1_match,overlay_subject_lab_s01,4.87,head,supplemental_v2_bad_verbs, the,.,-1.7844698429107666,-8.659469604492188,6.875,1
v2|head|inchoative|overlay_subject_lab_s01_tsuga|bad|blame|1145,head,inchoative,bad,blame,tsuga,overlay_arg_1_match,overlay_subject_lab_s01,4.63,head,supplemental_v2_bad_verbs, the,.,-1.5414503812789917,-6.353950500488281,4.8125,1
v2|head|inchoative|overlay_subject_lab_s01_tsuga|bad|destroy|1146,head,inchoative,bad,destroy,tsuga,overlay_arg_1_match,overlay_subject_lab_s01,4.519999980926514,head,freqblimp_curated, the,.,-1.1471105813980103,-6.959610462188721,5.8125,1
v2|head|inchoative|overlay_subject_lab_s01_tsuga|bad|notify|1147,head,inchoative,bad,notify,tsuga,overlay_arg_1_match,overlay_subject_lab_s01,3.73,head,supplemental_v2_bad_verbs, the,.,-1.6591764688491821,-8.84667682647705,7.187500476837158,1
v2|head|inchoative|overlay_subject_lab_s01_tsuga|bad|persuade|1148,head,inchoative,bad,persuade,tsuga,overlay_arg_1_match,overlay_subject_lab_s01,3.82,head,supplemental_v2_bad_verbs, the,.,-1.4874544143676758,-7.456204414367676,5.96875,1
v2|head|inchoative|overlay_subject_lab_s01_tsuga|bad|possess|1149,head,inchoative,bad,possess,tsuga,overlay_arg_1_match,overlay_subject_lab_s01,4.02,head,supplemental_v2_bad_verbs, the,.,-1.6910771131515503,-8.65982723236084,6.96875,1
v2|head|inchoative|overlay_subject_lab_s01_tsuga|bad|require|1150,head,inchoative,bad,require,tsuga,overlay_arg_1_match,overlay_subject_lab_s01,4.78,head,supplemental_v2_bad_verbs, the,.,-2.9533073902130127,-9.984557151794434,7.03125,1
v2|head|inchoative|overlay_subject_lab_s01_tsuga|bad|respect|1151,head,inchoative,bad,respect,tsuga,overlay_arg_1_match,overlay_subject_lab_s01,5.03000020980835,head,freqblimp_curated, the,.,-1.1488168239593506,-7.71131706237793,6.5625,1
v2|head|inchoative|overlay_subject_lab_s01_tsuga|bad|retrieve|1152,head,inchoative,bad,retrieve,tsuga,overlay_arg_1_match,overlay_subject_lab_s01,3.69,head,supplemental_v2_bad_verbs, the,.,-1.6794943809509277,-8.304494857788086,6.625000476837158,1
v2|head|inchoative|overlay_subject_lab_s01_tsuga|bad|suppress|1153,head,inchoative,bad,suppress,tsuga,overlay_arg_1_match,overlay_subject_lab_s01,3.66,head,supplemental_v2_bad_verbs, the,.,-0.8818923234939575,-7.694392204284668,6.8125,1
v2|head|inchoative|overlay_subject_visit_s02_twistwood|bad|abuse|1222,head,inchoative,bad,abuse,twistwood,overlay_arg_1_match,overlay_subject_visit_s02,4.66,head,supplemental_v2_bad_verbs, the,.,-1.4013267755508423,-4.151326656341553,2.75,1
v2|head|inchoative|overlay_subject_visit_s02_twistwood|bad|accuse|1223,head,inchoative,bad,accuse,twistwood,overlay_arg_1_match,overlay_subject_visit_s02,3.71,head,supplemental_v2_bad_verbs, the,.,-0.9971420168876648,-7.2783918380737305,6.28125,1
v2|head|inchoative|overlay_subject_visit_s02_twistwood|bad|acquire|1224,head,inchoative,bad,acquire,twistwood,overlay_arg_1_match,overlay_subject_visit_s02,4.13,head,supplemental_v2_bad_verbs, the,.,-1.8595770597457886,-8.672077178955078,6.8125,1
v2|head|inchoative|overlay_subject_visit_s02_twistwood|bad|admire|1225,head,inchoative,bad,admire,twistwood,overlay_arg_1_match,overlay_subject_visit_s02,3.9700000286102295,head,freqblimp_curated, the,.,-0.6744483113288879,-7.111948490142822,6.4375,1
v2|head|inchoative|overlay_subject_visit_s02_twistwood|bad|affect|1227,head,inchoative,bad,affect,twistwood,overlay_arg_1_match,overlay_subject_visit_s02,4.59,head,supplemental_v2_bad_verbs, the,.,-0.8555229902267456,-9.136773109436035,8.28125,1
v2|head|inchoative|overlay_subject_visit_s02_twistwood|bad|arrest|1228,head,inchoative,bad,arrest,twistwood,overlay_arg_1_match,overlay_subject_visit_s02,4.55,head,supplemental_v2_bad_verbs, the,.,-1.1054279804229736,-4.9179277420043945,3.812499761581421,1
v2|head|inchoative|overlay_subject_visit_s02_twistwood|bad|avoid|1229,head,inchoative,bad,avoid,twistwood,overlay_arg_1_match,overlay_subject_visit_s02,4.87,head,supplemental_v2_bad_verbs, the,.,-1.7120392322540283,-9.33703899383545,7.625,1
v2|head|inchoative|overlay_subject_visit_s02_twistwood|bad|blame|1230,head,inchoative,bad,blame,twistwood,overlay_arg_1_match,overlay_subject_visit_s02,4.63,head,supplemental_v2_bad_verbs, the,.,-1.049818754196167,-7.674818992614746,6.625,1
v2|head|inchoative|overlay_subject_visit_s02_twistwood|bad|destroy|1231,head,inchoative,bad,destroy,twistwood,overlay_arg_1_match,overlay_subject_visit_s02,4.519999980926514,head,freqblimp_curated, the,.,-0.9857991933822632,-5.235799312591553,4.25,1
v2|head|inchoative|overlay_subject_visit_s02_twistwood|bad|notify|1232,head,inchoative,bad,notify,twistwood,overlay_arg_1_match,overlay_subject_visit_s02,3.73,head,supplemental_v2_bad_verbs, the,.,-1.0104879140853882,-8.97923755645752,7.968749523162842,1
v2|head|inchoative|overlay_subject_visit_s02_twistwood|bad|persuade|1233,head,inchoative,bad,persuade,twistwood,overlay_arg_1_match,overlay_subject_visit_s02,3.82,head,supplemental_v2_bad_verbs, the,.,-1.0441367626190186,-7.044137001037598,6.0,1
v2|head|inchoative|overlay_subject_visit_s02_twistwood|bad|possess|1234,head,inchoative,bad,possess,twistwood,overlay_arg_1_match,overlay_subject_visit_s02,4.02,head,supplemental_v2_bad_verbs, the,.,-2.0427308082580566,-8.323980331420898,6.281249523162842,1
v2|head|inchoative|overlay_subject_visit_s02_twistwood|bad|require|1235,head,inchoative,bad,require,twistwood,overlay_arg_1_match,overlay_subject_visit_s02,4.78,head,supplemental_v2_bad_verbs, the,.,-3.4888010025024414,-10.113801002502441,6.625,1
v2|head|inchoative|overlay_subject_visit_s02_twistwood|bad|respect|1236,head,inchoative,bad,respect,twistwood,overlay_arg_1_match,overlay_subject_visit_s02,5.03000020980835,head,freqblimp_curated, the,.,-0.8547275066375732,-7.854727745056152,7.0,1
v2|head|inchoative|overlay_subject_visit_s02_twistwood|bad|retrieve|1237,head,inchoative,bad,retrieve,twistwood,overlay_arg_1_match,overlay_subject_visit_s02,3.69,head,supplemental_v2_bad_verbs, the,.,-1.1859376430511475,-7.592187881469727,6.40625,1
v2|head|inchoative|overlay_subject_visit_s02_twistwood|bad|suppress|1238,head,inchoative,bad,suppress,twistwood,overlay_arg_1_match,overlay_subject_visit_s02,3.66,head,supplemental_v2_bad_verbs, the,.,-0.955289363861084,-6.424039363861084,5.46875,1
v2|head|inchoative|overlay_subject_check_s00_ovocon|bad|abuse|1256,head,inchoative,bad,abuse,ovocon,overlay_arg_1_match,overlay_subject_check_s00,4.66,head,supplemental_v2_bad_verbs, the,.,-1.0076484680175781,-4.570148468017578,3.5625,1
v2|head|inchoative|overlay_subject_check_s00_ovocon|bad|accuse|1257,head,inchoative,bad,accuse,ovocon,overlay_arg_1_match,overlay_subject_check_s00,3.71,head,supplemental_v2_bad_verbs, the,.,-0.6310152411460876,-6.756015300750732,6.125,1
v2|head|inchoative|overlay_subject_check_s00_ovocon|bad|acquire|1258,head,inchoative,bad,acquire,ovocon,overlay_arg_1_match,overlay_subject_check_s00,4.13,head,supplemental_v2_bad_verbs, the,.,-1.3560391664505005,-7.856039047241211,6.5,1
v2|head|inchoative|overlay_subject_check_s00_ovocon|bad|admire|1259,head,inchoative,bad,admire,ovocon,overlay_arg_1_match,overlay_subject_check_s00,3.9700000286102295,head,freqblimp_curated, the,.,-0.7866681814193726,-6.536668300628662,5.75,1
v2|head|inchoative|overlay_subject_check_s00_ovocon|bad|affect|1261,head,inchoative,bad,affect,ovocon,overlay_arg_1_match,overlay_subject_check_s00,4.59,head,supplemental_v2_bad_verbs, the,.,-0.457910418510437,-8.520410537719727,8.0625,1
v2|head|inchoative|overlay_subject_check_s00_ovocon|bad|arrest|1262,head,inchoative,bad,arrest,ovocon,overlay_arg_1_match,overlay_subject_check_s00,4.55,head,supplemental_v2_bad_verbs, the,.,-1.7055920362472534,-3.893092155456543,2.1875,1
v2|head|inchoative|overlay_subject_check_s00_ovocon|bad|avoid|1263,head,inchoative,bad,avoid,ovocon,overlay_arg_1_match,overlay_subject_check_s00,4.87,head,supplemental_v2_bad_verbs, the,.,-1.4640053510665894,-8.370255470275879,6.90625,1
v2|head|inchoative|overlay_subject_check_s00_ovocon|bad|blame|1264,head,inchoative,bad,blame,ovocon,overlay_arg_1_match,overlay_subject_check_s00,4.63,head,supplemental_v2_bad_verbs, the,.,-0.7958871126174927,-7.077136993408203,6.28125,1
v2|head|inchoative|overlay_subject_check_s00_ovocon|bad|destroy|1265,head,inchoative,bad,destroy,ovocon,overlay_arg_1_match,overlay_subject_check_s00,4.519999980926514,head,freqblimp_curated, the,.,-0.57298743724823,-6.8229875564575195,6.25,1
v2|head|inchoative|overlay_subject_check_s00_ovocon|bad|notify|1266,head,inchoative,bad,notify,ovocon,overlay_arg_1_match,overlay_subject_check_s00,3.73,head,supplemental_v2_bad_verbs, the,.,-0.5162060260772705,-8.203705787658691,7.6875,1
v2|head|inchoative|overlay_subject_check_s00_ovocon|bad|persuade|1267,head,inchoative,bad,persuade,ovocon,overlay_arg_1_match,overlay_subject_check_s00,3.82,head,supplemental_v2_bad_verbs, the,.,-0.4213665723800659,-8.577616691589355,8.15625,1
v2|head|inchoative|overlay_subject_check_s00_ovocon|bad|possess|1268,head,inchoative,bad,possess,ovocon,overlay_arg_1_match,overlay_subject_check_s00,4.02,head,supplemental_v2_bad_verbs, the,.,-1.7552614212036133,-8.130261421203613,6.375,1
v2|head|inchoative|overlay_subject_check_s00_ovocon|bad|require|1269,head,inchoative,bad,require,ovocon,overlay_arg_1_match,overlay_subject_check_s00,4.78,head,supplemental_v2_bad_verbs, the,.,-2.485258102416992,-8.985258102416992,6.5,1
v2|head|inchoative|overlay_subject_check_s00_ovocon|bad|respect|1270,head,inchoative,bad,respect,ovocon,overlay_arg_1_match,overlay_subject_check_s00,5.03000020980835,head,freqblimp_curated, the,.,-0.4791738986968994,-7.94792366027832,7.46875,1
v2|head|inchoative|overlay_subject_check_s00_ovocon|bad|retrieve|1271,head,inchoative,bad,retrieve,ovocon,overlay_arg_1_match,overlay_subject_check_s00,3.69,head,supplemental_v2_bad_verbs, the,.,-0.9917581677436829,-8.491758346557617,7.5,1
v2|head|inchoative|overlay_subject_check_s00_ovocon|bad|suppress|1272,head,inchoative,bad,suppress,ovocon,overlay_arg_1_match,overlay_subject_check_s00,3.66,head,supplemental_v2_bad_verbs, the,.,-0.8981122970581055,-5.2106122970581055,4.3125,1
v2|head|inchoative|overlay_subject_check_s03_ovral|bad|abuse|1307,head,inchoative,bad,abuse,ovral,overlay_arg_1_match,overlay_subject_check_s03,4.66,head,supplemental_v2_bad_verbs, the,.,-1.2665836811065674,-5.141583442687988,3.874999761581421,1
v2|head|inchoative|overlay_subject_check_s03_ovral|bad|accuse|1308,head,inchoative,bad,accuse,ovral,overlay_arg_1_match,overlay_subject_check_s03,3.71,head,supplemental_v2_bad_verbs, the,.,-0.9024195075035095,-6.339919567108154,5.4375,1
v2|head|inchoative|overlay_subject_check_s03_ovral|bad|acquire|1309,head,inchoative,bad,acquire,ovral,overlay_arg_1_match,overlay_subject_check_s03,4.13,head,supplemental_v2_bad_verbs, the,.,-1.3457273244857788,-7.876977443695068,6.53125,1
v2|head|inchoative|overlay_subject_check_s03_ovral|bad|admire|1310,head,inchoative,bad,admire,ovral,overlay_arg_1_match,overlay_subject_check_s03,3.9700000286102295,head,freqblimp_curated, the,.,-0.7880512475967407,-6.475551128387451,5.6875,1
v2|head|inchoative|overlay_subject_check_s03_ovral|bad|affect|1312,head,inchoative,bad,affect,ovral,overlay_arg_1_match,overlay_subject_check_s03,4.59,head,supplemental_v2_bad_verbs, the,.,-0.6102832555770874,-7.047783374786377,6.4375,1
v2|head|inchoative|overlay_subject_check_s03_ovral|bad|arrest|1313,head,inchoative,bad,arrest,ovral,overlay_arg_1_match,overlay_subject_check_s03,4.55,head,supplemental_v2_bad_verbs, the,.,-1.1053857803344727,-4.917885780334473,3.8125,1
v2|head|inchoative|overlay_subject_check_s03_ovral|bad|avoid|1314,head,inchoative,bad,avoid,ovral,overlay_arg_1_match,overlay_subject_check_s03,4.87,head,supplemental_v2_bad_verbs, the,.,-1.6431596279144287,-8.049409866333008,6.40625,1
v2|head|inchoative|overlay_subject_check_s03_ovral|bad|blame|1315,head,inchoative,bad,blame,ovral,overlay_arg_1_match,overlay_subject_check_s03,4.63,head,supplemental_v2_bad_verbs, the,.,-1.110119104385376,-6.547618865966797,5.4375,1
v2|head|inchoative|overlay_subject_check_s03_ovral|bad|destroy|1316,head,inchoative,bad,destroy,ovral,overlay_arg_1_match,overlay_subject_check_s03,4.519999980926514,head,freqblimp_curated, the,.,-0.8470455408096313,-6.847045421600342,6.0,1
v2|head|inchoative|overlay_subject_check_s03_ovral|bad|notify|1317,head,inchoative,bad,notify,ovral,overlay_arg_1_match,overlay_subject_check_s03,3.73,head,supplemental_v2_bad_verbs, the,.,-0.6888877749443054,-7.970137596130371,7.28125,1
v2|head|inchoative|overlay_subject_check_s03_ovral|bad|persuade|1318,head,inchoative,bad,persuade,ovral,overlay_arg_1_match,overlay_subject_check_s03,3.82,head,supplemental_v2_bad_verbs, the,.,-0.7702447772026062,-7.238994598388672,6.46875,1
v2|head|inchoative|overlay_subject_check_s03_ovral|bad|possess|1319,head,inchoative,bad,possess,ovral,overlay_arg_1_match,overlay_subject_check_s03,4.02,head,supplemental_v2_bad_verbs, the,.,-1.8049051761627197,-7.711154937744141,5.90625,1
v2|head|inchoative|overlay_subject_check_s03_ovral|bad|require|1320,head,inchoative,bad,require,ovral,overlay_arg_1_match,overlay_subject_check_s03,4.78,head,supplemental_v2_bad_verbs, the,.,-2.2525954246520996,-8.377595901489258,6.125000476837158,1
v2|head|inchoative|overlay_subject_check_s03_ovral|bad|respect|1321,head,inchoative,bad,respect,ovral,overlay_arg_1_match,overlay_subject_check_s03,5.03000020980835,head,freqblimp_curated, the,.,-0.6632664799690247,-7.663266658782959,7.0,1
v2|head|inchoative|overlay_subject_check_s03_ovral|bad|retrieve|1322,head,inchoative,bad,retrieve,ovral,overlay_arg_1_match,overlay_subject_check_s03,3.69,head,supplemental_v2_bad_verbs, the,.,-0.8664749264717102,-8.491475105285645,7.625,1
v2|head|inchoative|overlay_subject_check_s03_ovral|bad|suppress|1323,head,inchoative,bad,suppress,ovral,overlay_arg_1_match,overlay_subject_check_s03,3.66,head,supplemental_v2_bad_verbs, the,.,-0.9259790182113647,-5.488479137420654,4.5625,1
v2|head|inchoative|overlay_subject_tomorrow_s01_windhoek|bad|abuse|1341,head,inchoative,bad,abuse,windhoek,overlay_arg_1_match,overlay_subject_tomorrow_s01,4.66,head,supplemental_v2_bad_verbs, the,.,-1.9515618085861206,-5.07656192779541,3.125,1
v2|head|inchoative|overlay_subject_tomorrow_s01_windhoek|bad|accuse|1342,head,inchoative,bad,accuse,windhoek,overlay_arg_1_match,overlay_subject_tomorrow_s01,3.71,head,supplemental_v2_bad_verbs, the,.,-1.8786332607269287,-5.066133499145508,3.187500238418579,1
v2|head|inchoative|overlay_subject_tomorrow_s01_windhoek|bad|acquire|1343,head,inchoative,bad,acquire,windhoek,overlay_arg_1_match,overlay_subject_tomorrow_s01,4.13,head,supplemental_v2_bad_verbs, the,.,-1.7715275287628174,-6.334027290344238,4.5625,1
v2|head|inchoative|overlay_subject_tomorrow_s01_windhoek|bad|admire|1344,head,inchoative,bad,admire,windhoek,overlay_arg_1_match,overlay_subject_tomorrow_s01,3.9700000286102295,head,freqblimp_curated, the,.,-1.006056308746338,-4.943556308746338,3.9375,1
v2|head|inchoative|overlay_subject_tomorrow_s01_windhoek|bad|affect|1346,head,inchoative,bad,affect,windhoek,overlay_arg_1_match,overlay_subject_tomorrow_s01,4.59,head,supplemental_v2_bad_verbs, the,.,-1.1950682401657104,-5.757568359375,4.5625,1
v2|head|inchoative|overlay_subject_tomorrow_s01_windhoek|bad|arrest|1347,head,inchoative,bad,arrest,windhoek,overlay_arg_1_match,overlay_subject_tomorrow_s01,4.55,head,supplemental_v2_bad_verbs, the,.,-2.0139341354370117,-5.076434135437012,3.0625,1
v2|head|inchoative|overlay_subject_tomorrow_s01_windhoek|bad|avoid|1348,head,inchoative,bad,avoid,windhoek,overlay_arg_1_match,overlay_subject_tomorrow_s01,4.87,head,supplemental_v2_bad_verbs, the,.,-0.7479295134544373,-5.935429573059082,5.1875,1
v2|head|inchoative|overlay_subject_tomorrow_s01_windhoek|bad|blame|1349,head,inchoative,bad,blame,windhoek,overlay_arg_1_match,overlay_subject_tomorrow_s01,4.63,head,supplemental_v2_bad_verbs, the,.,-1.595050573348999,-5.720050811767578,4.125,1
v2|head|inchoative|overlay_subject_tomorrow_s01_windhoek|bad|destroy|1350,head,inchoative,bad,destroy,windhoek,overlay_arg_1_match,overlay_subject_tomorrow_s01,4.519999980926514,head,freqblimp_curated, the,.,-1.2190803289413452,-4.469080448150635,3.25,1
v2|head|inchoative|overlay_subject_tomorrow_s01_windhoek|bad|notify|1351,head,inchoative,bad,notify,windhoek,overlay_arg_1_match,overlay_subject_tomorrow_s01,3.73,head,supplemental_v2_bad_verbs, the,.,-1.827541470527649,-5.765041351318359,3.9375,1
v2|head|inchoative|overlay_subject_tomorrow_s01_windhoek|bad|persuade|1352,head,inchoative,bad,persuade,windhoek,overlay_arg_1_match,overlay_subject_tomorrow_s01,3.82,head,supplemental_v2_bad_verbs, the,.,-1.4656758308410645,-5.0281758308410645,3.5625,1
v2|head|inchoative|overlay_subject_tomorrow_s01_windhoek|bad|possess|1353,head,inchoative,bad,possess,windhoek,overlay_arg_1_match,overlay_subject_tomorrow_s01,4.02,head,supplemental_v2_bad_verbs, the,.,-2.02248477935791,-6.89748477935791,4.875,1
v2|head|inchoative|overlay_subject_tomorrow_s01_windhoek|bad|require|1354,head,inchoative,bad,require,windhoek,overlay_arg_1_match,overlay_subject_tomorrow_s01,4.78,head,supplemental_v2_bad_verbs, the,.,-2.863309144973755,-7.675808906555176,4.8125,1
v2|head|inchoative|overlay_subject_tomorrow_s01_windhoek|bad|respect|1355,head,inchoative,bad,respect,windhoek,overlay_arg_1_match,overlay_subject_tomorrow_s01,5.03000020980835,head,freqblimp_curated, the,.,-1.0556175708770752,-5.493117332458496,4.4375,1
v2|head|inchoative|overlay_subject_tomorrow_s01_windhoek|bad|retrieve|1356,head,inchoative,bad,retrieve,windhoek,overlay_arg_1_match,overlay_subject_tomorrow_s01,3.69,head,supplemental_v2_bad_verbs, the,.,-1.4779675006866455,-4.790467262268066,3.312499761581421,1
v2|head|inchoative|overlay_subject_tomorrow_s01_windhoek|bad|suppress|1357,head,inchoative,bad,suppress,windhoek,overlay_arg_1_match,overlay_subject_tomorrow_s01,3.66,head,supplemental_v2_bad_verbs, the,.,-1.062331199645996,-3.937331199645996,2.875,1
v2|head|inchoative|overlay_subject_tomorrow_s02_windjammer|bad|abuse|1358,head,inchoative,bad,abuse,windjammer,overlay_arg_1_match,overlay_subject_tomorrow_s02,4.66,head,supplemental_v2_bad_verbs, the,.,-1.386596918106079,-5.9490966796875,4.5625,1
v2|head|inchoative|overlay_subject_tomorrow_s02_windjammer|bad|accuse|1359,head,inchoative,bad,accuse,windjammer,overlay_arg_1_match,overlay_subject_tomorrow_s02,3.71,head,supplemental_v2_bad_verbs, the,.,-1.7101823091506958,-6.272682189941406,4.5625,1
v2|head|inchoative|overlay_subject_tomorrow_s02_windjammer|bad|acquire|1360,head,inchoative,bad,acquire,windjammer,overlay_arg_1_match,overlay_subject_tomorrow_s02,4.13,head,supplemental_v2_bad_verbs, the,.,-1.6632006168365479,-6.663200378417969,5.0,1
v2|head|inchoative|overlay_subject_tomorrow_s02_windjammer|bad|admire|1361,head,inchoative,bad,admire,windjammer,overlay_arg_1_match,overlay_subject_tomorrow_s02,3.9700000286102295,head,freqblimp_curated, the,.,-0.6695226430892944,-6.294522762298584,5.625,1
v2|head|inchoative|overlay_subject_tomorrow_s02_windjammer|bad|affect|1363,head,inchoative,bad,affect,windjammer,overlay_arg_1_match,overlay_subject_tomorrow_s02,4.59,head,supplemental_v2_bad_verbs, the,.,-1.2473350763320923,-7.184834957122803,5.9375,1
v2|head|inchoative|overlay_subject_tomorrow_s02_windjammer|bad|arrest|1364,head,inchoative,bad,arrest,windjammer,overlay_arg_1_match,overlay_subject_tomorrow_s02,4.55,head,supplemental_v2_bad_verbs, the,.,-2.0735068321228027,-5.136006832122803,3.0625,1
v2|head|inchoative|overlay_subject_tomorrow_s02_windjammer|bad|avoid|1365,head,inchoative,bad,avoid,windjammer,overlay_arg_1_match,overlay_subject_tomorrow_s02,4.87,head,supplemental_v2_bad_verbs, the,.,-0.6962996125221252,-7.1337995529174805,6.4375,1
v2|head|inchoative|overlay_subject_tomorrow_s02_windjammer|bad|blame|1366,head,inchoative,bad,blame,windjammer,overlay_arg_1_match,overlay_subject_tomorrow_s02,4.63,head,supplemental_v2_bad_verbs, the,.,-1.3612617254257202,-6.48626184463501,5.125,1
v2|head|inchoative|overlay_subject_tomorrow_s02_windjammer|bad|destroy|1367,head,inchoative,bad,destroy,windjammer,overlay_arg_1_match,overlay_subject_tomorrow_s02,4.519999980926514,head,freqblimp_curated, the,.,-1.0344452857971191,-5.471945285797119,4.4375,1
v2|head|inchoative|overlay_subject_tomorrow_s02_windjammer|bad|notify|1368,head,inchoative,bad,notify,windjammer,overlay_arg_1_match,overlay_subject_tomorrow_s02,3.73,head,supplemental_v2_bad_verbs, the,.,-1.6471996307373047,-6.897199630737305,5.25,1
v2|head|inchoative|overlay_subject_tomorrow_s02_windjammer|bad|persuade|1369,head,inchoative,bad,persuade,windjammer,overlay_arg_1_match,overlay_subject_tomorrow_s02,3.82,head,supplemental_v2_bad_verbs, the,.,-1.1246474981307983,-6.312147617340088,5.1875,1
v2|head|inchoative|overlay_subject_tomorrow_s02_windjammer|bad|possess|1370,head,inchoative,bad,possess,windjammer,overlay_arg_1_match,overlay_subject_tomorrow_s02,4.02,head,supplemental_v2_bad_verbs, the,.,-1.55942964553833,-6.80942964553833,5.25,1
v2|head|inchoative|overlay_subject_tomorrow_s02_windjammer|bad|require|1371,head,inchoative,bad,require,windjammer,overlay_arg_1_match,overlay_subject_tomorrow_s02,4.78,head,supplemental_v2_bad_verbs, the,.,-2.8577992916107178,-8.389049530029297,5.53125,1
v2|head|inchoative|overlay_subject_tomorrow_s02_windjammer|bad|respect|1372,head,inchoative,bad,respect,windjammer,overlay_arg_1_match,overlay_subject_tomorrow_s02,5.03000020980835,head,freqblimp_curated, the,.,-1.1395506858825684,-6.514550685882568,5.375,1
v2|head|inchoative|overlay_subject_tomorrow_s02_windjammer|bad|retrieve|1373,head,inchoative,bad,retrieve,windjammer,overlay_arg_1_match,overlay_subject_tomorrow_s02,3.69,head,supplemental_v2_bad_verbs, the,.,-1.428194522857666,-5.303194522857666,3.875,1
v2|head|inchoative|overlay_subject_tomorrow_s02_windjammer|bad|suppress|1374,head,inchoative,bad,suppress,windjammer,overlay_arg_1_match,overlay_subject_tomorrow_s02,3.66,head,supplemental_v2_bad_verbs, the,.,-0.9186928272247314,-4.918692588806152,3.999999761581421,1
v2|head|inchoative|overlay_subject_trial_s00_wayside|bad|abuse|1392,head,inchoative,bad,abuse,wayside,overlay_arg_1_match,overlay_subject_trial_s00,4.66,head,supplemental_v2_bad_verbs, the,.,-2.154709577560425,-4.842209815979004,2.687500238418579,1
v2|head|inchoative|overlay_subject_trial_s00_wayside|bad|accuse|1393,head,inchoative,bad,accuse,wayside,overlay_arg_1_match,overlay_subject_trial_s00,3.71,head,supplemental_v2_bad_verbs, the,.,-1.1150822639465332,-6.302582263946533,5.1875,1
v2|head|inchoative|overlay_subject_trial_s00_wayside|bad|acquire|1394,head,inchoative,bad,acquire,wayside,overlay_arg_1_match,overlay_subject_trial_s00,4.13,head,supplemental_v2_bad_verbs, the,.,-2.0575079917907715,-6.7450079917907715,4.6875,1
v2|head|inchoative|overlay_subject_trial_s00_wayside|bad|admire|1395,head,inchoative,bad,admire,wayside,overlay_arg_1_match,overlay_subject_trial_s00,3.9700000286102295,head,freqblimp_curated, the,.,-0.8891433477401733,-5.764143466949463,4.875,1
v2|head|inchoative|overlay_subject_trial_s00_wayside|bad|affect|1397,head,inchoative,bad,affect,wayside,overlay_arg_1_match,overlay_subject_trial_s00,4.59,head,supplemental_v2_bad_verbs, the,.,-0.8802218437194824,-6.442721843719482,5.5625,1
v2|head|inchoative|overlay_subject_trial_s00_wayside|bad|arrest|1398,head,inchoative,bad,arrest,wayside,overlay_arg_1_match,overlay_subject_trial_s00,4.55,head,supplemental_v2_bad_verbs, the,.,-2.378309488296509,-5.44080924987793,3.062499761581421,1
v2|head|inchoative|overlay_subject_trial_s00_wayside|bad|avoid|1399,head,inchoative,bad,avoid,wayside,overlay_arg_1_match,overlay_subject_trial_s00,4.87,head,supplemental_v2_bad_verbs, the,.,-2.0539567470550537,-6.647706985473633,4.59375,1
v2|head|inchoative|overlay_subject_trial_s00_wayside|bad|blame|1400,head,inchoative,bad,blame,wayside,overlay_arg_1_match,overlay_subject_trial_s00,4.63,head,supplemental_v2_bad_verbs, the,.,-0.9916342496871948,-6.522884368896484,5.53125,1
v2|head|inchoative|overlay_subject_trial_s00_wayside|bad|destroy|1401,head,inchoative,bad,destroy,wayside,overlay_arg_1_match,overlay_subject_trial_s00,4.519999980926514,head,freqblimp_curated, the,.,-1.2661004066467285,-5.4536004066467285,4.1875,1
v2|head|inchoative|overlay_subject_trial_s00_wayside|bad|notify|1402,head,inchoative,bad,notify,wayside,overlay_arg_1_match,overlay_subject_trial_s00,3.73,head,supplemental_v2_bad_verbs, the,.,-1.1897114515304565,-8.002211570739746,6.8125,1
v2|head|inchoative|overlay_subject_trial_s00_wayside|bad|persuade|1403,head,inchoative,bad,persuade,wayside,overlay_arg_1_match,overlay_subject_trial_s00,3.82,head,supplemental_v2_bad_verbs, the,.,-1.2066054344177246,-4.894105434417725,3.6875,1
v2|head|inchoative|overlay_subject_trial_s00_wayside|bad|possess|1404,head,inchoative,bad,possess,wayside,overlay_arg_1_match,overlay_subject_trial_s00,4.02,head,supplemental_v2_bad_verbs, the,.,-2.181384563446045,-6.900134563446045,4.71875,1
v2|head|inchoative|overlay_subject_trial_s00_wayside|bad|require|1405,head,inchoative,bad,require,wayside,overlay_arg_1_match,overlay_subject_trial_s00,4.78,head,supplemental_v2_bad_verbs, the,.,-2.4097518920898438,-8.003501892089844,5.59375,1
v2|head|inchoative|overlay_subject_trial_s00_wayside|bad|respect|1406,head,inchoative,bad,respect,wayside,overlay_arg_1_match,overlay_subject_trial_s00,5.03000020980835,head,freqblimp_curated, the,.,-0.908021092414856,-6.408020973205566,5.5,1
v2|head|inchoative|overlay_subject_trial_s00_wayside|bad|retrieve|1407,head,inchoative,bad,retrieve,wayside,overlay_arg_1_match,overlay_subject_trial_s00,3.69,head,supplemental_v2_bad_verbs, the,.,-1.460995078086853,-7.429745197296143,5.96875,1
v2|head|inchoative|overlay_subject_trial_s00_wayside|bad|suppress|1408,head,inchoative,bad,suppress,wayside,overlay_arg_1_match,overlay_subject_trial_s00,3.66,head,supplemental_v2_bad_verbs, the,.,-1.3454198837280273,-5.595419883728027,4.25,1
v2|head|inchoative|overlay_subject_trial_s01_wbc|bad|abuse|1409,head,inchoative,bad,abuse,wbc,overlay_arg_1_match,overlay_subject_trial_s01,4.66,head,supplemental_v2_bad_verbs, the,.,-1.718123197555542,-4.530623435974121,2.812500238418579,1
v2|head|inchoative|overlay_subject_trial_s01_wbc|bad|accuse|1410,head,inchoative,bad,accuse,wbc,overlay_arg_1_match,overlay_subject_trial_s01,3.71,head,supplemental_v2_bad_verbs, the,.,-1.3281184434890747,-7.171868324279785,5.84375,1
v2|head|inchoative|overlay_subject_trial_s01_wbc|bad|acquire|1411,head,inchoative,bad,acquire,wbc,overlay_arg_1_match,overlay_subject_trial_s01,4.13,head,supplemental_v2_bad_verbs, the,.,-1.6058104038238525,-7.199560165405273,5.59375,1
v2|head|inchoative|overlay_subject_trial_s01_wbc|bad|admire|1412,head,inchoative,bad,admire,wbc,overlay_arg_1_match,overlay_subject_trial_s01,3.9700000286102295,head,freqblimp_curated, the,.,-1.0149668455123901,-5.95246696472168,4.9375,1
v2|head|inchoative|overlay_subject_trial_s01_wbc|bad|affect|1414,head,inchoative,bad,affect,wbc,overlay_arg_1_match,overlay_subject_trial_s01,4.59,head,supplemental_v2_bad_verbs, the,.,-0.44191890954971313,-7.285668849945068,6.84375,1
v2|head|inchoative|overlay_subject_trial_s01_wbc|bad|arrest|1415,head,inchoative,bad,arrest,wbc,overlay_arg_1_match,overlay_subject_trial_s01,4.55,head,supplemental_v2_bad_verbs, the,.,-1.4405878782272339,-5.315587997436523,3.875,1
v2|head|inchoative|overlay_subject_trial_s01_wbc|bad|avoid|1416,head,inchoative,bad,avoid,wbc,overlay_arg_1_match,overlay_subject_trial_s01,4.87,head,supplemental_v2_bad_verbs, the,.,-2.2222254276275635,-8.003475189208984,5.78125,1
v2|head|inchoative|overlay_subject_trial_s01_wbc|bad|blame|1417,head,inchoative,bad,blame,wbc,overlay_arg_1_match,overlay_subject_trial_s01,4.63,head,supplemental_v2_bad_verbs, the,.,-1.0447041988372803,-8.35720443725586,7.3125,1
v2|head|inchoative|overlay_subject_trial_s01_wbc|bad|destroy|1418,head,inchoative,bad,destroy,wbc,overlay_arg_1_match,overlay_subject_trial_s01,4.519999980926514,head,freqblimp_curated, the,.,-0.9612199068069458,-6.023719787597656,5.0625,1
v2|head|inchoative|overlay_subject_trial_s01_wbc|bad|notify|1419,head,inchoative,bad,notify,wbc,overlay_arg_1_match,overlay_subject_trial_s01,3.73,head,supplemental_v2_bad_verbs, the,.,-1.1619937419891357,-7.661993980407715,6.5,1
v2|head|inchoative|overlay_subject_trial_s01_wbc|bad|persuade|1420,head,inchoative,bad,persuade,wbc,overlay_arg_1_match,overlay_subject_trial_s01,3.82,head,supplemental_v2_bad_verbs, the,.,-0.8639519810676575,-6.426452159881592,5.5625,1
v2|head|inchoative|overlay_subject_trial_s01_wbc|bad|possess|1421,head,inchoative,bad,possess,wbc,overlay_arg_1_match,overlay_subject_trial_s01,4.02,head,supplemental_v2_bad_verbs, the,.,-1.7439182996749878,-7.118918418884277,5.375,1
v2|head|inchoative|overlay_subject_trial_s01_wbc|bad|require|1422,head,inchoative,bad,require,wbc,overlay_arg_1_match,overlay_subject_trial_s01,4.78,head,supplemental_v2_bad_verbs, the,.,-2.5036563873291016,-7.659906387329102,5.15625,1
v2|head|inchoative|overlay_subject_trial_s01_wbc|bad|respect|1423,head,inchoative,bad,respect,wbc,overlay_arg_1_match,overlay_subject_trial_s01,5.03000020980835,head,freqblimp_curated, the,.,-0.7508599758148193,-7.188360214233398,6.4375,1
v2|head|inchoative|overlay_subject_trial_s01_wbc|bad|retrieve|1424,head,inchoative,bad,retrieve,wbc,overlay_arg_1_match,overlay_subject_trial_s01,3.69,head,supplemental_v2_bad_verbs, the,.,-1.085275411605835,-7.710275650024414,6.625,1
v2|head|inchoative|overlay_subject_trial_s01_wbc|bad|suppress|1425,head,inchoative,bad,suppress,wbc,overlay_arg_1_match,overlay_subject_trial_s01,3.66,head,supplemental_v2_bad_verbs, the,.,-1.2320091724395752,-5.232008934020996,3.999999761581421,1
v2|head|inchoative|overlay_subject_trial_s02_weakener|bad|abuse|1426,head,inchoative,bad,abuse,weakener,overlay_arg_1_match,overlay_subject_trial_s02,4.66,head,supplemental_v2_bad_verbs, the,.,-1.143725037574768,-4.7687249183654785,3.625,1
v2|head|inchoative|overlay_subject_trial_s02_weakener|bad|accuse|1427,head,inchoative,bad,accuse,weakener,overlay_arg_1_match,overlay_subject_trial_s02,3.71,head,supplemental_v2_bad_verbs, the,.,-0.6027028560638428,-7.821453094482422,7.21875,1
v2|head|inchoative|overlay_subject_trial_s02_weakener|bad|acquire|1428,head,inchoative,bad,acquire,weakener,overlay_arg_1_match,overlay_subject_trial_s02,4.13,head,supplemental_v2_bad_verbs, the,.,-1.6875042915344238,-7.843754291534424,6.15625,1
v2|head|inchoative|overlay_subject_trial_s02_weakener|bad|admire|1429,head,inchoative,bad,admire,weakener,overlay_arg_1_match,overlay_subject_trial_s02,3.9700000286102295,head,freqblimp_curated, the,.,-0.8023681640625,-5.5523681640625,4.75,1
v2|head|inchoative|overlay_subject_trial_s02_weakener|bad|affect|1431,head,inchoative,bad,affect,weakener,overlay_arg_1_match,overlay_subject_trial_s02,4.59,head,supplemental_v2_bad_verbs, the,.,-0.7519755959510803,-7.0957255363464355,6.34375,1
v2|head|inchoative|overlay_subject_trial_s02_weakener|bad|arrest|1432,head,inchoative,bad,arrest,weakener,overlay_arg_1_match,overlay_subject_trial_s02,4.55,head,supplemental_v2_bad_verbs, the,.,-0.7064215540885925,-5.456421375274658,4.75,1
v2|head|inchoative|overlay_subject_trial_s02_weakener|bad|avoid|1433,head,inchoative,bad,avoid,weakener,overlay_arg_1_match,overlay_subject_trial_s02,4.87,head,supplemental_v2_bad_verbs, the,.,-1.920332670211792,-8.482832908630371,6.5625,1
v2|head|inchoative|overlay_subject_trial_s02_weakener|bad|blame|1434,head,inchoative,bad,blame,weakener,overlay_arg_1_match,overlay_subject_trial_s02,4.63,head,supplemental_v2_bad_verbs, the,.,-0.7632611393928528,-7.388261318206787,6.625,1
v2|head|inchoative|overlay_subject_trial_s02_weakener|bad|destroy|1435,head,inchoative,bad,destroy,weakener,overlay_arg_1_match,overlay_subject_trial_s02,4.519999980926514,head,freqblimp_curated, the,.,-0.7672438025474548,-6.2672438621521,5.5,1
v2|head|inchoative|overlay_subject_trial_s02_weakener|bad|notify|1436,head,inchoative,bad,notify,weakener,overlay_arg_1_match,overlay_subject_trial_s02,3.73,head,supplemental_v2_bad_verbs, the,.,-0.5030704140663147,-8.565570831298828,8.0625,1
v2|head|inchoative|overlay_subject_trial_s02_weakener|bad|persuade|1437,head,inchoative,bad,persuade,weakener,overlay_arg_1_match,overlay_subject_trial_s02,3.82,head,supplemental_v2_bad_verbs, the,.,-0.6652858257293701,-7.227786064147949,6.5625,1
v2|head|inchoative|overlay_subject_trial_s02_weakener|bad|possess|1438,head,inchoative,bad,possess,weakener,overlay_arg_1_match,overlay_subject_trial_s02,4.02,head,supplemental_v2_bad_verbs, the,.,-1.7294524908065796,-7.166952610015869,5.4375,1
v2|head|inchoative|overlay_subject_trial_s02_weakener|bad|require|1439,head,inchoative,bad,require,weakener,overlay_arg_1_match,overlay_subject_trial_s02,4.78,head,supplemental_v2_bad_verbs, the,.,-2.4373855590820312,-9.124885559082031,6.6875,1
v2|head|inchoative|overlay_subject_trial_s02_weakener|bad|respect|1440,head,inchoative,bad,respect,weakener,overlay_arg_1_match,overlay_subject_trial_s02,5.03000020980835,head,freqblimp_curated, the,.,-0.5922263264656067,-6.967226505279541,6.375,1
v2|head|inchoative|overlay_subject_trial_s02_weakener|bad|retrieve|1441,head,inchoative,bad,retrieve,weakener,overlay_arg_1_match,overlay_subject_trial_s02,3.69,head,supplemental_v2_bad_verbs, the,.,-0.868280827999115,-6.93078088760376,6.0625,1
v2|head|inchoative|overlay_subject_trial_s02_weakener|bad|suppress|1442,head,inchoative,bad,suppress,weakener,overlay_arg_1_match,overlay_subject_trial_s02,3.66,head,supplemental_v2_bad_verbs, the,.,-0.5636869072914124,-6.063686847686768,5.5,1
v2|head|inchoative|overlay_subject_trial_s03_weald|bad|abuse|1443,head,inchoative,bad,abuse,weald,overlay_arg_1_match,overlay_subject_trial_s03,4.66,head,supplemental_v2_bad_verbs, the,.,-2.143010377883911,-4.955510139465332,2.812499761581421,1
v2|head|inchoative|overlay_subject_trial_s03_weald|bad|accuse|1444,head,inchoative,bad,accuse,weald,overlay_arg_1_match,overlay_subject_trial_s03,3.71,head,supplemental_v2_bad_verbs, the,.,-1.0308144092559814,-7.093314170837402,6.0625,1
v2|head|inchoative|overlay_subject_trial_s03_weald|bad|acquire|1445,head,inchoative,bad,acquire,weald,overlay_arg_1_match,overlay_subject_trial_s03,4.13,head,supplemental_v2_bad_verbs, the,.,-2.2418861389160156,-8.335636138916016,6.09375,1
v2|head|inchoative|overlay_subject_trial_s03_weald|bad|admire|1446,head,inchoative,bad,admire,weald,overlay_arg_1_match,overlay_subject_trial_s03,3.9700000286102295,head,freqblimp_curated, the,.,-0.7825245261192322,-6.032524585723877,5.25,1
v2|head|inchoative|overlay_subject_trial_s03_weald|bad|affect|1448,head,inchoative,bad,affect,weald,overlay_arg_1_match,overlay_subject_trial_s03,4.59,head,supplemental_v2_bad_verbs, the,.,-0.5733548402786255,-8.510854721069336,7.9375,1
v2|head|inchoative|overlay_subject_trial_s03_weald|bad|arrest|1449,head,inchoative,bad,arrest,weald,overlay_arg_1_match,overlay_subject_trial_s03,4.55,head,supplemental_v2_bad_verbs, the,.,-1.9680901765823364,-5.093090057373047,3.125,1
v2|head|inchoative|overlay_subject_trial_s03_weald|bad|avoid|1450,head,inchoative,bad,avoid,weald,overlay_arg_1_match,overlay_subject_trial_s03,4.87,head,supplemental_v2_bad_verbs, the,.,-1.650285243988037,-7.181535243988037,5.53125,1
v2|head|inchoative|overlay_subject_trial_s03_weald|bad|blame|1451,head,inchoative,bad,blame,weald,overlay_arg_1_match,overlay_subject_trial_s03,4.63,head,supplemental_v2_bad_verbs, the,.,-0.9092269539833069,-7.315476894378662,6.40625,1
v2|head|inchoative|overlay_subject_trial_s03_weald|bad|destroy|1452,head,inchoative,bad,destroy,weald,overlay_arg_1_match,overlay_subject_trial_s03,4.519999980926514,head,freqblimp_curated, the,.,-1.0328972339630127,-5.345396995544434,4.3125,1
v2|head|inchoative|overlay_subject_trial_s03_weald|bad|notify|1453,head,inchoative,bad,notify,weald,overlay_arg_1_match,overlay_subject_trial_s03,3.73,head,supplemental_v2_bad_verbs, the,.,-0.8568950295448303,-9.169395446777344,8.3125,1
v2|head|inchoative|overlay_subject_trial_s03_weald|bad|persuade|1454,head,inchoative,bad,persuade,weald,overlay_arg_1_match,overlay_subject_trial_s03,3.82,head,supplemental_v2_bad_verbs, the,.,-0.9879766702651978,-5.237976551055908,4.25,1
v2|head|inchoative|overlay_subject_trial_s03_weald|bad|possess|1455,head,inchoative,bad,possess,weald,overlay_arg_1_match,overlay_subject_trial_s03,4.02,head,supplemental_v2_bad_verbs, the,.,-2.108031988143921,-7.9517822265625,5.84375,1
v2|head|inchoative|overlay_subject_trial_s03_weald|bad|require|1456,head,inchoative,bad,require,weald,overlay_arg_1_match,overlay_subject_trial_s03,4.78,head,supplemental_v2_bad_verbs, the,.,-2.850956916809082,-9.444706916809082,6.59375,1
v2|head|inchoative|overlay_subject_trial_s03_weald|bad|respect|1457,head,inchoative,bad,respect,weald,overlay_arg_1_match,overlay_subject_trial_s03,5.03000020980835,head,freqblimp_curated, the,.,-0.9430857300758362,-6.693085670471191,5.75,1
v2|head|inchoative|overlay_subject_trial_s03_weald|bad|retrieve|1458,head,inchoative,bad,retrieve,weald,overlay_arg_1_match,overlay_subject_trial_s03,3.69,head,supplemental_v2_bad_verbs, the,.,-1.7303869724273682,-6.886636734008789,5.15625,1
v2|head|inchoative|overlay_subject_trial_s03_weald|bad|suppress|1459,head,inchoative,bad,suppress,weald,overlay_arg_1_match,overlay_subject_trial_s03,3.66,head,supplemental_v2_bad_verbs, the,.,-1.4521287679672241,-5.264628887176514,3.8125,1
v2|head|inchoative|overlay_subject_lab_s01_tsuga|good|accelerate|1493,head,inchoative,good,accelerate,tsuga,overlay_arg_1_match,overlay_subject_lab_s01,3.6600000858306885,head,freqblimp_curated,., the,-4.764925956726074,-1.1399259567260742,-3.625,0
v2|head|inchoative|overlay_subject_lab_s01_tsuga|good|awaken|1494,head,inchoative,good,awaken,tsuga,overlay_arg_1_match,overlay_subject_lab_s01,3.7200000286102295,head,freqblimp_curated,., the,-3.334291934967041,-3.271791934967041,-0.0625,0
v2|head|inchoative|overlay_subject_lab_s01_tsuga|good|bake|1495,head,inchoative,good,bake,tsuga,overlay_arg_1_match,overlay_subject_lab_s01,3.9100000858306885,head,freqblimp_curated,., the,-4.4300079345703125,-2.9300081729888916,-1.499999761581421,0
v2|head|inchoative|overlay_subject_lab_s01_tsuga|good|benefit|1496,head,inchoative,good,benefit,tsuga,overlay_arg_1_match,overlay_subject_lab_s01,4.820000171661377,head,freqblimp_curated,., the,-5.335437774658203,-3.3979380130767822,-1.937499761581421,0
v2|head|inchoative|overlay_subject_lab_s01_tsuga|good|burn|1497,head,inchoative,good,burn,tsuga,overlay_arg_1_match,overlay_subject_lab_s01,4.53000020980835,head,freqblimp_curated,., the,-3.7469534873962402,-3.1219534873962402,-0.625,0
v2|head|inchoative|overlay_subject_lab_s01_tsuga|good|change|1498,head,inchoative,good,change,tsuga,overlay_arg_1_match,overlay_subject_lab_s01,4.760000228881836,head,freqblimp_curated,., the,-5.537407875061035,-2.537407875061035,-3.0,0
v2|head|inchoative|overlay_subject_lab_s01_tsuga|good|chip|1499,head,inchoative,good,chip,tsuga,overlay_arg_1_match,overlay_subject_lab_s01,4.309999942779541,head,freqblimp_curated,., the,-6.062520980834961,-3.50002121925354,-2.562499761581421,0
v2|head|inchoative|overlay_subject_lab_s01_tsuga|good|close|1500,head,inchoative,good,close,tsuga,overlay_arg_1_match,overlay_subject_lab_s01,5.360000133514404,head,freqblimp_curated,., the,-5.192589282989502,-1.6300891637802124,-3.5625,0
v2|head|inchoative|overlay_subject_lab_s01_tsuga|good|crack|1501,head,inchoative,good,crack,tsuga,overlay_arg_1_match,overlay_subject_lab_s01,4.409999847412109,head,freqblimp_curated,., the,-5.220681190490723,-1.7206811904907227,-3.5,0
v2|head|inchoative|overlay_subject_lab_s01_tsuga|good|crash|1502,head,inchoative,good,crash,tsuga,overlay_arg_1_match,overlay_subject_lab_s01,4.550000190734863,head,freqblimp_curated,., the,-3.197432518005371,-2.947432518005371,-0.25,0
v2|head|inchoative|overlay_subject_lab_s01_tsuga|good|dim|1503,head,inchoative,good,dim,tsuga,overlay_arg_1_match,overlay_subject_lab_s01,3.619999885559082,head,freqblimp_curated,., the,-4.603218078613281,-1.6657183170318604,-2.937499761581421,0
v2|head|inchoative|overlay_subject_lab_s01_tsuga|good|drop|1504,head,inchoative,good,drop,tsuga,overlay_arg_1_match,overlay_subject_lab_s01,4.989999771118164,head,freqblimp_curated,., the,-5.390031814575195,-2.9525320529937744,-2.437499761581421,0
v2|head|inchoative|overlay_subject_lab_s01_tsuga|good|dry|1505,head,inchoative,good,dry,tsuga,overlay_arg_1_match,overlay_subject_lab_s01,4.739999771118164,head,freqblimp_curated,., the,-5.321900367736816,-3.1344006061553955,-2.187499761581421,0
v2|head|inchoative|overlay_subject_lab_s01_tsuga|good|fade|1506,head,inchoative,good,fade,tsuga,overlay_arg_1_match,overlay_subject_lab_s01,3.859999895095825,head,freqblimp_curated,., the,-4.504059314727783,-3.879059314727783,-0.625,0
v2|head|inchoative|overlay_subject_lab_s01_tsuga|good|fold|1507,head,inchoative,good,fold,tsuga,overlay_arg_1_match,overlay_subject_lab_s01,4.079999923706055,head,freqblimp_curated,., the,-5.683025360107422,-2.495525360107422,-3.1875,0
v2|head|inchoative|overlay_subject_lab_s01_tsuga|good|freeze|1508,head,inchoative,good,freeze,tsuga,overlay_arg_1_match,overlay_subject_lab_s01,4.110000133514404,head,freqblimp_curated,., the,-4.021412372589111,-2.5839123725891113,-1.4375,0
v2|head|inchoative|overlay_subject_lab_s01_tsuga|good|grow|1509,head,inchoative,good,grow,tsuga,overlay_arg_1_match,overlay_subject_lab_s01,4.900000095367432,head,freqblimp_curated,., the,-5.573145866394043,-4.260645866394043,-1.3125,0
v2|head|inchoative|overlay_subject_lab_s01_tsuga|good|melt|1510,head,inchoative,good,melt,tsuga,overlay_arg_1_match,overlay_subject_lab_s01,3.9600000381469727,head,freqblimp_curated,., the,-4.108038902282715,-2.5455386638641357,-1.562500238418579,0
v2|head|inchoative|overlay_subject_lab_s01_tsuga|good|move|1511,head,inchoative,good,move,tsuga,overlay_arg_1_match,overlay_subject_lab_s01,5.349999904632568,head,freqblimp_curated,., the,-5.536377906799316,-3.5363781452178955,-1.999999761581421,0
v2|head|inchoative|overlay_subject_lab_s01_tsuga|good|open|1512,head,inchoative,good,open,tsuga,overlay_arg_1_match,overlay_subject_lab_s01,5.480000019073486,head,freqblimp_curated,., the,-5.566671371459961,-2.06667160987854,-3.499999761581421,0
v2|head|inchoative|overlay_subject_lab_s01_tsuga|good|roll|1513,head,inchoative,good,roll,tsuga,overlay_arg_1_match,overlay_subject_lab_s01,4.75,head,freqblimp_curated,., the,-5.499410152435303,-3.5619101524353027,-1.9375,0
v2|head|inchoative|overlay_subject_lab_s01_tsuga|good|shrink|1515,head,inchoative,good,shrink,tsuga,overlay_arg_1_match,overlay_subject_lab_s01,3.7300000190734863,head,freqblimp_curated,., the,-4.189825057983398,-2.8148250579833984,-1.375,0
v2|head|inchoative|overlay_subject_lab_s01_tsuga|good|shut|1516,head,inchoative,good,shut,tsuga,overlay_arg_1_match,overlay_subject_lab_s01,4.78000020980835,head,freqblimp_curated,., the,-7.219048976898193,-3.2190489768981934,-4.0,0
v2|head|inchoative|overlay_subject_lab_s01_tsuga|good|slow|1517,head,inchoative,good,slow,tsuga,overlay_arg_1_match,overlay_subject_lab_s01,4.849999904632568,head,freqblimp_curated,., the,-6.005939483642578,-1.9434393644332886,-4.0625,0
v2|head|inchoative|overlay_subject_lab_s01_tsuga|good|soak|1518,head,inchoative,good,soak,tsuga,overlay_arg_1_match,overlay_subject_lab_s01,3.609999895095825,head,freqblimp_curated,., the,-7.122358322143555,-2.4348580837249756,-4.6875,0
v2|head|inchoative|overlay_subject_lab_s01_tsuga|good|stop|1519,head,inchoative,good,stop,tsuga,overlay_arg_1_match,overlay_subject_lab_s01,4.400000095367432,head,freqblimp_curated,., the,-5.248523712158203,-2.3735239505767822,-2.874999761581421,0
v2|head|inchoative|overlay_subject_lab_s01_tsuga|good|stretch|1520,head,inchoative,good,stretch,tsuga,overlay_arg_1_match,overlay_subject_lab_s01,4.349999904632568,head,freqblimp_curated,., the,-4.820803642272949,-2.6333038806915283,-2.187499761581421,0
v2|head|inchoative|overlay_subject_lab_s01_tsuga|good|turn|1522,head,inchoative,good,turn,tsuga,overlay_arg_1_match,overlay_subject_lab_s01,5.320000171661377,head,freqblimp_curated,., the,-7.484694004058838,-3.234694004058838,-4.25,0
v2|head|inchoative|overlay_subject_lab_s01_tsuga|good|twist|1523,head,inchoative,good,twist,tsuga,overlay_arg_1_match,overlay_subject_lab_s01,4.21999979019165,head,freqblimp_curated,., the,-5.184356689453125,-2.246856689453125,-2.9375,0
v2|head|inchoative|overlay_subject_lab_s01_tsuga|good|warp|1524,head,inchoative,good,warp,tsuga,overlay_arg_1_match,overlay_subject_lab_s01,3.630000114440918,head,freqblimp_curated,., the,-4.779204845428467,-1.5292047262191772,-3.25,0
v2|head|inchoative|overlay_subject_lab_s01_tsuga|good|worry|1525,head,inchoative,good,worry,tsuga,overlay_arg_1_match,overlay_subject_lab_s01,4.840000152587891,head,freqblimp_curated,., the,-4.103165149688721,-4.165665149688721,0.0625,1
v2|head|inchoative|overlay_subject_visit_s02_twistwood|good|accelerate|1658,head,inchoative,good,accelerate,twistwood,overlay_arg_1_match,overlay_subject_visit_s02,3.6600000858306885,head,freqblimp_curated,., the,-4.6072540283203125,-1.419753909111023,-3.1875,0
v2|head|inchoative|overlay_subject_visit_s02_twistwood|good|awaken|1659,head,inchoative,good,awaken,twistwood,overlay_arg_1_match,overlay_subject_visit_s02,3.7200000286102295,head,freqblimp_curated,., the,-2.891753673553467,-2.954253673553467,0.0625,1
v2|head|inchoative|overlay_subject_visit_s02_twistwood|good|bake|1660,head,inchoative,good,bake,twistwood,overlay_arg_1_match,overlay_subject_visit_s02,3.9100000858306885,head,freqblimp_curated,., the,-4.469204425811768,-4.906704425811768,0.4375,1
v2|head|inchoative|overlay_subject_visit_s02_twistwood|good|benefit|1661,head,inchoative,good,benefit,twistwood,overlay_arg_1_match,overlay_subject_visit_s02,4.820000171661377,head,freqblimp_curated,., the,-4.877374172210693,-2.8773739337921143,-2.000000238418579,0
v2|head|inchoative|overlay_subject_visit_s02_twistwood|good|burn|1662,head,inchoative,good,burn,twistwood,overlay_arg_1_match,overlay_subject_visit_s02,4.53000020980835,head,freqblimp_curated,., the,-3.902574062347412,-4.777574062347412,0.875,1
v2|head|inchoative|overlay_subject_visit_s02_twistwood|good|change|1663,head,inchoative,good,change,twistwood,overlay_arg_1_match,overlay_subject_visit_s02,4.760000228881836,head,freqblimp_curated,., the,-3.982088327407837,-3.669588327407837,-0.3125,0
v2|head|inchoative|overlay_subject_visit_s02_twistwood|good|chip|1664,head,inchoative,good,chip,twistwood,overlay_arg_1_match,overlay_subject_visit_s02,4.309999942779541,head,freqblimp_curated,., the,-3.6861305236816406,-4.123630523681641,0.4375,1
v2|head|inchoative|overlay_subject_visit_s02_twistwood|good|close|1665,head,inchoative,good,close,twistwood,overlay_arg_1_match,overlay_subject_visit_s02,5.360000133514404,head,freqblimp_curated,., the,-3.758812189102173,-2.321312189102173,-1.4375,0
v2|head|inchoative|overlay_subject_visit_s02_twistwood|good|crack|1666,head,inchoative,good,crack,twistwood,overlay_arg_1_match,overlay_subject_visit_s02,4.409999847412109,head,freqblimp_curated,., the,-2.800690174102783,-4.613190174102783,1.8125,1
v2|head|inchoative|overlay_subject_visit_s02_twistwood|good|crash|1667,head,inchoative,good,crash,twistwood,overlay_arg_1_match,overlay_subject_visit_s02,4.550000190734863,head,freqblimp_curated,., the,-3.5392496585845947,-4.226749420166016,0.6874997615814209,1
v2|head|inchoative|overlay_subject_visit_s02_twistwood|good|dim|1668,head,inchoative,good,dim,twistwood,overlay_arg_1_match,overlay_subject_visit_s02,3.619999885559082,head,freqblimp_curated,., the,-3.6843643188476562,-3.2468643188476562,-0.4375,0
v2|head|inchoative|overlay_subject_visit_s02_twistwood|good|drop|1669,head,inchoative,good,drop,twistwood,overlay_arg_1_match,overlay_subject_visit_s02,4.989999771118164,head,freqblimp_curated,., the,-4.088230133056641,-3.7757298946380615,-0.3125002384185791,0
v2|head|inchoative|overlay_subject_visit_s02_twistwood|good|dry|1670,head,inchoative,good,dry,twistwood,overlay_arg_1_match,overlay_subject_visit_s02,4.739999771118164,head,freqblimp_curated,., the,-3.790325164794922,-6.040325164794922,2.25,1
v2|head|inchoative|overlay_subject_visit_s02_twistwood|good|fade|1671,head,inchoative,good,fade,twistwood,overlay_arg_1_match,overlay_subject_visit_s02,3.859999895095825,head,freqblimp_curated,., the,-2.803630828857422,-6.241130828857422,3.4375,1
v2|head|inchoative|overlay_subject_visit_s02_twistwood|good|fold|1672,head,inchoative,good,fold,twistwood,overlay_arg_1_match,overlay_subject_visit_s02,4.079999923706055,head,freqblimp_curated,., the,-4.916353225708008,-4.603853225708008,-0.3125,0
v2|head|inchoative|overlay_subject_visit_s02_twistwood|good|freeze|1673,head,inchoative,good,freeze,twistwood,overlay_arg_1_match,overlay_subject_visit_s02,4.110000133514404,head,freqblimp_curated,., the,-2.487449884414673,-4.987449645996094,2.499999761581421,1
v2|head|inchoative|overlay_subject_visit_s02_twistwood|good|grow|1674,head,inchoative,good,grow,twistwood,overlay_arg_1_match,overlay_subject_visit_s02,4.900000095367432,head,freqblimp_curated,., the,-4.7848358154296875,-5.2223358154296875,0.4375,1
v2|head|inchoative|overlay_subject_visit_s02_twistwood|good|melt|1675,head,inchoative,good,melt,twistwood,overlay_arg_1_match,overlay_subject_visit_s02,3.9600000381469727,head,freqblimp_curated,., the,-3.3631787300109863,-5.113178730010986,1.75,1
v2|head|inchoative|overlay_subject_visit_s02_twistwood|good|move|1676,head,inchoative,good,move,twistwood,overlay_arg_1_match,overlay_subject_visit_s02,5.349999904632568,head,freqblimp_curated,., the,-5.286942481994629,-4.786942481994629,-0.5,0
v2|head|inchoative|overlay_subject_visit_s02_twistwood|good|open|1677,head,inchoative,good,open,twistwood,overlay_arg_1_match,overlay_subject_visit_s02,5.480000019073486,head,freqblimp_curated,., the,-5.05287504196167,-3.30287504196167,-1.75,0
v2|head|inchoative|overlay_subject_visit_s02_twistwood|good|roll|1678,head,inchoative,good,roll,twistwood,overlay_arg_1_match,overlay_subject_visit_s02,4.75,head,freqblimp_curated,., the,-5.082282066345215,-5.707282066345215,0.625,1
v2|head|inchoative|overlay_subject_visit_s02_twistwood|good|shrink|1680,head,inchoative,good,shrink,twistwood,overlay_arg_1_match,overlay_subject_visit_s02,3.7300000190734863,head,freqblimp_curated,., the,-3.700066566467285,-5.512566566467285,1.8125,1
v2|head|inchoative|overlay_subject_visit_s02_twistwood|good|shut|1681,head,inchoative,good,shut,twistwood,overlay_arg_1_match,overlay_subject_visit_s02,4.78000020980835,head,freqblimp_curated,., the,-5.148309707641602,-3.2733099460601807,-1.874999761581421,0
v2|head|inchoative|overlay_subject_visit_s02_twistwood|good|slow|1682,head,inchoative,good,slow,twistwood,overlay_arg_1_match,overlay_subject_visit_s02,4.849999904632568,head,freqblimp_curated,., the,-6.242059230804443,-1.9920591115951538,-4.25,0
v2|head|inchoative|overlay_subject_visit_s02_twistwood|good|soak|1683,head,inchoative,good,soak,twistwood,overlay_arg_1_match,overlay_subject_visit_s02,3.609999895095825,head,freqblimp_curated,., the,-5.596541404724121,-4.784041404724121,-0.8125,0
v2|head|inchoative|overlay_subject_visit_s02_twistwood|good|stop|1684,head,inchoative,good,stop,twistwood,overlay_arg_1_match,overlay_subject_visit_s02,4.400000095367432,head,freqblimp_curated,., the,-4.719456195831299,-3.906956195831299,-0.8125,0
v2|head|inchoative|overlay_subject_visit_s02_twistwood|good|stretch|1685,head,inchoative,good,stretch,twistwood,overlay_arg_1_match,overlay_subject_visit_s02,4.349999904632568,head,freqblimp_curated,., the,-4.743437767028809,-3.7434380054473877,-0.9999997615814209,0
v2|head|inchoative|overlay_subject_visit_s02_twistwood|good|turn|1687,head,inchoative,good,turn,twistwood,overlay_arg_1_match,overlay_subject_visit_s02,5.320000171661377,head,freqblimp_curated,., the,-6.17710018157959,-4.05210018157959,-2.125,0
v2|head|inchoative|overlay_subject_visit_s02_twistwood|good|twist|1688,head,inchoative,good,twist,twistwood,overlay_arg_1_match,overlay_subject_visit_s02,4.21999979019165,head,freqblimp_curated,., the,-4.8575944900512695,-3.9200942516326904,-0.9375002384185791,0
v2|head|inchoative|overlay_subject_visit_s02_twistwood|good|warp|1689,head,inchoative,good,warp,twistwood,overlay_arg_1_match,overlay_subject_visit_s02,3.630000114440918,head,freqblimp_curated,., the,-2.825448989868164,-3.762948989868164,0.9375,1
v2|head|inchoative|overlay_subject_visit_s02_twistwood|good|worry|1690,head,inchoative,good,worry,twistwood,overlay_arg_1_match,overlay_subject_visit_s02,4.840000152587891,head,freqblimp_curated,., the,-4.160464286804199,-2.16046404838562,-2.000000238418579,0
v2|head|inchoative|overlay_subject_check_s00_ovocon|good|accelerate|1724,head,inchoative,good,accelerate,ovocon,overlay_arg_1_match,overlay_subject_check_s00,3.6600000858306885,head,freqblimp_curated,., the,-3.644648313522339,-1.4571483135223389,-2.1875,0
v2|head|inchoative|overlay_subject_check_s00_ovocon|good|awaken|1725,head,inchoative,good,awaken,ovocon,overlay_arg_1_match,overlay_subject_check_s00,3.7200000286102295,head,freqblimp_curated,., the,-3.4346303939819336,-1.622130274772644,-1.8125001192092896,0
v2|head|inchoative|overlay_subject_check_s00_ovocon|good|bake|1726,head,inchoative,good,bake,ovocon,overlay_arg_1_match,overlay_subject_check_s00,3.9100000858306885,head,freqblimp_curated,., the,-3.974764108657837,-1.724764108657837,-2.25,0
v2|head|inchoative|overlay_subject_check_s00_ovocon|good|benefit|1727,head,inchoative,good,benefit,ovocon,overlay_arg_1_match,overlay_subject_check_s00,4.820000171661377,head,freqblimp_curated,., the,-4.977637767791748,-3.477637529373169,-1.500000238418579,0
v2|head|inchoative|overlay_subject_check_s00_ovocon|good|burn|1728,head,inchoative,good,burn,ovocon,overlay_arg_1_match,overlay_subject_check_s00,4.53000020980835,head,freqblimp_curated,., the,-4.588825225830078,-1.8388252258300781,-2.75,0
v2|head|inchoative|overlay_subject_check_s00_ovocon|good|change|1729,head,inchoative,good,change,ovocon,overlay_arg_1_match,overlay_subject_check_s00,4.760000228881836,head,freqblimp_curated,., the,-4.713212490081787,-1.5257123708724976,-3.1875,0
v2|head|inchoative|overlay_subject_check_s00_ovocon|good|chip|1730,head,inchoative,good,chip,ovocon,overlay_arg_1_match,overlay_subject_check_s00,4.309999942779541,head,freqblimp_curated,., the,-3.6664485931396484,-1.5414485931396484,-2.125,0
v2|head|inchoative|overlay_subject_check_s00_ovocon|good|close|1731,head,inchoative,good,close,ovocon,overlay_arg_1_match,overlay_subject_check_s00,5.360000133514404,head,freqblimp_curated,., the,-3.6012516021728516,-1.6012516021728516,-2.0,0
v2|head|inchoative|overlay_subject_check_s00_ovocon|good|crack|1732,head,inchoative,good,crack,ovocon,overlay_arg_1_match,overlay_subject_check_s00,4.409999847412109,head,freqblimp_curated,., the,-3.4236862659454346,-1.6111862659454346,-1.8125,0
v2|head|inchoative|overlay_subject_check_s00_ovocon|good|crash|1733,head,inchoative,good,crash,ovocon,overlay_arg_1_match,overlay_subject_check_s00,4.550000190734863,head,freqblimp_curated,., the,-2.8116018772125244,-2.4991018772125244,-0.3125,0
v2|head|inchoative|overlay_subject_check_s00_ovocon|good|dim|1734,head,inchoative,good,dim,ovocon,overlay_arg_1_match,overlay_subject_check_s00,3.619999885559082,head,freqblimp_curated,., the,-3.9440507888793945,-1.881550908088684,-2.0625,0
v2|head|inchoative|overlay_subject_check_s00_ovocon|good|drop|1735,head,inchoative,good,drop,ovocon,overlay_arg_1_match,overlay_subject_check_s00,4.989999771118164,head,freqblimp_curated,., the,-3.8315513134002686,-2.2690513134002686,-1.5625,0
v2|head|inchoative|overlay_subject_check_s00_ovocon|good|dry|1736,head,inchoative,good,dry,ovocon,overlay_arg_1_match,overlay_subject_check_s00,4.739999771118164,head,freqblimp_curated,., the,-3.842241048812866,-3.029741048812866,-0.8125,0
v2|head|inchoative|overlay_subject_check_s00_ovocon|good|fade|1737,head,inchoative,good,fade,ovocon,overlay_arg_1_match,overlay_subject_check_s00,3.859999895095825,head,freqblimp_curated,., the,-3.3101370334625244,-3.8726370334625244,0.5625,1
v2|head|inchoative|overlay_subject_check_s00_ovocon|good|fold|1738,head,inchoative,good,fold,ovocon,overlay_arg_1_match,overlay_subject_check_s00,4.079999923706055,head,freqblimp_curated,., the,-4.895659446716309,-1.958159327507019,-2.9375,0
v2|head|inchoative|overlay_subject_check_s00_ovocon|good|freeze|1739,head,inchoative,good,freeze,ovocon,overlay_arg_1_match,overlay_subject_check_s00,4.110000133514404,head,freqblimp_curated,., the,-3.206040859222412,-2.081040859222412,-1.125,0
v2|head|inchoative|overlay_subject_check_s00_ovocon|good|grow|1740,head,inchoative,good,grow,ovocon,overlay_arg_1_match,overlay_subject_check_s00,4.900000095367432,head,freqblimp_curated,., the,-4.26481294631958,-3.63981294631958,-0.625,0
v2|head|inchoative|overlay_subject_check_s00_ovocon|good|melt|1741,head,inchoative,good,melt,ovocon,overlay_arg_1_match,overlay_subject_check_s00,3.9600000381469727,head,freqblimp_curated,., the,-3.362605094909668,-2.112605094909668,-1.25,0
v2|head|inchoative|overlay_subject_check_s00_ovocon|good|move|1742,head,inchoative,good,move,ovocon,overlay_arg_1_match,overlay_subject_check_s00,5.349999904632568,head,freqblimp_curated,., the,-6.209319114685059,-2.2093188762664795,-4.0,0
v2|head|inchoative|overlay_subject_check_s00_ovocon|good|open|1743,head,inchoative,good,open,ovocon,overlay_arg_1_match,overlay_subject_check_s00,5.480000019073486,head,freqblimp_curated,., the,-3.75813627243042,-2.07063627243042,-1.6875,0
v2|head|inchoative|overlay_subject_check_s00_ovocon|good|roll|1744,head,inchoative,good,roll,ovocon,overlay_arg_1_match,overlay_subject_check_s00,4.75,head,freqblimp_curated,., the,-5.123078346252441,-2.9355783462524414,-2.1875,0
v2|head|inchoative|overlay_subject_check_s00_ovocon|good|shrink|1746,head,inchoative,good,shrink,ovocon,overlay_arg_1_match,overlay_subject_check_s00,3.7300000190734863,head,freqblimp_curated,., the,-3.3655762672424316,-2.4905762672424316,-0.875,0
v2|head|inchoative|overlay_subject_check_s00_ovocon|good|shut|1747,head,inchoative,good,shut,ovocon,overlay_arg_1_match,overlay_subject_check_s00,4.78000020980835,head,freqblimp_curated,., the,-5.48173189163208,-3.481731653213501,-2.000000238418579,0
v2|head|inchoative|overlay_subject_check_s00_ovocon|good|slow|1748,head,inchoative,good,slow,ovocon,overlay_arg_1_match,overlay_subject_check_s00,4.849999904632568,head,freqblimp_curated,., the,-4.999817371368408,-2.249817371368408,-2.75,0
v2|head|inchoative|overlay_subject_check_s00_ovocon|good|soak|1749,head,inchoative,good,soak,ovocon,overlay_arg_1_match,overlay_subject_check_s00,3.609999895095825,head,freqblimp_curated,., the,-5.545422077178955,-2.357921838760376,-3.187500238418579,0
v2|head|inchoative|overlay_subject_check_s00_ovocon|good|stop|1750,head,inchoative,good,stop,ovocon,overlay_arg_1_match,overlay_subject_check_s00,4.400000095367432,head,freqblimp_curated,., the,-3.2420382499694824,-2.3045382499694824,-0.9375,0
v2|head|inchoative|overlay_subject_check_s00_ovocon|good|stretch|1751,head,inchoative,good,stretch,ovocon,overlay_arg_1_match,overlay_subject_check_s00,4.349999904632568,head,freqblimp_curated,., the,-4.399237155914307,-1.336737036705017,-3.0625,0
v2|head|inchoative|overlay_subject_check_s00_ovocon|good|turn|1753,head,inchoative,good,turn,ovocon,overlay_arg_1_match,overlay_subject_check_s00,5.320000171661377,head,freqblimp_curated,., the,-6.042089939117432,-2.7295899391174316,-3.3125,0
v2|head|inchoative|overlay_subject_check_s00_ovocon|good|twist|1754,head,inchoative,good,twist,ovocon,overlay_arg_1_match,overlay_subject_check_s00,4.21999979019165,head,freqblimp_curated,., the,-4.477569103240967,-2.102569103240967,-2.375,0
v2|head|inchoative|overlay_subject_check_s00_ovocon|good|warp|1755,head,inchoative,good,warp,ovocon,overlay_arg_1_match,overlay_subject_check_s00,3.630000114440918,head,freqblimp_curated,., the,-3.6100218296051025,-1.2350218296051025,-2.375,0
v2|head|inchoative|overlay_subject_check_s00_ovocon|good|worry|1756,head,inchoative,good,worry,ovocon,overlay_arg_1_match,overlay_subject_check_s00,4.840000152587891,head,freqblimp_curated,., the,-4.7993245124816895,-1.9868245124816895,-2.8125,0
v2|head|inchoative|overlay_subject_check_s03_ovral|good|accelerate|1823,head,inchoative,good,accelerate,ovral,overlay_arg_1_match,overlay_subject_check_s03,3.6600000858306885,head,freqblimp_curated,., the,-4.591376304626465,-1.8413764238357544,-2.75,0
v2|head|inchoative|overlay_subject_check_s03_ovral|good|awaken|1824,head,inchoative,good,awaken,ovral,overlay_arg_1_match,overlay_subject_check_s03,3.7200000286102295,head,freqblimp_curated,., the,-3.5004353523254395,-2.3129353523254395,-1.1875,0
v2|head|inchoative|overlay_subject_check_s03_ovral|good|bake|1825,head,inchoative,good,bake,ovral,overlay_arg_1_match,overlay_subject_check_s03,3.9100000858306885,head,freqblimp_curated,., the,-4.399330139160156,-1.5243303775787354,-2.874999761581421,0
v2|head|inchoative|overlay_subject_check_s03_ovral|good|benefit|1826,head,inchoative,good,benefit,ovral,overlay_arg_1_match,overlay_subject_check_s03,4.820000171661377,head,freqblimp_curated,., the,-5.055631160736084,-4.055631160736084,-1.0,0
v2|head|inchoative|overlay_subject_check_s03_ovral|good|burn|1827,head,inchoative,good,burn,ovral,overlay_arg_1_match,overlay_subject_check_s03,4.53000020980835,head,freqblimp_curated,., the,-4.337814807891846,-1.8378149271011353,-2.5,0
v2|head|inchoative|overlay_subject_check_s03_ovral|good|change|1828,head,inchoative,good,change,ovral,overlay_arg_1_match,overlay_subject_check_s03,4.760000228881836,head,freqblimp_curated,., the,-5.611159801483154,-1.7986599206924438,-3.8125,0
v2|head|inchoative|overlay_subject_check_s03_ovral|good|chip|1829,head,inchoative,good,chip,ovral,overlay_arg_1_match,overlay_subject_check_s03,4.309999942779541,head,freqblimp_curated,., the,-4.1168084144592285,-1.7418084144592285,-2.375,0
v2|head|inchoative|overlay_subject_check_s03_ovral|good|close|1830,head,inchoative,good,close,ovral,overlay_arg_1_match,overlay_subject_check_s03,5.360000133514404,head,freqblimp_curated,., the,-4.166922569274902,-1.479422688484192,-2.6875,0
v2|head|inchoative|overlay_subject_check_s03_ovral|good|crack|1831,head,inchoative,good,crack,ovral,overlay_arg_1_match,overlay_subject_check_s03,4.409999847412109,head,freqblimp_curated,., the,-3.3766207695007324,-2.2516207695007324,-1.125,0
v2|head|inchoative|overlay_subject_check_s03_ovral|good|crash|1832,head,inchoative,good,crash,ovral,overlay_arg_1_match,overlay_subject_check_s03,4.550000190734863,head,freqblimp_curated,., the,-3.035205364227295,-2.722705364227295,-0.3125,0
v2|head|inchoative|overlay_subject_check_s03_ovral|good|dim|1833,head,inchoative,good,dim,ovral,overlay_arg_1_match,overlay_subject_check_s03,3.619999885559082,head,freqblimp_curated,., the,-4.101352691650391,-1.6638526916503906,-2.4375,0
v2|head|inchoative|overlay_subject_check_s03_ovral|good|drop|1834,head,inchoative,good,drop,ovral,overlay_arg_1_match,overlay_subject_check_s03,4.989999771118164,head,freqblimp_curated,., the,-5.055056571960449,-1.7425563335418701,-3.312500238418579,0
v2|head|inchoative|overlay_subject_check_s03_ovral|good|dry|1835,head,inchoative,good,dry,ovral,overlay_arg_1_match,overlay_subject_check_s03,4.739999771118164,head,freqblimp_curated,., the,-3.903881549835205,-2.341381549835205,-1.5625,0
v2|head|inchoative|overlay_subject_check_s03_ovral|good|fade|1836,head,inchoative,good,fade,ovral,overlay_arg_1_match,overlay_subject_check_s03,3.859999895095825,head,freqblimp_curated,., the,-4.224109649658203,-2.9741098880767822,-1.249999761581421,0
v2|head|inchoative|overlay_subject_check_s03_ovral|good|fold|1837,head,inchoative,good,fold,ovral,overlay_arg_1_match,overlay_subject_check_s03,4.079999923706055,head,freqblimp_curated,., the,-5.000244140625,-2.187744140625,-2.8125,0
v2|head|inchoative|overlay_subject_check_s03_ovral|good|freeze|1838,head,inchoative,good,freeze,ovral,overlay_arg_1_match,overlay_subject_check_s03,4.110000133514404,head,freqblimp_curated,., the,-3.2642107009887695,-2.3267107009887695,-0.9375,0
v2|head|inchoative|overlay_subject_check_s03_ovral|good|grow|1839,head,inchoative,good,grow,ovral,overlay_arg_1_match,overlay_subject_check_s03,4.900000095367432,head,freqblimp_curated,., the,-4.402475357055664,-3.714975118637085,-0.6875002384185791,0
v2|head|inchoative|overlay_subject_check_s03_ovral|good|melt|1840,head,inchoative,good,melt,ovral,overlay_arg_1_match,overlay_subject_check_s03,3.9600000381469727,head,freqblimp_curated,., the,-3.3904261589050293,-2.2654261589050293,-1.125,0
v2|head|inchoative|overlay_subject_check_s03_ovral|good|move|1841,head,inchoative,good,move,ovral,overlay_arg_1_match,overlay_subject_check_s03,5.349999904632568,head,freqblimp_curated,., the,-5.819862365722656,-2.0698626041412354,-3.749999761581421,0
v2|head|inchoative|overlay_subject_check_s03_ovral|good|open|1842,head,inchoative,good,open,ovral,overlay_arg_1_match,overlay_subject_check_s03,5.480000019073486,head,freqblimp_curated,., the,-4.0741424560546875,-1.824142336845398,-2.25,0
v2|head|inchoative|overlay_subject_check_s03_ovral|good|roll|1843,head,inchoative,good,roll,ovral,overlay_arg_1_match,overlay_subject_check_s03,4.75,head,freqblimp_curated,., the,-5.6320905685424805,-2.8820908069610596,-2.749999761581421,0
v2|head|inchoative|overlay_subject_check_s03_ovral|good|shrink|1845,head,inchoative,good,shrink,ovral,overlay_arg_1_match,overlay_subject_check_s03,3.7300000190734863,head,freqblimp_curated,., the,-3.9519340991973877,-2.4519340991973877,-1.5,0
v2|head|inchoative|overlay_subject_check_s03_ovral|good|shut|1846,head,inchoative,good,shut,ovral,overlay_arg_1_match,overlay_subject_check_s03,4.78000020980835,head,freqblimp_curated,., the,-5.178353309631348,-2.8658533096313477,-2.3125,0
v2|head|inchoative|overlay_subject_check_s03_ovral|good|slow|1847,head,inchoative,good,slow,ovral,overlay_arg_1_match,overlay_subject_check_s03,4.849999904632568,head,freqblimp_curated,., the,-6.071048259735107,-2.7585482597351074,-3.3125,0
v2|head|inchoative|overlay_subject_check_s03_ovral|good|soak|1848,head,inchoative,good,soak,ovral,overlay_arg_1_match,overlay_subject_check_s03,3.609999895095825,head,freqblimp_curated,., the,-4.964268684387207,-2.089268684387207,-2.875,0
v2|head|inchoative|overlay_subject_check_s03_ovral|good|stop|1849,head,inchoative,good,stop,ovral,overlay_arg_1_match,overlay_subject_check_s03,4.400000095367432,head,freqblimp_curated,., the,-3.899508237838745,-2.212008237838745,-1.6875,0
v2|head|inchoative|overlay_subject_check_s03_ovral|good|stretch|1850,head,inchoative,good,stretch,ovral,overlay_arg_1_match,overlay_subject_check_s03,4.349999904632568,head,freqblimp_curated,., the,-4.770037651062012,-1.8950374126434326,-2.875000238418579,0
v2|head|inchoative|overlay_subject_check_s03_ovral|good|turn|1852,head,inchoative,good,turn,ovral,overlay_arg_1_match,overlay_subject_check_s03,5.320000171661377,head,freqblimp_curated,., the,-6.40374231338501,-2.4662423133850098,-3.9375,0
v2|head|inchoative|overlay_subject_check_s03_ovral|good|twist|1853,head,inchoative,good,twist,ovral,overlay_arg_1_match,overlay_subject_check_s03,4.21999979019165,head,freqblimp_curated,., the,-4.63623046875,-2.261230230331421,-2.375000238418579,0
v2|head|inchoative|overlay_subject_check_s03_ovral|good|warp|1854,head,inchoative,good,warp,ovral,overlay_arg_1_match,overlay_subject_check_s03,3.630000114440918,head,freqblimp_curated,., the,-3.978624105453491,-1.6661241054534912,-2.3125,0
v2|head|inchoative|overlay_subject_check_s03_ovral|good|worry|1855,head,inchoative,good,worry,ovral,overlay_arg_1_match,overlay_subject_check_s03,4.840000152587891,head,freqblimp_curated,., the,-4.864757537841797,-2.5522572994232178,-2.312500238418579,0
v2|head|inchoative|overlay_subject_tomorrow_s01_windhoek|good|accelerate|1889,head,inchoative,good,accelerate,windhoek,overlay_arg_1_match,overlay_subject_tomorrow_s01,3.6600000858306885,head,freqblimp_curated,., the,-2.8460865020751953,-3.6585865020751953,0.8125,1
v2|head|inchoative|overlay_subject_tomorrow_s01_windhoek|good|awaken|1890,head,inchoative,good,awaken,windhoek,overlay_arg_1_match,overlay_subject_tomorrow_s01,3.7200000286102295,head,freqblimp_curated,., the,-1.8321630954742432,-4.394662857055664,2.562499761581421,1
v2|head|inchoative|overlay_subject_tomorrow_s01_windhoek|good|bake|1891,head,inchoative,good,bake,windhoek,overlay_arg_1_match,overlay_subject_tomorrow_s01,3.9100000858306885,head,freqblimp_curated,., the,-2.439361333847046,-3.001861333847046,0.5625,1
v2|head|inchoative|overlay_subject_tomorrow_s01_windhoek|good|benefit|1892,head,inchoative,good,benefit,windhoek,overlay_arg_1_match,overlay_subject_tomorrow_s01,4.820000171661377,head,freqblimp_curated,., the,-4.155881404876709,-3.96838116645813,-0.1875002384185791,0
v2|head|inchoative|overlay_subject_tomorrow_s01_windhoek|good|burn|1893,head,inchoative,good,burn,windhoek,overlay_arg_1_match,overlay_subject_tomorrow_s01,4.53000020980835,head,freqblimp_curated,., the,-2.1224827766418457,-4.622482776641846,2.5,1
v2|head|inchoative|overlay_subject_tomorrow_s01_windhoek|good|change|1894,head,inchoative,good,change,windhoek,overlay_arg_1_match,overlay_subject_tomorrow_s01,4.760000228881836,head,freqblimp_curated,., the,-1.6417624950408936,-4.266762733459473,2.625000238418579,1
v2|head|inchoative|overlay_subject_tomorrow_s01_windhoek|good|chip|1895,head,inchoative,good,chip,windhoek,overlay_arg_1_match,overlay_subject_tomorrow_s01,4.309999942779541,head,freqblimp_curated,., the,-3.4449496269226074,-3.0074496269226074,-0.4375,0
v2|head|inchoative|overlay_subject_tomorrow_s01_windhoek|good|close|1896,head,inchoative,good,close,windhoek,overlay_arg_1_match,overlay_subject_tomorrow_s01,5.360000133514404,head,freqblimp_curated,., the,-2.250805139541626,-3.188305139541626,0.9375,1
v2|head|inchoative|overlay_subject_tomorrow_s01_windhoek|good|crack|1897,head,inchoative,good,crack,windhoek,overlay_arg_1_match,overlay_subject_tomorrow_s01,4.409999847412109,head,freqblimp_curated,., the,-2.3742291927337646,-4.186729431152344,1.812500238418579,1
v2|head|inchoative|overlay_subject_tomorrow_s01_windhoek|good|crash|1898,head,inchoative,good,crash,windhoek,overlay_arg_1_match,overlay_subject_tomorrow_s01,4.550000190734863,head,freqblimp_curated,., the,-2.1403889656066895,-4.8903889656066895,2.75,1
v2|head|inchoative|overlay_subject_tomorrow_s01_windhoek|good|dim|1899,head,inchoative,good,dim,windhoek,overlay_arg_1_match,overlay_subject_tomorrow_s01,3.619999885559082,head,freqblimp_curated,., the,-2.0049898624420166,-3.9424898624420166,1.9375,1
v2|head|inchoative|overlay_subject_tomorrow_s01_windhoek|good|drop|1900,head,inchoative,good,drop,windhoek,overlay_arg_1_match,overlay_subject_tomorrow_s01,4.989999771118164,head,freqblimp_curated,., the,-2.7424869537353516,-4.242486953735352,1.5,1
v2|head|inchoative|overlay_subject_tomorrow_s01_windhoek|good|dry|1901,head,inchoative,good,dry,windhoek,overlay_arg_1_match,overlay_subject_tomorrow_s01,4.739999771118164,head,freqblimp_curated,., the,-2.7405714988708496,-5.24057149887085,2.5,1
v2|head|inchoative|overlay_subject_tomorrow_s01_windhoek|good|fade|1902,head,inchoative,good,fade,windhoek,overlay_arg_1_match,overlay_subject_tomorrow_s01,3.859999895095825,head,freqblimp_curated,., the,-2.211482524871826,-6.961482524871826,4.75,1
v2|head|inchoative|overlay_subject_tomorrow_s01_windhoek|good|fold|1903,head,inchoative,good,fold,windhoek,overlay_arg_1_match,overlay_subject_tomorrow_s01,4.079999923706055,head,freqblimp_curated,., the,-2.7874526977539062,-4.599952697753906,1.8125,1
v2|head|inchoative|overlay_subject_tomorrow_s01_windhoek|good|freeze|1904,head,inchoative,good,freeze,windhoek,overlay_arg_1_match,overlay_subject_tomorrow_s01,4.110000133514404,head,freqblimp_curated,., the,-2.030369758605957,-6.030369758605957,4.0,1
v2|head|inchoative|overlay_subject_tomorrow_s01_windhoek|good|grow|1905,head,inchoative,good,grow,windhoek,overlay_arg_1_match,overlay_subject_tomorrow_s01,4.900000095367432,head,freqblimp_curated,., the,-3.349392890930176,-6.036892890930176,2.6875,1
v2|head|inchoative|overlay_subject_tomorrow_s01_windhoek|good|melt|1906,head,inchoative,good,melt,windhoek,overlay_arg_1_match,overlay_subject_tomorrow_s01,3.9600000381469727,head,freqblimp_curated,., the,-1.9508486986160278,-3.9508485794067383,1.9999998807907104,1
v2|head|inchoative|overlay_subject_tomorrow_s01_windhoek|good|move|1907,head,inchoative,good,move,windhoek,overlay_arg_1_match,overlay_subject_tomorrow_s01,5.349999904632568,head,freqblimp_curated,., the,-2.9425904750823975,-4.505090713500977,1.562500238418579,1
v2|head|inchoative|overlay_subject_tomorrow_s01_windhoek|good|open|1908,head,inchoative,good,open,windhoek,overlay_arg_1_match,overlay_subject_tomorrow_s01,5.480000019073486,head,freqblimp_curated,., the,-2.2826695442199707,-4.532669544219971,2.25,1
v2|head|inchoative|overlay_subject_tomorrow_s01_windhoek|good|roll|1909,head,inchoative,good,roll,windhoek,overlay_arg_1_match,overlay_subject_tomorrow_s01,4.75,head,freqblimp_curated,., the,-3.539883852005005,-4.602383613586426,1.062499761581421,1
v2|head|inchoative|overlay_subject_tomorrow_s01_windhoek|good|shrink|1911,head,inchoative,good,shrink,windhoek,overlay_arg_1_match,overlay_subject_tomorrow_s01,3.7300000190734863,head,freqblimp_curated,., the,-2.5920872688293457,-5.717087268829346,3.125,1
v2|head|inchoative|overlay_subject_tomorrow_s01_windhoek|good|shut|1912,head,inchoative,good,shut,windhoek,overlay_arg_1_match,overlay_subject_tomorrow_s01,4.78000020980835,head,freqblimp_curated,., the,-3.1344614028930664,-4.009461402893066,0.875,1
v2|head|inchoative|overlay_subject_tomorrow_s01_windhoek|good|slow|1913,head,inchoative,good,slow,windhoek,overlay_arg_1_match,overlay_subject_tomorrow_s01,4.849999904632568,head,freqblimp_curated,., the,-3.334629774093628,-5.522130012512207,2.187500238418579,1
v2|head|inchoative|overlay_subject_tomorrow_s01_windhoek|good|soak|1914,head,inchoative,good,soak,windhoek,overlay_arg_1_match,overlay_subject_tomorrow_s01,3.609999895095825,head,freqblimp_curated,., the,-3.955892562866211,-2.580892562866211,-1.375,0
v2|head|inchoative|overlay_subject_tomorrow_s01_windhoek|good|stop|1915,head,inchoative,good,stop,windhoek,overlay_arg_1_match,overlay_subject_tomorrow_s01,4.400000095367432,head,freqblimp_curated,., the,-2.67360782623291,-4.67360782623291,2.0,1
v2|head|inchoative|overlay_subject_tomorrow_s01_windhoek|good|stretch|1916,head,inchoative,good,stretch,windhoek,overlay_arg_1_match,overlay_subject_tomorrow_s01,4.349999904632568,head,freqblimp_curated,., the,-4.724435806274414,-4.724435806274414,0.0,0
v2|head|inchoative|overlay_subject_tomorrow_s01_windhoek|good|turn|1918,head,inchoative,good,turn,windhoek,overlay_arg_1_match,overlay_subject_tomorrow_s01,5.320000171661377,head,freqblimp_curated,., the,-2.893521308898926,-4.518521308898926,1.625,1
v2|head|inchoative|overlay_subject_tomorrow_s01_windhoek|good|twist|1919,head,inchoative,good,twist,windhoek,overlay_arg_1_match,overlay_subject_tomorrow_s01,4.21999979019165,head,freqblimp_curated,., the,-3.1911935806274414,-3.3786935806274414,0.1875,1
v2|head|inchoative|overlay_subject_tomorrow_s01_windhoek|good|warp|1920,head,inchoative,good,warp,windhoek,overlay_arg_1_match,overlay_subject_tomorrow_s01,3.630000114440918,head,freqblimp_curated,., the,-2.663891553878784,-2.413891553878784,-0.25,0
v2|head|inchoative|overlay_subject_tomorrow_s01_windhoek|good|worry|1921,head,inchoative,good,worry,windhoek,overlay_arg_1_match,overlay_subject_tomorrow_s01,4.840000152587891,head,freqblimp_curated,., the,-2.972353935241699,-3.222353935241699,0.25,1
v2|head|inchoative|overlay_subject_tomorrow_s02_windjammer|good|accelerate|1922,head,inchoative,good,accelerate,windjammer,overlay_arg_1_match,overlay_subject_tomorrow_s02,3.6600000858306885,head,freqblimp_curated,., the,-3.6033987998962402,-4.04089879989624,0.4375,1
v2|head|inchoative|overlay_subject_tomorrow_s02_windjammer|good|awaken|1923,head,inchoative,good,awaken,windjammer,overlay_arg_1_match,overlay_subject_tomorrow_s02,3.7200000286102295,head,freqblimp_curated,., the,-2.1036784648895264,-5.0411787033081055,2.937500238418579,1
v2|head|inchoative|overlay_subject_tomorrow_s02_windjammer|good|bake|1924,head,inchoative,good,bake,windjammer,overlay_arg_1_match,overlay_subject_tomorrow_s02,3.9100000858306885,head,freqblimp_curated,., the,-3.271757125854492,-2.834257125854492,-0.4375,0
v2|head|inchoative|overlay_subject_tomorrow_s02_windjammer|good|benefit|1925,head,inchoative,good,benefit,windjammer,overlay_arg_1_match,overlay_subject_tomorrow_s02,4.820000171661377,head,freqblimp_curated,., the,-4.31298828125,-4.43798828125,0.125,1
v2|head|inchoative|overlay_subject_tomorrow_s02_windjammer|good|burn|1926,head,inchoative,good,burn,windjammer,overlay_arg_1_match,overlay_subject_tomorrow_s02,4.53000020980835,head,freqblimp_curated,., the,-2.7756571769714355,-3.7756571769714355,1.0,1
v2|head|inchoative|overlay_subject_tomorrow_s02_windjammer|good|change|1927,head,inchoative,good,change,windjammer,overlay_arg_1_match,overlay_subject_tomorrow_s02,4.760000228881836,head,freqblimp_curated,., the,-4.122498035430908,-3.809997797012329,-0.3125002384185791,0
v2|head|inchoative|overlay_subject_tomorrow_s02_windjammer|good|chip|1928,head,inchoative,good,chip,windjammer,overlay_arg_1_match,overlay_subject_tomorrow_s02,4.309999942779541,head,freqblimp_curated,., the,-6.020282745361328,-2.832782745361328,-3.1875,0
v2|head|inchoative|overlay_subject_tomorrow_s02_windjammer|good|close|1929,head,inchoative,good,close,windjammer,overlay_arg_1_match,overlay_subject_tomorrow_s02,5.360000133514404,head,freqblimp_curated,., the,-2.7868313789367676,-2.3493313789367676,-0.4375,0
v2|head|inchoative|overlay_subject_tomorrow_s02_windjammer|good|crack|1930,head,inchoative,good,crack,windjammer,overlay_arg_1_match,overlay_subject_tomorrow_s02,4.409999847412109,head,freqblimp_curated,., the,-3.715127468109131,-2.027627468109131,-1.6875,0
v2|head|inchoative|overlay_subject_tomorrow_s02_windjammer|good|crash|1931,head,inchoative,good,crash,windjammer,overlay_arg_1_match,overlay_subject_tomorrow_s02,4.550000190734863,head,freqblimp_curated,., the,-2.825805902481079,-5.9508056640625,3.124999761581421,1
v2|head|inchoative|overlay_subject_tomorrow_s02_windjammer|good|dim|1932,head,inchoative,good,dim,windjammer,overlay_arg_1_match,overlay_subject_tomorrow_s02,3.619999885559082,head,freqblimp_curated,., the,-2.6938443183898926,-2.8813443183898926,0.1875,1
v2|head|inchoative|overlay_subject_tomorrow_s02_windjammer|good|drop|1933,head,inchoative,good,drop,windjammer,overlay_arg_1_match,overlay_subject_tomorrow_s02,4.989999771118164,head,freqblimp_curated,., the,-5.564020156860352,-3.8140201568603516,-1.75,0
v2|head|inchoative|overlay_subject_tomorrow_s02_windjammer|good|dry|1934,head,inchoative,good,dry,windjammer,overlay_arg_1_match,overlay_subject_tomorrow_s02,4.739999771118164,head,freqblimp_curated,., the,-3.7354183197021484,-4.172918319702148,0.4375,1
v2|head|inchoative|overlay_subject_tomorrow_s02_windjammer|good|fade|1935,head,inchoative,good,fade,windjammer,overlay_arg_1_match,overlay_subject_tomorrow_s02,3.859999895095825,head,freqblimp_curated,., the,-3.1725142002105713,-7.360013961791992,4.1875,1
v2|head|inchoative|overlay_subject_tomorrow_s02_windjammer|good|fold|1936,head,inchoative,good,fold,windjammer,overlay_arg_1_match,overlay_subject_tomorrow_s02,4.079999923706055,head,freqblimp_curated,., the,-2.8673815727233887,-4.367381572723389,1.5,1
v2|head|inchoative|overlay_subject_tomorrow_s02_windjammer|good|freeze|1937,head,inchoative,good,freeze,windjammer,overlay_arg_1_match,overlay_subject_tomorrow_s02,4.110000133514404,head,freqblimp_curated,., the,-2.7071704864501953,-4.582170486450195,1.875,1
v2|head|inchoative|overlay_subject_tomorrow_s02_windjammer|good|grow|1938,head,inchoative,good,grow,windjammer,overlay_arg_1_match,overlay_subject_tomorrow_s02,4.900000095367432,head,freqblimp_curated,., the,-3.7816519737243652,-6.094151973724365,2.3125,1
v2|head|inchoative|overlay_subject_tomorrow_s02_windjammer|good|melt|1939,head,inchoative,good,melt,windjammer,overlay_arg_1_match,overlay_subject_tomorrow_s02,3.9600000381469727,head,freqblimp_curated,., the,-3.1461753845214844,-2.5836753845214844,-0.5625,0
v2|head|inchoative|overlay_subject_tomorrow_s02_windjammer|good|move|1940,head,inchoative,good,move,windjammer,overlay_arg_1_match,overlay_subject_tomorrow_s02,5.349999904632568,head,freqblimp_curated,., the,-4.011185646057129,-3.88618540763855,-0.1250002384185791,0
v2|head|inchoative|overlay_subject_tomorrow_s02_windjammer|good|open|1941,head,inchoative,good,open,windjammer,overlay_arg_1_match,overlay_subject_tomorrow_s02,5.480000019073486,head,freqblimp_curated,., the,-2.9854989051818848,-2.7354989051818848,-0.25,0
v2|head|inchoative|overlay_subject_tomorrow_s02_windjammer|good|roll|1942,head,inchoative,good,roll,windjammer,overlay_arg_1_match,overlay_subject_tomorrow_s02,4.75,head,freqblimp_curated,., the,-4.948277473449707,-5.760777473449707,0.8125,1
v2|head|inchoative|overlay_subject_tomorrow_s02_windjammer|good|shrink|1944,head,inchoative,good,shrink,windjammer,overlay_arg_1_match,overlay_subject_tomorrow_s02,3.7300000190734863,head,freqblimp_curated,., the,-3.186859607696533,-4.561859607696533,1.375,1
v2|head|inchoative|overlay_subject_tomorrow_s02_windjammer|good|shut|1945,head,inchoative,good,shut,windjammer,overlay_arg_1_match,overlay_subject_tomorrow_s02,4.78000020980835,head,freqblimp_curated,., the,-4.757687568664551,-3.2576873302459717,-1.500000238418579,0
v2|head|inchoative|overlay_subject_tomorrow_s02_windjammer|good|slow|1946,head,inchoative,good,slow,windjammer,overlay_arg_1_match,overlay_subject_tomorrow_s02,4.849999904632568,head,freqblimp_curated,., the,-3.8030929565429688,-5.115592956542969,1.3125,1
v2|head|inchoative|overlay_subject_tomorrow_s02_windjammer|good|soak|1947,head,inchoative,good,soak,windjammer,overlay_arg_1_match,overlay_subject_tomorrow_s02,3.609999895095825,head,freqblimp_curated,., the,-5.456690311431885,-2.3316903114318848,-3.125,0
v2|head|inchoative|overlay_subject_tomorrow_s02_windjammer|good|stop|1948,head,inchoative,good,stop,windjammer,overlay_arg_1_match,overlay_subject_tomorrow_s02,4.400000095367432,head,freqblimp_curated,., the,-3.3296728134155273,-4.517172813415527,1.1875,1
v2|head|inchoative|overlay_subject_tomorrow_s02_windjammer|good|stretch|1949,head,inchoative,good,stretch,windjammer,overlay_arg_1_match,overlay_subject_tomorrow_s02,4.349999904632568,head,freqblimp_curated,., the,-5.948551177978516,-4.448551177978516,-1.5,0
v2|head|inchoative|overlay_subject_tomorrow_s02_windjammer|good|turn|1951,head,inchoative,good,turn,windjammer,overlay_arg_1_match,overlay_subject_tomorrow_s02,5.320000171661377,head,freqblimp_curated,., the,-4.853532791137695,-3.9160330295562744,-0.9374997615814209,0
v2|head|inchoative|overlay_subject_tomorrow_s02_windjammer|good|twist|1952,head,inchoative,good,twist,windjammer,overlay_arg_1_match,overlay_subject_tomorrow_s02,4.21999979019165,head,freqblimp_curated,., the,-5.6421661376953125,-3.0796663761138916,-2.562499761581421,0
v2|head|inchoative|overlay_subject_tomorrow_s02_windjammer|good|warp|1953,head,inchoative,good,warp,windjammer,overlay_arg_1_match,overlay_subject_tomorrow_s02,3.630000114440918,head,freqblimp_curated,., the,-4.199275016784668,-2.949274778366089,-1.250000238418579,0
v2|head|inchoative|overlay_subject_tomorrow_s02_windjammer|good|worry|1954,head,inchoative,good,worry,windjammer,overlay_arg_1_match,overlay_subject_tomorrow_s02,4.840000152587891,head,freqblimp_curated,., the,-3.311974048614502,-3.436974048614502,0.125,1
v2|head|inchoative|overlay_subject_trial_s00_wayside|good|accelerate|1988,head,inchoative,good,accelerate,wayside,overlay_arg_1_match,overlay_subject_trial_s00,3.6600000858306885,head,freqblimp_curated,., the,-3.660351514816284,-2.222851514816284,-1.4375,0
v2|head|inchoative|overlay_subject_trial_s00_wayside|good|awaken|1989,head,inchoative,good,awaken,wayside,overlay_arg_1_match,overlay_subject_trial_s00,3.7200000286102295,head,freqblimp_curated,., the,-3.6498844623565674,-2.1498844623565674,-1.5,0
v2|head|inchoative|overlay_subject_trial_s00_wayside|good|bake|1990,head,inchoative,good,bake,wayside,overlay_arg_1_match,overlay_subject_trial_s00,3.9100000858306885,head,freqblimp_curated,., the,-5.002924919128418,-3.315425157546997,-1.687499761581421,0
v2|head|inchoative|overlay_subject_trial_s00_wayside|good|benefit|1991,head,inchoative,good,benefit,wayside,overlay_arg_1_match,overlay_subject_trial_s00,4.820000171661377,head,freqblimp_curated,., the,-4.733389854431152,-2.6708898544311523,-2.0625,0
v2|head|inchoative|overlay_subject_trial_s00_wayside|good|burn|1992,head,inchoative,good,burn,wayside,overlay_arg_1_match,overlay_subject_trial_s00,4.53000020980835,head,freqblimp_curated,., the,-3.6551356315612793,-3.5926356315612793,-0.0625,0
v2|head|inchoative|overlay_subject_trial_s00_wayside|good|change|1993,head,inchoative,good,change,wayside,overlay_arg_1_match,overlay_subject_trial_s00,4.760000228881836,head,freqblimp_curated,., the,-1.8765275478363037,-3.8140275478363037,1.9375,1
v2|head|inchoative|overlay_subject_trial_s00_wayside|good|chip|1994,head,inchoative,good,chip,wayside,overlay_arg_1_match,overlay_subject_trial_s00,4.309999942779541,head,freqblimp_curated,., the,-5.060824394226074,-3.935824394226074,-1.125,0
v2|head|inchoative|overlay_subject_trial_s00_wayside|good|close|1995,head,inchoative,good,close,wayside,overlay_arg_1_match,overlay_subject_trial_s00,5.360000133514404,head,freqblimp_curated,., the,-3.251408338546753,-4.063908576965332,0.8125002384185791,1
v2|head|inchoative|overlay_subject_trial_s00_wayside|good|crack|1996,head,inchoative,good,crack,wayside,overlay_arg_1_match,overlay_subject_trial_s00,4.409999847412109,head,freqblimp_curated,., the,-4.422308444976807,-3.6723084449768066,-0.75,0
v2|head|inchoative|overlay_subject_trial_s00_wayside|good|crash|1997,head,inchoative,good,crash,wayside,overlay_arg_1_match,overlay_subject_trial_s00,4.550000190734863,head,freqblimp_curated,., the,-3.288861036300659,-3.913861036300659,0.625,1
v2|head|inchoative|overlay_subject_trial_s00_wayside|good|dim|1998,head,inchoative,good,dim,wayside,overlay_arg_1_match,overlay_subject_trial_s00,3.619999885559082,head,freqblimp_curated,., the,-3.792664051055908,-3.730164051055908,-0.0625,0
v2|head|inchoative|overlay_subject_trial_s00_wayside|good|drop|1999,head,inchoative,good,drop,wayside,overlay_arg_1_match,overlay_subject_trial_s00,4.989999771118164,head,freqblimp_curated,., the,-5.338263988494873,-2.400763988494873,-2.9375,0
v2|head|inchoative|overlay_subject_trial_s00_wayside|good|dry|2000,head,inchoative,good,dry,wayside,overlay_arg_1_match,overlay_subject_trial_s00,4.739999771118164,head,freqblimp_curated,., the,-3.836411952972412,-3.836411952972412,0.0,0
v2|head|inchoative|overlay_subject_trial_s00_wayside|good|fade|2001,head,inchoative,good,fade,wayside,overlay_arg_1_match,overlay_subject_trial_s00,3.859999895095825,head,freqblimp_curated,., the,-3.86210298538208,-5.79960298538208,1.9375,1
v2|head|inchoative|overlay_subject_trial_s00_wayside|good|fold|2002,head,inchoative,good,fold,wayside,overlay_arg_1_match,overlay_subject_trial_s00,4.079999923706055,head,freqblimp_curated,., the,-5.488794326782227,-3.9887940883636475,-1.500000238418579,0
v2|head|inchoative|overlay_subject_trial_s00_wayside|good|freeze|2003,head,inchoative,good,freeze,wayside,overlay_arg_1_match,overlay_subject_trial_s00,4.110000133514404,head,freqblimp_curated,., the,-3.0380570888519287,-3.6005570888519287,0.5625,1
v2|head|inchoative|overlay_subject_trial_s00_wayside|good|grow|2004,head,inchoative,good,grow,wayside,overlay_arg_1_match,overlay_subject_trial_s00,4.900000095367432,head,freqblimp_curated,., the,-4.5170979499816895,-5.5795979499816895,1.0625,1
v2|head|inchoative|overlay_subject_trial_s00_wayside|good|melt|2005,head,inchoative,good,melt,wayside,overlay_arg_1_match,overlay_subject_trial_s00,3.9600000381469727,head,freqblimp_curated,., the,-3.655311107635498,-3.905311107635498,0.25,1
v2|head|inchoative|overlay_subject_trial_s00_wayside|good|move|2006,head,inchoative,good,move,wayside,overlay_arg_1_match,overlay_subject_trial_s00,5.349999904632568,head,freqblimp_curated,., the,-4.038784027099609,-3.3512840270996094,-0.6875,0
v2|head|inchoative|overlay_subject_trial_s00_wayside|good|open|2007,head,inchoative,good,open,wayside,overlay_arg_1_match,overlay_subject_trial_s00,5.480000019073486,head,freqblimp_curated,., the,-3.8332901000976562,-3.8332901000976562,0.0,0
v2|head|inchoative|overlay_subject_trial_s00_wayside|good|roll|2008,head,inchoative,good,roll,wayside,overlay_arg_1_match,overlay_subject_trial_s00,4.75,head,freqblimp_curated,., the,-4.562306880950928,-4.624806880950928,0.0625,1
v2|head|inchoative|overlay_subject_trial_s00_wayside|good|shrink|2010,head,inchoative,good,shrink,wayside,overlay_arg_1_match,overlay_subject_trial_s00,3.7300000190734863,head,freqblimp_curated,., the,-2.9322705268859863,-3.9947705268859863,1.0625,1
v2|head|inchoative|overlay_subject_trial_s00_wayside|good|shut|2011,head,inchoative,good,shut,wayside,overlay_arg_1_match,overlay_subject_trial_s00,4.78000020980835,head,freqblimp_curated,., the,-4.132664203643799,-4.695164203643799,0.5625,1
v2|head|inchoative|overlay_subject_trial_s00_wayside|good|slow|2012,head,inchoative,good,slow,wayside,overlay_arg_1_match,overlay_subject_trial_s00,4.849999904632568,head,freqblimp_curated,., the,-5.084951877593994,-2.709951877593994,-2.375,0
v2|head|inchoative|overlay_subject_trial_s00_wayside|good|soak|2013,head,inchoative,good,soak,wayside,overlay_arg_1_match,overlay_subject_trial_s00,3.609999895095825,head,freqblimp_curated,., the,-5.056434631347656,-3.681434392929077,-1.375000238418579,0
v2|head|inchoative|overlay_subject_trial_s00_wayside|good|stop|2014,head,inchoative,good,stop,wayside,overlay_arg_1_match,overlay_subject_trial_s00,4.400000095367432,head,freqblimp_curated,., the,-3.9933953285217285,-2.9308953285217285,-1.0625,0
v2|head|inchoative|overlay_subject_trial_s00_wayside|good|stretch|2015,head,inchoative,good,stretch,wayside,overlay_arg_1_match,overlay_subject_trial_s00,4.349999904632568,head,freqblimp_curated,., the,-5.645885467529297,-3.895885705947876,-1.749999761581421,0
v2|head|inchoative|overlay_subject_trial_s00_wayside|good|turn|2017,head,inchoative,good,turn,wayside,overlay_arg_1_match,overlay_subject_trial_s00,5.320000171661377,head,freqblimp_curated,., the,-6.391493797302246,-4.078993797302246,-2.3125,0
v2|head|inchoative|overlay_subject_trial_s00_wayside|good|twist|2018,head,inchoative,good,twist,wayside,overlay_arg_1_match,overlay_subject_trial_s00,4.21999979019165,head,freqblimp_curated,., the,-4.135470390319824,-3.1354706287384033,-0.9999997615814209,0
v2|head|inchoative|overlay_subject_trial_s00_wayside|good|warp|2019,head,inchoative,good,warp,wayside,overlay_arg_1_match,overlay_subject_trial_s00,3.630000114440918,head,freqblimp_curated,., the,-3.2039897441864014,-2.2039897441864014,-1.0,0
v2|head|inchoative|overlay_subject_trial_s00_wayside|good|worry|2020,head,inchoative,good,worry,wayside,overlay_arg_1_match,overlay_subject_trial_s00,4.840000152587891,head,freqblimp_curated,., the,-4.701701641082764,-2.5142016410827637,-2.1875,0
v2|head|inchoative|overlay_subject_trial_s01_wbc|good|accelerate|2021,head,inchoative,good,accelerate,wbc,overlay_arg_1_match,overlay_subject_trial_s01,3.6600000858306885,head,freqblimp_curated,., the,-4.516321182250977,-1.2663211822509766,-3.25,0
v2|head|inchoative|overlay_subject_trial_s01_wbc|good|awaken|2022,head,inchoative,good,awaken,wbc,overlay_arg_1_match,overlay_subject_trial_s01,3.7200000286102295,head,freqblimp_curated,., the,-3.830274820327759,-2.642774820327759,-1.1875,0
v2|head|inchoative|overlay_subject_trial_s01_wbc|good|bake|2023,head,inchoative,good,bake,wbc,overlay_arg_1_match,overlay_subject_trial_s01,3.9100000858306885,head,freqblimp_curated,., the,-4.738410472869873,-1.8634103536605835,-2.875,0
v2|head|inchoative|overlay_subject_trial_s01_wbc|good|benefit|2024,head,inchoative,good,benefit,wbc,overlay_arg_1_match,overlay_subject_trial_s01,4.820000171661377,head,freqblimp_curated,., the,-4.770865440368652,-3.8958652019500732,-0.8750002384185791,0
v2|head|inchoative|overlay_subject_trial_s01_wbc|good|burn|2025,head,inchoative,good,burn,wbc,overlay_arg_1_match,overlay_subject_trial_s01,4.53000020980835,head,freqblimp_curated,., the,-5.045448303222656,-2.107948064804077,-2.937500238418579,0
v2|head|inchoative|overlay_subject_trial_s01_wbc|good|change|2026,head,inchoative,good,change,wbc,overlay_arg_1_match,overlay_subject_trial_s01,4.760000228881836,head,freqblimp_curated,., the,-3.8820793628692627,-2.3195793628692627,-1.5625,0
v2|head|inchoative|overlay_subject_trial_s01_wbc|good|chip|2027,head,inchoative,good,chip,wbc,overlay_arg_1_match,overlay_subject_trial_s01,4.309999942779541,head,freqblimp_curated,., the,-5.881346702575684,-3.2563469409942627,-2.624999761581421,0
v2|head|inchoative|overlay_subject_trial_s01_wbc|good|close|2028,head,inchoative,good,close,wbc,overlay_arg_1_match,overlay_subject_trial_s01,5.360000133514404,head,freqblimp_curated,., the,-4.787092685699463,-1.4745925664901733,-3.3125,0
v2|head|inchoative|overlay_subject_trial_s01_wbc|good|crack|2029,head,inchoative,good,crack,wbc,overlay_arg_1_match,overlay_subject_trial_s01,4.409999847412109,head,freqblimp_curated,., the,-4.357746124267578,-2.295246124267578,-2.0625,0
v2|head|inchoative|overlay_subject_trial_s01_wbc|good|crash|2030,head,inchoative,good,crash,wbc,overlay_arg_1_match,overlay_subject_trial_s01,4.550000190734863,head,freqblimp_curated,., the,-3.405501127243042,-2.593001127243042,-0.8125,0
v2|head|inchoative|overlay_subject_trial_s01_wbc|good|dim|2031,head,inchoative,good,dim,wbc,overlay_arg_1_match,overlay_subject_trial_s01,3.619999885559082,head,freqblimp_curated,., the,-4.643352508544922,-2.3933522701263428,-2.250000238418579,0
v2|head|inchoative|overlay_subject_trial_s01_wbc|good|drop|2032,head,inchoative,good,drop,wbc,overlay_arg_1_match,overlay_subject_trial_s01,4.989999771118164,head,freqblimp_curated,., the,-4.296510219573975,-3.2340102195739746,-1.0625,0
v2|head|inchoative|overlay_subject_trial_s01_wbc|good|dry|2033,head,inchoative,good,dry,wbc,overlay_arg_1_match,overlay_subject_trial_s01,4.739999771118164,head,freqblimp_curated,., the,-3.9203438758850098,-2.3578438758850098,-1.5625,0
v2|head|inchoative|overlay_subject_trial_s01_wbc|good|fade|2034,head,inchoative,good,fade,wbc,overlay_arg_1_match,overlay_subject_trial_s01,3.859999895095825,head,freqblimp_curated,., the,-3.715855121612549,-4.153355121612549,0.4375,1
v2|head|inchoative|overlay_subject_trial_s01_wbc|good|fold|2035,head,inchoative,good,fold,wbc,overlay_arg_1_match,overlay_subject_trial_s01,4.079999923706055,head,freqblimp_curated,., the,-4.359722137451172,-1.7972218990325928,-2.562500238418579,0
v2|head|inchoative|overlay_subject_trial_s01_wbc|good|freeze|2036,head,inchoative,good,freeze,wbc,overlay_arg_1_match,overlay_subject_trial_s01,4.110000133514404,head,freqblimp_curated,., the,-3.761406421661377,-2.573906421661377,-1.1875,0
v2|head|inchoative|overlay_subject_trial_s01_wbc|good|grow|2037,head,inchoative,good,grow,wbc,overlay_arg_1_match,overlay_subject_trial_s01,4.900000095367432,head,freqblimp_curated,., the,-4.2661848068237305,-4.5161848068237305,0.25,1
v2|head|inchoative|overlay_subject_trial_s01_wbc|good|melt|2038,head,inchoative,good,melt,wbc,overlay_arg_1_match,overlay_subject_trial_s01,3.9600000381469727,head,freqblimp_curated,., the,-3.505280017852783,-2.630280017852783,-0.875,0
v2|head|inchoative|overlay_subject_trial_s01_wbc|good|move|2039,head,inchoative,good,move,wbc,overlay_arg_1_match,overlay_subject_trial_s01,5.349999904632568,head,freqblimp_curated,., the,-5.813128471374512,-2.9381284713745117,-2.875,0
v2|head|inchoative|overlay_subject_trial_s01_wbc|good|open|2040,head,inchoative,good,open,wbc,overlay_arg_1_match,overlay_subject_trial_s01,5.480000019073486,head,freqblimp_curated,., the,-5.738292694091797,-1.4257928133010864,-4.3125,0
v2|head|inchoative|overlay_subject_trial_s01_wbc|good|roll|2041,head,inchoative,good,roll,wbc,overlay_arg_1_match,overlay_subject_trial_s01,4.75,head,freqblimp_curated,., the,-5.514537811279297,-2.889537811279297,-2.625,0
v2|head|inchoative|overlay_subject_trial_s01_wbc|good|shrink|2043,head,inchoative,good,shrink,wbc,overlay_arg_1_match,overlay_subject_trial_s01,3.7300000190734863,head,freqblimp_curated,., the,-3.5332274436950684,-3.5332274436950684,0.0,0
v2|head|inchoative|overlay_subject_trial_s01_wbc|good|shut|2044,head,inchoative,good,shut,wbc,overlay_arg_1_match,overlay_subject_trial_s01,4.78000020980835,head,freqblimp_curated,., the,-6.827943801879883,-3.1404435634613037,-3.687500238418579,0
v2|head|inchoative|overlay_subject_trial_s01_wbc|good|slow|2045,head,inchoative,good,slow,wbc,overlay_arg_1_match,overlay_subject_trial_s01,4.849999904632568,head,freqblimp_curated,., the,-5.894029140472412,-2.769029140472412,-3.125,0
v2|head|inchoative|overlay_subject_trial_s01_wbc|good|soak|2046,head,inchoative,good,soak,wbc,overlay_arg_1_match,overlay_subject_trial_s01,3.609999895095825,head,freqblimp_curated,., the,-6.216358184814453,-2.3413584232330322,-3.874999761581421,0
v2|head|inchoative|overlay_subject_trial_s01_wbc|good|stop|2047,head,inchoative,good,stop,wbc,overlay_arg_1_match,overlay_subject_trial_s01,4.400000095367432,head,freqblimp_curated,., the,-4.7685227394104,-2.3935227394104004,-2.375,0
v2|head|inchoative|overlay_subject_trial_s01_wbc|good|stretch|2048,head,inchoative,good,stretch,wbc,overlay_arg_1_match,overlay_subject_trial_s01,4.349999904632568,head,freqblimp_curated,., the,-5.496303081512451,-1.8713032007217407,-3.625,0
v2|head|inchoative|overlay_subject_trial_s01_wbc|good|turn|2050,head,inchoative,good,turn,wbc,overlay_arg_1_match,overlay_subject_trial_s01,5.320000171661377,head,freqblimp_curated,., the,-7.012395858764648,-3.2623956203460693,-3.750000238418579,0
v2|head|inchoative|overlay_subject_trial_s01_wbc|good|twist|2051,head,inchoative,good,twist,wbc,overlay_arg_1_match,overlay_subject_trial_s01,4.21999979019165,head,freqblimp_curated,., the,-4.696552276611328,-1.7590523958206177,-2.9375,0
v2|head|inchoative|overlay_subject_trial_s01_wbc|good|warp|2052,head,inchoative,good,warp,wbc,overlay_arg_1_match,overlay_subject_trial_s01,3.630000114440918,head,freqblimp_curated,., the,-3.8962817192077637,-1.9587817192077637,-1.9375,0
v2|head|inchoative|overlay_subject_trial_s01_wbc|good|worry|2053,head,inchoative,good,worry,wbc,overlay_arg_1_match,overlay_subject_trial_s01,4.840000152587891,head,freqblimp_curated,., the,-5.547677516937256,-3.172677516937256,-2.375,0
v2|head|inchoative|overlay_subject_trial_s02_weakener|good|accelerate|2054,head,inchoative,good,accelerate,weakener,overlay_arg_1_match,overlay_subject_trial_s02,3.6600000858306885,head,freqblimp_curated,., the,-5.189436912536621,-0.6269367933273315,-4.5625,0
v2|head|inchoative|overlay_subject_trial_s02_weakener|good|awaken|2055,head,inchoative,good,awaken,weakener,overlay_arg_1_match,overlay_subject_trial_s02,3.7200000286102295,head,freqblimp_curated,., the,-3.4334354400634766,-2.5584354400634766,-0.875,0
v2|head|inchoative|overlay_subject_trial_s02_weakener|good|bake|2056,head,inchoative,good,bake,weakener,overlay_arg_1_match,overlay_subject_trial_s02,3.9100000858306885,head,freqblimp_curated,., the,-4.641479969024658,-1.7039799690246582,-2.9375,0
v2|head|inchoative|overlay_subject_trial_s02_weakener|good|benefit|2057,head,inchoative,good,benefit,weakener,overlay_arg_1_match,overlay_subject_trial_s02,4.820000171661377,head,freqblimp_curated,., the,-4.364398956298828,-2.614398956298828,-1.75,0
v2|head|inchoative|overlay_subject_trial_s02_weakener|good|burn|2058,head,inchoative,good,burn,weakener,overlay_arg_1_match,overlay_subject_trial_s02,4.53000020980835,head,freqblimp_curated,., the,-4.896456718444824,-3.0214569568634033,-1.874999761581421,0
v2|head|inchoative|overlay_subject_trial_s02_weakener|good|change|2059,head,inchoative,good,change,weakener,overlay_arg_1_match,overlay_subject_trial_s02,4.760000228881836,head,freqblimp_curated,., the,-4.955136775970459,-1.6426368951797485,-3.3125,0
v2|head|inchoative|overlay_subject_trial_s02_weakener|good|chip|2060,head,inchoative,good,chip,weakener,overlay_arg_1_match,overlay_subject_trial_s02,4.309999942779541,head,freqblimp_curated,., the,-5.424934387207031,-2.174934148788452,-3.250000238418579,0
v2|head|inchoative|overlay_subject_trial_s02_weakener|good|close|2061,head,inchoative,good,close,weakener,overlay_arg_1_match,overlay_subject_trial_s02,5.360000133514404,head,freqblimp_curated,., the,-4.6431708335876465,-1.268170714378357,-3.375,0
v2|head|inchoative|overlay_subject_trial_s02_weakener|good|crack|2062,head,inchoative,good,crack,weakener,overlay_arg_1_match,overlay_subject_trial_s02,4.409999847412109,head,freqblimp_curated,., the,-3.352612257003784,-2.102612257003784,-1.25,0
v2|head|inchoative|overlay_subject_trial_s02_weakener|good|crash|2063,head,inchoative,good,crash,weakener,overlay_arg_1_match,overlay_subject_trial_s02,4.550000190734863,head,freqblimp_curated,., the,-3.499502658843994,-2.312002658843994,-1.1875,0
v2|head|inchoative|overlay_subject_trial_s02_weakener|good|dim|2064,head,inchoative,good,dim,weakener,overlay_arg_1_match,overlay_subject_trial_s02,3.619999885559082,head,freqblimp_curated,., the,-4.357942581176758,-1.1704427003860474,-3.1875,0
v2|head|inchoative|overlay_subject_trial_s02_weakener|good|drop|2065,head,inchoative,good,drop,weakener,overlay_arg_1_match,overlay_subject_trial_s02,4.989999771118164,head,freqblimp_curated,., the,-4.607109546661377,-2.294609546661377,-2.3125,0
v2|head|inchoative|overlay_subject_trial_s02_weakener|good|dry|2066,head,inchoative,good,dry,weakener,overlay_arg_1_match,overlay_subject_trial_s02,4.739999771118164,head,freqblimp_curated,., the,-4.709312915802002,-2.834312915802002,-1.875,0
v2|head|inchoative|overlay_subject_trial_s02_weakener|good|fade|2067,head,inchoative,good,fade,weakener,overlay_arg_1_match,overlay_subject_trial_s02,3.859999895095825,head,freqblimp_curated,., the,-4.010550022125244,-4.823050022125244,0.8125,1
v2|head|inchoative|overlay_subject_trial_s02_weakener|good|fold|2068,head,inchoative,good,fold,weakener,overlay_arg_1_match,overlay_subject_trial_s02,4.079999923706055,head,freqblimp_curated,., the,-4.294216632843018,-1.981716513633728,-2.3125,0
v2|head|inchoative|overlay_subject_trial_s02_weakener|good|freeze|2069,head,inchoative,good,freeze,weakener,overlay_arg_1_match,overlay_subject_trial_s02,4.110000133514404,head,freqblimp_curated,., the,-4.28244161605835,-1.34494149684906,-2.9375,0
v2|head|inchoative|overlay_subject_trial_s02_weakener|good|grow|2070,head,inchoative,good,grow,weakener,overlay_arg_1_match,overlay_subject_trial_s02,4.900000095367432,head,freqblimp_curated,., the,-4.98570442199707,-3.798204183578491,-1.187500238418579,0
v2|head|inchoative|overlay_subject_trial_s02_weakener|good|melt|2071,head,inchoative,good,melt,weakener,overlay_arg_1_match,overlay_subject_trial_s02,3.9600000381469727,head,freqblimp_curated,., the,-3.5455517768859863,-2.9830517768859863,-0.5625,0
v2|head|inchoative|overlay_subject_trial_s02_weakener|good|move|2072,head,inchoative,good,move,weakener,overlay_arg_1_match,overlay_subject_trial_s02,5.349999904632568,head,freqblimp_curated,., the,-5.808967590332031,-2.4339678287506104,-3.374999761581421,0
v2|head|inchoative|overlay_subject_trial_s02_weakener|good|open|2073,head,inchoative,good,open,weakener,overlay_arg_1_match,overlay_subject_trial_s02,5.480000019073486,head,freqblimp_curated,., the,-5.103384971618652,-1.3533852100372314,-3.749999761581421,0
v2|head|inchoative|overlay_subject_trial_s02_weakener|good|roll|2074,head,inchoative,good,roll,weakener,overlay_arg_1_match,overlay_subject_trial_s02,4.75,head,freqblimp_curated,., the,-5.610538482666016,-2.8605387210845947,-2.749999761581421,0
v2|head|inchoative|overlay_subject_trial_s02_weakener|good|shrink|2076,head,inchoative,good,shrink,weakener,overlay_arg_1_match,overlay_subject_trial_s02,3.7300000190734863,head,freqblimp_curated,., the,-3.9629404544830322,-1.7754404544830322,-2.1875,0
v2|head|inchoative|overlay_subject_trial_s02_weakener|good|shut|2077,head,inchoative,good,shut,weakener,overlay_arg_1_match,overlay_subject_trial_s02,4.78000020980835,head,freqblimp_curated,., the,-7.14979362487793,-2.7122936248779297,-4.4375,0
v2|head|inchoative|overlay_subject_trial_s02_weakener|good|slow|2078,head,inchoative,good,slow,weakener,overlay_arg_1_match,overlay_subject_trial_s02,4.849999904632568,head,freqblimp_curated,., the,-7.08059024810791,-1.4555902481079102,-5.625,0
v2|head|inchoative|overlay_subject_trial_s02_weakener|good|soak|2079,head,inchoative,good,soak,weakener,overlay_arg_1_match,overlay_subject_trial_s02,3.609999895095825,head,freqblimp_curated,., the,-5.9415130615234375,-1.879013180732727,-4.0625,0
v2|head|inchoative|overlay_subject_trial_s02_weakener|good|stop|2080,head,inchoative,good,stop,weakener,overlay_arg_1_match,overlay_subject_trial_s02,4.400000095367432,head,freqblimp_curated,., the,-4.920931816101074,-1.7959320545196533,-3.124999761581421,0
v2|head|inchoative|overlay_subject_trial_s02_weakener|good|stretch|2081,head,inchoative,good,stretch,weakener,overlay_arg_1_match,overlay_subject_trial_s02,4.349999904632568,head,freqblimp_curated,., the,-5.085280895233154,-1.0852808952331543,-4.0,0
v2|head|inchoative|overlay_subject_trial_s02_weakener|good|turn|2083,head,inchoative,good,turn,weakener,overlay_arg_1_match,overlay_subject_trial_s02,5.320000171661377,head,freqblimp_curated,., the,-6.556154251098633,-2.618654489517212,-3.937499761581421,0
v2|head|inchoative|overlay_subject_trial_s02_weakener|good|twist|2084,head,inchoative,good,twist,weakener,overlay_arg_1_match,overlay_subject_trial_s02,4.21999979019165,head,freqblimp_curated,., the,-5.187877178192139,-1.1253770589828491,-4.0625,0
v2|head|inchoative|overlay_subject_trial_s02_weakener|good|warp|2085,head,inchoative,good,warp,weakener,overlay_arg_1_match,overlay_subject_trial_s02,3.630000114440918,head,freqblimp_curated,., the,-4.361082077026367,-1.1735823154449463,-3.187499761581421,0
v2|head|inchoative|overlay_subject_trial_s02_weakener|good|worry|2086,head,inchoative,good,worry,weakener,overlay_arg_1_match,overlay_subject_trial_s02,4.840000152587891,head,freqblimp_curated,., the,-5.149275779724121,-3.336775779724121,-1.8125,0
v2|head|inchoative|overlay_subject_trial_s03_weald|good|accelerate|2087,head,inchoative,good,accelerate,weald,overlay_arg_1_match,overlay_subject_trial_s03,3.6600000858306885,head,freqblimp_curated,., the,-3.5326569080352783,-1.7201569080352783,-1.8125,0
v2|head|inchoative|overlay_subject_trial_s03_weald|good|awaken|2088,head,inchoative,good,awaken,weald,overlay_arg_1_match,overlay_subject_trial_s03,3.7200000286102295,head,freqblimp_curated,., the,-3.4457433223724365,-2.5707433223724365,-0.875,0
v2|head|inchoative|overlay_subject_trial_s03_weald|good|bake|2089,head,inchoative,good,bake,weald,overlay_arg_1_match,overlay_subject_trial_s03,3.9100000858306885,head,freqblimp_curated,., the,-3.6645779609680176,-2.8520779609680176,-0.8125,0
v2|head|inchoative|overlay_subject_trial_s03_weald|good|benefit|2090,head,inchoative,good,benefit,weald,overlay_arg_1_match,overlay_subject_trial_s03,4.820000171661377,head,freqblimp_curated,., the,-5.037214756011963,-3.974714756011963,-1.0625,0
v2|head|inchoative|overlay_subject_trial_s03_weald|good|burn|2091,head,inchoative,good,burn,weald,overlay_arg_1_match,overlay_subject_trial_s03,4.53000020980835,head,freqblimp_curated,., the,-4.139121055603027,-4.326621055603027,0.1875,1
v2|head|inchoative|overlay_subject_trial_s03_weald|good|change|2092,head,inchoative,good,change,weald,overlay_arg_1_match,overlay_subject_trial_s03,4.760000228881836,head,freqblimp_curated,., the,-4.335312366485596,-3.4603123664855957,-0.875,0
v2|head|inchoative|overlay_subject_trial_s03_weald|good|chip|2093,head,inchoative,good,chip,weald,overlay_arg_1_match,overlay_subject_trial_s03,4.309999942779541,head,freqblimp_curated,., the,-4.457453727722168,-3.332453727722168,-1.125,0
v2|head|inchoative|overlay_subject_trial_s03_weald|good|close|2094,head,inchoative,good,close,weald,overlay_arg_1_match,overlay_subject_trial_s03,5.360000133514404,head,freqblimp_curated,., the,-4.33291482925415,-3.0204148292541504,-1.3125,0
v2|head|inchoative|overlay_subject_trial_s03_weald|good|crack|2095,head,inchoative,good,crack,weald,overlay_arg_1_match,overlay_subject_trial_s03,4.409999847412109,head,freqblimp_curated,., the,-3.8339345455169678,-4.521434783935547,0.6875002384185791,1
v2|head|inchoative|overlay_subject_trial_s03_weald|good|crash|2096,head,inchoative,good,crash,weald,overlay_arg_1_match,overlay_subject_trial_s03,4.550000190734863,head,freqblimp_curated,., the,-3.5388236045837402,-3.3513236045837402,-0.1875,0
v2|head|inchoative|overlay_subject_trial_s03_weald|good|dim|2097,head,inchoative,good,dim,weald,overlay_arg_1_match,overlay_subject_trial_s03,3.619999885559082,head,freqblimp_curated,., the,-4.613087177276611,-3.1755871772766113,-1.4375,0
v2|head|inchoative|overlay_subject_trial_s03_weald|good|drop|2098,head,inchoative,good,drop,weald,overlay_arg_1_match,overlay_subject_trial_s03,4.989999771118164,head,freqblimp_curated,., the,-4.079725742340088,-3.267225742340088,-0.8125,0
v2|head|inchoative|overlay_subject_trial_s03_weald|good|dry|2099,head,inchoative,good,dry,weald,overlay_arg_1_match,overlay_subject_trial_s03,4.739999771118164,head,freqblimp_curated,., the,-4.601800441741943,-4.164300441741943,-0.4375,0
v2|head|inchoative|overlay_subject_trial_s03_weald|good|fade|2100,head,inchoative,good,fade,weald,overlay_arg_1_match,overlay_subject_trial_s03,3.859999895095825,head,freqblimp_curated,., the,-3.312589406967163,-5.187589645385742,1.875000238418579,1
v2|head|inchoative|overlay_subject_trial_s03_weald|good|fold|2101,head,inchoative,good,fold,weald,overlay_arg_1_match,overlay_subject_trial_s03,4.079999923706055,head,freqblimp_curated,., the,-4.560879230499268,-3.2483792304992676,-1.3125,0
v2|head|inchoative|overlay_subject_trial_s03_weald|good|freeze|2102,head,inchoative,good,freeze,weald,overlay_arg_1_match,overlay_subject_trial_s03,4.110000133514404,head,freqblimp_curated,., the,-3.441624641418457,-4.129124641418457,0.6875,1
v2|head|inchoative|overlay_subject_trial_s03_weald|good|grow|2103,head,inchoative,good,grow,weald,overlay_arg_1_match,overlay_subject_trial_s03,4.900000095367432,head,freqblimp_curated,., the,-4.894486427307129,-4.894486427307129,0.0,0
v2|head|inchoative|overlay_subject_trial_s03_weald|good|melt|2104,head,inchoative,good,melt,weald,overlay_arg_1_match,overlay_subject_trial_s03,3.9600000381469727,head,freqblimp_curated,., the,-3.748434543609619,-4.248434543609619,0.5,1
v2|head|inchoative|overlay_subject_trial_s03_weald|good|move|2105,head,inchoative,good,move,weald,overlay_arg_1_match,overlay_subject_trial_s03,5.349999904632568,head,freqblimp_curated,., the,-4.889738082885742,-3.389738082885742,-1.5,0
v2|head|inchoative|overlay_subject_trial_s03_weald|good|open|2106,head,inchoative,good,open,weald,overlay_arg_1_match,overlay_subject_trial_s03,5.480000019073486,head,freqblimp_curated,., the,-4.834015846252441,-2.8965156078338623,-1.937500238418579,0
v2|head|inchoative|overlay_subject_trial_s03_weald|good|roll|2107,head,inchoative,good,roll,weald,overlay_arg_1_match,overlay_subject_trial_s03,4.75,head,freqblimp_curated,., the,-4.901424407958984,-4.651424407958984,-0.25,0
v2|head|inchoative|overlay_subject_trial_s03_weald|good|shrink|2109,head,inchoative,good,shrink,weald,overlay_arg_1_match,overlay_subject_trial_s03,3.7300000190734863,head,freqblimp_curated,., the,-3.1414997577667236,-4.7664995193481445,1.624999761581421,1
v2|head|inchoative|overlay_subject_trial_s03_weald|good|shut|2110,head,inchoative,good,shut,weald,overlay_arg_1_match,overlay_subject_trial_s03,4.78000020980835,head,freqblimp_curated,., the,-4.809996128082275,-3.5599961280822754,-1.25,0
v2|head|inchoative|overlay_subject_trial_s03_weald|good|slow|2111,head,inchoative,good,slow,weald,overlay_arg_1_match,overlay_subject_trial_s03,4.849999904632568,head,freqblimp_curated,., the,-5.5643415451049805,-1.6268417835235596,-3.937499761581421,0
v2|head|inchoative|overlay_subject_trial_s03_weald|good|soak|2112,head,inchoative,good,soak,weald,overlay_arg_1_match,overlay_subject_trial_s03,3.609999895095825,head,freqblimp_curated,., the,-6.047264575958252,-3.109764575958252,-2.9375,0
v2|head|inchoative|overlay_subject_trial_s03_weald|good|stop|2113,head,inchoative,good,stop,weald,overlay_arg_1_match,overlay_subject_trial_s03,4.400000095367432,head,freqblimp_curated,., the,-4.117255210876465,-2.492255210876465,-1.625,0
v2|head|inchoative|overlay_subject_trial_s03_weald|good|stretch|2114,head,inchoative,good,stretch,weald,overlay_arg_1_match,overlay_subject_trial_s03,4.349999904632568,head,freqblimp_curated,., the,-6.151869773864746,-3.964369773864746,-2.1875,0
v2|head|inchoative|overlay_subject_trial_s03_weald|good|turn|2116,head,inchoative,good,turn,weald,overlay_arg_1_match,overlay_subject_trial_s03,5.320000171661377,head,freqblimp_curated,., the,-7.0463032722473145,-3.9213032722473145,-3.125,0
v2|head|inchoative|overlay_subject_trial_s03_weald|good|twist|2117,head,inchoative,good,twist,weald,overlay_arg_1_match,overlay_subject_trial_s03,4.21999979019165,head,freqblimp_curated,., the,-4.170416831970215,-3.045417070388794,-1.124999761581421,0
v2|head|inchoative|overlay_subject_trial_s03_weald|good|warp|2118,head,inchoative,good,warp,weald,overlay_arg_1_match,overlay_subject_trial_s03,3.630000114440918,head,freqblimp_curated,., the,-3.6240639686584473,-2.0615639686584473,-1.5625,0
v2|head|inchoative|overlay_subject_trial_s03_weald|good|worry|2119,head,inchoative,good,worry,weald,overlay_arg_1_match,overlay_subject_trial_s03,4.840000152587891,head,freqblimp_curated,., the,-4.373952865600586,-2.311452627182007,-2.062500238418579,0
v2|low|causative|overlay_subject_lab_s03_maid|bad|abscond|2228,low,causative,bad,abscond,maid,overlay_arg_1_match,overlay_subject_lab_s03,2.07,xtail,supplemental_v2_bad_verbs,., the,-2.7245283126831055,-5.0995283126831055,2.375,1
v2|low|causative|overlay_subject_lab_s03_maid|bad|amble|2230,low,causative,bad,amble,maid,overlay_arg_1_match,overlay_subject_lab_s03,2.3,low_gap,supplemental_v2_bad_verbs,., the,-6.179470062255859,-5.116970062255859,-1.0625,0
v2|low|causative|overlay_subject_lab_s03_maid|bad|bicker|2231,low,causative,bad,bicker,maid,overlay_arg_1_match,overlay_subject_lab_s03,2.56,tail,supplemental_v2_bad_verbs,., the,-4.110575199127197,-5.673075199127197,1.5625,1
v2|low|causative|overlay_subject_lab_s03_maid|bad|capitulate|2233,low,causative,bad,capitulate,maid,overlay_arg_1_match,overlay_subject_lab_s03,2.5,tail,supplemental_v2_bad_verbs,., the,-2.118483543395996,-5.743483543395996,3.625,1
v2|low|causative|overlay_subject_lab_s03_maid|bad|cower|2235,low,causative,bad,cower,maid,overlay_arg_1_match,overlay_subject_lab_s03,2.55,tail,supplemental_v2_bad_verbs,., the,-3.3356823921203613,-5.710682392120361,2.375,1
v2|low|causative|overlay_subject_lab_s03_maid|bad|dither|2238,low,causative,bad,dither,maid,overlay_arg_1_match,overlay_subject_lab_s03,2.11,xtail,supplemental_v2_bad_verbs,., the,-3.1857314109802246,-5.623231410980225,2.4375,1
v2|low|causative|overlay_subject_lab_s03_maid|bad|flirt|2239,low,causative,bad,flirt,maid,overlay_arg_1_match,overlay_subject_lab_s03,2.8399999141693115,tail,freqblimp_curated,., the,-4.173457622528076,-5.360957622528076,1.1875,1
v2|low|causative|overlay_subject_lab_s03_maid|bad|frolic|2240,low,causative,bad,frolic,maid,overlay_arg_1_match,overlay_subject_lab_s03,2.68,tail,supplemental_v2_bad_verbs,., the,-4.283487319946289,-5.033487319946289,0.75,1
v2|low|causative|overlay_subject_lab_s03_maid|bad|grimace|2242,low,causative,bad,grimace,maid,overlay_arg_1_match,overlay_subject_lab_s03,2.61,tail,supplemental_v2_bad_verbs,., the,-2.874875068664551,-5.937375068664551,3.0625,1
v2|low|causative|overlay_subject_lab_s03_maid|bad|hibernate|2244,low,causative,bad,hibernate,maid,overlay_arg_1_match,overlay_subject_lab_s03,2.7,tail,supplemental_v2_bad_verbs,., the,-2.860764980316162,-3.735764980316162,0.875,1
v2|low|causative|overlay_subject_lab_s03_maid|bad|hobble|2246,low,causative,bad,hobble,maid,overlay_arg_1_match,overlay_subject_lab_s03,2.41,tail,supplemental_v2_bad_verbs,., the,-5.258463382720947,-3.3209633827209473,-1.9375,0
v2|low|causative|overlay_subject_lab_s03_maid|bad|loiter|2247,low,causative,bad,loiter,maid,overlay_arg_1_match,overlay_subject_lab_s03,2.38,low_gap,supplemental_v2_bad_verbs,., the,-4.2962141036987305,-6.0462141036987305,1.75,1
v2|low|causative|overlay_subject_lab_s03_maid|bad|meander|2248,low,causative,bad,meander,maid,overlay_arg_1_match,overlay_subject_lab_s03,2.69,tail,supplemental_v2_bad_verbs,., the,-5.318507671356201,-3.818507671356201,-1.5,0
v2|low|causative|overlay_subject_lab_s03_maid|bad|perspire|2251,low,causative,bad,perspire,maid,overlay_arg_1_match,overlay_subject_lab_s03,2.0,xtail,supplemental_v2_bad_verbs,., the,-2.6901321411132812,-5.002632141113281,2.3125,1
v2|low|causative|overlay_subject_lab_s03_maid|bad|prattle|2252,low,causative,bad,prattle,maid,overlay_arg_1_match,overlay_subject_lab_s03,2.18,xtail,supplemental_v2_bad_verbs,., the,-4.475879669189453,-5.725879669189453,1.25,1
v2|low|causative|overlay_subject_lab_s03_maid|bad|recline|2254,low,causative,bad,recline,maid,overlay_arg_1_match,overlay_subject_lab_s03,2.51,tail,supplemental_v2_bad_verbs,., the,-5.065334796905518,-4.752834796905518,-0.3125,0
v2|low|causative|overlay_subject_lab_s03_maid|bad|retaliate|2255,low,causative,bad,retaliate,maid,overlay_arg_1_match,overlay_subject_lab_s03,3.0999999046325684,tail,freqblimp_curated,., the,-2.5665879249572754,-5.066587924957275,2.5,1
v2|low|causative|overlay_subject_lab_s03_maid|bad|saunter|2256,low,causative,bad,saunter,maid,overlay_arg_1_match,overlay_subject_lab_s03,2.23,low_gap,supplemental_v2_bad_verbs,., the,-6.040778636932373,-5.103278636932373,-0.9375,0
v2|low|causative|overlay_subject_lab_s03_maid|bad|shiver|2257,low,causative,bad,shiver,maid,overlay_arg_1_match,overlay_subject_lab_s03,3.05,tail,supplemental_v2_bad_verbs,., the,-2.6372878551483154,-5.5122880935668945,2.875000238418579,1
v2|low|causative|overlay_subject_lab_s03_maid|bad|snore|2258,low,causative,bad,snore,maid,overlay_arg_1_match,overlay_subject_lab_s03,2.76,tail,supplemental_v2_bad_verbs,., the,-2.022456645965576,-5.147456645965576,3.125,1
v2|low|causative|overlay_subject_lab_s03_maid|bad|tremble|2260,low,causative,bad,tremble,maid,overlay_arg_1_match,overlay_subject_lab_s03,3.04,tail,supplemental_v2_bad_verbs,., the,-2.592512607574463,-5.967512607574463,3.375,1
v2|low|causative|overlay_subject_lab_s03_maid|bad|wail|2262,low,causative,bad,wail,maid,overlay_arg_1_match,overlay_subject_lab_s03,2.9,tail,supplemental_v2_bad_verbs,., the,-2.774017572402954,-4.274017333984375,1.499999761581421,1
v2|low|causative|overlay_subject_lab_s03_maid|bad|yawn|2263,low,causative,bad,yawn,maid,overlay_arg_1_match,overlay_subject_lab_s03,3.069999933242798,tail,freqblimp_curated,., the,-2.4144535064697266,-5.726953506469727,3.3125,1
v2|low|causative|overlay_subject_tomorrow_s02_shareowner|bad|abscond|2624,low,causative,bad,abscond,shareowner,overlay_arg_1_match,overlay_subject_tomorrow_s02,2.07,xtail,supplemental_v2_bad_verbs,., the,-2.6162867546081543,-5.303786754608154,2.6875,1
v2|low|causative|overlay_subject_tomorrow_s02_shareowner|bad|amble|2626,low,causative,bad,amble,shareowner,overlay_arg_1_match,overlay_subject_tomorrow_s02,2.3,low_gap,supplemental_v2_bad_verbs,., the,-6.279257774353027,-6.091757774353027,-0.1875,0
v2|low|causative|overlay_subject_tomorrow_s02_shareowner|bad|bicker|2627,low,causative,bad,bicker,shareowner,overlay_arg_1_match,overlay_subject_tomorrow_s02,2.56,tail,supplemental_v2_bad_verbs,., the,-3.206449508666992,-6.581449508666992,3.375,1
v2|low|causative|overlay_subject_tomorrow_s02_shareowner|bad|capitulate|2629,low,causative,bad,capitulate,shareowner,overlay_arg_1_match,overlay_subject_tomorrow_s02,2.5,tail,supplemental_v2_bad_verbs,., the,-1.6685372591018677,-6.043537139892578,4.375,1
v2|low|causative|overlay_subject_tomorrow_s02_shareowner|bad|cower|2631,low,causative,bad,cower,shareowner,overlay_arg_1_match,overlay_subject_tomorrow_s02,2.55,tail,supplemental_v2_bad_verbs,., the,-3.0604958534240723,-5.872995853424072,2.8125,1
v2|low|causative|overlay_subject_tomorrow_s02_shareowner|bad|dither|2634,low,causative,bad,dither,shareowner,overlay_arg_1_match,overlay_subject_tomorrow_s02,2.11,xtail,supplemental_v2_bad_verbs,., the,-2.5066401958465576,-6.006640434265137,3.500000238418579,1
v2|low|causative|overlay_subject_tomorrow_s02_shareowner|bad|flirt|2635,low,causative,bad,flirt,shareowner,overlay_arg_1_match,overlay_subject_tomorrow_s02,2.8399999141693115,tail,freqblimp_curated,., the,-4.57829475402832,-5.26579475402832,0.6875,1
v2|low|causative|overlay_subject_tomorrow_s02_shareowner|bad|frolic|2636,low,causative,bad,frolic,shareowner,overlay_arg_1_match,overlay_subject_tomorrow_s02,2.68,tail,supplemental_v2_bad_verbs,., the,-3.743053913116455,-4.305553913116455,0.5625,1
v2|low|causative|overlay_subject_tomorrow_s02_shareowner|bad|grimace|2638,low,causative,bad,grimace,shareowner,overlay_arg_1_match,overlay_subject_tomorrow_s02,2.61,tail,supplemental_v2_bad_verbs,., the,-2.033812999725342,-6.783812999725342,4.75,1
v2|low|causative|overlay_subject_tomorrow_s02_shareowner|bad|hibernate|2640,low,causative,bad,hibernate,shareowner,overlay_arg_1_match,overlay_subject_tomorrow_s02,2.7,tail,supplemental_v2_bad_verbs,., the,-1.767830491065979,-3.9553303718566895,2.1875,1
v2|low|causative|overlay_subject_tomorrow_s02_shareowner|bad|hobble|2642,low,causative,bad,hobble,shareowner,overlay_arg_1_match,overlay_subject_tomorrow_s02,2.41,tail,supplemental_v2_bad_verbs,., the,-4.294631481170654,-3.0446314811706543,-1.25,0
v2|low|causative|overlay_subject_tomorrow_s02_shareowner|bad|loiter|2643,low,causative,bad,loiter,shareowner,overlay_arg_1_match,overlay_subject_tomorrow_s02,2.38,low_gap,supplemental_v2_bad_verbs,., the,-4.361555576324463,-5.049055576324463,0.6875,1
v2|low|causative|overlay_subject_tomorrow_s02_shareowner|bad|meander|2644,low,causative,bad,meander,shareowner,overlay_arg_1_match,overlay_subject_tomorrow_s02,2.69,tail,supplemental_v2_bad_verbs,., the,-5.190960884094238,-3.8159611225128174,-1.374999761581421,0
v2|low|causative|overlay_subject_tomorrow_s02_shareowner|bad|perspire|2647,low,causative,bad,perspire,shareowner,overlay_arg_1_match,overlay_subject_tomorrow_s02,2.0,xtail,supplemental_v2_bad_verbs,., the,-2.1747124195098877,-4.612212181091309,2.437499761581421,1
v2|low|causative|overlay_subject_tomorrow_s02_shareowner|bad|prattle|2648,low,causative,bad,prattle,shareowner,overlay_arg_1_match,overlay_subject_tomorrow_s02,2.18,xtail,supplemental_v2_bad_verbs,., the,-4.534650802612305,-6.222150802612305,1.6875,1
v2|low|causative|overlay_subject_tomorrow_s02_shareowner|bad|recline|2650,low,causative,bad,recline,shareowner,overlay_arg_1_match,overlay_subject_tomorrow_s02,2.51,tail,supplemental_v2_bad_verbs,., the,-3.803093433380127,-4.865593433380127,1.0625,1
v2|low|causative|overlay_subject_tomorrow_s02_shareowner|bad|retaliate|2651,low,causative,bad,retaliate,shareowner,overlay_arg_1_match,overlay_subject_tomorrow_s02,3.0999999046325684,tail,freqblimp_curated,., the,-2.1591622829437256,-7.096662521362305,4.9375,1
v2|low|causative|overlay_subject_tomorrow_s02_shareowner|bad|saunter|2652,low,causative,bad,saunter,shareowner,overlay_arg_1_match,overlay_subject_tomorrow_s02,2.23,low_gap,supplemental_v2_bad_verbs,., the,-7.014002323150635,-5.576502323150635,-1.4375,0
v2|low|causative|overlay_subject_tomorrow_s02_shareowner|bad|shiver|2653,low,causative,bad,shiver,shareowner,overlay_arg_1_match,overlay_subject_tomorrow_s02,3.05,tail,supplemental_v2_bad_verbs,., the,-2.691511631011963,-5.379011631011963,2.6875,1
v2|low|causative|overlay_subject_tomorrow_s02_shareowner|bad|snore|2654,low,causative,bad,snore,shareowner,overlay_arg_1_match,overlay_subject_tomorrow_s02,2.76,tail,supplemental_v2_bad_verbs,., the,-1.814500331878662,-5.127000331878662,3.3125,1
v2|low|causative|overlay_subject_tomorrow_s02_shareowner|bad|tremble|2656,low,causative,bad,tremble,shareowner,overlay_arg_1_match,overlay_subject_tomorrow_s02,3.04,tail,supplemental_v2_bad_verbs,., the,-2.335907220840454,-6.460906982421875,4.125,1
v2|low|causative|overlay_subject_tomorrow_s02_shareowner|bad|wail|2658,low,causative,bad,wail,shareowner,overlay_arg_1_match,overlay_subject_tomorrow_s02,2.9,tail,supplemental_v2_bad_verbs,., the,-2.0259485244750977,-4.963448524475098,2.9375,1
v2|low|causative|overlay_subject_tomorrow_s02_shareowner|bad|yawn|2659,low,causative,bad,yawn,shareowner,overlay_arg_1_match,overlay_subject_tomorrow_s02,3.069999933242798,tail,freqblimp_curated,., the,-1.9009642601013184,-6.400964260101318,4.5,1
v2|low|causative|overlay_subject_tomorrow_s03_sharer|bad|abscond|2660,low,causative,bad,abscond,sharer,overlay_arg_1_match,overlay_subject_tomorrow_s03,2.07,xtail,supplemental_v2_bad_verbs,., the,-2.5482099056243896,-5.423210144042969,2.875000238418579,1
v2|low|causative|overlay_subject_tomorrow_s03_sharer|bad|amble|2662,low,causative,bad,amble,sharer,overlay_arg_1_match,overlay_subject_tomorrow_s03,2.3,low_gap,supplemental_v2_bad_verbs,., the,-5.502264976501465,-5.189764976501465,-0.3125,0
v2|low|causative|overlay_subject_tomorrow_s03_sharer|bad|bicker|2663,low,causative,bad,bicker,sharer,overlay_arg_1_match,overlay_subject_tomorrow_s03,2.56,tail,supplemental_v2_bad_verbs,., the,-3.4685919284820557,-5.968591690063477,2.499999761581421,1
v2|low|causative|overlay_subject_tomorrow_s03_sharer|bad|capitulate|2665,low,causative,bad,capitulate,sharer,overlay_arg_1_match,overlay_subject_tomorrow_s03,2.5,tail,supplemental_v2_bad_verbs,., the,-1.6470916271209717,-5.334591865539551,3.687500238418579,1
v2|low|causative|overlay_subject_tomorrow_s03_sharer|bad|cower|2667,low,causative,bad,cower,sharer,overlay_arg_1_match,overlay_subject_tomorrow_s03,2.55,tail,supplemental_v2_bad_verbs,., the,-3.3435282707214355,-5.4060282707214355,2.0625,1
v2|low|causative|overlay_subject_tomorrow_s03_sharer|bad|dither|2670,low,causative,bad,dither,sharer,overlay_arg_1_match,overlay_subject_tomorrow_s03,2.11,xtail,supplemental_v2_bad_verbs,., the,-2.712822437286377,-5.400322437286377,2.6875,1
v2|low|causative|overlay_subject_tomorrow_s03_sharer|bad|flirt|2671,low,causative,bad,flirt,sharer,overlay_arg_1_match,overlay_subject_tomorrow_s03,2.8399999141693115,tail,freqblimp_curated,., the,-4.167435646057129,-5.479935646057129,1.3125,1
v2|low|causative|overlay_subject_tomorrow_s03_sharer|bad|frolic|2672,low,causative,bad,frolic,sharer,overlay_arg_1_match,overlay_subject_tomorrow_s03,2.68,tail,supplemental_v2_bad_verbs,., the,-3.788760185241699,-4.538760185241699,0.75,1
v2|low|causative|overlay_subject_tomorrow_s03_sharer|bad|grimace|2674,low,causative,bad,grimace,sharer,overlay_arg_1_match,overlay_subject_tomorrow_s03,2.61,tail,supplemental_v2_bad_verbs,., the,-2.063739061355591,-6.688738822937012,4.625,1
v2|low|causative|overlay_subject_tomorrow_s03_sharer|bad|hibernate|2676,low,causative,bad,hibernate,sharer,overlay_arg_1_match,overlay_subject_tomorrow_s03,2.7,tail,supplemental_v2_bad_verbs,., the,-1.951136589050293,-3.826136589050293,1.875,1
v2|low|causative|overlay_subject_tomorrow_s03_sharer|bad|hobble|2678,low,causative,bad,hobble,sharer,overlay_arg_1_match,overlay_subject_tomorrow_s03,2.41,tail,supplemental_v2_bad_verbs,., the,-4.4364495277404785,-3.1864495277404785,-1.25,0
v2|low|causative|overlay_subject_tomorrow_s03_sharer|bad|loiter|2679,low,causative,bad,loiter,sharer,overlay_arg_1_match,overlay_subject_tomorrow_s03,2.38,low_gap,supplemental_v2_bad_verbs,., the,-4.598266124725342,-5.473266124725342,0.875,1
v2|low|causative|overlay_subject_tomorrow_s03_sharer|bad|meander|2680,low,causative,bad,meander,sharer,overlay_arg_1_match,overlay_subject_tomorrow_s03,2.69,tail,supplemental_v2_bad_verbs,., the,-4.880546569824219,-3.5055463314056396,-1.375000238418579,0
v2|low|causative|overlay_subject_tomorrow_s03_sharer|bad|perspire|2683,low,causative,bad,perspire,sharer,overlay_arg_1_match,overlay_subject_tomorrow_s03,2.0,xtail,supplemental_v2_bad_verbs,., the,-2.3979878425598145,-4.6479878425598145,2.25,1
v2|low|causative|overlay_subject_tomorrow_s03_sharer|bad|prattle|2684,low,causative,bad,prattle,sharer,overlay_arg_1_match,overlay_subject_tomorrow_s03,2.18,xtail,supplemental_v2_bad_verbs,., the,-4.39978551864624,-6.08728551864624,1.6875,1
v2|low|causative|overlay_subject_tomorrow_s03_sharer|bad|recline|2686,low,causative,bad,recline,sharer,overlay_arg_1_match,overlay_subject_tomorrow_s03,2.51,tail,supplemental_v2_bad_verbs,., the,-3.822474956512451,-5.134974956512451,1.3125,1
v2|low|causative|overlay_subject_tomorrow_s03_sharer|bad|retaliate|2687,low,causative,bad,retaliate,sharer,overlay_arg_1_match,overlay_subject_tomorrow_s03,3.0999999046325684,tail,freqblimp_curated,., the,-1.8884048461914062,-6.950904846191406,5.0625,1
v2|low|causative|overlay_subject_tomorrow_s03_sharer|bad|saunter|2688,low,causative,bad,saunter,sharer,overlay_arg_1_match,overlay_subject_tomorrow_s03,2.23,low_gap,supplemental_v2_bad_verbs,., the,-6.382555961608887,-5.257555961608887,-1.125,0
v2|low|causative|overlay_subject_tomorrow_s03_sharer|bad|shiver|2689,low,causative,bad,shiver,sharer,overlay_arg_1_match,overlay_subject_tomorrow_s03,3.05,tail,supplemental_v2_bad_verbs,., the,-2.8301749229431152,-4.705174922943115,1.875,1
v2|low|causative|overlay_subject_tomorrow_s03_sharer|bad|snore|2690,low,causative,bad,snore,sharer,overlay_arg_1_match,overlay_subject_tomorrow_s03,2.76,tail,supplemental_v2_bad_verbs,., the,-2.0408694744110107,-5.22836971282959,3.187500238418579,1
v2|low|causative|overlay_subject_tomorrow_s03_sharer|bad|tremble|2692,low,causative,bad,tremble,sharer,overlay_arg_1_match,overlay_subject_tomorrow_s03,3.04,tail,supplemental_v2_bad_verbs,., the,-2.6920347213745117,-6.067034721374512,3.375,1
v2|low|causative|overlay_subject_tomorrow_s03_sharer|bad|wail|2694,low,causative,bad,wail,sharer,overlay_arg_1_match,overlay_subject_tomorrow_s03,2.9,tail,supplemental_v2_bad_verbs,., the,-2.3618063926696777,-4.299306392669678,1.9375,1
v2|low|causative|overlay_subject_tomorrow_s03_sharer|bad|yawn|2695,low,causative,bad,yawn,sharer,overlay_arg_1_match,overlay_subject_tomorrow_s03,3.069999933242798,tail,freqblimp_curated,., the,-2.1626644134521484,-6.100164413452148,3.9375,1
v2|low|causative|overlay_subject_lab_s03_maid|good|blacken|2920,low,causative,good,blacken,maid,overlay_arg_1_match,overlay_subject_lab_s03,2.25,low_gap,freqblimp_curated, the,.,-1.375678539276123,-6.625678539276123,5.25,1
v2|low|causative|overlay_subject_lab_s03_maid|good|brighten|2921,low,causative,good,brighten,maid,overlay_arg_1_match,overlay_subject_lab_s03,2.5999999046325684,tail,freqblimp_curated, the,.,-1.5791224241256714,-5.266622543334961,3.6875,1
v2|low|causative|overlay_subject_lab_s03_maid|good|condense|2924,low,causative,good,condense,maid,overlay_arg_1_match,overlay_subject_lab_s03,2.7100000381469727,tail,freqblimp_curated, the,.,-0.8724197149276733,-6.809919834136963,5.9375,1
v2|low|causative|overlay_subject_lab_s03_maid|good|darken|2926,low,causative,good,darken,maid,overlay_arg_1_match,overlay_subject_lab_s03,2.880000114440918,tail,freqblimp_curated, the,.,-0.7143212556838989,-5.089321136474609,4.375,1
v2|low|causative|overlay_subject_lab_s03_maid|good|evaporate|2929,low,causative,good,evaporate,maid,overlay_arg_1_match,overlay_subject_lab_s03,3.009999990463257,tail,freqblimp_curated, the,.,-2.0118205547332764,-3.0118205547332764,1.0,1
v2|low|causative|overlay_subject_lab_s03_maid|good|flatten|2930,low,causative,good,flatten,maid,overlay_arg_1_match,overlay_subject_lab_s03,2.9800000190734863,tail,freqblimp_curated, the,.,-1.0629851818084717,-7.750485420227051,6.6875,1
v2|low|causative|overlay_subject_lab_s03_maid|good|fray|2931,low,causative,good,fray,maid,overlay_arg_1_match,overlay_subject_lab_s03,1.7000000476837158,xtail,freqblimp_curated, the,.,-1.8262611627578735,-4.576261043548584,2.75,1
v2|low|causative|overlay_subject_lab_s03_maid|good|loosen|2933,low,causative,good,loosen,maid,overlay_arg_1_match,overlay_subject_lab_s03,2.4200000762939453,tail,freqblimp_curated, the,.,-0.8658269643783569,-9.397076606750488,8.53125,1
v2|low|causative|overlay_subject_lab_s03_maid|good|scorch|2934,low,causative,good,scorch,maid,overlay_arg_1_match,overlay_subject_lab_s03,2.7300000190734863,tail,freqblimp_curated, the,.,-1.1505537033081055,-6.0880537033081055,4.9375,1
v2|low|causative|overlay_subject_lab_s03_maid|good|shatter|2935,low,causative,good,shatter,maid,overlay_arg_1_match,overlay_subject_lab_s03,2.799999952316284,tail,freqblimp_curated, the,.,-1.0234674215316772,-4.960967540740967,3.9375,1
v2|low|causative|overlay_subject_lab_s03_maid|good|solidify|2938,low,causative,good,solidify,maid,overlay_arg_1_match,overlay_subject_lab_s03,2.990000009536743,tail,freqblimp_curated, the,.,-0.8295551538467407,-5.142055034637451,4.3125,1
v2|low|causative|overlay_subject_lab_s03_maid|good|tighten|2939,low,causative,good,tighten,maid,overlay_arg_1_match,overlay_subject_lab_s03,2.700000047683716,tail,freqblimp_curated, the,.,-0.6326188445091248,-8.63261890411377,8.0,1
v2|low|causative|overlay_subject_lab_s03_maid|good|vaporize|2941,low,causative,good,vaporize,maid,overlay_arg_1_match,overlay_subject_lab_s03,2.4700000286102295,tail,freqblimp_curated, the,.,-1.149381160736084,-4.899381160736084,3.75,1
v2|low|causative|overlay_subject_lab_s03_maid|good|wrinkle|2943,low,causative,good,wrinkle,maid,overlay_arg_1_match,overlay_subject_lab_s03,3.119999885559082,tail,freqblimp_curated, the,.,-2.715148448944092,-4.965148448944092,2.25,1
v2|low|causative|overlay_subject_tomorrow_s02_shareowner|good|blacken|3206,low,causative,good,blacken,shareowner,overlay_arg_1_match,overlay_subject_tomorrow_s02,2.25,low_gap,freqblimp_curated, the,.,-1.292785882949829,-5.35528564453125,4.0625,1
v2|low|causative|overlay_subject_tomorrow_s02_shareowner|good|brighten|3207,low,causative,good,brighten,shareowner,overlay_arg_1_match,overlay_subject_tomorrow_s02,2.5999999046325684,tail,freqblimp_curated, the,.,-2.017068862915039,-3.829568862915039,1.8125,1
v2|low|causative|overlay_subject_tomorrow_s02_shareowner|good|condense|3210,low,causative,good,condense,shareowner,overlay_arg_1_match,overlay_subject_tomorrow_s02,2.7100000381469727,tail,freqblimp_curated, the,.,-1.2521191835403442,-4.752119064331055,3.5,1
v2|low|causative|overlay_subject_tomorrow_s02_shareowner|good|darken|3212,low,causative,good,darken,shareowner,overlay_arg_1_match,overlay_subject_tomorrow_s02,2.880000114440918,tail,freqblimp_curated, the,.,-0.7220080494880676,-4.659508228302002,3.937500238418579,1
v2|low|causative|overlay_subject_tomorrow_s02_shareowner|good|evaporate|3215,low,causative,good,evaporate,shareowner,overlay_arg_1_match,overlay_subject_tomorrow_s02,3.009999990463257,tail,freqblimp_curated, the,.,-4.336187362670898,-1.5236873626708984,-2.8125,0
v2|low|causative|overlay_subject_tomorrow_s02_shareowner|good|flatten|3216,low,causative,good,flatten,shareowner,overlay_arg_1_match,overlay_subject_tomorrow_s02,2.9800000190734863,tail,freqblimp_curated, the,.,-1.0795234441757202,-5.51702356338501,4.4375,1
v2|low|causative|overlay_subject_tomorrow_s02_shareowner|good|fray|3217,low,causative,good,fray,shareowner,overlay_arg_1_match,overlay_subject_tomorrow_s02,1.7000000476837158,xtail,freqblimp_curated, the,.,-1.8383336067199707,-2.8383336067199707,1.0,1
v2|low|causative|overlay_subject_tomorrow_s02_shareowner|good|loosen|3219,low,causative,good,loosen,shareowner,overlay_arg_1_match,overlay_subject_tomorrow_s02,2.4200000762939453,tail,freqblimp_curated, the,.,-1.0203734636306763,-5.207873344421387,4.1875,1
v2|low|causative|overlay_subject_tomorrow_s02_shareowner|good|scorch|3220,low,causative,good,scorch,shareowner,overlay_arg_1_match,overlay_subject_tomorrow_s02,2.7300000190734863,tail,freqblimp_curated, the,.,-1.1573371887207031,-5.032337188720703,3.875,1
v2|low|causative|overlay_subject_tomorrow_s02_shareowner|good|shatter|3221,low,causative,good,shatter,shareowner,overlay_arg_1_match,overlay_subject_tomorrow_s02,2.799999952316284,tail,freqblimp_curated, the,.,-0.9884437322616577,-4.363443851470947,3.375,1
v2|low|causative|overlay_subject_tomorrow_s02_shareowner|good|solidify|3224,low,causative,good,solidify,shareowner,overlay_arg_1_match,overlay_subject_tomorrow_s02,2.990000009536743,tail,freqblimp_curated, the,.,-1.5465494394302368,-5.296549320220947,3.75,1
v2|low|causative|overlay_subject_tomorrow_s02_shareowner|good|tighten|3225,low,causative,good,tighten,shareowner,overlay_arg_1_match,overlay_subject_tomorrow_s02,2.700000047683716,tail,freqblimp_curated, the,.,-1.1227892637252808,-5.37278938293457,4.25,1
v2|low|causative|overlay_subject_tomorrow_s02_shareowner|good|vaporize|3227,low,causative,good,vaporize,shareowner,overlay_arg_1_match,overlay_subject_tomorrow_s02,2.4700000286102295,tail,freqblimp_curated, the,.,-1.691770076751709,-2.629270076751709,0.9375,1
v2|low|causative|overlay_subject_tomorrow_s02_shareowner|good|wrinkle|3229,low,causative,good,wrinkle,shareowner,overlay_arg_1_match,overlay_subject_tomorrow_s02,3.119999885559082,tail,freqblimp_curated, the,.,-2.251810073852539,-4.001810073852539,1.75,1
v2|low|causative|overlay_subject_tomorrow_s03_sharer|good|blacken|3232,low,causative,good,blacken,sharer,overlay_arg_1_match,overlay_subject_tomorrow_s03,2.25,low_gap,freqblimp_curated, the,.,-1.3939706087112427,-5.143970489501953,3.75,1
v2|low|causative|overlay_subject_tomorrow_s03_sharer|good|brighten|3233,low,causative,good,brighten,sharer,overlay_arg_1_match,overlay_subject_tomorrow_s03,2.5999999046325684,tail,freqblimp_curated, the,.,-1.461777687072754,-4.336777687072754,2.875,1
v2|low|causative|overlay_subject_tomorrow_s03_sharer|good|condense|3236,low,causative,good,condense,sharer,overlay_arg_1_match,overlay_subject_tomorrow_s03,2.7100000381469727,tail,freqblimp_curated, the,.,-1.2022476196289062,-5.327247619628906,4.125,1
v2|low|causative|overlay_subject_tomorrow_s03_sharer|good|darken|3238,low,causative,good,darken,sharer,overlay_arg_1_match,overlay_subject_tomorrow_s03,2.880000114440918,tail,freqblimp_curated, the,.,-0.8072152137756348,-3.8697152137756348,3.0625,1
v2|low|causative|overlay_subject_tomorrow_s03_sharer|good|evaporate|3241,low,causative,good,evaporate,sharer,overlay_arg_1_match,overlay_subject_tomorrow_s03,3.009999990463257,tail,freqblimp_curated, the,.,-5.245854377746582,-1.6208544969558716,-3.625,0
v2|low|causative|overlay_subject_tomorrow_s03_sharer|good|flatten|3242,low,causative,good,flatten,sharer,overlay_arg_1_match,overlay_subject_tomorrow_s03,2.9800000190734863,tail,freqblimp_curated, the,.,-1.2205572128295898,-6.03305721282959,4.8125,1
v2|low|causative|overlay_subject_tomorrow_s03_sharer|good|fray|3243,low,causative,good,fray,sharer,overlay_arg_1_match,overlay_subject_tomorrow_s03,1.7000000476837158,xtail,freqblimp_curated, the,.,-1.6859034299850464,-3.373403549194336,1.6875001192092896,1
v2|low|causative|overlay_subject_tomorrow_s03_sharer|good|loosen|3245,low,causative,good,loosen,sharer,overlay_arg_1_match,overlay_subject_tomorrow_s03,2.4200000762939453,tail,freqblimp_curated, the,.,-0.9020963907241821,-5.089596271514893,4.1875,1
v2|low|causative|overlay_subject_tomorrow_s03_sharer|good|scorch|3246,low,causative,good,scorch,sharer,overlay_arg_1_match,overlay_subject_tomorrow_s03,2.7300000190734863,tail,freqblimp_curated, the,.,-1.1981662511825562,-5.010666370391846,3.8125,1
v2|low|causative|overlay_subject_tomorrow_s03_sharer|good|shatter|3247,low,causative,good,shatter,sharer,overlay_arg_1_match,overlay_subject_tomorrow_s03,2.799999952316284,tail,freqblimp_curated, the,.,-1.1353514194488525,-4.135351181030273,2.999999761581421,1
v2|low|causative|overlay_subject_tomorrow_s03_sharer|good|solidify|3250,low,causative,good,solidify,sharer,overlay_arg_1_match,overlay_subject_tomorrow_s03,2.990000009536743,tail,freqblimp_curated, the,.,-1.3615410327911377,-5.299040794372559,3.937499761581421,1
v2|low|causative|overlay_subject_tomorrow_s03_sharer|good|tighten|3251,low,causative,good,tighten,sharer,overlay_arg_1_match,overlay_subject_tomorrow_s03,2.700000047683716,tail,freqblimp_curated, the,.,-0.9678887128829956,-5.030388832092285,4.0625,1
v2|low|causative|overlay_subject_tomorrow_s03_sharer|good|vaporize|3253,low,causative,good,vaporize,sharer,overlay_arg_1_match,overlay_subject_tomorrow_s03,2.4700000286102295,tail,freqblimp_curated, the,.,-1.5265969038009644,-3.276597023010254,1.7500001192092896,1
v2|low|causative|overlay_subject_tomorrow_s03_sharer|good|wrinkle|3255,low,causative,good,wrinkle,sharer,overlay_arg_1_match,overlay_subject_tomorrow_s03,3.119999885559082,tail,freqblimp_curated, the,.,-1.92160964012146,-4.421609878540039,2.500000238418579,1
v2|low|inchoative|overlay_subject_tomorrow_s00_spinet|bad|abduct|3780,low,inchoative,bad,abduct,spinet,overlay_arg_1_match,overlay_subject_tomorrow_s00,2.74,tail,supplemental_v2_bad_verbs, the,.,-1.993247628211975,-5.4307475090026855,3.4375,1
v2|low|inchoative|overlay_subject_tomorrow_s00_spinet|bad|abhor|3781,low,inchoative,bad,abhor,spinet,overlay_arg_1_match,overlay_subject_tomorrow_s00,2.64,tail,supplemental_v2_bad_verbs, the,.,-1.7191277742385864,-3.906627655029297,2.1875,1
v2|low|inchoative|overlay_subject_tomorrow_s00_spinet|bad|admonish|3783,low,inchoative,bad,admonish,spinet,overlay_arg_1_match,overlay_subject_tomorrow_s00,2.29,low_gap,supplemental_v2_bad_verbs, the,.,-2.335867166519165,-5.398366928100586,3.062499761581421,1
v2|low|inchoative|overlay_subject_tomorrow_s00_spinet|bad|assassinate|3784,low,inchoative,bad,assassinate,spinet,overlay_arg_1_match,overlay_subject_tomorrow_s00,3.2,tail,supplemental_v2_bad_verbs, the,.,-1.52016019821167,-6.14516019821167,4.625,1
v2|low|inchoative|overlay_subject_tomorrow_s00_spinet|bad|behead|3785,low,inchoative,bad,behead,spinet,overlay_arg_1_match,overlay_subject_tomorrow_s00,2.71,tail,supplemental_v2_bad_verbs, the,.,-1.7222099304199219,-5.347209930419922,3.625,1
v2|low|inchoative|overlay_subject_tomorrow_s00_spinet|bad|carjack|3786,low,inchoative,bad,carjack,spinet,overlay_arg_1_match,overlay_subject_tomorrow_s00,1.78,xtail,supplemental_v2_bad_verbs, the,.,-2.0451912879943848,-5.482691287994385,3.4375,1
v2|low|inchoative|overlay_subject_tomorrow_s00_spinet|bad|castigate|3787,low,inchoative,bad,castigate,spinet,overlay_arg_1_match,overlay_subject_tomorrow_s00,1.92,xtail,supplemental_v2_bad_verbs, the,.,-1.7154356241226196,-4.84043550491333,3.125,1
v2|low|inchoative|overlay_subject_tomorrow_s00_spinet|bad|chasten|3788,low,inchoative,bad,chasten,spinet,overlay_arg_1_match,overlay_subject_tomorrow_s00,1.72,xtail,supplemental_v2_bad_verbs, the,.,-2.112898588180542,-4.362898826599121,2.250000238418579,1
v2|low|inchoative|overlay_subject_tomorrow_s00_spinet|bad|coerce|3789,low,inchoative,bad,coerce,spinet,overlay_arg_1_match,overlay_subject_tomorrow_s00,2.86,tail,supplemental_v2_bad_verbs, the,.,-1.7432562112808228,-4.680756092071533,2.9375,1
v2|low|inchoative|overlay_subject_tomorrow_s00_spinet|bad|confiscate|3790,low,inchoative,bad,confiscate,spinet,overlay_arg_1_match,overlay_subject_tomorrow_s00,2.93,tail,supplemental_v2_bad_verbs, the,.,-1.601785659790039,-5.039285659790039,3.4375,1
v2|low|inchoative|overlay_subject_tomorrow_s00_spinet|bad|denude|3791,low,inchoative,bad,denude,spinet,overlay_arg_1_match,overlay_subject_tomorrow_s00,1.42,xtail,supplemental_v2_bad_verbs, the,.,-1.1019823551177979,-4.164482116699219,3.062499761581421,1
v2|low|inchoative|overlay_subject_tomorrow_s00_spinet|bad|encumber|3794,low,inchoative,bad,encumber,spinet,overlay_arg_1_match,overlay_subject_tomorrow_s00,1.68,xtail,supplemental_v2_bad_verbs, the,.,-1.3276212215423584,-5.2651214599609375,3.937500238418579,1
v2|low|inchoative|overlay_subject_tomorrow_s00_spinet|bad|enslave|3795,low,inchoative,bad,enslave,spinet,overlay_arg_1_match,overlay_subject_tomorrow_s00,2.83,tail,supplemental_v2_bad_verbs, the,.,-1.2366451025009155,-5.799145221710205,4.5625,1
v2|low|inchoative|overlay_subject_tomorrow_s00_spinet|bad|extort|3796,low,inchoative,bad,extort,spinet,overlay_arg_1_match,overlay_subject_tomorrow_s00,2.82,tail,supplemental_v2_bad_verbs, the,.,-2.4151644706726074,-4.915164470672607,2.5,1
v2|low|inchoative|overlay_subject_tomorrow_s00_spinet|bad|hospitalize|3798,low,inchoative,bad,hospitalize,spinet,overlay_arg_1_match,overlay_subject_tomorrow_s00,1.77,xtail,supplemental_v2_bad_verbs, the,.,-2.73115611076355,-4.043656349182129,1.312500238418579,1
v2|low|inchoative|overlay_subject_tomorrow_s00_spinet|bad|impale|3799,low,inchoative,bad,impale,spinet,overlay_arg_1_match,overlay_subject_tomorrow_s00,2.22,low_gap,supplemental_v2_bad_verbs, the,.,-2.0825541019439697,-6.582553863525391,4.5,1
v2|low|inchoative|overlay_subject_tomorrow_s00_spinet|bad|lambaste|3801,low,inchoative,bad,lambaste,spinet,overlay_arg_1_match,overlay_subject_tomorrow_s00,1.66,xtail,supplemental_v2_bad_verbs, the,.,-1.5829514265060425,-5.957951545715332,4.375,1
v2|low|inchoative|overlay_subject_tomorrow_s00_spinet|bad|misguide|3802,low,inchoative,bad,misguide,spinet,overlay_arg_1_match,overlay_subject_tomorrow_s00,1.66,xtail,supplemental_v2_bad_verbs, the,.,-1.6803339719772339,-4.680334091186523,3.0,1
v2|low|inchoative|overlay_subject_tomorrow_s00_spinet|bad|paralyze|3805,low,inchoative,bad,paralyze,spinet,overlay_arg_1_match,overlay_subject_tomorrow_s00,2.65,tail,supplemental_v2_bad_verbs, the,.,-2.430814027786255,-3.368314027786255,0.9375,1
v2|low|inchoative|overlay_subject_tomorrow_s00_spinet|bad|rebuke|3806,low,inchoative,bad,rebuke,spinet,overlay_arg_1_match,overlay_subject_tomorrow_s00,3.1,tail,supplemental_v2_bad_verbs, the,.,-1.8055232763290405,-5.24302339553833,3.4375,1
v2|low|inchoative|overlay_subject_tomorrow_s00_spinet|bad|reprove|3807,low,inchoative,bad,reprove,spinet,overlay_arg_1_match,overlay_subject_tomorrow_s00,1.79,xtail,supplemental_v2_bad_verbs, the,.,-1.8282018899917603,-3.8907017707824707,2.0625,1
v2|low|inchoative|overlay_subject_tomorrow_s00_spinet|bad|revile|3808,low,inchoative,bad,revile,spinet,overlay_arg_1_match,overlay_subject_tomorrow_s00,1.98,xtail,supplemental_v2_bad_verbs, the,.,-1.4522244930267334,-4.0147247314453125,2.562500238418579,1
v2|low|inchoative|overlay_subject_tomorrow_s00_spinet|bad|scrutinize|3809,low,inchoative,bad,scrutinize,spinet,overlay_arg_1_match,overlay_subject_tomorrow_s00,2.76,tail,supplemental_v2_bad_verbs, the,.,-1.1264568567276,-5.2514567375183105,4.125,1
v2|low|inchoative|overlay_subject_tomorrow_s00_spinet|bad|seclude|3810,low,inchoative,bad,seclude,spinet,overlay_arg_1_match,overlay_subject_tomorrow_s00,1.7,xtail,supplemental_v2_bad_verbs, the,.,-3.288116693496704,-4.850616455078125,1.562499761581421,1
v2|low|inchoative|overlay_subject_tomorrow_s00_spinet|bad|swindle|3812,low,inchoative,bad,swindle,spinet,overlay_arg_1_match,overlay_subject_tomorrow_s00,2.67,tail,supplemental_v2_bad_verbs, the,.,-2.003805160522461,-5.441305160522461,3.4375,1
v2|low|inchoative|overlay_subject_tomorrow_s00_spinet|bad|uproot|3813,low,inchoative,bad,uproot,spinet,overlay_arg_1_match,overlay_subject_tomorrow_s00,2.63,tail,supplemental_v2_bad_verbs, the,.,-1.9471447467803955,-4.197144508361816,2.249999761581421,1
v2|low|inchoative|overlay_subject_tomorrow_s00_spinet|bad|vilify|3814,low,inchoative,bad,vilify,spinet,overlay_arg_1_match,overlay_subject_tomorrow_s00,2.44,tail,supplemental_v2_bad_verbs, the,.,-2.0223283767700195,-5.7723283767700195,3.75,1
v2|low|inchoative|overlay_subject_tomorrow_s02_spinner|bad|abduct|3850,low,inchoative,bad,abduct,spinner,overlay_arg_1_match,overlay_subject_tomorrow_s02,2.74,tail,supplemental_v2_bad_verbs, the,.,-1.6690459251403809,-6.044045925140381,4.375,1
v2|low|inchoative|overlay_subject_tomorrow_s02_spinner|bad|abhor|3851,low,inchoative,bad,abhor,spinner,overlay_arg_1_match,overlay_subject_tomorrow_s02,2.64,tail,supplemental_v2_bad_verbs, the,.,-1.5887871980667114,-3.963787078857422,2.375,1
v2|low|inchoative|overlay_subject_tomorrow_s02_spinner|bad|admonish|3853,low,inchoative,bad,admonish,spinner,overlay_arg_1_match,overlay_subject_tomorrow_s02,2.29,low_gap,supplemental_v2_bad_verbs, the,.,-1.8661324977874756,-5.616132736206055,3.750000238418579,1
v2|low|inchoative|overlay_subject_tomorrow_s02_spinner|bad|assassinate|3854,low,inchoative,bad,assassinate,spinner,overlay_arg_1_match,overlay_subject_tomorrow_s02,3.2,tail,supplemental_v2_bad_verbs, the,.,-1.3663277626037598,-6.17882776260376,4.8125,1
v2|low|inchoative|overlay_subject_tomorrow_s02_spinner|bad|behead|3855,low,inchoative,bad,behead,spinner,overlay_arg_1_match,overlay_subject_tomorrow_s02,2.71,tail,supplemental_v2_bad_verbs, the,.,-1.526395559310913,-5.901395797729492,4.375,1
v2|low|inchoative|overlay_subject_tomorrow_s02_spinner|bad|carjack|3856,low,inchoative,bad,carjack,spinner,overlay_arg_1_match,overlay_subject_tomorrow_s02,1.78,xtail,supplemental_v2_bad_verbs, the,.,-2.12723445892334,-5.43973445892334,3.3125,1
v2|low|inchoative|overlay_subject_tomorrow_s02_spinner|bad|castigate|3857,low,inchoative,bad,castigate,spinner,overlay_arg_1_match,overlay_subject_tomorrow_s02,1.92,xtail,supplemental_v2_bad_verbs, the,.,-1.7052292823791504,-5.26772928237915,3.5625,1
v2|low|inchoative|overlay_subject_tomorrow_s02_spinner|bad|chasten|3858,low,inchoative,bad,chasten,spinner,overlay_arg_1_match,overlay_subject_tomorrow_s02,1.72,xtail,supplemental_v2_bad_verbs, the,.,-1.7535991668701172,-4.503599166870117,2.75,1
v2|low|inchoative|overlay_subject_tomorrow_s02_spinner|bad|coerce|3859,low,inchoative,bad,coerce,spinner,overlay_arg_1_match,overlay_subject_tomorrow_s02,2.86,tail,supplemental_v2_bad_verbs, the,.,-1.4084630012512207,-5.283463001251221,3.875,1
v2|low|inchoative|overlay_subject_tomorrow_s02_spinner|bad|confiscate|3860,low,inchoative,bad,confiscate,spinner,overlay_arg_1_match,overlay_subject_tomorrow_s02,2.93,tail,supplemental_v2_bad_verbs, the,.,-1.8298012018203735,-6.704801082611084,4.875,1
v2|low|inchoative|overlay_subject_tomorrow_s02_spinner|bad|denude|3861,low,inchoative,bad,denude,spinner,overlay_arg_1_match,overlay_subject_tomorrow_s02,1.42,xtail,supplemental_v2_bad_verbs, the,.,-0.7243623733520508,-5.161862373352051,4.4375,1
v2|low|inchoative|overlay_subject_tomorrow_s02_spinner|bad|encumber|3864,low,inchoative,bad,encumber,spinner,overlay_arg_1_match,overlay_subject_tomorrow_s02,1.68,xtail,supplemental_v2_bad_verbs, the,.,-1.1772080659866333,-4.989707946777344,3.8125,1
v2|low|inchoative|overlay_subject_tomorrow_s02_spinner|bad|enslave|3865,low,inchoative,bad,enslave,spinner,overlay_arg_1_match,overlay_subject_tomorrow_s02,2.83,tail,supplemental_v2_bad_verbs, the,.,-1.2081270217895508,-5.520627021789551,4.3125,1
v2|low|inchoative|overlay_subject_tomorrow_s02_spinner|bad|extort|3866,low,inchoative,bad,extort,spinner,overlay_arg_1_match,overlay_subject_tomorrow_s02,2.82,tail,supplemental_v2_bad_verbs, the,.,-2.2270092964172363,-4.977009296417236,2.75,1
v2|low|inchoative|overlay_subject_tomorrow_s02_spinner|bad|hospitalize|3868,low,inchoative,bad,hospitalize,spinner,overlay_arg_1_match,overlay_subject_tomorrow_s02,1.77,xtail,supplemental_v2_bad_verbs, the,.,-2.6978933811187744,-3.8853933811187744,1.1875,1
v2|low|inchoative|overlay_subject_tomorrow_s02_spinner|bad|impale|3869,low,inchoative,bad,impale,spinner,overlay_arg_1_match,overlay_subject_tomorrow_s02,2.22,low_gap,supplemental_v2_bad_verbs, the,.,-1.8725521564483643,-6.310051918029785,4.4375,1
v2|low|inchoative|overlay_subject_tomorrow_s02_spinner|bad|lambaste|3871,low,inchoative,bad,lambaste,spinner,overlay_arg_1_match,overlay_subject_tomorrow_s02,1.66,xtail,supplemental_v2_bad_verbs, the,.,-1.5397851467132568,-5.727285385131836,4.1875,1
v2|low|inchoative|overlay_subject_tomorrow_s02_spinner|bad|misguide|3872,low,inchoative,bad,misguide,spinner,overlay_arg_1_match,overlay_subject_tomorrow_s02,1.66,xtail,supplemental_v2_bad_verbs, the,.,-1.7060413360595703,-4.39354133605957,2.6875,1
v2|low|inchoative|overlay_subject_tomorrow_s02_spinner|bad|paralyze|3875,low,inchoative,bad,paralyze,spinner,overlay_arg_1_match,overlay_subject_tomorrow_s02,2.65,tail,supplemental_v2_bad_verbs, the,.,-1.5863596200942993,-4.27385950088501,2.6875,1
v2|low|inchoative|overlay_subject_tomorrow_s02_spinner|bad|rebuke|3876,low,inchoative,bad,rebuke,spinner,overlay_arg_1_match,overlay_subject_tomorrow_s02,3.1,tail,supplemental_v2_bad_verbs, the,.,-1.5239295959472656,-5.336429595947266,3.8125,1
v2|low|inchoative|overlay_subject_tomorrow_s02_spinner|bad|reprove|3877,low,inchoative,bad,reprove,spinner,overlay_arg_1_match,overlay_subject_tomorrow_s02,1.79,xtail,supplemental_v2_bad_verbs, the,.,-1.7697441577911377,-4.269743919372559,2.499999761581421,1
v2|low|inchoative|overlay_subject_tomorrow_s02_spinner|bad|revile|3878,low,inchoative,bad,revile,spinner,overlay_arg_1_match,overlay_subject_tomorrow_s02,1.98,xtail,supplemental_v2_bad_verbs, the,.,-1.4020318984985352,-4.214531898498535,2.8125,1
v2|low|inchoative|overlay_subject_tomorrow_s02_spinner|bad|scrutinize|3879,low,inchoative,bad,scrutinize,spinner,overlay_arg_1_match,overlay_subject_tomorrow_s02,2.76,tail,supplemental_v2_bad_verbs, the,.,-0.9110972881317139,-5.911097526550293,5.0,1
v2|low|inchoative|overlay_subject_tomorrow_s02_spinner|bad|seclude|3880,low,inchoative,bad,seclude,spinner,overlay_arg_1_match,overlay_subject_tomorrow_s02,1.7,xtail,supplemental_v2_bad_verbs, the,.,-2.641672372817993,-4.704172134399414,2.062499761581421,1
v2|low|inchoative|overlay_subject_tomorrow_s02_spinner|bad|swindle|3882,low,inchoative,bad,swindle,spinner,overlay_arg_1_match,overlay_subject_tomorrow_s02,2.67,tail,supplemental_v2_bad_verbs, the,.,-1.88100266456604,-5.256002426147461,3.374999761581421,1
v2|low|inchoative|overlay_subject_tomorrow_s02_spinner|bad|uproot|3883,low,inchoative,bad,uproot,spinner,overlay_arg_1_match,overlay_subject_tomorrow_s02,2.63,tail,supplemental_v2_bad_verbs, the,.,-1.2046382427215576,-4.767138481140137,3.562500238418579,1
v2|low|inchoative|overlay_subject_tomorrow_s02_spinner|bad|vilify|3884,low,inchoative,bad,vilify,spinner,overlay_arg_1_match,overlay_subject_tomorrow_s02,2.44,tail,supplemental_v2_bad_verbs, the,.,-1.7583316564559937,-5.320831775665283,3.5625,1
v2|low|inchoative|overlay_subject_tomorrow_s03_spinus|bad|abduct|3885,low,inchoative,bad,abduct,spinus,overlay_arg_1_match,overlay_subject_tomorrow_s03,2.74,tail,supplemental_v2_bad_verbs, the,.,-1.895228385925293,-5.020228385925293,3.125,1
v2|low|inchoative|overlay_subject_tomorrow_s03_spinus|bad|abhor|3886,low,inchoative,bad,abhor,spinus,overlay_arg_1_match,overlay_subject_tomorrow_s03,2.64,tail,supplemental_v2_bad_verbs, the,.,-1.9520988464355469,-4.014598846435547,2.0625,1
v2|low|inchoative|overlay_subject_tomorrow_s03_spinus|bad|admonish|3888,low,inchoative,bad,admonish,spinus,overlay_arg_1_match,overlay_subject_tomorrow_s03,2.29,low_gap,supplemental_v2_bad_verbs, the,.,-2.29630184173584,-4.67130184173584,2.375,1
v2|low|inchoative|overlay_subject_tomorrow_s03_spinus|bad|assassinate|3889,low,inchoative,bad,assassinate,spinus,overlay_arg_1_match,overlay_subject_tomorrow_s03,3.2,tail,supplemental_v2_bad_verbs, the,.,-1.601111888885498,-5.663611888885498,4.0625,1
v2|low|inchoative|overlay_subject_tomorrow_s03_spinus|bad|behead|3890,low,inchoative,bad,behead,spinus,overlay_arg_1_match,overlay_subject_tomorrow_s03,2.71,tail,supplemental_v2_bad_verbs, the,.,-1.9423669576644897,-4.817367076873779,2.875,1
v2|low|inchoative|overlay_subject_tomorrow_s03_spinus|bad|carjack|3891,low,inchoative,bad,carjack,spinus,overlay_arg_1_match,overlay_subject_tomorrow_s03,1.78,xtail,supplemental_v2_bad_verbs, the,.,-1.9673103094100952,-5.092310428619385,3.125,1
v2|low|inchoative|overlay_subject_tomorrow_s03_spinus|bad|castigate|3892,low,inchoative,bad,castigate,spinus,overlay_arg_1_match,overlay_subject_tomorrow_s03,1.92,xtail,supplemental_v2_bad_verbs, the,.,-2.1435940265655518,-5.143593788146973,2.999999761581421,1
v2|low|inchoative|overlay_subject_tomorrow_s03_spinus|bad|chasten|3893,low,inchoative,bad,chasten,spinus,overlay_arg_1_match,overlay_subject_tomorrow_s03,1.72,xtail,supplemental_v2_bad_verbs, the,.,-2.1173369884490967,-3.6798369884490967,1.5625,1
v2|low|inchoative|overlay_subject_tomorrow_s03_spinus|bad|coerce|3894,low,inchoative,bad,coerce,spinus,overlay_arg_1_match,overlay_subject_tomorrow_s03,2.86,tail,supplemental_v2_bad_verbs, the,.,-1.7077805995941162,-4.832780838012695,3.125000238418579,1
v2|low|inchoative|overlay_subject_tomorrow_s03_spinus|bad|confiscate|3895,low,inchoative,bad,confiscate,spinus,overlay_arg_1_match,overlay_subject_tomorrow_s03,2.93,tail,supplemental_v2_bad_verbs, the,.,-1.7997016906738281,-5.424701690673828,3.625,1
v2|low|inchoative|overlay_subject_tomorrow_s03_spinus|bad|denude|3896,low,inchoative,bad,denude,spinus,overlay_arg_1_match,overlay_subject_tomorrow_s03,1.42,xtail,supplemental_v2_bad_verbs, the,.,-1.1328943967819214,-3.882894515991211,2.75,1
v2|low|inchoative|overlay_subject_tomorrow_s03_spinus|bad|encumber|3899,low,inchoative,bad,encumber,spinus,overlay_arg_1_match,overlay_subject_tomorrow_s03,1.68,xtail,supplemental_v2_bad_verbs, the,.,-1.434272289276123,-4.559272289276123,3.125,1
v2|low|inchoative|overlay_subject_tomorrow_s03_spinus|bad|enslave|3900,low,inchoative,bad,enslave,spinus,overlay_arg_1_match,overlay_subject_tomorrow_s03,2.83,tail,supplemental_v2_bad_verbs, the,.,-1.3878281116485596,-5.5753278732299805,4.1875,1
v2|low|inchoative|overlay_subject_tomorrow_s03_spinus|bad|extort|3901,low,inchoative,bad,extort,spinus,overlay_arg_1_match,overlay_subject_tomorrow_s03,2.82,tail,supplemental_v2_bad_verbs, the,.,-2.3050806522369385,-4.242580413818359,1.937499761581421,1
v2|low|inchoative|overlay_subject_tomorrow_s03_spinus|bad|hospitalize|3903,low,inchoative,bad,hospitalize,spinus,overlay_arg_1_match,overlay_subject_tomorrow_s03,1.77,xtail,supplemental_v2_bad_verbs, the,.,-2.5673482418060303,-3.9423482418060303,1.375,1
v2|low|inchoative|overlay_subject_tomorrow_s03_spinus|bad|impale|3904,low,inchoative,bad,impale,spinus,overlay_arg_1_match,overlay_subject_tomorrow_s03,2.22,low_gap,supplemental_v2_bad_verbs, the,.,-2.2570953369140625,-5.3820953369140625,3.125,1
v2|low|inchoative|overlay_subject_tomorrow_s03_spinus|bad|lambaste|3906,low,inchoative,bad,lambaste,spinus,overlay_arg_1_match,overlay_subject_tomorrow_s03,1.66,xtail,supplemental_v2_bad_verbs, the,.,-1.8657128810882568,-5.678213119506836,3.812500238418579,1
v2|low|inchoative|overlay_subject_tomorrow_s03_spinus|bad|misguide|3907,low,inchoative,bad,misguide,spinus,overlay_arg_1_match,overlay_subject_tomorrow_s03,1.66,xtail,supplemental_v2_bad_verbs, the,.,-1.6903162002563477,-4.252816200256348,2.5625,1
v2|low|inchoative|overlay_subject_tomorrow_s03_spinus|bad|paralyze|3910,low,inchoative,bad,paralyze,spinus,overlay_arg_1_match,overlay_subject_tomorrow_s03,2.65,tail,supplemental_v2_bad_verbs, the,.,-2.1893348693847656,-3.8768348693847656,1.6875,1
v2|low|inchoative|overlay_subject_tomorrow_s03_spinus|bad|rebuke|3911,low,inchoative,bad,rebuke,spinus,overlay_arg_1_match,overlay_subject_tomorrow_s03,3.1,tail,supplemental_v2_bad_verbs, the,.,-1.9040846824645996,-4.7790846824646,2.875,1
v2|low|inchoative|overlay_subject_tomorrow_s03_spinus|bad|reprove|3912,low,inchoative,bad,reprove,spinus,overlay_arg_1_match,overlay_subject_tomorrow_s03,1.79,xtail,supplemental_v2_bad_verbs, the,.,-1.9282855987548828,-3.553285598754883,1.625,1
v2|low|inchoative|overlay_subject_tomorrow_s03_spinus|bad|revile|3913,low,inchoative,bad,revile,spinus,overlay_arg_1_match,overlay_subject_tomorrow_s03,1.98,xtail,supplemental_v2_bad_verbs, the,.,-1.8819866180419922,-3.881986618041992,2.0,1
v2|low|inchoative|overlay_subject_tomorrow_s03_spinus|bad|scrutinize|3914,low,inchoative,bad,scrutinize,spinus,overlay_arg_1_match,overlay_subject_tomorrow_s03,2.76,tail,supplemental_v2_bad_verbs, the,.,-1.1309442520141602,-4.88094425201416,3.75,1
v2|low|inchoative|overlay_subject_tomorrow_s03_spinus|bad|seclude|3915,low,inchoative,bad,seclude,spinus,overlay_arg_1_match,overlay_subject_tomorrow_s03,1.7,xtail,supplemental_v2_bad_verbs, the,.,-2.3902459144592285,-3.8902459144592285,1.5,1
v2|low|inchoative|overlay_subject_tomorrow_s03_spinus|bad|swindle|3917,low,inchoative,bad,swindle,spinus,overlay_arg_1_match,overlay_subject_tomorrow_s03,2.67,tail,supplemental_v2_bad_verbs, the,.,-1.8821560144424438,-4.882155895233154,3.0,1
v2|low|inchoative|overlay_subject_tomorrow_s03_spinus|bad|uproot|3918,low,inchoative,bad,uproot,spinus,overlay_arg_1_match,overlay_subject_tomorrow_s03,2.63,tail,supplemental_v2_bad_verbs, the,.,-1.7479302883148193,-3.7479302883148193,2.0,1
v2|low|inchoative|overlay_subject_tomorrow_s03_spinus|bad|vilify|3919,low,inchoative,bad,vilify,spinus,overlay_arg_1_match,overlay_subject_tomorrow_s03,2.44,tail,supplemental_v2_bad_verbs, the,.,-2.058143377304077,-5.433143615722656,3.375000238418579,1
v2|low|inchoative|overlay_subject_tomorrow_s00_spinet|good|blacken|4374,low,inchoative,good,blacken,spinet,overlay_arg_1_match,overlay_subject_tomorrow_s00,2.25,low_gap,freqblimp_curated,., the,-2.772594451904297,-2.022594451904297,-0.75,0
v2|low|inchoative|overlay_subject_tomorrow_s00_spinet|good|brighten|4375,low,inchoative,good,brighten,spinet,overlay_arg_1_match,overlay_subject_tomorrow_s00,2.5999999046325684,tail,freqblimp_curated,., the,-3.316401958465576,-1.5039020776748657,-1.8124998807907104,0
v2|low|inchoative|overlay_subject_tomorrow_s00_spinet|good|condense|4378,low,inchoative,good,condense,spinet,overlay_arg_1_match,overlay_subject_tomorrow_s00,2.7100000381469727,tail,freqblimp_curated,., the,-2.956643581390381,-2.394143581390381,-0.5625,0
v2|low|inchoative|overlay_subject_tomorrow_s00_spinet|good|darken|4380,low,inchoative,good,darken,spinet,overlay_arg_1_match,overlay_subject_tomorrow_s00,2.880000114440918,tail,freqblimp_curated,., the,-2.443376064300537,-2.005876064300537,-0.4375,0
v2|low|inchoative|overlay_subject_tomorrow_s00_spinet|good|evaporate|4383,low,inchoative,good,evaporate,spinet,overlay_arg_1_match,overlay_subject_tomorrow_s00,3.009999990463257,tail,freqblimp_curated,., the,-1.908015489578247,-5.095515251159668,3.187499761581421,1
v2|low|inchoative|overlay_subject_tomorrow_s00_spinet|good|flatten|4384,low,inchoative,good,flatten,spinet,overlay_arg_1_match,overlay_subject_tomorrow_s00,2.9800000190734863,tail,freqblimp_curated,., the,-3.4984545707702637,-2.1859545707702637,-1.3125,0
v2|low|inchoative|overlay_subject_tomorrow_s00_spinet|good|fray|4385,low,inchoative,good,fray,spinet,overlay_arg_1_match,overlay_subject_tomorrow_s00,1.7000000476837158,xtail,freqblimp_curated,., the,-2.6731581687927246,-2.1106581687927246,-0.5625,0
v2|low|inchoative|overlay_subject_tomorrow_s00_spinet|good|loosen|4387,low,inchoative,good,loosen,spinet,overlay_arg_1_match,overlay_subject_tomorrow_s00,2.4200000762939453,tail,freqblimp_curated,., the,-3.8105525970458984,-1.9355525970458984,-1.875,0
v2|low|inchoative|overlay_subject_tomorrow_s00_spinet|good|scorch|4388,low,inchoative,good,scorch,spinet,overlay_arg_1_match,overlay_subject_tomorrow_s00,2.7300000190734863,tail,freqblimp_curated,., the,-3.860034942626953,-1.1100350618362427,-2.75,0
v2|low|inchoative|overlay_subject_tomorrow_s00_spinet|good|shatter|4389,low,inchoative,good,shatter,spinet,overlay_arg_1_match,overlay_subject_tomorrow_s00,2.799999952316284,tail,freqblimp_curated,., the,-2.4639642238616943,-2.0889642238616943,-0.375,0
v2|low|inchoative|overlay_subject_tomorrow_s00_spinet|good|solidify|4392,low,inchoative,good,solidify,spinet,overlay_arg_1_match,overlay_subject_tomorrow_s00,2.990000009536743,tail,freqblimp_curated,., the,-3.4469990730285645,-1.821998953819275,-1.6250001192092896,0
v2|low|inchoative|overlay_subject_tomorrow_s00_spinet|good|tighten|4393,low,inchoative,good,tighten,spinet,overlay_arg_1_match,overlay_subject_tomorrow_s00,2.700000047683716,tail,freqblimp_curated,., the,-4.049369812011719,-1.8618698120117188,-2.1875,0
v2|low|inchoative|overlay_subject_tomorrow_s00_spinet|good|vaporize|4395,low,inchoative,good,vaporize,spinet,overlay_arg_1_match,overlay_subject_tomorrow_s00,2.4700000286102295,tail,freqblimp_curated,., the,-1.9878383874893188,-2.9878382682800293,0.9999998807907104,1
v2|low|inchoative|overlay_subject_tomorrow_s00_spinet|good|wrinkle|4397,low,inchoative,good,wrinkle,spinet,overlay_arg_1_match,overlay_subject_tomorrow_s00,3.119999885559082,tail,freqblimp_curated,., the,-3.049522876739502,-2.237022876739502,-0.8125,0
v2|low|inchoative|overlay_subject_tomorrow_s02_spinner|good|blacken|4426,low,inchoative,good,blacken,spinner,overlay_arg_1_match,overlay_subject_tomorrow_s02,2.25,low_gap,freqblimp_curated,., the,-3.131425619125366,-1.1314256191253662,-2.0,0
v2|low|inchoative|overlay_subject_tomorrow_s02_spinner|good|brighten|4427,low,inchoative,good,brighten,spinner,overlay_arg_1_match,overlay_subject_tomorrow_s02,2.5999999046325684,tail,freqblimp_curated,., the,-3.920194387435913,-1.232694387435913,-2.6875,0
v2|low|inchoative|overlay_subject_tomorrow_s02_spinner|good|condense|4430,low,inchoative,good,condense,spinner,overlay_arg_1_match,overlay_subject_tomorrow_s02,2.7100000381469727,tail,freqblimp_curated,., the,-4.396285057067871,-1.4587851762771606,-2.9375,0
v2|low|inchoative|overlay_subject_tomorrow_s02_spinner|good|darken|4432,low,inchoative,good,darken,spinner,overlay_arg_1_match,overlay_subject_tomorrow_s02,2.880000114440918,tail,freqblimp_curated,., the,-2.6224756240844727,-1.9974757432937622,-0.6249998807907104,0
v2|low|inchoative|overlay_subject_tomorrow_s02_spinner|good|evaporate|4435,low,inchoative,good,evaporate,spinner,overlay_arg_1_match,overlay_subject_tomorrow_s02,3.009999990463257,tail,freqblimp_curated,., the,-1.9503493309020996,-4.7003493309021,2.75,1
v2|low|inchoative|overlay_subject_tomorrow_s02_spinner|good|flatten|4436,low,inchoative,good,flatten,spinner,overlay_arg_1_match,overlay_subject_tomorrow_s02,2.9800000190734863,tail,freqblimp_curated,., the,-4.5770463943481445,-1.2645463943481445,-3.3125,0
v2|low|inchoative|overlay_subject_tomorrow_s02_spinner|good|fray|4437,low,inchoative,good,fray,spinner,overlay_arg_1_match,overlay_subject_tomorrow_s02,1.7000000476837158,xtail,freqblimp_curated,., the,-3.2116963863372803,-1.4616963863372803,-1.75,0
v2|low|inchoative|overlay_subject_tomorrow_s02_spinner|good|loosen|4439,low,inchoative,good,loosen,spinner,overlay_arg_1_match,overlay_subject_tomorrow_s02,2.4200000762939453,tail,freqblimp_curated,., the,-4.001076698303223,-1.563576579093933,-2.4375,0
v2|low|inchoative|overlay_subject_tomorrow_s02_spinner|good|scorch|4440,low,inchoative,good,scorch,spinner,overlay_arg_1_match,overlay_subject_tomorrow_s02,2.7300000190734863,tail,freqblimp_curated,., the,-4.54971170425415,-0.9247117042541504,-3.625,0
v2|low|inchoative|overlay_subject_tomorrow_s02_spinner|good|shatter|4441,low,inchoative,good,shatter,spinner,overlay_arg_1_match,overlay_subject_tomorrow_s02,2.799999952316284,tail,freqblimp_curated,., the,-4.201220989227295,-0.9512211084365845,-3.25,0
v2|low|inchoative|overlay_subject_tomorrow_s02_spinner|good|solidify|4444,low,inchoative,good,solidify,spinner,overlay_arg_1_match,overlay_subject_tomorrow_s02,2.990000009536743,tail,freqblimp_curated,., the,-3.8295042514801025,-2.0795042514801025,-1.75,0
v2|low|inchoative|overlay_subject_tomorrow_s02_spinner|good|tighten|4445,low,inchoative,good,tighten,spinner,overlay_arg_1_match,overlay_subject_tomorrow_s02,2.700000047683716,tail,freqblimp_curated,., the,-3.8010172843933105,-1.8010174036026,-1.9999998807907104,0
v2|low|inchoative|overlay_subject_tomorrow_s02_spinner|good|vaporize|4447,low,inchoative,good,vaporize,spinner,overlay_arg_1_match,overlay_subject_tomorrow_s02,2.4700000286102295,tail,freqblimp_curated,., the,-3.0095651149749756,-1.5720651149749756,-1.4375,0
v2|low|inchoative|overlay_subject_tomorrow_s02_spinner|good|wrinkle|4449,low,inchoative,good,wrinkle,spinner,overlay_arg_1_match,overlay_subject_tomorrow_s02,3.119999885559082,tail,freqblimp_curated,., the,-3.5136873722076416,-1.5136873722076416,-2.0,0
v2|low|inchoative|overlay_subject_tomorrow_s03_spinus|good|blacken|4452,low,inchoative,good,blacken,spinus,overlay_arg_1_match,overlay_subject_tomorrow_s03,2.25,low_gap,freqblimp_curated,., the,-2.1680893898010254,-2.7305893898010254,0.5625,1
v2|low|inchoative|overlay_subject_tomorrow_s03_spinus|good|brighten|4453,low,inchoative,good,brighten,spinus,overlay_arg_1_match,overlay_subject_tomorrow_s03,2.5999999046325684,tail,freqblimp_curated,., the,-2.497262716293335,-2.934762716293335,0.4375,1
v2|low|inchoative|overlay_subject_tomorrow_s03_spinus|good|condense|4456,low,inchoative,good,condense,spinus,overlay_arg_1_match,overlay_subject_tomorrow_s03,2.7100000381469727,tail,freqblimp_curated,., the,-2.7461698055267334,-3.4336698055267334,0.6875,1
v2|low|inchoative|overlay_subject_tomorrow_s03_spinus|good|darken|4458,low,inchoative,good,darken,spinus,overlay_arg_1_match,overlay_subject_tomorrow_s03,2.880000114440918,tail,freqblimp_curated,., the,-2.1044931411743164,-3.0419931411743164,0.9375,1
v2|low|inchoative|overlay_subject_tomorrow_s03_spinus|good|evaporate|4461,low,inchoative,good,evaporate,spinus,overlay_arg_1_match,overlay_subject_tomorrow_s03,3.009999990463257,tail,freqblimp_curated,., the,-1.9669883251190186,-5.466988563537598,3.500000238418579,1
v2|low|inchoative|overlay_subject_tomorrow_s03_spinus|good|flatten|4462,low,inchoative,good,flatten,spinus,overlay_arg_1_match,overlay_subject_tomorrow_s03,2.9800000190734863,tail,freqblimp_curated,., the,-2.7708683013916016,-2.6458683013916016,-0.125,0
v2|low|inchoative|overlay_subject_tomorrow_s03_spinus|good|fray|4463,low,inchoative,good,fray,spinus,overlay_arg_1_match,overlay_subject_tomorrow_s03,1.7000000476837158,xtail,freqblimp_curated,., the,-2.159670352935791,-3.284670352935791,1.125,1
v2|low|inchoative|overlay_subject_tomorrow_s03_spinus|good|loosen|4465,low,inchoative,good,loosen,spinus,overlay_arg_1_match,overlay_subject_tomorrow_s03,2.4200000762939453,tail,freqblimp_curated,., the,-2.7135214805603027,-3.0885214805603027,0.375,1
v2|low|inchoative|overlay_subject_tomorrow_s03_spinus|good|scorch|4466,low,inchoative,good,scorch,spinus,overlay_arg_1_match,overlay_subject_tomorrow_s03,2.7300000190734863,tail,freqblimp_curated,., the,-3.293405055999756,-1.4184050559997559,-1.875,0
v2|low|inchoative|overlay_subject_tomorrow_s03_spinus|good|shatter|4467,low,inchoative,good,shatter,spinus,overlay_arg_1_match,overlay_subject_tomorrow_s03,2.799999952316284,tail,freqblimp_curated,., the,-2.190582513809204,-2.565582513809204,0.375,1
v2|low|inchoative|overlay_subject_tomorrow_s03_spinus|good|solidify|4470,low,inchoative,good,solidify,spinus,overlay_arg_1_match,overlay_subject_tomorrow_s03,2.990000009536743,tail,freqblimp_curated,., the,-2.0509860515594482,-2.9259860515594482,0.875,1
v2|low|inchoative|overlay_subject_tomorrow_s03_spinus|good|tighten|4471,low,inchoative,good,tighten,spinus,overlay_arg_1_match,overlay_subject_tomorrow_s03,2.700000047683716,tail,freqblimp_curated,., the,-2.750778913497925,-2.750778913497925,0.0,0
v2|low|inchoative|overlay_subject_tomorrow_s03_spinus|good|vaporize|4473,low,inchoative,good,vaporize,spinus,overlay_arg_1_match,overlay_subject_tomorrow_s03,2.4700000286102295,tail,freqblimp_curated,., the,-2.02221417427063,-2.89721417427063,0.875,1
v2|low|inchoative|overlay_subject_tomorrow_s03_spinus|good|wrinkle|4475,low,inchoative,good,wrinkle,spinus,overlay_arg_1_match,overlay_subject_tomorrow_s03,3.119999885559082,tail,freqblimp_curated,., the,-2.090522050857544,-3.340522050857544,1.25,1
v2|head|causative|overlay_subject_visit_s02_urologist|bad|appear|138,head,causative,bad,appear,urologist,overlay_arg_1_match,overlay_subject_visit_s02,4.849999904632568,head,freqblimp_curated,., the,-5.033173561096191,-5.658173561096191,0.625,1
v2|head|causative|overlay_subject_visit_s02_urologist|bad|arrive|139,head,causative,bad,arrive,urologist,overlay_arg_1_match,overlay_subject_visit_s02,4.380000114440918,head,freqblimp_curated,., the,-4.772510528564453,-4.835010528564453,0.0625,1
v2|head|causative|overlay_subject_visit_s02_urologist|bad|boast|140,head,causative,bad,boast,urologist,overlay_arg_1_match,overlay_subject_visit_s02,3.509999990463257,head,freqblimp_curated,., the,-6.061556816101074,-3.499056816101074,-2.5625,0
v2|head|causative|overlay_subject_visit_s02_urologist|bad|chat|141,head,causative,bad,chat,urologist,overlay_arg_1_match,overlay_subject_visit_s02,4.570000171661377,head,freqblimp_curated,., the,-7.624264717102051,-6.436764717102051,-1.1875,0
v2|head|causative|overlay_subject_visit_s02_urologist|bad|compete|142,head,causative,bad,compete,urologist,overlay_arg_1_match,overlay_subject_visit_s02,4.389999866485596,head,freqblimp_curated,., the,-6.5588297843933105,-2.7463297843933105,-3.8125,0
v2|head|causative|overlay_subject_visit_s02_urologist|bad|complain|143,head,causative,bad,complain,urologist,overlay_arg_1_match,overlay_subject_visit_s02,4.230000019073486,head,freqblimp_curated,., the,-4.918102264404297,-4.543102264404297,-0.375,0
v2|head|causative|overlay_subject_visit_s02_urologist|bad|cough|144,head,causative,bad,cough,urologist,overlay_arg_1_match,overlay_subject_visit_s02,3.950000047683716,head,freqblimp_curated,., the,-5.486617088317871,-3.861617088317871,-1.625,0
v2|head|causative|overlay_subject_visit_s02_urologist|bad|cry|145,head,causative,bad,cry,urologist,overlay_arg_1_match,overlay_subject_visit_s02,4.590000152587891,head,freqblimp_curated,., the,-2.678053855895996,-4.865553855895996,2.1875,1
v2|head|causative|overlay_subject_visit_s02_urologist|bad|die|146,head,causative,bad,die,urologist,overlay_arg_1_match,overlay_subject_visit_s02,5.070000171661377,head,freqblimp_curated,., the,-2.2596466541290283,-3.7596466541290283,1.5,1
v2|head|causative|overlay_subject_visit_s02_urologist|bad|disagree|147,head,causative,bad,disagree,urologist,overlay_arg_1_match,overlay_subject_visit_s02,4.090000152587891,head,freqblimp_curated,., the,-4.253940582275391,-6.003940582275391,1.75,1
v2|head|causative|overlay_subject_visit_s02_urologist|bad|disappear|148,head,causative,bad,disappear,urologist,overlay_arg_1_match,overlay_subject_visit_s02,4.090000152587891,head,freqblimp_curated,., the,-2.68405818939209,-4.05905818939209,1.375,1
v2|head|causative|overlay_subject_visit_s02_urologist|bad|exist|149,head,causative,bad,exist,urologist,overlay_arg_1_match,overlay_subject_visit_s02,4.730000019073486,head,freqblimp_curated,., the,-4.484708786010742,-2.484708786010742,-2.0,0
v2|head|causative|overlay_subject_visit_s02_urologist|bad|laugh|151,head,causative,bad,laugh,urologist,overlay_arg_1_match,overlay_subject_visit_s02,4.659999847412109,head,freqblimp_curated,., the,-3.0785560607910156,-5.703556060791016,2.625,1
v2|head|causative|overlay_subject_visit_s02_urologist|bad|lie|152,head,causative,bad,lie,urologist,overlay_arg_1_match,overlay_subject_visit_s02,4.840000152587891,head,freqblimp_curated,., the,-6.695530414581299,-3.820530414581299,-2.875,0
v2|head|causative|overlay_subject_visit_s02_urologist|bad|react|153,head,causative,bad,react,urologist,overlay_arg_1_match,overlay_subject_visit_s02,4.159999847412109,head,freqblimp_curated,., the,-5.130404949188232,-4.255404949188232,-0.875,0
v2|head|causative|overlay_subject_visit_s02_urologist|bad|reply|154,head,causative,bad,reply,urologist,overlay_arg_1_match,overlay_subject_visit_s02,4.5,head,freqblimp_curated,., the,-5.112178325653076,-2.924678325653076,-2.1875,0
v2|head|causative|overlay_subject_visit_s02_urologist|bad|respond|155,head,causative,bad,respond,urologist,overlay_arg_1_match,overlay_subject_visit_s02,4.53000020980835,head,freqblimp_curated,., the,-5.722719192504883,-5.035219192504883,-0.6875,0
v2|head|causative|overlay_subject_visit_s02_urologist|bad|scream|156,head,causative,bad,scream,urologist,overlay_arg_1_match,overlay_subject_visit_s02,4.139999866485596,head,freqblimp_curated,., the,-4.054758071899414,-4.804758071899414,0.75,1
v2|head|causative|overlay_subject_visit_s02_urologist|bad|smile|157,head,causative,bad,smile,urologist,overlay_arg_1_match,overlay_subject_visit_s02,4.639999866485596,head,freqblimp_curated,., the,-3.7054429054260254,-6.142942905426025,2.4375,1
v2|head|causative|overlay_subject_visit_s02_urologist|bad|struggle|158,head,causative,bad,struggle,urologist,overlay_arg_1_match,overlay_subject_visit_s02,4.619999885559082,head,freqblimp_curated,., the,-6.268352508544922,-6.705852508544922,0.4375,1
v2|head|causative|overlay_subject_visit_s02_urologist|bad|testify|159,head,causative,bad,testify,urologist,overlay_arg_1_match,overlay_subject_visit_s02,3.8399999141693115,head,freqblimp_curated,., the,-5.205371856689453,-4.142871856689453,-1.0625,0
v2|head|causative|overlay_subject_visit_s02_urologist|bad|vanish|160,head,causative,bad,vanish,urologist,overlay_arg_1_match,overlay_subject_visit_s02,3.7200000286102295,head,freqblimp_curated,., the,-2.3148751258850098,-3.8148751258850098,1.5,1
v2|head|causative|overlay_subject_check_s00_raftsman|bad|appear|184,head,causative,bad,appear,raftsman,overlay_arg_1_match,overlay_subject_check_s00,4.849999904632568,head,freqblimp_curated,., the,-4.629361152648926,-5.941861152648926,1.3125,1
v2|head|causative|overlay_subject_check_s00_raftsman|bad|arrive|185,head,causative,bad,arrive,raftsman,overlay_arg_1_match,overlay_subject_check_s00,4.380000114440918,head,freqblimp_curated,., the,-4.561913013458252,-6.936913013458252,2.375,1
v2|head|causative|overlay_subject_check_s00_raftsman|bad|boast|186,head,causative,bad,boast,raftsman,overlay_arg_1_match,overlay_subject_check_s00,3.509999990463257,head,freqblimp_curated,., the,-5.6274518966674805,-3.5649516582489014,-2.062500238418579,0
v2|head|causative|overlay_subject_check_s00_raftsman|bad|chat|187,head,causative,bad,chat,raftsman,overlay_arg_1_match,overlay_subject_check_s00,4.570000171661377,head,freqblimp_curated,., the,-7.713370323181152,-6.150870323181152,-1.5625,0
v2|head|causative|overlay_subject_check_s00_raftsman|bad|compete|188,head,causative,bad,compete,raftsman,overlay_arg_1_match,overlay_subject_check_s00,4.389999866485596,head,freqblimp_curated,., the,-6.284304618835449,-5.346804618835449,-0.9375,0
v2|head|causative|overlay_subject_check_s00_raftsman|bad|complain|189,head,causative,bad,complain,raftsman,overlay_arg_1_match,overlay_subject_check_s00,4.230000019073486,head,freqblimp_curated,., the,-4.9730634689331055,-4.9730634689331055,0.0,0
v2|head|causative|overlay_subject_check_s00_raftsman|bad|cough|190,head,causative,bad,cough,raftsman,overlay_arg_1_match,overlay_subject_check_s00,3.950000047683716,head,freqblimp_curated,., the,-3.9051642417907715,-3.5301642417907715,-0.375,0
v2|head|causative|overlay_subject_check_s00_raftsman|bad|cry|191,head,causative,bad,cry,raftsman,overlay_arg_1_match,overlay_subject_check_s00,4.590000152587891,head,freqblimp_curated,., the,-6.280634880065918,-4.593134880065918,-1.6875,0
v2|head|causative|overlay_subject_check_s00_raftsman|bad|die|192,head,causative,bad,die,raftsman,overlay_arg_1_match,overlay_subject_check_s00,5.070000171661377,head,freqblimp_curated,., the,-2.1291723251342773,-4.504172325134277,2.375,1
v2|head|causative|overlay_subject_check_s00_raftsman|bad|disagree|193,head,causative,bad,disagree,raftsman,overlay_arg_1_match,overlay_subject_check_s00,4.090000152587891,head,freqblimp_curated,., the,-5.0489888191223145,-5.4239888191223145,0.375,1
v2|head|causative|overlay_subject_check_s00_raftsman|bad|disappear|194,head,causative,bad,disappear,raftsman,overlay_arg_1_match,overlay_subject_check_s00,4.090000152587891,head,freqblimp_curated,., the,-3.5809760093688965,-5.1434760093688965,1.5625,1
v2|head|causative|overlay_subject_check_s00_raftsman|bad|exist|195,head,causative,bad,exist,raftsman,overlay_arg_1_match,overlay_subject_check_s00,4.730000019073486,head,freqblimp_curated,., the,-3.8543100357055664,-3.9168100357055664,0.0625,1
v2|head|causative|overlay_subject_check_s00_raftsman|bad|laugh|197,head,causative,bad,laugh,raftsman,overlay_arg_1_match,overlay_subject_check_s00,4.659999847412109,head,freqblimp_curated,., the,-3.4818203449249268,-6.106820106506348,2.624999761581421,1
v2|head|causative|overlay_subject_check_s00_raftsman|bad|lie|198,head,causative,bad,lie,raftsman,overlay_arg_1_match,overlay_subject_check_s00,4.840000152587891,head,freqblimp_curated,., the,-6.63355827331543,-4.69605827331543,-1.9375,0
v2|head|causative|overlay_subject_check_s00_raftsman|bad|react|199,head,causative,bad,react,raftsman,overlay_arg_1_match,overlay_subject_check_s00,4.159999847412109,head,freqblimp_curated,., the,-5.819407939910889,-5.069407939910889,-0.75,0
v2|head|causative|overlay_subject_check_s00_raftsman|bad|reply|200,head,causative,bad,reply,raftsman,overlay_arg_1_match,overlay_subject_check_s00,4.5,head,freqblimp_curated,., the,-5.549979209899902,-4.674979209899902,-0.875,0
v2|head|causative|overlay_subject_check_s00_raftsman|bad|respond|201,head,causative,bad,respond,raftsman,overlay_arg_1_match,overlay_subject_check_s00,4.53000020980835,head,freqblimp_curated,., the,-5.838100433349609,-6.088100433349609,0.25,1
v2|head|causative|overlay_subject_check_s00_raftsman|bad|scream|202,head,causative,bad,scream,raftsman,overlay_arg_1_match,overlay_subject_check_s00,4.139999866485596,head,freqblimp_curated,., the,-4.472689151763916,-4.160189151763916,-0.3125,0
v2|head|causative|overlay_subject_check_s00_raftsman|bad|smile|203,head,causative,bad,smile,raftsman,overlay_arg_1_match,overlay_subject_check_s00,4.639999866485596,head,freqblimp_curated,., the,-4.124991416931152,-5.937491416931152,1.8125,1
v2|head|causative|overlay_subject_check_s00_raftsman|bad|struggle|204,head,causative,bad,struggle,raftsman,overlay_arg_1_match,overlay_subject_check_s00,4.619999885559082,head,freqblimp_curated,., the,-5.957486629486084,-6.082486629486084,0.125,1
v2|head|causative|overlay_subject_check_s00_raftsman|bad|testify|205,head,causative,bad,testify,raftsman,overlay_arg_1_match,overlay_subject_check_s00,3.8399999141693115,head,freqblimp_curated,., the,-5.487903594970703,-4.737903594970703,-0.75,0
v2|head|causative|overlay_subject_check_s00_raftsman|bad|vanish|206,head,causative,bad,vanish,raftsman,overlay_arg_1_match,overlay_subject_check_s00,3.7200000286102295,head,freqblimp_curated,., the,-2.8090293407440186,-3.9965293407440186,1.1875,1
v2|head|causative|overlay_subject_check_s03_ragsorter|bad|appear|253,head,causative,bad,appear,ragsorter,overlay_arg_1_match,overlay_subject_check_s03,4.849999904632568,head,freqblimp_curated,., the,-4.062368392944336,-5.187368392944336,1.125,1
v2|head|causative|overlay_subject_check_s03_ragsorter|bad|arrive|254,head,causative,bad,arrive,ragsorter,overlay_arg_1_match,overlay_subject_check_s03,4.380000114440918,head,freqblimp_curated,., the,-4.734981536865234,-6.734981536865234,2.0,1
v2|head|causative|overlay_subject_check_s03_ragsorter|bad|boast|255,head,causative,bad,boast,ragsorter,overlay_arg_1_match,overlay_subject_check_s03,3.509999990463257,head,freqblimp_curated,., the,-5.551985740661621,-2.9269859790802,-2.624999761581421,0
v2|head|causative|overlay_subject_check_s03_ragsorter|bad|chat|256,head,causative,bad,chat,ragsorter,overlay_arg_1_match,overlay_subject_check_s03,4.570000171661377,head,freqblimp_curated,., the,-5.851597309112549,-5.664097309112549,-0.1875,0
v2|head|causative|overlay_subject_check_s03_ragsorter|bad|compete|257,head,causative,bad,compete,ragsorter,overlay_arg_1_match,overlay_subject_check_s03,4.389999866485596,head,freqblimp_curated,., the,-6.126114368438721,-5.626114368438721,-0.5,0
v2|head|causative|overlay_subject_check_s03_ragsorter|bad|complain|258,head,causative,bad,complain,ragsorter,overlay_arg_1_match,overlay_subject_check_s03,4.230000019073486,head,freqblimp_curated,., the,-4.690166473388672,-4.690166473388672,0.0,0
v2|head|causative|overlay_subject_check_s03_ragsorter|bad|cough|259,head,causative,bad,cough,ragsorter,overlay_arg_1_match,overlay_subject_check_s03,3.950000047683716,head,freqblimp_curated,., the,-3.3816781044006348,-4.006678104400635,0.625,1
v2|head|causative|overlay_subject_check_s03_ragsorter|bad|cry|260,head,causative,bad,cry,ragsorter,overlay_arg_1_match,overlay_subject_check_s03,4.590000152587891,head,freqblimp_curated,., the,-4.559906005859375,-4.434906005859375,-0.125,0
v2|head|causative|overlay_subject_check_s03_ragsorter|bad|die|261,head,causative,bad,die,ragsorter,overlay_arg_1_match,overlay_subject_check_s03,5.070000171661377,head,freqblimp_curated,., the,-1.9876456260681152,-4.237645626068115,2.25,1
v2|head|causative|overlay_subject_check_s03_ragsorter|bad|disagree|262,head,causative,bad,disagree,ragsorter,overlay_arg_1_match,overlay_subject_check_s03,4.090000152587891,head,freqblimp_curated,., the,-4.650079727172852,-5.275079727172852,0.625,1
v2|head|causative|overlay_subject_check_s03_ragsorter|bad|disappear|263,head,causative,bad,disappear,ragsorter,overlay_arg_1_match,overlay_subject_check_s03,4.090000152587891,head,freqblimp_curated,., the,-3.2128334045410156,-4.775333404541016,1.5625,1
v2|head|causative|overlay_subject_check_s03_ragsorter|bad|exist|264,head,causative,bad,exist,ragsorter,overlay_arg_1_match,overlay_subject_check_s03,4.730000019073486,head,freqblimp_curated,., the,-3.478212356567383,-3.353212356567383,-0.125,0
v2|head|causative|overlay_subject_check_s03_ragsorter|bad|laugh|266,head,causative,bad,laugh,ragsorter,overlay_arg_1_match,overlay_subject_check_s03,4.659999847412109,head,freqblimp_curated,., the,-3.129253387451172,-6.066753387451172,2.9375,1
v2|head|causative|overlay_subject_check_s03_ragsorter|bad|lie|267,head,causative,bad,lie,ragsorter,overlay_arg_1_match,overlay_subject_check_s03,4.840000152587891,head,freqblimp_curated,., the,-6.33247709274292,-4.51997709274292,-1.8125,0
v2|head|causative|overlay_subject_check_s03_ragsorter|bad|react|268,head,causative,bad,react,ragsorter,overlay_arg_1_match,overlay_subject_check_s03,4.159999847412109,head,freqblimp_curated,., the,-5.423677444458008,-5.111177444458008,-0.3125,0
v2|head|causative|overlay_subject_check_s03_ragsorter|bad|reply|269,head,causative,bad,reply,ragsorter,overlay_arg_1_match,overlay_subject_check_s03,4.5,head,freqblimp_curated,., the,-5.133117198944092,-3.945617198944092,-1.1875,0
v2|head|causative|overlay_subject_check_s03_ragsorter|bad|respond|270,head,causative,bad,respond,ragsorter,overlay_arg_1_match,overlay_subject_check_s03,4.53000020980835,head,freqblimp_curated,., the,-5.131195545196533,-5.193695545196533,0.0625,1
v2|head|causative|overlay_subject_check_s03_ragsorter|bad|scream|271,head,causative,bad,scream,ragsorter,overlay_arg_1_match,overlay_subject_check_s03,4.139999866485596,head,freqblimp_curated,., the,-3.6982274055480957,-4.260727405548096,0.5625,1
v2|head|causative|overlay_subject_check_s03_ragsorter|bad|smile|272,head,causative,bad,smile,ragsorter,overlay_arg_1_match,overlay_subject_check_s03,4.639999866485596,head,freqblimp_curated,., the,-3.688230037689209,-5.875730037689209,2.1875,1
v2|head|causative|overlay_subject_check_s03_ragsorter|bad|struggle|273,head,causative,bad,struggle,ragsorter,overlay_arg_1_match,overlay_subject_check_s03,4.619999885559082,head,freqblimp_curated,., the,-5.119863510131836,-6.119863510131836,1.0,1
v2|head|causative|overlay_subject_check_s03_ragsorter|bad|testify|274,head,causative,bad,testify,ragsorter,overlay_arg_1_match,overlay_subject_check_s03,3.8399999141693115,head,freqblimp_curated,., the,-4.7281060218811035,-4.3531060218811035,-0.375,0
v2|head|causative|overlay_subject_check_s03_ragsorter|bad|vanish|275,head,causative,bad,vanish,ragsorter,overlay_arg_1_match,overlay_subject_check_s03,3.7200000286102295,head,freqblimp_curated,., the,-2.753023862838745,-4.065524101257324,1.312500238418579,1
v2|head|causative|overlay_subject_trial_s02_neuroscientist|bad|appear|414,head,causative,bad,appear,neuroscientist,overlay_arg_1_match,overlay_subject_trial_s02,4.849999904632568,head,freqblimp_curated,., the,-5.712296009063721,-7.149796009063721,1.4375,1
v2|head|causative|overlay_subject_trial_s02_neuroscientist|bad|arrive|415,head,causative,bad,arrive,neuroscientist,overlay_arg_1_match,overlay_subject_trial_s02,4.380000114440918,head,freqblimp_curated,., the,-6.25551176071167,-5.94301176071167,-0.3125,0
v2|head|causative|overlay_subject_trial_s02_neuroscientist|bad|boast|416,head,causative,bad,boast,neuroscientist,overlay_arg_1_match,overlay_subject_trial_s02,3.509999990463257,head,freqblimp_curated,., the,-6.428091049194336,-3.490590810775757,-2.937500238418579,0
v2|head|causative|overlay_subject_trial_s02_neuroscientist|bad|chat|417,head,causative,bad,chat,neuroscientist,overlay_arg_1_match,overlay_subject_trial_s02,4.570000171661377,head,freqblimp_curated,., the,-8.570171356201172,-6.75767183303833,-1.8124995231628418,0
v2|head|causative|overlay_subject_trial_s02_neuroscientist|bad|compete|418,head,causative,bad,compete,neuroscientist,overlay_arg_1_match,overlay_subject_trial_s02,4.389999866485596,head,freqblimp_curated,., the,-7.934961318969727,-4.684961318969727,-3.25,0
v2|head|causative|overlay_subject_trial_s02_neuroscientist|bad|complain|419,head,causative,bad,complain,neuroscientist,overlay_arg_1_match,overlay_subject_trial_s02,4.230000019073486,head,freqblimp_curated,., the,-5.390143871307373,-4.765143871307373,-0.625,0
v2|head|causative|overlay_subject_trial_s02_neuroscientist|bad|cough|420,head,causative,bad,cough,neuroscientist,overlay_arg_1_match,overlay_subject_trial_s02,3.950000047683716,head,freqblimp_curated,., the,-4.893896579742432,-3.5188965797424316,-1.375,0
v2|head|causative|overlay_subject_trial_s02_neuroscientist|bad|cry|421,head,causative,bad,cry,neuroscientist,overlay_arg_1_match,overlay_subject_trial_s02,4.590000152587891,head,freqblimp_curated,., the,-4.300588130950928,-4.550588130950928,0.25,1
v2|head|causative|overlay_subject_trial_s02_neuroscientist|bad|die|422,head,causative,bad,die,neuroscientist,overlay_arg_1_match,overlay_subject_trial_s02,5.070000171661377,head,freqblimp_curated,., the,-1.9774771928787231,-4.227477073669434,2.25,1
v2|head|causative|overlay_subject_trial_s02_neuroscientist|bad|disagree|423,head,causative,bad,disagree,neuroscientist,overlay_arg_1_match,overlay_subject_trial_s02,4.090000152587891,head,freqblimp_curated,., the,-3.9690728187561035,-7.0940728187561035,3.125,1
v2|head|causative|overlay_subject_trial_s02_neuroscientist|bad|disappear|424,head,causative,bad,disappear,neuroscientist,overlay_arg_1_match,overlay_subject_trial_s02,4.090000152587891,head,freqblimp_curated,., the,-2.763179302215576,-4.450679302215576,1.6875,1
v2|head|causative|overlay_subject_trial_s02_neuroscientist|bad|exist|425,head,causative,bad,exist,neuroscientist,overlay_arg_1_match,overlay_subject_trial_s02,4.730000019073486,head,freqblimp_curated,., the,-4.647162914276123,-5.522162914276123,0.875,1
v2|head|causative|overlay_subject_trial_s02_neuroscientist|bad|laugh|427,head,causative,bad,laugh,neuroscientist,overlay_arg_1_match,overlay_subject_trial_s02,4.659999847412109,head,freqblimp_curated,., the,-4.003945350646973,-5.128945350646973,1.125,1
v2|head|causative|overlay_subject_trial_s02_neuroscientist|bad|lie|428,head,causative,bad,lie,neuroscientist,overlay_arg_1_match,overlay_subject_trial_s02,4.840000152587891,head,freqblimp_curated,., the,-3.3511950969696045,-5.913695335388184,2.562500238418579,1
v2|head|causative|overlay_subject_trial_s02_neuroscientist|bad|react|429,head,causative,bad,react,neuroscientist,overlay_arg_1_match,overlay_subject_trial_s02,4.159999847412109,head,freqblimp_curated,., the,-6.74906063079834,-5.74906063079834,-1.0,0
v2|head|causative|overlay_subject_trial_s02_neuroscientist|bad|reply|430,head,causative,bad,reply,neuroscientist,overlay_arg_1_match,overlay_subject_trial_s02,4.5,head,freqblimp_curated,., the,-4.642938613891602,-4.892938613891602,0.25,1
v2|head|causative|overlay_subject_trial_s02_neuroscientist|bad|respond|431,head,causative,bad,respond,neuroscientist,overlay_arg_1_match,overlay_subject_trial_s02,4.53000020980835,head,freqblimp_curated,., the,-4.965645790100098,-6.153145790100098,1.1875,1
v2|head|causative|overlay_subject_trial_s02_neuroscientist|bad|scream|432,head,causative,bad,scream,neuroscientist,overlay_arg_1_match,overlay_subject_trial_s02,4.139999866485596,head,freqblimp_curated,., the,-4.196920394897461,-4.384420394897461,0.1875,1
v2|head|causative|overlay_subject_trial_s02_neuroscientist|bad|smile|433,head,causative,bad,smile,neuroscientist,overlay_arg_1_match,overlay_subject_trial_s02,4.639999866485596,head,freqblimp_curated,., the,-4.567756652832031,-5.692756652832031,1.125,1
v2|head|causative|overlay_subject_trial_s02_neuroscientist|bad|struggle|434,head,causative,bad,struggle,neuroscientist,overlay_arg_1_match,overlay_subject_trial_s02,4.619999885559082,head,freqblimp_curated,., the,-6.425958633422852,-7.675958633422852,1.25,1
v2|head|causative|overlay_subject_trial_s02_neuroscientist|bad|testify|435,head,causative,bad,testify,neuroscientist,overlay_arg_1_match,overlay_subject_trial_s02,3.8399999141693115,head,freqblimp_curated,., the,-6.547105312347412,-6.172105312347412,-0.375,0
v2|head|causative|overlay_subject_trial_s02_neuroscientist|bad|vanish|436,head,causative,bad,vanish,neuroscientist,overlay_arg_1_match,overlay_subject_trial_s02,3.7200000286102295,head,freqblimp_curated,., the,-2.7472116947174072,-4.059711456298828,1.312499761581421,1
v2|head|causative|overlay_subject_trial_s03_neurosurgeon|bad|appear|437,head,causative,bad,appear,neurosurgeon,overlay_arg_1_match,overlay_subject_trial_s03,4.849999904632568,head,freqblimp_curated,., the,-4.905416488647461,-6.967916488647461,2.0625,1
v2|head|causative|overlay_subject_trial_s03_neurosurgeon|bad|arrive|438,head,causative,bad,arrive,neurosurgeon,overlay_arg_1_match,overlay_subject_trial_s03,4.380000114440918,head,freqblimp_curated,., the,-4.894735336303711,-5.707235336303711,0.8125,1
v2|head|causative|overlay_subject_trial_s03_neurosurgeon|bad|boast|439,head,causative,bad,boast,neurosurgeon,overlay_arg_1_match,overlay_subject_trial_s03,3.509999990463257,head,freqblimp_curated,., the,-5.867594242095947,-3.8050942420959473,-2.0625,0
v2|head|causative|overlay_subject_trial_s03_neurosurgeon|bad|chat|440,head,causative,bad,chat,neurosurgeon,overlay_arg_1_match,overlay_subject_trial_s03,4.570000171661377,head,freqblimp_curated,., the,-9.01447582244873,-6.201975345611572,-2.812500476837158,0
v2|head|causative|overlay_subject_trial_s03_neurosurgeon|bad|compete|441,head,causative,bad,compete,neurosurgeon,overlay_arg_1_match,overlay_subject_trial_s03,4.389999866485596,head,freqblimp_curated,., the,-7.043140411376953,-5.168140411376953,-1.875,0
v2|head|causative|overlay_subject_trial_s03_neurosurgeon|bad|complain|442,head,causative,bad,complain,neurosurgeon,overlay_arg_1_match,overlay_subject_trial_s03,4.230000019073486,head,freqblimp_curated,., the,-5.7919416427612305,-4.8544416427612305,-0.9375,0
v2|head|causative|overlay_subject_trial_s03_neurosurgeon|bad|cough|443,head,causative,bad,cough,neurosurgeon,overlay_arg_1_match,overlay_subject_trial_s03,3.950000047683716,head,freqblimp_curated,., the,-5.163387298583984,-2.7883875370025635,-2.374999761581421,0
v2|head|causative|overlay_subject_trial_s03_neurosurgeon|bad|cry|444,head,causative,bad,cry,neurosurgeon,overlay_arg_1_match,overlay_subject_trial_s03,4.590000152587891,head,freqblimp_curated,., the,-7.819497585296631,-5.131997585296631,-2.6875,0
v2|head|causative|overlay_subject_trial_s03_neurosurgeon|bad|die|445,head,causative,bad,die,neurosurgeon,overlay_arg_1_match,overlay_subject_trial_s03,5.070000171661377,head,freqblimp_curated,., the,-1.8846263885498047,-4.447126388549805,2.5625,1
v2|head|causative|overlay_subject_trial_s03_neurosurgeon|bad|disagree|446,head,causative,bad,disagree,neurosurgeon,overlay_arg_1_match,overlay_subject_trial_s03,4.090000152587891,head,freqblimp_curated,., the,-4.567160129547119,-6.817160129547119,2.25,1
v2|head|causative|overlay_subject_trial_s03_neurosurgeon|bad|disappear|447,head,causative,bad,disappear,neurosurgeon,overlay_arg_1_match,overlay_subject_trial_s03,4.090000152587891,head,freqblimp_curated,., the,-2.6321141719818115,-4.632114410400391,2.000000238418579,1
v2|head|causative|overlay_subject_trial_s03_neurosurgeon|bad|exist|448,head,causative,bad,exist,neurosurgeon,overlay_arg_1_match,overlay_subject_trial_s03,4.730000019073486,head,freqblimp_curated,., the,-3.8469154834747314,-4.659415245056152,0.8124997615814209,1
v2|head|causative|overlay_subject_trial_s03_neurosurgeon|bad|laugh|450,head,causative,bad,laugh,neurosurgeon,overlay_arg_1_match,overlay_subject_trial_s03,4.659999847412109,head,freqblimp_curated,., the,-3.9178459644317627,-5.480345726013184,1.562499761581421,1
v2|head|causative|overlay_subject_trial_s03_neurosurgeon|bad|lie|451,head,causative,bad,lie,neurosurgeon,overlay_arg_1_match,overlay_subject_trial_s03,4.840000152587891,head,freqblimp_curated,., the,-5.806921482086182,-5.431921482086182,-0.375,0
v2|head|causative|overlay_subject_trial_s03_neurosurgeon|bad|react|452,head,causative,bad,react,neurosurgeon,overlay_arg_1_match,overlay_subject_trial_s03,4.159999847412109,head,freqblimp_curated,., the,-6.653164386749268,-4.715664386749268,-1.9375,0
v2|head|causative|overlay_subject_trial_s03_neurosurgeon|bad|reply|453,head,causative,bad,reply,neurosurgeon,overlay_arg_1_match,overlay_subject_trial_s03,4.5,head,freqblimp_curated,., the,-4.999950408935547,-3.499950408935547,-1.5,0
v2|head|causative|overlay_subject_trial_s03_neurosurgeon|bad|respond|454,head,causative,bad,respond,neurosurgeon,overlay_arg_1_match,overlay_subject_trial_s03,4.53000020980835,head,freqblimp_curated,., the,-5.22711181640625,-5.35211181640625,0.125,1
v2|head|causative|overlay_subject_trial_s03_neurosurgeon|bad|scream|455,head,causative,bad,scream,neurosurgeon,overlay_arg_1_match,overlay_subject_trial_s03,4.139999866485596,head,freqblimp_curated,., the,-4.210481643676758,-4.585481643676758,0.375,1
v2|head|causative|overlay_subject_trial_s03_neurosurgeon|bad|smile|456,head,causative,bad,smile,neurosurgeon,overlay_arg_1_match,overlay_subject_trial_s03,4.639999866485596,head,freqblimp_curated,., the,-4.432425498962402,-5.432425498962402,1.0,1
v2|head|causative|overlay_subject_trial_s03_neurosurgeon|bad|struggle|457,head,causative,bad,struggle,neurosurgeon,overlay_arg_1_match,overlay_subject_trial_s03,4.619999885559082,head,freqblimp_curated,., the,-6.036734104156494,-7.099234104156494,1.0625,1
v2|head|causative|overlay_subject_trial_s03_neurosurgeon|bad|testify|458,head,causative,bad,testify,neurosurgeon,overlay_arg_1_match,overlay_subject_trial_s03,3.8399999141693115,head,freqblimp_curated,., the,-6.251119613647461,-5.438619613647461,-0.8125,0
v2|head|causative|overlay_subject_trial_s03_neurosurgeon|bad|vanish|459,head,causative,bad,vanish,neurosurgeon,overlay_arg_1_match,overlay_subject_trial_s03,3.7200000286102295,head,freqblimp_curated,., the,-2.42521071434021,-3.86271071434021,1.4375,1
v2|head|causative|overlay_subject_visit_s02_urologist|good|accelerate|658,head,causative,good,accelerate,urologist,overlay_arg_1_match,overlay_subject_visit_s02,3.6600000858306885,head,freqblimp_curated, the,.,-0.3347773253917694,-9.459776878356934,9.125,1
v2|head|causative|overlay_subject_visit_s02_urologist|good|awaken|659,head,causative,good,awaken,urologist,overlay_arg_1_match,overlay_subject_visit_s02,3.7200000286102295,head,freqblimp_curated, the,.,-1.0158318281173706,-6.82833194732666,5.8125,1
v2|head|causative|overlay_subject_visit_s02_urologist|good|bake|660,head,causative,good,bake,urologist,overlay_arg_1_match,overlay_subject_visit_s02,3.9100000858306885,head,freqblimp_curated, the,.,-1.9971050024032593,-8.34085464477539,6.343749523162842,1
v2|head|causative|overlay_subject_visit_s02_urologist|good|benefit|661,head,causative,good,benefit,urologist,overlay_arg_1_match,overlay_subject_visit_s02,4.820000171661377,head,freqblimp_curated, the,.,-4.538130283355713,-6.475630283355713,1.9375,1
v2|head|causative|overlay_subject_visit_s02_urologist|good|burn|662,head,causative,good,burn,urologist,overlay_arg_1_match,overlay_subject_visit_s02,4.53000020980835,head,freqblimp_curated, the,.,-1.2207900285720825,-9.033289909362793,7.8125,1
v2|head|causative|overlay_subject_visit_s02_urologist|good|change|663,head,causative,good,change,urologist,overlay_arg_1_match,overlay_subject_visit_s02,4.760000228881836,head,freqblimp_curated, the,.,-0.3922610878944397,-8.204761505126953,7.812500476837158,1
v2|head|causative|overlay_subject_visit_s02_urologist|good|chip|664,head,causative,good,chip,urologist,overlay_arg_1_match,overlay_subject_visit_s02,4.309999942779541,head,freqblimp_curated, the,.,-1.9583826065063477,-7.708382606506348,5.75,1
v2|head|causative|overlay_subject_visit_s02_urologist|good|close|665,head,causative,good,close,urologist,overlay_arg_1_match,overlay_subject_visit_s02,5.360000133514404,head,freqblimp_curated, the,.,-0.33957016468048096,-7.402070045471191,7.0625,1
v2|head|causative|overlay_subject_visit_s02_urologist|good|crack|666,head,causative,good,crack,urologist,overlay_arg_1_match,overlay_subject_visit_s02,4.409999847412109,head,freqblimp_curated, the,.,-1.1066128015518188,-8.731613159179688,7.625000476837158,1
v2|head|causative|overlay_subject_visit_s02_urologist|good|crash|667,head,causative,good,crash,urologist,overlay_arg_1_match,overlay_subject_visit_s02,4.550000190734863,head,freqblimp_curated, the,.,-1.320134162902832,-4.820134162902832,3.5,1
v2|head|causative|overlay_subject_visit_s02_urologist|good|dim|668,head,causative,good,dim,urologist,overlay_arg_1_match,overlay_subject_visit_s02,3.619999885559082,head,freqblimp_curated, the,.,-0.6716938614845276,-6.546693801879883,5.875,1
v2|head|causative|overlay_subject_visit_s02_urologist|good|drop|669,head,causative,good,drop,urologist,overlay_arg_1_match,overlay_subject_visit_s02,4.989999771118164,head,freqblimp_curated, the,.,-2.2084150314331055,-11.020915031433105,8.8125,1
v2|head|causative|overlay_subject_visit_s02_urologist|good|dry|670,head,causative,good,dry,urologist,overlay_arg_1_match,overlay_subject_visit_s02,4.739999771118164,head,freqblimp_curated, the,.,-0.7874801158905029,-8.287480354309082,7.5,1
v2|head|causative|overlay_subject_visit_s02_urologist|good|fade|671,head,causative,good,fade,urologist,overlay_arg_1_match,overlay_subject_visit_s02,3.859999895095825,head,freqblimp_curated, the,.,-2.085437774658203,-5.397937774658203,3.3125,1
v2|head|causative|overlay_subject_visit_s02_urologist|good|fold|672,head,causative,good,fold,urologist,overlay_arg_1_match,overlay_subject_visit_s02,4.079999923706055,head,freqblimp_curated, the,.,-0.9904946088790894,-7.865494728088379,6.875,1
v2|head|causative|overlay_subject_visit_s02_urologist|good|freeze|673,head,causative,good,freeze,urologist,overlay_arg_1_match,overlay_subject_visit_s02,4.110000133514404,head,freqblimp_curated, the,.,-0.546629786491394,-7.859129905700684,7.3125,1
v2|head|causative|overlay_subject_visit_s02_urologist|good|grow|674,head,causative,good,grow,urologist,overlay_arg_1_match,overlay_subject_visit_s02,4.900000095367432,head,freqblimp_curated, the,.,-2.4815876483917236,-8.637837409973145,6.15625,1
v2|head|causative|overlay_subject_visit_s02_urologist|good|melt|675,head,causative,good,melt,urologist,overlay_arg_1_match,overlay_subject_visit_s02,3.9600000381469727,head,freqblimp_curated, the,.,-1.3007899522781372,-6.925789833068848,5.625,1
v2|head|causative|overlay_subject_visit_s02_urologist|good|move|676,head,causative,good,move,urologist,overlay_arg_1_match,overlay_subject_visit_s02,5.349999904632568,head,freqblimp_curated, the,.,-1.5205427408218384,-8.614293098449707,7.093750476837158,1
v2|head|causative|overlay_subject_visit_s02_urologist|good|open|677,head,causative,good,open,urologist,overlay_arg_1_match,overlay_subject_visit_s02,5.480000019073486,head,freqblimp_curated, the,.,-0.7440624237060547,-9.119062423706055,8.375,1
v2|head|causative|overlay_subject_visit_s02_urologist|good|roll|678,head,causative,good,roll,urologist,overlay_arg_1_match,overlay_subject_visit_s02,4.75,head,freqblimp_curated, the,.,-1.5914863348007202,-9.466485977172852,7.874999523162842,1
v2|head|causative|overlay_subject_visit_s02_urologist|good|shrink|680,head,causative,good,shrink,urologist,overlay_arg_1_match,overlay_subject_visit_s02,3.7300000190734863,head,freqblimp_curated, the,.,-0.6128380298614502,-7.425337791442871,6.8125,1
v2|head|causative|overlay_subject_visit_s02_urologist|good|shut|681,head,causative,good,shut,urologist,overlay_arg_1_match,overlay_subject_visit_s02,4.78000020980835,head,freqblimp_curated, the,.,-1.4351696968078613,-8.841419219970703,7.406249523162842,1
v2|head|causative|overlay_subject_visit_s02_urologist|good|slow|682,head,causative,good,slow,urologist,overlay_arg_1_match,overlay_subject_visit_s02,4.849999904632568,head,freqblimp_curated, the,.,-1.223055124282837,-8.816804885864258,7.59375,1
v2|head|causative|overlay_subject_visit_s02_urologist|good|soak|683,head,causative,good,soak,urologist,overlay_arg_1_match,overlay_subject_visit_s02,3.609999895095825,head,freqblimp_curated, the,.,-1.191210389137268,-9.409960746765137,8.21875,1
v2|head|causative|overlay_subject_visit_s02_urologist|good|stop|684,head,causative,good,stop,urologist,overlay_arg_1_match,overlay_subject_visit_s02,4.400000095367432,head,freqblimp_curated, the,.,-1.6298420429229736,-7.5673418045043945,5.9375,1
v2|head|causative|overlay_subject_visit_s02_urologist|good|stretch|685,head,causative,good,stretch,urologist,overlay_arg_1_match,overlay_subject_visit_s02,4.349999904632568,head,freqblimp_curated, the,.,-0.8792428970336914,-7.129242897033691,6.25,1
v2|head|causative|overlay_subject_visit_s02_urologist|good|turn|687,head,causative,good,turn,urologist,overlay_arg_1_match,overlay_subject_visit_s02,5.320000171661377,head,freqblimp_curated, the,.,-1.1536095142364502,-10.184859275817871,9.03125,1
v2|head|causative|overlay_subject_visit_s02_urologist|good|twist|688,head,causative,good,twist,urologist,overlay_arg_1_match,overlay_subject_visit_s02,4.21999979019165,head,freqblimp_curated, the,.,-0.8534234762191772,-8.259673118591309,7.406249523162842,1
v2|head|causative|overlay_subject_visit_s02_urologist|good|warp|689,head,causative,good,warp,urologist,overlay_arg_1_match,overlay_subject_visit_s02,3.630000114440918,head,freqblimp_curated, the,.,-1.230830430984497,-6.668330192565918,5.4375,1
v2|head|causative|overlay_subject_visit_s02_urologist|good|worry|690,head,causative,good,worry,urologist,overlay_arg_1_match,overlay_subject_visit_s02,4.840000152587891,head,freqblimp_curated, the,.,-4.387361526489258,-5.074861526489258,0.6875,1
v2|head|causative|overlay_subject_check_s00_raftsman|good|accelerate|724,head,causative,good,accelerate,raftsman,overlay_arg_1_match,overlay_subject_check_s00,3.6600000858306885,head,freqblimp_curated, the,.,-0.8377414345741272,-6.025241374969482,5.1875,1
v2|head|causative|overlay_subject_check_s00_raftsman|good|awaken|725,head,causative,good,awaken,raftsman,overlay_arg_1_match,overlay_subject_check_s00,3.7200000286102295,head,freqblimp_curated, the,.,-1.1383239030838013,-5.325823783874512,4.1875,1
v2|head|causative|overlay_subject_check_s00_raftsman|good|bake|726,head,causative,good,bake,raftsman,overlay_arg_1_match,overlay_subject_check_s00,3.9100000858306885,head,freqblimp_curated, the,.,-1.2253010272979736,-7.3503007888793945,6.125,1
v2|head|causative|overlay_subject_check_s00_raftsman|good|benefit|727,head,causative,good,benefit,raftsman,overlay_arg_1_match,overlay_subject_check_s00,4.820000171661377,head,freqblimp_curated, the,.,-3.9960896968841553,-5.496089458465576,1.499999761581421,1
v2|head|causative|overlay_subject_check_s00_raftsman|good|burn|728,head,causative,good,burn,raftsman,overlay_arg_1_match,overlay_subject_check_s00,4.53000020980835,head,freqblimp_curated, the,.,-1.5553733110427856,-9.055373191833496,7.5,1
v2|head|causative|overlay_subject_check_s00_raftsman|good|change|729,head,causative,good,change,raftsman,overlay_arg_1_match,overlay_subject_check_s00,4.760000228881836,head,freqblimp_curated, the,.,-0.967805027961731,-7.217804908752441,6.25,1
v2|head|causative|overlay_subject_check_s00_raftsman|good|chip|730,head,causative,good,chip,raftsman,overlay_arg_1_match,overlay_subject_check_s00,4.309999942779541,head,freqblimp_curated, the,.,-1.8437690734863281,-7.468769073486328,5.625,1
v2|head|causative|overlay_subject_check_s00_raftsman|good|close|731,head,causative,good,close,raftsman,overlay_arg_1_match,overlay_subject_check_s00,5.360000133514404,head,freqblimp_curated, the,.,-0.6646713018417358,-9.414670944213867,8.75,1
v2|head|causative|overlay_subject_check_s00_raftsman|good|crack|732,head,causative,good,crack,raftsman,overlay_arg_1_match,overlay_subject_check_s00,4.409999847412109,head,freqblimp_curated, the,.,-0.9708718061447144,-9.377121925354004,8.40625,1
v2|head|causative|overlay_subject_check_s00_raftsman|good|crash|733,head,causative,good,crash,raftsman,overlay_arg_1_match,overlay_subject_check_s00,4.550000190734863,head,freqblimp_curated, the,.,-1.209378719329834,-6.584378719329834,5.375,1
v2|head|causative|overlay_subject_check_s00_raftsman|good|dim|734,head,causative,good,dim,raftsman,overlay_arg_1_match,overlay_subject_check_s00,3.619999885559082,head,freqblimp_curated, the,.,-0.49847644567489624,-7.935976505279541,7.4375,1
v2|head|causative|overlay_subject_check_s00_raftsman|good|drop|735,head,causative,good,drop,raftsman,overlay_arg_1_match,overlay_subject_check_s00,4.989999771118164,head,freqblimp_curated, the,.,-1.474302887916565,-9.911803245544434,8.4375,1
v2|head|causative|overlay_subject_check_s00_raftsman|good|dry|736,head,causative,good,dry,raftsman,overlay_arg_1_match,overlay_subject_check_s00,4.739999771118164,head,freqblimp_curated, the,.,-1.1573148965835571,-7.907314777374268,6.75,1
v2|head|causative|overlay_subject_check_s00_raftsman|good|fade|737,head,causative,good,fade,raftsman,overlay_arg_1_match,overlay_subject_check_s00,3.859999895095825,head,freqblimp_curated, the,.,-1.461525559425354,-6.3990254402160645,4.9375,1
v2|head|causative|overlay_subject_check_s00_raftsman|good|fold|738,head,causative,good,fold,raftsman,overlay_arg_1_match,overlay_subject_check_s00,4.079999923706055,head,freqblimp_curated, the,.,-1.0008330345153809,-8.375833511352539,7.375000476837158,1
v2|head|causative|overlay_subject_check_s00_raftsman|good|freeze|739,head,causative,good,freeze,raftsman,overlay_arg_1_match,overlay_subject_check_s00,4.110000133514404,head,freqblimp_curated, the,.,-0.8097610473632812,-6.872261047363281,6.0625,1
v2|head|causative|overlay_subject_check_s00_raftsman|good|grow|740,head,causative,good,grow,raftsman,overlay_arg_1_match,overlay_subject_check_s00,4.900000095367432,head,freqblimp_curated, the,.,-3.614896774291992,-8.114896774291992,4.5,1
v2|head|causative|overlay_subject_check_s00_raftsman|good|melt|741,head,causative,good,melt,raftsman,overlay_arg_1_match,overlay_subject_check_s00,3.9600000381469727,head,freqblimp_curated, the,.,-0.9732927083969116,-8.879542350769043,7.906249523162842,1
v2|head|causative|overlay_subject_check_s00_raftsman|good|move|742,head,causative,good,move,raftsman,overlay_arg_1_match,overlay_subject_check_s00,5.349999904632568,head,freqblimp_curated, the,.,-0.9714052677154541,-8.940155029296875,7.96875,1
v2|head|causative|overlay_subject_check_s00_raftsman|good|open|743,head,causative,good,open,raftsman,overlay_arg_1_match,overlay_subject_check_s00,5.480000019073486,head,freqblimp_curated, the,.,-0.6624823808670044,-10.537482261657715,9.875,1
v2|head|causative|overlay_subject_check_s00_raftsman|good|roll|744,head,causative,good,roll,raftsman,overlay_arg_1_match,overlay_subject_check_s00,4.75,head,freqblimp_curated, the,.,-1.0239956378936768,-9.398995399475098,8.375,1
v2|head|causative|overlay_subject_check_s00_raftsman|good|shrink|746,head,causative,good,shrink,raftsman,overlay_arg_1_match,overlay_subject_check_s00,3.7300000190734863,head,freqblimp_curated, the,.,-0.8602861166000366,-6.672786235809326,5.8125,1
v2|head|causative|overlay_subject_check_s00_raftsman|good|shut|747,head,causative,good,shut,raftsman,overlay_arg_1_match,overlay_subject_check_s00,4.78000020980835,head,freqblimp_curated, the,.,-1.1275209188461304,-10.096270561218262,8.96875,1
v2|head|causative|overlay_subject_check_s00_raftsman|good|slow|748,head,causative,good,slow,raftsman,overlay_arg_1_match,overlay_subject_check_s00,4.849999904632568,head,freqblimp_curated, the,.,-1.3353180885314941,-8.522817611694336,7.187499523162842,1
v2|head|causative|overlay_subject_check_s00_raftsman|good|soak|749,head,causative,good,soak,raftsman,overlay_arg_1_match,overlay_subject_check_s00,3.609999895095825,head,freqblimp_curated, the,.,-1.072590708732605,-9.635090827941895,8.5625,1
v2|head|causative|overlay_subject_check_s00_raftsman|good|stop|750,head,causative,good,stop,raftsman,overlay_arg_1_match,overlay_subject_check_s00,4.400000095367432,head,freqblimp_curated, the,.,-1.0293233394622803,-6.404323577880859,5.375,1
v2|head|causative|overlay_subject_check_s00_raftsman|good|stretch|751,head,causative,good,stretch,raftsman,overlay_arg_1_match,overlay_subject_check_s00,4.349999904632568,head,freqblimp_curated, the,.,-1.4644113779067993,-7.27691125869751,5.8125,1
v2|head|causative|overlay_subject_check_s00_raftsman|good|turn|753,head,causative,good,turn,raftsman,overlay_arg_1_match,overlay_subject_check_s00,5.320000171661377,head,freqblimp_curated, the,.,-1.2608383893966675,-8.198338508605957,6.9375,1
v2|head|causative|overlay_subject_check_s00_raftsman|good|twist|754,head,causative,good,twist,raftsman,overlay_arg_1_match,overlay_subject_check_s00,4.21999979019165,head,freqblimp_curated, the,.,-0.6736267805099487,-8.361126899719238,7.6875,1
v2|head|causative|overlay_subject_check_s00_raftsman|good|warp|755,head,causative,good,warp,raftsman,overlay_arg_1_match,overlay_subject_check_s00,3.630000114440918,head,freqblimp_curated, the,.,-0.7766098976135254,-7.089109897613525,6.3125,1
v2|head|causative|overlay_subject_check_s00_raftsman|good|worry|756,head,causative,good,worry,raftsman,overlay_arg_1_match,overlay_subject_check_s00,4.840000152587891,head,freqblimp_curated, the,.,-5.244118690490723,-6.681618690490723,1.4375,1
v2|head|causative|overlay_subject_check_s03_ragsorter|good|accelerate|823,head,causative,good,accelerate,ragsorter,overlay_arg_1_match,overlay_subject_check_s03,3.6600000858306885,head,freqblimp_curated, the,.,-1.3566011190414429,-5.044101238250732,3.6875,1
v2|head|causative|overlay_subject_check_s03_ragsorter|good|awaken|824,head,causative,good,awaken,ragsorter,overlay_arg_1_match,overlay_subject_check_s03,3.7200000286102295,head,freqblimp_curated, the,.,-1.6660692691802979,-3.916069269180298,2.25,1
v2|head|causative|overlay_subject_check_s03_ragsorter|good|bake|825,head,causative,good,bake,ragsorter,overlay_arg_1_match,overlay_subject_check_s03,3.9100000858306885,head,freqblimp_curated, the,.,-1.0657397508621216,-6.065739631652832,5.0,1
v2|head|causative|overlay_subject_check_s03_ragsorter|good|benefit|826,head,causative,good,benefit,ragsorter,overlay_arg_1_match,overlay_subject_check_s03,4.820000171661377,head,freqblimp_curated, the,.,-4.091228008270264,-5.278728008270264,1.1875,1
v2|head|causative|overlay_subject_check_s03_ragsorter|good|burn|827,head,causative,good,burn,ragsorter,overlay_arg_1_match,overlay_subject_check_s03,4.53000020980835,head,freqblimp_curated, the,.,-1.1408649682998657,-7.140864849090576,6.0,1
v2|head|causative|overlay_subject_check_s03_ragsorter|good|change|828,head,causative,good,change,ragsorter,overlay_arg_1_match,overlay_subject_check_s03,4.760000228881836,head,freqblimp_curated, the,.,-0.8191246390342712,-7.069124698638916,6.25,1
v2|head|causative|overlay_subject_check_s03_ragsorter|good|chip|829,head,causative,good,chip,ragsorter,overlay_arg_1_match,overlay_subject_check_s03,4.309999942779541,head,freqblimp_curated, the,.,-1.9326196908950806,-6.995119571685791,5.0625,1
v2|head|causative|overlay_subject_check_s03_ragsorter|good|close|830,head,causative,good,close,ragsorter,overlay_arg_1_match,overlay_subject_check_s03,5.360000133514404,head,freqblimp_curated, the,.,-0.5182415246963501,-8.205741882324219,7.687500476837158,1
v2|head|causative|overlay_subject_check_s03_ragsorter|good|crack|831,head,causative,good,crack,ragsorter,overlay_arg_1_match,overlay_subject_check_s03,4.409999847412109,head,freqblimp_curated, the,.,-1.0876818895339966,-5.900181770324707,4.8125,1
v2|head|causative|overlay_subject_check_s03_ragsorter|good|crash|832,head,causative,good,crash,ragsorter,overlay_arg_1_match,overlay_subject_check_s03,4.550000190734863,head,freqblimp_curated, the,.,-1.6181639432907104,-4.1181640625,2.5,1
v2|head|causative|overlay_subject_check_s03_ragsorter|good|dim|833,head,causative,good,dim,ragsorter,overlay_arg_1_match,overlay_subject_check_s03,3.619999885559082,head,freqblimp_curated, the,.,-0.7788835167884827,-6.278883457183838,5.5,1
v2|head|causative|overlay_subject_check_s03_ragsorter|good|drop|834,head,causative,good,drop,ragsorter,overlay_arg_1_match,overlay_subject_check_s03,4.989999771118164,head,freqblimp_curated, the,.,-1.0184714794158936,-8.924721717834473,7.90625,1
v2|head|causative|overlay_subject_check_s03_ragsorter|good|dry|835,head,causative,good,dry,ragsorter,overlay_arg_1_match,overlay_subject_check_s03,4.739999771118164,head,freqblimp_curated, the,.,-0.9432721138000488,-6.380772113800049,5.4375,1
v2|head|causative|overlay_subject_check_s03_ragsorter|good|fade|836,head,causative,good,fade,ragsorter,overlay_arg_1_match,overlay_subject_check_s03,3.859999895095825,head,freqblimp_curated, the,.,-1.351893424987793,-6.164393424987793,4.8125,1
v2|head|causative|overlay_subject_check_s03_ragsorter|good|fold|837,head,causative,good,fold,ragsorter,overlay_arg_1_match,overlay_subject_check_s03,4.079999923706055,head,freqblimp_curated, the,.,-0.7661634087562561,-7.578663349151611,6.8125,1
v2|head|causative|overlay_subject_check_s03_ragsorter|good|freeze|838,head,causative,good,freeze,ragsorter,overlay_arg_1_match,overlay_subject_check_s03,4.110000133514404,head,freqblimp_curated, the,.,-0.7247260808944702,-5.03722620010376,4.3125,1
v2|head|causative|overlay_subject_check_s03_ragsorter|good|grow|839,head,causative,good,grow,ragsorter,overlay_arg_1_match,overlay_subject_check_s03,4.900000095367432,head,freqblimp_curated, the,.,-3.1179728507995605,-5.8054728507995605,2.6875,1
v2|head|causative|overlay_subject_check_s03_ragsorter|good|melt|840,head,causative,good,melt,ragsorter,overlay_arg_1_match,overlay_subject_check_s03,3.9600000381469727,head,freqblimp_curated, the,.,-0.8426665663719177,-6.1551666259765625,5.3125,1
v2|head|causative|overlay_subject_check_s03_ragsorter|good|move|841,head,causative,good,move,ragsorter,overlay_arg_1_match,overlay_subject_check_s03,5.349999904632568,head,freqblimp_curated, the,.,-1.09829580783844,-8.285796165466309,7.187500476837158,1
v2|head|causative|overlay_subject_check_s03_ragsorter|good|open|842,head,causative,good,open,ragsorter,overlay_arg_1_match,overlay_subject_check_s03,5.480000019073486,head,freqblimp_curated, the,.,-0.811611533164978,-8.68661117553711,7.874999523162842,1
v2|head|causative|overlay_subject_check_s03_ragsorter|good|roll|843,head,causative,good,roll,ragsorter,overlay_arg_1_match,overlay_subject_check_s03,4.75,head,freqblimp_curated, the,.,-1.1098859310150146,-8.172386169433594,7.0625,1
v2|head|causative|overlay_subject_check_s03_ragsorter|good|shrink|845,head,causative,good,shrink,ragsorter,overlay_arg_1_match,overlay_subject_check_s03,3.7300000190734863,head,freqblimp_curated, the,.,-0.7459282875061035,-6.0584282875061035,5.3125,1
v2|head|causative|overlay_subject_check_s03_ragsorter|good|shut|846,head,causative,good,shut,ragsorter,overlay_arg_1_match,overlay_subject_check_s03,4.78000020980835,head,freqblimp_curated, the,.,-1.359969139099121,-8.672469139099121,7.3125,1
v2|head|causative|overlay_subject_check_s03_ragsorter|good|slow|847,head,causative,good,slow,ragsorter,overlay_arg_1_match,overlay_subject_check_s03,4.849999904632568,head,freqblimp_curated, the,.,-2.440143585205078,-7.190143585205078,4.75,1
v2|head|causative|overlay_subject_check_s03_ragsorter|good|soak|848,head,causative,good,soak,ragsorter,overlay_arg_1_match,overlay_subject_check_s03,3.609999895095825,head,freqblimp_curated, the,.,-1.001627802848816,-7.8766279220581055,6.875,1
v2|head|causative|overlay_subject_check_s03_ragsorter|good|stop|849,head,causative,good,stop,ragsorter,overlay_arg_1_match,overlay_subject_check_s03,4.400000095367432,head,freqblimp_curated, the,.,-1.5357047319412231,-5.598204612731934,4.0625,1
v2|head|causative|overlay_subject_check_s03_ragsorter|good|stretch|850,head,causative,good,stretch,ragsorter,overlay_arg_1_match,overlay_subject_check_s03,4.349999904632568,head,freqblimp_curated, the,.,-0.8915071487426758,-7.766507148742676,6.875,1
v2|head|causative|overlay_subject_check_s03_ragsorter|good|turn|852,head,causative,good,turn,ragsorter,overlay_arg_1_match,overlay_subject_check_s03,5.320000171661377,head,freqblimp_curated, the,.,-1.3155826330184937,-7.065582752227783,5.75,1
v2|head|causative|overlay_subject_check_s03_ragsorter|good|twist|853,head,causative,good,twist,ragsorter,overlay_arg_1_match,overlay_subject_check_s03,4.21999979019165,head,freqblimp_curated, the,.,-0.6494670510292053,-7.3994669914245605,6.75,1
v2|head|causative|overlay_subject_check_s03_ragsorter|good|warp|854,head,causative,good,warp,ragsorter,overlay_arg_1_match,overlay_subject_check_s03,3.630000114440918,head,freqblimp_curated, the,.,-0.6733866930007935,-6.173386573791504,5.5,1
v2|head|causative|overlay_subject_check_s03_ragsorter|good|worry|855,head,causative,good,worry,ragsorter,overlay_arg_1_match,overlay_subject_check_s03,4.840000152587891,head,freqblimp_curated, the,.,-3.7945899963378906,-5.919589996337891,2.125,1
v2|head|causative|overlay_subject_trial_s02_neuroscientist|good|accelerate|1054,head,causative,good,accelerate,neuroscientist,overlay_arg_1_match,overlay_subject_trial_s02,3.6600000858306885,head,freqblimp_curated, the,.,-0.6966792941093445,-8.04042911529541,7.34375,1
v2|head|causative|overlay_subject_trial_s02_neuroscientist|good|awaken|1055,head,causative,good,awaken,neuroscientist,overlay_arg_1_match,overlay_subject_trial_s02,3.7200000286102295,head,freqblimp_curated, the,.,-1.4484302997589111,-6.448430061340332,5.0,1
v2|head|causative|overlay_subject_trial_s02_neuroscientist|good|bake|1056,head,causative,good,bake,neuroscientist,overlay_arg_1_match,overlay_subject_trial_s02,3.9100000858306885,head,freqblimp_curated, the,.,-1.6890578269958496,-8.001558303833008,6.312500476837158,1
v2|head|causative|overlay_subject_trial_s02_neuroscientist|good|benefit|1057,head,causative,good,benefit,neuroscientist,overlay_arg_1_match,overlay_subject_trial_s02,4.820000171661377,head,freqblimp_curated, the,.,-4.008203506469727,-6.070703506469727,2.0625,1
v2|head|causative|overlay_subject_trial_s02_neuroscientist|good|burn|1058,head,causative,good,burn,neuroscientist,overlay_arg_1_match,overlay_subject_trial_s02,4.53000020980835,head,freqblimp_curated, the,.,-2.1511220932006836,-8.276122093200684,6.125,1
v2|head|causative|overlay_subject_trial_s02_neuroscientist|good|change|1059,head,causative,good,change,neuroscientist,overlay_arg_1_match,overlay_subject_trial_s02,4.760000228881836,head,freqblimp_curated, the,.,-0.6701798439025879,-8.04517936706543,7.374999523162842,1
v2|head|causative|overlay_subject_trial_s02_neuroscientist|good|chip|1060,head,causative,good,chip,neuroscientist,overlay_arg_1_match,overlay_subject_trial_s02,4.309999942779541,head,freqblimp_curated, the,.,-2.269637107849121,-7.800887107849121,5.53125,1
v2|head|causative|overlay_subject_trial_s02_neuroscientist|good|close|1061,head,causative,good,close,neuroscientist,overlay_arg_1_match,overlay_subject_trial_s02,5.360000133514404,head,freqblimp_curated, the,.,-1.2911125421524048,-6.666112422943115,5.375,1
v2|head|causative|overlay_subject_trial_s02_neuroscientist|good|crack|1062,head,causative,good,crack,neuroscientist,overlay_arg_1_match,overlay_subject_trial_s02,4.409999847412109,head,freqblimp_curated, the,.,-1.2204887866973877,-8.626738548278809,7.40625,1
v2|head|causative|overlay_subject_trial_s02_neuroscientist|good|crash|1063,head,causative,good,crash,neuroscientist,overlay_arg_1_match,overlay_subject_trial_s02,4.550000190734863,head,freqblimp_curated, the,.,-0.9874210357666016,-7.081171035766602,6.09375,1
v2|head|causative|overlay_subject_trial_s02_neuroscientist|good|dim|1064,head,causative,good,dim,neuroscientist,overlay_arg_1_match,overlay_subject_trial_s02,3.619999885559082,head,freqblimp_curated, the,.,-0.5605646371841431,-7.4980645179748535,6.9375,1
v2|head|causative|overlay_subject_trial_s02_neuroscientist|good|drop|1065,head,causative,good,drop,neuroscientist,overlay_arg_1_match,overlay_subject_trial_s02,4.989999771118164,head,freqblimp_curated, the,.,-1.8839775323867798,-10.446477890014648,8.5625,1
v2|head|causative|overlay_subject_trial_s02_neuroscientist|good|dry|1066,head,causative,good,dry,neuroscientist,overlay_arg_1_match,overlay_subject_trial_s02,4.739999771118164,head,freqblimp_curated, the,.,-1.201733112335205,-7.451733112335205,6.25,1
v2|head|causative|overlay_subject_trial_s02_neuroscientist|good|fade|1067,head,causative,good,fade,neuroscientist,overlay_arg_1_match,overlay_subject_trial_s02,3.859999895095825,head,freqblimp_curated, the,.,-3.0593409538269043,-6.184340953826904,3.125,1
v2|head|causative|overlay_subject_trial_s02_neuroscientist|good|fold|1068,head,causative,good,fold,neuroscientist,overlay_arg_1_match,overlay_subject_trial_s02,4.079999923706055,head,freqblimp_curated, the,.,-1.2291860580444336,-7.510436058044434,6.28125,1
v2|head|causative|overlay_subject_trial_s02_neuroscientist|good|freeze|1069,head,causative,good,freeze,neuroscientist,overlay_arg_1_match,overlay_subject_trial_s02,4.110000133514404,head,freqblimp_curated, the,.,-1.1151260137557983,-8.39637565612793,7.281249523162842,1
v2|head|causative|overlay_subject_trial_s02_neuroscientist|good|grow|1070,head,causative,good,grow,neuroscientist,overlay_arg_1_match,overlay_subject_trial_s02,4.900000095367432,head,freqblimp_curated, the,.,-2.3229284286499023,-9.166678428649902,6.84375,1
v2|head|causative|overlay_subject_trial_s02_neuroscientist|good|melt|1071,head,causative,good,melt,neuroscientist,overlay_arg_1_match,overlay_subject_trial_s02,3.9600000381469727,head,freqblimp_curated, the,.,-1.5774023532867432,-6.139902114868164,4.5625,1
v2|head|causative|overlay_subject_trial_s02_neuroscientist|good|move|1072,head,causative,good,move,neuroscientist,overlay_arg_1_match,overlay_subject_trial_s02,5.349999904632568,head,freqblimp_curated, the,.,-1.6040151119232178,-8.354015350341797,6.75,1
v2|head|causative|overlay_subject_trial_s02_neuroscientist|good|open|1073,head,causative,good,open,neuroscientist,overlay_arg_1_match,overlay_subject_trial_s02,5.480000019073486,head,freqblimp_curated, the,.,-1.0229254961013794,-8.80417537689209,7.78125,1
v2|head|causative|overlay_subject_trial_s02_neuroscientist|good|roll|1074,head,causative,good,roll,neuroscientist,overlay_arg_1_match,overlay_subject_trial_s02,4.75,head,freqblimp_curated, the,.,-2.0946404933929443,-9.157140731811523,7.0625,1
v2|head|causative|overlay_subject_trial_s02_neuroscientist|good|shrink|1076,head,causative,good,shrink,neuroscientist,overlay_arg_1_match,overlay_subject_trial_s02,3.7300000190734863,head,freqblimp_curated, the,.,-0.9008956551551819,-7.213395595550537,6.3125,1
v2|head|causative|overlay_subject_trial_s02_neuroscientist|good|shut|1077,head,causative,good,shut,neuroscientist,overlay_arg_1_match,overlay_subject_trial_s02,4.78000020980835,head,freqblimp_curated, the,.,-2.775223731994629,-9.712723731994629,6.9375,1
v2|head|causative|overlay_subject_trial_s02_neuroscientist|good|slow|1078,head,causative,good,slow,neuroscientist,overlay_arg_1_match,overlay_subject_trial_s02,4.849999904632568,head,freqblimp_curated, the,.,-1.5782891511917114,-9.172039031982422,7.59375,1
v2|head|causative|overlay_subject_trial_s02_neuroscientist|good|soak|1079,head,causative,good,soak,neuroscientist,overlay_arg_1_match,overlay_subject_trial_s02,3.609999895095825,head,freqblimp_curated, the,.,-1.6602147817611694,-8.8789644241333,7.218749523162842,1
v2|head|causative|overlay_subject_trial_s02_neuroscientist|good|stop|1080,head,causative,good,stop,neuroscientist,overlay_arg_1_match,overlay_subject_trial_s02,4.400000095367432,head,freqblimp_curated, the,.,-1.0820471048355103,-7.832046985626221,6.75,1
v2|head|causative|overlay_subject_trial_s02_neuroscientist|good|stretch|1081,head,causative,good,stretch,neuroscientist,overlay_arg_1_match,overlay_subject_trial_s02,4.349999904632568,head,freqblimp_curated, the,.,-1.0389864444732666,-8.445236206054688,7.40625,1
v2|head|causative|overlay_subject_trial_s02_neuroscientist|good|turn|1083,head,causative,good,turn,neuroscientist,overlay_arg_1_match,overlay_subject_trial_s02,5.320000171661377,head,freqblimp_curated, the,.,-1.4162083864212036,-9.259958267211914,7.84375,1
v2|head|causative|overlay_subject_trial_s02_neuroscientist|good|twist|1084,head,causative,good,twist,neuroscientist,overlay_arg_1_match,overlay_subject_trial_s02,4.21999979019165,head,freqblimp_curated, the,.,-0.8407328724861145,-7.965733051300049,7.125,1
v2|head|causative|overlay_subject_trial_s02_neuroscientist|good|warp|1085,head,causative,good,warp,neuroscientist,overlay_arg_1_match,overlay_subject_trial_s02,3.630000114440918,head,freqblimp_curated, the,.,-0.7506691217422485,-6.938169002532959,6.1875,1
v2|head|causative|overlay_subject_trial_s02_neuroscientist|good|worry|1086,head,causative,good,worry,neuroscientist,overlay_arg_1_match,overlay_subject_trial_s02,4.840000152587891,head,freqblimp_curated, the,.,-4.429934501647949,-6.929934501647949,2.5,1
v2|head|causative|overlay_subject_trial_s03_neurosurgeon|good|accelerate|1087,head,causative,good,accelerate,neurosurgeon,overlay_arg_1_match,overlay_subject_trial_s03,3.6600000858306885,head,freqblimp_curated, the,.,-0.3314439654350281,-7.862693786621094,7.53125,1
v2|head|causative|overlay_subject_trial_s03_neurosurgeon|good|awaken|1088,head,causative,good,awaken,neurosurgeon,overlay_arg_1_match,overlay_subject_trial_s03,3.7200000286102295,head,freqblimp_curated, the,.,-0.7843407392501831,-6.971840858459473,6.1875,1
v2|head|causative|overlay_subject_trial_s03_neurosurgeon|good|bake|1089,head,causative,good,bake,neurosurgeon,overlay_arg_1_match,overlay_subject_trial_s03,3.9100000858306885,head,freqblimp_curated, the,.,-1.1037412881851196,-8.478741645812988,7.375000476837158,1
v2|head|causative|overlay_subject_trial_s03_neurosurgeon|good|benefit|1090,head,causative,good,benefit,neurosurgeon,overlay_arg_1_match,overlay_subject_trial_s03,4.820000171661377,head,freqblimp_curated, the,.,-4.598145484924316,-5.660645484924316,1.0625,1
v2|head|causative|overlay_subject_trial_s03_neurosurgeon|good|burn|1091,head,causative,good,burn,neurosurgeon,overlay_arg_1_match,overlay_subject_trial_s03,4.53000020980835,head,freqblimp_curated, the,.,-1.0540522336959839,-8.522802352905273,7.46875,1
v2|head|causative|overlay_subject_trial_s03_neurosurgeon|good|change|1092,head,causative,good,change,neurosurgeon,overlay_arg_1_match,overlay_subject_trial_s03,4.760000228881836,head,freqblimp_curated, the,.,-0.37239333987236023,-7.9661431312561035,7.59375,1
v2|head|causative|overlay_subject_trial_s03_neurosurgeon|good|chip|1093,head,causative,good,chip,neurosurgeon,overlay_arg_1_match,overlay_subject_trial_s03,4.309999942779541,head,freqblimp_curated, the,.,-1.4736963510513306,-7.973696231842041,6.5,1
v2|head|causative|overlay_subject_trial_s03_neurosurgeon|good|close|1094,head,causative,good,close,neurosurgeon,overlay_arg_1_match,overlay_subject_trial_s03,5.360000133514404,head,freqblimp_curated, the,.,-0.43103280663490295,-8.27478313446045,7.843750476837158,1
v2|head|causative|overlay_subject_trial_s03_neurosurgeon|good|crack|1095,head,causative,good,crack,neurosurgeon,overlay_arg_1_match,overlay_subject_trial_s03,4.409999847412109,head,freqblimp_curated, the,.,-0.9773017168045044,-8.946051597595215,7.96875,1
v2|head|causative|overlay_subject_trial_s03_neurosurgeon|good|crash|1096,head,causative,good,crash,neurosurgeon,overlay_arg_1_match,overlay_subject_trial_s03,4.550000190734863,head,freqblimp_curated, the,.,-0.8194949626922607,-6.63199520111084,5.8125,1
v2|head|causative|overlay_subject_trial_s03_neurosurgeon|good|dim|1097,head,causative,good,dim,neurosurgeon,overlay_arg_1_match,overlay_subject_trial_s03,3.619999885559082,head,freqblimp_curated, the,.,-0.5310615301132202,-7.46856164932251,6.9375,1
v2|head|causative|overlay_subject_trial_s03_neurosurgeon|good|drop|1098,head,causative,good,drop,neurosurgeon,overlay_arg_1_match,overlay_subject_trial_s03,4.989999771118164,head,freqblimp_curated, the,.,-1.2573106288909912,-10.38231086730957,9.125,1
v2|head|causative|overlay_subject_trial_s03_neurosurgeon|good|dry|1099,head,causative,good,dry,neurosurgeon,overlay_arg_1_match,overlay_subject_trial_s03,4.739999771118164,head,freqblimp_curated, the,.,-0.6850566267967224,-7.747556686401367,7.0625,1
v2|head|causative|overlay_subject_trial_s03_neurosurgeon|good|fade|1100,head,causative,good,fade,neurosurgeon,overlay_arg_1_match,overlay_subject_trial_s03,3.859999895095825,head,freqblimp_curated, the,.,-1.8423060178756714,-6.779806137084961,4.9375,1
v2|head|causative|overlay_subject_trial_s03_neurosurgeon|good|fold|1101,head,causative,good,fold,neurosurgeon,overlay_arg_1_match,overlay_subject_trial_s03,4.079999923706055,head,freqblimp_curated, the,.,-0.649634063243866,-8.80588436126709,8.15625,1
v2|head|causative|overlay_subject_trial_s03_neurosurgeon|good|freeze|1102,head,causative,good,freeze,neurosurgeon,overlay_arg_1_match,overlay_subject_trial_s03,4.110000133514404,head,freqblimp_curated, the,.,-0.4269455373287201,-8.708195686340332,8.28125,1
v2|head|causative|overlay_subject_trial_s03_neurosurgeon|good|grow|1103,head,causative,good,grow,neurosurgeon,overlay_arg_1_match,overlay_subject_trial_s03,4.900000095367432,head,freqblimp_curated, the,.,-1.9557278156280518,-9.111977577209473,7.15625,1
v2|head|causative|overlay_subject_trial_s03_neurosurgeon|good|melt|1104,head,causative,good,melt,neurosurgeon,overlay_arg_1_match,overlay_subject_trial_s03,3.9600000381469727,head,freqblimp_curated, the,.,-0.742135763168335,-8.148386001586914,7.40625,1
v2|head|causative|overlay_subject_trial_s03_neurosurgeon|good|move|1105,head,causative,good,move,neurosurgeon,overlay_arg_1_match,overlay_subject_trial_s03,5.349999904632568,head,freqblimp_curated, the,.,-0.6047626733779907,-8.19851303100586,7.593750476837158,1
v2|head|causative|overlay_subject_trial_s03_neurosurgeon|good|open|1106,head,causative,good,open,neurosurgeon,overlay_arg_1_match,overlay_subject_trial_s03,5.480000019073486,head,freqblimp_curated, the,.,-0.5539118051528931,-9.178912162780762,8.625,1
v2|head|causative|overlay_subject_trial_s03_neurosurgeon|good|roll|1107,head,causative,good,roll,neurosurgeon,overlay_arg_1_match,overlay_subject_trial_s03,4.75,head,freqblimp_curated, the,.,-1.0889371633529663,-9.526436805725098,8.4375,1
v2|head|causative|overlay_subject_trial_s03_neurosurgeon|good|shrink|1109,head,causative,good,shrink,neurosurgeon,overlay_arg_1_match,overlay_subject_trial_s03,3.7300000190734863,head,freqblimp_curated, the,.,-0.514691174030304,-7.983441352844238,7.46875,1
v2|head|causative|overlay_subject_trial_s03_neurosurgeon|good|shut|1110,head,causative,good,shut,neurosurgeon,overlay_arg_1_match,overlay_subject_trial_s03,4.78000020980835,head,freqblimp_curated, the,.,-2.322707176208496,-10.228957176208496,7.90625,1
v2|head|causative|overlay_subject_trial_s03_neurosurgeon|good|slow|1111,head,causative,good,slow,neurosurgeon,overlay_arg_1_match,overlay_subject_trial_s03,4.849999904632568,head,freqblimp_curated, the,.,-0.8921903371810913,-8.610939979553223,7.718749523162842,1
v2|head|causative|overlay_subject_trial_s03_neurosurgeon|good|soak|1112,head,causative,good,soak,neurosurgeon,overlay_arg_1_match,overlay_subject_trial_s03,3.609999895095825,head,freqblimp_curated, the,.,-0.8928307294845581,-9.736580848693848,8.84375,1
v2|head|causative|overlay_subject_trial_s03_neurosurgeon|good|stop|1113,head,causative,good,stop,neurosurgeon,overlay_arg_1_match,overlay_subject_trial_s03,4.400000095367432,head,freqblimp_curated, the,.,-0.6976019740104675,-7.635101795196533,6.9375,1
v2|head|causative|overlay_subject_trial_s03_neurosurgeon|good|stretch|1114,head,causative,good,stretch,neurosurgeon,overlay_arg_1_match,overlay_subject_trial_s03,4.349999904632568,head,freqblimp_curated, the,.,-0.39075592160224915,-8.453255653381348,8.0625,1
v2|head|causative|overlay_subject_trial_s03_neurosurgeon|good|turn|1116,head,causative,good,turn,neurosurgeon,overlay_arg_1_match,overlay_subject_trial_s03,5.320000171661377,head,freqblimp_curated, the,.,-1.4841898679733276,-9.077939987182617,7.59375,1
v2|head|causative|overlay_subject_trial_s03_neurosurgeon|good|twist|1117,head,causative,good,twist,neurosurgeon,overlay_arg_1_match,overlay_subject_trial_s03,4.21999979019165,head,freqblimp_curated, the,.,-0.5873163938522339,-8.681066513061523,8.09375,1
v2|head|causative|overlay_subject_trial_s03_neurosurgeon|good|warp|1118,head,causative,good,warp,neurosurgeon,overlay_arg_1_match,overlay_subject_trial_s03,3.630000114440918,head,freqblimp_curated, the,.,-0.503524124622345,-8.003523826599121,7.499999523162842,1
v2|head|causative|overlay_subject_trial_s03_neurosurgeon|good|worry|1119,head,causative,good,worry,neurosurgeon,overlay_arg_1_match,overlay_subject_trial_s03,4.840000152587891,head,freqblimp_curated, the,.,-4.314991474151611,-6.502491474151611,2.1875,1
v2|head|inchoative|overlay_subject_lab_s00_tsouic|bad|abuse|1120,head,inchoative,bad,abuse,tsouic,overlay_arg_1_match,overlay_subject_lab_s00,4.66,head,supplemental_v2_bad_verbs, the,.,-1.5539418458938599,-5.36644172668457,3.8125,1
v2|head|inchoative|overlay_subject_lab_s00_tsouic|bad|accuse|1121,head,inchoative,bad,accuse,tsouic,overlay_arg_1_match,overlay_subject_lab_s00,3.71,head,supplemental_v2_bad_verbs, the,.,-1.80640709400177,-7.0876569747924805,5.28125,1
v2|head|inchoative|overlay_subject_lab_s00_tsouic|bad|acquire|1122,head,inchoative,bad,acquire,tsouic,overlay_arg_1_match,overlay_subject_lab_s00,4.13,head,supplemental_v2_bad_verbs, the,.,-1.6369537115097046,-6.980703830718994,5.34375,1
v2|head|inchoative|overlay_subject_lab_s00_tsouic|bad|admire|1123,head,inchoative,bad,admire,tsouic,overlay_arg_1_match,overlay_subject_lab_s00,3.9700000286102295,head,freqblimp_curated, the,.,-0.7068461775779724,-6.456846237182617,5.75,1
v2|head|inchoative|overlay_subject_lab_s00_tsouic|bad|affect|1125,head,inchoative,bad,affect,tsouic,overlay_arg_1_match,overlay_subject_lab_s00,4.59,head,supplemental_v2_bad_verbs, the,.,-1.0969734191894531,-8.690723419189453,7.59375,1
v2|head|inchoative|overlay_subject_lab_s00_tsouic|bad|arrest|1126,head,inchoative,bad,arrest,tsouic,overlay_arg_1_match,overlay_subject_lab_s00,4.55,head,supplemental_v2_bad_verbs, the,.,-1.2565726041793823,-5.756572723388672,4.5,1
v2|head|inchoative|overlay_subject_lab_s00_tsouic|bad|avoid|1127,head,inchoative,bad,avoid,tsouic,overlay_arg_1_match,overlay_subject_lab_s00,4.87,head,supplemental_v2_bad_verbs, the,.,-1.9175360202789307,-8.323785781860352,6.40625,1
v2|head|inchoative|overlay_subject_lab_s00_tsouic|bad|blame|1128,head,inchoative,bad,blame,tsouic,overlay_arg_1_match,overlay_subject_lab_s00,4.63,head,supplemental_v2_bad_verbs, the,.,-1.4309940338134766,-6.868494033813477,5.4375,1
v2|head|inchoative|overlay_subject_lab_s00_tsouic|bad|destroy|1129,head,inchoative,bad,destroy,tsouic,overlay_arg_1_match,overlay_subject_lab_s00,4.519999980926514,head,freqblimp_curated, the,.,-1.0594592094421387,-6.621959209442139,5.5625,1
v2|head|inchoative|overlay_subject_lab_s00_tsouic|bad|notify|1130,head,inchoative,bad,notify,tsouic,overlay_arg_1_match,overlay_subject_lab_s00,3.73,head,supplemental_v2_bad_verbs, the,.,-1.53458571434021,-8.722085952758789,7.1875,1
v2|head|inchoative|overlay_subject_lab_s00_tsouic|bad|persuade|1131,head,inchoative,bad,persuade,tsouic,overlay_arg_1_match,overlay_subject_lab_s00,3.82,head,supplemental_v2_bad_verbs, the,.,-1.506572961807251,-7.569072723388672,6.0625,1
v2|head|inchoative|overlay_subject_lab_s00_tsouic|bad|possess|1132,head,inchoative,bad,possess,tsouic,overlay_arg_1_match,overlay_subject_lab_s00,4.02,head,supplemental_v2_bad_verbs, the,.,-1.4779709577560425,-7.384221076965332,5.90625,1
v2|head|inchoative|overlay_subject_lab_s00_tsouic|bad|require|1133,head,inchoative,bad,require,tsouic,overlay_arg_1_match,overlay_subject_lab_s00,4.78,head,supplemental_v2_bad_verbs, the,.,-2.461630344390869,-8.992879867553711,6.531249523162842,1
v2|head|inchoative|overlay_subject_lab_s00_tsouic|bad|respect|1134,head,inchoative,bad,respect,tsouic,overlay_arg_1_match,overlay_subject_lab_s00,5.03000020980835,head,freqblimp_curated, the,.,-1.1553561687469482,-7.342856407165527,6.1875,1
v2|head|inchoative|overlay_subject_lab_s00_tsouic|bad|retrieve|1135,head,inchoative,bad,retrieve,tsouic,overlay_arg_1_match,overlay_subject_lab_s00,3.69,head,supplemental_v2_bad_verbs, the,.,-1.4420503377914429,-8.598299980163574,7.156249523162842,1
v2|head|inchoative|overlay_subject_lab_s00_tsouic|bad|suppress|1136,head,inchoative,bad,suppress,tsouic,overlay_arg_1_match,overlay_subject_lab_s00,3.66,head,supplemental_v2_bad_verbs, the,.,-0.9512124061584473,-6.638712406158447,5.6875,1
v2|head|inchoative|overlay_subject_visit_s00_twinkie|bad|abuse|1188,head,inchoative,bad,abuse,twinkie,overlay_arg_1_match,overlay_subject_visit_s00,4.66,head,supplemental_v2_bad_verbs, the,.,-1.6579488515853882,-6.282948970794678,4.625,1
v2|head|inchoative|overlay_subject_visit_s00_twinkie|bad|accuse|1189,head,inchoative,bad,accuse,twinkie,overlay_arg_1_match,overlay_subject_visit_s00,3.71,head,supplemental_v2_bad_verbs, the,.,-1.7330825328826904,-7.8268327713012695,6.09375,1
v2|head|inchoative|overlay_subject_visit_s00_twinkie|bad|acquire|1190,head,inchoative,bad,acquire,twinkie,overlay_arg_1_match,overlay_subject_visit_s00,4.13,head,supplemental_v2_bad_verbs, the,.,-1.903660535812378,-7.653660774230957,5.75,1
v2|head|inchoative|overlay_subject_visit_s00_twinkie|bad|admire|1191,head,inchoative,bad,admire,twinkie,overlay_arg_1_match,overlay_subject_visit_s00,3.9700000286102295,head,freqblimp_curated, the,.,-0.7176132798194885,-8.123863220214844,7.40625,1
v2|head|inchoative|overlay_subject_visit_s00_twinkie|bad|affect|1193,head,inchoative,bad,affect,twinkie,overlay_arg_1_match,overlay_subject_visit_s00,4.59,head,supplemental_v2_bad_verbs, the,.,-1.1724741458892822,-8.453723907470703,7.28125,1
v2|head|inchoative|overlay_subject_visit_s00_twinkie|bad|arrest|1194,head,inchoative,bad,arrest,twinkie,overlay_arg_1_match,overlay_subject_visit_s00,4.55,head,supplemental_v2_bad_verbs, the,.,-1.4002822637557983,-5.837782382965088,4.4375,1
v2|head|inchoative|overlay_subject_visit_s00_twinkie|bad|avoid|1195,head,inchoative,bad,avoid,twinkie,overlay_arg_1_match,overlay_subject_visit_s00,4.87,head,supplemental_v2_bad_verbs, the,.,-1.2867326736450195,-8.41173267364502,7.125,1
v2|head|inchoative|overlay_subject_visit_s00_twinkie|bad|blame|1196,head,inchoative,bad,blame,twinkie,overlay_arg_1_match,overlay_subject_visit_s00,4.63,head,supplemental_v2_bad_verbs, the,.,-1.6565357446670532,-8.406536102294922,6.750000476837158,1
v2|head|inchoative|overlay_subject_visit_s00_twinkie|bad|destroy|1197,head,inchoative,bad,destroy,twinkie,overlay_arg_1_match,overlay_subject_visit_s00,4.519999980926514,head,freqblimp_curated, the,.,-1.0805869102478027,-7.518086910247803,6.4375,1
v2|head|inchoative|overlay_subject_visit_s00_twinkie|bad|notify|1198,head,inchoative,bad,notify,twinkie,overlay_arg_1_match,overlay_subject_visit_s00,3.73,head,supplemental_v2_bad_verbs, the,.,-1.4008666276931763,-8.182116508483887,6.78125,1
v2|head|inchoative|overlay_subject_visit_s00_twinkie|bad|persuade|1199,head,inchoative,bad,persuade,twinkie,overlay_arg_1_match,overlay_subject_visit_s00,3.82,head,supplemental_v2_bad_verbs, the,.,-1.1142578125,-8.9580078125,7.84375,1
v2|head|inchoative|overlay_subject_visit_s00_twinkie|bad|possess|1200,head,inchoative,bad,possess,twinkie,overlay_arg_1_match,overlay_subject_visit_s00,4.02,head,supplemental_v2_bad_verbs, the,.,-1.7758221626281738,-6.900822162628174,5.125,1
v2|head|inchoative|overlay_subject_visit_s00_twinkie|bad|require|1201,head,inchoative,bad,require,twinkie,overlay_arg_1_match,overlay_subject_visit_s00,4.78,head,supplemental_v2_bad_verbs, the,.,-3.375575065612793,-9.750575065612793,6.375,1
v2|head|inchoative|overlay_subject_visit_s00_twinkie|bad|respect|1202,head,inchoative,bad,respect,twinkie,overlay_arg_1_match,overlay_subject_visit_s00,5.03000020980835,head,freqblimp_curated, the,.,-1.2922532558441162,-7.479753494262695,6.1875,1
v2|head|inchoative|overlay_subject_visit_s00_twinkie|bad|retrieve|1203,head,inchoative,bad,retrieve,twinkie,overlay_arg_1_match,overlay_subject_visit_s00,3.69,head,supplemental_v2_bad_verbs, the,.,-1.2152296304702759,-7.902729511260986,6.6875,1
v2|head|inchoative|overlay_subject_visit_s00_twinkie|bad|suppress|1204,head,inchoative,bad,suppress,twinkie,overlay_arg_1_match,overlay_subject_visit_s00,3.66,head,supplemental_v2_bad_verbs, the,.,-1.7895140647888184,-5.477014064788818,3.6875,1
v2|head|inchoative|overlay_subject_visit_s01_twinkler|bad|abuse|1205,head,inchoative,bad,abuse,twinkler,overlay_arg_1_match,overlay_subject_visit_s01,4.66,head,supplemental_v2_bad_verbs, the,.,-1.4411817789077759,-7.284931659698486,5.84375,1
v2|head|inchoative|overlay_subject_visit_s01_twinkler|bad|accuse|1206,head,inchoative,bad,accuse,twinkler,overlay_arg_1_match,overlay_subject_visit_s01,3.71,head,supplemental_v2_bad_verbs, the,.,-1.312122106552124,-8.280872344970703,6.96875,1
v2|head|inchoative|overlay_subject_visit_s01_twinkler|bad|acquire|1207,head,inchoative,bad,acquire,twinkler,overlay_arg_1_match,overlay_subject_visit_s01,4.13,head,supplemental_v2_bad_verbs, the,.,-1.6964097023010254,-8.852659225463867,7.156249523162842,1
v2|head|inchoative|overlay_subject_visit_s01_twinkler|bad|admire|1208,head,inchoative,bad,admire,twinkler,overlay_arg_1_match,overlay_subject_visit_s01,3.9700000286102295,head,freqblimp_curated, the,.,-0.46964967250823975,-8.813399314880371,8.34375,1
v2|head|inchoative|overlay_subject_visit_s01_twinkler|bad|affect|1210,head,inchoative,bad,affect,twinkler,overlay_arg_1_match,overlay_subject_visit_s01,4.59,head,supplemental_v2_bad_verbs, the,.,-1.012253761291504,-8.637253761291504,7.625,1
v2|head|inchoative|overlay_subject_visit_s01_twinkler|bad|arrest|1211,head,inchoative,bad,arrest,twinkler,overlay_arg_1_match,overlay_subject_visit_s01,4.55,head,supplemental_v2_bad_verbs, the,.,-1.2732616662979126,-5.898261547088623,4.625,1
v2|head|inchoative|overlay_subject_visit_s01_twinkler|bad|avoid|1212,head,inchoative,bad,avoid,twinkler,overlay_arg_1_match,overlay_subject_visit_s01,4.87,head,supplemental_v2_bad_verbs, the,.,-1.2179216146469116,-8.561671257019043,7.343749523162842,1
v2|head|inchoative|overlay_subject_visit_s01_twinkler|bad|blame|1213,head,inchoative,bad,blame,twinkler,overlay_arg_1_match,overlay_subject_visit_s01,4.63,head,supplemental_v2_bad_verbs, the,.,-1.2724689245224,-8.178718566894531,6.906249523162842,1
v2|head|inchoative|overlay_subject_visit_s01_twinkler|bad|destroy|1214,head,inchoative,bad,destroy,twinkler,overlay_arg_1_match,overlay_subject_visit_s01,4.519999980926514,head,freqblimp_curated, the,.,-0.8834826350212097,-9.258482933044434,8.375,1
v2|head|inchoative|overlay_subject_visit_s01_twinkler|bad|notify|1215,head,inchoative,bad,notify,twinkler,overlay_arg_1_match,overlay_subject_visit_s01,3.73,head,supplemental_v2_bad_verbs, the,.,-1.0870447158813477,-8.837044715881348,7.75,1
v2|head|inchoative|overlay_subject_visit_s01_twinkler|bad|persuade|1216,head,inchoative,bad,persuade,twinkler,overlay_arg_1_match,overlay_subject_visit_s01,3.82,head,supplemental_v2_bad_verbs, the,.,-0.9572924375534058,-9.332292556762695,8.375,1
v2|head|inchoative|overlay_subject_visit_s01_twinkler|bad|possess|1217,head,inchoative,bad,possess,twinkler,overlay_arg_1_match,overlay_subject_visit_s01,4.02,head,supplemental_v2_bad_verbs, the,.,-1.6479666233062744,-7.460466384887695,5.8125,1
v2|head|inchoative|overlay_subject_visit_s01_twinkler|bad|require|1218,head,inchoative,bad,require,twinkler,overlay_arg_1_match,overlay_subject_visit_s01,4.78,head,supplemental_v2_bad_verbs, the,.,-3.0401265621185303,-9.91512680053711,6.875,1
v2|head|inchoative|overlay_subject_visit_s01_twinkler|bad|respect|1219,head,inchoative,bad,respect,twinkler,overlay_arg_1_match,overlay_subject_visit_s01,5.03000020980835,head,freqblimp_curated, the,.,-0.9348527193069458,-7.966102600097656,7.03125,1
v2|head|inchoative|overlay_subject_visit_s01_twinkler|bad|retrieve|1220,head,inchoative,bad,retrieve,twinkler,overlay_arg_1_match,overlay_subject_visit_s01,3.69,head,supplemental_v2_bad_verbs, the,.,-0.9641693234443665,-8.7141695022583,7.75,1
v2|head|inchoative|overlay_subject_visit_s01_twinkler|bad|suppress|1221,head,inchoative,bad,suppress,twinkler,overlay_arg_1_match,overlay_subject_visit_s01,3.66,head,supplemental_v2_bad_verbs, the,.,-1.2463548183441162,-5.808855056762695,4.5625,1
v2|head|inchoative|overlay_subject_visit_s03_twitterer|bad|abuse|1239,head,inchoative,bad,abuse,twitterer,overlay_arg_1_match,overlay_subject_visit_s03,4.66,head,supplemental_v2_bad_verbs, the,.,-1.1604005098342896,-7.035400390625,5.875,1
v2|head|inchoative|overlay_subject_visit_s03_twitterer|bad|accuse|1240,head,inchoative,bad,accuse,twitterer,overlay_arg_1_match,overlay_subject_visit_s03,3.71,head,supplemental_v2_bad_verbs, the,.,-1.0022900104522705,-9.408539772033691,8.40625,1
v2|head|inchoative|overlay_subject_visit_s03_twitterer|bad|acquire|1241,head,inchoative,bad,acquire,twitterer,overlay_arg_1_match,overlay_subject_visit_s03,4.13,head,supplemental_v2_bad_verbs, the,.,-1.9634268283843994,-9.30717658996582,7.34375,1
v2|head|inchoative|overlay_subject_visit_s03_twitterer|bad|admire|1242,head,inchoative,bad,admire,twitterer,overlay_arg_1_match,overlay_subject_visit_s03,3.9700000286102295,head,freqblimp_curated, the,.,-0.6641381978988647,-9.257887840270996,8.59375,1
v2|head|inchoative|overlay_subject_visit_s03_twitterer|bad|affect|1244,head,inchoative,bad,affect,twitterer,overlay_arg_1_match,overlay_subject_visit_s03,4.59,head,supplemental_v2_bad_verbs, the,.,-1.0319247245788574,-8.188175201416016,7.156250476837158,1
v2|head|inchoative|overlay_subject_visit_s03_twitterer|bad|arrest|1245,head,inchoative,bad,arrest,twitterer,overlay_arg_1_match,overlay_subject_visit_s03,4.55,head,supplemental_v2_bad_verbs, the,.,-1.0188219547271729,-5.831321716308594,4.8125,1
v2|head|inchoative|overlay_subject_visit_s03_twitterer|bad|avoid|1246,head,inchoative,bad,avoid,twitterer,overlay_arg_1_match,overlay_subject_visit_s03,4.87,head,supplemental_v2_bad_verbs, the,.,-1.8961384296417236,-9.239888191223145,7.34375,1
v2|head|inchoative|overlay_subject_visit_s03_twitterer|bad|blame|1247,head,inchoative,bad,blame,twitterer,overlay_arg_1_match,overlay_subject_visit_s03,4.63,head,supplemental_v2_bad_verbs, the,.,-1.050353765487671,-9.26910400390625,8.21875,1
v2|head|inchoative|overlay_subject_visit_s03_twitterer|bad|destroy|1248,head,inchoative,bad,destroy,twitterer,overlay_arg_1_match,overlay_subject_visit_s03,4.519999980926514,head,freqblimp_curated, the,.,-0.8835117816925049,-8.633511543273926,7.75,1
v2|head|inchoative|overlay_subject_visit_s03_twitterer|bad|notify|1249,head,inchoative,bad,notify,twitterer,overlay_arg_1_match,overlay_subject_visit_s03,3.73,head,supplemental_v2_bad_verbs, the,.,-1.0279113054275513,-9.527911186218262,8.5,1
v2|head|inchoative|overlay_subject_visit_s03_twitterer|bad|persuade|1250,head,inchoative,bad,persuade,twitterer,overlay_arg_1_match,overlay_subject_visit_s03,3.82,head,supplemental_v2_bad_verbs, the,.,-1.0847338438034058,-9.803483963012695,8.71875,1
v2|head|inchoative|overlay_subject_visit_s03_twitterer|bad|possess|1251,head,inchoative,bad,possess,twitterer,overlay_arg_1_match,overlay_subject_visit_s03,4.02,head,supplemental_v2_bad_verbs, the,.,-1.7624739408493042,-8.043724060058594,6.28125,1
v2|head|inchoative|overlay_subject_visit_s03_twitterer|bad|require|1252,head,inchoative,bad,require,twitterer,overlay_arg_1_match,overlay_subject_visit_s03,4.78,head,supplemental_v2_bad_verbs, the,.,-2.5298409461975098,-9.529840469360352,6.999999523162842,1
v2|head|inchoative|overlay_subject_visit_s03_twitterer|bad|respect|1253,head,inchoative,bad,respect,twitterer,overlay_arg_1_match,overlay_subject_visit_s03,5.03000020980835,head,freqblimp_curated, the,.,-0.9001870155334473,-8.150186538696289,7.249999523162842,1
v2|head|inchoative|overlay_subject_visit_s03_twitterer|bad|retrieve|1254,head,inchoative,bad,retrieve,twitterer,overlay_arg_1_match,overlay_subject_visit_s03,3.69,head,supplemental_v2_bad_verbs, the,.,-1.0552185773849487,-8.992718696594238,7.9375,1
v2|head|inchoative|overlay_subject_visit_s03_twitterer|bad|suppress|1255,head,inchoative,bad,suppress,twitterer,overlay_arg_1_match,overlay_subject_visit_s03,3.66,head,supplemental_v2_bad_verbs, the,.,-1.3698147535324097,-6.932314872741699,5.5625,1
v2|head|inchoative|overlay_subject_check_s01_ovolo|bad|abuse|1273,head,inchoative,bad,abuse,ovolo,overlay_arg_1_match,overlay_subject_check_s01,4.66,head,supplemental_v2_bad_verbs, the,.,-1.269668459892273,-5.0821685791015625,3.8125,1
v2|head|inchoative|overlay_subject_check_s01_ovolo|bad|accuse|1274,head,inchoative,bad,accuse,ovolo,overlay_arg_1_match,overlay_subject_check_s01,3.71,head,supplemental_v2_bad_verbs, the,.,-1.3095911741256714,-6.184591293334961,4.875,1
v2|head|inchoative|overlay_subject_check_s01_ovolo|bad|acquire|1275,head,inchoative,bad,acquire,ovolo,overlay_arg_1_match,overlay_subject_check_s01,4.13,head,supplemental_v2_bad_verbs, the,.,-1.5532671213150024,-8.053267478942871,6.500000476837158,1
v2|head|inchoative|overlay_subject_check_s01_ovolo|bad|admire|1276,head,inchoative,bad,admire,ovolo,overlay_arg_1_match,overlay_subject_check_s01,3.9700000286102295,head,freqblimp_curated, the,.,-0.6548434495925903,-7.217343330383301,6.5625,1
v2|head|inchoative|overlay_subject_check_s01_ovolo|bad|affect|1278,head,inchoative,bad,affect,ovolo,overlay_arg_1_match,overlay_subject_check_s01,4.59,head,supplemental_v2_bad_verbs, the,.,-0.9463473558425903,-8.0088472366333,7.0625,1
v2|head|inchoative|overlay_subject_check_s01_ovolo|bad|arrest|1279,head,inchoative,bad,arrest,ovolo,overlay_arg_1_match,overlay_subject_check_s01,4.55,head,supplemental_v2_bad_verbs, the,.,-1.3095678091049194,-4.997067928314209,3.6875,1
v2|head|inchoative|overlay_subject_check_s01_ovolo|bad|avoid|1280,head,inchoative,bad,avoid,ovolo,overlay_arg_1_match,overlay_subject_check_s01,4.87,head,supplemental_v2_bad_verbs, the,.,-1.8712830543518066,-7.840033054351807,5.96875,1
v2|head|inchoative|overlay_subject_check_s01_ovolo|bad|blame|1281,head,inchoative,bad,blame,ovolo,overlay_arg_1_match,overlay_subject_check_s01,4.63,head,supplemental_v2_bad_verbs, the,.,-1.2683604955673218,-7.174610614776611,5.90625,1
v2|head|inchoative|overlay_subject_check_s01_ovolo|bad|destroy|1282,head,inchoative,bad,destroy,ovolo,overlay_arg_1_match,overlay_subject_check_s01,4.519999980926514,head,freqblimp_curated, the,.,-1.2197034358978271,-6.719703674316406,5.5,1
v2|head|inchoative|overlay_subject_check_s01_ovolo|bad|notify|1283,head,inchoative,bad,notify,ovolo,overlay_arg_1_match,overlay_subject_check_s01,3.73,head,supplemental_v2_bad_verbs, the,.,-1.0749505758285522,-8.481200218200684,7.406249523162842,1
v2|head|inchoative|overlay_subject_check_s01_ovolo|bad|persuade|1284,head,inchoative,bad,persuade,ovolo,overlay_arg_1_match,overlay_subject_check_s01,3.82,head,supplemental_v2_bad_verbs, the,.,-1.029508113861084,-7.123258113861084,6.09375,1
v2|head|inchoative|overlay_subject_check_s01_ovolo|bad|possess|1285,head,inchoative,bad,possess,ovolo,overlay_arg_1_match,overlay_subject_check_s01,4.02,head,supplemental_v2_bad_verbs, the,.,-1.8193923234939575,-7.850642204284668,6.03125,1
v2|head|inchoative|overlay_subject_check_s01_ovolo|bad|require|1286,head,inchoative,bad,require,ovolo,overlay_arg_1_match,overlay_subject_check_s01,4.78,head,supplemental_v2_bad_verbs, the,.,-2.138817548751831,-9.26381778717041,7.125,1
v2|head|inchoative|overlay_subject_check_s01_ovolo|bad|respect|1287,head,inchoative,bad,respect,ovolo,overlay_arg_1_match,overlay_subject_check_s01,5.03000020980835,head,freqblimp_curated, the,.,-0.7251062393188477,-8.193856239318848,7.46875,1
v2|head|inchoative|overlay_subject_check_s01_ovolo|bad|retrieve|1288,head,inchoative,bad,retrieve,ovolo,overlay_arg_1_match,overlay_subject_check_s01,3.69,head,supplemental_v2_bad_verbs, the,.,-1.035151720046997,-9.253901481628418,8.21875,1
v2|head|inchoative|overlay_subject_check_s01_ovolo|bad|suppress|1289,head,inchoative,bad,suppress,ovolo,overlay_arg_1_match,overlay_subject_check_s01,3.66,head,supplemental_v2_bad_verbs, the,.,-1.0452747344970703,-5.98277473449707,4.9375,1
v2|head|inchoative|overlay_subject_lab_s00_tsouic|good|accelerate|1460,head,inchoative,good,accelerate,tsouic,overlay_arg_1_match,overlay_subject_lab_s00,3.6600000858306885,head,freqblimp_curated,., the,-5.56878662109375,-1.131286382675171,-4.4375,0
v2|head|inchoative|overlay_subject_lab_s00_tsouic|good|awaken|1461,head,inchoative,good,awaken,tsouic,overlay_arg_1_match,overlay_subject_lab_s00,3.7200000286102295,head,freqblimp_curated,., the,-3.6650218963623047,-2.6650218963623047,-1.0,0
v2|head|inchoative|overlay_subject_lab_s00_tsouic|good|bake|1462,head,inchoative,good,bake,tsouic,overlay_arg_1_match,overlay_subject_lab_s00,3.9100000858306885,head,freqblimp_curated,., the,-5.268733024597168,-2.206233024597168,-3.0625,0
v2|head|inchoative|overlay_subject_lab_s00_tsouic|good|benefit|1463,head,inchoative,good,benefit,tsouic,overlay_arg_1_match,overlay_subject_lab_s00,4.820000171661377,head,freqblimp_curated,., the,-5.319735527038574,-3.257235288619995,-2.062500238418579,0
v2|head|inchoative|overlay_subject_lab_s00_tsouic|good|burn|1464,head,inchoative,good,burn,tsouic,overlay_arg_1_match,overlay_subject_lab_s00,4.53000020980835,head,freqblimp_curated,., the,-4.624544143676758,-2.124544382095337,-2.499999761581421,0
v2|head|inchoative|overlay_subject_lab_s00_tsouic|good|change|1465,head,inchoative,good,change,tsouic,overlay_arg_1_match,overlay_subject_lab_s00,4.760000228881836,head,freqblimp_curated,., the,-4.894723892211914,-1.7697240114212036,-3.125,0
v2|head|inchoative|overlay_subject_lab_s00_tsouic|good|chip|1466,head,inchoative,good,chip,tsouic,overlay_arg_1_match,overlay_subject_lab_s00,4.309999942779541,head,freqblimp_curated,., the,-5.7225165367126465,-2.3475165367126465,-3.375,0
v2|head|inchoative|overlay_subject_lab_s00_tsouic|good|close|1467,head,inchoative,good,close,tsouic,overlay_arg_1_match,overlay_subject_lab_s00,5.360000133514404,head,freqblimp_curated,., the,-4.824924945831299,-1.5124250650405884,-3.3125,0
v2|head|inchoative|overlay_subject_lab_s00_tsouic|good|crack|1468,head,inchoative,good,crack,tsouic,overlay_arg_1_match,overlay_subject_lab_s00,4.409999847412109,head,freqblimp_curated,., the,-5.273525714874268,-1.3360258340835571,-3.9375,0
v2|head|inchoative|overlay_subject_lab_s00_tsouic|good|crash|1469,head,inchoative,good,crash,tsouic,overlay_arg_1_match,overlay_subject_lab_s00,4.550000190734863,head,freqblimp_curated,., the,-3.4402360916137695,-2.1277360916137695,-1.3125,0
v2|head|inchoative|overlay_subject_lab_s00_tsouic|good|dim|1470,head,inchoative,good,dim,tsouic,overlay_arg_1_match,overlay_subject_lab_s00,3.619999885559082,head,freqblimp_curated,., the,-4.8756184577941895,-0.8756182789802551,-4.0,0
v2|head|inchoative|overlay_subject_lab_s00_tsouic|good|drop|1471,head,inchoative,good,drop,tsouic,overlay_arg_1_match,overlay_subject_lab_s00,4.989999771118164,head,freqblimp_curated,., the,-5.241703987121582,-2.241703748703003,-3.000000238418579,0
v2|head|inchoative|overlay_subject_lab_s00_tsouic|good|dry|1472,head,inchoative,good,dry,tsouic,overlay_arg_1_match,overlay_subject_lab_s00,4.739999771118164,head,freqblimp_curated,., the,-5.67378044128418,-1.7987803220748901,-3.875,0
v2|head|inchoative|overlay_subject_lab_s00_tsouic|good|fade|1473,head,inchoative,good,fade,tsouic,overlay_arg_1_match,overlay_subject_lab_s00,3.859999895095825,head,freqblimp_curated,., the,-4.546626091003418,-2.984126091003418,-1.5625,0
v2|head|inchoative|overlay_subject_lab_s00_tsouic|good|fold|1474,head,inchoative,good,fold,tsouic,overlay_arg_1_match,overlay_subject_lab_s00,4.079999923706055,head,freqblimp_curated,., the,-6.1320013999938965,-1.8195013999938965,-4.3125,0
v2|head|inchoative|overlay_subject_lab_s00_tsouic|good|freeze|1475,head,inchoative,good,freeze,tsouic,overlay_arg_1_match,overlay_subject_lab_s00,4.110000133514404,head,freqblimp_curated,., the,-5.25318717956543,-1.5031874179840088,-3.749999761581421,0
v2|head|inchoative|overlay_subject_lab_s00_tsouic|good|grow|1476,head,inchoative,good,grow,tsouic,overlay_arg_1_match,overlay_subject_lab_s00,4.900000095367432,head,freqblimp_curated,., the,-5.230776786804199,-3.23077654838562,-2.000000238418579,0
v2|head|inchoative|overlay_subject_lab_s00_tsouic|good|melt|1477,head,inchoative,good,melt,tsouic,overlay_arg_1_match,overlay_subject_lab_s00,3.9600000381469727,head,freqblimp_curated,., the,-5.202932357788086,-1.765432357788086,-3.4375,0
v2|head|inchoative|overlay_subject_lab_s00_tsouic|good|move|1478,head,inchoative,good,move,tsouic,overlay_arg_1_match,overlay_subject_lab_s00,5.349999904632568,head,freqblimp_curated,., the,-6.0222930908203125,-2.2722933292388916,-3.749999761581421,0
v2|head|inchoative|overlay_subject_lab_s00_tsouic|good|open|1479,head,inchoative,good,open,tsouic,overlay_arg_1_match,overlay_subject_lab_s00,5.480000019073486,head,freqblimp_curated,., the,-5.566493034362793,-1.6914931535720825,-3.875,0
v2|head|inchoative|overlay_subject_lab_s00_tsouic|good|roll|1480,head,inchoative,good,roll,tsouic,overlay_arg_1_match,overlay_subject_lab_s00,4.75,head,freqblimp_curated,., the,-6.1062211990356445,-2.4187209606170654,-3.687500238418579,0
v2|head|inchoative|overlay_subject_lab_s00_tsouic|good|shrink|1482,head,inchoative,good,shrink,tsouic,overlay_arg_1_match,overlay_subject_lab_s00,3.7300000190734863,head,freqblimp_curated,., the,-4.332610130310059,-1.8326103687286377,-2.499999761581421,0
v2|head|inchoative|overlay_subject_lab_s00_tsouic|good|shut|1483,head,inchoative,good,shut,tsouic,overlay_arg_1_match,overlay_subject_lab_s00,4.78000020980835,head,freqblimp_curated,., the,-6.651123523712158,-2.401123523712158,-4.25,0
v2|head|inchoative|overlay_subject_lab_s00_tsouic|good|slow|1484,head,inchoative,good,slow,tsouic,overlay_arg_1_match,overlay_subject_lab_s00,4.849999904632568,head,freqblimp_curated,., the,-6.741942405700684,-1.6794424057006836,-5.0625,0
v2|head|inchoative|overlay_subject_lab_s00_tsouic|good|soak|1485,head,inchoative,good,soak,tsouic,overlay_arg_1_match,overlay_subject_lab_s00,3.609999895095825,head,freqblimp_curated,., the,-7.386348724365234,-1.2613489627838135,-6.125,0
v2|head|inchoative|overlay_subject_lab_s00_tsouic|good|stop|1486,head,inchoative,good,stop,tsouic,overlay_arg_1_match,overlay_subject_lab_s00,4.400000095367432,head,freqblimp_curated,., the,-5.096635818481445,-2.2216358184814453,-2.875,0
v2|head|inchoative|overlay_subject_lab_s00_tsouic|good|stretch|1487,head,inchoative,good,stretch,tsouic,overlay_arg_1_match,overlay_subject_lab_s00,4.349999904632568,head,freqblimp_curated,., the,-5.719435691833496,-1.5319359302520752,-4.1875,0
v2|head|inchoative|overlay_subject_lab_s00_tsouic|good|turn|1489,head,inchoative,good,turn,tsouic,overlay_arg_1_match,overlay_subject_lab_s00,5.320000171661377,head,freqblimp_curated,., the,-6.9115309715271,-2.4740309715270996,-4.4375,0
v2|head|inchoative|overlay_subject_lab_s00_tsouic|good|twist|1490,head,inchoative,good,twist,tsouic,overlay_arg_1_match,overlay_subject_lab_s00,4.21999979019165,head,freqblimp_curated,., the,-5.6916046142578125,-1.4416046142578125,-4.25,0
v2|head|inchoative|overlay_subject_lab_s00_tsouic|good|warp|1491,head,inchoative,good,warp,tsouic,overlay_arg_1_match,overlay_subject_lab_s00,3.630000114440918,head,freqblimp_curated,., the,-5.2328081130981445,-1.4828083515167236,-3.749999761581421,0
v2|head|inchoative|overlay_subject_lab_s00_tsouic|good|worry|1492,head,inchoative,good,worry,tsouic,overlay_arg_1_match,overlay_subject_lab_s00,4.840000152587891,head,freqblimp_curated,., the,-4.530003070831299,-3.842503070831299,-0.6875,0
v2|head|inchoative|overlay_subject_visit_s00_twinkie|good|accelerate|1592,head,inchoative,good,accelerate,twinkie,overlay_arg_1_match,overlay_subject_visit_s00,3.6600000858306885,head,freqblimp_curated,., the,-4.841114044189453,-2.4661142826080322,-2.374999761581421,0
v2|head|inchoative|overlay_subject_visit_s00_twinkie|good|awaken|1593,head,inchoative,good,awaken,twinkie,overlay_arg_1_match,overlay_subject_visit_s00,3.7200000286102295,head,freqblimp_curated,., the,-3.4322049617767334,-3.6822049617767334,0.25,1
v2|head|inchoative|overlay_subject_visit_s00_twinkie|good|bake|1594,head,inchoative,good,bake,twinkie,overlay_arg_1_match,overlay_subject_visit_s00,3.9100000858306885,head,freqblimp_curated,., the,-5.441808223724365,-2.8168082237243652,-2.625,0
v2|head|inchoative|overlay_subject_visit_s00_twinkie|good|benefit|1595,head,inchoative,good,benefit,twinkie,overlay_arg_1_match,overlay_subject_visit_s00,4.820000171661377,head,freqblimp_curated,., the,-4.909818172454834,-4.034818172454834,-0.875,0
v2|head|inchoative|overlay_subject_visit_s00_twinkie|good|burn|1596,head,inchoative,good,burn,twinkie,overlay_arg_1_match,overlay_subject_visit_s00,4.53000020980835,head,freqblimp_curated,., the,-3.76477313041687,-2.95227313041687,-0.8125,0
v2|head|inchoative|overlay_subject_visit_s00_twinkie|good|change|1597,head,inchoative,good,change,twinkie,overlay_arg_1_match,overlay_subject_visit_s00,4.760000228881836,head,freqblimp_curated,., the,-4.276956558227539,-2.964456558227539,-1.3125,0
v2|head|inchoative|overlay_subject_visit_s00_twinkie|good|chip|1598,head,inchoative,good,chip,twinkie,overlay_arg_1_match,overlay_subject_visit_s00,4.309999942779541,head,freqblimp_curated,., the,-7.0752105712890625,-3.2627108097076416,-3.812499761581421,0
v2|head|inchoative|overlay_subject_visit_s00_twinkie|good|close|1599,head,inchoative,good,close,twinkie,overlay_arg_1_match,overlay_subject_visit_s00,5.360000133514404,head,freqblimp_curated,., the,-5.6279096603393555,-1.4404098987579346,-4.1875,0
v2|head|inchoative|overlay_subject_visit_s00_twinkie|good|crack|1600,head,inchoative,good,crack,twinkie,overlay_arg_1_match,overlay_subject_visit_s00,4.409999847412109,head,freqblimp_curated,., the,-5.147068023681641,-2.2720680236816406,-2.875,0
v2|head|inchoative|overlay_subject_visit_s00_twinkie|good|crash|1601,head,inchoative,good,crash,twinkie,overlay_arg_1_match,overlay_subject_visit_s00,4.550000190734863,head,freqblimp_curated,., the,-3.7399826049804688,-3.1774826049804688,-0.5625,0
v2|head|inchoative|overlay_subject_visit_s00_twinkie|good|dim|1602,head,inchoative,good,dim,twinkie,overlay_arg_1_match,overlay_subject_visit_s00,3.619999885559082,head,freqblimp_curated,., the,-5.176795482635498,-2.051795482635498,-3.125,0
v2|head|inchoative|overlay_subject_visit_s00_twinkie|good|drop|1603,head,inchoative,good,drop,twinkie,overlay_arg_1_match,overlay_subject_visit_s00,4.989999771118164,head,freqblimp_curated,., the,-7.1350789070129395,-2.3225789070129395,-4.8125,0
v2|head|inchoative|overlay_subject_visit_s00_twinkie|good|dry|1604,head,inchoative,good,dry,twinkie,overlay_arg_1_match,overlay_subject_visit_s00,4.739999771118164,head,freqblimp_curated,., the,-4.868739128112793,-3.243739366531372,-1.624999761581421,0
v2|head|inchoative|overlay_subject_visit_s00_twinkie|good|fade|1605,head,inchoative,good,fade,twinkie,overlay_arg_1_match,overlay_subject_visit_s00,3.859999895095825,head,freqblimp_curated,., the,-4.646786689758301,-5.834286689758301,1.1875,1
v2|head|inchoative|overlay_subject_visit_s00_twinkie|good|fold|1606,head,inchoative,good,fold,twinkie,overlay_arg_1_match,overlay_subject_visit_s00,4.079999923706055,head,freqblimp_curated,., the,-4.9427490234375,-2.1927490234375,-2.75,0
v2|head|inchoative|overlay_subject_visit_s00_twinkie|good|freeze|1607,head,inchoative,good,freeze,twinkie,overlay_arg_1_match,overlay_subject_visit_s00,4.110000133514404,head,freqblimp_curated,., the,-3.4395534992218018,-3.1270534992218018,-0.3125,0
v2|head|inchoative|overlay_subject_visit_s00_twinkie|good|grow|1608,head,inchoative,good,grow,twinkie,overlay_arg_1_match,overlay_subject_visit_s00,4.900000095367432,head,freqblimp_curated,., the,-4.517712593078613,-5.017712593078613,0.5,1
v2|head|inchoative|overlay_subject_visit_s00_twinkie|good|melt|1609,head,inchoative,good,melt,twinkie,overlay_arg_1_match,overlay_subject_visit_s00,3.9600000381469727,head,freqblimp_curated,., the,-3.9015698432922363,-3.7765698432922363,-0.125,0
v2|head|inchoative|overlay_subject_visit_s00_twinkie|good|move|1610,head,inchoative,good,move,twinkie,overlay_arg_1_match,overlay_subject_visit_s00,5.349999904632568,head,freqblimp_curated,., the,-6.707054615020752,-4.082054615020752,-2.625,0
v2|head|inchoative|overlay_subject_visit_s00_twinkie|good|open|1611,head,inchoative,good,open,twinkie,overlay_arg_1_match,overlay_subject_visit_s00,5.480000019073486,head,freqblimp_curated,., the,-6.504479885101318,-1.6294798851013184,-4.875,0
v2|head|inchoative|overlay_subject_visit_s00_twinkie|good|roll|1612,head,inchoative,good,roll,twinkie,overlay_arg_1_match,overlay_subject_visit_s00,4.75,head,freqblimp_curated,., the,-6.487758636474609,-4.175258636474609,-2.3125,0
v2|head|inchoative|overlay_subject_visit_s00_twinkie|good|shrink|1614,head,inchoative,good,shrink,twinkie,overlay_arg_1_match,overlay_subject_visit_s00,3.7300000190734863,head,freqblimp_curated,., the,-3.8511300086975098,-5.03863000869751,1.1875,1
v2|head|inchoative|overlay_subject_visit_s00_twinkie|good|shut|1615,head,inchoative,good,shut,twinkie,overlay_arg_1_match,overlay_subject_visit_s00,4.78000020980835,head,freqblimp_curated,., the,-7.309103965759277,-2.0591039657592773,-5.25,0
v2|head|inchoative|overlay_subject_visit_s00_twinkie|good|slow|1616,head,inchoative,good,slow,twinkie,overlay_arg_1_match,overlay_subject_visit_s00,4.849999904632568,head,freqblimp_curated,., the,-7.341797351837158,-3.404297351837158,-3.9375,0
v2|head|inchoative|overlay_subject_visit_s00_twinkie|good|soak|1617,head,inchoative,good,soak,twinkie,overlay_arg_1_match,overlay_subject_visit_s00,3.609999895095825,head,freqblimp_curated,., the,-6.9636335372924805,-3.7136335372924805,-3.25,0
v2|head|inchoative|overlay_subject_visit_s00_twinkie|good|stop|1618,head,inchoative,good,stop,twinkie,overlay_arg_1_match,overlay_subject_visit_s00,4.400000095367432,head,freqblimp_curated,., the,-6.2989726066589355,-4.6114726066589355,-1.6875,0
v2|head|inchoative|overlay_subject_visit_s00_twinkie|good|stretch|1619,head,inchoative,good,stretch,twinkie,overlay_arg_1_match,overlay_subject_visit_s00,4.349999904632568,head,freqblimp_curated,., the,-6.243766784667969,-3.8687667846679688,-2.375,0
v2|head|inchoative|overlay_subject_visit_s00_twinkie|good|turn|1621,head,inchoative,good,turn,twinkie,overlay_arg_1_match,overlay_subject_visit_s00,5.320000171661377,head,freqblimp_curated,., the,-7.212906837463379,-3.337907075881958,-3.874999761581421,0
v2|head|inchoative|overlay_subject_visit_s00_twinkie|good|twist|1622,head,inchoative,good,twist,twinkie,overlay_arg_1_match,overlay_subject_visit_s00,4.21999979019165,head,freqblimp_curated,., the,-5.381053447723389,-2.5060534477233887,-2.875,0
v2|head|inchoative|overlay_subject_visit_s00_twinkie|good|warp|1623,head,inchoative,good,warp,twinkie,overlay_arg_1_match,overlay_subject_visit_s00,3.630000114440918,head,freqblimp_curated,., the,-5.184130668640137,-2.371630907058716,-2.812499761581421,0
v2|head|inchoative|overlay_subject_visit_s00_twinkie|good|worry|1624,head,inchoative,good,worry,twinkie,overlay_arg_1_match,overlay_subject_visit_s00,4.840000152587891,head,freqblimp_curated,., the,-4.414737224578857,-3.7272369861602783,-0.6875002384185791,0
v2|head|inchoative|overlay_subject_visit_s01_twinkler|good|accelerate|1625,head,inchoative,good,accelerate,twinkler,overlay_arg_1_match,overlay_subject_visit_s01,3.6600000858306885,head,freqblimp_curated,., the,-5.71469783782959,-2.3396975994110107,-3.375000238418579,0
v2|head|inchoative|overlay_subject_visit_s01_twinkler|good|awaken|1626,head,inchoative,good,awaken,twinkler,overlay_arg_1_match,overlay_subject_visit_s01,3.7200000286102295,head,freqblimp_curated,., the,-3.99117112159729,-2.42867112159729,-1.5625,0
v2|head|inchoative|overlay_subject_visit_s01_twinkler|good|bake|1627,head,inchoative,good,bake,twinkler,overlay_arg_1_match,overlay_subject_visit_s01,3.9100000858306885,head,freqblimp_curated,., the,-5.6326494216918945,-2.5076494216918945,-3.125,0
v2|head|inchoative|overlay_subject_visit_s01_twinkler|good|benefit|1628,head,inchoative,good,benefit,twinkler,overlay_arg_1_match,overlay_subject_visit_s01,4.820000171661377,head,freqblimp_curated,., the,-5.918581485748291,-4.418581485748291,-1.5,0
v2|head|inchoative|overlay_subject_visit_s01_twinkler|good|burn|1629,head,inchoative,good,burn,twinkler,overlay_arg_1_match,overlay_subject_visit_s01,4.53000020980835,head,freqblimp_curated,., the,-6.896629810333252,-2.334129810333252,-4.5625,0
v2|head|inchoative|overlay_subject_visit_s01_twinkler|good|change|1630,head,inchoative,good,change,twinkler,overlay_arg_1_match,overlay_subject_visit_s01,4.760000228881836,head,freqblimp_curated,., the,-5.164865970611572,-2.2273659706115723,-2.9375,0
v2|head|inchoative|overlay_subject_visit_s01_twinkler|good|chip|1631,head,inchoative,good,chip,twinkler,overlay_arg_1_match,overlay_subject_visit_s01,4.309999942779541,head,freqblimp_curated,., the,-7.221939563751221,-3.0969395637512207,-4.125,0
v2|head|inchoative|overlay_subject_visit_s01_twinkler|good|close|1632,head,inchoative,good,close,twinkler,overlay_arg_1_match,overlay_subject_visit_s01,5.360000133514404,head,freqblimp_curated,., the,-5.9525299072265625,-1.0150296688079834,-4.9375,0
v2|head|inchoative|overlay_subject_visit_s01_twinkler|good|crack|1633,head,inchoative,good,crack,twinkler,overlay_arg_1_match,overlay_subject_visit_s01,4.409999847412109,head,freqblimp_curated,., the,-5.921029567718506,-1.8585295677185059,-4.0625,0
v2|head|inchoative|overlay_subject_visit_s01_twinkler|good|crash|1634,head,inchoative,good,crash,twinkler,overlay_arg_1_match,overlay_subject_visit_s01,4.550000190734863,head,freqblimp_curated,., the,-4.494297981262207,-2.119297981262207,-2.375,0
v2|head|inchoative|overlay_subject_visit_s01_twinkler|good|dim|1635,head,inchoative,good,dim,twinkler,overlay_arg_1_match,overlay_subject_visit_s01,3.619999885559082,head,freqblimp_curated,., the,-6.19719123840332,-0.7596914768218994,-5.4375,0
v2|head|inchoative|overlay_subject_visit_s01_twinkler|good|drop|1636,head,inchoative,good,drop,twinkler,overlay_arg_1_match,overlay_subject_visit_s01,4.989999771118164,head,freqblimp_curated,., the,-7.622649669647217,-2.122649669647217,-5.5,0
v2|head|inchoative|overlay_subject_visit_s01_twinkler|good|dry|1637,head,inchoative,good,dry,twinkler,overlay_arg_1_match,overlay_subject_visit_s01,4.739999771118164,head,freqblimp_curated,., the,-5.866197109222412,-2.366197109222412,-3.5,0
v2|head|inchoative|overlay_subject_visit_s01_twinkler|good|fade|1638,head,inchoative,good,fade,twinkler,overlay_arg_1_match,overlay_subject_visit_s01,3.859999895095825,head,freqblimp_curated,., the,-5.110784530639648,-4.235784530639648,-0.875,0
v2|head|inchoative|overlay_subject_visit_s01_twinkler|good|fold|1639,head,inchoative,good,fold,twinkler,overlay_arg_1_match,overlay_subject_visit_s01,4.079999923706055,head,freqblimp_curated,., the,-5.980962753295898,-1.9184625148773193,-4.0625,0
v2|head|inchoative|overlay_subject_visit_s01_twinkler|good|freeze|1640,head,inchoative,good,freeze,twinkler,overlay_arg_1_match,overlay_subject_visit_s01,4.110000133514404,head,freqblimp_curated,., the,-4.758172035217285,-1.6331721544265747,-3.125,0
v2|head|inchoative|overlay_subject_visit_s01_twinkler|good|grow|1641,head,inchoative,good,grow,twinkler,overlay_arg_1_match,overlay_subject_visit_s01,4.900000095367432,head,freqblimp_curated,., the,-5.220114707946777,-3.9076147079467773,-1.3125,0
v2|head|inchoative|overlay_subject_visit_s01_twinkler|good|melt|1642,head,inchoative,good,melt,twinkler,overlay_arg_1_match,overlay_subject_visit_s01,3.9600000381469727,head,freqblimp_curated,., the,-4.891844749450684,-2.2668445110321045,-2.625000238418579,0
v2|head|inchoative|overlay_subject_visit_s01_twinkler|good|move|1643,head,inchoative,good,move,twinkler,overlay_arg_1_match,overlay_subject_visit_s01,5.349999904632568,head,freqblimp_curated,., the,-7.382284641265869,-3.632284641265869,-3.75,0
v2|head|inchoative|overlay_subject_visit_s01_twinkler|good|open|1644,head,inchoative,good,open,twinkler,overlay_arg_1_match,overlay_subject_visit_s01,5.480000019073486,head,freqblimp_curated,., the,-7.305535316467285,-1.243035078048706,-6.0625,0
v2|head|inchoative|overlay_subject_visit_s01_twinkler|good|roll|1645,head,inchoative,good,roll,twinkler,overlay_arg_1_match,overlay_subject_visit_s01,4.75,head,freqblimp_curated,., the,-7.058095932006836,-3.245596170425415,-3.812499761581421,0
v2|head|inchoative|overlay_subject_visit_s01_twinkler|good|shrink|1647,head,inchoative,good,shrink,twinkler,overlay_arg_1_match,overlay_subject_visit_s01,3.7300000190734863,head,freqblimp_curated,., the,-4.639768600463867,-3.014768600463867,-1.625,0
v2|head|inchoative|overlay_subject_visit_s01_twinkler|good|shut|1648,head,inchoative,good,shut,twinkler,overlay_arg_1_match,overlay_subject_visit_s01,4.78000020980835,head,freqblimp_curated,., the,-8.22253704071045,-1.9100370407104492,-6.3125,0
v2|head|inchoative|overlay_subject_visit_s01_twinkler|good|slow|1649,head,inchoative,good,slow,twinkler,overlay_arg_1_match,overlay_subject_visit_s01,4.849999904632568,head,freqblimp_curated,., the,-7.491766452789307,-2.7417664527893066,-4.75,0
v2|head|inchoative|overlay_subject_visit_s01_twinkler|good|soak|1650,head,inchoative,good,soak,twinkler,overlay_arg_1_match,overlay_subject_visit_s01,3.609999895095825,head,freqblimp_curated,., the,-7.4622907638549805,-3.3372910022735596,-4.125,0
v2|head|inchoative|overlay_subject_visit_s01_twinkler|good|stop|1651,head,inchoative,good,stop,twinkler,overlay_arg_1_match,overlay_subject_visit_s01,4.400000095367432,head,freqblimp_curated,., the,-6.662759780883789,-3.66275954246521,-3.000000238418579,0
v2|head|inchoative|overlay_subject_visit_s01_twinkler|good|stretch|1652,head,inchoative,good,stretch,twinkler,overlay_arg_1_match,overlay_subject_visit_s01,4.349999904632568,head,freqblimp_curated,., the,-6.063745021820068,-3.0637450218200684,-3.0,0
v2|head|inchoative|overlay_subject_visit_s01_twinkler|good|turn|1654,head,inchoative,good,turn,twinkler,overlay_arg_1_match,overlay_subject_visit_s01,5.320000171661377,head,freqblimp_curated,., the,-8.404661178588867,-2.217160701751709,-6.187500476837158,0
v2|head|inchoative|overlay_subject_visit_s01_twinkler|good|twist|1655,head,inchoative,good,twist,twinkler,overlay_arg_1_match,overlay_subject_visit_s01,4.21999979019165,head,freqblimp_curated,., the,-6.322078704833984,-1.4470784664154053,-4.875,0
v2|head|inchoative|overlay_subject_visit_s01_twinkler|good|warp|1656,head,inchoative,good,warp,twinkler,overlay_arg_1_match,overlay_subject_visit_s01,3.630000114440918,head,freqblimp_curated,., the,-5.982790946960449,-2.29529070854187,-3.687500238418579,0
v2|head|inchoative|overlay_subject_visit_s01_twinkler|good|worry|1657,head,inchoative,good,worry,twinkler,overlay_arg_1_match,overlay_subject_visit_s01,4.840000152587891,head,freqblimp_curated,., the,-4.60899019241333,-3.60899019241333,-1.0,0
v2|head|inchoative|overlay_subject_visit_s03_twitterer|good|accelerate|1691,head,inchoative,good,accelerate,twitterer,overlay_arg_1_match,overlay_subject_visit_s03,3.6600000858306885,head,freqblimp_curated,., the,-5.2894368171691895,-0.9144368171691895,-4.375,0
v2|head|inchoative|overlay_subject_visit_s03_twitterer|good|awaken|1692,head,inchoative,good,awaken,twitterer,overlay_arg_1_match,overlay_subject_visit_s03,3.7200000286102295,head,freqblimp_curated,., the,-3.9217355251312256,-3.1717355251312256,-0.75,0
v2|head|inchoative|overlay_subject_visit_s03_twitterer|good|bake|1693,head,inchoative,good,bake,twitterer,overlay_arg_1_match,overlay_subject_visit_s03,3.9100000858306885,head,freqblimp_curated,., the,-5.7663679122924805,-2.0163676738739014,-3.750000238418579,0
v2|head|inchoative|overlay_subject_visit_s03_twitterer|good|benefit|1694,head,inchoative,good,benefit,twitterer,overlay_arg_1_match,overlay_subject_visit_s03,4.820000171661377,head,freqblimp_curated,., the,-5.44450569152832,-3.882005453109741,-1.562500238418579,0
v2|head|inchoative|overlay_subject_visit_s03_twitterer|good|burn|1695,head,inchoative,good,burn,twitterer,overlay_arg_1_match,overlay_subject_visit_s03,4.53000020980835,head,freqblimp_curated,., the,-8.279494285583496,-1.9044939279556274,-6.375000476837158,0
v2|head|inchoative|overlay_subject_visit_s03_twitterer|good|change|1696,head,inchoative,good,change,twitterer,overlay_arg_1_match,overlay_subject_visit_s03,4.760000228881836,head,freqblimp_curated,., the,-6.629866600036621,-1.254866361618042,-5.375,0
v2|head|inchoative|overlay_subject_visit_s03_twitterer|good|chip|1697,head,inchoative,good,chip,twitterer,overlay_arg_1_match,overlay_subject_visit_s03,4.309999942779541,head,freqblimp_curated,., the,-8.636615753173828,-5.011615753173828,-3.625,0
v2|head|inchoative|overlay_subject_visit_s03_twitterer|good|close|1698,head,inchoative,good,close,twitterer,overlay_arg_1_match,overlay_subject_visit_s03,5.360000133514404,head,freqblimp_curated,., the,-6.798669815063477,-1.111169695854187,-5.6875,0
v2|head|inchoative|overlay_subject_visit_s03_twitterer|good|crack|1699,head,inchoative,good,crack,twitterer,overlay_arg_1_match,overlay_subject_visit_s03,4.409999847412109,head,freqblimp_curated,., the,-6.748806476593018,-2.4363064765930176,-4.3125,0
v2|head|inchoative|overlay_subject_visit_s03_twitterer|good|crash|1700,head,inchoative,good,crash,twitterer,overlay_arg_1_match,overlay_subject_visit_s03,4.550000190734863,head,freqblimp_curated,., the,-4.210512638092041,-1.460512638092041,-2.75,0
v2|head|inchoative|overlay_subject_visit_s03_twitterer|good|dim|1701,head,inchoative,good,dim,twitterer,overlay_arg_1_match,overlay_subject_visit_s03,3.619999885559082,head,freqblimp_curated,., the,-6.453530311584473,-1.203530192375183,-5.25,0
v2|head|inchoative|overlay_subject_visit_s03_twitterer|good|drop|1702,head,inchoative,good,drop,twitterer,overlay_arg_1_match,overlay_subject_visit_s03,4.989999771118164,head,freqblimp_curated,., the,-9.202298164367676,-2.139798164367676,-7.0625,0
v2|head|inchoative|overlay_subject_visit_s03_twitterer|good|dry|1703,head,inchoative,good,dry,twitterer,overlay_arg_1_match,overlay_subject_visit_s03,4.739999771118164,head,freqblimp_curated,., the,-6.349335670471191,-2.3493359088897705,-3.999999761581421,0
v2|head|inchoative|overlay_subject_visit_s03_twitterer|good|fade|1704,head,inchoative,good,fade,twitterer,overlay_arg_1_match,overlay_subject_visit_s03,3.859999895095825,head,freqblimp_curated,., the,-4.619057655334473,-4.869057655334473,0.25,1
v2|head|inchoative|overlay_subject_visit_s03_twitterer|good|fold|1705,head,inchoative,good,fold,twitterer,overlay_arg_1_match,overlay_subject_visit_s03,4.079999923706055,head,freqblimp_curated,., the,-4.527793884277344,-1.4027938842773438,-3.125,0
v2|head|inchoative|overlay_subject_visit_s03_twitterer|good|freeze|1706,head,inchoative,good,freeze,twitterer,overlay_arg_1_match,overlay_subject_visit_s03,4.110000133514404,head,freqblimp_curated,., the,-4.996559143066406,-1.3715593814849854,-3.624999761581421,0
v2|head|inchoative|overlay_subject_visit_s03_twitterer|good|grow|1707,head,inchoative,good,grow,twitterer,overlay_arg_1_match,overlay_subject_visit_s03,4.900000095367432,head,freqblimp_curated,., the,-6.736997127532959,-3.236997127532959,-3.5,0
v2|head|inchoative|overlay_subject_visit_s03_twitterer|good|melt|1708,head,inchoative,good,melt,twitterer,overlay_arg_1_match,overlay_subject_visit_s03,3.9600000381469727,head,freqblimp_curated,., the,-4.320701599121094,-2.5082015991210938,-1.8125,0
v2|head|inchoative|overlay_subject_visit_s03_twitterer|good|move|1709,head,inchoative,good,move,twitterer,overlay_arg_1_match,overlay_subject_visit_s03,5.349999904632568,head,freqblimp_curated,., the,-7.568983554840088,-3.568983554840088,-4.0,0
v2|head|inchoative|overlay_subject_visit_s03_twitterer|good|open|1710,head,inchoative,good,open,twitterer,overlay_arg_1_match,overlay_subject_visit_s03,5.480000019073486,head,freqblimp_curated,., the,-9.577336311340332,-2.077335834503174,-7.500000476837158,0
v2|head|inchoative|overlay_subject_visit_s03_twitterer|good|roll|1711,head,inchoative,good,roll,twitterer,overlay_arg_1_match,overlay_subject_visit_s03,4.75,head,freqblimp_curated,., the,-8.255372047424316,-2.1928725242614746,-6.062499523162842,0
v2|head|inchoative|overlay_subject_visit_s03_twitterer|good|shrink|1713,head,inchoative,good,shrink,twitterer,overlay_arg_1_match,overlay_subject_visit_s03,3.7300000190734863,head,freqblimp_curated,., the,-4.5597124099731445,-2.7472126483917236,-1.812499761581421,0
v2|head|inchoative|overlay_subject_visit_s03_twitterer|good|shut|1714,head,inchoative,good,shut,twitterer,overlay_arg_1_match,overlay_subject_visit_s03,4.78000020980835,head,freqblimp_curated,., the,-8.424001693725586,-2.486501455307007,-5.9375,0
v2|head|inchoative|overlay_subject_visit_s03_twitterer|good|slow|1715,head,inchoative,good,slow,twitterer,overlay_arg_1_match,overlay_subject_visit_s03,4.849999904632568,head,freqblimp_curated,., the,-8.519856452941895,-3.0198559761047363,-5.500000476837158,0
v2|head|inchoative|overlay_subject_visit_s03_twitterer|good|soak|1716,head,inchoative,good,soak,twitterer,overlay_arg_1_match,overlay_subject_visit_s03,3.609999895095825,head,freqblimp_curated,., the,-8.459602355957031,-3.8971028327941895,-4.562499523162842,0
v2|head|inchoative|overlay_subject_visit_s03_twitterer|good|stop|1717,head,inchoative,good,stop,twitterer,overlay_arg_1_match,overlay_subject_visit_s03,4.400000095367432,head,freqblimp_curated,., the,-7.3296003341674805,-3.8921003341674805,-3.4375,0
v2|head|inchoative|overlay_subject_visit_s03_twitterer|good|stretch|1718,head,inchoative,good,stretch,twitterer,overlay_arg_1_match,overlay_subject_visit_s03,4.349999904632568,head,freqblimp_curated,., the,-7.062751293182373,-2.875251293182373,-4.1875,0
v2|head|inchoative|overlay_subject_visit_s03_twitterer|good|turn|1720,head,inchoative,good,turn,twitterer,overlay_arg_1_match,overlay_subject_visit_s03,5.320000171661377,head,freqblimp_curated,., the,-9.11751651763916,-2.2112667560577393,-6.90625,0
v2|head|inchoative|overlay_subject_visit_s03_twitterer|good|twist|1721,head,inchoative,good,twist,twitterer,overlay_arg_1_match,overlay_subject_visit_s03,4.21999979019165,head,freqblimp_curated,., the,-5.587821960449219,-1.1503217220306396,-4.4375,0
v2|head|inchoative|overlay_subject_visit_s03_twitterer|good|warp|1722,head,inchoative,good,warp,twitterer,overlay_arg_1_match,overlay_subject_visit_s03,3.630000114440918,head,freqblimp_curated,., the,-5.728236198425293,-2.353236436843872,-3.374999761581421,0
v2|head|inchoative|overlay_subject_visit_s03_twitterer|good|worry|1723,head,inchoative,good,worry,twitterer,overlay_arg_1_match,overlay_subject_visit_s03,4.840000152587891,head,freqblimp_curated,., the,-5.349413871765137,-3.599414110183716,-1.749999761581421,0
v2|head|inchoative|overlay_subject_check_s01_ovolo|good|accelerate|1757,head,inchoative,good,accelerate,ovolo,overlay_arg_1_match,overlay_subject_check_s01,3.6600000858306885,head,freqblimp_curated,., the,-4.168601989746094,-3.3561019897460938,-0.8125,0
v2|head|inchoative|overlay_subject_check_s01_ovolo|good|awaken|1758,head,inchoative,good,awaken,ovolo,overlay_arg_1_match,overlay_subject_check_s01,3.7200000286102295,head,freqblimp_curated,., the,-2.913696765899658,-3.226196765899658,0.3125,1
v2|head|inchoative|overlay_subject_check_s01_ovolo|good|bake|1759,head,inchoative,good,bake,ovolo,overlay_arg_1_match,overlay_subject_check_s01,3.9100000858306885,head,freqblimp_curated,., the,-4.2407073974609375,-1.8032071590423584,-2.437500238418579,0
v2|head|inchoative|overlay_subject_check_s01_ovolo|good|benefit|1760,head,inchoative,good,benefit,ovolo,overlay_arg_1_match,overlay_subject_check_s01,4.820000171661377,head,freqblimp_curated,., the,-5.105562686920166,-3.793062686920166,-1.3125,0
v2|head|inchoative|overlay_subject_check_s01_ovolo|good|burn|1761,head,inchoative,good,burn,ovolo,overlay_arg_1_match,overlay_subject_check_s01,4.53000020980835,head,freqblimp_curated,., the,-4.507206916809082,-2.194706916809082,-2.3125,0
v2|head|inchoative|overlay_subject_check_s01_ovolo|good|change|1762,head,inchoative,good,change,ovolo,overlay_arg_1_match,overlay_subject_check_s01,4.760000228881836,head,freqblimp_curated,., the,-4.930098533630371,-2.492598533630371,-2.4375,0
v2|head|inchoative|overlay_subject_check_s01_ovolo|good|chip|1763,head,inchoative,good,chip,ovolo,overlay_arg_1_match,overlay_subject_check_s01,4.309999942779541,head,freqblimp_curated,., the,-5.137487411499023,-2.0749874114990234,-3.0625,0
v2|head|inchoative|overlay_subject_check_s01_ovolo|good|close|1764,head,inchoative,good,close,ovolo,overlay_arg_1_match,overlay_subject_check_s01,5.360000133514404,head,freqblimp_curated,., the,-4.262462615966797,-1.8874626159667969,-2.375,0
v2|head|inchoative|overlay_subject_check_s01_ovolo|good|crack|1765,head,inchoative,good,crack,ovolo,overlay_arg_1_match,overlay_subject_check_s01,4.409999847412109,head,freqblimp_curated,., the,-3.800586462020874,-1.925586462020874,-1.875,0
v2|head|inchoative|overlay_subject_check_s01_ovolo|good|crash|1766,head,inchoative,good,crash,ovolo,overlay_arg_1_match,overlay_subject_check_s01,4.550000190734863,head,freqblimp_curated,., the,-2.622174024581909,-3.309674024581909,0.6875,1
v2|head|inchoative|overlay_subject_check_s01_ovolo|good|dim|1767,head,inchoative,good,dim,ovolo,overlay_arg_1_match,overlay_subject_check_s01,3.619999885559082,head,freqblimp_curated,., the,-3.8802003860473633,-1.8177003860473633,-2.0625,0
v2|head|inchoative|overlay_subject_check_s01_ovolo|good|drop|1768,head,inchoative,good,drop,ovolo,overlay_arg_1_match,overlay_subject_check_s01,4.989999771118164,head,freqblimp_curated,., the,-5.1064276695251465,-2.0439276695251465,-3.0625,0
v2|head|inchoative|overlay_subject_check_s01_ovolo|good|dry|1769,head,inchoative,good,dry,ovolo,overlay_arg_1_match,overlay_subject_check_s01,4.739999771118164,head,freqblimp_curated,., the,-4.51760196685791,-2.39260196685791,-2.125,0
v2|head|inchoative|overlay_subject_check_s01_ovolo|good|fade|1770,head,inchoative,good,fade,ovolo,overlay_arg_1_match,overlay_subject_check_s01,3.859999895095825,head,freqblimp_curated,., the,-4.607996463775635,-3.7329964637756348,-0.875,0
v2|head|inchoative|overlay_subject_check_s01_ovolo|good|fold|1771,head,inchoative,good,fold,ovolo,overlay_arg_1_match,overlay_subject_check_s01,4.079999923706055,head,freqblimp_curated,., the,-4.891252517700195,-2.391252279281616,-2.500000238418579,0
v2|head|inchoative|overlay_subject_check_s01_ovolo|good|freeze|1772,head,inchoative,good,freeze,ovolo,overlay_arg_1_match,overlay_subject_check_s01,4.110000133514404,head,freqblimp_curated,., the,-3.464449405670166,-2.151949405670166,-1.3125,0
v2|head|inchoative|overlay_subject_check_s01_ovolo|good|grow|1773,head,inchoative,good,grow,ovolo,overlay_arg_1_match,overlay_subject_check_s01,4.900000095367432,head,freqblimp_curated,., the,-4.47316837310791,-4.16066837310791,-0.3125,0
v2|head|inchoative|overlay_subject_check_s01_ovolo|good|melt|1774,head,inchoative,good,melt,ovolo,overlay_arg_1_match,overlay_subject_check_s01,3.9600000381469727,head,freqblimp_curated,., the,-3.51735782623291,-2.01735782623291,-1.5,0
v2|head|inchoative|overlay_subject_check_s01_ovolo|good|move|1775,head,inchoative,good,move,ovolo,overlay_arg_1_match,overlay_subject_check_s01,5.349999904632568,head,freqblimp_curated,., the,-5.420925140380859,-2.7334249019622803,-2.687500238418579,0
v2|head|inchoative|overlay_subject_check_s01_ovolo|good|open|1776,head,inchoative,good,open,ovolo,overlay_arg_1_match,overlay_subject_check_s01,5.480000019073486,head,freqblimp_curated,., the,-4.002187728881836,-2.189687490463257,-1.812500238418579,0
v2|head|inchoative|overlay_subject_check_s01_ovolo|good|roll|1777,head,inchoative,good,roll,ovolo,overlay_arg_1_match,overlay_subject_check_s01,4.75,head,freqblimp_curated,., the,-5.026673316955566,-3.0266733169555664,-2.0,0
v2|head|inchoative|overlay_subject_check_s01_ovolo|good|shrink|1779,head,inchoative,good,shrink,ovolo,overlay_arg_1_match,overlay_subject_check_s01,3.7300000190734863,head,freqblimp_curated,., the,-3.940310001373291,-2.877810001373291,-1.0625,0
v2|head|inchoative|overlay_subject_check_s01_ovolo|good|shut|1780,head,inchoative,good,shut,ovolo,overlay_arg_1_match,overlay_subject_check_s01,4.78000020980835,head,freqblimp_curated,., the,-5.608071804046631,-2.608071804046631,-3.0,0
v2|head|inchoative|overlay_subject_check_s01_ovolo|good|slow|1781,head,inchoative,good,slow,ovolo,overlay_arg_1_match,overlay_subject_check_s01,4.849999904632568,head,freqblimp_curated,., the,-5.715683937072754,-3.340683937072754,-2.375,0
v2|head|inchoative|overlay_subject_check_s01_ovolo|good|soak|1782,head,inchoative,good,soak,ovolo,overlay_arg_1_match,overlay_subject_check_s01,3.609999895095825,head,freqblimp_curated,., the,-5.405941963195801,-2.093441963195801,-3.3125,0
v2|head|inchoative|overlay_subject_check_s01_ovolo|good|stop|1783,head,inchoative,good,stop,ovolo,overlay_arg_1_match,overlay_subject_check_s01,4.400000095367432,head,freqblimp_curated,., the,-3.9947474002838135,-2.9322474002838135,-1.0625,0
v2|head|inchoative|overlay_subject_check_s01_ovolo|good|stretch|1784,head,inchoative,good,stretch,ovolo,overlay_arg_1_match,overlay_subject_check_s01,4.349999904632568,head,freqblimp_curated,., the,-5.315725326538086,-2.503225326538086,-2.8125,0
v2|head|inchoative|overlay_subject_check_s01_ovolo|good|turn|1786,head,inchoative,good,turn,ovolo,overlay_arg_1_match,overlay_subject_check_s01,5.320000171661377,head,freqblimp_curated,., the,-5.20681095123291,-2.9568111896514893,-2.249999761581421,0
v2|head|inchoative|overlay_subject_check_s01_ovolo|good|twist|1787,head,inchoative,good,twist,ovolo,overlay_arg_1_match,overlay_subject_check_s01,4.21999979019165,head,freqblimp_curated,., the,-4.554172515869141,-2.1791722774505615,-2.375000238418579,0
v2|head|inchoative|overlay_subject_check_s01_ovolo|good|warp|1788,head,inchoative,good,warp,ovolo,overlay_arg_1_match,overlay_subject_check_s01,3.630000114440918,head,freqblimp_curated,., the,-4.451982021331787,-1.764482021331787,-2.6875,0
v2|head|inchoative|overlay_subject_check_s01_ovolo|good|worry|1789,head,inchoative,good,worry,ovolo,overlay_arg_1_match,overlay_subject_check_s01,4.840000152587891,head,freqblimp_curated,., the,-4.331723690032959,-2.831723690032959,-1.5,0
v2|low|causative|overlay_subject_lab_s00_magpie|bad|abscond|2120,low,causative,bad,abscond,magpie,overlay_arg_1_match,overlay_subject_lab_s00,2.07,xtail,supplemental_v2_bad_verbs,., the,-3.535888433456421,-4.785888671875,1.250000238418579,1
v2|low|causative|overlay_subject_lab_s00_magpie|bad|amble|2122,low,causative,bad,amble,magpie,overlay_arg_1_match,overlay_subject_lab_s00,2.3,low_gap,supplemental_v2_bad_verbs,., the,-6.9485979080200195,-6.1360979080200195,-0.8125,0
v2|low|causative|overlay_subject_lab_s00_magpie|bad|bicker|2123,low,causative,bad,bicker,magpie,overlay_arg_1_match,overlay_subject_lab_s00,2.56,tail,supplemental_v2_bad_verbs,., the,-4.494289398193359,-6.306789398193359,1.8125,1
v2|low|causative|overlay_subject_lab_s00_magpie|bad|capitulate|2125,low,causative,bad,capitulate,magpie,overlay_arg_1_match,overlay_subject_lab_s00,2.5,tail,supplemental_v2_bad_verbs,., the,-2.640744686126709,-6.015744686126709,3.375,1
v2|low|causative|overlay_subject_lab_s00_magpie|bad|cower|2127,low,causative,bad,cower,magpie,overlay_arg_1_match,overlay_subject_lab_s00,2.55,tail,supplemental_v2_bad_verbs,., the,-3.7729432582855225,-5.710443496704102,1.937500238418579,1
v2|low|causative|overlay_subject_lab_s00_magpie|bad|dither|2130,low,causative,bad,dither,magpie,overlay_arg_1_match,overlay_subject_lab_s00,2.11,xtail,supplemental_v2_bad_verbs,., the,-3.9804933071136475,-4.605493545532227,0.6250002384185791,1
v2|low|causative|overlay_subject_lab_s00_magpie|bad|flirt|2131,low,causative,bad,flirt,magpie,overlay_arg_1_match,overlay_subject_lab_s00,2.8399999141693115,tail,freqblimp_curated,., the,-4.504311561584473,-7.004311561584473,2.5,1
v2|low|causative|overlay_subject_lab_s00_magpie|bad|frolic|2132,low,causative,bad,frolic,magpie,overlay_arg_1_match,overlay_subject_lab_s00,2.68,tail,supplemental_v2_bad_verbs,., the,-4.583270072937012,-6.395770072937012,1.8125,1
v2|low|causative|overlay_subject_lab_s00_magpie|bad|grimace|2134,low,causative,bad,grimace,magpie,overlay_arg_1_match,overlay_subject_lab_s00,2.61,tail,supplemental_v2_bad_verbs,., the,-3.588498115539551,-5.963498115539551,2.375,1
v2|low|causative|overlay_subject_lab_s00_magpie|bad|hibernate|2136,low,causative,bad,hibernate,magpie,overlay_arg_1_match,overlay_subject_lab_s00,2.7,tail,supplemental_v2_bad_verbs,., the,-3.1074533462524414,-4.919953346252441,1.8125,1
v2|low|causative|overlay_subject_lab_s00_magpie|bad|hobble|2138,low,causative,bad,hobble,magpie,overlay_arg_1_match,overlay_subject_lab_s00,2.41,tail,supplemental_v2_bad_verbs,., the,-5.6067118644714355,-4.1067118644714355,-1.5,0
v2|low|causative|overlay_subject_lab_s00_magpie|bad|loiter|2139,low,causative,bad,loiter,magpie,overlay_arg_1_match,overlay_subject_lab_s00,2.38,low_gap,supplemental_v2_bad_verbs,., the,-5.087593078613281,-7.212593078613281,2.125,1
v2|low|causative|overlay_subject_lab_s00_magpie|bad|meander|2140,low,causative,bad,meander,magpie,overlay_arg_1_match,overlay_subject_lab_s00,2.69,tail,supplemental_v2_bad_verbs,., the,-5.531031131744385,-3.9060311317443848,-1.625,0
v2|low|causative|overlay_subject_lab_s00_magpie|bad|perspire|2143,low,causative,bad,perspire,magpie,overlay_arg_1_match,overlay_subject_lab_s00,2.0,xtail,supplemental_v2_bad_verbs,., the,-2.9959802627563477,-4.870980262756348,1.875,1
v2|low|causative|overlay_subject_lab_s00_magpie|bad|prattle|2144,low,causative,bad,prattle,magpie,overlay_arg_1_match,overlay_subject_lab_s00,2.18,xtail,supplemental_v2_bad_verbs,., the,-4.49220609664917,-4.67970609664917,0.1875,1
v2|low|causative|overlay_subject_lab_s00_magpie|bad|recline|2146,low,causative,bad,recline,magpie,overlay_arg_1_match,overlay_subject_lab_s00,2.51,tail,supplemental_v2_bad_verbs,., the,-5.497251033782959,-6.372251033782959,0.875,1
v2|low|causative|overlay_subject_lab_s00_magpie|bad|retaliate|2147,low,causative,bad,retaliate,magpie,overlay_arg_1_match,overlay_subject_lab_s00,3.0999999046325684,tail,freqblimp_curated,., the,-2.968350410461426,-6.218350410461426,3.25,1
v2|low|causative|overlay_subject_lab_s00_magpie|bad|saunter|2148,low,causative,bad,saunter,magpie,overlay_arg_1_match,overlay_subject_lab_s00,2.23,low_gap,supplemental_v2_bad_verbs,., the,-6.6749162673950195,-5.4874162673950195,-1.1875,0
v2|low|causative|overlay_subject_lab_s00_magpie|bad|shiver|2149,low,causative,bad,shiver,magpie,overlay_arg_1_match,overlay_subject_lab_s00,3.05,tail,supplemental_v2_bad_verbs,., the,-3.2318577766418457,-4.669357776641846,1.4375,1
v2|low|causative|overlay_subject_lab_s00_magpie|bad|snore|2150,low,causative,bad,snore,magpie,overlay_arg_1_match,overlay_subject_lab_s00,2.76,tail,supplemental_v2_bad_verbs,., the,-2.350135326385498,-5.287635326385498,2.9375,1
v2|low|causative|overlay_subject_lab_s00_magpie|bad|tremble|2152,low,causative,bad,tremble,magpie,overlay_arg_1_match,overlay_subject_lab_s00,3.04,tail,supplemental_v2_bad_verbs,., the,-3.3980517387390137,-5.460551738739014,2.0625,1
v2|low|causative|overlay_subject_lab_s00_magpie|bad|wail|2154,low,causative,bad,wail,magpie,overlay_arg_1_match,overlay_subject_lab_s00,2.9,tail,supplemental_v2_bad_verbs,., the,-3.1984994411468506,-4.57349967956543,1.375000238418579,1
v2|low|causative|overlay_subject_lab_s00_magpie|bad|yawn|2155,low,causative,bad,yawn,magpie,overlay_arg_1_match,overlay_subject_lab_s00,3.069999933242798,tail,freqblimp_curated,., the,-2.8983571529388428,-5.773357391357422,2.875000238418579,1
v2|low|causative|overlay_subject_lab_s01_magus|bad|abscond|2156,low,causative,bad,abscond,magus,overlay_arg_1_match,overlay_subject_lab_s01,2.07,xtail,supplemental_v2_bad_verbs,., the,-3.489367961883545,-4.364367961883545,0.875,1
v2|low|causative|overlay_subject_lab_s01_magus|bad|amble|2158,low,causative,bad,amble,magus,overlay_arg_1_match,overlay_subject_lab_s01,2.3,low_gap,supplemental_v2_bad_verbs,., the,-5.946903705596924,-4.696903705596924,-1.25,0
v2|low|causative|overlay_subject_lab_s01_magus|bad|bicker|2159,low,causative,bad,bicker,magus,overlay_arg_1_match,overlay_subject_lab_s01,2.56,tail,supplemental_v2_bad_verbs,., the,-4.628015995025635,-6.628015995025635,2.0,1
v2|low|causative|overlay_subject_lab_s01_magus|bad|capitulate|2161,low,causative,bad,capitulate,magus,overlay_arg_1_match,overlay_subject_lab_s01,2.5,tail,supplemental_v2_bad_verbs,., the,-2.148465871810913,-4.460966110229492,2.312500238418579,1
v2|low|causative|overlay_subject_lab_s01_magus|bad|cower|2163,low,causative,bad,cower,magus,overlay_arg_1_match,overlay_subject_lab_s01,2.55,tail,supplemental_v2_bad_verbs,., the,-3.281503677368164,-5.156503677368164,1.875,1
v2|low|causative|overlay_subject_lab_s01_magus|bad|dither|2166,low,causative,bad,dither,magus,overlay_arg_1_match,overlay_subject_lab_s01,2.11,xtail,supplemental_v2_bad_verbs,., the,-3.955422878265381,-2.642922878265381,-1.3125,0
v2|low|causative|overlay_subject_lab_s01_magus|bad|flirt|2167,low,causative,bad,flirt,magus,overlay_arg_1_match,overlay_subject_lab_s01,2.8399999141693115,tail,freqblimp_curated,., the,-4.983454704284668,-6.545954704284668,1.5625,1
v2|low|causative|overlay_subject_lab_s01_magus|bad|frolic|2168,low,causative,bad,frolic,magus,overlay_arg_1_match,overlay_subject_lab_s01,2.68,tail,supplemental_v2_bad_verbs,., the,-4.308309555053711,-5.308309555053711,1.0,1
v2|low|causative|overlay_subject_lab_s01_magus|bad|grimace|2170,low,causative,bad,grimace,magus,overlay_arg_1_match,overlay_subject_lab_s01,2.61,tail,supplemental_v2_bad_verbs,., the,-2.60653018951416,-5.91903018951416,3.3125,1
v2|low|causative|overlay_subject_lab_s01_magus|bad|hibernate|2172,low,causative,bad,hibernate,magus,overlay_arg_1_match,overlay_subject_lab_s01,2.7,tail,supplemental_v2_bad_verbs,., the,-2.7091968059539795,-3.8966968059539795,1.1875,1
v2|low|causative|overlay_subject_lab_s01_magus|bad|hobble|2174,low,causative,bad,hobble,magus,overlay_arg_1_match,overlay_subject_lab_s01,2.41,tail,supplemental_v2_bad_verbs,., the,-5.498849391937256,-2.311349391937256,-3.1875,0
v2|low|causative|overlay_subject_lab_s01_magus|bad|loiter|2175,low,causative,bad,loiter,magus,overlay_arg_1_match,overlay_subject_lab_s01,2.38,low_gap,supplemental_v2_bad_verbs,., the,-4.394230842590332,-6.144230842590332,1.75,1
v2|low|causative|overlay_subject_lab_s01_magus|bad|meander|2176,low,causative,bad,meander,magus,overlay_arg_1_match,overlay_subject_lab_s01,2.69,tail,supplemental_v2_bad_verbs,., the,-4.986508369445801,-2.9865081310272217,-2.000000238418579,0
v2|low|causative|overlay_subject_lab_s01_magus|bad|perspire|2179,low,causative,bad,perspire,magus,overlay_arg_1_match,overlay_subject_lab_s01,2.0,xtail,supplemental_v2_bad_verbs,., the,-2.61549711227417,-4.86549711227417,2.25,1
v2|low|causative|overlay_subject_lab_s01_magus|bad|prattle|2180,low,causative,bad,prattle,magus,overlay_arg_1_match,overlay_subject_lab_s01,2.18,xtail,supplemental_v2_bad_verbs,., the,-5.1469011306762695,-5.9594011306762695,0.8125,1
v2|low|causative|overlay_subject_lab_s01_magus|bad|recline|2182,low,causative,bad,recline,magus,overlay_arg_1_match,overlay_subject_lab_s01,2.51,tail,supplemental_v2_bad_verbs,., the,-4.84578800201416,-5.47078800201416,0.625,1
v2|low|causative|overlay_subject_lab_s01_magus|bad|retaliate|2183,low,causative,bad,retaliate,magus,overlay_arg_1_match,overlay_subject_lab_s01,3.0999999046325684,tail,freqblimp_curated,., the,-2.6077589988708496,-5.67025899887085,3.0625,1
v2|low|causative|overlay_subject_lab_s01_magus|bad|saunter|2184,low,causative,bad,saunter,magus,overlay_arg_1_match,overlay_subject_lab_s01,2.23,low_gap,supplemental_v2_bad_verbs,., the,-6.176632881164551,-4.551632881164551,-1.625,0
v2|low|causative|overlay_subject_lab_s01_magus|bad|shiver|2185,low,causative,bad,shiver,magus,overlay_arg_1_match,overlay_subject_lab_s01,3.05,tail,supplemental_v2_bad_verbs,., the,-2.9065041542053223,-4.656504154205322,1.75,1
v2|low|causative|overlay_subject_lab_s01_magus|bad|snore|2186,low,causative,bad,snore,magus,overlay_arg_1_match,overlay_subject_lab_s01,2.76,tail,supplemental_v2_bad_verbs,., the,-1.8509249687194824,-4.975924968719482,3.125,1
v2|low|causative|overlay_subject_lab_s01_magus|bad|tremble|2188,low,causative,bad,tremble,magus,overlay_arg_1_match,overlay_subject_lab_s01,3.04,tail,supplemental_v2_bad_verbs,., the,-2.780801296234131,-5.968301296234131,3.1875,1
v2|low|causative|overlay_subject_lab_s01_magus|bad|wail|2190,low,causative,bad,wail,magus,overlay_arg_1_match,overlay_subject_lab_s01,2.9,tail,supplemental_v2_bad_verbs,., the,-3.2203969955444336,-4.095396995544434,0.875,1
v2|low|causative|overlay_subject_lab_s01_magus|bad|yawn|2191,low,causative,bad,yawn,magus,overlay_arg_1_match,overlay_subject_lab_s01,3.069999933242798,tail,freqblimp_curated,., the,-2.190659284591675,-5.315659523010254,3.125000238418579,1
v2|low|causative|overlay_subject_lab_s02_mahout|bad|abscond|2192,low,causative,bad,abscond,mahout,overlay_arg_1_match,overlay_subject_lab_s02,2.07,xtail,supplemental_v2_bad_verbs,., the,-3.323436737060547,-3.510936737060547,0.1875,1
v2|low|causative|overlay_subject_lab_s02_mahout|bad|amble|2194,low,causative,bad,amble,mahout,overlay_arg_1_match,overlay_subject_lab_s02,2.3,low_gap,supplemental_v2_bad_verbs,., the,-6.885655879974365,-5.823155879974365,-1.0625,0
v2|low|causative|overlay_subject_lab_s02_mahout|bad|bicker|2195,low,causative,bad,bicker,mahout,overlay_arg_1_match,overlay_subject_lab_s02,2.56,tail,supplemental_v2_bad_verbs,., the,-4.750677585601807,-6.063177585601807,1.3125,1
v2|low|causative|overlay_subject_lab_s02_mahout|bad|capitulate|2197,low,causative,bad,capitulate,mahout,overlay_arg_1_match,overlay_subject_lab_s02,2.5,tail,supplemental_v2_bad_verbs,., the,-2.826613426208496,-3.826613426208496,1.0,1
v2|low|causative|overlay_subject_lab_s02_mahout|bad|cower|2199,low,causative,bad,cower,mahout,overlay_arg_1_match,overlay_subject_lab_s02,2.55,tail,supplemental_v2_bad_verbs,., the,-3.193228244781494,-5.193228244781494,2.0,1
v2|low|causative|overlay_subject_lab_s02_mahout|bad|dither|2202,low,causative,bad,dither,mahout,overlay_arg_1_match,overlay_subject_lab_s02,2.11,xtail,supplemental_v2_bad_verbs,., the,-3.913012742996216,-4.663012504577637,0.7499997615814209,1
v2|low|causative|overlay_subject_lab_s02_mahout|bad|flirt|2203,low,causative,bad,flirt,mahout,overlay_arg_1_match,overlay_subject_lab_s02,2.8399999141693115,tail,freqblimp_curated,., the,-5.205511093139648,-6.268011093139648,1.0625,1
v2|low|causative|overlay_subject_lab_s02_mahout|bad|frolic|2204,low,causative,bad,frolic,mahout,overlay_arg_1_match,overlay_subject_lab_s02,2.68,tail,supplemental_v2_bad_verbs,., the,-4.427212715148926,-5.489712715148926,1.0625,1
v2|low|causative|overlay_subject_lab_s02_mahout|bad|grimace|2206,low,causative,bad,grimace,mahout,overlay_arg_1_match,overlay_subject_lab_s02,2.61,tail,supplemental_v2_bad_verbs,., the,-2.9118576049804688,-5.911857604980469,3.0,1
v2|low|causative|overlay_subject_lab_s02_mahout|bad|hibernate|2208,low,causative,bad,hibernate,mahout,overlay_arg_1_match,overlay_subject_lab_s02,2.7,tail,supplemental_v2_bad_verbs,., the,-3.193765163421631,-3.256265163421631,0.0625,1
v2|low|causative|overlay_subject_lab_s02_mahout|bad|hobble|2210,low,causative,bad,hobble,mahout,overlay_arg_1_match,overlay_subject_lab_s02,2.41,tail,supplemental_v2_bad_verbs,., the,-6.885015964508057,-1.1975159645080566,-5.6875,0
v2|low|causative|overlay_subject_lab_s02_mahout|bad|loiter|2211,low,causative,bad,loiter,mahout,overlay_arg_1_match,overlay_subject_lab_s02,2.38,low_gap,supplemental_v2_bad_verbs,., the,-5.122754096984863,-6.935254096984863,1.8125,1
v2|low|causative|overlay_subject_lab_s02_mahout|bad|meander|2212,low,causative,bad,meander,mahout,overlay_arg_1_match,overlay_subject_lab_s02,2.69,tail,supplemental_v2_bad_verbs,., the,-5.871232509613037,-3.058732509613037,-2.8125,0
v2|low|causative|overlay_subject_lab_s02_mahout|bad|perspire|2215,low,causative,bad,perspire,mahout,overlay_arg_1_match,overlay_subject_lab_s02,2.0,xtail,supplemental_v2_bad_verbs,., the,-3.028801202774048,-4.528800964355469,1.499999761581421,1
v2|low|causative|overlay_subject_lab_s02_mahout|bad|prattle|2216,low,causative,bad,prattle,mahout,overlay_arg_1_match,overlay_subject_lab_s02,2.18,xtail,supplemental_v2_bad_verbs,., the,-5.115470886230469,-5.615470886230469,0.5,1
v2|low|causative|overlay_subject_lab_s02_mahout|bad|recline|2218,low,causative,bad,recline,mahout,overlay_arg_1_match,overlay_subject_lab_s02,2.51,tail,supplemental_v2_bad_verbs,., the,-4.761551856994629,-3.511552095413208,-1.249999761581421,0
v2|low|causative|overlay_subject_lab_s02_mahout|bad|retaliate|2219,low,causative,bad,retaliate,mahout,overlay_arg_1_match,overlay_subject_lab_s02,3.0999999046325684,tail,freqblimp_curated,., the,-2.639045000076294,-4.951544761657715,2.312499761581421,1
v2|low|causative|overlay_subject_lab_s02_mahout|bad|saunter|2220,low,causative,bad,saunter,mahout,overlay_arg_1_match,overlay_subject_lab_s02,2.23,low_gap,supplemental_v2_bad_verbs,., the,-6.031524658203125,-5.406524658203125,-0.625,0
v2|low|causative|overlay_subject_lab_s02_mahout|bad|shiver|2221,low,causative,bad,shiver,mahout,overlay_arg_1_match,overlay_subject_lab_s02,3.05,tail,supplemental_v2_bad_verbs,., the,-3.350828170776367,-3.038328170776367,-0.3125,0
v2|low|causative|overlay_subject_lab_s02_mahout|bad|snore|2222,low,causative,bad,snore,mahout,overlay_arg_1_match,overlay_subject_lab_s02,2.76,tail,supplemental_v2_bad_verbs,., the,-1.927335262298584,-5.114835262298584,3.1875,1
v2|low|causative|overlay_subject_lab_s02_mahout|bad|tremble|2224,low,causative,bad,tremble,mahout,overlay_arg_1_match,overlay_subject_lab_s02,3.04,tail,supplemental_v2_bad_verbs,., the,-2.903395414352417,-5.153395652770996,2.250000238418579,1
v2|low|causative|overlay_subject_lab_s02_mahout|bad|wail|2226,low,causative,bad,wail,mahout,overlay_arg_1_match,overlay_subject_lab_s02,2.9,tail,supplemental_v2_bad_verbs,., the,-3.036680221557617,-4.099180221557617,1.0625,1
v2|low|causative|overlay_subject_lab_s02_mahout|bad|yawn|2227,low,causative,bad,yawn,mahout,overlay_arg_1_match,overlay_subject_lab_s02,3.069999933242798,tail,freqblimp_curated,., the,-2.5976200103759766,-5.660120010375977,3.0625,1
v2|low|causative|overlay_subject_visit_s00_scatterbrain|bad|abscond|2264,low,causative,bad,abscond,scatterbrain,overlay_arg_1_match,overlay_subject_visit_s00,2.07,xtail,supplemental_v2_bad_verbs,., the,-2.862358570098877,-4.862358570098877,2.0,1
v2|low|causative|overlay_subject_visit_s00_scatterbrain|bad|amble|2266,low,causative,bad,amble,scatterbrain,overlay_arg_1_match,overlay_subject_visit_s00,2.3,low_gap,supplemental_v2_bad_verbs,., the,-7.568414688110352,-5.568414688110352,-2.0,0
v2|low|causative|overlay_subject_visit_s00_scatterbrain|bad|bicker|2267,low,causative,bad,bicker,scatterbrain,overlay_arg_1_match,overlay_subject_visit_s00,2.56,tail,supplemental_v2_bad_verbs,., the,-4.419693470001221,-6.107193470001221,1.6875,1
v2|low|causative|overlay_subject_visit_s00_scatterbrain|bad|capitulate|2269,low,causative,bad,capitulate,scatterbrain,overlay_arg_1_match,overlay_subject_visit_s00,2.5,tail,supplemental_v2_bad_verbs,., the,-2.048004627227783,-5.860504627227783,3.8125,1
v2|low|causative|overlay_subject_visit_s00_scatterbrain|bad|cower|2271,low,causative,bad,cower,scatterbrain,overlay_arg_1_match,overlay_subject_visit_s00,2.55,tail,supplemental_v2_bad_verbs,., the,-3.5501108169555664,-5.925110816955566,2.375,1
v2|low|causative|overlay_subject_visit_s00_scatterbrain|bad|dither|2274,low,causative,bad,dither,scatterbrain,overlay_arg_1_match,overlay_subject_visit_s00,2.11,xtail,supplemental_v2_bad_verbs,., the,-3.96774959564209,-5.46774959564209,1.5,1
v2|low|causative|overlay_subject_visit_s00_scatterbrain|bad|flirt|2275,low,causative,bad,flirt,scatterbrain,overlay_arg_1_match,overlay_subject_visit_s00,2.8399999141693115,tail,freqblimp_curated,., the,-5.6039814949035645,-5.7914814949035645,0.1875,1
v2|low|causative|overlay_subject_visit_s00_scatterbrain|bad|frolic|2276,low,causative,bad,frolic,scatterbrain,overlay_arg_1_match,overlay_subject_visit_s00,2.68,tail,supplemental_v2_bad_verbs,., the,-4.97247314453125,-4.97247314453125,0.0,0
v2|low|causative|overlay_subject_visit_s00_scatterbrain|bad|grimace|2278,low,causative,bad,grimace,scatterbrain,overlay_arg_1_match,overlay_subject_visit_s00,2.61,tail,supplemental_v2_bad_verbs,., the,-2.634742498397827,-6.384742736816406,3.750000238418579,1
v2|low|causative|overlay_subject_visit_s00_scatterbrain|bad|hibernate|2280,low,causative,bad,hibernate,scatterbrain,overlay_arg_1_match,overlay_subject_visit_s00,2.7,tail,supplemental_v2_bad_verbs,., the,-2.269054889678955,-4.956554889678955,2.6875,1
v2|low|causative|overlay_subject_visit_s00_scatterbrain|bad|hobble|2282,low,causative,bad,hobble,scatterbrain,overlay_arg_1_match,overlay_subject_visit_s00,2.41,tail,supplemental_v2_bad_verbs,., the,-6.0870795249938965,-4.3370795249938965,-1.75,0
v2|low|causative|overlay_subject_visit_s00_scatterbrain|bad|loiter|2283,low,causative,bad,loiter,scatterbrain,overlay_arg_1_match,overlay_subject_visit_s00,2.38,low_gap,supplemental_v2_bad_verbs,., the,-5.5189738273620605,-5.3314738273620605,-0.1875,0
v2|low|causative|overlay_subject_visit_s00_scatterbrain|bad|meander|2284,low,causative,bad,meander,scatterbrain,overlay_arg_1_match,overlay_subject_visit_s00,2.69,tail,supplemental_v2_bad_verbs,., the,-6.454591751098633,-3.892091751098633,-2.5625,0
v2|low|causative|overlay_subject_visit_s00_scatterbrain|bad|perspire|2287,low,causative,bad,perspire,scatterbrain,overlay_arg_1_match,overlay_subject_visit_s00,2.0,xtail,supplemental_v2_bad_verbs,., the,-2.495373487472534,-5.870373725891113,3.375000238418579,1
v2|low|causative|overlay_subject_visit_s00_scatterbrain|bad|prattle|2288,low,causative,bad,prattle,scatterbrain,overlay_arg_1_match,overlay_subject_visit_s00,2.18,xtail,supplemental_v2_bad_verbs,., the,-5.763108253479004,-5.888108253479004,0.125,1
v2|low|causative|overlay_subject_visit_s00_scatterbrain|bad|recline|2290,low,causative,bad,recline,scatterbrain,overlay_arg_1_match,overlay_subject_visit_s00,2.51,tail,supplemental_v2_bad_verbs,., the,-4.892373085021973,-5.954873085021973,1.0625,1
v2|low|causative|overlay_subject_visit_s00_scatterbrain|bad|retaliate|2291,low,causative,bad,retaliate,scatterbrain,overlay_arg_1_match,overlay_subject_visit_s00,3.0999999046325684,tail,freqblimp_curated,., the,-2.8373911380767822,-5.649890899658203,2.812499761581421,1
v2|low|causative|overlay_subject_visit_s00_scatterbrain|bad|saunter|2292,low,causative,bad,saunter,scatterbrain,overlay_arg_1_match,overlay_subject_visit_s00,2.23,low_gap,supplemental_v2_bad_verbs,., the,-8.26125717163086,-5.386257171630859,-2.875,0
v2|low|causative|overlay_subject_visit_s00_scatterbrain|bad|shiver|2293,low,causative,bad,shiver,scatterbrain,overlay_arg_1_match,overlay_subject_visit_s00,3.05,tail,supplemental_v2_bad_verbs,., the,-3.2259583473205566,-5.288458347320557,2.0625,1
v2|low|causative|overlay_subject_visit_s00_scatterbrain|bad|snore|2294,low,causative,bad,snore,scatterbrain,overlay_arg_1_match,overlay_subject_visit_s00,2.76,tail,supplemental_v2_bad_verbs,., the,-1.7888751029968262,-5.226375102996826,3.4375,1
v2|low|causative|overlay_subject_visit_s00_scatterbrain|bad|tremble|2296,low,causative,bad,tremble,scatterbrain,overlay_arg_1_match,overlay_subject_visit_s00,3.04,tail,supplemental_v2_bad_verbs,., the,-2.9016830921173096,-5.8391828536987305,2.937499761581421,1
v2|low|causative|overlay_subject_visit_s00_scatterbrain|bad|wail|2298,low,causative,bad,wail,scatterbrain,overlay_arg_1_match,overlay_subject_visit_s00,2.9,tail,supplemental_v2_bad_verbs,., the,-3.3665542602539062,-5.366554260253906,2.0,1
v2|low|causative|overlay_subject_visit_s00_scatterbrain|bad|yawn|2299,low,causative,bad,yawn,scatterbrain,overlay_arg_1_match,overlay_subject_visit_s00,3.069999933242798,tail,freqblimp_curated,., the,-2.4112157821655273,-5.973715782165527,3.5625,1
v2|low|causative|overlay_subject_visit_s01_scattergood|bad|abscond|2300,low,causative,bad,abscond,scattergood,overlay_arg_1_match,overlay_subject_visit_s01,2.07,xtail,supplemental_v2_bad_verbs,., the,-3.8990824222564697,-5.211582660675049,1.312500238418579,1
v2|low|causative|overlay_subject_visit_s01_scattergood|bad|amble|2302,low,causative,bad,amble,scattergood,overlay_arg_1_match,overlay_subject_visit_s01,2.3,low_gap,supplemental_v2_bad_verbs,., the,-5.777165412902832,-4.652165412902832,-1.125,0
v2|low|causative|overlay_subject_visit_s01_scattergood|bad|bicker|2303,low,causative,bad,bicker,scattergood,overlay_arg_1_match,overlay_subject_visit_s01,2.56,tail,supplemental_v2_bad_verbs,., the,-3.573080539703369,-5.885580539703369,2.3125,1
v2|low|causative|overlay_subject_visit_s01_scattergood|bad|capitulate|2305,low,causative,bad,capitulate,scattergood,overlay_arg_1_match,overlay_subject_visit_s01,2.5,tail,supplemental_v2_bad_verbs,., the,-1.627255916595459,-5.939755916595459,4.3125,1
v2|low|causative|overlay_subject_visit_s01_scattergood|bad|cower|2307,low,causative,bad,cower,scattergood,overlay_arg_1_match,overlay_subject_visit_s01,2.55,tail,supplemental_v2_bad_verbs,., the,-3.187617540359497,-5.812617301940918,2.624999761581421,1
v2|low|causative|overlay_subject_visit_s01_scattergood|bad|dither|2310,low,causative,bad,dither,scattergood,overlay_arg_1_match,overlay_subject_visit_s01,2.11,xtail,supplemental_v2_bad_verbs,., the,-4.0188140869140625,-5.2688140869140625,1.25,1
v2|low|causative|overlay_subject_visit_s01_scattergood|bad|flirt|2311,low,causative,bad,flirt,scattergood,overlay_arg_1_match,overlay_subject_visit_s01,2.8399999141693115,tail,freqblimp_curated,., the,-5.600391387939453,-6.412891387939453,0.8125,1
v2|low|causative|overlay_subject_visit_s01_scattergood|bad|frolic|2312,low,causative,bad,frolic,scattergood,overlay_arg_1_match,overlay_subject_visit_s01,2.68,tail,supplemental_v2_bad_verbs,., the,-4.625785827636719,-4.875785827636719,0.25,1
v2|low|causative|overlay_subject_visit_s01_scattergood|bad|grimace|2314,low,causative,bad,grimace,scattergood,overlay_arg_1_match,overlay_subject_visit_s01,2.61,tail,supplemental_v2_bad_verbs,., the,-2.3728506565093994,-5.81035041809082,3.437499761581421,1
v2|low|causative|overlay_subject_visit_s01_scattergood|bad|hibernate|2316,low,causative,bad,hibernate,scattergood,overlay_arg_1_match,overlay_subject_visit_s01,2.7,tail,supplemental_v2_bad_verbs,., the,-2.3627912998199463,-4.362791061401367,1.999999761581421,1
v2|low|causative|overlay_subject_visit_s01_scattergood|bad|hobble|2318,low,causative,bad,hobble,scattergood,overlay_arg_1_match,overlay_subject_visit_s01,2.41,tail,supplemental_v2_bad_verbs,., the,-6.516620635986328,-3.891620397567749,-2.625000238418579,0
v2|low|causative|overlay_subject_visit_s01_scattergood|bad|loiter|2319,low,causative,bad,loiter,scattergood,overlay_arg_1_match,overlay_subject_visit_s01,2.38,low_gap,supplemental_v2_bad_verbs,., the,-5.372097492218018,-4.872097492218018,-0.5,0
v2|low|causative|overlay_subject_visit_s01_scattergood|bad|meander|2320,low,causative,bad,meander,scattergood,overlay_arg_1_match,overlay_subject_visit_s01,2.69,tail,supplemental_v2_bad_verbs,., the,-6.823758125305176,-4.073758125305176,-2.75,0
v2|low|causative|overlay_subject_visit_s01_scattergood|bad|perspire|2323,low,causative,bad,perspire,scattergood,overlay_arg_1_match,overlay_subject_visit_s01,2.0,xtail,supplemental_v2_bad_verbs,., the,-2.186434268951416,-5.498934268951416,3.3125,1
v2|low|causative|overlay_subject_visit_s01_scattergood|bad|prattle|2324,low,causative,bad,prattle,scattergood,overlay_arg_1_match,overlay_subject_visit_s01,2.18,xtail,supplemental_v2_bad_verbs,., the,-5.3162922859191895,-6.0662922859191895,0.75,1
v2|low|causative|overlay_subject_visit_s01_scattergood|bad|recline|2326,low,causative,bad,recline,scattergood,overlay_arg_1_match,overlay_subject_visit_s01,2.51,tail,supplemental_v2_bad_verbs,., the,-5.2675557136535645,-5.5175557136535645,0.25,1
v2|low|causative|overlay_subject_visit_s01_scattergood|bad|retaliate|2327,low,causative,bad,retaliate,scattergood,overlay_arg_1_match,overlay_subject_visit_s01,3.0999999046325684,tail,freqblimp_curated,., the,-2.8344812393188477,-4.771981239318848,1.9375,1
v2|low|causative|overlay_subject_visit_s01_scattergood|bad|saunter|2328,low,causative,bad,saunter,scattergood,overlay_arg_1_match,overlay_subject_visit_s01,2.23,low_gap,supplemental_v2_bad_verbs,., the,-7.38292121887207,-4.75792121887207,-2.625,0
v2|low|causative|overlay_subject_visit_s01_scattergood|bad|shiver|2329,low,causative,bad,shiver,scattergood,overlay_arg_1_match,overlay_subject_visit_s01,3.05,tail,supplemental_v2_bad_verbs,., the,-2.8369758129119873,-4.461976051330566,1.625000238418579,1
v2|low|causative|overlay_subject_visit_s01_scattergood|bad|snore|2330,low,causative,bad,snore,scattergood,overlay_arg_1_match,overlay_subject_visit_s01,2.76,tail,supplemental_v2_bad_verbs,., the,-1.8328759670257568,-5.020376205444336,3.187500238418579,1
v2|low|causative|overlay_subject_visit_s01_scattergood|bad|tremble|2332,low,causative,bad,tremble,scattergood,overlay_arg_1_match,overlay_subject_visit_s01,3.04,tail,supplemental_v2_bad_verbs,., the,-2.657012939453125,-6.282012939453125,3.625,1
v2|low|causative|overlay_subject_visit_s01_scattergood|bad|wail|2334,low,causative,bad,wail,scattergood,overlay_arg_1_match,overlay_subject_visit_s01,2.9,tail,supplemental_v2_bad_verbs,., the,-2.445667266845703,-4.820667266845703,2.375,1
v2|low|causative|overlay_subject_visit_s01_scattergood|bad|yawn|2335,low,causative,bad,yawn,scattergood,overlay_arg_1_match,overlay_subject_visit_s01,3.069999933242798,tail,freqblimp_curated,., the,-3.111283302307129,-6.923783302307129,3.8125,1
v2|low|causative|overlay_subject_check_s01_syndicator|bad|abscond|2444,low,causative,bad,abscond,syndicator,overlay_arg_1_match,overlay_subject_check_s01,2.07,xtail,supplemental_v2_bad_verbs,., the,-3.717902660369873,-3.092902660369873,-0.625,0
v2|low|causative|overlay_subject_check_s01_syndicator|bad|amble|2446,low,causative,bad,amble,syndicator,overlay_arg_1_match,overlay_subject_check_s01,2.3,low_gap,supplemental_v2_bad_verbs,., the,-6.59184455871582,-3.904344320297241,-2.687500238418579,0
v2|low|causative|overlay_subject_check_s01_syndicator|bad|bicker|2447,low,causative,bad,bicker,syndicator,overlay_arg_1_match,overlay_subject_check_s01,2.56,tail,supplemental_v2_bad_verbs,., the,-4.811333179473877,-6.748833179473877,1.9375,1
v2|low|causative|overlay_subject_check_s01_syndicator|bad|capitulate|2449,low,causative,bad,capitulate,syndicator,overlay_arg_1_match,overlay_subject_check_s01,2.5,tail,supplemental_v2_bad_verbs,., the,-2.9466521739959717,-2.5716521739959717,-0.375,0
v2|low|causative|overlay_subject_check_s01_syndicator|bad|cower|2451,low,causative,bad,cower,syndicator,overlay_arg_1_match,overlay_subject_check_s01,2.55,tail,supplemental_v2_bad_verbs,., the,-3.5413658618927,-4.603865623474121,1.062499761581421,1
v2|low|causative|overlay_subject_check_s01_syndicator|bad|dither|2454,low,causative,bad,dither,syndicator,overlay_arg_1_match,overlay_subject_check_s01,2.11,xtail,supplemental_v2_bad_verbs,., the,-3.299211263656616,-5.111711502075195,1.812500238418579,1
v2|low|causative|overlay_subject_check_s01_syndicator|bad|flirt|2455,low,causative,bad,flirt,syndicator,overlay_arg_1_match,overlay_subject_check_s01,2.8399999141693115,tail,freqblimp_curated,., the,-5.569430351257324,-5.819430351257324,0.25,1
v2|low|causative|overlay_subject_check_s01_syndicator|bad|frolic|2456,low,causative,bad,frolic,syndicator,overlay_arg_1_match,overlay_subject_check_s01,2.68,tail,supplemental_v2_bad_verbs,., the,-4.64627742767334,-4.33377742767334,-0.3125,0
v2|low|causative|overlay_subject_check_s01_syndicator|bad|grimace|2458,low,causative,bad,grimace,syndicator,overlay_arg_1_match,overlay_subject_check_s01,2.61,tail,supplemental_v2_bad_verbs,., the,-2.615298271179199,-5.990298271179199,3.375,1
v2|low|causative|overlay_subject_check_s01_syndicator|bad|hibernate|2460,low,causative,bad,hibernate,syndicator,overlay_arg_1_match,overlay_subject_check_s01,2.7,tail,supplemental_v2_bad_verbs,., the,-3.8610053062438965,-1.0485053062438965,-2.8125,0
v2|low|causative|overlay_subject_check_s01_syndicator|bad|hobble|2462,low,causative,bad,hobble,syndicator,overlay_arg_1_match,overlay_subject_check_s01,2.41,tail,supplemental_v2_bad_verbs,., the,-7.213356971740723,-1.088356852531433,-6.125,0
v2|low|causative|overlay_subject_check_s01_syndicator|bad|loiter|2463,low,causative,bad,loiter,syndicator,overlay_arg_1_match,overlay_subject_check_s01,2.38,low_gap,supplemental_v2_bad_verbs,., the,-5.40373420715332,-5.84123420715332,0.4375,1
v2|low|causative|overlay_subject_check_s01_syndicator|bad|meander|2464,low,causative,bad,meander,syndicator,overlay_arg_1_match,overlay_subject_check_s01,2.69,tail,supplemental_v2_bad_verbs,., the,-5.260442733764648,-3.1979429721832275,-2.062499761581421,0
v2|low|causative|overlay_subject_check_s01_syndicator|bad|perspire|2467,low,causative,bad,perspire,syndicator,overlay_arg_1_match,overlay_subject_check_s01,2.0,xtail,supplemental_v2_bad_verbs,., the,-2.984738826751709,-4.234738826751709,1.25,1
v2|low|causative|overlay_subject_check_s01_syndicator|bad|prattle|2468,low,causative,bad,prattle,syndicator,overlay_arg_1_match,overlay_subject_check_s01,2.18,xtail,supplemental_v2_bad_verbs,., the,-5.995708465576172,-5.620708465576172,-0.375,0
v2|low|causative|overlay_subject_check_s01_syndicator|bad|recline|2470,low,causative,bad,recline,syndicator,overlay_arg_1_match,overlay_subject_check_s01,2.51,tail,supplemental_v2_bad_verbs,., the,-4.880248069763184,-1.6302478313446045,-3.250000238418579,0
v2|low|causative|overlay_subject_check_s01_syndicator|bad|retaliate|2471,low,causative,bad,retaliate,syndicator,overlay_arg_1_match,overlay_subject_check_s01,3.0999999046325684,tail,freqblimp_curated,., the,-3.0702462196350098,-5.50774621963501,2.4375,1
v2|low|causative|overlay_subject_check_s01_syndicator|bad|saunter|2472,low,causative,bad,saunter,syndicator,overlay_arg_1_match,overlay_subject_check_s01,2.23,low_gap,supplemental_v2_bad_verbs,., the,-6.82390832901001,-4.32390832901001,-2.5,0
v2|low|causative|overlay_subject_check_s01_syndicator|bad|shiver|2473,low,causative,bad,shiver,syndicator,overlay_arg_1_match,overlay_subject_check_s01,3.05,tail,supplemental_v2_bad_verbs,., the,-3.330932855606079,-2.955932855606079,-0.375,0
v2|low|causative|overlay_subject_check_s01_syndicator|bad|snore|2474,low,causative,bad,snore,syndicator,overlay_arg_1_match,overlay_subject_check_s01,2.76,tail,supplemental_v2_bad_verbs,., the,-1.7662075757980347,-4.703707695007324,2.9375,1
v2|low|causative|overlay_subject_check_s01_syndicator|bad|tremble|2476,low,causative,bad,tremble,syndicator,overlay_arg_1_match,overlay_subject_check_s01,3.04,tail,supplemental_v2_bad_verbs,., the,-2.5860862731933594,-5.148586273193359,2.5625,1
v2|low|causative|overlay_subject_check_s01_syndicator|bad|wail|2478,low,causative,bad,wail,syndicator,overlay_arg_1_match,overlay_subject_check_s01,2.9,tail,supplemental_v2_bad_verbs,., the,-4.076906204223633,-3.889406204223633,-0.1875,0
v2|low|causative|overlay_subject_check_s01_syndicator|bad|yawn|2479,low,causative,bad,yawn,syndicator,overlay_arg_1_match,overlay_subject_check_s01,3.069999933242798,tail,freqblimp_curated,., the,-2.464646816253662,-5.652146816253662,3.1875,1
v2|low|causative|overlay_subject_tomorrow_s00_sharecropper|bad|abscond|2552,low,causative,bad,abscond,sharecropper,overlay_arg_1_match,overlay_subject_tomorrow_s00,2.07,xtail,supplemental_v2_bad_verbs,., the,-2.5905277729034424,-5.965527534484863,3.374999761581421,1
v2|low|causative|overlay_subject_tomorrow_s00_sharecropper|bad|amble|2554,low,causative,bad,amble,sharecropper,overlay_arg_1_match,overlay_subject_tomorrow_s00,2.3,low_gap,supplemental_v2_bad_verbs,., the,-6.683295249938965,-5.495795249938965,-1.1875,0
v2|low|causative|overlay_subject_tomorrow_s00_sharecropper|bad|bicker|2555,low,causative,bad,bicker,sharecropper,overlay_arg_1_match,overlay_subject_tomorrow_s00,2.56,tail,supplemental_v2_bad_verbs,., the,-3.8530232906341553,-6.415523529052734,2.562500238418579,1
v2|low|causative|overlay_subject_tomorrow_s00_sharecropper|bad|capitulate|2557,low,causative,bad,capitulate,sharecropper,overlay_arg_1_match,overlay_subject_tomorrow_s00,2.5,tail,supplemental_v2_bad_verbs,., the,-1.5926655530929565,-6.967665672302246,5.375,1
v2|low|causative|overlay_subject_tomorrow_s00_sharecropper|bad|cower|2559,low,causative,bad,cower,sharecropper,overlay_arg_1_match,overlay_subject_tomorrow_s00,2.55,tail,supplemental_v2_bad_verbs,., the,-3.4853291511535645,-6.4853291511535645,3.0,1
v2|low|causative|overlay_subject_tomorrow_s00_sharecropper|bad|dither|2562,low,causative,bad,dither,sharecropper,overlay_arg_1_match,overlay_subject_tomorrow_s00,2.11,xtail,supplemental_v2_bad_verbs,., the,-2.957045555114746,-5.394545555114746,2.4375,1
v2|low|causative|overlay_subject_tomorrow_s00_sharecropper|bad|flirt|2563,low,causative,bad,flirt,sharecropper,overlay_arg_1_match,overlay_subject_tomorrow_s00,2.8399999141693115,tail,freqblimp_curated,., the,-4.73090124130249,-6.10590124130249,1.375,1
v2|low|causative|overlay_subject_tomorrow_s00_sharecropper|bad|frolic|2564,low,causative,bad,frolic,sharecropper,overlay_arg_1_match,overlay_subject_tomorrow_s00,2.68,tail,supplemental_v2_bad_verbs,., the,-4.166501045227051,-4.979001045227051,0.8125,1
v2|low|causative|overlay_subject_tomorrow_s00_sharecropper|bad|grimace|2566,low,causative,bad,grimace,sharecropper,overlay_arg_1_match,overlay_subject_tomorrow_s00,2.61,tail,supplemental_v2_bad_verbs,., the,-2.2438783645629883,-6.306378364562988,4.0625,1
v2|low|causative|overlay_subject_tomorrow_s00_sharecropper|bad|hibernate|2568,low,causative,bad,hibernate,sharecropper,overlay_arg_1_match,overlay_subject_tomorrow_s00,2.7,tail,supplemental_v2_bad_verbs,., the,-1.573167085647583,-6.198166847229004,4.625,1
v2|low|causative|overlay_subject_tomorrow_s00_sharecropper|bad|hobble|2570,low,causative,bad,hobble,sharecropper,overlay_arg_1_match,overlay_subject_tomorrow_s00,2.41,tail,supplemental_v2_bad_verbs,., the,-5.8290300369262695,-4.7040300369262695,-1.125,0
v2|low|causative|overlay_subject_tomorrow_s00_sharecropper|bad|loiter|2571,low,causative,bad,loiter,sharecropper,overlay_arg_1_match,overlay_subject_tomorrow_s00,2.38,low_gap,supplemental_v2_bad_verbs,., the,-4.838874340057373,-4.963874340057373,0.125,1
v2|low|causative|overlay_subject_tomorrow_s00_sharecropper|bad|meander|2572,low,causative,bad,meander,sharecropper,overlay_arg_1_match,overlay_subject_tomorrow_s00,2.69,tail,supplemental_v2_bad_verbs,., the,-5.818101406097412,-3.380601406097412,-2.4375,0
v2|low|causative|overlay_subject_tomorrow_s00_sharecropper|bad|perspire|2575,low,causative,bad,perspire,sharecropper,overlay_arg_1_match,overlay_subject_tomorrow_s00,2.0,xtail,supplemental_v2_bad_verbs,., the,-2.3751866817474365,-4.687686920166016,2.312500238418579,1
v2|low|causative|overlay_subject_tomorrow_s00_sharecropper|bad|prattle|2576,low,causative,bad,prattle,sharecropper,overlay_arg_1_match,overlay_subject_tomorrow_s00,2.18,xtail,supplemental_v2_bad_verbs,., the,-4.231134414672852,-5.731134414672852,1.5,1
v2|low|causative|overlay_subject_tomorrow_s00_sharecropper|bad|recline|2578,low,causative,bad,recline,sharecropper,overlay_arg_1_match,overlay_subject_tomorrow_s00,2.51,tail,supplemental_v2_bad_verbs,., the,-5.061872482299805,-6.561872482299805,1.5,1
v2|low|causative|overlay_subject_tomorrow_s00_sharecropper|bad|retaliate|2579,low,causative,bad,retaliate,sharecropper,overlay_arg_1_match,overlay_subject_tomorrow_s00,3.0999999046325684,tail,freqblimp_curated,., the,-1.5804873704910278,-7.142987251281738,5.5625,1
v2|low|causative|overlay_subject_tomorrow_s00_sharecropper|bad|saunter|2580,low,causative,bad,saunter,sharecropper,overlay_arg_1_match,overlay_subject_tomorrow_s00,2.23,low_gap,supplemental_v2_bad_verbs,., the,-6.893773078918457,-4.956273078918457,-1.9375,0
v2|low|causative|overlay_subject_tomorrow_s00_sharecropper|bad|shiver|2581,low,causative,bad,shiver,sharecropper,overlay_arg_1_match,overlay_subject_tomorrow_s00,3.05,tail,supplemental_v2_bad_verbs,., the,-3.049443244934082,-5.549443244934082,2.5,1
v2|low|causative|overlay_subject_tomorrow_s00_sharecropper|bad|snore|2582,low,causative,bad,snore,sharecropper,overlay_arg_1_match,overlay_subject_tomorrow_s00,2.76,tail,supplemental_v2_bad_verbs,., the,-2.0098929405212402,-5.38489294052124,3.375,1
v2|low|causative|overlay_subject_tomorrow_s00_sharecropper|bad|tremble|2584,low,causative,bad,tremble,sharecropper,overlay_arg_1_match,overlay_subject_tomorrow_s00,3.04,tail,supplemental_v2_bad_verbs,., the,-2.452637195587158,-6.952637195587158,4.5,1
v2|low|causative|overlay_subject_tomorrow_s00_sharecropper|bad|wail|2586,low,causative,bad,wail,sharecropper,overlay_arg_1_match,overlay_subject_tomorrow_s00,2.9,tail,supplemental_v2_bad_verbs,., the,-2.2550835609436035,-5.2550835609436035,3.0,1
v2|low|causative|overlay_subject_tomorrow_s00_sharecropper|bad|yawn|2587,low,causative,bad,yawn,sharecropper,overlay_arg_1_match,overlay_subject_tomorrow_s00,3.069999933242798,tail,freqblimp_curated,., the,-2.013838291168213,-6.326338291168213,4.3125,1
v2|low|causative|overlay_subject_trial_s01_choirboy|bad|abscond|2732,low,causative,bad,abscond,choirboy,overlay_arg_1_match,overlay_subject_trial_s01,2.07,xtail,supplemental_v2_bad_verbs,., the,-3.288484573364258,-4.038484573364258,0.75,1
v2|low|causative|overlay_subject_trial_s01_choirboy|bad|amble|2734,low,causative,bad,amble,choirboy,overlay_arg_1_match,overlay_subject_trial_s01,2.3,low_gap,supplemental_v2_bad_verbs,., the,-7.378910064697266,-5.316410064697266,-2.0625,0
v2|low|causative|overlay_subject_trial_s01_choirboy|bad|bicker|2735,low,causative,bad,bicker,choirboy,overlay_arg_1_match,overlay_subject_trial_s01,2.56,tail,supplemental_v2_bad_verbs,., the,-4.550239562988281,-6.237739562988281,1.6875,1
v2|low|causative|overlay_subject_trial_s01_choirboy|bad|capitulate|2737,low,causative,bad,capitulate,choirboy,overlay_arg_1_match,overlay_subject_trial_s01,2.5,tail,supplemental_v2_bad_verbs,., the,-2.4475626945495605,-4.5100626945495605,2.0625,1
v2|low|causative|overlay_subject_trial_s01_choirboy|bad|cower|2739,low,causative,bad,cower,choirboy,overlay_arg_1_match,overlay_subject_trial_s01,2.55,tail,supplemental_v2_bad_verbs,., the,-4.047641754150391,-5.422641754150391,1.375,1
v2|low|causative|overlay_subject_trial_s01_choirboy|bad|dither|2742,low,causative,bad,dither,choirboy,overlay_arg_1_match,overlay_subject_trial_s01,2.11,xtail,supplemental_v2_bad_verbs,., the,-3.69236159324646,-5.629861831665039,1.937500238418579,1
v2|low|causative|overlay_subject_trial_s01_choirboy|bad|flirt|2743,low,causative,bad,flirt,choirboy,overlay_arg_1_match,overlay_subject_trial_s01,2.8399999141693115,tail,freqblimp_curated,., the,-5.278468132019043,-6.153468132019043,0.875,1
v2|low|causative|overlay_subject_trial_s01_choirboy|bad|frolic|2744,low,causative,bad,frolic,choirboy,overlay_arg_1_match,overlay_subject_trial_s01,2.68,tail,supplemental_v2_bad_verbs,., the,-5.233516693115234,-4.921016693115234,-0.3125,0
v2|low|causative|overlay_subject_trial_s01_choirboy|bad|grimace|2746,low,causative,bad,grimace,choirboy,overlay_arg_1_match,overlay_subject_trial_s01,2.61,tail,supplemental_v2_bad_verbs,., the,-3.1751532554626465,-6.1751532554626465,3.0,1
v2|low|causative|overlay_subject_trial_s01_choirboy|bad|hibernate|2748,low,causative,bad,hibernate,choirboy,overlay_arg_1_match,overlay_subject_trial_s01,2.7,tail,supplemental_v2_bad_verbs,., the,-3.4811737537384033,-4.356173515319824,0.8749997615814209,1
v2|low|causative|overlay_subject_trial_s01_choirboy|bad|hobble|2750,low,causative,bad,hobble,choirboy,overlay_arg_1_match,overlay_subject_trial_s01,2.41,tail,supplemental_v2_bad_verbs,., the,-6.291378498077393,-4.103878498077393,-2.1875,0
v2|low|causative|overlay_subject_trial_s01_choirboy|bad|loiter|2751,low,causative,bad,loiter,choirboy,overlay_arg_1_match,overlay_subject_trial_s01,2.38,low_gap,supplemental_v2_bad_verbs,., the,-5.643901824951172,-5.518901824951172,-0.125,0
v2|low|causative|overlay_subject_trial_s01_choirboy|bad|meander|2752,low,causative,bad,meander,choirboy,overlay_arg_1_match,overlay_subject_trial_s01,2.69,tail,supplemental_v2_bad_verbs,., the,-5.645269393920898,-3.5202693939208984,-2.125,0
v2|low|causative|overlay_subject_trial_s01_choirboy|bad|perspire|2755,low,causative,bad,perspire,choirboy,overlay_arg_1_match,overlay_subject_trial_s01,2.0,xtail,supplemental_v2_bad_verbs,., the,-3.0672731399536133,-5.692273139953613,2.625,1
v2|low|causative|overlay_subject_trial_s01_choirboy|bad|prattle|2756,low,causative,bad,prattle,choirboy,overlay_arg_1_match,overlay_subject_trial_s01,2.18,xtail,supplemental_v2_bad_verbs,., the,-5.305038928985596,-5.055038928985596,-0.25,0
v2|low|causative|overlay_subject_trial_s01_choirboy|bad|recline|2758,low,causative,bad,recline,choirboy,overlay_arg_1_match,overlay_subject_trial_s01,2.51,tail,supplemental_v2_bad_verbs,., the,-5.439586162567139,-4.814586162567139,-0.625,0
v2|low|causative|overlay_subject_trial_s01_choirboy|bad|retaliate|2759,low,causative,bad,retaliate,choirboy,overlay_arg_1_match,overlay_subject_trial_s01,3.0999999046325684,tail,freqblimp_curated,., the,-3.149601459503174,-5.774601459503174,2.625,1
v2|low|causative|overlay_subject_trial_s01_choirboy|bad|saunter|2760,low,causative,bad,saunter,choirboy,overlay_arg_1_match,overlay_subject_trial_s01,2.23,low_gap,supplemental_v2_bad_verbs,., the,-7.537108421325684,-4.349608421325684,-3.1875,0
v2|low|causative|overlay_subject_trial_s01_choirboy|bad|shiver|2761,low,causative,bad,shiver,choirboy,overlay_arg_1_match,overlay_subject_trial_s01,3.05,tail,supplemental_v2_bad_verbs,., the,-3.20908784866333,-5.45908784866333,2.25,1
v2|low|causative|overlay_subject_trial_s01_choirboy|bad|snore|2762,low,causative,bad,snore,choirboy,overlay_arg_1_match,overlay_subject_trial_s01,2.76,tail,supplemental_v2_bad_verbs,., the,-2.399590015411377,-4.712090015411377,2.3125,1
v2|low|causative|overlay_subject_trial_s01_choirboy|bad|tremble|2764,low,causative,bad,tremble,choirboy,overlay_arg_1_match,overlay_subject_trial_s01,3.04,tail,supplemental_v2_bad_verbs,., the,-3.3530659675598145,-5.7905659675598145,2.4375,1
v2|low|causative|overlay_subject_trial_s01_choirboy|bad|wail|2766,low,causative,bad,wail,choirboy,overlay_arg_1_match,overlay_subject_trial_s01,2.9,tail,supplemental_v2_bad_verbs,., the,-4.1686601638793945,-3.6061599254608154,-0.5625002384185791,0
v2|low|causative|overlay_subject_trial_s01_choirboy|bad|yawn|2767,low,causative,bad,yawn,choirboy,overlay_arg_1_match,overlay_subject_trial_s01,3.069999933242798,tail,freqblimp_curated,., the,-2.7334516048431396,-5.483451843261719,2.750000238418579,1
v2|low|causative|overlay_subject_trial_s03_chooser|bad|abscond|2804,low,causative,bad,abscond,chooser,overlay_arg_1_match,overlay_subject_trial_s03,2.07,xtail,supplemental_v2_bad_verbs,., the,-2.8738136291503906,-3.4988136291503906,0.625,1
v2|low|causative|overlay_subject_trial_s03_chooser|bad|amble|2806,low,causative,bad,amble,chooser,overlay_arg_1_match,overlay_subject_trial_s03,2.3,low_gap,supplemental_v2_bad_verbs,., the,-6.670255661010742,-4.670255661010742,-2.0,0
v2|low|causative|overlay_subject_trial_s03_chooser|bad|bicker|2807,low,causative,bad,bicker,chooser,overlay_arg_1_match,overlay_subject_trial_s03,2.56,tail,supplemental_v2_bad_verbs,., the,-4.605593681335449,-6.668093681335449,2.0625,1
v2|low|causative|overlay_subject_trial_s03_chooser|bad|capitulate|2809,low,causative,bad,capitulate,chooser,overlay_arg_1_match,overlay_subject_trial_s03,2.5,tail,supplemental_v2_bad_verbs,., the,-2.630615234375,-4.255615234375,1.625,1
v2|low|causative|overlay_subject_trial_s03_chooser|bad|cower|2811,low,causative,bad,cower,chooser,overlay_arg_1_match,overlay_subject_trial_s03,2.55,tail,supplemental_v2_bad_verbs,., the,-3.5492701530456543,-5.424270153045654,1.875,1
v2|low|causative|overlay_subject_trial_s03_chooser|bad|dither|2814,low,causative,bad,dither,chooser,overlay_arg_1_match,overlay_subject_trial_s03,2.11,xtail,supplemental_v2_bad_verbs,., the,-3.6015162467956543,-4.539016246795654,0.9375,1
v2|low|causative|overlay_subject_trial_s03_chooser|bad|flirt|2815,low,causative,bad,flirt,chooser,overlay_arg_1_match,overlay_subject_trial_s03,2.8399999141693115,tail,freqblimp_curated,., the,-5.049914360046387,-5.799914360046387,0.75,1
v2|low|causative|overlay_subject_trial_s03_chooser|bad|frolic|2816,low,causative,bad,frolic,chooser,overlay_arg_1_match,overlay_subject_trial_s03,2.68,tail,supplemental_v2_bad_verbs,., the,-4.592040538787842,-4.154540538787842,-0.4375,0
v2|low|causative|overlay_subject_trial_s03_chooser|bad|grimace|2818,low,causative,bad,grimace,chooser,overlay_arg_1_match,overlay_subject_trial_s03,2.61,tail,supplemental_v2_bad_verbs,., the,-3.3165974617004395,-5.5040974617004395,2.1875,1
v2|low|causative|overlay_subject_trial_s03_chooser|bad|hibernate|2820,low,causative,bad,hibernate,chooser,overlay_arg_1_match,overlay_subject_trial_s03,2.7,tail,supplemental_v2_bad_verbs,., the,-2.8525173664093018,-2.9150173664093018,0.0625,1
v2|low|causative|overlay_subject_trial_s03_chooser|bad|hobble|2822,low,causative,bad,hobble,chooser,overlay_arg_1_match,overlay_subject_trial_s03,2.41,tail,supplemental_v2_bad_verbs,., the,-5.393389701843262,-2.0183894634246826,-3.375000238418579,0
v2|low|causative|overlay_subject_trial_s03_chooser|bad|loiter|2823,low,causative,bad,loiter,chooser,overlay_arg_1_match,overlay_subject_trial_s03,2.38,low_gap,supplemental_v2_bad_verbs,., the,-5.993685245513916,-6.181185245513916,0.1875,1
v2|low|causative|overlay_subject_trial_s03_chooser|bad|meander|2824,low,causative,bad,meander,chooser,overlay_arg_1_match,overlay_subject_trial_s03,2.69,tail,supplemental_v2_bad_verbs,., the,-5.22258186340332,-3.097581624984741,-2.125000238418579,0
v2|low|causative|overlay_subject_trial_s03_chooser|bad|perspire|2827,low,causative,bad,perspire,chooser,overlay_arg_1_match,overlay_subject_trial_s03,2.0,xtail,supplemental_v2_bad_verbs,., the,-2.8904147148132324,-4.390414714813232,1.5,1
v2|low|causative|overlay_subject_trial_s03_chooser|bad|prattle|2828,low,causative,bad,prattle,chooser,overlay_arg_1_match,overlay_subject_trial_s03,2.18,xtail,supplemental_v2_bad_verbs,., the,-5.554962635040283,-5.117462635040283,-0.4375,0
v2|low|causative|overlay_subject_trial_s03_chooser|bad|recline|2830,low,causative,bad,recline,chooser,overlay_arg_1_match,overlay_subject_trial_s03,2.51,tail,supplemental_v2_bad_verbs,., the,-4.792308330535889,-2.5423083305358887,-2.25,0
v2|low|causative|overlay_subject_trial_s03_chooser|bad|retaliate|2831,low,causative,bad,retaliate,chooser,overlay_arg_1_match,overlay_subject_trial_s03,3.0999999046325684,tail,freqblimp_curated,., the,-3.267590284347534,-5.955090522766113,2.687500238418579,1
v2|low|causative|overlay_subject_trial_s03_chooser|bad|saunter|2832,low,causative,bad,saunter,chooser,overlay_arg_1_match,overlay_subject_trial_s03,2.23,low_gap,supplemental_v2_bad_verbs,., the,-6.559670448303223,-4.934670448303223,-1.625,0
v2|low|causative|overlay_subject_trial_s03_chooser|bad|shiver|2833,low,causative,bad,shiver,chooser,overlay_arg_1_match,overlay_subject_trial_s03,3.05,tail,supplemental_v2_bad_verbs,., the,-2.9473791122436523,-4.134879112243652,1.1875,1
v2|low|causative|overlay_subject_trial_s03_chooser|bad|snore|2834,low,causative,bad,snore,chooser,overlay_arg_1_match,overlay_subject_trial_s03,2.76,tail,supplemental_v2_bad_verbs,., the,-1.9943090677261353,-4.994308948516846,3.0,1
v2|low|causative|overlay_subject_trial_s03_chooser|bad|tremble|2836,low,causative,bad,tremble,chooser,overlay_arg_1_match,overlay_subject_trial_s03,3.04,tail,supplemental_v2_bad_verbs,., the,-2.873798370361328,-5.686298370361328,2.8125,1
v2|low|causative|overlay_subject_trial_s03_chooser|bad|wail|2838,low,causative,bad,wail,chooser,overlay_arg_1_match,overlay_subject_trial_s03,2.9,tail,supplemental_v2_bad_verbs,., the,-3.4970860481262207,-4.122086048126221,0.625,1
v2|low|causative|overlay_subject_trial_s03_chooser|bad|yawn|2839,low,causative,bad,yawn,chooser,overlay_arg_1_match,overlay_subject_trial_s03,3.069999933242798,tail,freqblimp_curated,., the,-2.5882349014282227,-5.338234901428223,2.75,1
v2|low|causative|overlay_subject_lab_s00_magpie|good|blacken|2842,low,causative,good,blacken,magpie,overlay_arg_1_match,overlay_subject_lab_s00,2.25,low_gap,freqblimp_curated, the,.,-1.4335029125213623,-5.933503150939941,4.5,1
v2|low|causative|overlay_subject_lab_s00_magpie|good|brighten|2843,low,causative,good,brighten,magpie,overlay_arg_1_match,overlay_subject_lab_s00,2.5999999046325684,tail,freqblimp_curated, the,.,-2.000967025756836,-5.438467025756836,3.4375,1
v2|low|causative|overlay_subject_lab_s00_magpie|good|condense|2846,low,causative,good,condense,magpie,overlay_arg_1_match,overlay_subject_lab_s00,2.7100000381469727,tail,freqblimp_curated, the,.,-1.466705083847046,-7.341705322265625,5.875,1
v2|low|causative|overlay_subject_lab_s00_magpie|good|darken|2848,low,causative,good,darken,magpie,overlay_arg_1_match,overlay_subject_lab_s00,2.880000114440918,tail,freqblimp_curated, the,.,-1.3547451496124268,-4.979744911193848,3.624999761581421,1
v2|low|causative|overlay_subject_lab_s00_magpie|good|evaporate|2851,low,causative,good,evaporate,magpie,overlay_arg_1_match,overlay_subject_lab_s00,3.009999990463257,tail,freqblimp_curated, the,.,-1.5368010997772217,-4.224301338195801,2.687500238418579,1
v2|low|causative|overlay_subject_lab_s00_magpie|good|flatten|2852,low,causative,good,flatten,magpie,overlay_arg_1_match,overlay_subject_lab_s00,2.9800000190734863,tail,freqblimp_curated, the,.,-1.6067107915878296,-7.481710910797119,5.875,1
v2|low|causative|overlay_subject_lab_s00_magpie|good|fray|2853,low,causative,good,fray,magpie,overlay_arg_1_match,overlay_subject_lab_s00,1.7000000476837158,xtail,freqblimp_curated, the,.,-1.7070956230163574,-7.144595623016357,5.4375,1
v2|low|causative|overlay_subject_lab_s00_magpie|good|loosen|2855,low,causative,good,loosen,magpie,overlay_arg_1_match,overlay_subject_lab_s00,2.4200000762939453,tail,freqblimp_curated, the,.,-1.0883115530014038,-8.275811195373535,7.187499523162842,1
v2|low|causative|overlay_subject_lab_s00_magpie|good|scorch|2856,low,causative,good,scorch,magpie,overlay_arg_1_match,overlay_subject_lab_s00,2.7300000190734863,tail,freqblimp_curated, the,.,-1.3566240072250366,-6.419124126434326,5.0625,1
v2|low|causative|overlay_subject_lab_s00_magpie|good|shatter|2857,low,causative,good,shatter,magpie,overlay_arg_1_match,overlay_subject_lab_s00,2.799999952316284,tail,freqblimp_curated, the,.,-1.5640274286270142,-7.439027309417725,5.875,1
v2|low|causative|overlay_subject_lab_s00_magpie|good|solidify|2860,low,causative,good,solidify,magpie,overlay_arg_1_match,overlay_subject_lab_s00,2.990000009536743,tail,freqblimp_curated, the,.,-1.5323456525802612,-5.032345771789551,3.5,1
v2|low|causative|overlay_subject_lab_s00_magpie|good|tighten|2861,low,causative,good,tighten,magpie,overlay_arg_1_match,overlay_subject_lab_s00,2.700000047683716,tail,freqblimp_curated, the,.,-2.086416006088257,-8.773916244506836,6.6875,1
v2|low|causative|overlay_subject_lab_s00_magpie|good|vaporize|2863,low,causative,good,vaporize,magpie,overlay_arg_1_match,overlay_subject_lab_s00,2.4700000286102295,tail,freqblimp_curated, the,.,-1.3716098070144653,-6.746609687805176,5.375,1
v2|low|causative|overlay_subject_lab_s00_magpie|good|wrinkle|2865,low,causative,good,wrinkle,magpie,overlay_arg_1_match,overlay_subject_lab_s00,3.119999885559082,tail,freqblimp_curated, the,.,-2.686016082763672,-5.936016082763672,3.25,1
v2|low|causative|overlay_subject_lab_s01_magus|good|blacken|2868,low,causative,good,blacken,magus,overlay_arg_1_match,overlay_subject_lab_s01,2.25,low_gap,freqblimp_curated, the,.,-1.2078419923782349,-6.895341873168945,5.6875,1
v2|low|causative|overlay_subject_lab_s01_magus|good|brighten|2869,low,causative,good,brighten,magus,overlay_arg_1_match,overlay_subject_lab_s01,2.5999999046325684,tail,freqblimp_curated, the,.,-1.2423925399780273,-5.617392539978027,4.375,1
v2|low|causative|overlay_subject_lab_s01_magus|good|condense|2872,low,causative,good,condense,magus,overlay_arg_1_match,overlay_subject_lab_s01,2.7100000381469727,tail,freqblimp_curated, the,.,-1.1922340393066406,-7.879734039306641,6.6875,1
v2|low|causative|overlay_subject_lab_s01_magus|good|darken|2874,low,causative,good,darken,magus,overlay_arg_1_match,overlay_subject_lab_s01,2.880000114440918,tail,freqblimp_curated, the,.,-0.8319899439811707,-4.956989765167236,4.125,1
v2|low|causative|overlay_subject_lab_s01_magus|good|evaporate|2877,low,causative,good,evaporate,magus,overlay_arg_1_match,overlay_subject_lab_s01,3.009999990463257,tail,freqblimp_curated, the,.,-1.3825674057006836,-3.9450674057006836,2.5625,1
v2|low|causative|overlay_subject_lab_s01_magus|good|flatten|2878,low,causative,good,flatten,magus,overlay_arg_1_match,overlay_subject_lab_s01,2.9800000190734863,tail,freqblimp_curated, the,.,-1.140345811843872,-7.890345573425293,6.75,1
v2|low|causative|overlay_subject_lab_s01_magus|good|fray|2879,low,causative,good,fray,magus,overlay_arg_1_match,overlay_subject_lab_s01,1.7000000476837158,xtail,freqblimp_curated, the,.,-1.4599175453186035,-6.4599175453186035,5.0,1
v2|low|causative|overlay_subject_lab_s01_magus|good|loosen|2881,low,causative,good,loosen,magus,overlay_arg_1_match,overlay_subject_lab_s01,2.4200000762939453,tail,freqblimp_curated, the,.,-0.8862450122833252,-8.167494773864746,7.28125,1
v2|low|causative|overlay_subject_lab_s01_magus|good|scorch|2882,low,causative,good,scorch,magus,overlay_arg_1_match,overlay_subject_lab_s01,2.7300000190734863,tail,freqblimp_curated, the,.,-1.238637924194336,-6.926137924194336,5.6875,1
v2|low|causative|overlay_subject_lab_s01_magus|good|shatter|2883,low,causative,good,shatter,magus,overlay_arg_1_match,overlay_subject_lab_s01,2.799999952316284,tail,freqblimp_curated, the,.,-0.9080629944801331,-6.533062934875488,5.625,1
v2|low|causative|overlay_subject_lab_s01_magus|good|solidify|2886,low,causative,good,solidify,magus,overlay_arg_1_match,overlay_subject_lab_s01,2.990000009536743,tail,freqblimp_curated, the,.,-0.9292995929718018,-5.991799354553223,5.0625,1
v2|low|causative|overlay_subject_lab_s01_magus|good|tighten|2887,low,causative,good,tighten,magus,overlay_arg_1_match,overlay_subject_lab_s01,2.700000047683716,tail,freqblimp_curated, the,.,-1.038541316986084,-8.288541793823242,7.250000476837158,1
v2|low|causative|overlay_subject_lab_s01_magus|good|vaporize|2889,low,causative,good,vaporize,magus,overlay_arg_1_match,overlay_subject_lab_s01,2.4700000286102295,tail,freqblimp_curated, the,.,-1.1241967678070068,-6.186697006225586,5.0625,1
v2|low|causative|overlay_subject_lab_s01_magus|good|wrinkle|2891,low,causative,good,wrinkle,magus,overlay_arg_1_match,overlay_subject_lab_s01,3.119999885559082,tail,freqblimp_curated, the,.,-1.9606636762619019,-5.335663795471191,3.375,1
v2|low|causative|overlay_subject_lab_s02_mahout|good|blacken|2894,low,causative,good,blacken,mahout,overlay_arg_1_match,overlay_subject_lab_s02,2.25,low_gap,freqblimp_curated, the,.,-1.1043057441711426,-7.291805744171143,6.1875,1
v2|low|causative|overlay_subject_lab_s02_mahout|good|brighten|2895,low,causative,good,brighten,mahout,overlay_arg_1_match,overlay_subject_lab_s02,2.5999999046325684,tail,freqblimp_curated, the,.,-1.3286521434783936,-5.516152381896973,4.1875,1
v2|low|causative|overlay_subject_lab_s02_mahout|good|condense|2898,low,causative,good,condense,mahout,overlay_arg_1_match,overlay_subject_lab_s02,2.7100000381469727,tail,freqblimp_curated, the,.,-0.7245195508003235,-8.318269729614258,7.59375,1
v2|low|causative|overlay_subject_lab_s02_mahout|good|darken|2900,low,causative,good,darken,mahout,overlay_arg_1_match,overlay_subject_lab_s02,2.880000114440918,tail,freqblimp_curated, the,.,-0.7736618518829346,-5.5861616134643555,4.8125,1
v2|low|causative|overlay_subject_lab_s02_mahout|good|evaporate|2903,low,causative,good,evaporate,mahout,overlay_arg_1_match,overlay_subject_lab_s02,3.009999990463257,tail,freqblimp_curated, the,.,-0.6290544867515564,-5.879054546356201,5.25,1
v2|low|causative|overlay_subject_lab_s02_mahout|good|flatten|2904,low,causative,good,flatten,mahout,overlay_arg_1_match,overlay_subject_lab_s02,2.9800000190734863,tail,freqblimp_curated, the,.,-0.6673485040664673,-8.729848861694336,8.0625,1
v2|low|causative|overlay_subject_lab_s02_mahout|good|fray|2905,low,causative,good,fray,mahout,overlay_arg_1_match,overlay_subject_lab_s02,1.7000000476837158,xtail,freqblimp_curated, the,.,-0.9779889583587646,-7.790489196777344,6.8125,1
v2|low|causative|overlay_subject_lab_s02_mahout|good|loosen|2907,low,causative,good,loosen,mahout,overlay_arg_1_match,overlay_subject_lab_s02,2.4200000762939453,tail,freqblimp_curated, the,.,-0.526803195476532,-10.026803016662598,9.5,1
v2|low|causative|overlay_subject_lab_s02_mahout|good|scorch|2908,low,causative,good,scorch,mahout,overlay_arg_1_match,overlay_subject_lab_s02,2.7300000190734863,tail,freqblimp_curated, the,.,-0.9653767347335815,-7.840376853942871,6.875,1
v2|low|causative|overlay_subject_lab_s02_mahout|good|shatter|2909,low,causative,good,shatter,mahout,overlay_arg_1_match,overlay_subject_lab_s02,2.799999952316284,tail,freqblimp_curated, the,.,-0.862181544303894,-7.612181663513184,6.75,1
v2|low|causative|overlay_subject_lab_s02_mahout|good|solidify|2912,low,causative,good,solidify,mahout,overlay_arg_1_match,overlay_subject_lab_s02,2.990000009536743,tail,freqblimp_curated, the,.,-0.4910392761230469,-7.366039276123047,6.875,1
v2|low|causative|overlay_subject_lab_s02_mahout|good|tighten|2913,low,causative,good,tighten,mahout,overlay_arg_1_match,overlay_subject_lab_s02,2.700000047683716,tail,freqblimp_curated, the,.,-0.5544612407684326,-9.523211479187012,8.96875,1
v2|low|causative|overlay_subject_lab_s02_mahout|good|vaporize|2915,low,causative,good,vaporize,mahout,overlay_arg_1_match,overlay_subject_lab_s02,2.4700000286102295,tail,freqblimp_curated, the,.,-0.7061190605163574,-8.331119537353516,7.625000476837158,1
v2|low|causative|overlay_subject_lab_s02_mahout|good|wrinkle|2917,low,causative,good,wrinkle,mahout,overlay_arg_1_match,overlay_subject_lab_s02,3.119999885559082,tail,freqblimp_curated, the,.,-1.5854952335357666,-6.5854949951171875,5.0,1
v2|low|causative|overlay_subject_visit_s00_scatterbrain|good|blacken|2946,low,causative,good,blacken,scatterbrain,overlay_arg_1_match,overlay_subject_visit_s00,2.25,low_gap,freqblimp_curated, the,.,-1.7626211643218994,-3.7001211643218994,1.9375,1
v2|low|causative|overlay_subject_visit_s00_scatterbrain|good|brighten|2947,low,causative,good,brighten,scatterbrain,overlay_arg_1_match,overlay_subject_visit_s00,2.5999999046325684,tail,freqblimp_curated, the,.,-3.615983009338379,-3.303483009338379,-0.3125,0
v2|low|causative|overlay_subject_visit_s00_scatterbrain|good|condense|2950,low,causative,good,condense,scatterbrain,overlay_arg_1_match,overlay_subject_visit_s00,2.7100000381469727,tail,freqblimp_curated, the,.,-1.3599048852920532,-5.547404766082764,4.1875,1
v2|low|causative|overlay_subject_visit_s00_scatterbrain|good|darken|2952,low,causative,good,darken,scatterbrain,overlay_arg_1_match,overlay_subject_visit_s00,2.880000114440918,tail,freqblimp_curated, the,.,-1.8416063785552979,-2.966606378555298,1.125,1
v2|low|causative|overlay_subject_visit_s00_scatterbrain|good|evaporate|2955,low,causative,good,evaporate,scatterbrain,overlay_arg_1_match,overlay_subject_visit_s00,3.009999990463257,tail,freqblimp_curated, the,.,-5.0993475914001465,-1.9118475914001465,-3.1875,0
v2|low|causative|overlay_subject_visit_s00_scatterbrain|good|flatten|2956,low,causative,good,flatten,scatterbrain,overlay_arg_1_match,overlay_subject_visit_s00,2.9800000190734863,tail,freqblimp_curated, the,.,-1.9436758756637573,-4.693675994873047,2.75,1
v2|low|causative|overlay_subject_visit_s00_scatterbrain|good|fray|2957,low,causative,good,fray,scatterbrain,overlay_arg_1_match,overlay_subject_visit_s00,1.7000000476837158,xtail,freqblimp_curated, the,.,-2.9998652935028076,-3.0623652935028076,0.0625,1
v2|low|causative|overlay_subject_visit_s00_scatterbrain|good|loosen|2959,low,causative,good,loosen,scatterbrain,overlay_arg_1_match,overlay_subject_visit_s00,2.4200000762939453,tail,freqblimp_curated, the,.,-2.127654552459717,-4.940154552459717,2.8125,1
v2|low|causative|overlay_subject_visit_s00_scatterbrain|good|scorch|2960,low,causative,good,scorch,scatterbrain,overlay_arg_1_match,overlay_subject_visit_s00,2.7300000190734863,tail,freqblimp_curated, the,.,-1.4164899587631226,-4.416490077972412,3.0,1
v2|low|causative|overlay_subject_visit_s00_scatterbrain|good|shatter|2961,low,causative,good,shatter,scatterbrain,overlay_arg_1_match,overlay_subject_visit_s00,2.799999952316284,tail,freqblimp_curated, the,.,-2.916605234146118,-2.416605234146118,-0.5,0
v2|low|causative|overlay_subject_visit_s00_scatterbrain|good|solidify|2964,low,causative,good,solidify,scatterbrain,overlay_arg_1_match,overlay_subject_visit_s00,2.990000009536743,tail,freqblimp_curated, the,.,-2.016789674758911,-5.391789436340332,3.374999761581421,1
v2|low|causative|overlay_subject_visit_s00_scatterbrain|good|tighten|2965,low,causative,good,tighten,scatterbrain,overlay_arg_1_match,overlay_subject_visit_s00,2.700000047683716,tail,freqblimp_curated, the,.,-1.4143450260162354,-5.976844787597656,4.5625,1
v2|low|causative|overlay_subject_visit_s00_scatterbrain|good|vaporize|2967,low,causative,good,vaporize,scatterbrain,overlay_arg_1_match,overlay_subject_visit_s00,2.4700000286102295,tail,freqblimp_curated, the,.,-2.234945774078369,-2.422445774078369,0.1875,1
v2|low|causative|overlay_subject_visit_s00_scatterbrain|good|wrinkle|2969,low,causative,good,wrinkle,scatterbrain,overlay_arg_1_match,overlay_subject_visit_s00,3.119999885559082,tail,freqblimp_curated, the,.,-4.118729114532471,-4.243729114532471,0.125,1
v2|low|causative|overlay_subject_visit_s01_scattergood|good|blacken|2972,low,causative,good,blacken,scattergood,overlay_arg_1_match,overlay_subject_visit_s01,2.25,low_gap,freqblimp_curated, the,.,-1.3623828887939453,-4.487382888793945,3.125,1
v2|low|causative|overlay_subject_visit_s01_scattergood|good|brighten|2973,low,causative,good,brighten,scattergood,overlay_arg_1_match,overlay_subject_visit_s01,2.5999999046325684,tail,freqblimp_curated, the,.,-3.049602746963501,-3.237102746963501,0.1875,1
v2|low|causative|overlay_subject_visit_s01_scattergood|good|condense|2976,low,causative,good,condense,scattergood,overlay_arg_1_match,overlay_subject_visit_s01,2.7100000381469727,tail,freqblimp_curated, the,.,-1.0905358791351318,-5.903036117553711,4.8125,1
v2|low|causative|overlay_subject_visit_s01_scattergood|good|darken|2978,low,causative,good,darken,scattergood,overlay_arg_1_match,overlay_subject_visit_s01,2.880000114440918,tail,freqblimp_curated, the,.,-1.7125498056411743,-3.2750496864318848,1.5624998807907104,1
v2|low|causative|overlay_subject_visit_s01_scattergood|good|evaporate|2981,low,causative,good,evaporate,scattergood,overlay_arg_1_match,overlay_subject_visit_s01,3.009999990463257,tail,freqblimp_curated, the,.,-4.9194536209106445,-1.481953501701355,-3.4375,0
v2|low|causative|overlay_subject_visit_s01_scattergood|good|flatten|2982,low,causative,good,flatten,scattergood,overlay_arg_1_match,overlay_subject_visit_s01,2.9800000190734863,tail,freqblimp_curated, the,.,-1.2522624731063843,-6.002262592315674,4.75,1
v2|low|causative|overlay_subject_visit_s01_scattergood|good|fray|2983,low,causative,good,fray,scattergood,overlay_arg_1_match,overlay_subject_visit_s01,1.7000000476837158,xtail,freqblimp_curated, the,.,-2.7181901931762695,-4.3431901931762695,1.625,1
v2|low|causative|overlay_subject_visit_s01_scattergood|good|loosen|2985,low,causative,good,loosen,scattergood,overlay_arg_1_match,overlay_subject_visit_s01,2.4200000762939453,tail,freqblimp_curated, the,.,-1.9230108261108398,-5.29801082611084,3.375,1
v2|low|causative|overlay_subject_visit_s01_scattergood|good|scorch|2986,low,causative,good,scorch,scattergood,overlay_arg_1_match,overlay_subject_visit_s01,2.7300000190734863,tail,freqblimp_curated, the,.,-1.2523136138916016,-5.814813613891602,4.5625,1
v2|low|causative|overlay_subject_visit_s01_scattergood|good|shatter|2987,low,causative,good,shatter,scattergood,overlay_arg_1_match,overlay_subject_visit_s01,2.799999952316284,tail,freqblimp_curated, the,.,-1.4252891540527344,-3.1127891540527344,1.6875,1
v2|low|causative|overlay_subject_visit_s01_scattergood|good|solidify|2990,low,causative,good,solidify,scattergood,overlay_arg_1_match,overlay_subject_visit_s01,2.990000009536743,tail,freqblimp_curated, the,.,-2.263547420501709,-5.388547420501709,3.125,1
v2|low|causative|overlay_subject_visit_s01_scattergood|good|tighten|2991,low,causative,good,tighten,scattergood,overlay_arg_1_match,overlay_subject_visit_s01,2.700000047683716,tail,freqblimp_curated, the,.,-1.8818447589874268,-6.631844520568848,4.75,1
v2|low|causative|overlay_subject_visit_s01_scattergood|good|vaporize|2993,low,causative,good,vaporize,scattergood,overlay_arg_1_match,overlay_subject_visit_s01,2.4700000286102295,tail,freqblimp_curated, the,.,-1.7571005821228027,-3.0071005821228027,1.25,1
v2|low|causative|overlay_subject_visit_s01_scattergood|good|wrinkle|2995,low,causative,good,wrinkle,scattergood,overlay_arg_1_match,overlay_subject_visit_s01,3.119999885559082,tail,freqblimp_curated, the,.,-2.7374236583709717,-4.424923896789551,1.687500238418579,1
v2|low|causative|overlay_subject_check_s01_syndicator|good|blacken|3076,low,causative,good,blacken,syndicator,overlay_arg_1_match,overlay_subject_check_s01,2.25,low_gap,freqblimp_curated, the,.,-0.8012171983718872,-7.301217079162598,6.5,1
v2|low|causative|overlay_subject_check_s01_syndicator|good|brighten|3077,low,causative,good,brighten,syndicator,overlay_arg_1_match,overlay_subject_check_s01,2.5999999046325684,tail,freqblimp_curated, the,.,-0.8989049196243286,-7.086404800415039,6.1875,1
v2|low|causative|overlay_subject_check_s01_syndicator|good|condense|3080,low,causative,good,condense,syndicator,overlay_arg_1_match,overlay_subject_check_s01,2.7100000381469727,tail,freqblimp_curated, the,.,-0.7763938903808594,-8.43264389038086,7.65625,1
v2|low|causative|overlay_subject_check_s01_syndicator|good|darken|3082,low,causative,good,darken,syndicator,overlay_arg_1_match,overlay_subject_check_s01,2.880000114440918,tail,freqblimp_curated, the,.,-0.4933273196220398,-7.8058271408081055,7.3125,1
v2|low|causative|overlay_subject_check_s01_syndicator|good|evaporate|3085,low,causative,good,evaporate,syndicator,overlay_arg_1_match,overlay_subject_check_s01,3.009999990463257,tail,freqblimp_curated, the,.,-1.4185062646865845,-4.606006145477295,3.1875,1
v2|low|causative|overlay_subject_check_s01_syndicator|good|flatten|3086,low,causative,good,flatten,syndicator,overlay_arg_1_match,overlay_subject_check_s01,2.9800000190734863,tail,freqblimp_curated, the,.,-0.8079555034637451,-7.714205741882324,6.90625,1
v2|low|causative|overlay_subject_check_s01_syndicator|good|fray|3087,low,causative,good,fray,syndicator,overlay_arg_1_match,overlay_subject_check_s01,1.7000000476837158,xtail,freqblimp_curated, the,.,-0.9364327788352966,-6.248932838439941,5.3125,1
v2|low|causative|overlay_subject_check_s01_syndicator|good|loosen|3089,low,causative,good,loosen,syndicator,overlay_arg_1_match,overlay_subject_check_s01,2.4200000762939453,tail,freqblimp_curated, the,.,-0.7867474555969238,-7.724247455596924,6.9375,1
v2|low|causative|overlay_subject_check_s01_syndicator|good|scorch|3090,low,causative,good,scorch,syndicator,overlay_arg_1_match,overlay_subject_check_s01,2.7300000190734863,tail,freqblimp_curated, the,.,-1.013106107711792,-7.075606346130371,6.0625,1
v2|low|causative|overlay_subject_check_s01_syndicator|good|shatter|3091,low,causative,good,shatter,syndicator,overlay_arg_1_match,overlay_subject_check_s01,2.799999952316284,tail,freqblimp_curated, the,.,-0.8344046473503113,-6.834404468536377,6.0,1
v2|low|causative|overlay_subject_check_s01_syndicator|good|solidify|3094,low,causative,good,solidify,syndicator,overlay_arg_1_match,overlay_subject_check_s01,2.990000009536743,tail,freqblimp_curated, the,.,-1.0176265239715576,-8.017626762390137,7.0,1
v2|low|causative|overlay_subject_check_s01_syndicator|good|tighten|3095,low,causative,good,tighten,syndicator,overlay_arg_1_match,overlay_subject_check_s01,2.700000047683716,tail,freqblimp_curated, the,.,-0.8931348919868469,-7.393135070800781,6.5,1
v2|low|causative|overlay_subject_check_s01_syndicator|good|vaporize|3097,low,causative,good,vaporize,syndicator,overlay_arg_1_match,overlay_subject_check_s01,2.4700000286102295,tail,freqblimp_curated, the,.,-1.2365659475326538,-6.549066066741943,5.3125,1
v2|low|causative|overlay_subject_check_s01_syndicator|good|wrinkle|3099,low,causative,good,wrinkle,syndicator,overlay_arg_1_match,overlay_subject_check_s01,3.119999885559082,tail,freqblimp_curated, the,.,-1.6179790496826172,-6.055479049682617,4.4375,1
v2|low|causative|overlay_subject_tomorrow_s00_sharecropper|good|blacken|3154,low,causative,good,blacken,sharecropper,overlay_arg_1_match,overlay_subject_tomorrow_s00,2.25,low_gap,freqblimp_curated, the,.,-1.4332979917526245,-4.995798110961914,3.5625,1
v2|low|causative|overlay_subject_tomorrow_s00_sharecropper|good|brighten|3155,low,causative,good,brighten,sharecropper,overlay_arg_1_match,overlay_subject_tomorrow_s00,2.5999999046325684,tail,freqblimp_curated, the,.,-1.7282978296279907,-5.353297710418701,3.625,1
v2|low|causative|overlay_subject_tomorrow_s00_sharecropper|good|condense|3158,low,causative,good,condense,sharecropper,overlay_arg_1_match,overlay_subject_tomorrow_s00,2.7100000381469727,tail,freqblimp_curated, the,.,-1.6298753023147583,-4.629875183105469,3.0,1
v2|low|causative|overlay_subject_tomorrow_s00_sharecropper|good|darken|3160,low,causative,good,darken,sharecropper,overlay_arg_1_match,overlay_subject_tomorrow_s00,2.880000114440918,tail,freqblimp_curated, the,.,-0.6661466956138611,-5.291146755218506,4.625,1
v2|low|causative|overlay_subject_tomorrow_s00_sharecropper|good|evaporate|3163,low,causative,good,evaporate,sharecropper,overlay_arg_1_match,overlay_subject_tomorrow_s00,3.009999990463257,tail,freqblimp_curated, the,.,-6.013792037963867,-1.7012921571731567,-4.3125,0
v2|low|causative|overlay_subject_tomorrow_s00_sharecropper|good|flatten|3164,low,causative,good,flatten,sharecropper,overlay_arg_1_match,overlay_subject_tomorrow_s00,2.9800000190734863,tail,freqblimp_curated, the,.,-1.7938041687011719,-7.418804168701172,5.625,1
v2|low|causative|overlay_subject_tomorrow_s00_sharecropper|good|fray|3165,low,causative,good,fray,sharecropper,overlay_arg_1_match,overlay_subject_tomorrow_s00,1.7000000476837158,xtail,freqblimp_curated, the,.,-2.169487953186035,-3.106987953186035,0.9375,1
v2|low|causative|overlay_subject_tomorrow_s00_sharecropper|good|loosen|3167,low,causative,good,loosen,sharecropper,overlay_arg_1_match,overlay_subject_tomorrow_s00,2.4200000762939453,tail,freqblimp_curated, the,.,-1.5117298364639282,-6.386729717254639,4.875,1
v2|low|causative|overlay_subject_tomorrow_s00_sharecropper|good|scorch|3168,low,causative,good,scorch,sharecropper,overlay_arg_1_match,overlay_subject_tomorrow_s00,2.7300000190734863,tail,freqblimp_curated, the,.,-1.2194664478302002,-4.406966209411621,3.187499761581421,1
v2|low|causative|overlay_subject_tomorrow_s00_sharecropper|good|shatter|3169,low,causative,good,shatter,sharecropper,overlay_arg_1_match,overlay_subject_tomorrow_s00,2.799999952316284,tail,freqblimp_curated, the,.,-1.3497865200042725,-4.099786758422852,2.750000238418579,1
v2|low|causative|overlay_subject_tomorrow_s00_sharecropper|good|solidify|3172,low,causative,good,solidify,sharecropper,overlay_arg_1_match,overlay_subject_tomorrow_s00,2.990000009536743,tail,freqblimp_curated, the,.,-2.03292179107666,-5.65792179107666,3.625,1
v2|low|causative|overlay_subject_tomorrow_s00_sharecropper|good|tighten|3173,low,causative,good,tighten,sharecropper,overlay_arg_1_match,overlay_subject_tomorrow_s00,2.700000047683716,tail,freqblimp_curated, the,.,-1.4721424579620361,-7.284642696380615,5.8125,1
v2|low|causative|overlay_subject_tomorrow_s00_sharecropper|good|vaporize|3175,low,causative,good,vaporize,sharecropper,overlay_arg_1_match,overlay_subject_tomorrow_s00,2.4700000286102295,tail,freqblimp_curated, the,.,-2.885037660598755,-2.197537660598755,-0.6875,0
v2|low|causative|overlay_subject_tomorrow_s00_sharecropper|good|wrinkle|3177,low,causative,good,wrinkle,sharecropper,overlay_arg_1_match,overlay_subject_tomorrow_s00,3.119999885559082,tail,freqblimp_curated, the,.,-3.2018649578094482,-4.451865196228027,1.250000238418579,1
v2|low|causative|overlay_subject_trial_s01_choirboy|good|blacken|3284,low,causative,good,blacken,choirboy,overlay_arg_1_match,overlay_subject_trial_s01,2.25,low_gap,freqblimp_curated, the,.,-1.2980021238327026,-6.235502243041992,4.9375,1
v2|low|causative|overlay_subject_trial_s01_choirboy|good|brighten|3285,low,causative,good,brighten,choirboy,overlay_arg_1_match,overlay_subject_trial_s01,2.5999999046325684,tail,freqblimp_curated, the,.,-1.6980116367340088,-4.32301139831543,2.624999761581421,1
v2|low|causative|overlay_subject_trial_s01_choirboy|good|condense|3288,low,causative,good,condense,choirboy,overlay_arg_1_match,overlay_subject_trial_s01,2.7100000381469727,tail,freqblimp_curated, the,.,-1.143080234527588,-7.268080234527588,6.125,1
v2|low|causative|overlay_subject_trial_s01_choirboy|good|darken|3290,low,causative,good,darken,choirboy,overlay_arg_1_match,overlay_subject_trial_s01,2.880000114440918,tail,freqblimp_curated, the,.,-1.3289896249771118,-4.078989505767822,2.75,1
v2|low|causative|overlay_subject_trial_s01_choirboy|good|evaporate|3293,low,causative,good,evaporate,choirboy,overlay_arg_1_match,overlay_subject_trial_s01,3.009999990463257,tail,freqblimp_curated, the,.,-4.079620361328125,-2.642120599746704,-1.437499761581421,0
v2|low|causative|overlay_subject_trial_s01_choirboy|good|flatten|3294,low,causative,good,flatten,choirboy,overlay_arg_1_match,overlay_subject_trial_s01,2.9800000190734863,tail,freqblimp_curated, the,.,-1.940628170967102,-7.8781280517578125,5.9375,1
v2|low|causative|overlay_subject_trial_s01_choirboy|good|fray|3295,low,causative,good,fray,choirboy,overlay_arg_1_match,overlay_subject_trial_s01,1.7000000476837158,xtail,freqblimp_curated, the,.,-1.790480136871338,-3.727980136871338,1.9375,1
v2|low|causative|overlay_subject_trial_s01_choirboy|good|loosen|3297,low,causative,good,loosen,choirboy,overlay_arg_1_match,overlay_subject_trial_s01,2.4200000762939453,tail,freqblimp_curated, the,.,-1.8712838888168335,-7.183784008026123,5.3125,1
v2|low|causative|overlay_subject_trial_s01_choirboy|good|scorch|3298,low,causative,good,scorch,choirboy,overlay_arg_1_match,overlay_subject_trial_s01,2.7300000190734863,tail,freqblimp_curated, the,.,-1.141631841659546,-5.954132080078125,4.8125,1
v2|low|causative|overlay_subject_trial_s01_choirboy|good|shatter|3299,low,causative,good,shatter,choirboy,overlay_arg_1_match,overlay_subject_trial_s01,2.799999952316284,tail,freqblimp_curated, the,.,-0.883613109588623,-5.133613109588623,4.25,1
v2|low|causative|overlay_subject_trial_s01_choirboy|good|solidify|3302,low,causative,good,solidify,choirboy,overlay_arg_1_match,overlay_subject_trial_s01,2.990000009536743,tail,freqblimp_curated, the,.,-1.862060308456421,-6.612060546875,4.75,1
v2|low|causative|overlay_subject_trial_s01_choirboy|good|tighten|3303,low,causative,good,tighten,choirboy,overlay_arg_1_match,overlay_subject_trial_s01,2.700000047683716,tail,freqblimp_curated, the,.,-1.908229112625122,-7.345728874206543,5.4375,1
v2|low|causative|overlay_subject_trial_s01_choirboy|good|vaporize|3305,low,causative,good,vaporize,choirboy,overlay_arg_1_match,overlay_subject_trial_s01,2.4700000286102295,tail,freqblimp_curated, the,.,-1.6336724758148193,-3.0711724758148193,1.4375,1
v2|low|causative|overlay_subject_trial_s01_choirboy|good|wrinkle|3307,low,causative,good,wrinkle,choirboy,overlay_arg_1_match,overlay_subject_trial_s01,3.119999885559082,tail,freqblimp_curated, the,.,-3.6290183067321777,-4.254018306732178,0.625,1
v2|low|causative|overlay_subject_trial_s03_chooser|good|blacken|3336,low,causative,good,blacken,chooser,overlay_arg_1_match,overlay_subject_trial_s03,2.25,low_gap,freqblimp_curated, the,.,-1.0007461309432983,-5.125746250152588,4.125,1
v2|low|causative|overlay_subject_trial_s03_chooser|good|brighten|3337,low,causative,good,brighten,chooser,overlay_arg_1_match,overlay_subject_trial_s03,2.5999999046325684,tail,freqblimp_curated, the,.,-1.3045368194580078,-5.054536819458008,3.75,1
v2|low|causative|overlay_subject_trial_s03_chooser|good|condense|3340,low,causative,good,condense,chooser,overlay_arg_1_match,overlay_subject_trial_s03,2.7100000381469727,tail,freqblimp_curated, the,.,-0.7674464583396912,-7.142446517944336,6.375,1
v2|low|causative|overlay_subject_trial_s03_chooser|good|darken|3342,low,causative,good,darken,chooser,overlay_arg_1_match,overlay_subject_trial_s03,2.880000114440918,tail,freqblimp_curated, the,.,-0.8106483221054077,-4.935648441314697,4.125,1
v2|low|causative|overlay_subject_trial_s03_chooser|good|evaporate|3345,low,causative,good,evaporate,chooser,overlay_arg_1_match,overlay_subject_trial_s03,3.009999990463257,tail,freqblimp_curated, the,.,-2.919635772705078,-2.607135772705078,-0.3125,0
v2|low|causative|overlay_subject_trial_s03_chooser|good|flatten|3346,low,causative,good,flatten,chooser,overlay_arg_1_match,overlay_subject_trial_s03,2.9800000190734863,tail,freqblimp_curated, the,.,-0.8518866896629333,-7.164386749267578,6.3125,1
v2|low|causative|overlay_subject_trial_s03_chooser|good|fray|3347,low,causative,good,fray,chooser,overlay_arg_1_match,overlay_subject_trial_s03,1.7000000476837158,xtail,freqblimp_curated, the,.,-1.228847861289978,-5.166347980499268,3.9375,1
v2|low|causative|overlay_subject_trial_s03_chooser|good|loosen|3349,low,causative,good,loosen,chooser,overlay_arg_1_match,overlay_subject_trial_s03,2.4200000762939453,tail,freqblimp_curated, the,.,-0.8265287280082703,-6.951528549194336,6.125,1
v2|low|causative|overlay_subject_trial_s03_chooser|good|scorch|3350,low,causative,good,scorch,chooser,overlay_arg_1_match,overlay_subject_trial_s03,2.7300000190734863,tail,freqblimp_curated, the,.,-1.0387442111968994,-5.72624397277832,4.6875,1
v2|low|causative|overlay_subject_trial_s03_chooser|good|shatter|3351,low,causative,good,shatter,chooser,overlay_arg_1_match,overlay_subject_trial_s03,2.799999952316284,tail,freqblimp_curated, the,.,-0.7626861929893494,-4.825186252593994,4.0625,1
v2|low|causative|overlay_subject_trial_s03_chooser|good|solidify|3354,low,causative,good,solidify,chooser,overlay_arg_1_match,overlay_subject_trial_s03,2.990000009536743,tail,freqblimp_curated, the,.,-1.3186359405517578,-5.943635940551758,4.625,1
v2|low|causative|overlay_subject_trial_s03_chooser|good|tighten|3355,low,causative,good,tighten,chooser,overlay_arg_1_match,overlay_subject_trial_s03,2.700000047683716,tail,freqblimp_curated, the,.,-0.636497974395752,-7.323997974395752,6.6875,1
v2|low|causative|overlay_subject_trial_s03_chooser|good|vaporize|3357,low,causative,good,vaporize,chooser,overlay_arg_1_match,overlay_subject_trial_s03,2.4700000286102295,tail,freqblimp_curated, the,.,-1.2820419073104858,-4.344542026519775,3.0625,1
v2|low|causative|overlay_subject_trial_s03_chooser|good|wrinkle|3359,low,causative,good,wrinkle,chooser,overlay_arg_1_match,overlay_subject_trial_s03,3.119999885559082,tail,freqblimp_curated, the,.,-1.6506134271621704,-4.838113307952881,3.1875,1
v2|low|inchoative|overlay_subject_check_s00_vocative|bad|abduct|3640,low,inchoative,bad,abduct,vocative,overlay_arg_1_match,overlay_subject_check_s00,2.74,tail,supplemental_v2_bad_verbs, the,.,-0.9386148452758789,-4.563614845275879,3.625,1
v2|low|inchoative|overlay_subject_check_s00_vocative|bad|abhor|3641,low,inchoative,bad,abhor,vocative,overlay_arg_1_match,overlay_subject_check_s00,2.64,tail,supplemental_v2_bad_verbs, the,.,-1.5628573894500732,-4.437857627868652,2.875000238418579,1
v2|low|inchoative|overlay_subject_check_s00_vocative|bad|admonish|3643,low,inchoative,bad,admonish,vocative,overlay_arg_1_match,overlay_subject_check_s00,2.29,low_gap,supplemental_v2_bad_verbs, the,.,-0.7693252563476562,-5.956825256347656,5.1875,1
v2|low|inchoative|overlay_subject_check_s00_vocative|bad|assassinate|3644,low,inchoative,bad,assassinate,vocative,overlay_arg_1_match,overlay_subject_check_s00,3.2,tail,supplemental_v2_bad_verbs, the,.,-1.0880433320999146,-4.400543212890625,3.3125,1
v2|low|inchoative|overlay_subject_check_s00_vocative|bad|behead|3645,low,inchoative,bad,behead,vocative,overlay_arg_1_match,overlay_subject_check_s00,2.71,tail,supplemental_v2_bad_verbs, the,.,-1.788344383239746,-3.288344383239746,1.5,1
v2|low|inchoative|overlay_subject_check_s00_vocative|bad|carjack|3646,low,inchoative,bad,carjack,vocative,overlay_arg_1_match,overlay_subject_check_s00,1.78,xtail,supplemental_v2_bad_verbs, the,.,-1.145362138748169,-4.64536190032959,3.499999761581421,1
v2|low|inchoative|overlay_subject_check_s00_vocative|bad|castigate|3647,low,inchoative,bad,castigate,vocative,overlay_arg_1_match,overlay_subject_check_s00,1.92,xtail,supplemental_v2_bad_verbs, the,.,-1.1164932250976562,-5.491493225097656,4.375,1
v2|low|inchoative|overlay_subject_check_s00_vocative|bad|chasten|3648,low,inchoative,bad,chasten,vocative,overlay_arg_1_match,overlay_subject_check_s00,1.72,xtail,supplemental_v2_bad_verbs, the,.,-1.2410914897918701,-4.428591728210449,3.187500238418579,1
v2|low|inchoative|overlay_subject_check_s00_vocative|bad|coerce|3649,low,inchoative,bad,coerce,vocative,overlay_arg_1_match,overlay_subject_check_s00,2.86,tail,supplemental_v2_bad_verbs, the,.,-0.7507315874099731,-5.125731468200684,4.375,1
v2|low|inchoative|overlay_subject_check_s00_vocative|bad|confiscate|3650,low,inchoative,bad,confiscate,vocative,overlay_arg_1_match,overlay_subject_check_s00,2.93,tail,supplemental_v2_bad_verbs, the,.,-1.0520697832107544,-5.802069664001465,4.75,1
v2|low|inchoative|overlay_subject_check_s00_vocative|bad|denude|3651,low,inchoative,bad,denude,vocative,overlay_arg_1_match,overlay_subject_check_s00,1.42,xtail,supplemental_v2_bad_verbs, the,.,-0.9793533086776733,-4.291853427886963,3.3125,1
v2|low|inchoative|overlay_subject_check_s00_vocative|bad|encumber|3654,low,inchoative,bad,encumber,vocative,overlay_arg_1_match,overlay_subject_check_s00,1.68,xtail,supplemental_v2_bad_verbs, the,.,-0.7561696171760559,-4.44366979598999,3.687500238418579,1
v2|low|inchoative|overlay_subject_check_s00_vocative|bad|enslave|3655,low,inchoative,bad,enslave,vocative,overlay_arg_1_match,overlay_subject_check_s00,2.83,tail,supplemental_v2_bad_verbs, the,.,-0.9501111507415771,-5.137611389160156,4.1875,1
v2|low|inchoative|overlay_subject_check_s00_vocative|bad|extort|3656,low,inchoative,bad,extort,vocative,overlay_arg_1_match,overlay_subject_check_s00,2.82,tail,supplemental_v2_bad_verbs, the,.,-1.7919111251831055,-4.6669111251831055,2.875,1
v2|low|inchoative|overlay_subject_check_s00_vocative|bad|hospitalize|3658,low,inchoative,bad,hospitalize,vocative,overlay_arg_1_match,overlay_subject_check_s00,1.77,xtail,supplemental_v2_bad_verbs, the,.,-1.5842612981796265,-4.021761417388916,2.4375,1
v2|low|inchoative|overlay_subject_check_s00_vocative|bad|impale|3659,low,inchoative,bad,impale,vocative,overlay_arg_1_match,overlay_subject_check_s00,2.22,low_gap,supplemental_v2_bad_verbs, the,.,-0.964673638343811,-5.2146735191345215,4.25,1
v2|low|inchoative|overlay_subject_check_s00_vocative|bad|lambaste|3661,low,inchoative,bad,lambaste,vocative,overlay_arg_1_match,overlay_subject_check_s00,1.66,xtail,supplemental_v2_bad_verbs, the,.,-1.0373687744140625,-5.7248687744140625,4.6875,1
v2|low|inchoative|overlay_subject_check_s00_vocative|bad|misguide|3662,low,inchoative,bad,misguide,vocative,overlay_arg_1_match,overlay_subject_check_s00,1.66,xtail,supplemental_v2_bad_verbs, the,.,-0.7358354330062866,-4.423335552215576,3.6875,1
v2|low|inchoative|overlay_subject_check_s00_vocative|bad|paralyze|3665,low,inchoative,bad,paralyze,vocative,overlay_arg_1_match,overlay_subject_check_s00,2.65,tail,supplemental_v2_bad_verbs, the,.,-0.6620621681213379,-4.474562168121338,3.8125,1
v2|low|inchoative|overlay_subject_check_s00_vocative|bad|rebuke|3666,low,inchoative,bad,rebuke,vocative,overlay_arg_1_match,overlay_subject_check_s00,3.1,tail,supplemental_v2_bad_verbs, the,.,-0.9001179337501526,-5.462617874145508,4.5625,1
v2|low|inchoative|overlay_subject_check_s00_vocative|bad|reprove|3667,low,inchoative,bad,reprove,vocative,overlay_arg_1_match,overlay_subject_check_s00,1.79,xtail,supplemental_v2_bad_verbs, the,.,-1.3683816194534302,-4.430881500244141,3.0625,1
v2|low|inchoative|overlay_subject_check_s00_vocative|bad|revile|3668,low,inchoative,bad,revile,vocative,overlay_arg_1_match,overlay_subject_check_s00,1.98,xtail,supplemental_v2_bad_verbs, the,.,-1.4485067129135132,-4.761006832122803,3.3125,1
v2|low|inchoative|overlay_subject_check_s00_vocative|bad|scrutinize|3669,low,inchoative,bad,scrutinize,vocative,overlay_arg_1_match,overlay_subject_check_s00,2.76,tail,supplemental_v2_bad_verbs, the,.,-0.7587286829948425,-7.008728504180908,6.25,1
v2|low|inchoative|overlay_subject_check_s00_vocative|bad|seclude|3670,low,inchoative,bad,seclude,vocative,overlay_arg_1_match,overlay_subject_check_s00,1.7,xtail,supplemental_v2_bad_verbs, the,.,-1.302120327949524,-4.302120208740234,3.0,1
v2|low|inchoative|overlay_subject_check_s00_vocative|bad|swindle|3672,low,inchoative,bad,swindle,vocative,overlay_arg_1_match,overlay_subject_check_s00,2.67,tail,supplemental_v2_bad_verbs, the,.,-1.1331597566604614,-4.445659637451172,3.3125,1
v2|low|inchoative|overlay_subject_check_s00_vocative|bad|uproot|3673,low,inchoative,bad,uproot,vocative,overlay_arg_1_match,overlay_subject_check_s00,2.63,tail,supplemental_v2_bad_verbs, the,.,-1.0983177423477173,-4.348317623138428,3.25,1
v2|low|inchoative|overlay_subject_check_s00_vocative|bad|vilify|3674,low,inchoative,bad,vilify,vocative,overlay_arg_1_match,overlay_subject_check_s00,2.44,tail,supplemental_v2_bad_verbs, the,.,-0.9286419153213501,-5.4286417961120605,4.5,1
v2|low|inchoative|overlay_subject_check_s02_voiceprint|bad|abduct|3710,low,inchoative,bad,abduct,voiceprint,overlay_arg_1_match,overlay_subject_check_s02,2.74,tail,supplemental_v2_bad_verbs, the,.,-1.0962759256362915,-5.783775806427002,4.6875,1
v2|low|inchoative|overlay_subject_check_s02_voiceprint|bad|abhor|3711,low,inchoative,bad,abhor,voiceprint,overlay_arg_1_match,overlay_subject_check_s02,2.64,tail,supplemental_v2_bad_verbs, the,.,-1.6976524591445923,-4.885152339935303,3.1875,1
v2|low|inchoative|overlay_subject_check_s02_voiceprint|bad|admonish|3713,low,inchoative,bad,admonish,voiceprint,overlay_arg_1_match,overlay_subject_check_s02,2.29,low_gap,supplemental_v2_bad_verbs, the,.,-1.1176667213439941,-6.867666721343994,5.75,1
v2|low|inchoative|overlay_subject_check_s02_voiceprint|bad|assassinate|3714,low,inchoative,bad,assassinate,voiceprint,overlay_arg_1_match,overlay_subject_check_s02,3.2,tail,supplemental_v2_bad_verbs, the,.,-1.1669092178344727,-4.916909217834473,3.75,1
v2|low|inchoative|overlay_subject_check_s02_voiceprint|bad|behead|3715,low,inchoative,bad,behead,voiceprint,overlay_arg_1_match,overlay_subject_check_s02,2.71,tail,supplemental_v2_bad_verbs, the,.,-1.916327714920044,-3.853827714920044,1.9375,1
v2|low|inchoative|overlay_subject_check_s02_voiceprint|bad|carjack|3716,low,inchoative,bad,carjack,voiceprint,overlay_arg_1_match,overlay_subject_check_s02,1.78,xtail,supplemental_v2_bad_verbs, the,.,-1.2176812887191772,-4.967681407928467,3.75,1
v2|low|inchoative|overlay_subject_check_s02_voiceprint|bad|castigate|3717,low,inchoative,bad,castigate,voiceprint,overlay_arg_1_match,overlay_subject_check_s02,1.92,xtail,supplemental_v2_bad_verbs, the,.,-1.412966251373291,-5.850466251373291,4.4375,1
v2|low|inchoative|overlay_subject_check_s02_voiceprint|bad|chasten|3718,low,inchoative,bad,chasten,voiceprint,overlay_arg_1_match,overlay_subject_check_s02,1.72,xtail,supplemental_v2_bad_verbs, the,.,-1.4959490299224854,-4.808448791503906,3.312499761581421,1
v2|low|inchoative|overlay_subject_check_s02_voiceprint|bad|coerce|3719,low,inchoative,bad,coerce,voiceprint,overlay_arg_1_match,overlay_subject_check_s02,2.86,tail,supplemental_v2_bad_verbs, the,.,-0.9196053743362427,-5.357105255126953,4.4375,1
v2|low|inchoative|overlay_subject_check_s02_voiceprint|bad|confiscate|3720,low,inchoative,bad,confiscate,voiceprint,overlay_arg_1_match,overlay_subject_check_s02,2.93,tail,supplemental_v2_bad_verbs, the,.,-1.529707670211792,-5.279707908630371,3.750000238418579,1
v2|low|inchoative|overlay_subject_check_s02_voiceprint|bad|denude|3721,low,inchoative,bad,denude,voiceprint,overlay_arg_1_match,overlay_subject_check_s02,1.42,xtail,supplemental_v2_bad_verbs, the,.,-1.0609145164489746,-4.310914516448975,3.25,1
v2|low|inchoative|overlay_subject_check_s02_voiceprint|bad|encumber|3724,low,inchoative,bad,encumber,voiceprint,overlay_arg_1_match,overlay_subject_check_s02,1.68,xtail,supplemental_v2_bad_verbs, the,.,-0.9978723526000977,-4.435372352600098,3.4375,1
v2|low|inchoative|overlay_subject_check_s02_voiceprint|bad|enslave|3725,low,inchoative,bad,enslave,voiceprint,overlay_arg_1_match,overlay_subject_check_s02,2.83,tail,supplemental_v2_bad_verbs, the,.,-1.0656191110610962,-6.690618991851807,5.625,1
v2|low|inchoative|overlay_subject_check_s02_voiceprint|bad|extort|3726,low,inchoative,bad,extort,voiceprint,overlay_arg_1_match,overlay_subject_check_s02,2.82,tail,supplemental_v2_bad_verbs, the,.,-2.167938470840454,-4.792938232421875,2.624999761581421,1
v2|low|inchoative|overlay_subject_check_s02_voiceprint|bad|hospitalize|3728,low,inchoative,bad,hospitalize,voiceprint,overlay_arg_1_match,overlay_subject_check_s02,1.77,xtail,supplemental_v2_bad_verbs, the,.,-2.0761959552764893,-4.01369571685791,1.937499761581421,1
v2|low|inchoative|overlay_subject_check_s02_voiceprint|bad|impale|3729,low,inchoative,bad,impale,voiceprint,overlay_arg_1_match,overlay_subject_check_s02,2.22,low_gap,supplemental_v2_bad_verbs, the,.,-1.330346703529358,-4.955346584320068,3.625,1
v2|low|inchoative|overlay_subject_check_s02_voiceprint|bad|lambaste|3731,low,inchoative,bad,lambaste,voiceprint,overlay_arg_1_match,overlay_subject_check_s02,1.66,xtail,supplemental_v2_bad_verbs, the,.,-1.2936854362487793,-7.199935436248779,5.90625,1
v2|low|inchoative|overlay_subject_check_s02_voiceprint|bad|misguide|3732,low,inchoative,bad,misguide,voiceprint,overlay_arg_1_match,overlay_subject_check_s02,1.66,xtail,supplemental_v2_bad_verbs, the,.,-0.6959753632545471,-4.945975303649902,4.25,1
v2|low|inchoative|overlay_subject_check_s02_voiceprint|bad|paralyze|3735,low,inchoative,bad,paralyze,voiceprint,overlay_arg_1_match,overlay_subject_check_s02,2.65,tail,supplemental_v2_bad_verbs, the,.,-0.8650357723236084,-4.3025360107421875,3.437500238418579,1
v2|low|inchoative|overlay_subject_check_s02_voiceprint|bad|rebuke|3736,low,inchoative,bad,rebuke,voiceprint,overlay_arg_1_match,overlay_subject_check_s02,3.1,tail,supplemental_v2_bad_verbs, the,.,-1.2634799480438232,-6.263480186462402,5.0,1
v2|low|inchoative|overlay_subject_check_s02_voiceprint|bad|reprove|3737,low,inchoative,bad,reprove,voiceprint,overlay_arg_1_match,overlay_subject_check_s02,1.79,xtail,supplemental_v2_bad_verbs, the,.,-1.4611579179763794,-5.14865779876709,3.6875,1
v2|low|inchoative|overlay_subject_check_s02_voiceprint|bad|revile|3738,low,inchoative,bad,revile,voiceprint,overlay_arg_1_match,overlay_subject_check_s02,1.98,xtail,supplemental_v2_bad_verbs, the,.,-1.420771598815918,-5.108271598815918,3.6875,1
v2|low|inchoative|overlay_subject_check_s02_voiceprint|bad|scrutinize|3739,low,inchoative,bad,scrutinize,voiceprint,overlay_arg_1_match,overlay_subject_check_s02,2.76,tail,supplemental_v2_bad_verbs, the,.,-0.9853794574737549,-7.672879219055176,6.6875,1
v2|low|inchoative|overlay_subject_check_s02_voiceprint|bad|seclude|3740,low,inchoative,bad,seclude,voiceprint,overlay_arg_1_match,overlay_subject_check_s02,1.7,xtail,supplemental_v2_bad_verbs, the,.,-1.3411176204681396,-4.841117858886719,3.500000238418579,1
v2|low|inchoative|overlay_subject_check_s02_voiceprint|bad|swindle|3742,low,inchoative,bad,swindle,voiceprint,overlay_arg_1_match,overlay_subject_check_s02,2.67,tail,supplemental_v2_bad_verbs, the,.,-1.3197014331817627,-4.569701194763184,3.249999761581421,1
v2|low|inchoative|overlay_subject_check_s02_voiceprint|bad|uproot|3743,low,inchoative,bad,uproot,voiceprint,overlay_arg_1_match,overlay_subject_check_s02,2.63,tail,supplemental_v2_bad_verbs, the,.,-1.3427830934524536,-4.405282974243164,3.0625,1
v2|low|inchoative|overlay_subject_check_s02_voiceprint|bad|vilify|3744,low,inchoative,bad,vilify,voiceprint,overlay_arg_1_match,overlay_subject_check_s02,2.44,tail,supplemental_v2_bad_verbs, the,.,-1.1076509952545166,-6.6701507568359375,5.5625,1
v2|low|inchoative|overlay_subject_check_s03_voile|bad|abduct|3745,low,inchoative,bad,abduct,voile,overlay_arg_1_match,overlay_subject_check_s03,2.74,tail,supplemental_v2_bad_verbs, the,.,-0.9828491806983948,-6.48284912109375,5.5,1
v2|low|inchoative|overlay_subject_check_s03_voile|bad|abhor|3746,low,inchoative,bad,abhor,voile,overlay_arg_1_match,overlay_subject_check_s03,2.64,tail,supplemental_v2_bad_verbs, the,.,-1.2576038837432861,-5.070103645324707,3.812499761581421,1
v2|low|inchoative|overlay_subject_check_s03_voile|bad|admonish|3748,low,inchoative,bad,admonish,voile,overlay_arg_1_match,overlay_subject_check_s03,2.29,low_gap,supplemental_v2_bad_verbs, the,.,-1.1360430717468262,-6.261043071746826,5.125,1
v2|low|inchoative|overlay_subject_check_s03_voile|bad|assassinate|3749,low,inchoative,bad,assassinate,voile,overlay_arg_1_match,overlay_subject_check_s03,3.2,tail,supplemental_v2_bad_verbs, the,.,-1.1168062686920166,-6.4918060302734375,5.375,1
v2|low|inchoative|overlay_subject_check_s03_voile|bad|behead|3750,low,inchoative,bad,behead,voile,overlay_arg_1_match,overlay_subject_check_s03,2.71,tail,supplemental_v2_bad_verbs, the,.,-1.459527850151062,-4.772027969360352,3.3125,1
v2|low|inchoative|overlay_subject_check_s03_voile|bad|carjack|3751,low,inchoative,bad,carjack,voile,overlay_arg_1_match,overlay_subject_check_s03,1.78,xtail,supplemental_v2_bad_verbs, the,.,-1.3634953498840332,-4.613495349884033,3.25,1
v2|low|inchoative|overlay_subject_check_s03_voile|bad|castigate|3752,low,inchoative,bad,castigate,voile,overlay_arg_1_match,overlay_subject_check_s03,1.92,xtail,supplemental_v2_bad_verbs, the,.,-1.2893534898757935,-5.351853370666504,4.0625,1
v2|low|inchoative|overlay_subject_check_s03_voile|bad|chasten|3753,low,inchoative,bad,chasten,voile,overlay_arg_1_match,overlay_subject_check_s03,1.72,xtail,supplemental_v2_bad_verbs, the,.,-1.2442045211791992,-4.306704521179199,3.0625,1
v2|low|inchoative|overlay_subject_check_s03_voile|bad|coerce|3754,low,inchoative,bad,coerce,voile,overlay_arg_1_match,overlay_subject_check_s03,2.86,tail,supplemental_v2_bad_verbs, the,.,-0.8993147015571594,-5.836814880371094,4.9375,1
v2|low|inchoative|overlay_subject_check_s03_voile|bad|confiscate|3755,low,inchoative,bad,confiscate,voile,overlay_arg_1_match,overlay_subject_check_s03,2.93,tail,supplemental_v2_bad_verbs, the,.,-1.5162758827209473,-5.453775882720947,3.9375,1
v2|low|inchoative|overlay_subject_check_s03_voile|bad|denude|3756,low,inchoative,bad,denude,voile,overlay_arg_1_match,overlay_subject_check_s03,1.42,xtail,supplemental_v2_bad_verbs, the,.,-0.7978480458259583,-4.735348224639893,3.937500238418579,1
v2|low|inchoative|overlay_subject_check_s03_voile|bad|encumber|3759,low,inchoative,bad,encumber,voile,overlay_arg_1_match,overlay_subject_check_s03,1.68,xtail,supplemental_v2_bad_verbs, the,.,-0.64774489402771,-5.710245132446289,5.0625,1
v2|low|inchoative|overlay_subject_check_s03_voile|bad|enslave|3760,low,inchoative,bad,enslave,voile,overlay_arg_1_match,overlay_subject_check_s03,2.83,tail,supplemental_v2_bad_verbs, the,.,-1.1092534065246582,-5.671753406524658,4.5625,1
v2|low|inchoative|overlay_subject_check_s03_voile|bad|extort|3761,low,inchoative,bad,extort,voile,overlay_arg_1_match,overlay_subject_check_s03,2.82,tail,supplemental_v2_bad_verbs, the,.,-2.0522983074188232,-4.927298545837402,2.875000238418579,1
v2|low|inchoative|overlay_subject_check_s03_voile|bad|hospitalize|3763,low,inchoative,bad,hospitalize,voile,overlay_arg_1_match,overlay_subject_check_s03,1.77,xtail,supplemental_v2_bad_verbs, the,.,-1.3351078033447266,-4.272607803344727,2.9375,1
v2|low|inchoative|overlay_subject_check_s03_voile|bad|impale|3764,low,inchoative,bad,impale,voile,overlay_arg_1_match,overlay_subject_check_s03,2.22,low_gap,supplemental_v2_bad_verbs, the,.,-0.9036014676094055,-6.34110164642334,5.4375,1
v2|low|inchoative|overlay_subject_check_s03_voile|bad|lambaste|3766,low,inchoative,bad,lambaste,voile,overlay_arg_1_match,overlay_subject_check_s03,1.66,xtail,supplemental_v2_bad_verbs, the,.,-1.0658522844314575,-5.815852165222168,4.75,1
v2|low|inchoative|overlay_subject_check_s03_voile|bad|misguide|3767,low,inchoative,bad,misguide,voile,overlay_arg_1_match,overlay_subject_check_s03,1.66,xtail,supplemental_v2_bad_verbs, the,.,-0.760966420173645,-4.6984663009643555,3.9375,1
v2|low|inchoative|overlay_subject_check_s03_voile|bad|paralyze|3770,low,inchoative,bad,paralyze,voile,overlay_arg_1_match,overlay_subject_check_s03,2.65,tail,supplemental_v2_bad_verbs, the,.,-0.7902005314826965,-4.915200710296631,4.125,1
v2|low|inchoative|overlay_subject_check_s03_voile|bad|rebuke|3771,low,inchoative,bad,rebuke,voile,overlay_arg_1_match,overlay_subject_check_s03,3.1,tail,supplemental_v2_bad_verbs, the,.,-1.2050460577011108,-5.3300461769104,4.125,1
v2|low|inchoative|overlay_subject_check_s03_voile|bad|reprove|3772,low,inchoative,bad,reprove,voile,overlay_arg_1_match,overlay_subject_check_s03,1.79,xtail,supplemental_v2_bad_verbs, the,.,-1.2668513059616089,-4.766851425170898,3.5,1
v2|low|inchoative|overlay_subject_check_s03_voile|bad|revile|3773,low,inchoative,bad,revile,voile,overlay_arg_1_match,overlay_subject_check_s03,1.98,xtail,supplemental_v2_bad_verbs, the,.,-1.704821228981018,-4.3923211097717285,2.6875,1
v2|low|inchoative|overlay_subject_check_s03_voile|bad|scrutinize|3774,low,inchoative,bad,scrutinize,voile,overlay_arg_1_match,overlay_subject_check_s03,2.76,tail,supplemental_v2_bad_verbs, the,.,-0.7191137671470642,-8.09411334991455,7.374999523162842,1
v2|low|inchoative|overlay_subject_check_s03_voile|bad|seclude|3775,low,inchoative,bad,seclude,voile,overlay_arg_1_match,overlay_subject_check_s03,1.7,xtail,supplemental_v2_bad_verbs, the,.,-1.2210668325424194,-5.221066951751709,4.0,1
v2|low|inchoative|overlay_subject_check_s03_voile|bad|swindle|3777,low,inchoative,bad,swindle,voile,overlay_arg_1_match,overlay_subject_check_s03,2.67,tail,supplemental_v2_bad_verbs, the,.,-1.193028450012207,-4.693028450012207,3.5,1
v2|low|inchoative|overlay_subject_check_s03_voile|bad|uproot|3778,low,inchoative,bad,uproot,voile,overlay_arg_1_match,overlay_subject_check_s03,2.63,tail,supplemental_v2_bad_verbs, the,.,-2.335448741912842,-4.022948741912842,1.6875,1
v2|low|inchoative|overlay_subject_check_s03_voile|bad|vilify|3779,low,inchoative,bad,vilify,voile,overlay_arg_1_match,overlay_subject_check_s03,2.44,tail,supplemental_v2_bad_verbs, the,.,-1.1387488842010498,-5.638749122619629,4.5,1
v2|low|inchoative|overlay_subject_tomorrow_s01_spinnaker|bad|abduct|3815,low,inchoative,bad,abduct,spinnaker,overlay_arg_1_match,overlay_subject_tomorrow_s01,2.74,tail,supplemental_v2_bad_verbs, the,.,-1.3856377601623535,-5.0731377601623535,3.6875,1
v2|low|inchoative|overlay_subject_tomorrow_s01_spinnaker|bad|abhor|3816,low,inchoative,bad,abhor,spinnaker,overlay_arg_1_match,overlay_subject_tomorrow_s01,2.64,tail,supplemental_v2_bad_verbs, the,.,-1.8295555114746094,-3.5170555114746094,1.6875,1
v2|low|inchoative|overlay_subject_tomorrow_s01_spinnaker|bad|admonish|3818,low,inchoative,bad,admonish,spinnaker,overlay_arg_1_match,overlay_subject_tomorrow_s01,2.29,low_gap,supplemental_v2_bad_verbs, the,.,-1.892560362815857,-4.3925604820251465,2.5,1
v2|low|inchoative|overlay_subject_tomorrow_s01_spinnaker|bad|assassinate|3819,low,inchoative,bad,assassinate,spinnaker,overlay_arg_1_match,overlay_subject_tomorrow_s01,3.2,tail,supplemental_v2_bad_verbs, the,.,-0.9842534065246582,-4.609253406524658,3.625,1
v2|low|inchoative|overlay_subject_tomorrow_s01_spinnaker|bad|behead|3820,low,inchoative,bad,behead,spinnaker,overlay_arg_1_match,overlay_subject_tomorrow_s01,2.71,tail,supplemental_v2_bad_verbs, the,.,-1.6976368427276611,-3.260136842727661,1.5625,1
v2|low|inchoative|overlay_subject_tomorrow_s01_spinnaker|bad|carjack|3821,low,inchoative,bad,carjack,spinnaker,overlay_arg_1_match,overlay_subject_tomorrow_s01,1.78,xtail,supplemental_v2_bad_verbs, the,.,-1.2594959735870361,-4.821995735168457,3.562499761581421,1
v2|low|inchoative|overlay_subject_tomorrow_s01_spinnaker|bad|castigate|3822,low,inchoative,bad,castigate,spinnaker,overlay_arg_1_match,overlay_subject_tomorrow_s01,1.92,xtail,supplemental_v2_bad_verbs, the,.,-1.3245964050292969,-2.887096405029297,1.5625,1
v2|low|inchoative|overlay_subject_tomorrow_s01_spinnaker|bad|chasten|3823,low,inchoative,bad,chasten,spinnaker,overlay_arg_1_match,overlay_subject_tomorrow_s01,1.72,xtail,supplemental_v2_bad_verbs, the,.,-1.1045814752578735,-3.479581356048584,2.375,1
v2|low|inchoative|overlay_subject_tomorrow_s01_spinnaker|bad|coerce|3824,low,inchoative,bad,coerce,spinnaker,overlay_arg_1_match,overlay_subject_tomorrow_s01,2.86,tail,supplemental_v2_bad_verbs, the,.,-1.2553812265396118,-4.130381107330322,2.875,1
v2|low|inchoative|overlay_subject_tomorrow_s01_spinnaker|bad|confiscate|3825,low,inchoative,bad,confiscate,spinnaker,overlay_arg_1_match,overlay_subject_tomorrow_s01,2.93,tail,supplemental_v2_bad_verbs, the,.,-1.2764183282852173,-4.276418209075928,3.0,1
v2|low|inchoative|overlay_subject_tomorrow_s01_spinnaker|bad|denude|3826,low,inchoative,bad,denude,spinnaker,overlay_arg_1_match,overlay_subject_tomorrow_s01,1.42,xtail,supplemental_v2_bad_verbs, the,.,-0.5076925158500671,-4.445192337036133,3.937499761581421,1
v2|low|inchoative|overlay_subject_tomorrow_s01_spinnaker|bad|encumber|3829,low,inchoative,bad,encumber,spinnaker,overlay_arg_1_match,overlay_subject_tomorrow_s01,1.68,xtail,supplemental_v2_bad_verbs, the,.,-0.5061239004135132,-4.693624019622803,4.1875,1
v2|low|inchoative|overlay_subject_tomorrow_s01_spinnaker|bad|enslave|3830,low,inchoative,bad,enslave,spinnaker,overlay_arg_1_match,overlay_subject_tomorrow_s01,2.83,tail,supplemental_v2_bad_verbs, the,.,-1.2081925868988037,-5.208192825317383,4.0,1
v2|low|inchoative|overlay_subject_tomorrow_s01_spinnaker|bad|extort|3831,low,inchoative,bad,extort,spinnaker,overlay_arg_1_match,overlay_subject_tomorrow_s01,2.82,tail,supplemental_v2_bad_verbs, the,.,-2.0089166164398193,-3.8214166164398193,1.8125,1
v2|low|inchoative|overlay_subject_tomorrow_s01_spinnaker|bad|hospitalize|3833,low,inchoative,bad,hospitalize,spinnaker,overlay_arg_1_match,overlay_subject_tomorrow_s01,1.77,xtail,supplemental_v2_bad_verbs, the,.,-1.6932318210601807,-4.005731582641602,2.312499761581421,1
v2|low|inchoative|overlay_subject_tomorrow_s01_spinnaker|bad|impale|3834,low,inchoative,bad,impale,spinnaker,overlay_arg_1_match,overlay_subject_tomorrow_s01,2.22,low_gap,supplemental_v2_bad_verbs, the,.,-1.0899999141693115,-4.215000152587891,3.125000238418579,1
v2|low|inchoative|overlay_subject_tomorrow_s01_spinnaker|bad|lambaste|3836,low,inchoative,bad,lambaste,spinnaker,overlay_arg_1_match,overlay_subject_tomorrow_s01,1.66,xtail,supplemental_v2_bad_verbs, the,.,-0.877813458442688,-3.7528133392333984,2.875,1
v2|low|inchoative|overlay_subject_tomorrow_s01_spinnaker|bad|misguide|3837,low,inchoative,bad,misguide,spinnaker,overlay_arg_1_match,overlay_subject_tomorrow_s01,1.66,xtail,supplemental_v2_bad_verbs, the,.,-1.2452620267868042,-3.4952621459960938,2.25,1
v2|low|inchoative|overlay_subject_tomorrow_s01_spinnaker|bad|paralyze|3840,low,inchoative,bad,paralyze,spinnaker,overlay_arg_1_match,overlay_subject_tomorrow_s01,2.65,tail,supplemental_v2_bad_verbs, the,.,-0.8765050768852234,-3.689005136489868,2.8125,1
v2|low|inchoative|overlay_subject_tomorrow_s01_spinnaker|bad|rebuke|3841,low,inchoative,bad,rebuke,spinnaker,overlay_arg_1_match,overlay_subject_tomorrow_s01,3.1,tail,supplemental_v2_bad_verbs, the,.,-0.8020972013473511,-4.239597320556641,3.4375,1
v2|low|inchoative|overlay_subject_tomorrow_s01_spinnaker|bad|reprove|3842,low,inchoative,bad,reprove,spinnaker,overlay_arg_1_match,overlay_subject_tomorrow_s01,1.79,xtail,supplemental_v2_bad_verbs, the,.,-1.9082679748535156,-2.9707679748535156,1.0625,1
v2|low|inchoative|overlay_subject_tomorrow_s01_spinnaker|bad|revile|3843,low,inchoative,bad,revile,spinnaker,overlay_arg_1_match,overlay_subject_tomorrow_s01,1.98,xtail,supplemental_v2_bad_verbs, the,.,-1.4413362741470337,-3.378836154937744,1.9374998807907104,1
v2|low|inchoative|overlay_subject_tomorrow_s01_spinnaker|bad|scrutinize|3844,low,inchoative,bad,scrutinize,spinnaker,overlay_arg_1_match,overlay_subject_tomorrow_s01,2.76,tail,supplemental_v2_bad_verbs, the,.,-0.6573950052261353,-5.032394886016846,4.375,1
v2|low|inchoative|overlay_subject_tomorrow_s01_spinnaker|bad|seclude|3845,low,inchoative,bad,seclude,spinnaker,overlay_arg_1_match,overlay_subject_tomorrow_s01,1.7,xtail,supplemental_v2_bad_verbs, the,.,-1.4646295309066772,-4.027129650115967,2.5625,1
v2|low|inchoative|overlay_subject_tomorrow_s01_spinnaker|bad|swindle|3847,low,inchoative,bad,swindle,spinnaker,overlay_arg_1_match,overlay_subject_tomorrow_s01,2.67,tail,supplemental_v2_bad_verbs, the,.,-1.5983654260635376,-4.223365306854248,2.625,1
v2|low|inchoative|overlay_subject_tomorrow_s01_spinnaker|bad|uproot|3848,low,inchoative,bad,uproot,spinnaker,overlay_arg_1_match,overlay_subject_tomorrow_s01,2.63,tail,supplemental_v2_bad_verbs, the,.,-1.6130813360214233,-3.488081455230713,1.8750001192092896,1
v2|low|inchoative|overlay_subject_tomorrow_s01_spinnaker|bad|vilify|3849,low,inchoative,bad,vilify,spinnaker,overlay_arg_1_match,overlay_subject_tomorrow_s01,2.44,tail,supplemental_v2_bad_verbs, the,.,-1.3983454704284668,-4.335845470428467,2.9375,1
v2|low|inchoative|overlay_subject_check_s00_vocative|good|blacken|4270,low,inchoative,good,blacken,vocative,overlay_arg_1_match,overlay_subject_check_s00,2.25,low_gap,freqblimp_curated,., the,-2.4651613235473633,-2.2776613235473633,-0.1875,0
v2|low|inchoative|overlay_subject_check_s00_vocative|good|brighten|4271,low,inchoative,good,brighten,vocative,overlay_arg_1_match,overlay_subject_check_s00,2.5999999046325684,tail,freqblimp_curated,., the,-3.199923276901245,-2.324923276901245,-0.875,0
v2|low|inchoative|overlay_subject_check_s00_vocative|good|condense|4274,low,inchoative,good,condense,vocative,overlay_arg_1_match,overlay_subject_check_s00,2.7100000381469727,tail,freqblimp_curated,., the,-4.626635551452637,-2.2516355514526367,-2.375,0
v2|low|inchoative|overlay_subject_check_s00_vocative|good|darken|4276,low,inchoative,good,darken,vocative,overlay_arg_1_match,overlay_subject_check_s00,2.880000114440918,tail,freqblimp_curated,., the,-2.6967921257019043,-2.8842921257019043,0.1875,1
v2|low|inchoative|overlay_subject_check_s00_vocative|good|evaporate|4279,low,inchoative,good,evaporate,vocative,overlay_arg_1_match,overlay_subject_check_s00,3.009999990463257,tail,freqblimp_curated,., the,-2.3403573036193848,-5.215357303619385,2.875,1
v2|low|inchoative|overlay_subject_check_s00_vocative|good|flatten|4280,low,inchoative,good,flatten,vocative,overlay_arg_1_match,overlay_subject_check_s00,2.9800000190734863,tail,freqblimp_curated,., the,-3.9989099502563477,-1.311409831047058,-2.6875,0
v2|low|inchoative|overlay_subject_check_s00_vocative|good|fray|4281,low,inchoative,good,fray,vocative,overlay_arg_1_match,overlay_subject_check_s00,1.7000000476837158,xtail,freqblimp_curated,., the,-2.6450605392456055,-2.5200605392456055,-0.125,0
v2|low|inchoative|overlay_subject_check_s00_vocative|good|loosen|4283,low,inchoative,good,loosen,vocative,overlay_arg_1_match,overlay_subject_check_s00,2.4200000762939453,tail,freqblimp_curated,., the,-3.319981098175049,-2.007481098175049,-1.3125,0
v2|low|inchoative|overlay_subject_check_s00_vocative|good|scorch|4284,low,inchoative,good,scorch,vocative,overlay_arg_1_match,overlay_subject_check_s00,2.7300000190734863,tail,freqblimp_curated,., the,-3.435997247695923,-1.3734972476959229,-2.0625,0
v2|low|inchoative|overlay_subject_check_s00_vocative|good|shatter|4285,low,inchoative,good,shatter,vocative,overlay_arg_1_match,overlay_subject_check_s00,2.799999952316284,tail,freqblimp_curated,., the,-3.275376558303833,-1.275376558303833,-2.0,0
v2|low|inchoative|overlay_subject_check_s00_vocative|good|solidify|4288,low,inchoative,good,solidify,vocative,overlay_arg_1_match,overlay_subject_check_s00,2.990000009536743,tail,freqblimp_curated,., the,-2.4366583824157715,-2.3741583824157715,-0.0625,0
v2|low|inchoative|overlay_subject_check_s00_vocative|good|tighten|4289,low,inchoative,good,tighten,vocative,overlay_arg_1_match,overlay_subject_check_s00,2.700000047683716,tail,freqblimp_curated,., the,-3.3538026809692383,-1.9163025617599487,-1.4375001192092896,0
v2|low|inchoative|overlay_subject_check_s00_vocative|good|vaporize|4291,low,inchoative,good,vaporize,vocative,overlay_arg_1_match,overlay_subject_check_s00,2.4700000286102295,tail,freqblimp_curated,., the,-2.763622283935547,-2.263622283935547,-0.5,0
v2|low|inchoative|overlay_subject_check_s00_vocative|good|wrinkle|4293,low,inchoative,good,wrinkle,vocative,overlay_arg_1_match,overlay_subject_check_s00,3.119999885559082,tail,freqblimp_curated,., the,-3.0138015747070312,-1.7638014554977417,-1.2500001192092896,0
v2|low|inchoative|overlay_subject_check_s02_voiceprint|good|blacken|4322,low,inchoative,good,blacken,voiceprint,overlay_arg_1_match,overlay_subject_check_s02,2.25,low_gap,freqblimp_curated,., the,-2.398005485534668,-2.710505485534668,0.3125,1
v2|low|inchoative|overlay_subject_check_s02_voiceprint|good|brighten|4323,low,inchoative,good,brighten,voiceprint,overlay_arg_1_match,overlay_subject_check_s02,2.5999999046325684,tail,freqblimp_curated,., the,-3.2097153663635254,-3.2097153663635254,0.0,0
v2|low|inchoative|overlay_subject_check_s02_voiceprint|good|condense|4326,low,inchoative,good,condense,voiceprint,overlay_arg_1_match,overlay_subject_check_s02,2.7100000381469727,tail,freqblimp_curated,., the,-4.613174915313721,-1.8006750345230103,-2.8125,0
v2|low|inchoative|overlay_subject_check_s02_voiceprint|good|darken|4328,low,inchoative,good,darken,voiceprint,overlay_arg_1_match,overlay_subject_check_s02,2.880000114440918,tail,freqblimp_curated,., the,-2.6484615802764893,-3.1484615802764893,0.5,1
v2|low|inchoative|overlay_subject_check_s02_voiceprint|good|evaporate|4331,low,inchoative,good,evaporate,voiceprint,overlay_arg_1_match,overlay_subject_check_s02,3.009999990463257,tail,freqblimp_curated,., the,-1.944515585899353,-4.819515705108643,2.875,1
v2|low|inchoative|overlay_subject_check_s02_voiceprint|good|flatten|4332,low,inchoative,good,flatten,voiceprint,overlay_arg_1_match,overlay_subject_check_s02,2.9800000190734863,tail,freqblimp_curated,., the,-3.3951666355133057,-1.7701666355133057,-1.625,0
v2|low|inchoative|overlay_subject_check_s02_voiceprint|good|fray|4333,low,inchoative,good,fray,voiceprint,overlay_arg_1_match,overlay_subject_check_s02,1.7000000476837158,xtail,freqblimp_curated,., the,-2.56913161277771,-3.50663161277771,0.9375,1
v2|low|inchoative|overlay_subject_check_s02_voiceprint|good|loosen|4335,low,inchoative,good,loosen,voiceprint,overlay_arg_1_match,overlay_subject_check_s02,2.4200000762939453,tail,freqblimp_curated,., the,-3.361241579055786,-2.423741579055786,-0.9375,0
v2|low|inchoative|overlay_subject_check_s02_voiceprint|good|scorch|4336,low,inchoative,good,scorch,voiceprint,overlay_arg_1_match,overlay_subject_check_s02,2.7300000190734863,tail,freqblimp_curated,., the,-3.441042900085449,-1.3785429000854492,-2.0625,0
v2|low|inchoative|overlay_subject_check_s02_voiceprint|good|shatter|4337,low,inchoative,good,shatter,voiceprint,overlay_arg_1_match,overlay_subject_check_s02,2.799999952316284,tail,freqblimp_curated,., the,-2.703782081604004,-1.953782081604004,-0.75,0
v2|low|inchoative|overlay_subject_check_s02_voiceprint|good|solidify|4340,low,inchoative,good,solidify,voiceprint,overlay_arg_1_match,overlay_subject_check_s02,2.990000009536743,tail,freqblimp_curated,., the,-2.5783166885375977,-2.3283166885375977,-0.25,0
v2|low|inchoative|overlay_subject_check_s02_voiceprint|good|tighten|4341,low,inchoative,good,tighten,voiceprint,overlay_arg_1_match,overlay_subject_check_s02,2.700000047683716,tail,freqblimp_curated,., the,-3.526846408843994,-1.7768465280532837,-1.7499998807907104,0
v2|low|inchoative|overlay_subject_check_s02_voiceprint|good|vaporize|4343,low,inchoative,good,vaporize,voiceprint,overlay_arg_1_match,overlay_subject_check_s02,2.4700000286102295,tail,freqblimp_curated,., the,-2.383173704147339,-2.570673704147339,0.1875,1
v2|low|inchoative|overlay_subject_check_s02_voiceprint|good|wrinkle|4345,low,inchoative,good,wrinkle,voiceprint,overlay_arg_1_match,overlay_subject_check_s02,3.119999885559082,tail,freqblimp_curated,., the,-2.6173887252807617,-3.4923887252807617,0.875,1
v2|low|inchoative|overlay_subject_check_s03_voile|good|blacken|4348,low,inchoative,good,blacken,voile,overlay_arg_1_match,overlay_subject_check_s03,2.25,low_gap,freqblimp_curated,., the,-2.554568290710449,-2.742068290710449,0.1875,1
v2|low|inchoative|overlay_subject_check_s03_voile|good|brighten|4349,low,inchoative,good,brighten,voile,overlay_arg_1_match,overlay_subject_check_s03,2.5999999046325684,tail,freqblimp_curated,., the,-3.7049617767333984,-2.5174617767333984,-1.1875,0
v2|low|inchoative|overlay_subject_check_s03_voile|good|condense|4352,low,inchoative,good,condense,voile,overlay_arg_1_match,overlay_subject_check_s03,2.7100000381469727,tail,freqblimp_curated,., the,-4.063059329986572,-3.7505593299865723,-0.3125,0
v2|low|inchoative|overlay_subject_check_s03_voile|good|darken|4354,low,inchoative,good,darken,voile,overlay_arg_1_match,overlay_subject_check_s03,2.880000114440918,tail,freqblimp_curated,., the,-3.1902923583984375,-3.5652923583984375,0.375,1
v2|low|inchoative|overlay_subject_check_s03_voile|good|evaporate|4357,low,inchoative,good,evaporate,voile,overlay_arg_1_match,overlay_subject_check_s03,3.009999990463257,tail,freqblimp_curated,., the,-2.8942697048187256,-5.956769943237305,3.062500238418579,1
v2|low|inchoative|overlay_subject_check_s03_voile|good|flatten|4358,low,inchoative,good,flatten,voile,overlay_arg_1_match,overlay_subject_check_s03,2.9800000190734863,tail,freqblimp_curated,., the,-3.3551783561706543,-3.4176783561706543,0.0625,1
v2|low|inchoative|overlay_subject_check_s03_voile|good|fray|4359,low,inchoative,good,fray,voile,overlay_arg_1_match,overlay_subject_check_s03,1.7000000476837158,xtail,freqblimp_curated,., the,-2.855044364929199,-4.542544364929199,1.6875,1
v2|low|inchoative|overlay_subject_check_s03_voile|good|loosen|4361,low,inchoative,good,loosen,voile,overlay_arg_1_match,overlay_subject_check_s03,2.4200000762939453,tail,freqblimp_curated,., the,-3.382660388946533,-4.507660388946533,1.125,1
v2|low|inchoative|overlay_subject_check_s03_voile|good|scorch|4362,low,inchoative,good,scorch,voile,overlay_arg_1_match,overlay_subject_check_s03,2.7300000190734863,tail,freqblimp_curated,., the,-3.3258957862854004,-1.51339590549469,-1.8124998807907104,0
v2|low|inchoative|overlay_subject_check_s03_voile|good|shatter|4363,low,inchoative,good,shatter,voile,overlay_arg_1_match,overlay_subject_check_s03,2.799999952316284,tail,freqblimp_curated,., the,-2.557671070098877,-3.682671070098877,1.125,1
v2|low|inchoative|overlay_subject_check_s03_voile|good|solidify|4366,low,inchoative,good,solidify,voile,overlay_arg_1_match,overlay_subject_check_s03,2.990000009536743,tail,freqblimp_curated,., the,-2.752532958984375,-4.440032958984375,1.6875,1
v2|low|inchoative|overlay_subject_check_s03_voile|good|tighten|4367,low,inchoative,good,tighten,voile,overlay_arg_1_match,overlay_subject_check_s03,2.700000047683716,tail,freqblimp_curated,., the,-3.414105176925659,-3.851605176925659,0.4375,1
v2|low|inchoative|overlay_subject_check_s03_voile|good|vaporize|4369,low,inchoative,good,vaporize,voile,overlay_arg_1_match,overlay_subject_check_s03,2.4700000286102295,tail,freqblimp_curated,., the,-2.879856824874878,-3.692356824874878,0.8125,1
v2|low|inchoative|overlay_subject_check_s03_voile|good|wrinkle|4371,low,inchoative,good,wrinkle,voile,overlay_arg_1_match,overlay_subject_check_s03,3.119999885559082,tail,freqblimp_curated,., the,-2.3927242755889893,-4.58022403717041,2.187499761581421,1
v2|low|inchoative|overlay_subject_tomorrow_s01_spinnaker|good|blacken|4400,low,inchoative,good,blacken,spinnaker,overlay_arg_1_match,overlay_subject_tomorrow_s01,2.25,low_gap,freqblimp_curated,., the,-2.5210583209991455,-1.7085583209991455,-0.8125,0
v2|low|inchoative|overlay_subject_tomorrow_s01_spinnaker|good|brighten|4401,low,inchoative,good,brighten,spinnaker,overlay_arg_1_match,overlay_subject_tomorrow_s01,2.5999999046325684,tail,freqblimp_curated,., the,-3.6625919342041016,-0.7250920534133911,-2.9375,0
v2|low|inchoative|overlay_subject_tomorrow_s01_spinnaker|good|condense|4404,low,inchoative,good,condense,spinnaker,overlay_arg_1_match,overlay_subject_tomorrow_s01,2.7100000381469727,tail,freqblimp_curated,., the,-3.2341127395629883,-2.7966127395629883,-0.4375,0
v2|low|inchoative|overlay_subject_tomorrow_s01_spinnaker|good|darken|4406,low,inchoative,good,darken,spinnaker,overlay_arg_1_match,overlay_subject_tomorrow_s01,2.880000114440918,tail,freqblimp_curated,., the,-2.3972272872924805,-2.3972272872924805,0.0,0
v2|low|inchoative|overlay_subject_tomorrow_s01_spinnaker|good|evaporate|4409,low,inchoative,good,evaporate,spinnaker,overlay_arg_1_match,overlay_subject_tomorrow_s01,3.009999990463257,tail,freqblimp_curated,., the,-1.9166053533554077,-6.166605472564697,4.25,1
v2|low|inchoative|overlay_subject_tomorrow_s01_spinnaker|good|flatten|4410,low,inchoative,good,flatten,spinnaker,overlay_arg_1_match,overlay_subject_tomorrow_s01,2.9800000190734863,tail,freqblimp_curated,., the,-3.2351813316345215,-1.735181450843811,-1.4999998807907104,0
v2|low|inchoative|overlay_subject_tomorrow_s01_spinnaker|good|fray|4411,low,inchoative,good,fray,spinnaker,overlay_arg_1_match,overlay_subject_tomorrow_s01,1.7000000476837158,xtail,freqblimp_curated,., the,-1.775102972984314,-4.0251030921936035,2.25,1
v2|low|inchoative|overlay_subject_tomorrow_s01_spinnaker|good|loosen|4413,low,inchoative,good,loosen,spinnaker,overlay_arg_1_match,overlay_subject_tomorrow_s01,2.4200000762939453,tail,freqblimp_curated,., the,-2.5997414588928223,-4.787241458892822,2.1875,1
v2|low|inchoative|overlay_subject_tomorrow_s01_spinnaker|good|scorch|4414,low,inchoative,good,scorch,spinnaker,overlay_arg_1_match,overlay_subject_tomorrow_s01,2.7300000190734863,tail,freqblimp_curated,., the,-3.302797794342041,-1.1777976751327515,-2.125,0
v2|low|inchoative|overlay_subject_tomorrow_s01_spinnaker|good|shatter|4415,low,inchoative,good,shatter,spinnaker,overlay_arg_1_match,overlay_subject_tomorrow_s01,2.799999952316284,tail,freqblimp_curated,., the,-2.334780693054199,-1.8347806930541992,-0.5,0
v2|low|inchoative|overlay_subject_tomorrow_s01_spinnaker|good|solidify|4418,low,inchoative,good,solidify,spinnaker,overlay_arg_1_match,overlay_subject_tomorrow_s01,2.990000009536743,tail,freqblimp_curated,., the,-2.5470728874206543,-2.2970728874206543,-0.25,0
v2|low|inchoative|overlay_subject_tomorrow_s01_spinnaker|good|tighten|4419,low,inchoative,good,tighten,spinnaker,overlay_arg_1_match,overlay_subject_tomorrow_s01,2.700000047683716,tail,freqblimp_curated,., the,-2.7121825218200684,-4.274682521820068,1.5625,1
v2|low|inchoative|overlay_subject_tomorrow_s01_spinnaker|good|vaporize|4421,low,inchoative,good,vaporize,spinnaker,overlay_arg_1_match,overlay_subject_tomorrow_s01,2.4700000286102295,tail,freqblimp_curated,., the,-2.0728399753570557,-2.9478399753570557,0.875,1
v2|low|inchoative|overlay_subject_tomorrow_s01_spinnaker|good|wrinkle|4423,low,inchoative,good,wrinkle,spinnaker,overlay_arg_1_match,overlay_subject_tomorrow_s01,3.119999885559082,tail,freqblimp_curated,., the,-2.4459776878356934,-2.3834776878356934,-0.0625,0
v2|head|causative|overlay_subject_check_s01_ragamuffin|bad|appear|207,head,causative,bad,appear,ragamuffin,overlay_arg_1_match,overlay_subject_check_s01,4.849999904632568,head,freqblimp_curated,., the,-4.121896743774414,-5.746896743774414,1.625,1
v2|head|causative|overlay_subject_check_s01_ragamuffin|bad|arrive|208,head,causative,bad,arrive,ragamuffin,overlay_arg_1_match,overlay_subject_check_s01,4.380000114440918,head,freqblimp_curated,., the,-3.918199062347412,-6.418199062347412,2.5,1
v2|head|causative|overlay_subject_check_s01_ragamuffin|bad|boast|209,head,causative,bad,boast,ragamuffin,overlay_arg_1_match,overlay_subject_check_s01,3.509999990463257,head,freqblimp_curated,., the,-5.8506598472595215,-4.6631598472595215,-1.1875,0
v2|head|causative|overlay_subject_check_s01_ragamuffin|bad|chat|210,head,causative,bad,chat,ragamuffin,overlay_arg_1_match,overlay_subject_check_s01,4.570000171661377,head,freqblimp_curated,., the,-5.474923133850098,-5.474923133850098,0.0,0
v2|head|causative|overlay_subject_check_s01_ragamuffin|bad|compete|211,head,causative,bad,compete,ragamuffin,overlay_arg_1_match,overlay_subject_check_s01,4.389999866485596,head,freqblimp_curated,., the,-5.691089630126953,-5.941089630126953,0.25,1
v2|head|causative|overlay_subject_check_s01_ragamuffin|bad|complain|212,head,causative,bad,complain,ragamuffin,overlay_arg_1_match,overlay_subject_check_s01,4.230000019073486,head,freqblimp_curated,., the,-4.354045391082764,-5.479045391082764,1.125,1
v2|head|causative|overlay_subject_check_s01_ragamuffin|bad|cough|213,head,causative,bad,cough,ragamuffin,overlay_arg_1_match,overlay_subject_check_s01,3.950000047683716,head,freqblimp_curated,., the,-3.574775457382202,-5.137275695800781,1.562500238418579,1
v2|head|causative|overlay_subject_check_s01_ragamuffin|bad|cry|214,head,causative,bad,cry,ragamuffin,overlay_arg_1_match,overlay_subject_check_s01,4.590000152587891,head,freqblimp_curated,., the,-3.6598098278045654,-5.7223100662231445,2.062500238418579,1
v2|head|causative|overlay_subject_check_s01_ragamuffin|bad|die|215,head,causative,bad,die,ragamuffin,overlay_arg_1_match,overlay_subject_check_s01,5.070000171661377,head,freqblimp_curated,., the,-1.6939383745193481,-5.381438255310059,3.6875,1
v2|head|causative|overlay_subject_check_s01_ragamuffin|bad|disagree|216,head,causative,bad,disagree,ragamuffin,overlay_arg_1_match,overlay_subject_check_s01,4.090000152587891,head,freqblimp_curated,., the,-3.7542269229888916,-6.879227161407471,3.125000238418579,1
v2|head|causative|overlay_subject_check_s01_ragamuffin|bad|disappear|217,head,causative,bad,disappear,ragamuffin,overlay_arg_1_match,overlay_subject_check_s01,4.090000152587891,head,freqblimp_curated,., the,-2.5538463592529297,-5.99134635925293,3.4375,1
v2|head|causative|overlay_subject_check_s01_ragamuffin|bad|exist|218,head,causative,bad,exist,ragamuffin,overlay_arg_1_match,overlay_subject_check_s01,4.730000019073486,head,freqblimp_curated,., the,-3.0515615940093994,-5.30156135559082,2.249999761581421,1
v2|head|causative|overlay_subject_check_s01_ragamuffin|bad|laugh|220,head,causative,bad,laugh,ragamuffin,overlay_arg_1_match,overlay_subject_check_s01,4.659999847412109,head,freqblimp_curated,., the,-3.3531112670898438,-5.728111267089844,2.375,1
v2|head|causative|overlay_subject_check_s01_ragamuffin|bad|lie|221,head,causative,bad,lie,ragamuffin,overlay_arg_1_match,overlay_subject_check_s01,4.840000152587891,head,freqblimp_curated,., the,-4.872258186340332,-6.372258186340332,1.5,1
v2|head|causative|overlay_subject_check_s01_ragamuffin|bad|react|222,head,causative,bad,react,ragamuffin,overlay_arg_1_match,overlay_subject_check_s01,4.159999847412109,head,freqblimp_curated,., the,-4.370401859283447,-4.870401859283447,0.5,1
v2|head|causative|overlay_subject_check_s01_ragamuffin|bad|reply|223,head,causative,bad,reply,ragamuffin,overlay_arg_1_match,overlay_subject_check_s01,4.5,head,freqblimp_curated,., the,-4.955545425415039,-4.643045425415039,-0.3125,0
v2|head|causative|overlay_subject_check_s01_ragamuffin|bad|respond|224,head,causative,bad,respond,ragamuffin,overlay_arg_1_match,overlay_subject_check_s01,4.53000020980835,head,freqblimp_curated,., the,-4.909238815307617,-5.471738815307617,0.5625,1
v2|head|causative|overlay_subject_check_s01_ragamuffin|bad|scream|225,head,causative,bad,scream,ragamuffin,overlay_arg_1_match,overlay_subject_check_s01,4.139999866485596,head,freqblimp_curated,., the,-3.622488021850586,-4.809988021850586,1.1875,1
v2|head|causative|overlay_subject_check_s01_ragamuffin|bad|smile|226,head,causative,bad,smile,ragamuffin,overlay_arg_1_match,overlay_subject_check_s01,4.639999866485596,head,freqblimp_curated,., the,-3.708968162536621,-5.771468162536621,2.0625,1
v2|head|causative|overlay_subject_check_s01_ragamuffin|bad|struggle|227,head,causative,bad,struggle,ragamuffin,overlay_arg_1_match,overlay_subject_check_s01,4.619999885559082,head,freqblimp_curated,., the,-4.409566402435303,-6.034566402435303,1.625,1
v2|head|causative|overlay_subject_check_s01_ragamuffin|bad|testify|228,head,causative,bad,testify,ragamuffin,overlay_arg_1_match,overlay_subject_check_s01,3.8399999141693115,head,freqblimp_curated,., the,-4.496405124664307,-4.746405124664307,0.25,1
v2|head|causative|overlay_subject_check_s01_ragamuffin|bad|vanish|229,head,causative,bad,vanish,ragamuffin,overlay_arg_1_match,overlay_subject_check_s01,3.7200000286102295,head,freqblimp_curated,., the,-2.3058583736419678,-5.618358612060547,3.312500238418579,1
v2|head|causative|overlay_subject_trial_s00_neurolinguist|bad|appear|368,head,causative,bad,appear,neurolinguist,overlay_arg_1_match,overlay_subject_trial_s00,4.849999904632568,head,freqblimp_curated,., the,-5.998449325561523,-6.810949325561523,0.8125,1
v2|head|causative|overlay_subject_trial_s00_neurolinguist|bad|arrive|369,head,causative,bad,arrive,neurolinguist,overlay_arg_1_match,overlay_subject_trial_s00,4.380000114440918,head,freqblimp_curated,., the,-6.087615489959717,-5.337615489959717,-0.75,0
v2|head|causative|overlay_subject_trial_s00_neurolinguist|bad|boast|370,head,causative,bad,boast,neurolinguist,overlay_arg_1_match,overlay_subject_trial_s00,3.509999990463257,head,freqblimp_curated,., the,-5.990242004394531,-3.2402420043945312,-2.75,0
v2|head|causative|overlay_subject_trial_s00_neurolinguist|bad|chat|371,head,causative,bad,chat,neurolinguist,overlay_arg_1_match,overlay_subject_trial_s00,4.570000171661377,head,freqblimp_curated,., the,-8.68117618560791,-5.931176662445068,-2.749999523162842,0
v2|head|causative|overlay_subject_trial_s00_neurolinguist|bad|compete|372,head,causative,bad,compete,neurolinguist,overlay_arg_1_match,overlay_subject_trial_s00,4.389999866485596,head,freqblimp_curated,., the,-7.0862627029418945,-4.4612627029418945,-2.625,0
v2|head|causative|overlay_subject_trial_s00_neurolinguist|bad|complain|373,head,causative,bad,complain,neurolinguist,overlay_arg_1_match,overlay_subject_trial_s00,4.230000019073486,head,freqblimp_curated,., the,-5.6815385818481445,-4.6190385818481445,-1.0625,0
v2|head|causative|overlay_subject_trial_s00_neurolinguist|bad|cough|374,head,causative,bad,cough,neurolinguist,overlay_arg_1_match,overlay_subject_trial_s00,3.950000047683716,head,freqblimp_curated,., the,-5.127896308898926,-3.002896308898926,-2.125,0
v2|head|causative|overlay_subject_trial_s00_neurolinguist|bad|cry|375,head,causative,bad,cry,neurolinguist,overlay_arg_1_match,overlay_subject_trial_s00,4.590000152587891,head,freqblimp_curated,., the,-6.088013648986816,-3.8380136489868164,-2.25,0
v2|head|causative|overlay_subject_trial_s00_neurolinguist|bad|die|376,head,causative,bad,die,neurolinguist,overlay_arg_1_match,overlay_subject_trial_s00,5.070000171661377,head,freqblimp_curated,., the,-2.008955717086792,-4.133955955505371,2.125000238418579,1
v2|head|causative|overlay_subject_trial_s00_neurolinguist|bad|disagree|377,head,causative,bad,disagree,neurolinguist,overlay_arg_1_match,overlay_subject_trial_s00,4.090000152587891,head,freqblimp_curated,., the,-4.7927422523498535,-7.0427422523498535,2.25,1
v2|head|causative|overlay_subject_trial_s00_neurolinguist|bad|disappear|378,head,causative,bad,disappear,neurolinguist,overlay_arg_1_match,overlay_subject_trial_s00,4.090000152587891,head,freqblimp_curated,., the,-2.9729325771331787,-3.7229325771331787,0.75,1
v2|head|causative|overlay_subject_trial_s00_neurolinguist|bad|exist|379,head,causative,bad,exist,neurolinguist,overlay_arg_1_match,overlay_subject_trial_s00,4.730000019073486,head,freqblimp_curated,., the,-4.553581237792969,-4.678581237792969,0.125,1
v2|head|causative|overlay_subject_trial_s00_neurolinguist|bad|laugh|381,head,causative,bad,laugh,neurolinguist,overlay_arg_1_match,overlay_subject_trial_s00,4.659999847412109,head,freqblimp_curated,., the,-4.372499465942383,-5.247499465942383,0.875,1
v2|head|causative|overlay_subject_trial_s00_neurolinguist|bad|lie|382,head,causative,bad,lie,neurolinguist,overlay_arg_1_match,overlay_subject_trial_s00,4.840000152587891,head,freqblimp_curated,., the,-3.7566874027252197,-5.319187164306641,1.562499761581421,1
v2|head|causative|overlay_subject_trial_s00_neurolinguist|bad|react|383,head,causative,bad,react,neurolinguist,overlay_arg_1_match,overlay_subject_trial_s00,4.159999847412109,head,freqblimp_curated,., the,-7.7983317375183105,-5.6108317375183105,-2.1875,0
v2|head|causative|overlay_subject_trial_s00_neurolinguist|bad|reply|384,head,causative,bad,reply,neurolinguist,overlay_arg_1_match,overlay_subject_trial_s00,4.5,head,freqblimp_curated,., the,-5.464385986328125,-4.214385986328125,-1.25,0
v2|head|causative|overlay_subject_trial_s00_neurolinguist|bad|respond|385,head,causative,bad,respond,neurolinguist,overlay_arg_1_match,overlay_subject_trial_s00,4.53000020980835,head,freqblimp_curated,., the,-6.372138977050781,-6.247138977050781,-0.125,0
v2|head|causative|overlay_subject_trial_s00_neurolinguist|bad|scream|386,head,causative,bad,scream,neurolinguist,overlay_arg_1_match,overlay_subject_trial_s00,4.139999866485596,head,freqblimp_curated,., the,-4.386340141296387,-4.011340141296387,-0.375,0
v2|head|causative|overlay_subject_trial_s00_neurolinguist|bad|smile|387,head,causative,bad,smile,neurolinguist,overlay_arg_1_match,overlay_subject_trial_s00,4.639999866485596,head,freqblimp_curated,., the,-5.024959564208984,-5.462459564208984,0.4375,1
v2|head|causative|overlay_subject_trial_s00_neurolinguist|bad|struggle|388,head,causative,bad,struggle,neurolinguist,overlay_arg_1_match,overlay_subject_trial_s00,4.619999885559082,head,freqblimp_curated,., the,-6.844287872314453,-7.594287872314453,0.75,1
v2|head|causative|overlay_subject_trial_s00_neurolinguist|bad|testify|389,head,causative,bad,testify,neurolinguist,overlay_arg_1_match,overlay_subject_trial_s00,3.8399999141693115,head,freqblimp_curated,., the,-7.0175909996032715,-5.7675909996032715,-1.25,0
v2|head|causative|overlay_subject_trial_s00_neurolinguist|bad|vanish|390,head,causative,bad,vanish,neurolinguist,overlay_arg_1_match,overlay_subject_trial_s00,3.7200000286102295,head,freqblimp_curated,., the,-2.8742446899414062,-2.8117446899414062,-0.0625,0
v2|head|causative|overlay_subject_check_s01_ragamuffin|good|accelerate|757,head,causative,good,accelerate,ragamuffin,overlay_arg_1_match,overlay_subject_check_s01,3.6600000858306885,head,freqblimp_curated, the,.,-1.6973841190338135,-4.572383880615234,2.874999761581421,1
v2|head|causative|overlay_subject_check_s01_ragamuffin|good|awaken|758,head,causative,good,awaken,ragamuffin,overlay_arg_1_match,overlay_subject_check_s01,3.7200000286102295,head,freqblimp_curated, the,.,-2.623587131500244,-3.561087131500244,0.9375,1
v2|head|causative|overlay_subject_check_s01_ragamuffin|good|bake|759,head,causative,good,bake,ragamuffin,overlay_arg_1_match,overlay_subject_check_s01,3.9100000858306885,head,freqblimp_curated, the,.,-1.935922384262085,-5.185922622680664,3.250000238418579,1
v2|head|causative|overlay_subject_check_s01_ragamuffin|good|benefit|760,head,causative,good,benefit,ragamuffin,overlay_arg_1_match,overlay_subject_check_s01,4.820000171661377,head,freqblimp_curated, the,.,-4.408874034881592,-4.783874034881592,0.375,1
v2|head|causative|overlay_subject_check_s01_ragamuffin|good|burn|761,head,causative,good,burn,ragamuffin,overlay_arg_1_match,overlay_subject_check_s01,4.53000020980835,head,freqblimp_curated, the,.,-1.6610995531082153,-5.723599433898926,4.0625,1
v2|head|causative|overlay_subject_check_s01_ragamuffin|good|change|762,head,causative,good,change,ragamuffin,overlay_arg_1_match,overlay_subject_check_s01,4.760000228881836,head,freqblimp_curated, the,.,-1.6619720458984375,-5.4119720458984375,3.75,1
v2|head|causative|overlay_subject_check_s01_ragamuffin|good|chip|763,head,causative,good,chip,ragamuffin,overlay_arg_1_match,overlay_subject_check_s01,4.309999942779541,head,freqblimp_curated, the,.,-2.78957200050354,-6.539572238922119,3.750000238418579,1
v2|head|causative|overlay_subject_check_s01_ragamuffin|good|close|764,head,causative,good,close,ragamuffin,overlay_arg_1_match,overlay_subject_check_s01,5.360000133514404,head,freqblimp_curated, the,.,-1.4036386013031006,-7.34113883972168,5.9375,1
v2|head|causative|overlay_subject_check_s01_ragamuffin|good|crack|765,head,causative,good,crack,ragamuffin,overlay_arg_1_match,overlay_subject_check_s01,4.409999847412109,head,freqblimp_curated, the,.,-1.8055576086044312,-6.618057727813721,4.8125,1
v2|head|causative|overlay_subject_check_s01_ragamuffin|good|crash|766,head,causative,good,crash,ragamuffin,overlay_arg_1_match,overlay_subject_check_s01,4.550000190734863,head,freqblimp_curated, the,.,-2.0065603256225586,-3.8190603256225586,1.8125,1
v2|head|causative|overlay_subject_check_s01_ragamuffin|good|dim|767,head,causative,good,dim,ragamuffin,overlay_arg_1_match,overlay_subject_check_s01,3.619999885559082,head,freqblimp_curated, the,.,-1.7255403995513916,-6.2255401611328125,4.5,1
v2|head|causative|overlay_subject_check_s01_ragamuffin|good|drop|768,head,causative,good,drop,ragamuffin,overlay_arg_1_match,overlay_subject_check_s01,4.989999771118164,head,freqblimp_curated, the,.,-1.36060631275177,-8.11060619354248,6.75,1
v2|head|causative|overlay_subject_check_s01_ragamuffin|good|dry|769,head,causative,good,dry,ragamuffin,overlay_arg_1_match,overlay_subject_check_s01,4.739999771118164,head,freqblimp_curated, the,.,-1.8362350463867188,-7.023735046386719,5.1875,1
v2|head|causative|overlay_subject_check_s01_ragamuffin|good|fade|770,head,causative,good,fade,ragamuffin,overlay_arg_1_match,overlay_subject_check_s01,3.859999895095825,head,freqblimp_curated, the,.,-3.278637409210205,-4.903637409210205,1.625,1
v2|head|causative|overlay_subject_check_s01_ragamuffin|good|fold|771,head,causative,good,fold,ragamuffin,overlay_arg_1_match,overlay_subject_check_s01,4.079999923706055,head,freqblimp_curated, the,.,-1.3388755321502686,-6.588875770568848,5.25,1
v2|head|causative|overlay_subject_check_s01_ragamuffin|good|freeze|772,head,causative,good,freeze,ragamuffin,overlay_arg_1_match,overlay_subject_check_s01,4.110000133514404,head,freqblimp_curated, the,.,-2.7268733978271484,-2.6643733978271484,-0.0625,0
v2|head|causative|overlay_subject_check_s01_ragamuffin|good|grow|773,head,causative,good,grow,ragamuffin,overlay_arg_1_match,overlay_subject_check_s01,4.900000095367432,head,freqblimp_curated, the,.,-5.11536979675293,-5.05286979675293,-0.0625,0
v2|head|causative|overlay_subject_check_s01_ragamuffin|good|melt|774,head,causative,good,melt,ragamuffin,overlay_arg_1_match,overlay_subject_check_s01,3.9600000381469727,head,freqblimp_curated, the,.,-1.5830774307250977,-4.208077430725098,2.625,1
v2|head|causative|overlay_subject_check_s01_ragamuffin|good|move|775,head,causative,good,move,ragamuffin,overlay_arg_1_match,overlay_subject_check_s01,5.349999904632568,head,freqblimp_curated, the,.,-1.9440230131149292,-6.569023132324219,4.625,1
v2|head|causative|overlay_subject_check_s01_ragamuffin|good|open|776,head,causative,good,open,ragamuffin,overlay_arg_1_match,overlay_subject_check_s01,5.480000019073486,head,freqblimp_curated, the,.,-1.0359244346618652,-8.098424911499023,7.062500476837158,1
v2|head|causative|overlay_subject_check_s01_ragamuffin|good|roll|777,head,causative,good,roll,ragamuffin,overlay_arg_1_match,overlay_subject_check_s01,4.75,head,freqblimp_curated, the,.,-1.9273877143859863,-7.427387714385986,5.5,1
v2|head|causative|overlay_subject_check_s01_ragamuffin|good|shrink|779,head,causative,good,shrink,ragamuffin,overlay_arg_1_match,overlay_subject_check_s01,3.7300000190734863,head,freqblimp_curated, the,.,-3.196842908859253,-3.509342908859253,0.3125,1
v2|head|causative|overlay_subject_check_s01_ragamuffin|good|shut|780,head,causative,good,shut,ragamuffin,overlay_arg_1_match,overlay_subject_check_s01,4.78000020980835,head,freqblimp_curated, the,.,-2.1998610496520996,-8.074860572814941,5.874999523162842,1
v2|head|causative|overlay_subject_check_s01_ragamuffin|good|slow|781,head,causative,good,slow,ragamuffin,overlay_arg_1_match,overlay_subject_check_s01,4.849999904632568,head,freqblimp_curated, the,.,-2.6363680362701416,-7.0738677978515625,4.4375,1
v2|head|causative|overlay_subject_check_s01_ragamuffin|good|soak|782,head,causative,good,soak,ragamuffin,overlay_arg_1_match,overlay_subject_check_s01,3.609999895095825,head,freqblimp_curated, the,.,-1.4502156972885132,-8.075215339660645,6.624999523162842,1
v2|head|causative|overlay_subject_check_s01_ragamuffin|good|stop|783,head,causative,good,stop,ragamuffin,overlay_arg_1_match,overlay_subject_check_s01,4.400000095367432,head,freqblimp_curated, the,.,-2.949329376220703,-4.949329376220703,2.0,1
v2|head|causative|overlay_subject_check_s01_ragamuffin|good|stretch|784,head,causative,good,stretch,ragamuffin,overlay_arg_1_match,overlay_subject_check_s01,4.349999904632568,head,freqblimp_curated, the,.,-2.1305344104766846,-5.6930341720581055,3.562499761581421,1
v2|head|causative|overlay_subject_check_s01_ragamuffin|good|turn|786,head,causative,good,turn,ragamuffin,overlay_arg_1_match,overlay_subject_check_s01,5.320000171661377,head,freqblimp_curated, the,.,-2.266416072845459,-6.953916072845459,4.6875,1
v2|head|causative|overlay_subject_check_s01_ragamuffin|good|twist|787,head,causative,good,twist,ragamuffin,overlay_arg_1_match,overlay_subject_check_s01,4.21999979019165,head,freqblimp_curated, the,.,-1.093315839767456,-6.405816078186035,5.3125,1
v2|head|causative|overlay_subject_check_s01_ragamuffin|good|warp|788,head,causative,good,warp,ragamuffin,overlay_arg_1_match,overlay_subject_check_s01,3.630000114440918,head,freqblimp_curated, the,.,-1.1647238731384277,-4.602223873138428,3.4375,1
v2|head|causative|overlay_subject_check_s01_ragamuffin|good|worry|789,head,causative,good,worry,ragamuffin,overlay_arg_1_match,overlay_subject_check_s01,4.840000152587891,head,freqblimp_curated, the,.,-3.6595377922058105,-4.6595377922058105,1.0,1
v2|head|causative|overlay_subject_trial_s00_neurolinguist|good|accelerate|988,head,causative,good,accelerate,neurolinguist,overlay_arg_1_match,overlay_subject_trial_s00,3.6600000858306885,head,freqblimp_curated, the,.,-0.6098099946975708,-7.766059875488281,7.15625,1
v2|head|causative|overlay_subject_trial_s00_neurolinguist|good|awaken|989,head,causative,good,awaken,neurolinguist,overlay_arg_1_match,overlay_subject_trial_s00,3.7200000286102295,head,freqblimp_curated, the,.,-0.8732585906982422,-6.873258590698242,6.0,1
v2|head|causative|overlay_subject_trial_s00_neurolinguist|good|bake|990,head,causative,good,bake,neurolinguist,overlay_arg_1_match,overlay_subject_trial_s00,3.9100000858306885,head,freqblimp_curated, the,.,-1.7431044578552246,-7.711854457855225,5.96875,1
v2|head|causative|overlay_subject_trial_s00_neurolinguist|good|benefit|991,head,causative,good,benefit,neurolinguist,overlay_arg_1_match,overlay_subject_trial_s00,4.820000171661377,head,freqblimp_curated, the,.,-4.332521438598633,-6.520021438598633,2.1875,1
v2|head|causative|overlay_subject_trial_s00_neurolinguist|good|burn|992,head,causative,good,burn,neurolinguist,overlay_arg_1_match,overlay_subject_trial_s00,4.53000020980835,head,freqblimp_curated, the,.,-2.067131996154785,-8.254631996154785,6.1875,1
v2|head|causative|overlay_subject_trial_s00_neurolinguist|good|change|993,head,causative,good,change,neurolinguist,overlay_arg_1_match,overlay_subject_trial_s00,4.760000228881836,head,freqblimp_curated, the,.,-0.5202502608299255,-8.61400032043457,8.09375,1
v2|head|causative|overlay_subject_trial_s00_neurolinguist|good|chip|994,head,causative,good,chip,neurolinguist,overlay_arg_1_match,overlay_subject_trial_s00,4.309999942779541,head,freqblimp_curated, the,.,-2.136101722717285,-6.823601722717285,4.6875,1
v2|head|causative|overlay_subject_trial_s00_neurolinguist|good|close|995,head,causative,good,close,neurolinguist,overlay_arg_1_match,overlay_subject_trial_s00,5.360000133514404,head,freqblimp_curated, the,.,-1.093148112297058,-7.530648231506348,6.4375,1
v2|head|causative|overlay_subject_trial_s00_neurolinguist|good|crack|996,head,causative,good,crack,neurolinguist,overlay_arg_1_match,overlay_subject_trial_s00,4.409999847412109,head,freqblimp_curated, the,.,-1.108738899230957,-8.608738899230957,7.5,1
v2|head|causative|overlay_subject_trial_s00_neurolinguist|good|crash|997,head,causative,good,crash,neurolinguist,overlay_arg_1_match,overlay_subject_trial_s00,4.550000190734863,head,freqblimp_curated, the,.,-0.9289366602897644,-7.11643648147583,6.1875,1
v2|head|causative|overlay_subject_trial_s00_neurolinguist|good|dim|998,head,causative,good,dim,neurolinguist,overlay_arg_1_match,overlay_subject_trial_s00,3.619999885559082,head,freqblimp_curated, the,.,-0.605215847492218,-6.855216026306152,6.25,1
v2|head|causative|overlay_subject_trial_s00_neurolinguist|good|drop|999,head,causative,good,drop,neurolinguist,overlay_arg_1_match,overlay_subject_trial_s00,4.989999771118164,head,freqblimp_curated, the,.,-1.602378010749817,-9.852377891540527,8.25,1
v2|head|causative|overlay_subject_trial_s00_neurolinguist|good|dry|1000,head,causative,good,dry,neurolinguist,overlay_arg_1_match,overlay_subject_trial_s00,4.739999771118164,head,freqblimp_curated, the,.,-1.3642618656158447,-7.864261627197266,6.5,1
v2|head|causative|overlay_subject_trial_s00_neurolinguist|good|fade|1001,head,causative,good,fade,neurolinguist,overlay_arg_1_match,overlay_subject_trial_s00,3.859999895095825,head,freqblimp_curated, the,.,-1.4578760862350464,-7.020376205444336,5.5625,1
v2|head|causative|overlay_subject_trial_s00_neurolinguist|good|fold|1002,head,causative,good,fold,neurolinguist,overlay_arg_1_match,overlay_subject_trial_s00,4.079999923706055,head,freqblimp_curated, the,.,-1.129418134689331,-7.31691837310791,6.1875,1
v2|head|causative|overlay_subject_trial_s00_neurolinguist|good|freeze|1003,head,causative,good,freeze,neurolinguist,overlay_arg_1_match,overlay_subject_trial_s00,4.110000133514404,head,freqblimp_curated, the,.,-1.0893919467926025,-8.870641708374023,7.78125,1
v2|head|causative|overlay_subject_trial_s00_neurolinguist|good|grow|1004,head,causative,good,grow,neurolinguist,overlay_arg_1_match,overlay_subject_trial_s00,4.900000095367432,head,freqblimp_curated, the,.,-2.4499473571777344,-8.606197357177734,6.15625,1
v2|head|causative|overlay_subject_trial_s00_neurolinguist|good|melt|1005,head,causative,good,melt,neurolinguist,overlay_arg_1_match,overlay_subject_trial_s00,3.9600000381469727,head,freqblimp_curated, the,.,-1.6865848302841187,-7.311584949493408,5.625,1
v2|head|causative|overlay_subject_trial_s00_neurolinguist|good|move|1006,head,causative,good,move,neurolinguist,overlay_arg_1_match,overlay_subject_trial_s00,5.349999904632568,head,freqblimp_curated, the,.,-1.1414549350738525,-8.641454696655273,7.5,1
v2|head|causative|overlay_subject_trial_s00_neurolinguist|good|open|1007,head,causative,good,open,neurolinguist,overlay_arg_1_match,overlay_subject_trial_s00,5.480000019073486,head,freqblimp_curated, the,.,-1.087361454963684,-8.556111335754395,7.46875,1
v2|head|causative|overlay_subject_trial_s00_neurolinguist|good|roll|1008,head,causative,good,roll,neurolinguist,overlay_arg_1_match,overlay_subject_trial_s00,4.75,head,freqblimp_curated, the,.,-1.4008092880249023,-9.494559288024902,8.09375,1
v2|head|causative|overlay_subject_trial_s00_neurolinguist|good|shrink|1010,head,causative,good,shrink,neurolinguist,overlay_arg_1_match,overlay_subject_trial_s00,3.7300000190734863,head,freqblimp_curated, the,.,-0.802665114402771,-7.4276652336120605,6.625,1
v2|head|causative|overlay_subject_trial_s00_neurolinguist|good|shut|1011,head,causative,good,shut,neurolinguist,overlay_arg_1_match,overlay_subject_trial_s00,4.78000020980835,head,freqblimp_curated, the,.,-2.6746418476104736,-9.143391609191895,6.46875,1
v2|head|causative|overlay_subject_trial_s00_neurolinguist|good|slow|1012,head,causative,good,slow,neurolinguist,overlay_arg_1_match,overlay_subject_trial_s00,4.849999904632568,head,freqblimp_curated, the,.,-1.3726112842559814,-9.153861045837402,7.78125,1
v2|head|causative|overlay_subject_trial_s00_neurolinguist|good|soak|1013,head,causative,good,soak,neurolinguist,overlay_arg_1_match,overlay_subject_trial_s00,3.609999895095825,head,freqblimp_curated, the,.,-1.5913056135177612,-8.77880573272705,7.1875,1
v2|head|causative|overlay_subject_trial_s00_neurolinguist|good|stop|1014,head,causative,good,stop,neurolinguist,overlay_arg_1_match,overlay_subject_trial_s00,4.400000095367432,head,freqblimp_curated, the,.,-0.8671271800994873,-7.835877418518066,6.96875,1
v2|head|causative|overlay_subject_trial_s00_neurolinguist|good|stretch|1015,head,causative,good,stretch,neurolinguist,overlay_arg_1_match,overlay_subject_trial_s00,4.349999904632568,head,freqblimp_curated, the,.,-0.7548471093177795,-9.348597526550293,8.59375,1
v2|head|causative|overlay_subject_trial_s00_neurolinguist|good|turn|1017,head,causative,good,turn,neurolinguist,overlay_arg_1_match,overlay_subject_trial_s00,5.320000171661377,head,freqblimp_curated, the,.,-1.5889060497283936,-9.776406288146973,8.1875,1
v2|head|causative|overlay_subject_trial_s00_neurolinguist|good|twist|1018,head,causative,good,twist,neurolinguist,overlay_arg_1_match,overlay_subject_trial_s00,4.21999979019165,head,freqblimp_curated, the,.,-0.9442034959793091,-8.35045337677002,7.40625,1
v2|head|causative|overlay_subject_trial_s00_neurolinguist|good|warp|1019,head,causative,good,warp,neurolinguist,overlay_arg_1_match,overlay_subject_trial_s00,3.630000114440918,head,freqblimp_curated, the,.,-0.7463067173957825,-7.340056896209717,6.59375,1
v2|head|causative|overlay_subject_trial_s00_neurolinguist|good|worry|1020,head,causative,good,worry,neurolinguist,overlay_arg_1_match,overlay_subject_trial_s00,4.840000152587891,head,freqblimp_curated, the,.,-3.9127378463745117,-6.912737846374512,3.0,1
v2|head|inchoative|overlay_subject_lab_s03_tuamotus|bad|abuse|1171,head,inchoative,bad,abuse,tuamotus,overlay_arg_1_match,overlay_subject_lab_s03,4.66,head,supplemental_v2_bad_verbs, the,.,-1.4873851537704468,-6.862385272979736,5.375,1
v2|head|inchoative|overlay_subject_lab_s03_tuamotus|bad|accuse|1172,head,inchoative,bad,accuse,tuamotus,overlay_arg_1_match,overlay_subject_lab_s03,3.71,head,supplemental_v2_bad_verbs, the,.,-1.7786351442337036,-6.278635025024414,4.5,1
v2|head|inchoative|overlay_subject_lab_s03_tuamotus|bad|acquire|1173,head,inchoative,bad,acquire,tuamotus,overlay_arg_1_match,overlay_subject_lab_s03,4.13,head,supplemental_v2_bad_verbs, the,.,-1.7206796407699585,-8.84567928314209,7.124999523162842,1
v2|head|inchoative|overlay_subject_lab_s03_tuamotus|bad|admire|1174,head,inchoative,bad,admire,tuamotus,overlay_arg_1_match,overlay_subject_lab_s03,3.9700000286102295,head,freqblimp_curated, the,.,-0.9305470585823059,-6.68054723739624,5.75,1
v2|head|inchoative|overlay_subject_lab_s03_tuamotus|bad|affect|1176,head,inchoative,bad,affect,tuamotus,overlay_arg_1_match,overlay_subject_lab_s03,4.59,head,supplemental_v2_bad_verbs, the,.,-1.4113863706588745,-9.536386489868164,8.125,1
v2|head|inchoative|overlay_subject_lab_s03_tuamotus|bad|arrest|1177,head,inchoative,bad,arrest,tuamotus,overlay_arg_1_match,overlay_subject_lab_s03,4.55,head,supplemental_v2_bad_verbs, the,.,-1.2863973379135132,-6.223897457122803,4.9375,1
v2|head|inchoative|overlay_subject_lab_s03_tuamotus|bad|avoid|1178,head,inchoative,bad,avoid,tuamotus,overlay_arg_1_match,overlay_subject_lab_s03,4.87,head,supplemental_v2_bad_verbs, the,.,-1.9383193254470825,-9.313319206237793,7.375,1
v2|head|inchoative|overlay_subject_lab_s03_tuamotus|bad|blame|1179,head,inchoative,bad,blame,tuamotus,overlay_arg_1_match,overlay_subject_lab_s03,4.63,head,supplemental_v2_bad_verbs, the,.,-1.5096747875213623,-7.040925025939941,5.53125,1
v2|head|inchoative|overlay_subject_lab_s03_tuamotus|bad|destroy|1180,head,inchoative,bad,destroy,tuamotus,overlay_arg_1_match,overlay_subject_lab_s03,4.519999980926514,head,freqblimp_curated, the,.,-1.710170865058899,-7.835170745849609,6.125,1
v2|head|inchoative|overlay_subject_lab_s03_tuamotus|bad|notify|1181,head,inchoative,bad,notify,tuamotus,overlay_arg_1_match,overlay_subject_lab_s03,3.73,head,supplemental_v2_bad_verbs, the,.,-1.2245749235153198,-8.91207504272461,7.6875,1
v2|head|inchoative|overlay_subject_lab_s03_tuamotus|bad|persuade|1182,head,inchoative,bad,persuade,tuamotus,overlay_arg_1_match,overlay_subject_lab_s03,3.82,head,supplemental_v2_bad_verbs, the,.,-1.7564870119094849,-7.756486892700195,6.0,1
v2|head|inchoative|overlay_subject_lab_s03_tuamotus|bad|possess|1183,head,inchoative,bad,possess,tuamotus,overlay_arg_1_match,overlay_subject_lab_s03,4.02,head,supplemental_v2_bad_verbs, the,.,-1.8493496179580688,-9.130599975585938,7.281250476837158,1
v2|head|inchoative|overlay_subject_lab_s03_tuamotus|bad|require|1184,head,inchoative,bad,require,tuamotus,overlay_arg_1_match,overlay_subject_lab_s03,4.78,head,supplemental_v2_bad_verbs, the,.,-3.380221366882324,-10.536471366882324,7.15625,1
v2|head|inchoative|overlay_subject_lab_s03_tuamotus|bad|respect|1185,head,inchoative,bad,respect,tuamotus,overlay_arg_1_match,overlay_subject_lab_s03,5.03000020980835,head,freqblimp_curated, the,.,-1.2881252765655518,-8.288125038146973,7.0,1
v2|head|inchoative|overlay_subject_lab_s03_tuamotus|bad|retrieve|1186,head,inchoative,bad,retrieve,tuamotus,overlay_arg_1_match,overlay_subject_lab_s03,3.69,head,supplemental_v2_bad_verbs, the,.,-2.0898945331573486,-8.18364429473877,6.09375,1
v2|head|inchoative|overlay_subject_lab_s03_tuamotus|bad|suppress|1187,head,inchoative,bad,suppress,tuamotus,overlay_arg_1_match,overlay_subject_lab_s03,3.66,head,supplemental_v2_bad_verbs, the,.,-1.1558454036712646,-7.624595642089844,6.46875,1
v2|head|inchoative|overlay_subject_check_s02_ovotestis|bad|abuse|1290,head,inchoative,bad,abuse,ovotestis,overlay_arg_1_match,overlay_subject_check_s02,4.66,head,supplemental_v2_bad_verbs, the,.,-1.1262181997299194,-4.563718318939209,3.4375,1
v2|head|inchoative|overlay_subject_check_s02_ovotestis|bad|accuse|1291,head,inchoative,bad,accuse,ovotestis,overlay_arg_1_match,overlay_subject_check_s02,3.71,head,supplemental_v2_bad_verbs, the,.,-0.7494980692863464,-6.811997890472412,6.0625,1
v2|head|inchoative|overlay_subject_check_s02_ovotestis|bad|acquire|1292,head,inchoative,bad,acquire,ovotestis,overlay_arg_1_match,overlay_subject_check_s02,4.13,head,supplemental_v2_bad_verbs, the,.,-1.805147409439087,-8.461397171020508,6.65625,1
v2|head|inchoative|overlay_subject_check_s02_ovotestis|bad|admire|1293,head,inchoative,bad,admire,ovotestis,overlay_arg_1_match,overlay_subject_check_s02,3.9700000286102295,head,freqblimp_curated, the,.,-0.8539847135543823,-6.416484832763672,5.5625,1
v2|head|inchoative|overlay_subject_check_s02_ovotestis|bad|affect|1295,head,inchoative,bad,affect,ovotestis,overlay_arg_1_match,overlay_subject_check_s02,4.59,head,supplemental_v2_bad_verbs, the,.,-0.513871431350708,-7.826371192932129,7.3125,1
v2|head|inchoative|overlay_subject_check_s02_ovotestis|bad|arrest|1296,head,inchoative,bad,arrest,ovotestis,overlay_arg_1_match,overlay_subject_check_s02,4.55,head,supplemental_v2_bad_verbs, the,.,-1.7394623756408691,-4.051962375640869,2.3125,1
v2|head|inchoative|overlay_subject_check_s02_ovotestis|bad|avoid|1297,head,inchoative,bad,avoid,ovotestis,overlay_arg_1_match,overlay_subject_check_s02,4.87,head,supplemental_v2_bad_verbs, the,.,-1.3556113243103027,-8.761861801147461,7.406250476837158,1
v2|head|inchoative|overlay_subject_check_s02_ovotestis|bad|blame|1298,head,inchoative,bad,blame,ovotestis,overlay_arg_1_match,overlay_subject_check_s02,4.63,head,supplemental_v2_bad_verbs, the,.,-0.907477855682373,-7.376227855682373,6.46875,1
v2|head|inchoative|overlay_subject_check_s02_ovotestis|bad|destroy|1299,head,inchoative,bad,destroy,ovotestis,overlay_arg_1_match,overlay_subject_check_s02,4.519999980926514,head,freqblimp_curated, the,.,-0.9785988330841064,-6.166098594665527,5.1875,1
v2|head|inchoative|overlay_subject_check_s02_ovotestis|bad|notify|1300,head,inchoative,bad,notify,ovotestis,overlay_arg_1_match,overlay_subject_check_s02,3.73,head,supplemental_v2_bad_verbs, the,.,-0.5496332049369812,-7.799633026123047,7.25,1
v2|head|inchoative|overlay_subject_check_s02_ovotestis|bad|persuade|1301,head,inchoative,bad,persuade,ovotestis,overlay_arg_1_match,overlay_subject_check_s02,3.82,head,supplemental_v2_bad_verbs, the,.,-0.6434686183929443,-8.924718856811523,8.28125,1
v2|head|inchoative|overlay_subject_check_s02_ovotestis|bad|possess|1302,head,inchoative,bad,possess,ovotestis,overlay_arg_1_match,overlay_subject_check_s02,4.02,head,supplemental_v2_bad_verbs, the,.,-1.96208918094635,-8.962089538574219,7.000000476837158,1
v2|head|inchoative|overlay_subject_check_s02_ovotestis|bad|require|1303,head,inchoative,bad,require,ovotestis,overlay_arg_1_match,overlay_subject_check_s02,4.78,head,supplemental_v2_bad_verbs, the,.,-3.2170217037200928,-9.467021942138672,6.25,1
v2|head|inchoative|overlay_subject_check_s02_ovotestis|bad|respect|1304,head,inchoative,bad,respect,ovotestis,overlay_arg_1_match,overlay_subject_check_s02,5.03000020980835,head,freqblimp_curated, the,.,-0.6452824473381042,-7.55153226852417,6.90625,1
v2|head|inchoative|overlay_subject_check_s02_ovotestis|bad|retrieve|1305,head,inchoative,bad,retrieve,ovotestis,overlay_arg_1_match,overlay_subject_check_s02,3.69,head,supplemental_v2_bad_verbs, the,.,-1.5323619842529297,-8.65736198425293,7.125,1
v2|head|inchoative|overlay_subject_check_s02_ovotestis|bad|suppress|1306,head,inchoative,bad,suppress,ovotestis,overlay_arg_1_match,overlay_subject_check_s02,3.66,head,supplemental_v2_bad_verbs, the,.,-1.058308720588684,-4.9333086013793945,3.875,1
v2|head|inchoative|overlay_subject_lab_s03_tuamotus|good|accelerate|1559,head,inchoative,good,accelerate,tuamotus,overlay_arg_1_match,overlay_subject_lab_s03,3.6600000858306885,head,freqblimp_curated,., the,-5.469597816467285,-2.2195980548858643,-3.249999761581421,0
v2|head|inchoative|overlay_subject_lab_s03_tuamotus|good|awaken|1560,head,inchoative,good,awaken,tuamotus,overlay_arg_1_match,overlay_subject_lab_s03,3.7200000286102295,head,freqblimp_curated,., the,-3.979205846786499,-4.791706085205078,0.8125002384185791,1
v2|head|inchoative|overlay_subject_lab_s03_tuamotus|good|bake|1561,head,inchoative,good,bake,tuamotus,overlay_arg_1_match,overlay_subject_lab_s03,3.9100000858306885,head,freqblimp_curated,., the,-5.347807884216309,-2.8478076457977295,-2.500000238418579,0
v2|head|inchoative|overlay_subject_lab_s03_tuamotus|good|benefit|1562,head,inchoative,good,benefit,tuamotus,overlay_arg_1_match,overlay_subject_lab_s03,4.820000171661377,head,freqblimp_curated,., the,-5.382508754730225,-4.695008754730225,-0.6875,0
v2|head|inchoative|overlay_subject_lab_s03_tuamotus|good|burn|1563,head,inchoative,good,burn,tuamotus,overlay_arg_1_match,overlay_subject_lab_s03,4.53000020980835,head,freqblimp_curated,., the,-5.225894927978516,-2.7883949279785156,-2.4375,0
v2|head|inchoative|overlay_subject_lab_s03_tuamotus|good|change|1564,head,inchoative,good,change,tuamotus,overlay_arg_1_match,overlay_subject_lab_s03,4.760000228881836,head,freqblimp_curated,., the,-7.047552108764648,-2.2975521087646484,-4.75,0
v2|head|inchoative|overlay_subject_lab_s03_tuamotus|good|chip|1565,head,inchoative,good,chip,tuamotus,overlay_arg_1_match,overlay_subject_lab_s03,4.309999942779541,head,freqblimp_curated,., the,-5.91825532913208,-2.60575532913208,-3.3125,0
v2|head|inchoative|overlay_subject_lab_s03_tuamotus|good|close|1566,head,inchoative,good,close,tuamotus,overlay_arg_1_match,overlay_subject_lab_s03,5.360000133514404,head,freqblimp_curated,., the,-7.962311267852783,-2.024811267852783,-5.9375,0
v2|head|inchoative|overlay_subject_lab_s03_tuamotus|good|crack|1567,head,inchoative,good,crack,tuamotus,overlay_arg_1_match,overlay_subject_lab_s03,4.409999847412109,head,freqblimp_curated,., the,-6.742617130279541,-1.492617130279541,-5.25,0
v2|head|inchoative|overlay_subject_lab_s03_tuamotus|good|crash|1568,head,inchoative,good,crash,tuamotus,overlay_arg_1_match,overlay_subject_lab_s03,4.550000190734863,head,freqblimp_curated,., the,-4.3652729988098145,-2.9902729988098145,-1.375,0
v2|head|inchoative|overlay_subject_lab_s03_tuamotus|good|dim|1569,head,inchoative,good,dim,tuamotus,overlay_arg_1_match,overlay_subject_lab_s03,3.619999885559082,head,freqblimp_curated,., the,-6.137599945068359,-1.4500998258590698,-4.6875,0
v2|head|inchoative|overlay_subject_lab_s03_tuamotus|good|drop|1570,head,inchoative,good,drop,tuamotus,overlay_arg_1_match,overlay_subject_lab_s03,4.989999771118164,head,freqblimp_curated,., the,-6.087882995605469,-2.8378827571868896,-3.250000238418579,0
v2|head|inchoative|overlay_subject_lab_s03_tuamotus|good|dry|1571,head,inchoative,good,dry,tuamotus,overlay_arg_1_match,overlay_subject_lab_s03,4.739999771118164,head,freqblimp_curated,., the,-6.03088903427124,-3.0933890342712402,-2.9375,0
v2|head|inchoative|overlay_subject_lab_s03_tuamotus|good|fade|1572,head,inchoative,good,fade,tuamotus,overlay_arg_1_match,overlay_subject_lab_s03,3.859999895095825,head,freqblimp_curated,., the,-4.60678768157959,-4.85678768157959,0.25,1
v2|head|inchoative|overlay_subject_lab_s03_tuamotus|good|fold|1573,head,inchoative,good,fold,tuamotus,overlay_arg_1_match,overlay_subject_lab_s03,4.079999923706055,head,freqblimp_curated,., the,-7.632599353790283,-2.007599353790283,-5.625,0
v2|head|inchoative|overlay_subject_lab_s03_tuamotus|good|freeze|1574,head,inchoative,good,freeze,tuamotus,overlay_arg_1_match,overlay_subject_lab_s03,4.110000133514404,head,freqblimp_curated,., the,-4.177947998046875,-2.927947759628296,-1.250000238418579,0
v2|head|inchoative|overlay_subject_lab_s03_tuamotus|good|grow|1575,head,inchoative,good,grow,tuamotus,overlay_arg_1_match,overlay_subject_lab_s03,4.900000095367432,head,freqblimp_curated,., the,-6.267735958099365,-5.267735958099365,-1.0,0
v2|head|inchoative|overlay_subject_lab_s03_tuamotus|good|melt|1576,head,inchoative,good,melt,tuamotus,overlay_arg_1_match,overlay_subject_lab_s03,3.9600000381469727,head,freqblimp_curated,., the,-5.160513877868652,-1.9105141162872314,-3.249999761581421,0
v2|head|inchoative|overlay_subject_lab_s03_tuamotus|good|move|1577,head,inchoative,good,move,tuamotus,overlay_arg_1_match,overlay_subject_lab_s03,5.349999904632568,head,freqblimp_curated,., the,-6.452227592468262,-3.3272275924682617,-3.125,0
v2|head|inchoative|overlay_subject_lab_s03_tuamotus|good|open|1578,head,inchoative,good,open,tuamotus,overlay_arg_1_match,overlay_subject_lab_s03,5.480000019073486,head,freqblimp_curated,., the,-7.5082807540893555,-2.2582809925079346,-5.25,0
v2|head|inchoative|overlay_subject_lab_s03_tuamotus|good|roll|1579,head,inchoative,good,roll,tuamotus,overlay_arg_1_match,overlay_subject_lab_s03,4.75,head,freqblimp_curated,., the,-6.607266426086426,-3.794766664505005,-2.812499761581421,0
v2|head|inchoative|overlay_subject_lab_s03_tuamotus|good|shrink|1581,head,inchoative,good,shrink,tuamotus,overlay_arg_1_match,overlay_subject_lab_s03,3.7300000190734863,head,freqblimp_curated,., the,-4.322935104370117,-3.5104353427886963,-0.8124997615814209,0
v2|head|inchoative|overlay_subject_lab_s03_tuamotus|good|shut|1582,head,inchoative,good,shut,tuamotus,overlay_arg_1_match,overlay_subject_lab_s03,4.78000020980835,head,freqblimp_curated,., the,-7.37234354019165,-2.9973435401916504,-4.375,0
v2|head|inchoative|overlay_subject_lab_s03_tuamotus|good|slow|1583,head,inchoative,good,slow,tuamotus,overlay_arg_1_match,overlay_subject_lab_s03,4.849999904632568,head,freqblimp_curated,., the,-6.950570106506348,-2.7630698680877686,-4.1875,0
v2|head|inchoative|overlay_subject_lab_s03_tuamotus|good|soak|1584,head,inchoative,good,soak,tuamotus,overlay_arg_1_match,overlay_subject_lab_s03,3.609999895095825,head,freqblimp_curated,., the,-7.756176948547363,-2.1936771869659424,-5.5625,0
v2|head|inchoative|overlay_subject_lab_s03_tuamotus|good|stop|1585,head,inchoative,good,stop,tuamotus,overlay_arg_1_match,overlay_subject_lab_s03,4.400000095367432,head,freqblimp_curated,., the,-5.645373821258545,-3.082873821258545,-2.5625,0
v2|head|inchoative|overlay_subject_lab_s03_tuamotus|good|stretch|1586,head,inchoative,good,stretch,tuamotus,overlay_arg_1_match,overlay_subject_lab_s03,4.349999904632568,head,freqblimp_curated,., the,-6.166612148284912,-2.479112148284912,-3.6875,0
v2|head|inchoative|overlay_subject_lab_s03_tuamotus|good|turn|1588,head,inchoative,good,turn,tuamotus,overlay_arg_1_match,overlay_subject_lab_s03,5.320000171661377,head,freqblimp_curated,., the,-7.619327545166016,-3.1193273067474365,-4.5,0
v2|head|inchoative|overlay_subject_lab_s03_tuamotus|good|twist|1589,head,inchoative,good,twist,tuamotus,overlay_arg_1_match,overlay_subject_lab_s03,4.21999979019165,head,freqblimp_curated,., the,-6.273309230804443,-2.5858092308044434,-3.6875,0
v2|head|inchoative|overlay_subject_lab_s03_tuamotus|good|warp|1590,head,inchoative,good,warp,tuamotus,overlay_arg_1_match,overlay_subject_lab_s03,3.630000114440918,head,freqblimp_curated,., the,-5.483320236206055,-1.7958202362060547,-3.6875,0
v2|head|inchoative|overlay_subject_lab_s03_tuamotus|good|worry|1591,head,inchoative,good,worry,tuamotus,overlay_arg_1_match,overlay_subject_lab_s03,4.840000152587891,head,freqblimp_curated,., the,-4.47268533706665,-3.5351853370666504,-0.9375,0
v2|head|inchoative|overlay_subject_check_s02_ovotestis|good|accelerate|1790,head,inchoative,good,accelerate,ovotestis,overlay_arg_1_match,overlay_subject_check_s02,3.6600000858306885,head,freqblimp_curated,., the,-3.63918137550354,-2.26418137550354,-1.375,0
v2|head|inchoative|overlay_subject_check_s02_ovotestis|good|awaken|1791,head,inchoative,good,awaken,ovotestis,overlay_arg_1_match,overlay_subject_check_s02,3.7200000286102295,head,freqblimp_curated,., the,-2.880274772644043,-3.255274772644043,0.375,1
v2|head|inchoative|overlay_subject_check_s02_ovotestis|good|bake|1792,head,inchoative,good,bake,ovotestis,overlay_arg_1_match,overlay_subject_check_s02,3.9100000858306885,head,freqblimp_curated,., the,-3.5993454456329346,-2.1618454456329346,-1.4375,0
v2|head|inchoative|overlay_subject_check_s02_ovotestis|good|benefit|1793,head,inchoative,good,benefit,ovotestis,overlay_arg_1_match,overlay_subject_check_s02,4.820000171661377,head,freqblimp_curated,., the,-5.0601806640625,-4.5601806640625,-0.5,0
v2|head|inchoative|overlay_subject_check_s02_ovotestis|good|burn|1794,head,inchoative,good,burn,ovotestis,overlay_arg_1_match,overlay_subject_check_s02,4.53000020980835,head,freqblimp_curated,., the,-3.405646324157715,-3.968146324157715,0.5625,1
v2|head|inchoative|overlay_subject_check_s02_ovotestis|good|change|1795,head,inchoative,good,change,ovotestis,overlay_arg_1_match,overlay_subject_check_s02,4.760000228881836,head,freqblimp_curated,., the,-5.214104652404785,-3.214104413986206,-2.000000238418579,0
v2|head|inchoative|overlay_subject_check_s02_ovotestis|good|chip|1796,head,inchoative,good,chip,ovotestis,overlay_arg_1_match,overlay_subject_check_s02,4.309999942779541,head,freqblimp_curated,., the,-3.9884033203125,-2.4884033203125,-1.5,0
v2|head|inchoative|overlay_subject_check_s02_ovotestis|good|close|1797,head,inchoative,good,close,ovotestis,overlay_arg_1_match,overlay_subject_check_s02,5.360000133514404,head,freqblimp_curated,., the,-3.3970961570739746,-3.2720961570739746,-0.125,0
v2|head|inchoative|overlay_subject_check_s02_ovotestis|good|crack|1798,head,inchoative,good,crack,ovotestis,overlay_arg_1_match,overlay_subject_check_s02,4.409999847412109,head,freqblimp_curated,., the,-3.178607225418091,-3.241107225418091,0.0625,1
v2|head|inchoative|overlay_subject_check_s02_ovotestis|good|crash|1799,head,inchoative,good,crash,ovotestis,overlay_arg_1_match,overlay_subject_check_s02,4.550000190734863,head,freqblimp_curated,., the,-2.534109115600586,-3.659109115600586,1.125,1
v2|head|inchoative|overlay_subject_check_s02_ovotestis|good|dim|1800,head,inchoative,good,dim,ovotestis,overlay_arg_1_match,overlay_subject_check_s02,3.619999885559082,head,freqblimp_curated,., the,-4.717891693115234,-3.5928914546966553,-1.125000238418579,0
v2|head|inchoative|overlay_subject_check_s02_ovotestis|good|drop|1801,head,inchoative,good,drop,ovotestis,overlay_arg_1_match,overlay_subject_check_s02,4.989999771118164,head,freqblimp_curated,., the,-3.8227479457855225,-3.6352479457855225,-0.1875,0
v2|head|inchoative|overlay_subject_check_s02_ovotestis|good|dry|1802,head,inchoative,good,dry,ovotestis,overlay_arg_1_match,overlay_subject_check_s02,4.739999771118164,head,freqblimp_curated,., the,-3.384383201599121,-5.071883201599121,1.6875,1
v2|head|inchoative|overlay_subject_check_s02_ovotestis|good|fade|1803,head,inchoative,good,fade,ovotestis,overlay_arg_1_match,overlay_subject_check_s02,3.859999895095825,head,freqblimp_curated,., the,-3.618290424346924,-4.993290424346924,1.375,1
v2|head|inchoative|overlay_subject_check_s02_ovotestis|good|fold|1804,head,inchoative,good,fold,ovotestis,overlay_arg_1_match,overlay_subject_check_s02,4.079999923706055,head,freqblimp_curated,., the,-5.496404647827148,-3.5589044094085693,-1.937500238418579,0
v2|head|inchoative|overlay_subject_check_s02_ovotestis|good|freeze|1805,head,inchoative,good,freeze,ovotestis,overlay_arg_1_match,overlay_subject_check_s02,4.110000133514404,head,freqblimp_curated,., the,-2.842410087585449,-3.904910087585449,1.0625,1
v2|head|inchoative|overlay_subject_check_s02_ovotestis|good|grow|1806,head,inchoative,good,grow,ovotestis,overlay_arg_1_match,overlay_subject_check_s02,4.900000095367432,head,freqblimp_curated,., the,-4.1895341873168945,-5.0645341873168945,0.875,1
v2|head|inchoative|overlay_subject_check_s02_ovotestis|good|melt|1807,head,inchoative,good,melt,ovotestis,overlay_arg_1_match,overlay_subject_check_s02,3.9600000381469727,head,freqblimp_curated,., the,-3.2387876510620117,-3.6137876510620117,0.375,1
v2|head|inchoative|overlay_subject_check_s02_ovotestis|good|move|1808,head,inchoative,good,move,ovotestis,overlay_arg_1_match,overlay_subject_check_s02,5.349999904632568,head,freqblimp_curated,., the,-6.124020099639893,-3.0615200996398926,-3.0625,0
v2|head|inchoative|overlay_subject_check_s02_ovotestis|good|open|1809,head,inchoative,good,open,ovotestis,overlay_arg_1_match,overlay_subject_check_s02,5.480000019073486,head,freqblimp_curated,., the,-3.640070915222168,-3.640070915222168,0.0,0
v2|head|inchoative|overlay_subject_check_s02_ovotestis|good|roll|1810,head,inchoative,good,roll,ovotestis,overlay_arg_1_match,overlay_subject_check_s02,4.75,head,freqblimp_curated,., the,-5.402490139007568,-3.9649901390075684,-1.4375,0
v2|head|inchoative|overlay_subject_check_s02_ovotestis|good|shrink|1812,head,inchoative,good,shrink,ovotestis,overlay_arg_1_match,overlay_subject_check_s02,3.7300000190734863,head,freqblimp_curated,., the,-3.1580917835235596,-5.1580915451049805,1.999999761581421,1
v2|head|inchoative|overlay_subject_check_s02_ovotestis|good|shut|1813,head,inchoative,good,shut,ovotestis,overlay_arg_1_match,overlay_subject_check_s02,4.78000020980835,head,freqblimp_curated,., the,-5.171421527862549,-4.983921527862549,-0.1875,0
v2|head|inchoative|overlay_subject_check_s02_ovotestis|good|slow|1814,head,inchoative,good,slow,ovotestis,overlay_arg_1_match,overlay_subject_check_s02,4.849999904632568,head,freqblimp_curated,., the,-5.008781433105469,-2.6337811946868896,-2.375000238418579,0
v2|head|inchoative|overlay_subject_check_s02_ovotestis|good|soak|1815,head,inchoative,good,soak,ovotestis,overlay_arg_1_match,overlay_subject_check_s02,3.609999895095825,head,freqblimp_curated,., the,-5.6662726402282715,-3.1037728786468506,-2.562499761581421,0
v2|head|inchoative|overlay_subject_check_s02_ovotestis|good|stop|1816,head,inchoative,good,stop,ovotestis,overlay_arg_1_match,overlay_subject_check_s02,4.400000095367432,head,freqblimp_curated,., the,-3.979842185974121,-2.792342185974121,-1.1875,0
v2|head|inchoative|overlay_subject_check_s02_ovotestis|good|stretch|1817,head,inchoative,good,stretch,ovotestis,overlay_arg_1_match,overlay_subject_check_s02,4.349999904632568,head,freqblimp_curated,., the,-4.339098930358887,-2.9015989303588867,-1.4375,0
v2|head|inchoative|overlay_subject_check_s02_ovotestis|good|turn|1819,head,inchoative,good,turn,ovotestis,overlay_arg_1_match,overlay_subject_check_s02,5.320000171661377,head,freqblimp_curated,., the,-7.226499080657959,-3.726499080657959,-3.5,0
v2|head|inchoative|overlay_subject_check_s02_ovotestis|good|twist|1820,head,inchoative,good,twist,ovotestis,overlay_arg_1_match,overlay_subject_check_s02,4.21999979019165,head,freqblimp_curated,., the,-4.603329658508301,-3.353329658508301,-1.25,0
v2|head|inchoative|overlay_subject_check_s02_ovotestis|good|warp|1821,head,inchoative,good,warp,ovotestis,overlay_arg_1_match,overlay_subject_check_s02,3.630000114440918,head,freqblimp_curated,., the,-3.519742488861084,-2.707242488861084,-0.8125,0
v2|head|inchoative|overlay_subject_check_s02_ovotestis|good|worry|1822,head,inchoative,good,worry,ovotestis,overlay_arg_1_match,overlay_subject_check_s02,4.840000152587891,head,freqblimp_curated,., the,-4.4122538566589355,-2.7872538566589355,-1.625,0
v2|low|causative|overlay_subject_visit_s02_scenarist|bad|abscond|2336,low,causative,bad,abscond,scenarist,overlay_arg_1_match,overlay_subject_visit_s02,2.07,xtail,supplemental_v2_bad_verbs,., the,-3.299211263656616,-4.549211502075195,1.250000238418579,1
v2|low|causative|overlay_subject_visit_s02_scenarist|bad|amble|2338,low,causative,bad,amble,scenarist,overlay_arg_1_match,overlay_subject_visit_s02,2.3,low_gap,supplemental_v2_bad_verbs,., the,-8.173401832580566,-4.860901832580566,-3.3125,0
v2|low|causative|overlay_subject_visit_s02_scenarist|bad|bicker|2339,low,causative,bad,bicker,scenarist,overlay_arg_1_match,overlay_subject_visit_s02,2.56,tail,supplemental_v2_bad_verbs,., the,-5.4173808097839355,-6.3548808097839355,0.9375,1
v2|low|causative|overlay_subject_visit_s02_scenarist|bad|capitulate|2341,low,causative,bad,capitulate,scenarist,overlay_arg_1_match,overlay_subject_visit_s02,2.5,tail,supplemental_v2_bad_verbs,., the,-2.1598310470581055,-5.3473310470581055,3.1875,1
v2|low|causative|overlay_subject_visit_s02_scenarist|bad|cower|2343,low,causative,bad,cower,scenarist,overlay_arg_1_match,overlay_subject_visit_s02,2.55,tail,supplemental_v2_bad_verbs,., the,-3.5199193954467773,-5.769919395446777,2.25,1
v2|low|causative|overlay_subject_visit_s02_scenarist|bad|dither|2346,low,causative,bad,dither,scenarist,overlay_arg_1_match,overlay_subject_visit_s02,2.11,xtail,supplemental_v2_bad_verbs,., the,-3.8908419609069824,-5.078341960906982,1.1875,1
v2|low|causative|overlay_subject_visit_s02_scenarist|bad|flirt|2347,low,causative,bad,flirt,scenarist,overlay_arg_1_match,overlay_subject_visit_s02,2.8399999141693115,tail,freqblimp_curated,., the,-6.314094543457031,-5.501594543457031,-0.8125,0
v2|low|causative|overlay_subject_visit_s02_scenarist|bad|frolic|2348,low,causative,bad,frolic,scenarist,overlay_arg_1_match,overlay_subject_visit_s02,2.68,tail,supplemental_v2_bad_verbs,., the,-5.733249187469482,-4.983249187469482,-0.75,0
v2|low|causative|overlay_subject_visit_s02_scenarist|bad|grimace|2350,low,causative,bad,grimace,scenarist,overlay_arg_1_match,overlay_subject_visit_s02,2.61,tail,supplemental_v2_bad_verbs,., the,-2.240595817565918,-6.303095817565918,4.0625,1
v2|low|causative|overlay_subject_visit_s02_scenarist|bad|hibernate|2352,low,causative,bad,hibernate,scenarist,overlay_arg_1_match,overlay_subject_visit_s02,2.7,tail,supplemental_v2_bad_verbs,., the,-2.840028762817383,-3.965028762817383,1.125,1
v2|low|causative|overlay_subject_visit_s02_scenarist|bad|hobble|2354,low,causative,bad,hobble,scenarist,overlay_arg_1_match,overlay_subject_visit_s02,2.41,tail,supplemental_v2_bad_verbs,., the,-7.517446517944336,-4.079946517944336,-3.4375,0
v2|low|causative|overlay_subject_visit_s02_scenarist|bad|loiter|2355,low,causative,bad,loiter,scenarist,overlay_arg_1_match,overlay_subject_visit_s02,2.38,low_gap,supplemental_v2_bad_verbs,., the,-6.145778179168701,-4.770778179168701,-1.375,0
v2|low|causative|overlay_subject_visit_s02_scenarist|bad|meander|2356,low,causative,bad,meander,scenarist,overlay_arg_1_match,overlay_subject_visit_s02,2.69,tail,supplemental_v2_bad_verbs,., the,-8.075572967529297,-3.2630727291107178,-4.8125,0
v2|low|causative|overlay_subject_visit_s02_scenarist|bad|perspire|2359,low,causative,bad,perspire,scenarist,overlay_arg_1_match,overlay_subject_visit_s02,2.0,xtail,supplemental_v2_bad_verbs,., the,-2.4463412761688232,-5.946341514587402,3.500000238418579,1
v2|low|causative|overlay_subject_visit_s02_scenarist|bad|prattle|2360,low,causative,bad,prattle,scenarist,overlay_arg_1_match,overlay_subject_visit_s02,2.18,xtail,supplemental_v2_bad_verbs,., the,-5.72377347946167,-5.72377347946167,0.0,0
v2|low|causative|overlay_subject_visit_s02_scenarist|bad|recline|2362,low,causative,bad,recline,scenarist,overlay_arg_1_match,overlay_subject_visit_s02,2.51,tail,supplemental_v2_bad_verbs,., the,-5.971015453338623,-5.221015453338623,-0.75,0
v2|low|causative|overlay_subject_visit_s02_scenarist|bad|retaliate|2363,low,causative,bad,retaliate,scenarist,overlay_arg_1_match,overlay_subject_visit_s02,3.0999999046325684,tail,freqblimp_curated,., the,-3.5679187774658203,-3.4429187774658203,-0.125,0
v2|low|causative|overlay_subject_visit_s02_scenarist|bad|saunter|2364,low,causative,bad,saunter,scenarist,overlay_arg_1_match,overlay_subject_visit_s02,2.23,low_gap,supplemental_v2_bad_verbs,., the,-8.811280250549316,-4.561280250549316,-4.25,0
v2|low|causative|overlay_subject_visit_s02_scenarist|bad|shiver|2365,low,causative,bad,shiver,scenarist,overlay_arg_1_match,overlay_subject_visit_s02,3.05,tail,supplemental_v2_bad_verbs,., the,-2.7806880474090576,-5.280688285827637,2.500000238418579,1
v2|low|causative|overlay_subject_visit_s02_scenarist|bad|snore|2366,low,causative,bad,snore,scenarist,overlay_arg_1_match,overlay_subject_visit_s02,2.76,tail,supplemental_v2_bad_verbs,., the,-1.5297132730484009,-5.092213153839111,3.5625,1
v2|low|causative|overlay_subject_visit_s02_scenarist|bad|tremble|2368,low,causative,bad,tremble,scenarist,overlay_arg_1_match,overlay_subject_visit_s02,3.04,tail,supplemental_v2_bad_verbs,., the,-2.795246124267578,-6.357746124267578,3.5625,1
v2|low|causative|overlay_subject_visit_s02_scenarist|bad|wail|2370,low,causative,bad,wail,scenarist,overlay_arg_1_match,overlay_subject_visit_s02,2.9,tail,supplemental_v2_bad_verbs,., the,-3.634226083755493,-4.696725845336914,1.062499761581421,1
v2|low|causative|overlay_subject_visit_s02_scenarist|bad|yawn|2371,low,causative,bad,yawn,scenarist,overlay_arg_1_match,overlay_subject_visit_s02,3.069999933242798,tail,freqblimp_curated,., the,-2.1558306217193604,-5.530830383300781,3.374999761581421,1
v2|low|causative|overlay_subject_visit_s03_sceneshifter|bad|abscond|2372,low,causative,bad,abscond,sceneshifter,overlay_arg_1_match,overlay_subject_visit_s03,2.07,xtail,supplemental_v2_bad_verbs,., the,-2.72784161567688,-5.227841854095459,2.500000238418579,1
v2|low|causative|overlay_subject_visit_s03_sceneshifter|bad|amble|2374,low,causative,bad,amble,sceneshifter,overlay_arg_1_match,overlay_subject_visit_s03,2.3,low_gap,supplemental_v2_bad_verbs,., the,-8.226991653442383,-5.664491653442383,-2.5625,0
v2|low|causative|overlay_subject_visit_s03_sceneshifter|bad|bicker|2375,low,causative,bad,bicker,sceneshifter,overlay_arg_1_match,overlay_subject_visit_s03,2.56,tail,supplemental_v2_bad_verbs,., the,-4.831944465637207,-6.519444465637207,1.6875,1
v2|low|causative|overlay_subject_visit_s03_sceneshifter|bad|capitulate|2377,low,causative,bad,capitulate,sceneshifter,overlay_arg_1_match,overlay_subject_visit_s03,2.5,tail,supplemental_v2_bad_verbs,., the,-2.1557981967926025,-5.843297958374023,3.687499761581421,1
v2|low|causative|overlay_subject_visit_s03_sceneshifter|bad|cower|2379,low,causative,bad,cower,sceneshifter,overlay_arg_1_match,overlay_subject_visit_s03,2.55,tail,supplemental_v2_bad_verbs,., the,-3.547461986541748,-5.859961986541748,2.3125,1
v2|low|causative|overlay_subject_visit_s03_sceneshifter|bad|dither|2382,low,causative,bad,dither,sceneshifter,overlay_arg_1_match,overlay_subject_visit_s03,2.11,xtail,supplemental_v2_bad_verbs,., the,-3.6164255142211914,-5.491425514221191,1.875,1
v2|low|causative|overlay_subject_visit_s03_sceneshifter|bad|flirt|2383,low,causative,bad,flirt,sceneshifter,overlay_arg_1_match,overlay_subject_visit_s03,2.8399999141693115,tail,freqblimp_curated,., the,-5.283115386962891,-6.595615386962891,1.3125,1
v2|low|causative|overlay_subject_visit_s03_sceneshifter|bad|frolic|2384,low,causative,bad,frolic,sceneshifter,overlay_arg_1_match,overlay_subject_visit_s03,2.68,tail,supplemental_v2_bad_verbs,., the,-5.101142883300781,-5.913642883300781,0.8125,1
v2|low|causative|overlay_subject_visit_s03_sceneshifter|bad|grimace|2386,low,causative,bad,grimace,sceneshifter,overlay_arg_1_match,overlay_subject_visit_s03,2.61,tail,supplemental_v2_bad_verbs,., the,-3.040189027786255,-6.477688789367676,3.437499761581421,1
v2|low|causative|overlay_subject_visit_s03_sceneshifter|bad|hibernate|2388,low,causative,bad,hibernate,sceneshifter,overlay_arg_1_match,overlay_subject_visit_s03,2.7,tail,supplemental_v2_bad_verbs,., the,-2.6484177112579346,-4.8984174728393555,2.249999761581421,1
v2|low|causative|overlay_subject_visit_s03_sceneshifter|bad|hobble|2390,low,causative,bad,hobble,sceneshifter,overlay_arg_1_match,overlay_subject_visit_s03,2.41,tail,supplemental_v2_bad_verbs,., the,-7.143899917602539,-4.331399917602539,-2.8125,0
v2|low|causative|overlay_subject_visit_s03_sceneshifter|bad|loiter|2391,low,causative,bad,loiter,sceneshifter,overlay_arg_1_match,overlay_subject_visit_s03,2.38,low_gap,supplemental_v2_bad_verbs,., the,-5.8192830085754395,-5.6317830085754395,-0.1875,0
v2|low|causative|overlay_subject_visit_s03_sceneshifter|bad|meander|2392,low,causative,bad,meander,sceneshifter,overlay_arg_1_match,overlay_subject_visit_s03,2.69,tail,supplemental_v2_bad_verbs,., the,-7.288871765136719,-3.5388717651367188,-3.75,0
v2|low|causative|overlay_subject_visit_s03_sceneshifter|bad|perspire|2395,low,causative,bad,perspire,sceneshifter,overlay_arg_1_match,overlay_subject_visit_s03,2.0,xtail,supplemental_v2_bad_verbs,., the,-2.718531370162964,-6.156031608581543,3.437500238418579,1
v2|low|causative|overlay_subject_visit_s03_sceneshifter|bad|prattle|2396,low,causative,bad,prattle,sceneshifter,overlay_arg_1_match,overlay_subject_visit_s03,2.18,xtail,supplemental_v2_bad_verbs,., the,-5.6761627197265625,-5.8636627197265625,0.1875,1
v2|low|causative|overlay_subject_visit_s03_sceneshifter|bad|recline|2398,low,causative,bad,recline,sceneshifter,overlay_arg_1_match,overlay_subject_visit_s03,2.51,tail,supplemental_v2_bad_verbs,., the,-5.519129753112793,-5.394129753112793,-0.125,0
v2|low|causative|overlay_subject_visit_s03_sceneshifter|bad|retaliate|2399,low,causative,bad,retaliate,sceneshifter,overlay_arg_1_match,overlay_subject_visit_s03,3.0999999046325684,tail,freqblimp_curated,., the,-2.4939558506011963,-5.743955612182617,3.249999761581421,1
v2|low|causative|overlay_subject_visit_s03_sceneshifter|bad|saunter|2400,low,causative,bad,saunter,sceneshifter,overlay_arg_1_match,overlay_subject_visit_s03,2.23,low_gap,supplemental_v2_bad_verbs,., the,-8.826444625854492,-5.013944149017334,-3.812500476837158,0
v2|low|causative|overlay_subject_visit_s03_sceneshifter|bad|shiver|2401,low,causative,bad,shiver,sceneshifter,overlay_arg_1_match,overlay_subject_visit_s03,3.05,tail,supplemental_v2_bad_verbs,., the,-2.9887495040893555,-5.3012495040893555,2.3125,1
v2|low|causative|overlay_subject_visit_s03_sceneshifter|bad|snore|2402,low,causative,bad,snore,sceneshifter,overlay_arg_1_match,overlay_subject_visit_s03,2.76,tail,supplemental_v2_bad_verbs,., the,-2.045222282409668,-5.107722282409668,3.0625,1
v2|low|causative|overlay_subject_visit_s03_sceneshifter|bad|tremble|2404,low,causative,bad,tremble,sceneshifter,overlay_arg_1_match,overlay_subject_visit_s03,3.04,tail,supplemental_v2_bad_verbs,., the,-2.8681771755218506,-6.61817741394043,3.750000238418579,1
v2|low|causative|overlay_subject_visit_s03_sceneshifter|bad|wail|2406,low,causative,bad,wail,sceneshifter,overlay_arg_1_match,overlay_subject_visit_s03,2.9,tail,supplemental_v2_bad_verbs,., the,-3.3847784996032715,-4.6972784996032715,1.3125,1
v2|low|causative|overlay_subject_visit_s03_sceneshifter|bad|yawn|2407,low,causative,bad,yawn,sceneshifter,overlay_arg_1_match,overlay_subject_visit_s03,3.069999933242798,tail,freqblimp_curated,., the,-2.2356114387512207,-6.235611438751221,4.0,1
v2|low|causative|overlay_subject_check_s00_syndicalist|bad|abscond|2408,low,causative,bad,abscond,syndicalist,overlay_arg_1_match,overlay_subject_check_s00,2.07,xtail,supplemental_v2_bad_verbs,., the,-2.986067295074463,-3.611067295074463,0.625,1
v2|low|causative|overlay_subject_check_s00_syndicalist|bad|amble|2410,low,causative,bad,amble,syndicalist,overlay_arg_1_match,overlay_subject_check_s00,2.3,low_gap,supplemental_v2_bad_verbs,., the,-7.0620293617248535,-4.6870293617248535,-2.375,0
v2|low|causative|overlay_subject_check_s00_syndicalist|bad|bicker|2411,low,causative,bad,bicker,syndicalist,overlay_arg_1_match,overlay_subject_check_s00,2.56,tail,supplemental_v2_bad_verbs,., the,-5.320662498474121,-7.258162498474121,1.9375,1
v2|low|causative|overlay_subject_check_s00_syndicalist|bad|capitulate|2413,low,causative,bad,capitulate,syndicalist,overlay_arg_1_match,overlay_subject_check_s00,2.5,tail,supplemental_v2_bad_verbs,., the,-2.5041580200195312,-3.6916580200195312,1.1875,1
v2|low|causative|overlay_subject_check_s00_syndicalist|bad|cower|2415,low,causative,bad,cower,syndicalist,overlay_arg_1_match,overlay_subject_check_s00,2.55,tail,supplemental_v2_bad_verbs,., the,-3.5426688194274902,-5.10516881942749,1.5625,1
v2|low|causative|overlay_subject_check_s00_syndicalist|bad|dither|2418,low,causative,bad,dither,syndicalist,overlay_arg_1_match,overlay_subject_check_s00,2.11,xtail,supplemental_v2_bad_verbs,., the,-3.394524574279785,-5.832024574279785,2.4375,1
v2|low|causative|overlay_subject_check_s00_syndicalist|bad|flirt|2419,low,causative,bad,flirt,syndicalist,overlay_arg_1_match,overlay_subject_check_s00,2.8399999141693115,tail,freqblimp_curated,., the,-5.907094955444336,-6.469594955444336,0.5625,1
v2|low|causative|overlay_subject_check_s00_syndicalist|bad|frolic|2420,low,causative,bad,frolic,syndicalist,overlay_arg_1_match,overlay_subject_check_s00,2.68,tail,supplemental_v2_bad_verbs,., the,-5.059808731079102,-5.059808731079102,0.0,0
v2|low|causative|overlay_subject_check_s00_syndicalist|bad|grimace|2422,low,causative,bad,grimace,syndicalist,overlay_arg_1_match,overlay_subject_check_s00,2.61,tail,supplemental_v2_bad_verbs,., the,-2.6865997314453125,-5.8115997314453125,3.125,1
v2|low|causative|overlay_subject_check_s00_syndicalist|bad|hibernate|2424,low,causative,bad,hibernate,syndicalist,overlay_arg_1_match,overlay_subject_check_s00,2.7,tail,supplemental_v2_bad_verbs,., the,-2.7177329063415527,-3.5927329063415527,0.875,1
v2|low|causative|overlay_subject_check_s00_syndicalist|bad|hobble|2426,low,causative,bad,hobble,syndicalist,overlay_arg_1_match,overlay_subject_check_s00,2.41,tail,supplemental_v2_bad_verbs,., the,-5.929767608642578,-1.929767370223999,-4.0,0
v2|low|causative|overlay_subject_check_s00_syndicalist|bad|loiter|2427,low,causative,bad,loiter,syndicalist,overlay_arg_1_match,overlay_subject_check_s00,2.38,low_gap,supplemental_v2_bad_verbs,., the,-5.067156791687012,-5.317156791687012,0.25,1
v2|low|causative|overlay_subject_check_s00_syndicalist|bad|meander|2428,low,causative,bad,meander,syndicalist,overlay_arg_1_match,overlay_subject_check_s00,2.69,tail,supplemental_v2_bad_verbs,., the,-5.636305332183838,-3.323805332183838,-2.3125,0
v2|low|causative|overlay_subject_check_s00_syndicalist|bad|perspire|2431,low,causative,bad,perspire,syndicalist,overlay_arg_1_match,overlay_subject_check_s00,2.0,xtail,supplemental_v2_bad_verbs,., the,-2.687464952468872,-5.874964714050293,3.187499761581421,1
v2|low|causative|overlay_subject_check_s00_syndicalist|bad|prattle|2432,low,causative,bad,prattle,syndicalist,overlay_arg_1_match,overlay_subject_check_s00,2.18,xtail,supplemental_v2_bad_verbs,., the,-5.8764753341674805,-5.7514753341674805,-0.125,0
v2|low|causative|overlay_subject_check_s00_syndicalist|bad|recline|2434,low,causative,bad,recline,syndicalist,overlay_arg_1_match,overlay_subject_check_s00,2.51,tail,supplemental_v2_bad_verbs,., the,-5.013838768005371,-4.013838768005371,-1.0,0
v2|low|causative|overlay_subject_check_s00_syndicalist|bad|retaliate|2435,low,causative,bad,retaliate,syndicalist,overlay_arg_1_match,overlay_subject_check_s00,3.0999999046325684,tail,freqblimp_curated,., the,-3.035867214202881,-5.223367214202881,2.1875,1
v2|low|causative|overlay_subject_check_s00_syndicalist|bad|saunter|2436,low,causative,bad,saunter,syndicalist,overlay_arg_1_match,overlay_subject_check_s00,2.23,low_gap,supplemental_v2_bad_verbs,., the,-7.005764007568359,-4.568264007568359,-2.4375,0
v2|low|causative|overlay_subject_check_s00_syndicalist|bad|shiver|2437,low,causative,bad,shiver,syndicalist,overlay_arg_1_match,overlay_subject_check_s00,3.05,tail,supplemental_v2_bad_verbs,., the,-2.820096492767334,-4.570096492767334,1.75,1
v2|low|causative|overlay_subject_check_s00_syndicalist|bad|snore|2438,low,causative,bad,snore,syndicalist,overlay_arg_1_match,overlay_subject_check_s00,2.76,tail,supplemental_v2_bad_verbs,., the,-2.042452096939087,-5.167451858520508,3.124999761581421,1
v2|low|causative|overlay_subject_check_s00_syndicalist|bad|tremble|2440,low,causative,bad,tremble,syndicalist,overlay_arg_1_match,overlay_subject_check_s00,3.04,tail,supplemental_v2_bad_verbs,., the,-2.5556976795196533,-5.868197441101074,3.312499761581421,1
v2|low|causative|overlay_subject_check_s00_syndicalist|bad|wail|2442,low,causative,bad,wail,syndicalist,overlay_arg_1_match,overlay_subject_check_s00,2.9,tail,supplemental_v2_bad_verbs,., the,-4.3982462882995605,-4.0232462882995605,-0.375,0
v2|low|causative|overlay_subject_check_s00_syndicalist|bad|yawn|2443,low,causative,bad,yawn,syndicalist,overlay_arg_1_match,overlay_subject_check_s00,3.069999933242798,tail,freqblimp_curated,., the,-2.599224090576172,-5.849224090576172,3.25,1
v2|low|causative|overlay_subject_check_s02_synonymist|bad|abscond|2480,low,causative,bad,abscond,synonymist,overlay_arg_1_match,overlay_subject_check_s02,2.07,xtail,supplemental_v2_bad_verbs,., the,-2.9623873233795166,-3.2748873233795166,0.3125,1
v2|low|causative|overlay_subject_check_s02_synonymist|bad|amble|2482,low,causative,bad,amble,synonymist,overlay_arg_1_match,overlay_subject_check_s02,2.3,low_gap,supplemental_v2_bad_verbs,., the,-6.758119106292725,-4.945619106292725,-1.8125,0
v2|low|causative|overlay_subject_check_s02_synonymist|bad|bicker|2483,low,causative,bad,bicker,synonymist,overlay_arg_1_match,overlay_subject_check_s02,2.56,tail,supplemental_v2_bad_verbs,., the,-4.232884407043457,-6.795384407043457,2.5625,1
v2|low|causative|overlay_subject_check_s02_synonymist|bad|capitulate|2485,low,causative,bad,capitulate,synonymist,overlay_arg_1_match,overlay_subject_check_s02,2.5,tail,supplemental_v2_bad_verbs,., the,-2.2850494384765625,-4.5975494384765625,2.3125,1
v2|low|causative|overlay_subject_check_s02_synonymist|bad|cower|2487,low,causative,bad,cower,synonymist,overlay_arg_1_match,overlay_subject_check_s02,2.55,tail,supplemental_v2_bad_verbs,., the,-3.0268990993499756,-5.589399337768555,2.562500238418579,1
v2|low|causative|overlay_subject_check_s02_synonymist|bad|dither|2490,low,causative,bad,dither,synonymist,overlay_arg_1_match,overlay_subject_check_s02,2.11,xtail,supplemental_v2_bad_verbs,., the,-3.494609832763672,-4.744609832763672,1.25,1
v2|low|causative|overlay_subject_check_s02_synonymist|bad|flirt|2491,low,causative,bad,flirt,synonymist,overlay_arg_1_match,overlay_subject_check_s02,2.8399999141693115,tail,freqblimp_curated,., the,-5.784274101257324,-6.596774101257324,0.8125,1
v2|low|causative|overlay_subject_check_s02_synonymist|bad|frolic|2492,low,causative,bad,frolic,synonymist,overlay_arg_1_match,overlay_subject_check_s02,2.68,tail,supplemental_v2_bad_verbs,., the,-4.794795989990234,-4.294795989990234,-0.5,0
v2|low|causative|overlay_subject_check_s02_synonymist|bad|grimace|2494,low,causative,bad,grimace,synonymist,overlay_arg_1_match,overlay_subject_check_s02,2.61,tail,supplemental_v2_bad_verbs,., the,-2.5884885787963867,-6.400988578796387,3.8125,1
v2|low|causative|overlay_subject_check_s02_synonymist|bad|hibernate|2496,low,causative,bad,hibernate,synonymist,overlay_arg_1_match,overlay_subject_check_s02,2.7,tail,supplemental_v2_bad_verbs,., the,-2.8582422733306885,-2.4832422733306885,-0.375,0
v2|low|causative|overlay_subject_check_s02_synonymist|bad|hobble|2498,low,causative,bad,hobble,synonymist,overlay_arg_1_match,overlay_subject_check_s02,2.41,tail,supplemental_v2_bad_verbs,., the,-6.284296989440918,-1.659297227859497,-4.625,0
v2|low|causative|overlay_subject_check_s02_synonymist|bad|loiter|2499,low,causative,bad,loiter,synonymist,overlay_arg_1_match,overlay_subject_check_s02,2.38,low_gap,supplemental_v2_bad_verbs,., the,-4.85959529876709,-6.17209529876709,1.3125,1
v2|low|causative|overlay_subject_check_s02_synonymist|bad|meander|2500,low,causative,bad,meander,synonymist,overlay_arg_1_match,overlay_subject_check_s02,2.69,tail,supplemental_v2_bad_verbs,., the,-4.951394081115723,-3.7013940811157227,-1.25,0
v2|low|causative|overlay_subject_check_s02_synonymist|bad|perspire|2503,low,causative,bad,perspire,synonymist,overlay_arg_1_match,overlay_subject_check_s02,2.0,xtail,supplemental_v2_bad_verbs,., the,-2.48140287399292,-5.29390287399292,2.8125,1
v2|low|causative|overlay_subject_check_s02_synonymist|bad|prattle|2504,low,causative,bad,prattle,synonymist,overlay_arg_1_match,overlay_subject_check_s02,2.18,xtail,supplemental_v2_bad_verbs,., the,-6.199112892150879,-6.199112892150879,0.0,0
v2|low|causative|overlay_subject_check_s02_synonymist|bad|recline|2506,low,causative,bad,recline,synonymist,overlay_arg_1_match,overlay_subject_check_s02,2.51,tail,supplemental_v2_bad_verbs,., the,-4.560572147369385,-3.1855721473693848,-1.375,0
v2|low|causative|overlay_subject_check_s02_synonymist|bad|retaliate|2507,low,causative,bad,retaliate,synonymist,overlay_arg_1_match,overlay_subject_check_s02,3.0999999046325684,tail,freqblimp_curated,., the,-2.9241552352905273,-5.924155235290527,3.0,1
v2|low|causative|overlay_subject_check_s02_synonymist|bad|saunter|2508,low,causative,bad,saunter,synonymist,overlay_arg_1_match,overlay_subject_check_s02,2.23,low_gap,supplemental_v2_bad_verbs,., the,-6.848786354064941,-5.098786354064941,-1.75,0
v2|low|causative|overlay_subject_check_s02_synonymist|bad|shiver|2509,low,causative,bad,shiver,synonymist,overlay_arg_1_match,overlay_subject_check_s02,3.05,tail,supplemental_v2_bad_verbs,., the,-2.5118916034698486,-5.1993913650512695,2.687499761581421,1
v2|low|causative|overlay_subject_check_s02_synonymist|bad|snore|2510,low,causative,bad,snore,synonymist,overlay_arg_1_match,overlay_subject_check_s02,2.76,tail,supplemental_v2_bad_verbs,., the,-1.7738491296768188,-5.336349010467529,3.5625,1
v2|low|causative|overlay_subject_check_s02_synonymist|bad|tremble|2512,low,causative,bad,tremble,synonymist,overlay_arg_1_match,overlay_subject_check_s02,3.04,tail,supplemental_v2_bad_verbs,., the,-2.2982561588287354,-6.485755920410156,4.1875,1
v2|low|causative|overlay_subject_check_s02_synonymist|bad|wail|2514,low,causative,bad,wail,synonymist,overlay_arg_1_match,overlay_subject_check_s02,2.9,tail,supplemental_v2_bad_verbs,., the,-4.3655500411987305,-4.7405500411987305,0.375,1
v2|low|causative|overlay_subject_check_s02_synonymist|bad|yawn|2515,low,causative,bad,yawn,synonymist,overlay_arg_1_match,overlay_subject_check_s02,3.069999933242798,tail,freqblimp_curated,., the,-2.342069387435913,-6.467069625854492,4.125,1
v2|low|causative|overlay_subject_check_s03_syntactician|bad|abscond|2516,low,causative,bad,abscond,syntactician,overlay_arg_1_match,overlay_subject_check_s03,2.07,xtail,supplemental_v2_bad_verbs,., the,-3.7695178985595703,-2.3945178985595703,-1.375,0
v2|low|causative|overlay_subject_check_s03_syntactician|bad|amble|2518,low,causative,bad,amble,syntactician,overlay_arg_1_match,overlay_subject_check_s03,2.3,low_gap,supplemental_v2_bad_verbs,., the,-6.550448417663574,-3.300448179244995,-3.250000238418579,0
v2|low|causative|overlay_subject_check_s03_syntactician|bad|bicker|2519,low,causative,bad,bicker,syntactician,overlay_arg_1_match,overlay_subject_check_s03,2.56,tail,supplemental_v2_bad_verbs,., the,-4.68534517288208,-6.24784517288208,1.5625,1
v2|low|causative|overlay_subject_check_s03_syntactician|bad|capitulate|2521,low,causative,bad,capitulate,syntactician,overlay_arg_1_match,overlay_subject_check_s03,2.5,tail,supplemental_v2_bad_verbs,., the,-2.6731176376342773,-3.7981176376342773,1.125,1
v2|low|causative|overlay_subject_check_s03_syntactician|bad|cower|2523,low,causative,bad,cower,syntactician,overlay_arg_1_match,overlay_subject_check_s03,2.55,tail,supplemental_v2_bad_verbs,., the,-3.3477115631103516,-5.035211563110352,1.6875,1
v2|low|causative|overlay_subject_check_s03_syntactician|bad|dither|2526,low,causative,bad,dither,syntactician,overlay_arg_1_match,overlay_subject_check_s03,2.11,xtail,supplemental_v2_bad_verbs,., the,-4.023495197296143,-3.0234951972961426,-1.0,0
v2|low|causative|overlay_subject_check_s03_syntactician|bad|flirt|2527,low,causative,bad,flirt,syntactician,overlay_arg_1_match,overlay_subject_check_s03,2.8399999141693115,tail,freqblimp_curated,., the,-5.690240383148193,-5.190240383148193,-0.5,0
v2|low|causative|overlay_subject_check_s03_syntactician|bad|frolic|2528,low,causative,bad,frolic,syntactician,overlay_arg_1_match,overlay_subject_check_s03,2.68,tail,supplemental_v2_bad_verbs,., the,-4.577208518981934,-3.3897085189819336,-1.1875,0
v2|low|causative|overlay_subject_check_s03_syntactician|bad|grimace|2530,low,causative,bad,grimace,syntactician,overlay_arg_1_match,overlay_subject_check_s03,2.61,tail,supplemental_v2_bad_verbs,., the,-2.9078383445739746,-5.345338344573975,2.4375,1
v2|low|causative|overlay_subject_check_s03_syntactician|bad|hibernate|2532,low,causative,bad,hibernate,syntactician,overlay_arg_1_match,overlay_subject_check_s03,2.7,tail,supplemental_v2_bad_verbs,., the,-3.5916709899902344,-1.1541709899902344,-2.4375,0
v2|low|causative|overlay_subject_check_s03_syntactician|bad|hobble|2534,low,causative,bad,hobble,syntactician,overlay_arg_1_match,overlay_subject_check_s03,2.41,tail,supplemental_v2_bad_verbs,., the,-7.290925979614258,-1.228426218032837,-6.0625,0
v2|low|causative|overlay_subject_check_s03_syntactician|bad|loiter|2535,low,causative,bad,loiter,syntactician,overlay_arg_1_match,overlay_subject_check_s03,2.38,low_gap,supplemental_v2_bad_verbs,., the,-4.80212926864624,-5.48962926864624,0.6875,1
v2|low|causative|overlay_subject_check_s03_syntactician|bad|meander|2536,low,causative,bad,meander,syntactician,overlay_arg_1_match,overlay_subject_check_s03,2.69,tail,supplemental_v2_bad_verbs,., the,-5.5949015617370605,-2.4699015617370605,-3.125,0
v2|low|causative|overlay_subject_check_s03_syntactician|bad|perspire|2539,low,causative,bad,perspire,syntactician,overlay_arg_1_match,overlay_subject_check_s03,2.0,xtail,supplemental_v2_bad_verbs,., the,-2.393289089202881,-5.205789089202881,2.8125,1
v2|low|causative|overlay_subject_check_s03_syntactician|bad|prattle|2540,low,causative,bad,prattle,syntactician,overlay_arg_1_match,overlay_subject_check_s03,2.18,xtail,supplemental_v2_bad_verbs,., the,-5.516414642333984,-4.828914642333984,-0.6875,0
v2|low|causative|overlay_subject_check_s03_syntactician|bad|recline|2542,low,causative,bad,recline,syntactician,overlay_arg_1_match,overlay_subject_check_s03,2.51,tail,supplemental_v2_bad_verbs,., the,-4.933981895446777,-1.5589818954467773,-3.375,0
v2|low|causative|overlay_subject_check_s03_syntactician|bad|retaliate|2543,low,causative,bad,retaliate,syntactician,overlay_arg_1_match,overlay_subject_check_s03,3.0999999046325684,tail,freqblimp_curated,., the,-3.431835889816284,-4.869336128234863,1.437500238418579,1
v2|low|causative|overlay_subject_check_s03_syntactician|bad|saunter|2544,low,causative,bad,saunter,syntactician,overlay_arg_1_match,overlay_subject_check_s03,2.23,low_gap,supplemental_v2_bad_verbs,., the,-6.373071670532227,-4.185571670532227,-2.1875,0
v2|low|causative|overlay_subject_check_s03_syntactician|bad|shiver|2545,low,causative,bad,shiver,syntactician,overlay_arg_1_match,overlay_subject_check_s03,3.05,tail,supplemental_v2_bad_verbs,., the,-3.0276694297790527,-3.8401694297790527,0.8125,1
v2|low|causative|overlay_subject_check_s03_syntactician|bad|snore|2546,low,causative,bad,snore,syntactician,overlay_arg_1_match,overlay_subject_check_s03,2.76,tail,supplemental_v2_bad_verbs,., the,-1.4492974281311035,-5.3242974281311035,3.875,1
v2|low|causative|overlay_subject_check_s03_syntactician|bad|tremble|2548,low,causative,bad,tremble,syntactician,overlay_arg_1_match,overlay_subject_check_s03,3.04,tail,supplemental_v2_bad_verbs,., the,-2.6622695922851562,-5.724769592285156,3.0625,1
v2|low|causative|overlay_subject_check_s03_syntactician|bad|wail|2550,low,causative,bad,wail,syntactician,overlay_arg_1_match,overlay_subject_check_s03,2.9,tail,supplemental_v2_bad_verbs,., the,-4.04676628112793,-4.42176628112793,0.375,1
v2|low|causative|overlay_subject_check_s03_syntactician|bad|yawn|2551,low,causative,bad,yawn,syntactician,overlay_arg_1_match,overlay_subject_check_s03,3.069999933242798,tail,freqblimp_curated,., the,-2.405336856842041,-5.342836856842041,2.9375,1
v2|low|causative|overlay_subject_trial_s00_chiseller|bad|abscond|2696,low,causative,bad,abscond,chiseller,overlay_arg_1_match,overlay_subject_trial_s00,2.07,xtail,supplemental_v2_bad_verbs,., the,-3.1761584281921387,-3.7386584281921387,0.5625,1
v2|low|causative|overlay_subject_trial_s00_chiseller|bad|amble|2698,low,causative,bad,amble,chiseller,overlay_arg_1_match,overlay_subject_trial_s00,2.3,low_gap,supplemental_v2_bad_verbs,., the,-6.930515766143799,-4.993015766143799,-1.9375,0
v2|low|causative|overlay_subject_trial_s00_chiseller|bad|bicker|2699,low,causative,bad,bicker,chiseller,overlay_arg_1_match,overlay_subject_trial_s00,2.56,tail,supplemental_v2_bad_verbs,., the,-4.952092170715332,-6.389592170715332,1.4375,1
v2|low|causative|overlay_subject_trial_s00_chiseller|bad|capitulate|2701,low,causative,bad,capitulate,chiseller,overlay_arg_1_match,overlay_subject_trial_s00,2.5,tail,supplemental_v2_bad_verbs,., the,-2.931403875350952,-3.681403875350952,0.75,1
v2|low|causative|overlay_subject_trial_s00_chiseller|bad|cower|2703,low,causative,bad,cower,chiseller,overlay_arg_1_match,overlay_subject_trial_s00,2.55,tail,supplemental_v2_bad_verbs,., the,-4.134079933166504,-4.384079933166504,0.25,1
v2|low|causative|overlay_subject_trial_s00_chiseller|bad|dither|2706,low,causative,bad,dither,chiseller,overlay_arg_1_match,overlay_subject_trial_s00,2.11,xtail,supplemental_v2_bad_verbs,., the,-3.655815362930298,-5.155815124511719,1.499999761581421,1
v2|low|causative|overlay_subject_trial_s00_chiseller|bad|flirt|2707,low,causative,bad,flirt,chiseller,overlay_arg_1_match,overlay_subject_trial_s00,2.8399999141693115,tail,freqblimp_curated,., the,-5.3110032081604,-5.5610032081604,0.25,1
v2|low|causative|overlay_subject_trial_s00_chiseller|bad|frolic|2708,low,causative,bad,frolic,chiseller,overlay_arg_1_match,overlay_subject_trial_s00,2.68,tail,supplemental_v2_bad_verbs,., the,-4.909832000732422,-4.159832000732422,-0.75,0
v2|low|causative|overlay_subject_trial_s00_chiseller|bad|grimace|2710,low,causative,bad,grimace,chiseller,overlay_arg_1_match,overlay_subject_trial_s00,2.61,tail,supplemental_v2_bad_verbs,., the,-3.5480997562408447,-5.173099517822266,1.624999761581421,1
v2|low|causative|overlay_subject_trial_s00_chiseller|bad|hibernate|2712,low,causative,bad,hibernate,chiseller,overlay_arg_1_match,overlay_subject_trial_s00,2.7,tail,supplemental_v2_bad_verbs,., the,-3.3903274536132812,-3.2028274536132812,-0.1875,0
v2|low|causative|overlay_subject_trial_s00_chiseller|bad|hobble|2714,low,causative,bad,hobble,chiseller,overlay_arg_1_match,overlay_subject_trial_s00,2.41,tail,supplemental_v2_bad_verbs,., the,-5.740849018096924,-1.8658491373062134,-3.875,0
v2|low|causative|overlay_subject_trial_s00_chiseller|bad|loiter|2715,low,causative,bad,loiter,chiseller,overlay_arg_1_match,overlay_subject_trial_s00,2.38,low_gap,supplemental_v2_bad_verbs,., the,-5.774100303649902,-5.274100303649902,-0.5,0
v2|low|causative|overlay_subject_trial_s00_chiseller|bad|meander|2716,low,causative,bad,meander,chiseller,overlay_arg_1_match,overlay_subject_trial_s00,2.69,tail,supplemental_v2_bad_verbs,., the,-5.411517143249512,-3.0990171432495117,-2.3125,0
v2|low|causative|overlay_subject_trial_s00_chiseller|bad|perspire|2719,low,causative,bad,perspire,chiseller,overlay_arg_1_match,overlay_subject_trial_s00,2.0,xtail,supplemental_v2_bad_verbs,., the,-3.349248170852661,-4.661747932434082,1.312499761581421,1
v2|low|causative|overlay_subject_trial_s00_chiseller|bad|prattle|2720,low,causative,bad,prattle,chiseller,overlay_arg_1_match,overlay_subject_trial_s00,2.18,xtail,supplemental_v2_bad_verbs,., the,-5.501708030700684,-5.064208030700684,-0.4375,0
v2|low|causative|overlay_subject_trial_s00_chiseller|bad|recline|2722,low,causative,bad,recline,chiseller,overlay_arg_1_match,overlay_subject_trial_s00,2.51,tail,supplemental_v2_bad_verbs,., the,-5.1113996505737305,-2.8613994121551514,-2.250000238418579,0
v2|low|causative|overlay_subject_trial_s00_chiseller|bad|retaliate|2723,low,causative,bad,retaliate,chiseller,overlay_arg_1_match,overlay_subject_trial_s00,3.0999999046325684,tail,freqblimp_curated,., the,-3.7233810424804688,-5.160881042480469,1.4375,1
v2|low|causative|overlay_subject_trial_s00_chiseller|bad|saunter|2724,low,causative,bad,saunter,chiseller,overlay_arg_1_match,overlay_subject_trial_s00,2.23,low_gap,supplemental_v2_bad_verbs,., the,-6.474644660949707,-4.412144660949707,-2.0625,0
v2|low|causative|overlay_subject_trial_s00_chiseller|bad|shiver|2725,low,causative,bad,shiver,chiseller,overlay_arg_1_match,overlay_subject_trial_s00,3.05,tail,supplemental_v2_bad_verbs,., the,-3.2536120414733887,-3.5036120414733887,0.25,1
v2|low|causative|overlay_subject_trial_s00_chiseller|bad|snore|2726,low,causative,bad,snore,chiseller,overlay_arg_1_match,overlay_subject_trial_s00,2.76,tail,supplemental_v2_bad_verbs,., the,-2.360002040863037,-4.860002040863037,2.5,1
v2|low|causative|overlay_subject_trial_s00_chiseller|bad|tremble|2728,low,causative,bad,tremble,chiseller,overlay_arg_1_match,overlay_subject_trial_s00,3.04,tail,supplemental_v2_bad_verbs,., the,-3.3228673934936523,-5.447867393493652,2.125,1
v2|low|causative|overlay_subject_trial_s00_chiseller|bad|wail|2730,low,causative,bad,wail,chiseller,overlay_arg_1_match,overlay_subject_trial_s00,2.9,tail,supplemental_v2_bad_verbs,., the,-4.094181060791016,-3.9691810607910156,-0.125,0
v2|low|causative|overlay_subject_trial_s00_chiseller|bad|yawn|2731,low,causative,bad,yawn,chiseller,overlay_arg_1_match,overlay_subject_trial_s00,3.069999933242798,tail,freqblimp_curated,., the,-2.843125820159912,-5.030625820159912,2.1875,1
v2|low|causative|overlay_subject_trial_s02_choirmaster|bad|abscond|2768,low,causative,bad,abscond,choirmaster,overlay_arg_1_match,overlay_subject_trial_s02,2.07,xtail,supplemental_v2_bad_verbs,., the,-3.1041815280914307,-3.1666815280914307,0.0625,1
v2|low|causative|overlay_subject_trial_s02_choirmaster|bad|amble|2770,low,causative,bad,amble,choirmaster,overlay_arg_1_match,overlay_subject_trial_s02,2.3,low_gap,supplemental_v2_bad_verbs,., the,-6.846808433532715,-4.159308433532715,-2.6875,0
v2|low|causative|overlay_subject_trial_s02_choirmaster|bad|bicker|2771,low,causative,bad,bicker,choirmaster,overlay_arg_1_match,overlay_subject_trial_s02,2.56,tail,supplemental_v2_bad_verbs,., the,-4.812096118927002,-6.187096118927002,1.375,1
v2|low|causative|overlay_subject_trial_s02_choirmaster|bad|capitulate|2773,low,causative,bad,capitulate,choirmaster,overlay_arg_1_match,overlay_subject_trial_s02,2.5,tail,supplemental_v2_bad_verbs,., the,-3.087702751159668,-3.275202751159668,0.1875,1
v2|low|causative|overlay_subject_trial_s02_choirmaster|bad|cower|2775,low,causative,bad,cower,choirmaster,overlay_arg_1_match,overlay_subject_trial_s02,2.55,tail,supplemental_v2_bad_verbs,., the,-3.780482053756714,-4.467982292175293,0.6875002384185791,1
v2|low|causative|overlay_subject_trial_s02_choirmaster|bad|dither|2778,low,causative,bad,dither,choirmaster,overlay_arg_1_match,overlay_subject_trial_s02,2.11,xtail,supplemental_v2_bad_verbs,., the,-3.3672280311584473,-4.804728031158447,1.4375,1
v2|low|causative|overlay_subject_trial_s02_choirmaster|bad|flirt|2779,low,causative,bad,flirt,choirmaster,overlay_arg_1_match,overlay_subject_trial_s02,2.8399999141693115,tail,freqblimp_curated,., the,-5.1601738929748535,-5.9101738929748535,0.75,1
v2|low|causative|overlay_subject_trial_s02_choirmaster|bad|frolic|2780,low,causative,bad,frolic,choirmaster,overlay_arg_1_match,overlay_subject_trial_s02,2.68,tail,supplemental_v2_bad_verbs,., the,-4.515190124511719,-3.9526898860931396,-0.5625002384185791,0
v2|low|causative|overlay_subject_trial_s02_choirmaster|bad|grimace|2782,low,causative,bad,grimace,choirmaster,overlay_arg_1_match,overlay_subject_trial_s02,2.61,tail,supplemental_v2_bad_verbs,., the,-2.9817867279052734,-5.794286727905273,2.8125,1
v2|low|causative|overlay_subject_trial_s02_choirmaster|bad|hibernate|2784,low,causative,bad,hibernate,choirmaster,overlay_arg_1_match,overlay_subject_trial_s02,2.7,tail,supplemental_v2_bad_verbs,., the,-2.705091953277588,-2.892591953277588,0.1875,1
v2|low|causative|overlay_subject_trial_s02_choirmaster|bad|hobble|2786,low,causative,bad,hobble,choirmaster,overlay_arg_1_match,overlay_subject_trial_s02,2.41,tail,supplemental_v2_bad_verbs,., the,-6.657172203063965,-1.0946719646453857,-5.5625,0
v2|low|causative|overlay_subject_trial_s02_choirmaster|bad|loiter|2787,low,causative,bad,loiter,choirmaster,overlay_arg_1_match,overlay_subject_trial_s02,2.38,low_gap,supplemental_v2_bad_verbs,., the,-5.505989074707031,-6.193489074707031,0.6875,1
v2|low|causative|overlay_subject_trial_s02_choirmaster|bad|meander|2788,low,causative,bad,meander,choirmaster,overlay_arg_1_match,overlay_subject_trial_s02,2.69,tail,supplemental_v2_bad_verbs,., the,-5.153659343719482,-2.7786593437194824,-2.375,0
v2|low|causative|overlay_subject_trial_s02_choirmaster|bad|perspire|2791,low,causative,bad,perspire,choirmaster,overlay_arg_1_match,overlay_subject_trial_s02,2.0,xtail,supplemental_v2_bad_verbs,., the,-2.906576156616211,-4.531576156616211,1.625,1
v2|low|causative|overlay_subject_trial_s02_choirmaster|bad|prattle|2792,low,causative,bad,prattle,choirmaster,overlay_arg_1_match,overlay_subject_trial_s02,2.18,xtail,supplemental_v2_bad_verbs,., the,-6.258921146392822,-5.321421146392822,-0.9375,0
v2|low|causative|overlay_subject_trial_s02_choirmaster|bad|recline|2794,low,causative,bad,recline,choirmaster,overlay_arg_1_match,overlay_subject_trial_s02,2.51,tail,supplemental_v2_bad_verbs,., the,-4.441550254821777,-1.8790504932403564,-2.562499761581421,0
v2|low|causative|overlay_subject_trial_s02_choirmaster|bad|retaliate|2795,low,causative,bad,retaliate,choirmaster,overlay_arg_1_match,overlay_subject_trial_s02,3.0999999046325684,tail,freqblimp_curated,., the,-3.3029770851135254,-4.302977085113525,1.0,1
v2|low|causative|overlay_subject_trial_s02_choirmaster|bad|saunter|2796,low,causative,bad,saunter,choirmaster,overlay_arg_1_match,overlay_subject_trial_s02,2.23,low_gap,supplemental_v2_bad_verbs,., the,-6.213265895843506,-4.150765895843506,-2.0625,0
v2|low|causative|overlay_subject_trial_s02_choirmaster|bad|shiver|2797,low,causative,bad,shiver,choirmaster,overlay_arg_1_match,overlay_subject_trial_s02,3.05,tail,supplemental_v2_bad_verbs,., the,-3.4405264854431152,-2.6905264854431152,-0.75,0
v2|low|causative|overlay_subject_trial_s02_choirmaster|bad|snore|2798,low,causative,bad,snore,choirmaster,overlay_arg_1_match,overlay_subject_trial_s02,2.76,tail,supplemental_v2_bad_verbs,., the,-1.975486397743225,-5.1004862785339355,3.125,1
v2|low|causative|overlay_subject_trial_s02_choirmaster|bad|tremble|2800,low,causative,bad,tremble,choirmaster,overlay_arg_1_match,overlay_subject_trial_s02,3.04,tail,supplemental_v2_bad_verbs,., the,-3.0628621578216553,-5.437862396240234,2.375000238418579,1
v2|low|causative|overlay_subject_trial_s02_choirmaster|bad|wail|2802,low,causative,bad,wail,choirmaster,overlay_arg_1_match,overlay_subject_trial_s02,2.9,tail,supplemental_v2_bad_verbs,., the,-3.9190447330474854,-2.6690447330474854,-1.25,0
v2|low|causative|overlay_subject_trial_s02_choirmaster|bad|yawn|2803,low,causative,bad,yawn,choirmaster,overlay_arg_1_match,overlay_subject_trial_s02,3.069999933242798,tail,freqblimp_curated,., the,-2.6179380416870117,-5.055438041687012,2.4375,1
v2|low|causative|overlay_subject_visit_s02_scenarist|good|blacken|2998,low,causative,good,blacken,scenarist,overlay_arg_1_match,overlay_subject_visit_s02,2.25,low_gap,freqblimp_curated, the,.,-1.2225242853164673,-6.472524166107178,5.25,1
v2|low|causative|overlay_subject_visit_s02_scenarist|good|brighten|2999,low,causative,good,brighten,scenarist,overlay_arg_1_match,overlay_subject_visit_s02,2.5999999046325684,tail,freqblimp_curated, the,.,-2.1773509979248047,-4.052350997924805,1.875,1
v2|low|causative|overlay_subject_visit_s02_scenarist|good|condense|3002,low,causative,good,condense,scenarist,overlay_arg_1_match,overlay_subject_visit_s02,2.7100000381469727,tail,freqblimp_curated, the,.,-0.6543431282043457,-8.810592651367188,8.15625,1
v2|low|causative|overlay_subject_visit_s02_scenarist|good|darken|3004,low,causative,good,darken,scenarist,overlay_arg_1_match,overlay_subject_visit_s02,2.880000114440918,tail,freqblimp_curated, the,.,-0.46335700154304504,-6.088356971740723,5.625,1
v2|low|causative|overlay_subject_visit_s02_scenarist|good|evaporate|3007,low,causative,good,evaporate,scenarist,overlay_arg_1_match,overlay_subject_visit_s02,3.009999990463257,tail,freqblimp_curated, the,.,-3.4200985431671143,-2.1075985431671143,-1.3125,0
v2|low|causative|overlay_subject_visit_s02_scenarist|good|flatten|3008,low,causative,good,flatten,scenarist,overlay_arg_1_match,overlay_subject_visit_s02,2.9800000190734863,tail,freqblimp_curated, the,.,-0.9805310964584351,-7.605531215667725,6.625,1
v2|low|causative|overlay_subject_visit_s02_scenarist|good|fray|3009,low,causative,good,fray,scenarist,overlay_arg_1_match,overlay_subject_visit_s02,1.7000000476837158,xtail,freqblimp_curated, the,.,-1.9190871715545654,-5.2940874099731445,3.375000238418579,1
v2|low|causative|overlay_subject_visit_s02_scenarist|good|loosen|3011,low,causative,good,loosen,scenarist,overlay_arg_1_match,overlay_subject_visit_s02,2.4200000762939453,tail,freqblimp_curated, the,.,-1.0757743120193481,-7.700774192810059,6.625,1
v2|low|causative|overlay_subject_visit_s02_scenarist|good|scorch|3012,low,causative,good,scorch,scenarist,overlay_arg_1_match,overlay_subject_visit_s02,2.7300000190734863,tail,freqblimp_curated, the,.,-0.939404308795929,-6.814404487609863,5.875,1
v2|low|causative|overlay_subject_visit_s02_scenarist|good|shatter|3013,low,causative,good,shatter,scenarist,overlay_arg_1_match,overlay_subject_visit_s02,2.799999952316284,tail,freqblimp_curated, the,.,-0.8715488910675049,-6.309048652648926,5.4375,1
v2|low|causative|overlay_subject_visit_s02_scenarist|good|solidify|3016,low,causative,good,solidify,scenarist,overlay_arg_1_match,overlay_subject_visit_s02,2.990000009536743,tail,freqblimp_curated, the,.,-0.9159986972808838,-8.822248458862305,7.90625,1
v2|low|causative|overlay_subject_visit_s02_scenarist|good|tighten|3017,low,causative,good,tighten,scenarist,overlay_arg_1_match,overlay_subject_visit_s02,2.700000047683716,tail,freqblimp_curated, the,.,-0.904575526714325,-8.40457534790039,7.5,1
v2|low|causative|overlay_subject_visit_s02_scenarist|good|vaporize|3019,low,causative,good,vaporize,scenarist,overlay_arg_1_match,overlay_subject_visit_s02,2.4700000286102295,tail,freqblimp_curated, the,.,-1.5986062288284302,-3.2236061096191406,1.6249998807907104,1
v2|low|causative|overlay_subject_visit_s02_scenarist|good|wrinkle|3021,low,causative,good,wrinkle,scenarist,overlay_arg_1_match,overlay_subject_visit_s02,3.119999885559082,tail,freqblimp_curated, the,.,-2.5315752029418945,-5.4065752029418945,2.875,1
v2|low|causative|overlay_subject_visit_s03_sceneshifter|good|blacken|3024,low,causative,good,blacken,sceneshifter,overlay_arg_1_match,overlay_subject_visit_s03,2.25,low_gap,freqblimp_curated, the,.,-1.294372797012329,-5.04437255859375,3.749999761581421,1
v2|low|causative|overlay_subject_visit_s03_sceneshifter|good|brighten|3025,low,causative,good,brighten,sceneshifter,overlay_arg_1_match,overlay_subject_visit_s03,2.5999999046325684,tail,freqblimp_curated, the,.,-1.4990917444229126,-4.311591625213623,2.8125,1
v2|low|causative|overlay_subject_visit_s03_sceneshifter|good|condense|3028,low,causative,good,condense,sceneshifter,overlay_arg_1_match,overlay_subject_visit_s03,2.7100000381469727,tail,freqblimp_curated, the,.,-1.079148530960083,-6.704148292541504,5.625,1
v2|low|causative|overlay_subject_visit_s03_sceneshifter|good|darken|3030,low,causative,good,darken,sceneshifter,overlay_arg_1_match,overlay_subject_visit_s03,2.880000114440918,tail,freqblimp_curated, the,.,-0.9870393872261047,-3.98703932762146,3.0,1
v2|low|causative|overlay_subject_visit_s03_sceneshifter|good|evaporate|3033,low,causative,good,evaporate,sceneshifter,overlay_arg_1_match,overlay_subject_visit_s03,3.009999990463257,tail,freqblimp_curated, the,.,-5.339198589324951,-2.276698589324951,-3.0625,0
v2|low|causative|overlay_subject_visit_s03_sceneshifter|good|flatten|3034,low,causative,good,flatten,sceneshifter,overlay_arg_1_match,overlay_subject_visit_s03,2.9800000190734863,tail,freqblimp_curated, the,.,-1.1134670972824097,-6.175967216491699,5.0625,1
v2|low|causative|overlay_subject_visit_s03_sceneshifter|good|fray|3035,low,causative,good,fray,sceneshifter,overlay_arg_1_match,overlay_subject_visit_s03,1.7000000476837158,xtail,freqblimp_curated, the,.,-2.0281286239624023,-4.153128623962402,2.125,1
v2|low|causative|overlay_subject_visit_s03_sceneshifter|good|loosen|3037,low,causative,good,loosen,sceneshifter,overlay_arg_1_match,overlay_subject_visit_s03,2.4200000762939453,tail,freqblimp_curated, the,.,-1.0861866474151611,-7.023686408996582,5.9375,1
v2|low|causative|overlay_subject_visit_s03_sceneshifter|good|scorch|3038,low,causative,good,scorch,sceneshifter,overlay_arg_1_match,overlay_subject_visit_s03,2.7300000190734863,tail,freqblimp_curated, the,.,-1.0629042387008667,-7.062904357910156,6.0,1
v2|low|causative|overlay_subject_visit_s03_sceneshifter|good|shatter|3039,low,causative,good,shatter,sceneshifter,overlay_arg_1_match,overlay_subject_visit_s03,2.799999952316284,tail,freqblimp_curated, the,.,-0.963179349899292,-4.213179588317871,3.250000238418579,1
v2|low|causative|overlay_subject_visit_s03_sceneshifter|good|solidify|3042,low,causative,good,solidify,sceneshifter,overlay_arg_1_match,overlay_subject_visit_s03,2.990000009536743,tail,freqblimp_curated, the,.,-1.5352636575698853,-5.410263538360596,3.875,1
v2|low|causative|overlay_subject_visit_s03_sceneshifter|good|tighten|3043,low,causative,good,tighten,sceneshifter,overlay_arg_1_match,overlay_subject_visit_s03,2.700000047683716,tail,freqblimp_curated, the,.,-1.2448985576629639,-6.869898796081543,5.625,1
v2|low|causative|overlay_subject_visit_s03_sceneshifter|good|vaporize|3045,low,causative,good,vaporize,sceneshifter,overlay_arg_1_match,overlay_subject_visit_s03,2.4700000286102295,tail,freqblimp_curated, the,.,-1.0552815198898315,-3.992781639099121,2.9375,1
v2|low|causative|overlay_subject_visit_s03_sceneshifter|good|wrinkle|3047,low,causative,good,wrinkle,sceneshifter,overlay_arg_1_match,overlay_subject_visit_s03,3.119999885559082,tail,freqblimp_curated, the,.,-2.4241561889648438,-4.486656188964844,2.0625,1
v2|low|causative|overlay_subject_check_s00_syndicalist|good|blacken|3050,low,causative,good,blacken,syndicalist,overlay_arg_1_match,overlay_subject_check_s00,2.25,low_gap,freqblimp_curated, the,.,-0.9641083478927612,-7.339108467102051,6.375,1
v2|low|causative|overlay_subject_check_s00_syndicalist|good|brighten|3051,low,causative,good,brighten,syndicalist,overlay_arg_1_match,overlay_subject_check_s00,2.5999999046325684,tail,freqblimp_curated, the,.,-1.941541075706482,-4.5665411949157715,2.625,1
v2|low|causative|overlay_subject_check_s00_syndicalist|good|condense|3054,low,causative,good,condense,syndicalist,overlay_arg_1_match,overlay_subject_check_s00,2.7100000381469727,tail,freqblimp_curated, the,.,-0.9369639754295349,-7.93696403503418,7.0,1
v2|low|causative|overlay_subject_check_s00_syndicalist|good|darken|3056,low,causative,good,darken,syndicalist,overlay_arg_1_match,overlay_subject_check_s00,2.880000114440918,tail,freqblimp_curated, the,.,-0.8885830640792847,-5.763583183288574,4.875,1
v2|low|causative|overlay_subject_check_s00_syndicalist|good|evaporate|3059,low,causative,good,evaporate,syndicalist,overlay_arg_1_match,overlay_subject_check_s00,3.009999990463257,tail,freqblimp_curated, the,.,-2.5727005004882812,-2.4477005004882812,-0.125,0
v2|low|causative|overlay_subject_check_s00_syndicalist|good|flatten|3060,low,causative,good,flatten,syndicalist,overlay_arg_1_match,overlay_subject_check_s00,2.9800000190734863,tail,freqblimp_curated, the,.,-1.0338715314865112,-7.471371650695801,6.4375,1
v2|low|causative|overlay_subject_check_s00_syndicalist|good|fray|3061,low,causative,good,fray,syndicalist,overlay_arg_1_match,overlay_subject_check_s00,1.7000000476837158,xtail,freqblimp_curated, the,.,-1.594233751296997,-5.281733512878418,3.687499761581421,1
v2|low|causative|overlay_subject_check_s00_syndicalist|good|loosen|3063,low,causative,good,loosen,syndicalist,overlay_arg_1_match,overlay_subject_check_s00,2.4200000762939453,tail,freqblimp_curated, the,.,-1.154057264328003,-8.091557502746582,6.9375,1
v2|low|causative|overlay_subject_check_s00_syndicalist|good|scorch|3064,low,causative,good,scorch,syndicalist,overlay_arg_1_match,overlay_subject_check_s00,2.7300000190734863,tail,freqblimp_curated, the,.,-1.0162934064865112,-6.703793525695801,5.6875,1
v2|low|causative|overlay_subject_check_s00_syndicalist|good|shatter|3065,low,causative,good,shatter,syndicalist,overlay_arg_1_match,overlay_subject_check_s00,2.799999952316284,tail,freqblimp_curated, the,.,-0.8169436454772949,-6.566943645477295,5.75,1
v2|low|causative|overlay_subject_check_s00_syndicalist|good|solidify|3068,low,causative,good,solidify,syndicalist,overlay_arg_1_match,overlay_subject_check_s00,2.990000009536743,tail,freqblimp_curated, the,.,-1.3839255571365356,-6.758925437927246,5.375,1
v2|low|causative|overlay_subject_check_s00_syndicalist|good|tighten|3069,low,causative,good,tighten,syndicalist,overlay_arg_1_match,overlay_subject_check_s00,2.700000047683716,tail,freqblimp_curated, the,.,-1.0966246128082275,-7.284124374389648,6.1875,1
v2|low|causative|overlay_subject_check_s00_syndicalist|good|vaporize|3071,low,causative,good,vaporize,syndicalist,overlay_arg_1_match,overlay_subject_check_s00,2.4700000286102295,tail,freqblimp_curated, the,.,-1.0997731685638428,-5.349773406982422,4.25,1
v2|low|causative|overlay_subject_check_s00_syndicalist|good|wrinkle|3073,low,causative,good,wrinkle,syndicalist,overlay_arg_1_match,overlay_subject_check_s00,3.119999885559082,tail,freqblimp_curated, the,.,-2.5928854942321777,-6.967885494232178,4.375,1
v2|low|causative|overlay_subject_check_s02_synonymist|good|blacken|3102,low,causative,good,blacken,synonymist,overlay_arg_1_match,overlay_subject_check_s02,2.25,low_gap,freqblimp_curated, the,.,-0.789294421672821,-6.914294242858887,6.125,1
v2|low|causative|overlay_subject_check_s02_synonymist|good|brighten|3103,low,causative,good,brighten,synonymist,overlay_arg_1_match,overlay_subject_check_s02,2.5999999046325684,tail,freqblimp_curated, the,.,-1.2454380989074707,-5.370438098907471,4.125,1
v2|low|causative|overlay_subject_check_s02_synonymist|good|condense|3106,low,causative,good,condense,synonymist,overlay_arg_1_match,overlay_subject_check_s02,2.7100000381469727,tail,freqblimp_curated, the,.,-0.7215288877487183,-8.502779006958008,7.78125,1
v2|low|causative|overlay_subject_check_s02_synonymist|good|darken|3108,low,causative,good,darken,synonymist,overlay_arg_1_match,overlay_subject_check_s02,2.880000114440918,tail,freqblimp_curated, the,.,-0.6624494194984436,-5.537449359893799,4.875,1
v2|low|causative|overlay_subject_check_s02_synonymist|good|evaporate|3111,low,causative,good,evaporate,synonymist,overlay_arg_1_match,overlay_subject_check_s02,3.009999990463257,tail,freqblimp_curated, the,.,-2.0712826251983643,-2.5712826251983643,0.5,1
v2|low|causative|overlay_subject_check_s02_synonymist|good|flatten|3112,low,causative,good,flatten,synonymist,overlay_arg_1_match,overlay_subject_check_s02,2.9800000190734863,tail,freqblimp_curated, the,.,-0.8013691306114197,-7.8638691902160645,7.0625,1
v2|low|causative|overlay_subject_check_s02_synonymist|good|fray|3113,low,causative,good,fray,synonymist,overlay_arg_1_match,overlay_subject_check_s02,1.7000000476837158,xtail,freqblimp_curated, the,.,-1.1916481256484985,-5.379148006439209,4.1875,1
v2|low|causative|overlay_subject_check_s02_synonymist|good|loosen|3115,low,causative,good,loosen,synonymist,overlay_arg_1_match,overlay_subject_check_s02,2.4200000762939453,tail,freqblimp_curated, the,.,-0.7403308749198914,-8.396580696105957,7.65625,1
v2|low|causative|overlay_subject_check_s02_synonymist|good|scorch|3116,low,causative,good,scorch,synonymist,overlay_arg_1_match,overlay_subject_check_s02,2.7300000190734863,tail,freqblimp_curated, the,.,-1.0868314504623413,-5.649331569671631,4.5625,1
v2|low|causative|overlay_subject_check_s02_synonymist|good|shatter|3117,low,causative,good,shatter,synonymist,overlay_arg_1_match,overlay_subject_check_s02,2.799999952316284,tail,freqblimp_curated, the,.,-0.846060574054718,-6.283560752868652,5.4375,1
v2|low|causative|overlay_subject_check_s02_synonymist|good|solidify|3120,low,causative,good,solidify,synonymist,overlay_arg_1_match,overlay_subject_check_s02,2.990000009536743,tail,freqblimp_curated, the,.,-1.054019570350647,-7.679019451141357,6.625,1
v2|low|causative|overlay_subject_check_s02_synonymist|good|tighten|3121,low,causative,good,tighten,synonymist,overlay_arg_1_match,overlay_subject_check_s02,2.700000047683716,tail,freqblimp_curated, the,.,-0.9077591300010681,-7.407759189605713,6.5,1
v2|low|causative|overlay_subject_check_s02_synonymist|good|vaporize|3123,low,causative,good,vaporize,synonymist,overlay_arg_1_match,overlay_subject_check_s02,2.4700000286102295,tail,freqblimp_curated, the,.,-1.12894868850708,-5.50394868850708,4.375,1
v2|low|causative|overlay_subject_check_s02_synonymist|good|wrinkle|3125,low,causative,good,wrinkle,synonymist,overlay_arg_1_match,overlay_subject_check_s02,3.119999885559082,tail,freqblimp_curated, the,.,-2.348196506500244,-5.098196506500244,2.75,1
v2|low|causative|overlay_subject_check_s03_syntactician|good|blacken|3128,low,causative,good,blacken,syntactician,overlay_arg_1_match,overlay_subject_check_s03,2.25,low_gap,freqblimp_curated, the,.,-1.0094314813613892,-7.8844313621521,6.875,1
v2|low|causative|overlay_subject_check_s03_syntactician|good|brighten|3129,low,causative,good,brighten,syntactician,overlay_arg_1_match,overlay_subject_check_s03,2.5999999046325684,tail,freqblimp_curated, the,.,-0.8595136404037476,-7.859513759613037,7.0,1
v2|low|causative|overlay_subject_check_s03_syntactician|good|condense|3132,low,causative,good,condense,syntactician,overlay_arg_1_match,overlay_subject_check_s03,2.7100000381469727,tail,freqblimp_curated, the,.,-0.6798660755157471,-8.554865837097168,7.875,1
v2|low|causative|overlay_subject_check_s03_syntactician|good|darken|3134,low,causative,good,darken,syntactician,overlay_arg_1_match,overlay_subject_check_s03,2.880000114440918,tail,freqblimp_curated, the,.,-0.5418540835380554,-8.510603904724121,7.96875,1
v2|low|causative|overlay_subject_check_s03_syntactician|good|evaporate|3137,low,causative,good,evaporate,syntactician,overlay_arg_1_match,overlay_subject_check_s03,3.009999990463257,tail,freqblimp_curated, the,.,-1.3095844984054565,-4.497084617614746,3.1875,1
v2|low|causative|overlay_subject_check_s03_syntactician|good|flatten|3138,low,causative,good,flatten,syntactician,overlay_arg_1_match,overlay_subject_check_s03,2.9800000190734863,tail,freqblimp_curated, the,.,-0.7534168362617493,-8.315917015075684,7.5625,1
v2|low|causative|overlay_subject_check_s03_syntactician|good|fray|3139,low,causative,good,fray,syntactician,overlay_arg_1_match,overlay_subject_check_s03,1.7000000476837158,xtail,freqblimp_curated, the,.,-0.7409945130348206,-7.865994453430176,7.125,1
v2|low|causative|overlay_subject_check_s03_syntactician|good|loosen|3141,low,causative,good,loosen,syntactician,overlay_arg_1_match,overlay_subject_check_s03,2.4200000762939453,tail,freqblimp_curated, the,.,-0.7289935946464539,-9.91649341583252,9.1875,1
v2|low|causative|overlay_subject_check_s03_syntactician|good|scorch|3142,low,causative,good,scorch,syntactician,overlay_arg_1_match,overlay_subject_check_s03,2.7300000190734863,tail,freqblimp_curated, the,.,-0.8848187327384949,-7.1973185539245605,6.3125,1
v2|low|causative|overlay_subject_check_s03_syntactician|good|shatter|3143,low,causative,good,shatter,syntactician,overlay_arg_1_match,overlay_subject_check_s03,2.799999952316284,tail,freqblimp_curated, the,.,-0.6374303102493286,-8.043680191040039,7.40625,1
v2|low|causative|overlay_subject_check_s03_syntactician|good|solidify|3146,low,causative,good,solidify,syntactician,overlay_arg_1_match,overlay_subject_check_s03,2.990000009536743,tail,freqblimp_curated, the,.,-0.6384572386741638,-8.669707298278809,8.03125,1
v2|low|causative|overlay_subject_check_s03_syntactician|good|tighten|3147,low,causative,good,tighten,syntactician,overlay_arg_1_match,overlay_subject_check_s03,2.700000047683716,tail,freqblimp_curated, the,.,-0.8007833957672119,-9.675783157348633,8.875,1
v2|low|causative|overlay_subject_check_s03_syntactician|good|vaporize|3149,low,causative,good,vaporize,syntactician,overlay_arg_1_match,overlay_subject_check_s03,2.4700000286102295,tail,freqblimp_curated, the,.,-0.9574800729751587,-8.019980430603027,7.062500476837158,1
v2|low|causative|overlay_subject_check_s03_syntactician|good|wrinkle|3151,low,causative,good,wrinkle,syntactician,overlay_arg_1_match,overlay_subject_check_s03,3.119999885559082,tail,freqblimp_curated, the,.,-1.3794786930084229,-6.254478454589844,4.875,1
v2|low|causative|overlay_subject_trial_s00_chiseller|good|blacken|3258,low,causative,good,blacken,chiseller,overlay_arg_1_match,overlay_subject_trial_s00,2.25,low_gap,freqblimp_curated, the,.,-0.9383533000946045,-6.313353538513184,5.375,1
v2|low|causative|overlay_subject_trial_s00_chiseller|good|brighten|3259,low,causative,good,brighten,chiseller,overlay_arg_1_match,overlay_subject_trial_s00,2.5999999046325684,tail,freqblimp_curated, the,.,-1.275819182395935,-5.275819301605225,4.0,1
v2|low|causative|overlay_subject_trial_s00_chiseller|good|condense|3262,low,causative,good,condense,chiseller,overlay_arg_1_match,overlay_subject_trial_s00,2.7100000381469727,tail,freqblimp_curated, the,.,-0.8004447817802429,-7.487944602966309,6.6875,1
v2|low|causative|overlay_subject_trial_s00_chiseller|good|darken|3264,low,causative,good,darken,chiseller,overlay_arg_1_match,overlay_subject_trial_s00,2.880000114440918,tail,freqblimp_curated, the,.,-1.0232162475585938,-4.773216247558594,3.75,1
v2|low|causative|overlay_subject_trial_s00_chiseller|good|evaporate|3267,low,causative,good,evaporate,chiseller,overlay_arg_1_match,overlay_subject_trial_s00,3.009999990463257,tail,freqblimp_curated, the,.,-1.6024571657180786,-3.664957046508789,2.0625,1
v2|low|causative|overlay_subject_trial_s00_chiseller|good|flatten|3268,low,causative,good,flatten,chiseller,overlay_arg_1_match,overlay_subject_trial_s00,2.9800000190734863,tail,freqblimp_curated, the,.,-0.7501680850982666,-7.5001678466796875,6.75,1
v2|low|causative|overlay_subject_trial_s00_chiseller|good|fray|3269,low,causative,good,fray,chiseller,overlay_arg_1_match,overlay_subject_trial_s00,1.7000000476837158,xtail,freqblimp_curated, the,.,-0.9982290267944336,-6.060729026794434,5.0625,1
v2|low|causative|overlay_subject_trial_s00_chiseller|good|loosen|3271,low,causative,good,loosen,chiseller,overlay_arg_1_match,overlay_subject_trial_s00,2.4200000762939453,tail,freqblimp_curated, the,.,-0.48804283142089844,-8.706792831420898,8.21875,1
v2|low|causative|overlay_subject_trial_s00_chiseller|good|scorch|3272,low,causative,good,scorch,chiseller,overlay_arg_1_match,overlay_subject_trial_s00,2.7300000190734863,tail,freqblimp_curated, the,.,-0.8622305393218994,-6.48723030090332,5.625,1
v2|low|causative|overlay_subject_trial_s00_chiseller|good|shatter|3273,low,causative,good,shatter,chiseller,overlay_arg_1_match,overlay_subject_trial_s00,2.799999952316284,tail,freqblimp_curated, the,.,-0.7422631978988647,-6.054763317108154,5.3125,1
v2|low|causative|overlay_subject_trial_s00_chiseller|good|solidify|3276,low,causative,good,solidify,chiseller,overlay_arg_1_match,overlay_subject_trial_s00,2.990000009536743,tail,freqblimp_curated, the,.,-0.6488421559333801,-5.7113423347473145,5.0625,1
v2|low|causative|overlay_subject_trial_s00_chiseller|good|tighten|3277,low,causative,good,tighten,chiseller,overlay_arg_1_match,overlay_subject_trial_s00,2.700000047683716,tail,freqblimp_curated, the,.,-0.5186201333999634,-7.893620014190674,7.375,1
v2|low|causative|overlay_subject_trial_s00_chiseller|good|vaporize|3279,low,causative,good,vaporize,chiseller,overlay_arg_1_match,overlay_subject_trial_s00,2.4700000286102295,tail,freqblimp_curated, the,.,-0.9731447100639343,-5.66064453125,4.6875,1
v2|low|causative|overlay_subject_trial_s00_chiseller|good|wrinkle|3281,low,causative,good,wrinkle,chiseller,overlay_arg_1_match,overlay_subject_trial_s00,3.119999885559082,tail,freqblimp_curated, the,.,-1.5662893056869507,-4.81628942489624,3.25,1
v2|low|causative|overlay_subject_trial_s02_choirmaster|good|blacken|3310,low,causative,good,blacken,choirmaster,overlay_arg_1_match,overlay_subject_trial_s02,2.25,low_gap,freqblimp_curated, the,.,-0.7588363289833069,-6.508836269378662,5.75,1
v2|low|causative|overlay_subject_trial_s02_choirmaster|good|brighten|3311,low,causative,good,brighten,choirmaster,overlay_arg_1_match,overlay_subject_trial_s02,2.5999999046325684,tail,freqblimp_curated, the,.,-0.7373959422111511,-6.737395763397217,6.0,1
v2|low|causative|overlay_subject_trial_s02_choirmaster|good|condense|3314,low,causative,good,condense,choirmaster,overlay_arg_1_match,overlay_subject_trial_s02,2.7100000381469727,tail,freqblimp_curated, the,.,-0.7256219983100891,-7.788122177124023,7.0625,1
v2|low|causative|overlay_subject_trial_s02_choirmaster|good|darken|3316,low,causative,good,darken,choirmaster,overlay_arg_1_match,overlay_subject_trial_s02,2.880000114440918,tail,freqblimp_curated, the,.,-0.3226086497306824,-6.822608470916748,6.5,1
v2|low|causative|overlay_subject_trial_s02_choirmaster|good|evaporate|3319,low,causative,good,evaporate,choirmaster,overlay_arg_1_match,overlay_subject_trial_s02,3.009999990463257,tail,freqblimp_curated, the,.,-1.57350492477417,-3.38600492477417,1.8125,1
v2|low|causative|overlay_subject_trial_s02_choirmaster|good|flatten|3320,low,causative,good,flatten,choirmaster,overlay_arg_1_match,overlay_subject_trial_s02,2.9800000190734863,tail,freqblimp_curated, the,.,-0.775028645992279,-7.212528705596924,6.4375,1
v2|low|causative|overlay_subject_trial_s02_choirmaster|good|fray|3321,low,causative,good,fray,choirmaster,overlay_arg_1_match,overlay_subject_trial_s02,1.7000000476837158,xtail,freqblimp_curated, the,.,-0.804148256778717,-5.991648197174072,5.1875,1
v2|low|causative|overlay_subject_trial_s02_choirmaster|good|loosen|3323,low,causative,good,loosen,choirmaster,overlay_arg_1_match,overlay_subject_trial_s02,2.4200000762939453,tail,freqblimp_curated, the,.,-0.6963993906974792,-8.196399688720703,7.500000476837158,1
v2|low|causative|overlay_subject_trial_s02_choirmaster|good|scorch|3324,low,causative,good,scorch,choirmaster,overlay_arg_1_match,overlay_subject_trial_s02,2.7300000190734863,tail,freqblimp_curated, the,.,-0.8836231231689453,-6.821123123168945,5.9375,1
v2|low|causative|overlay_subject_trial_s02_choirmaster|good|shatter|3325,low,causative,good,shatter,choirmaster,overlay_arg_1_match,overlay_subject_trial_s02,2.799999952316284,tail,freqblimp_curated, the,.,-0.6080044507980347,-7.045504570007324,6.4375,1
v2|low|causative|overlay_subject_trial_s02_choirmaster|good|solidify|3328,low,causative,good,solidify,choirmaster,overlay_arg_1_match,overlay_subject_trial_s02,2.990000009536743,tail,freqblimp_curated, the,.,-0.591724157333374,-7.654224395751953,7.0625,1
v2|low|causative|overlay_subject_trial_s02_choirmaster|good|tighten|3329,low,causative,good,tighten,choirmaster,overlay_arg_1_match,overlay_subject_trial_s02,2.700000047683716,tail,freqblimp_curated, the,.,-0.7523355484008789,-7.377335548400879,6.625,1
v2|low|causative|overlay_subject_trial_s02_choirmaster|good|vaporize|3331,low,causative,good,vaporize,choirmaster,overlay_arg_1_match,overlay_subject_trial_s02,2.4700000286102295,tail,freqblimp_curated, the,.,-1.0017125606536865,-5.501712799072266,4.5,1
v2|low|causative|overlay_subject_trial_s02_choirmaster|good|wrinkle|3333,low,causative,good,wrinkle,choirmaster,overlay_arg_1_match,overlay_subject_trial_s02,3.119999885559082,tail,freqblimp_curated, the,.,-2.6347081661224365,-7.009707927703857,4.375,1
v2|low|inchoative|overlay_subject_lab_s02_megatherium|bad|abduct|3430,low,inchoative,bad,abduct,megatherium,overlay_arg_1_match,overlay_subject_lab_s02,2.74,tail,supplemental_v2_bad_verbs, the,.,-1.4137969017028809,-6.788796901702881,5.375,1
v2|low|inchoative|overlay_subject_lab_s02_megatherium|bad|abhor|3431,low,inchoative,bad,abhor,megatherium,overlay_arg_1_match,overlay_subject_lab_s02,2.64,tail,supplemental_v2_bad_verbs, the,.,-1.3307656049728394,-6.643265724182129,5.3125,1
v2|low|inchoative|overlay_subject_lab_s02_megatherium|bad|admonish|3433,low,inchoative,bad,admonish,megatherium,overlay_arg_1_match,overlay_subject_lab_s02,2.29,low_gap,supplemental_v2_bad_verbs, the,.,-1.4621294736862183,-6.462129592895508,5.0,1
v2|low|inchoative|overlay_subject_lab_s02_megatherium|bad|assassinate|3434,low,inchoative,bad,assassinate,megatherium,overlay_arg_1_match,overlay_subject_lab_s02,3.2,tail,supplemental_v2_bad_verbs, the,.,-1.7948157787322998,-6.263566017150879,4.46875,1
v2|low|inchoative|overlay_subject_lab_s02_megatherium|bad|behead|3435,low,inchoative,bad,behead,megatherium,overlay_arg_1_match,overlay_subject_lab_s02,2.71,tail,supplemental_v2_bad_verbs, the,.,-2.1752538681030273,-6.300253868103027,4.125,1
v2|low|inchoative|overlay_subject_lab_s02_megatherium|bad|carjack|3436,low,inchoative,bad,carjack,megatherium,overlay_arg_1_match,overlay_subject_lab_s02,1.78,xtail,supplemental_v2_bad_verbs, the,.,-2.104336738586426,-5.916836738586426,3.8125,1
v2|low|inchoative|overlay_subject_lab_s02_megatherium|bad|castigate|3437,low,inchoative,bad,castigate,megatherium,overlay_arg_1_match,overlay_subject_lab_s02,1.92,xtail,supplemental_v2_bad_verbs, the,.,-1.6585676670074463,-5.283567428588867,3.624999761581421,1
v2|low|inchoative|overlay_subject_lab_s02_megatherium|bad|chasten|3438,low,inchoative,bad,chasten,megatherium,overlay_arg_1_match,overlay_subject_lab_s02,1.72,xtail,supplemental_v2_bad_verbs, the,.,-1.4634946584701538,-6.088494777679443,4.625,1
v2|low|inchoative|overlay_subject_lab_s02_megatherium|bad|coerce|3439,low,inchoative,bad,coerce,megatherium,overlay_arg_1_match,overlay_subject_lab_s02,2.86,tail,supplemental_v2_bad_verbs, the,.,-1.546823263168335,-6.921823501586914,5.375,1
v2|low|inchoative|overlay_subject_lab_s02_megatherium|bad|confiscate|3440,low,inchoative,bad,confiscate,megatherium,overlay_arg_1_match,overlay_subject_lab_s02,2.93,tail,supplemental_v2_bad_verbs, the,.,-1.6431480646133423,-8.205648422241211,6.562500476837158,1
v2|low|inchoative|overlay_subject_lab_s02_megatherium|bad|denude|3441,low,inchoative,bad,denude,megatherium,overlay_arg_1_match,overlay_subject_lab_s02,1.42,xtail,supplemental_v2_bad_verbs, the,.,-1.148444414138794,-7.460944175720215,6.3125,1
v2|low|inchoative|overlay_subject_lab_s02_megatherium|bad|encumber|3444,low,inchoative,bad,encumber,megatherium,overlay_arg_1_match,overlay_subject_lab_s02,1.68,xtail,supplemental_v2_bad_verbs, the,.,-1.402852177619934,-6.1528520584106445,4.75,1
v2|low|inchoative|overlay_subject_lab_s02_megatherium|bad|enslave|3445,low,inchoative,bad,enslave,megatherium,overlay_arg_1_match,overlay_subject_lab_s02,2.83,tail,supplemental_v2_bad_verbs, the,.,-1.2153209447860718,-6.902821063995361,5.6875,1
v2|low|inchoative|overlay_subject_lab_s02_megatherium|bad|extort|3446,low,inchoative,bad,extort,megatherium,overlay_arg_1_match,overlay_subject_lab_s02,2.82,tail,supplemental_v2_bad_verbs, the,.,-2.4892194271087646,-6.489219665527344,4.0,1
v2|low|inchoative|overlay_subject_lab_s02_megatherium|bad|hospitalize|3448,low,inchoative,bad,hospitalize,megatherium,overlay_arg_1_match,overlay_subject_lab_s02,1.77,xtail,supplemental_v2_bad_verbs, the,.,-1.9181957244873047,-4.668195724487305,2.75,1
v2|low|inchoative|overlay_subject_lab_s02_megatherium|bad|impale|3449,low,inchoative,bad,impale,megatherium,overlay_arg_1_match,overlay_subject_lab_s02,2.22,low_gap,supplemental_v2_bad_verbs, the,.,-1.8993414640426636,-7.086841583251953,5.1875,1
v2|low|inchoative|overlay_subject_lab_s02_megatherium|bad|lambaste|3451,low,inchoative,bad,lambaste,megatherium,overlay_arg_1_match,overlay_subject_lab_s02,1.66,xtail,supplemental_v2_bad_verbs, the,.,-1.483114242553711,-5.733114242553711,4.25,1
v2|low|inchoative|overlay_subject_lab_s02_megatherium|bad|misguide|3452,low,inchoative,bad,misguide,megatherium,overlay_arg_1_match,overlay_subject_lab_s02,1.66,xtail,supplemental_v2_bad_verbs, the,.,-1.3340425491333008,-5.771542549133301,4.4375,1
v2|low|inchoative|overlay_subject_lab_s02_megatherium|bad|paralyze|3455,low,inchoative,bad,paralyze,megatherium,overlay_arg_1_match,overlay_subject_lab_s02,2.65,tail,supplemental_v2_bad_verbs, the,.,-1.5566768646240234,-5.806676864624023,4.25,1
v2|low|inchoative|overlay_subject_lab_s02_megatherium|bad|rebuke|3456,low,inchoative,bad,rebuke,megatherium,overlay_arg_1_match,overlay_subject_lab_s02,3.1,tail,supplemental_v2_bad_verbs, the,.,-1.283980131149292,-6.752730369567871,5.46875,1
v2|low|inchoative|overlay_subject_lab_s02_megatherium|bad|reprove|3457,low,inchoative,bad,reprove,megatherium,overlay_arg_1_match,overlay_subject_lab_s02,1.79,xtail,supplemental_v2_bad_verbs, the,.,-1.4062163829803467,-5.843716621398926,4.4375,1
v2|low|inchoative|overlay_subject_lab_s02_megatherium|bad|revile|3458,low,inchoative,bad,revile,megatherium,overlay_arg_1_match,overlay_subject_lab_s02,1.98,xtail,supplemental_v2_bad_verbs, the,.,-1.8334101438522339,-3.8959102630615234,2.0625,1
v2|low|inchoative|overlay_subject_lab_s02_megatherium|bad|scrutinize|3459,low,inchoative,bad,scrutinize,megatherium,overlay_arg_1_match,overlay_subject_lab_s02,2.76,tail,supplemental_v2_bad_verbs, the,.,-1.1304311752319336,-7.474181175231934,6.34375,1
v2|low|inchoative|overlay_subject_lab_s02_megatherium|bad|seclude|3460,low,inchoative,bad,seclude,megatherium,overlay_arg_1_match,overlay_subject_lab_s02,1.7,xtail,supplemental_v2_bad_verbs, the,.,-4.068689346313477,-5.443689346313477,1.375,1
v2|low|inchoative|overlay_subject_lab_s02_megatherium|bad|swindle|3462,low,inchoative,bad,swindle,megatherium,overlay_arg_1_match,overlay_subject_lab_s02,2.67,tail,supplemental_v2_bad_verbs, the,.,-1.7454719543457031,-5.495471954345703,3.75,1
v2|low|inchoative|overlay_subject_lab_s02_megatherium|bad|uproot|3463,low,inchoative,bad,uproot,megatherium,overlay_arg_1_match,overlay_subject_lab_s02,2.63,tail,supplemental_v2_bad_verbs, the,.,-2.219146490097046,-6.531646728515625,4.3125,1
v2|low|inchoative|overlay_subject_lab_s02_megatherium|bad|vilify|3464,low,inchoative,bad,vilify,megatherium,overlay_arg_1_match,overlay_subject_lab_s02,2.44,tail,supplemental_v2_bad_verbs, the,.,-1.3281340599060059,-5.578134059906006,4.25,1
v2|low|inchoative|overlay_subject_lab_s03_megillah|bad|abduct|3465,low,inchoative,bad,abduct,megillah,overlay_arg_1_match,overlay_subject_lab_s03,2.74,tail,supplemental_v2_bad_verbs, the,.,-1.764853596687317,-6.921103477478027,5.15625,1
v2|low|inchoative|overlay_subject_lab_s03_megillah|bad|abhor|3466,low,inchoative,bad,abhor,megillah,overlay_arg_1_match,overlay_subject_lab_s03,2.64,tail,supplemental_v2_bad_verbs, the,.,-1.8035489320755005,-4.428548812866211,2.625,1
v2|low|inchoative|overlay_subject_lab_s03_megillah|bad|admonish|3468,low,inchoative,bad,admonish,megillah,overlay_arg_1_match,overlay_subject_lab_s03,2.29,low_gap,supplemental_v2_bad_verbs, the,.,-1.2997562885284424,-6.612256050109863,5.3125,1
v2|low|inchoative|overlay_subject_lab_s03_megillah|bad|assassinate|3469,low,inchoative,bad,assassinate,megillah,overlay_arg_1_match,overlay_subject_lab_s03,3.2,tail,supplemental_v2_bad_verbs, the,.,-1.3104032278060913,-7.060403347015381,5.75,1
v2|low|inchoative|overlay_subject_lab_s03_megillah|bad|behead|3470,low,inchoative,bad,behead,megillah,overlay_arg_1_match,overlay_subject_lab_s03,2.71,tail,supplemental_v2_bad_verbs, the,.,-1.6477020978927612,-5.897702217102051,4.25,1
v2|low|inchoative|overlay_subject_lab_s03_megillah|bad|carjack|3471,low,inchoative,bad,carjack,megillah,overlay_arg_1_match,overlay_subject_lab_s03,1.78,xtail,supplemental_v2_bad_verbs, the,.,-1.9338982105255127,-5.433897972106934,3.499999761581421,1
v2|low|inchoative|overlay_subject_lab_s03_megillah|bad|castigate|3472,low,inchoative,bad,castigate,megillah,overlay_arg_1_match,overlay_subject_lab_s03,1.92,xtail,supplemental_v2_bad_verbs, the,.,-1.2947661876678467,-6.232266426086426,4.9375,1
v2|low|inchoative|overlay_subject_lab_s03_megillah|bad|chasten|3473,low,inchoative,bad,chasten,megillah,overlay_arg_1_match,overlay_subject_lab_s03,1.72,xtail,supplemental_v2_bad_verbs, the,.,-1.5965769290924072,-4.284076690673828,2.687499761581421,1
v2|low|inchoative|overlay_subject_lab_s03_megillah|bad|coerce|3474,low,inchoative,bad,coerce,megillah,overlay_arg_1_match,overlay_subject_lab_s03,2.86,tail,supplemental_v2_bad_verbs, the,.,-1.4712036848068237,-5.846203804016113,4.375,1
v2|low|inchoative|overlay_subject_lab_s03_megillah|bad|confiscate|3475,low,inchoative,bad,confiscate,megillah,overlay_arg_1_match,overlay_subject_lab_s03,2.93,tail,supplemental_v2_bad_verbs, the,.,-1.4834290742874146,-6.295928955078125,4.8125,1
v2|low|inchoative|overlay_subject_lab_s03_megillah|bad|denude|3476,low,inchoative,bad,denude,megillah,overlay_arg_1_match,overlay_subject_lab_s03,1.42,xtail,supplemental_v2_bad_verbs, the,.,-0.8102934956550598,-5.435293674468994,4.625,1
v2|low|inchoative|overlay_subject_lab_s03_megillah|bad|encumber|3479,low,inchoative,bad,encumber,megillah,overlay_arg_1_match,overlay_subject_lab_s03,1.68,xtail,supplemental_v2_bad_verbs, the,.,-1.2675062417984009,-5.142506122589111,3.875,1
v2|low|inchoative|overlay_subject_lab_s03_megillah|bad|enslave|3480,low,inchoative,bad,enslave,megillah,overlay_arg_1_match,overlay_subject_lab_s03,2.83,tail,supplemental_v2_bad_verbs, the,.,-1.1736584901809692,-5.61115837097168,4.4375,1
v2|low|inchoative|overlay_subject_lab_s03_megillah|bad|extort|3481,low,inchoative,bad,extort,megillah,overlay_arg_1_match,overlay_subject_lab_s03,2.82,tail,supplemental_v2_bad_verbs, the,.,-1.9948748350143433,-5.057374954223633,3.0625,1
v2|low|inchoative|overlay_subject_lab_s03_megillah|bad|hospitalize|3483,low,inchoative,bad,hospitalize,megillah,overlay_arg_1_match,overlay_subject_lab_s03,1.77,xtail,supplemental_v2_bad_verbs, the,.,-1.57699716091156,-5.20199728012085,3.625,1
v2|low|inchoative|overlay_subject_lab_s03_megillah|bad|impale|3484,low,inchoative,bad,impale,megillah,overlay_arg_1_match,overlay_subject_lab_s03,2.22,low_gap,supplemental_v2_bad_verbs, the,.,-1.4763444662094116,-6.226344585418701,4.75,1
v2|low|inchoative|overlay_subject_lab_s03_megillah|bad|lambaste|3486,low,inchoative,bad,lambaste,megillah,overlay_arg_1_match,overlay_subject_lab_s03,1.66,xtail,supplemental_v2_bad_verbs, the,.,-1.1573512554168701,-7.813601493835449,6.65625,1
v2|low|inchoative|overlay_subject_lab_s03_megillah|bad|misguide|3487,low,inchoative,bad,misguide,megillah,overlay_arg_1_match,overlay_subject_lab_s03,1.66,xtail,supplemental_v2_bad_verbs, the,.,-1.3599891662597656,-4.234989166259766,2.875,1
v2|low|inchoative|overlay_subject_lab_s03_megillah|bad|paralyze|3490,low,inchoative,bad,paralyze,megillah,overlay_arg_1_match,overlay_subject_lab_s03,2.65,tail,supplemental_v2_bad_verbs, the,.,-1.3521380424499512,-5.164638042449951,3.8125,1
v2|low|inchoative|overlay_subject_lab_s03_megillah|bad|rebuke|3491,low,inchoative,bad,rebuke,megillah,overlay_arg_1_match,overlay_subject_lab_s03,3.1,tail,supplemental_v2_bad_verbs, the,.,-1.1578809022903442,-6.907880783081055,5.75,1
v2|low|inchoative|overlay_subject_lab_s03_megillah|bad|reprove|3492,low,inchoative,bad,reprove,megillah,overlay_arg_1_match,overlay_subject_lab_s03,1.79,xtail,supplemental_v2_bad_verbs, the,.,-1.2491096258163452,-5.499109745025635,4.25,1
v2|low|inchoative|overlay_subject_lab_s03_megillah|bad|revile|3493,low,inchoative,bad,revile,megillah,overlay_arg_1_match,overlay_subject_lab_s03,1.98,xtail,supplemental_v2_bad_verbs, the,.,-1.1085753440856934,-4.233575344085693,3.125,1
v2|low|inchoative|overlay_subject_lab_s03_megillah|bad|scrutinize|3494,low,inchoative,bad,scrutinize,megillah,overlay_arg_1_match,overlay_subject_lab_s03,2.76,tail,supplemental_v2_bad_verbs, the,.,-0.993138313293457,-7.243138313293457,6.25,1
v2|low|inchoative|overlay_subject_lab_s03_megillah|bad|seclude|3495,low,inchoative,bad,seclude,megillah,overlay_arg_1_match,overlay_subject_lab_s03,1.7,xtail,supplemental_v2_bad_verbs, the,.,-1.5113168954849243,-5.386316776275635,3.875,1
v2|low|inchoative|overlay_subject_lab_s03_megillah|bad|swindle|3497,low,inchoative,bad,swindle,megillah,overlay_arg_1_match,overlay_subject_lab_s03,2.67,tail,supplemental_v2_bad_verbs, the,.,-1.3884223699569702,-4.82592248916626,3.4375,1
v2|low|inchoative|overlay_subject_lab_s03_megillah|bad|uproot|3498,low,inchoative,bad,uproot,megillah,overlay_arg_1_match,overlay_subject_lab_s03,2.63,tail,supplemental_v2_bad_verbs, the,.,-1.3357280492782593,-5.835728168487549,4.5,1
v2|low|inchoative|overlay_subject_lab_s03_megillah|bad|vilify|3499,low,inchoative,bad,vilify,megillah,overlay_arg_1_match,overlay_subject_lab_s03,2.44,tail,supplemental_v2_bad_verbs, the,.,-1.2071571350097656,-7.300907135009766,6.09375,1
v2|low|inchoative|overlay_subject_visit_s00_nauclea|bad|abduct|3500,low,inchoative,bad,abduct,nauclea,overlay_arg_1_match,overlay_subject_visit_s00,2.74,tail,supplemental_v2_bad_verbs, the,.,-1.108117699623108,-7.264367580413818,6.15625,1
v2|low|inchoative|overlay_subject_visit_s00_nauclea|bad|abhor|3501,low,inchoative,bad,abhor,nauclea,overlay_arg_1_match,overlay_subject_visit_s00,2.64,tail,supplemental_v2_bad_verbs, the,.,-1.2806581258773804,-5.71815824508667,4.4375,1
v2|low|inchoative|overlay_subject_visit_s00_nauclea|bad|admonish|3503,low,inchoative,bad,admonish,nauclea,overlay_arg_1_match,overlay_subject_visit_s00,2.29,low_gap,supplemental_v2_bad_verbs, the,.,-0.9569306373596191,-7.738180637359619,6.78125,1
v2|low|inchoative|overlay_subject_visit_s00_nauclea|bad|assassinate|3504,low,inchoative,bad,assassinate,nauclea,overlay_arg_1_match,overlay_subject_visit_s00,3.2,tail,supplemental_v2_bad_verbs, the,.,-1.0204358100891113,-7.332935810089111,6.3125,1
v2|low|inchoative|overlay_subject_visit_s00_nauclea|bad|behead|3505,low,inchoative,bad,behead,nauclea,overlay_arg_1_match,overlay_subject_visit_s00,2.71,tail,supplemental_v2_bad_verbs, the,.,-0.9827684164047241,-5.982768535614014,5.0,1
v2|low|inchoative|overlay_subject_visit_s00_nauclea|bad|carjack|3506,low,inchoative,bad,carjack,nauclea,overlay_arg_1_match,overlay_subject_visit_s00,1.78,xtail,supplemental_v2_bad_verbs, the,.,-1.4160481691360474,-6.353548049926758,4.9375,1
v2|low|inchoative|overlay_subject_visit_s00_nauclea|bad|castigate|3507,low,inchoative,bad,castigate,nauclea,overlay_arg_1_match,overlay_subject_visit_s00,1.92,xtail,supplemental_v2_bad_verbs, the,.,-1.184740424156189,-7.5284905433654785,6.34375,1
v2|low|inchoative|overlay_subject_visit_s00_nauclea|bad|chasten|3508,low,inchoative,bad,chasten,nauclea,overlay_arg_1_match,overlay_subject_visit_s00,1.72,xtail,supplemental_v2_bad_verbs, the,.,-1.3459272384643555,-5.6584272384643555,4.3125,1
v2|low|inchoative|overlay_subject_visit_s00_nauclea|bad|coerce|3509,low,inchoative,bad,coerce,nauclea,overlay_arg_1_match,overlay_subject_visit_s00,2.86,tail,supplemental_v2_bad_verbs, the,.,-0.8400793075561523,-7.465079307556152,6.625,1
v2|low|inchoative|overlay_subject_visit_s00_nauclea|bad|confiscate|3510,low,inchoative,bad,confiscate,nauclea,overlay_arg_1_match,overlay_subject_visit_s00,2.93,tail,supplemental_v2_bad_verbs, the,.,-0.9935551881790161,-8.212305068969727,7.21875,1
v2|low|inchoative|overlay_subject_visit_s00_nauclea|bad|denude|3511,low,inchoative,bad,denude,nauclea,overlay_arg_1_match,overlay_subject_visit_s00,1.42,xtail,supplemental_v2_bad_verbs, the,.,-0.8409028649330139,-5.465902805328369,4.625,1
v2|low|inchoative|overlay_subject_visit_s00_nauclea|bad|encumber|3514,low,inchoative,bad,encumber,nauclea,overlay_arg_1_match,overlay_subject_visit_s00,1.68,xtail,supplemental_v2_bad_verbs, the,.,-1.2429883480072021,-5.492988586425781,4.25,1
v2|low|inchoative|overlay_subject_visit_s00_nauclea|bad|enslave|3515,low,inchoative,bad,enslave,nauclea,overlay_arg_1_match,overlay_subject_visit_s00,2.83,tail,supplemental_v2_bad_verbs, the,.,-0.9079537391662598,-6.78295373916626,5.875,1
v2|low|inchoative|overlay_subject_visit_s00_nauclea|bad|extort|3516,low,inchoative,bad,extort,nauclea,overlay_arg_1_match,overlay_subject_visit_s00,2.82,tail,supplemental_v2_bad_verbs, the,.,-2.1496198177337646,-6.462120056152344,4.3125,1
v2|low|inchoative|overlay_subject_visit_s00_nauclea|bad|hospitalize|3518,low,inchoative,bad,hospitalize,nauclea,overlay_arg_1_match,overlay_subject_visit_s00,1.77,xtail,supplemental_v2_bad_verbs, the,.,-1.2275705337524414,-5.102570533752441,3.875,1
v2|low|inchoative|overlay_subject_visit_s00_nauclea|bad|impale|3519,low,inchoative,bad,impale,nauclea,overlay_arg_1_match,overlay_subject_visit_s00,2.22,low_gap,supplemental_v2_bad_verbs, the,.,-1.1139910221099854,-8.488990783691406,7.375,1
v2|low|inchoative|overlay_subject_visit_s00_nauclea|bad|lambaste|3521,low,inchoative,bad,lambaste,nauclea,overlay_arg_1_match,overlay_subject_visit_s00,1.66,xtail,supplemental_v2_bad_verbs, the,.,-1.007406234741211,-7.569906234741211,6.5625,1
v2|low|inchoative|overlay_subject_visit_s00_nauclea|bad|misguide|3522,low,inchoative,bad,misguide,nauclea,overlay_arg_1_match,overlay_subject_visit_s00,1.66,xtail,supplemental_v2_bad_verbs, the,.,-0.9969128370285034,-6.121912956237793,5.125,1
v2|low|inchoative|overlay_subject_visit_s00_nauclea|bad|paralyze|3525,low,inchoative,bad,paralyze,nauclea,overlay_arg_1_match,overlay_subject_visit_s00,2.65,tail,supplemental_v2_bad_verbs, the,.,-1.0635653734207153,-4.688565254211426,3.625,1
v2|low|inchoative|overlay_subject_visit_s00_nauclea|bad|rebuke|3526,low,inchoative,bad,rebuke,nauclea,overlay_arg_1_match,overlay_subject_visit_s00,3.1,tail,supplemental_v2_bad_verbs, the,.,-0.9234119653701782,-6.923411846160889,6.0,1
v2|low|inchoative|overlay_subject_visit_s00_nauclea|bad|reprove|3527,low,inchoative,bad,reprove,nauclea,overlay_arg_1_match,overlay_subject_visit_s00,1.79,xtail,supplemental_v2_bad_verbs, the,.,-1.237906813621521,-5.7379069328308105,4.5,1
v2|low|inchoative|overlay_subject_visit_s00_nauclea|bad|revile|3528,low,inchoative,bad,revile,nauclea,overlay_arg_1_match,overlay_subject_visit_s00,1.98,xtail,supplemental_v2_bad_verbs, the,.,-1.1145946979522705,-5.177094459533691,4.0625,1
v2|low|inchoative|overlay_subject_visit_s00_nauclea|bad|scrutinize|3529,low,inchoative,bad,scrutinize,nauclea,overlay_arg_1_match,overlay_subject_visit_s00,2.76,tail,supplemental_v2_bad_verbs, the,.,-0.657455563545227,-7.7512054443359375,7.09375,1
v2|low|inchoative|overlay_subject_visit_s00_nauclea|bad|seclude|3530,low,inchoative,bad,seclude,nauclea,overlay_arg_1_match,overlay_subject_visit_s00,1.7,xtail,supplemental_v2_bad_verbs, the,.,-3.158435821533203,-5.658435821533203,2.5,1
v2|low|inchoative|overlay_subject_visit_s00_nauclea|bad|swindle|3532,low,inchoative,bad,swindle,nauclea,overlay_arg_1_match,overlay_subject_visit_s00,2.67,tail,supplemental_v2_bad_verbs, the,.,-1.14995276927948,-6.4624528884887695,5.3125,1
v2|low|inchoative|overlay_subject_visit_s00_nauclea|bad|uproot|3533,low,inchoative,bad,uproot,nauclea,overlay_arg_1_match,overlay_subject_visit_s00,2.63,tail,supplemental_v2_bad_verbs, the,.,-1.104491949081421,-6.2294921875,5.125,1
v2|low|inchoative|overlay_subject_visit_s00_nauclea|bad|vilify|3534,low,inchoative,bad,vilify,nauclea,overlay_arg_1_match,overlay_subject_visit_s00,2.44,tail,supplemental_v2_bad_verbs, the,.,-1.1570186614990234,-7.219518661499023,6.0625,1
v2|low|inchoative|overlay_subject_visit_s01_naucrates|bad|abduct|3535,low,inchoative,bad,abduct,naucrates,overlay_arg_1_match,overlay_subject_visit_s01,2.74,tail,supplemental_v2_bad_verbs, the,.,-1.1007568836212158,-7.382006645202637,6.28125,1
v2|low|inchoative|overlay_subject_visit_s01_naucrates|bad|abhor|3536,low,inchoative,bad,abhor,naucrates,overlay_arg_1_match,overlay_subject_visit_s01,2.64,tail,supplemental_v2_bad_verbs, the,.,-1.1911253929138184,-6.191125392913818,5.0,1
v2|low|inchoative|overlay_subject_visit_s01_naucrates|bad|admonish|3538,low,inchoative,bad,admonish,naucrates,overlay_arg_1_match,overlay_subject_visit_s01,2.29,low_gap,supplemental_v2_bad_verbs, the,.,-0.7827627062797546,-7.56401252746582,6.78125,1
v2|low|inchoative|overlay_subject_visit_s01_naucrates|bad|assassinate|3539,low,inchoative,bad,assassinate,naucrates,overlay_arg_1_match,overlay_subject_visit_s01,3.2,tail,supplemental_v2_bad_verbs, the,.,-0.9417270421981812,-7.660477161407471,6.71875,1
v2|low|inchoative|overlay_subject_visit_s01_naucrates|bad|behead|3540,low,inchoative,bad,behead,naucrates,overlay_arg_1_match,overlay_subject_visit_s01,2.71,tail,supplemental_v2_bad_verbs, the,.,-1.0458052158355713,-6.483304977416992,5.4375,1
v2|low|inchoative|overlay_subject_visit_s01_naucrates|bad|carjack|3541,low,inchoative,bad,carjack,naucrates,overlay_arg_1_match,overlay_subject_visit_s01,1.78,xtail,supplemental_v2_bad_verbs, the,.,-1.4465903043746948,-6.259090423583984,4.8125,1
v2|low|inchoative|overlay_subject_visit_s01_naucrates|bad|castigate|3542,low,inchoative,bad,castigate,naucrates,overlay_arg_1_match,overlay_subject_visit_s01,1.92,xtail,supplemental_v2_bad_verbs, the,.,-1.1520265340805054,-8.495776176452637,7.343749523162842,1
v2|low|inchoative|overlay_subject_visit_s01_naucrates|bad|chasten|3543,low,inchoative,bad,chasten,naucrates,overlay_arg_1_match,overlay_subject_visit_s01,1.72,xtail,supplemental_v2_bad_verbs, the,.,-1.4028552770614624,-6.465355396270752,5.0625,1
v2|low|inchoative|overlay_subject_visit_s01_naucrates|bad|coerce|3544,low,inchoative,bad,coerce,naucrates,overlay_arg_1_match,overlay_subject_visit_s01,2.86,tail,supplemental_v2_bad_verbs, the,.,-0.7674722671508789,-7.986222267150879,7.21875,1
v2|low|inchoative|overlay_subject_visit_s01_naucrates|bad|confiscate|3545,low,inchoative,bad,confiscate,naucrates,overlay_arg_1_match,overlay_subject_visit_s01,2.93,tail,supplemental_v2_bad_verbs, the,.,-1.048000454902649,-8.42300033569336,7.375,1
v2|low|inchoative|overlay_subject_visit_s01_naucrates|bad|denude|3546,low,inchoative,bad,denude,naucrates,overlay_arg_1_match,overlay_subject_visit_s01,1.42,xtail,supplemental_v2_bad_verbs, the,.,-1.3049747943878174,-5.867474555969238,4.5625,1
v2|low|inchoative|overlay_subject_visit_s01_naucrates|bad|encumber|3549,low,inchoative,bad,encumber,naucrates,overlay_arg_1_match,overlay_subject_visit_s01,1.68,xtail,supplemental_v2_bad_verbs, the,.,-1.3061782121658325,-5.743678092956543,4.4375,1
v2|low|inchoative|overlay_subject_visit_s01_naucrates|bad|enslave|3550,low,inchoative,bad,enslave,naucrates,overlay_arg_1_match,overlay_subject_visit_s01,2.83,tail,supplemental_v2_bad_verbs, the,.,-0.8752534985542297,-7.187753677368164,6.3125,1
v2|low|inchoative|overlay_subject_visit_s01_naucrates|bad|extort|3551,low,inchoative,bad,extort,naucrates,overlay_arg_1_match,overlay_subject_visit_s01,2.82,tail,supplemental_v2_bad_verbs, the,.,-2.443490982055664,-6.755990982055664,4.3125,1
v2|low|inchoative|overlay_subject_visit_s01_naucrates|bad|hospitalize|3553,low,inchoative,bad,hospitalize,naucrates,overlay_arg_1_match,overlay_subject_visit_s01,1.77,xtail,supplemental_v2_bad_verbs, the,.,-1.2832422256469727,-4.720742225646973,3.4375,1
v2|low|inchoative|overlay_subject_visit_s01_naucrates|bad|impale|3554,low,inchoative,bad,impale,naucrates,overlay_arg_1_match,overlay_subject_visit_s01,2.22,low_gap,supplemental_v2_bad_verbs, the,.,-1.3957898616790771,-8.770790100097656,7.375,1
v2|low|inchoative|overlay_subject_visit_s01_naucrates|bad|lambaste|3556,low,inchoative,bad,lambaste,naucrates,overlay_arg_1_match,overlay_subject_visit_s01,1.66,xtail,supplemental_v2_bad_verbs, the,.,-0.9664899110794067,-7.810239791870117,6.84375,1
v2|low|inchoative|overlay_subject_visit_s01_naucrates|bad|misguide|3557,low,inchoative,bad,misguide,naucrates,overlay_arg_1_match,overlay_subject_visit_s01,1.66,xtail,supplemental_v2_bad_verbs, the,.,-0.8498744368553162,-6.349874496459961,5.5,1
v2|low|inchoative|overlay_subject_visit_s01_naucrates|bad|paralyze|3560,low,inchoative,bad,paralyze,naucrates,overlay_arg_1_match,overlay_subject_visit_s01,2.65,tail,supplemental_v2_bad_verbs, the,.,-0.9781104922294617,-5.415610313415527,4.4375,1
v2|low|inchoative|overlay_subject_visit_s01_naucrates|bad|rebuke|3561,low,inchoative,bad,rebuke,naucrates,overlay_arg_1_match,overlay_subject_visit_s01,3.1,tail,supplemental_v2_bad_verbs, the,.,-0.8994595408439636,-7.180709362030029,6.28125,1
v2|low|inchoative|overlay_subject_visit_s01_naucrates|bad|reprove|3562,low,inchoative,bad,reprove,naucrates,overlay_arg_1_match,overlay_subject_visit_s01,1.79,xtail,supplemental_v2_bad_verbs, the,.,-1.1680784225463867,-5.480578422546387,4.3125,1
v2|low|inchoative|overlay_subject_visit_s01_naucrates|bad|revile|3563,low,inchoative,bad,revile,naucrates,overlay_arg_1_match,overlay_subject_visit_s01,1.98,xtail,supplemental_v2_bad_verbs, the,.,-1.0742435455322266,-5.636743545532227,4.5625,1
v2|low|inchoative|overlay_subject_visit_s01_naucrates|bad|scrutinize|3564,low,inchoative,bad,scrutinize,naucrates,overlay_arg_1_match,overlay_subject_visit_s01,2.76,tail,supplemental_v2_bad_verbs, the,.,-0.7174252867698669,-7.842425346374512,7.125,1
v2|low|inchoative|overlay_subject_visit_s01_naucrates|bad|seclude|3565,low,inchoative,bad,seclude,naucrates,overlay_arg_1_match,overlay_subject_visit_s01,1.7,xtail,supplemental_v2_bad_verbs, the,.,-4.05089807510376,-6.48839807510376,2.4375,1
v2|low|inchoative|overlay_subject_visit_s01_naucrates|bad|swindle|3567,low,inchoative,bad,swindle,naucrates,overlay_arg_1_match,overlay_subject_visit_s01,2.67,tail,supplemental_v2_bad_verbs, the,.,-1.0950193405151367,-6.782519340515137,5.6875,1
v2|low|inchoative|overlay_subject_visit_s01_naucrates|bad|uproot|3568,low,inchoative,bad,uproot,naucrates,overlay_arg_1_match,overlay_subject_visit_s01,2.63,tail,supplemental_v2_bad_verbs, the,.,-1.3625602722167969,-6.175060272216797,4.8125,1
v2|low|inchoative|overlay_subject_visit_s01_naucrates|bad|vilify|3569,low,inchoative,bad,vilify,naucrates,overlay_arg_1_match,overlay_subject_visit_s01,2.44,tail,supplemental_v2_bad_verbs, the,.,-1.0813525915145874,-8.112602233886719,7.031249523162842,1
v2|low|inchoative|overlay_subject_visit_s03_naumachy|bad|abduct|3605,low,inchoative,bad,abduct,naumachy,overlay_arg_1_match,overlay_subject_visit_s03,2.74,tail,supplemental_v2_bad_verbs, the,.,-1.3352371454238892,-7.0852370262146,5.75,1
v2|low|inchoative|overlay_subject_visit_s03_naumachy|bad|abhor|3606,low,inchoative,bad,abhor,naumachy,overlay_arg_1_match,overlay_subject_visit_s03,2.64,tail,supplemental_v2_bad_verbs, the,.,-1.7060346603393555,-4.3935346603393555,2.6875,1
v2|low|inchoative|overlay_subject_visit_s03_naumachy|bad|admonish|3608,low,inchoative,bad,admonish,naumachy,overlay_arg_1_match,overlay_subject_visit_s03,2.29,low_gap,supplemental_v2_bad_verbs, the,.,-0.9188587665557861,-6.543858528137207,5.625,1
v2|low|inchoative|overlay_subject_visit_s03_naumachy|bad|assassinate|3609,low,inchoative,bad,assassinate,naumachy,overlay_arg_1_match,overlay_subject_visit_s03,3.2,tail,supplemental_v2_bad_verbs, the,.,-1.0997267961502075,-6.818476676940918,5.71875,1
v2|low|inchoative|overlay_subject_visit_s03_naumachy|bad|behead|3610,low,inchoative,bad,behead,naumachy,overlay_arg_1_match,overlay_subject_visit_s03,2.71,tail,supplemental_v2_bad_verbs, the,.,-1.1762112379074097,-5.426211357116699,4.25,1
v2|low|inchoative|overlay_subject_visit_s03_naumachy|bad|carjack|3611,low,inchoative,bad,carjack,naumachy,overlay_arg_1_match,overlay_subject_visit_s03,1.78,xtail,supplemental_v2_bad_verbs, the,.,-1.618761658668518,-5.3687615394592285,3.75,1
v2|low|inchoative|overlay_subject_visit_s03_naumachy|bad|castigate|3612,low,inchoative,bad,castigate,naumachy,overlay_arg_1_match,overlay_subject_visit_s03,1.92,xtail,supplemental_v2_bad_verbs, the,.,-1.215226650238037,-6.527726650238037,5.3125,1
v2|low|inchoative|overlay_subject_visit_s03_naumachy|bad|chasten|3613,low,inchoative,bad,chasten,naumachy,overlay_arg_1_match,overlay_subject_visit_s03,1.72,xtail,supplemental_v2_bad_verbs, the,.,-1.4258840084075928,-4.363384246826172,2.937500238418579,1
v2|low|inchoative|overlay_subject_visit_s03_naumachy|bad|coerce|3614,low,inchoative,bad,coerce,naumachy,overlay_arg_1_match,overlay_subject_visit_s03,2.86,tail,supplemental_v2_bad_verbs, the,.,-1.0239536762237549,-6.461453437805176,5.4375,1
v2|low|inchoative|overlay_subject_visit_s03_naumachy|bad|confiscate|3615,low,inchoative,bad,confiscate,naumachy,overlay_arg_1_match,overlay_subject_visit_s03,2.93,tail,supplemental_v2_bad_verbs, the,.,-1.054930329322815,-7.304930210113525,6.25,1
v2|low|inchoative|overlay_subject_visit_s03_naumachy|bad|denude|3616,low,inchoative,bad,denude,naumachy,overlay_arg_1_match,overlay_subject_visit_s03,1.42,xtail,supplemental_v2_bad_verbs, the,.,-1.037368655204773,-4.4748687744140625,3.4375,1
v2|low|inchoative|overlay_subject_visit_s03_naumachy|bad|encumber|3619,low,inchoative,bad,encumber,naumachy,overlay_arg_1_match,overlay_subject_visit_s03,1.68,xtail,supplemental_v2_bad_verbs, the,.,-1.2813961505889893,-4.21889591217041,2.937499761581421,1
v2|low|inchoative|overlay_subject_visit_s03_naumachy|bad|enslave|3620,low,inchoative,bad,enslave,naumachy,overlay_arg_1_match,overlay_subject_visit_s03,2.83,tail,supplemental_v2_bad_verbs, the,.,-1.0641883611679077,-5.626688480377197,4.5625,1
v2|low|inchoative|overlay_subject_visit_s03_naumachy|bad|extort|3621,low,inchoative,bad,extort,naumachy,overlay_arg_1_match,overlay_subject_visit_s03,2.82,tail,supplemental_v2_bad_verbs, the,.,-2.5192008018493652,-6.144200801849365,3.625,1
v2|low|inchoative|overlay_subject_visit_s03_naumachy|bad|hospitalize|3623,low,inchoative,bad,hospitalize,naumachy,overlay_arg_1_match,overlay_subject_visit_s03,1.77,xtail,supplemental_v2_bad_verbs, the,.,-1.301098108291626,-4.426097869873047,3.124999761581421,1
v2|low|inchoative|overlay_subject_visit_s03_naumachy|bad|impale|3624,low,inchoative,bad,impale,naumachy,overlay_arg_1_match,overlay_subject_visit_s03,2.22,low_gap,supplemental_v2_bad_verbs, the,.,-1.228602409362793,-8.009852409362793,6.78125,1
v2|low|inchoative|overlay_subject_visit_s03_naumachy|bad|lambaste|3626,low,inchoative,bad,lambaste,naumachy,overlay_arg_1_match,overlay_subject_visit_s03,1.66,xtail,supplemental_v2_bad_verbs, the,.,-1.0558284521102905,-7.49332857131958,6.4375,1
v2|low|inchoative|overlay_subject_visit_s03_naumachy|bad|misguide|3627,low,inchoative,bad,misguide,naumachy,overlay_arg_1_match,overlay_subject_visit_s03,1.66,xtail,supplemental_v2_bad_verbs, the,.,-1.1000854969024658,-4.975085258483887,3.874999761581421,1
v2|low|inchoative|overlay_subject_visit_s03_naumachy|bad|paralyze|3630,low,inchoative,bad,paralyze,naumachy,overlay_arg_1_match,overlay_subject_visit_s03,2.65,tail,supplemental_v2_bad_verbs, the,.,-1.0801024436950684,-4.392602443695068,3.3125,1
v2|low|inchoative|overlay_subject_visit_s03_naumachy|bad|rebuke|3631,low,inchoative,bad,rebuke,naumachy,overlay_arg_1_match,overlay_subject_visit_s03,3.1,tail,supplemental_v2_bad_verbs, the,.,-0.9798200130462646,-6.042320251464844,5.0625,1
v2|low|inchoative|overlay_subject_visit_s03_naumachy|bad|reprove|3632,low,inchoative,bad,reprove,naumachy,overlay_arg_1_match,overlay_subject_visit_s03,1.79,xtail,supplemental_v2_bad_verbs, the,.,-1.40327787399292,-4.71577787399292,3.3125,1
v2|low|inchoative|overlay_subject_visit_s03_naumachy|bad|revile|3633,low,inchoative,bad,revile,naumachy,overlay_arg_1_match,overlay_subject_visit_s03,1.98,xtail,supplemental_v2_bad_verbs, the,.,-1.3477996587753296,-4.222799777984619,2.875,1
v2|low|inchoative|overlay_subject_visit_s03_naumachy|bad|scrutinize|3634,low,inchoative,bad,scrutinize,naumachy,overlay_arg_1_match,overlay_subject_visit_s03,2.76,tail,supplemental_v2_bad_verbs, the,.,-0.8401781320571899,-7.4964280128479,6.65625,1
v2|low|inchoative|overlay_subject_visit_s03_naumachy|bad|seclude|3635,low,inchoative,bad,seclude,naumachy,overlay_arg_1_match,overlay_subject_visit_s03,1.7,xtail,supplemental_v2_bad_verbs, the,.,-2.445681571960449,-4.570681571960449,2.125,1
v2|low|inchoative|overlay_subject_visit_s03_naumachy|bad|swindle|3637,low,inchoative,bad,swindle,naumachy,overlay_arg_1_match,overlay_subject_visit_s03,2.67,tail,supplemental_v2_bad_verbs, the,.,-1.3957257270812988,-5.520725727081299,4.125,1
v2|low|inchoative|overlay_subject_visit_s03_naumachy|bad|uproot|3638,low,inchoative,bad,uproot,naumachy,overlay_arg_1_match,overlay_subject_visit_s03,2.63,tail,supplemental_v2_bad_verbs, the,.,-1.2096617221832275,-4.584661483764648,3.374999761581421,1
v2|low|inchoative|overlay_subject_visit_s03_naumachy|bad|vilify|3639,low,inchoative,bad,vilify,naumachy,overlay_arg_1_match,overlay_subject_visit_s03,2.44,tail,supplemental_v2_bad_verbs, the,.,-1.115187168121338,-7.083937168121338,5.96875,1
v2|low|inchoative|overlay_subject_check_s01_vociferation|bad|abduct|3675,low,inchoative,bad,abduct,vociferation,overlay_arg_1_match,overlay_subject_check_s01,2.74,tail,supplemental_v2_bad_verbs, the,.,-1.1851518154144287,-5.685152053833008,4.5,1
v2|low|inchoative|overlay_subject_check_s01_vociferation|bad|abhor|3676,low,inchoative,bad,abhor,vociferation,overlay_arg_1_match,overlay_subject_check_s01,2.64,tail,supplemental_v2_bad_verbs, the,.,-1.8605445623397827,-4.673044681549072,2.8125,1
v2|low|inchoative|overlay_subject_check_s01_vociferation|bad|admonish|3678,low,inchoative,bad,admonish,vociferation,overlay_arg_1_match,overlay_subject_check_s01,2.29,low_gap,supplemental_v2_bad_verbs, the,.,-0.8974551558494568,-6.584955215454102,5.6875,1
v2|low|inchoative|overlay_subject_check_s01_vociferation|bad|assassinate|3679,low,inchoative,bad,assassinate,vociferation,overlay_arg_1_match,overlay_subject_check_s01,3.2,tail,supplemental_v2_bad_verbs, the,.,-1.1049432754516602,-5.66744327545166,4.5625,1
v2|low|inchoative|overlay_subject_check_s01_vociferation|bad|behead|3680,low,inchoative,bad,behead,vociferation,overlay_arg_1_match,overlay_subject_check_s01,2.71,tail,supplemental_v2_bad_verbs, the,.,-1.7153961658477783,-3.7778961658477783,2.0625,1
v2|low|inchoative|overlay_subject_check_s01_vociferation|bad|carjack|3681,low,inchoative,bad,carjack,vociferation,overlay_arg_1_match,overlay_subject_check_s01,1.78,xtail,supplemental_v2_bad_verbs, the,.,-1.1695215702056885,-5.107021331787109,3.937499761581421,1
v2|low|inchoative|overlay_subject_check_s01_vociferation|bad|castigate|3682,low,inchoative,bad,castigate,vociferation,overlay_arg_1_match,overlay_subject_check_s01,1.92,xtail,supplemental_v2_bad_verbs, the,.,-1.1279922723770142,-5.627992153167725,4.5,1
v2|low|inchoative|overlay_subject_check_s01_vociferation|bad|chasten|3683,low,inchoative,bad,chasten,vociferation,overlay_arg_1_match,overlay_subject_check_s01,1.72,xtail,supplemental_v2_bad_verbs, the,.,-1.2065600156784058,-4.456560134887695,3.25,1
v2|low|inchoative|overlay_subject_check_s01_vociferation|bad|coerce|3684,low,inchoative,bad,coerce,vociferation,overlay_arg_1_match,overlay_subject_check_s01,2.86,tail,supplemental_v2_bad_verbs, the,.,-0.8328074216842651,-5.895307540893555,5.0625,1
v2|low|inchoative|overlay_subject_check_s01_vociferation|bad|confiscate|3685,low,inchoative,bad,confiscate,vociferation,overlay_arg_1_match,overlay_subject_check_s01,2.93,tail,supplemental_v2_bad_verbs, the,.,-1.1221675872802734,-7.309667587280273,6.1875,1
v2|low|inchoative|overlay_subject_check_s01_vociferation|bad|denude|3686,low,inchoative,bad,denude,vociferation,overlay_arg_1_match,overlay_subject_check_s01,1.42,xtail,supplemental_v2_bad_verbs, the,.,-0.7723596692085266,-5.397359848022461,4.625,1
v2|low|inchoative|overlay_subject_check_s01_vociferation|bad|encumber|3689,low,inchoative,bad,encumber,vociferation,overlay_arg_1_match,overlay_subject_check_s01,1.68,xtail,supplemental_v2_bad_verbs, the,.,-0.7997570037841797,-4.67475700378418,3.875,1
v2|low|inchoative|overlay_subject_check_s01_vociferation|bad|enslave|3690,low,inchoative,bad,enslave,vociferation,overlay_arg_1_match,overlay_subject_check_s01,2.83,tail,supplemental_v2_bad_verbs, the,.,-1.041157603263855,-5.8536577224731445,4.8125,1
v2|low|inchoative|overlay_subject_check_s01_vociferation|bad|extort|3691,low,inchoative,bad,extort,vociferation,overlay_arg_1_match,overlay_subject_check_s01,2.82,tail,supplemental_v2_bad_verbs, the,.,-1.693511724472046,-5.506011962890625,3.812500238418579,1
v2|low|inchoative|overlay_subject_check_s01_vociferation|bad|hospitalize|3693,low,inchoative,bad,hospitalize,vociferation,overlay_arg_1_match,overlay_subject_check_s01,1.77,xtail,supplemental_v2_bad_verbs, the,.,-1.223157525062561,-4.5356574058532715,3.3125,1
v2|low|inchoative|overlay_subject_check_s01_vociferation|bad|impale|3694,low,inchoative,bad,impale,vociferation,overlay_arg_1_match,overlay_subject_check_s01,2.22,low_gap,supplemental_v2_bad_verbs, the,.,-1.0197761058807373,-5.707276344299316,4.6875,1
v2|low|inchoative|overlay_subject_check_s01_vociferation|bad|lambaste|3696,low,inchoative,bad,lambaste,vociferation,overlay_arg_1_match,overlay_subject_check_s01,1.66,xtail,supplemental_v2_bad_verbs, the,.,-1.0661303997039795,-6.816130638122559,5.75,1
v2|low|inchoative|overlay_subject_check_s01_vociferation|bad|misguide|3697,low,inchoative,bad,misguide,vociferation,overlay_arg_1_match,overlay_subject_check_s01,1.66,xtail,supplemental_v2_bad_verbs, the,.,-0.5347387194633484,-5.284738540649414,4.75,1
v2|low|inchoative|overlay_subject_check_s01_vociferation|bad|paralyze|3700,low,inchoative,bad,paralyze,vociferation,overlay_arg_1_match,overlay_subject_check_s01,2.65,tail,supplemental_v2_bad_verbs, the,.,-0.6530718803405762,-4.278071880340576,3.625,1
v2|low|inchoative|overlay_subject_check_s01_vociferation|bad|rebuke|3701,low,inchoative,bad,rebuke,vociferation,overlay_arg_1_match,overlay_subject_check_s01,3.1,tail,supplemental_v2_bad_verbs, the,.,-1.0691535472869873,-5.569153785705566,4.5,1
v2|low|inchoative|overlay_subject_check_s01_vociferation|bad|reprove|3702,low,inchoative,bad,reprove,vociferation,overlay_arg_1_match,overlay_subject_check_s01,1.79,xtail,supplemental_v2_bad_verbs, the,.,-1.1586074829101562,-4.971107482910156,3.8125,1
v2|low|inchoative|overlay_subject_check_s01_vociferation|bad|revile|3703,low,inchoative,bad,revile,vociferation,overlay_arg_1_match,overlay_subject_check_s01,1.98,xtail,supplemental_v2_bad_verbs, the,.,-1.2502129077911377,-4.937712669372559,3.687499761581421,1
v2|low|inchoative|overlay_subject_check_s01_vociferation|bad|scrutinize|3704,low,inchoative,bad,scrutinize,vociferation,overlay_arg_1_match,overlay_subject_check_s01,2.76,tail,supplemental_v2_bad_verbs, the,.,-0.7526987195014954,-8.15894889831543,7.40625,1
v2|low|inchoative|overlay_subject_check_s01_vociferation|bad|seclude|3705,low,inchoative,bad,seclude,vociferation,overlay_arg_1_match,overlay_subject_check_s01,1.7,xtail,supplemental_v2_bad_verbs, the,.,-1.2987205982208252,-4.548720359802246,3.249999761581421,1
v2|low|inchoative|overlay_subject_check_s01_vociferation|bad|swindle|3707,low,inchoative,bad,swindle,vociferation,overlay_arg_1_match,overlay_subject_check_s01,2.67,tail,supplemental_v2_bad_verbs, the,.,-1.1089760065078735,-4.983975887298584,3.875,1
v2|low|inchoative|overlay_subject_check_s01_vociferation|bad|uproot|3708,low,inchoative,bad,uproot,vociferation,overlay_arg_1_match,overlay_subject_check_s01,2.63,tail,supplemental_v2_bad_verbs, the,.,-1.0307505130767822,-5.593250274658203,4.5625,1
v2|low|inchoative|overlay_subject_check_s01_vociferation|bad|vilify|3709,low,inchoative,bad,vilify,vociferation,overlay_arg_1_match,overlay_subject_check_s01,2.44,tail,supplemental_v2_bad_verbs, the,.,-1.2223551273345947,-6.972354888916016,5.75,1
v2|low|inchoative|overlay_subject_trial_s03_rhizoid|bad|abduct|4025,low,inchoative,bad,abduct,rhizoid,overlay_arg_1_match,overlay_subject_trial_s03,2.74,tail,supplemental_v2_bad_verbs, the,.,-0.841046929359436,-6.4035468101501465,5.5625,1
v2|low|inchoative|overlay_subject_trial_s03_rhizoid|bad|abhor|4026,low,inchoative,bad,abhor,rhizoid,overlay_arg_1_match,overlay_subject_trial_s03,2.64,tail,supplemental_v2_bad_verbs, the,.,-1.4616494178771973,-5.836649417877197,4.375,1
v2|low|inchoative|overlay_subject_trial_s03_rhizoid|bad|admonish|4028,low,inchoative,bad,admonish,rhizoid,overlay_arg_1_match,overlay_subject_trial_s03,2.29,low_gap,supplemental_v2_bad_verbs, the,.,-0.7632542252540588,-6.950754165649414,6.1875,1
v2|low|inchoative|overlay_subject_trial_s03_rhizoid|bad|assassinate|4029,low,inchoative,bad,assassinate,rhizoid,overlay_arg_1_match,overlay_subject_trial_s03,3.2,tail,supplemental_v2_bad_verbs, the,.,-0.9734223484992981,-5.785922527313232,4.8125,1
v2|low|inchoative|overlay_subject_trial_s03_rhizoid|bad|behead|4030,low,inchoative,bad,behead,rhizoid,overlay_arg_1_match,overlay_subject_trial_s03,2.71,tail,supplemental_v2_bad_verbs, the,.,-1.3684306144714355,-5.1809306144714355,3.8125,1
v2|low|inchoative|overlay_subject_trial_s03_rhizoid|bad|carjack|4031,low,inchoative,bad,carjack,rhizoid,overlay_arg_1_match,overlay_subject_trial_s03,1.78,xtail,supplemental_v2_bad_verbs, the,.,-1.4928163290023804,-5.05531644821167,3.5625,1
v2|low|inchoative|overlay_subject_trial_s03_rhizoid|bad|castigate|4032,low,inchoative,bad,castigate,rhizoid,overlay_arg_1_match,overlay_subject_trial_s03,1.92,xtail,supplemental_v2_bad_verbs, the,.,-1.0429142713546753,-5.917914390563965,4.875,1
v2|low|inchoative|overlay_subject_trial_s03_rhizoid|bad|chasten|4033,low,inchoative,bad,chasten,rhizoid,overlay_arg_1_match,overlay_subject_trial_s03,1.72,xtail,supplemental_v2_bad_verbs, the,.,-1.293633222579956,-4.481133460998535,3.187500238418579,1
v2|low|inchoative|overlay_subject_trial_s03_rhizoid|bad|coerce|4034,low,inchoative,bad,coerce,rhizoid,overlay_arg_1_match,overlay_subject_trial_s03,2.86,tail,supplemental_v2_bad_verbs, the,.,-0.7575107216835022,-6.851260662078857,6.09375,1
v2|low|inchoative|overlay_subject_trial_s03_rhizoid|bad|confiscate|4035,low,inchoative,bad,confiscate,rhizoid,overlay_arg_1_match,overlay_subject_trial_s03,2.93,tail,supplemental_v2_bad_verbs, the,.,-1.2090981006622314,-6.709097862243652,5.5,1
v2|low|inchoative|overlay_subject_trial_s03_rhizoid|bad|denude|4036,low,inchoative,bad,denude,rhizoid,overlay_arg_1_match,overlay_subject_trial_s03,1.42,xtail,supplemental_v2_bad_verbs, the,.,-0.7634094953536987,-5.700909614562988,4.9375,1
v2|low|inchoative|overlay_subject_trial_s03_rhizoid|bad|encumber|4039,low,inchoative,bad,encumber,rhizoid,overlay_arg_1_match,overlay_subject_trial_s03,1.68,xtail,supplemental_v2_bad_verbs, the,.,-0.7459607124328613,-5.120960712432861,4.375,1
v2|low|inchoative|overlay_subject_trial_s03_rhizoid|bad|enslave|4040,low,inchoative,bad,enslave,rhizoid,overlay_arg_1_match,overlay_subject_trial_s03,2.83,tail,supplemental_v2_bad_verbs, the,.,-0.7165657877922058,-6.3415656089782715,5.625,1
v2|low|inchoative|overlay_subject_trial_s03_rhizoid|bad|extort|4041,low,inchoative,bad,extort,rhizoid,overlay_arg_1_match,overlay_subject_trial_s03,2.82,tail,supplemental_v2_bad_verbs, the,.,-2.0135226249694824,-5.513522624969482,3.5,1
v2|low|inchoative|overlay_subject_trial_s03_rhizoid|bad|hospitalize|4043,low,inchoative,bad,hospitalize,rhizoid,overlay_arg_1_match,overlay_subject_trial_s03,1.77,xtail,supplemental_v2_bad_verbs, the,.,-1.2678288221359253,-4.517828941345215,3.25,1
v2|low|inchoative|overlay_subject_trial_s03_rhizoid|bad|impale|4044,low,inchoative,bad,impale,rhizoid,overlay_arg_1_match,overlay_subject_trial_s03,2.22,low_gap,supplemental_v2_bad_verbs, the,.,-1.1448802947998047,-7.019880294799805,5.875,1
v2|low|inchoative|overlay_subject_trial_s03_rhizoid|bad|lambaste|4046,low,inchoative,bad,lambaste,rhizoid,overlay_arg_1_match,overlay_subject_trial_s03,1.66,xtail,supplemental_v2_bad_verbs, the,.,-1.0152870416641235,-6.421536922454834,5.40625,1
v2|low|inchoative|overlay_subject_trial_s03_rhizoid|bad|misguide|4047,low,inchoative,bad,misguide,rhizoid,overlay_arg_1_match,overlay_subject_trial_s03,1.66,xtail,supplemental_v2_bad_verbs, the,.,-0.6039731502532959,-6.103973388671875,5.5,1
v2|low|inchoative|overlay_subject_trial_s03_rhizoid|bad|paralyze|4050,low,inchoative,bad,paralyze,rhizoid,overlay_arg_1_match,overlay_subject_trial_s03,2.65,tail,supplemental_v2_bad_verbs, the,.,-0.7387194037437439,-5.051219463348389,4.3125,1
v2|low|inchoative|overlay_subject_trial_s03_rhizoid|bad|rebuke|4051,low,inchoative,bad,rebuke,rhizoid,overlay_arg_1_match,overlay_subject_trial_s03,3.1,tail,supplemental_v2_bad_verbs, the,.,-0.890770435333252,-5.078270435333252,4.1875,1
v2|low|inchoative|overlay_subject_trial_s03_rhizoid|bad|reprove|4052,low,inchoative,bad,reprove,rhizoid,overlay_arg_1_match,overlay_subject_trial_s03,1.79,xtail,supplemental_v2_bad_verbs, the,.,-1.6024376153945923,-5.227437496185303,3.625,1
v2|low|inchoative|overlay_subject_trial_s03_rhizoid|bad|revile|4053,low,inchoative,bad,revile,rhizoid,overlay_arg_1_match,overlay_subject_trial_s03,1.98,xtail,supplemental_v2_bad_verbs, the,.,-1.8970873355865479,-5.209587097167969,3.312499761581421,1
v2|low|inchoative|overlay_subject_trial_s03_rhizoid|bad|scrutinize|4054,low,inchoative,bad,scrutinize,rhizoid,overlay_arg_1_match,overlay_subject_trial_s03,2.76,tail,supplemental_v2_bad_verbs, the,.,-0.8902407288551331,-6.452740669250488,5.5625,1
v2|low|inchoative|overlay_subject_trial_s03_rhizoid|bad|seclude|4055,low,inchoative,bad,seclude,rhizoid,overlay_arg_1_match,overlay_subject_trial_s03,1.7,xtail,supplemental_v2_bad_verbs, the,.,-2.1601481437683105,-4.7851481437683105,2.625,1
v2|low|inchoative|overlay_subject_trial_s03_rhizoid|bad|swindle|4057,low,inchoative,bad,swindle,rhizoid,overlay_arg_1_match,overlay_subject_trial_s03,2.67,tail,supplemental_v2_bad_verbs, the,.,-1.2209383249282837,-5.220938205718994,4.0,1
v2|low|inchoative|overlay_subject_trial_s03_rhizoid|bad|uproot|4058,low,inchoative,bad,uproot,rhizoid,overlay_arg_1_match,overlay_subject_trial_s03,2.63,tail,supplemental_v2_bad_verbs, the,.,-2.128573417663574,-4.628573417663574,2.5,1
v2|low|inchoative|overlay_subject_trial_s03_rhizoid|bad|vilify|4059,low,inchoative,bad,vilify,rhizoid,overlay_arg_1_match,overlay_subject_trial_s03,2.44,tail,supplemental_v2_bad_verbs, the,.,-1.0169931650161743,-6.766993045806885,5.75,1
v2|low|inchoative|overlay_subject_lab_s02_megatherium|good|blacken|4114,low,inchoative,good,blacken,megatherium,overlay_arg_1_match,overlay_subject_lab_s02,2.25,low_gap,freqblimp_curated,., the,-3.2064080238342285,-2.8314080238342285,-0.375,0
v2|low|inchoative|overlay_subject_lab_s02_megatherium|good|brighten|4115,low,inchoative,good,brighten,megatherium,overlay_arg_1_match,overlay_subject_lab_s02,2.5999999046325684,tail,freqblimp_curated,., the,-4.350456237792969,-2.1629562377929688,-2.1875,0
v2|low|inchoative|overlay_subject_lab_s02_megatherium|good|condense|4118,low,inchoative,good,condense,megatherium,overlay_arg_1_match,overlay_subject_lab_s02,2.7100000381469727,tail,freqblimp_curated,., the,-5.584296226501465,-2.459296226501465,-3.125,0
v2|low|inchoative|overlay_subject_lab_s02_megatherium|good|darken|4120,low,inchoative,good,darken,megatherium,overlay_arg_1_match,overlay_subject_lab_s02,2.880000114440918,tail,freqblimp_curated,., the,-4.00932502746582,-3.3218252658843994,-0.6874997615814209,0
v2|low|inchoative|overlay_subject_lab_s02_megatherium|good|evaporate|4123,low,inchoative,good,evaporate,megatherium,overlay_arg_1_match,overlay_subject_lab_s02,3.009999990463257,tail,freqblimp_curated,., the,-3.593205213546753,-2.780705213546753,-0.8125,0
v2|low|inchoative|overlay_subject_lab_s02_megatherium|good|flatten|4124,low,inchoative,good,flatten,megatherium,overlay_arg_1_match,overlay_subject_lab_s02,2.9800000190734863,tail,freqblimp_curated,., the,-4.889650344848633,-2.5146501064300537,-2.375000238418579,0
v2|low|inchoative|overlay_subject_lab_s02_megatherium|good|fray|4125,low,inchoative,good,fray,megatherium,overlay_arg_1_match,overlay_subject_lab_s02,1.7000000476837158,xtail,freqblimp_curated,., the,-4.873220443725586,-1.623220682144165,-3.249999761581421,0
v2|low|inchoative|overlay_subject_lab_s02_megatherium|good|loosen|4127,low,inchoative,good,loosen,megatherium,overlay_arg_1_match,overlay_subject_lab_s02,2.4200000762939453,tail,freqblimp_curated,., the,-6.383848190307617,-1.1338484287261963,-5.25,0
v2|low|inchoative|overlay_subject_lab_s02_megatherium|good|scorch|4128,low,inchoative,good,scorch,megatherium,overlay_arg_1_match,overlay_subject_lab_s02,2.7300000190734863,tail,freqblimp_curated,., the,-4.717942714691162,-1.592942714691162,-3.125,0
v2|low|inchoative|overlay_subject_lab_s02_megatherium|good|shatter|4129,low,inchoative,good,shatter,megatherium,overlay_arg_1_match,overlay_subject_lab_s02,2.799999952316284,tail,freqblimp_curated,., the,-4.585569858551025,-1.773069977760315,-2.8125,0
v2|low|inchoative|overlay_subject_lab_s02_megatherium|good|solidify|4132,low,inchoative,good,solidify,megatherium,overlay_arg_1_match,overlay_subject_lab_s02,2.990000009536743,tail,freqblimp_curated,., the,-3.9259731769561768,-3.0509731769561768,-0.875,0
v2|low|inchoative|overlay_subject_lab_s02_megatherium|good|tighten|4133,low,inchoative,good,tighten,megatherium,overlay_arg_1_match,overlay_subject_lab_s02,2.700000047683716,tail,freqblimp_curated,., the,-7.359903335571289,-1.1724032163619995,-6.1875,0
v2|low|inchoative|overlay_subject_lab_s02_megatherium|good|vaporize|4135,low,inchoative,good,vaporize,megatherium,overlay_arg_1_match,overlay_subject_lab_s02,2.4700000286102295,tail,freqblimp_curated,., the,-4.295528411865234,-2.2330284118652344,-2.0625,0
v2|low|inchoative|overlay_subject_lab_s02_megatherium|good|wrinkle|4137,low,inchoative,good,wrinkle,megatherium,overlay_arg_1_match,overlay_subject_lab_s02,3.119999885559082,tail,freqblimp_curated,., the,-4.762660503387451,-1.8251605033874512,-2.9375,0
v2|low|inchoative|overlay_subject_lab_s03_megillah|good|blacken|4140,low,inchoative,good,blacken,megillah,overlay_arg_1_match,overlay_subject_lab_s03,2.25,low_gap,freqblimp_curated,., the,-3.055619955062866,-1.4306199550628662,-1.625,0
v2|low|inchoative|overlay_subject_lab_s03_megillah|good|brighten|4141,low,inchoative,good,brighten,megillah,overlay_arg_1_match,overlay_subject_lab_s03,2.5999999046325684,tail,freqblimp_curated,., the,-2.70548677444458,-2.33048677444458,-0.375,0
v2|low|inchoative|overlay_subject_lab_s03_megillah|good|condense|4144,low,inchoative,good,condense,megillah,overlay_arg_1_match,overlay_subject_lab_s03,2.7100000381469727,tail,freqblimp_curated,., the,-4.239647388458252,-2.989647388458252,-1.25,0
v2|low|inchoative|overlay_subject_lab_s03_megillah|good|darken|4146,low,inchoative,good,darken,megillah,overlay_arg_1_match,overlay_subject_lab_s03,2.880000114440918,tail,freqblimp_curated,., the,-2.5447893142700195,-2.8572893142700195,0.3125,1
v2|low|inchoative|overlay_subject_lab_s03_megillah|good|evaporate|4149,low,inchoative,good,evaporate,megillah,overlay_arg_1_match,overlay_subject_lab_s03,3.009999990463257,tail,freqblimp_curated,., the,-2.462710380554199,-5.087710380554199,2.625,1
v2|low|inchoative|overlay_subject_lab_s03_megillah|good|flatten|4150,low,inchoative,good,flatten,megillah,overlay_arg_1_match,overlay_subject_lab_s03,2.9800000190734863,tail,freqblimp_curated,., the,-3.4875905513763428,-2.2375905513763428,-1.25,0
v2|low|inchoative|overlay_subject_lab_s03_megillah|good|fray|4151,low,inchoative,good,fray,megillah,overlay_arg_1_match,overlay_subject_lab_s03,1.7000000476837158,xtail,freqblimp_curated,., the,-2.721078395843506,-2.221078395843506,-0.5,0
v2|low|inchoative|overlay_subject_lab_s03_megillah|good|loosen|4153,low,inchoative,good,loosen,megillah,overlay_arg_1_match,overlay_subject_lab_s03,2.4200000762939453,tail,freqblimp_curated,., the,-3.960332155227661,-1.5228321552276611,-2.4375,0
v2|low|inchoative|overlay_subject_lab_s03_megillah|good|scorch|4154,low,inchoative,good,scorch,megillah,overlay_arg_1_match,overlay_subject_lab_s03,2.7300000190734863,tail,freqblimp_curated,., the,-3.837153911590576,-1.2746539115905762,-2.5625,0
v2|low|inchoative|overlay_subject_lab_s03_megillah|good|shatter|4155,low,inchoative,good,shatter,megillah,overlay_arg_1_match,overlay_subject_lab_s03,2.799999952316284,tail,freqblimp_curated,., the,-2.6035475730895996,-1.60354745388031,-1.0000001192092896,0
v2|low|inchoative|overlay_subject_lab_s03_megillah|good|solidify|4158,low,inchoative,good,solidify,megillah,overlay_arg_1_match,overlay_subject_lab_s03,2.990000009536743,tail,freqblimp_curated,., the,-2.7787888050079346,-3.2787888050079346,0.5,1
v2|low|inchoative|overlay_subject_lab_s03_megillah|good|tighten|4159,low,inchoative,good,tighten,megillah,overlay_arg_1_match,overlay_subject_lab_s03,2.700000047683716,tail,freqblimp_curated,., the,-3.4123833179473877,-1.6623833179473877,-1.75,0
v2|low|inchoative|overlay_subject_lab_s03_megillah|good|vaporize|4161,low,inchoative,good,vaporize,megillah,overlay_arg_1_match,overlay_subject_lab_s03,2.4700000286102295,tail,freqblimp_curated,., the,-2.7362709045410156,-2.4237709045410156,-0.3125,0
v2|low|inchoative|overlay_subject_lab_s03_megillah|good|wrinkle|4163,low,inchoative,good,wrinkle,megillah,overlay_arg_1_match,overlay_subject_lab_s03,3.119999885559082,tail,freqblimp_curated,., the,-2.733116626739502,-2.170616626739502,-0.5625,0
v2|low|inchoative|overlay_subject_visit_s00_nauclea|good|blacken|4166,low,inchoative,good,blacken,nauclea,overlay_arg_1_match,overlay_subject_visit_s00,2.25,low_gap,freqblimp_curated,., the,-3.2268106937408447,-1.9768106937408447,-1.25,0
v2|low|inchoative|overlay_subject_visit_s00_nauclea|good|brighten|4167,low,inchoative,good,brighten,nauclea,overlay_arg_1_match,overlay_subject_visit_s00,2.5999999046325684,tail,freqblimp_curated,., the,-3.8311476707458496,-2.4561476707458496,-1.375,0
v2|low|inchoative|overlay_subject_visit_s00_nauclea|good|condense|4170,low,inchoative,good,condense,nauclea,overlay_arg_1_match,overlay_subject_visit_s00,2.7100000381469727,tail,freqblimp_curated,., the,-4.881664276123047,-2.3191640377044678,-2.562500238418579,0
v2|low|inchoative|overlay_subject_visit_s00_nauclea|good|darken|4172,low,inchoative,good,darken,nauclea,overlay_arg_1_match,overlay_subject_visit_s00,2.880000114440918,tail,freqblimp_curated,., the,-2.997952461242676,-2.747952461242676,-0.25,0
v2|low|inchoative|overlay_subject_visit_s00_nauclea|good|evaporate|4175,low,inchoative,good,evaporate,nauclea,overlay_arg_1_match,overlay_subject_visit_s00,3.009999990463257,tail,freqblimp_curated,., the,-2.600031852722168,-5.287531852722168,2.6875,1
v2|low|inchoative|overlay_subject_visit_s00_nauclea|good|flatten|4176,low,inchoative,good,flatten,nauclea,overlay_arg_1_match,overlay_subject_visit_s00,2.9800000190734863,tail,freqblimp_curated,., the,-4.255311012268066,-1.9428110122680664,-2.3125,0
v2|low|inchoative|overlay_subject_visit_s00_nauclea|good|fray|4177,low,inchoative,good,fray,nauclea,overlay_arg_1_match,overlay_subject_visit_s00,1.7000000476837158,xtail,freqblimp_curated,., the,-4.579265594482422,-1.9542657136917114,-2.625,0
v2|low|inchoative|overlay_subject_visit_s00_nauclea|good|loosen|4179,low,inchoative,good,loosen,nauclea,overlay_arg_1_match,overlay_subject_visit_s00,2.4200000762939453,tail,freqblimp_curated,., the,-5.2455854415893555,-1.6205852031707764,-3.625000238418579,0
v2|low|inchoative|overlay_subject_visit_s00_nauclea|good|scorch|4180,low,inchoative,good,scorch,nauclea,overlay_arg_1_match,overlay_subject_visit_s00,2.7300000190734863,tail,freqblimp_curated,., the,-4.810286045074463,-1.122786045074463,-3.6875,0
v2|low|inchoative|overlay_subject_visit_s00_nauclea|good|shatter|4181,low,inchoative,good,shatter,nauclea,overlay_arg_1_match,overlay_subject_visit_s00,2.799999952316284,tail,freqblimp_curated,., the,-3.2158010005950928,-1.9658010005950928,-1.25,0
v2|low|inchoative|overlay_subject_visit_s00_nauclea|good|solidify|4184,low,inchoative,good,solidify,nauclea,overlay_arg_1_match,overlay_subject_visit_s00,2.990000009536743,tail,freqblimp_curated,., the,-3.2316226959228516,-2.1066226959228516,-1.125,0
v2|low|inchoative|overlay_subject_visit_s00_nauclea|good|tighten|4185,low,inchoative,good,tighten,nauclea,overlay_arg_1_match,overlay_subject_visit_s00,2.700000047683716,tail,freqblimp_curated,., the,-6.712160587310791,-1.2746604681015015,-5.4375,0
v2|low|inchoative|overlay_subject_visit_s00_nauclea|good|vaporize|4187,low,inchoative,good,vaporize,nauclea,overlay_arg_1_match,overlay_subject_visit_s00,2.4700000286102295,tail,freqblimp_curated,., the,-2.793187141418457,-2.418187141418457,-0.375,0
v2|low|inchoative|overlay_subject_visit_s00_nauclea|good|wrinkle|4189,low,inchoative,good,wrinkle,nauclea,overlay_arg_1_match,overlay_subject_visit_s00,3.119999885559082,tail,freqblimp_curated,., the,-3.525656223297119,-2.400656223297119,-1.125,0
v2|low|inchoative|overlay_subject_visit_s01_naucrates|good|blacken|4192,low,inchoative,good,blacken,naucrates,overlay_arg_1_match,overlay_subject_visit_s01,2.25,low_gap,freqblimp_curated,., the,-4.697845935821533,-1.4478459358215332,-3.25,0
v2|low|inchoative|overlay_subject_visit_s01_naucrates|good|brighten|4193,low,inchoative,good,brighten,naucrates,overlay_arg_1_match,overlay_subject_visit_s01,2.5999999046325684,tail,freqblimp_curated,., the,-3.9478118419647217,-2.1353118419647217,-1.8125,0
v2|low|inchoative|overlay_subject_visit_s01_naucrates|good|condense|4196,low,inchoative,good,condense,naucrates,overlay_arg_1_match,overlay_subject_visit_s01,2.7100000381469727,tail,freqblimp_curated,., the,-4.934576034545898,-2.0595757961273193,-2.875000238418579,0
v2|low|inchoative|overlay_subject_visit_s01_naucrates|good|darken|4198,low,inchoative,good,darken,naucrates,overlay_arg_1_match,overlay_subject_visit_s01,2.880000114440918,tail,freqblimp_curated,., the,-3.8549256324768066,-1.4174257516860962,-2.4375,0
v2|low|inchoative|overlay_subject_visit_s01_naucrates|good|evaporate|4201,low,inchoative,good,evaporate,naucrates,overlay_arg_1_match,overlay_subject_visit_s01,3.009999990463257,tail,freqblimp_curated,., the,-2.608509063720703,-3.483509063720703,0.875,1
v2|low|inchoative|overlay_subject_visit_s01_naucrates|good|flatten|4202,low,inchoative,good,flatten,naucrates,overlay_arg_1_match,overlay_subject_visit_s01,2.9800000190734863,tail,freqblimp_curated,., the,-6.366119384765625,-1.3036192655563354,-5.0625,0
v2|low|inchoative|overlay_subject_visit_s01_naucrates|good|fray|4203,low,inchoative,good,fray,naucrates,overlay_arg_1_match,overlay_subject_visit_s01,1.7000000476837158,xtail,freqblimp_curated,., the,-5.079643726348877,-2.267143726348877,-2.8125,0
v2|low|inchoative|overlay_subject_visit_s01_naucrates|good|loosen|4205,low,inchoative,good,loosen,naucrates,overlay_arg_1_match,overlay_subject_visit_s01,2.4200000762939453,tail,freqblimp_curated,., the,-5.806374549865723,-1.6813747882843018,-4.125,0
v2|low|inchoative|overlay_subject_visit_s01_naucrates|good|scorch|4206,low,inchoative,good,scorch,naucrates,overlay_arg_1_match,overlay_subject_visit_s01,2.7300000190734863,tail,freqblimp_curated,., the,-5.458725929260254,-1.083725929260254,-4.375,0
v2|low|inchoative|overlay_subject_visit_s01_naucrates|good|shatter|4207,low,inchoative,good,shatter,naucrates,overlay_arg_1_match,overlay_subject_visit_s01,2.799999952316284,tail,freqblimp_curated,., the,-4.442959308624268,-1.3179594278335571,-3.125,0
v2|low|inchoative|overlay_subject_visit_s01_naucrates|good|solidify|4210,low,inchoative,good,solidify,naucrates,overlay_arg_1_match,overlay_subject_visit_s01,2.990000009536743,tail,freqblimp_curated,., the,-6.917482852935791,-1.917482852935791,-5.0,0
v2|low|inchoative|overlay_subject_visit_s01_naucrates|good|tighten|4211,low,inchoative,good,tighten,naucrates,overlay_arg_1_match,overlay_subject_visit_s01,2.700000047683716,tail,freqblimp_curated,., the,-6.973501205444336,-1.411001443862915,-5.5625,0
v2|low|inchoative|overlay_subject_visit_s01_naucrates|good|vaporize|4213,low,inchoative,good,vaporize,naucrates,overlay_arg_1_match,overlay_subject_visit_s01,2.4700000286102295,tail,freqblimp_curated,., the,-3.0221011638641357,-1.8346011638641357,-1.1875,0
v2|low|inchoative|overlay_subject_visit_s01_naucrates|good|wrinkle|4215,low,inchoative,good,wrinkle,naucrates,overlay_arg_1_match,overlay_subject_visit_s01,3.119999885559082,tail,freqblimp_curated,., the,-4.198850154876709,-3.011350154876709,-1.1875,0
v2|low|inchoative|overlay_subject_visit_s03_naumachy|good|blacken|4244,low,inchoative,good,blacken,naumachy,overlay_arg_1_match,overlay_subject_visit_s03,2.25,low_gap,freqblimp_curated,., the,-3.32578444480896,-1.45078444480896,-1.875,0
v2|low|inchoative|overlay_subject_visit_s03_naumachy|good|brighten|4245,low,inchoative,good,brighten,naumachy,overlay_arg_1_match,overlay_subject_visit_s03,2.5999999046325684,tail,freqblimp_curated,., the,-2.637091636657715,-2.762091636657715,0.125,1
v2|low|inchoative|overlay_subject_visit_s03_naumachy|good|condense|4248,low,inchoative,good,condense,naumachy,overlay_arg_1_match,overlay_subject_visit_s03,2.7100000381469727,tail,freqblimp_curated,., the,-3.677363395690918,-3.114863395690918,-0.5625,0
v2|low|inchoative|overlay_subject_visit_s03_naumachy|good|darken|4250,low,inchoative,good,darken,naumachy,overlay_arg_1_match,overlay_subject_visit_s03,2.880000114440918,tail,freqblimp_curated,., the,-2.3919003009796143,-2.2044003009796143,-0.1875,0
v2|low|inchoative|overlay_subject_visit_s03_naumachy|good|evaporate|4253,low,inchoative,good,evaporate,naumachy,overlay_arg_1_match,overlay_subject_visit_s03,3.009999990463257,tail,freqblimp_curated,., the,-1.5393463373184204,-5.726846218109131,4.1875,1
v2|low|inchoative|overlay_subject_visit_s03_naumachy|good|flatten|4254,low,inchoative,good,flatten,naumachy,overlay_arg_1_match,overlay_subject_visit_s03,2.9800000190734863,tail,freqblimp_curated,., the,-3.6250815391540527,-1.5000814199447632,-2.125,0
v2|low|inchoative|overlay_subject_visit_s03_naumachy|good|fray|4255,low,inchoative,good,fray,naumachy,overlay_arg_1_match,overlay_subject_visit_s03,1.7000000476837158,xtail,freqblimp_curated,., the,-3.086796998977661,-2.336796998977661,-0.75,0
v2|low|inchoative|overlay_subject_visit_s03_naumachy|good|loosen|4257,low,inchoative,good,loosen,naumachy,overlay_arg_1_match,overlay_subject_visit_s03,2.4200000762939453,tail,freqblimp_curated,., the,-3.5580155849456787,-2.2455155849456787,-1.3125,0
v2|low|inchoative|overlay_subject_visit_s03_naumachy|good|scorch|4258,low,inchoative,good,scorch,naumachy,overlay_arg_1_match,overlay_subject_visit_s03,2.7300000190734863,tail,freqblimp_curated,., the,-3.878960132598877,-1.2539602518081665,-2.625,0
v2|low|inchoative|overlay_subject_visit_s03_naumachy|good|shatter|4259,low,inchoative,good,shatter,naumachy,overlay_arg_1_match,overlay_subject_visit_s03,2.799999952316284,tail,freqblimp_curated,., the,-2.317300319671631,-2.004800319671631,-0.3125,0
v2|low|inchoative|overlay_subject_visit_s03_naumachy|good|solidify|4262,low,inchoative,good,solidify,naumachy,overlay_arg_1_match,overlay_subject_visit_s03,2.990000009536743,tail,freqblimp_curated,., the,-2.7283620834350586,-1.9783620834350586,-0.75,0
v2|low|inchoative|overlay_subject_visit_s03_naumachy|good|tighten|4263,low,inchoative,good,tighten,naumachy,overlay_arg_1_match,overlay_subject_visit_s03,2.700000047683716,tail,freqblimp_curated,., the,-3.1737356185913086,-2.6737356185913086,-0.5,0
v2|low|inchoative|overlay_subject_visit_s03_naumachy|good|vaporize|4265,low,inchoative,good,vaporize,naumachy,overlay_arg_1_match,overlay_subject_visit_s03,2.4700000286102295,tail,freqblimp_curated,., the,-2.1742234230041504,-2.6117234230041504,0.4375,1
v2|low|inchoative|overlay_subject_visit_s03_naumachy|good|wrinkle|4267,low,inchoative,good,wrinkle,naumachy,overlay_arg_1_match,overlay_subject_visit_s03,3.119999885559082,tail,freqblimp_curated,., the,-3.200922966003418,-2.013422966003418,-1.1875,0
v2|low|inchoative|overlay_subject_check_s01_vociferation|good|blacken|4296,low,inchoative,good,blacken,vociferation,overlay_arg_1_match,overlay_subject_check_s01,2.25,low_gap,freqblimp_curated,., the,-3.337106943130493,-1.1496069431304932,-2.1875,0
v2|low|inchoative|overlay_subject_check_s01_vociferation|good|brighten|4297,low,inchoative,good,brighten,vociferation,overlay_arg_1_match,overlay_subject_check_s01,2.5999999046325684,tail,freqblimp_curated,., the,-3.655963897705078,-1.9684638977050781,-1.6875,0
v2|low|inchoative|overlay_subject_check_s01_vociferation|good|condense|4300,low,inchoative,good,condense,vociferation,overlay_arg_1_match,overlay_subject_check_s01,2.7100000381469727,tail,freqblimp_curated,., the,-4.403825759887695,-1.6538257598876953,-2.75,0
v2|low|inchoative|overlay_subject_check_s01_vociferation|good|darken|4302,low,inchoative,good,darken,vociferation,overlay_arg_1_match,overlay_subject_check_s01,2.880000114440918,tail,freqblimp_curated,., the,-3.1035120487213135,-1.6035120487213135,-1.5,0
v2|low|inchoative|overlay_subject_check_s01_vociferation|good|evaporate|4305,low,inchoative,good,evaporate,vociferation,overlay_arg_1_match,overlay_subject_check_s01,3.009999990463257,tail,freqblimp_curated,., the,-2.5217432975769043,-2.8967432975769043,0.375,1
v2|low|inchoative|overlay_subject_check_s01_vociferation|good|flatten|4306,low,inchoative,good,flatten,vociferation,overlay_arg_1_match,overlay_subject_check_s01,2.9800000190734863,tail,freqblimp_curated,., the,-4.884402275085449,-0.821902334690094,-4.0625,0
v2|low|inchoative|overlay_subject_check_s01_vociferation|good|fray|4307,low,inchoative,good,fray,vociferation,overlay_arg_1_match,overlay_subject_check_s01,1.7000000476837158,xtail,freqblimp_curated,., the,-3.6814489364624023,-1.2439489364624023,-2.4375,0
v2|low|inchoative|overlay_subject_check_s01_vociferation|good|loosen|4309,low,inchoative,good,loosen,vociferation,overlay_arg_1_match,overlay_subject_check_s01,2.4200000762939453,tail,freqblimp_curated,., the,-4.553140640258789,-0.8656408190727234,-3.687499761581421,0
v2|low|inchoative|overlay_subject_check_s01_vociferation|good|scorch|4310,low,inchoative,good,scorch,vociferation,overlay_arg_1_match,overlay_subject_check_s01,2.7300000190734863,tail,freqblimp_curated,., the,-4.320357322692871,-1.0078572034835815,-3.3125,0
v2|low|inchoative|overlay_subject_check_s01_vociferation|good|shatter|4311,low,inchoative,good,shatter,vociferation,overlay_arg_1_match,overlay_subject_check_s01,2.799999952316284,tail,freqblimp_curated,., the,-3.8801589012145996,-0.9426589012145996,-2.9375,0
v2|low|inchoative|overlay_subject_check_s01_vociferation|good|solidify|4314,low,inchoative,good,solidify,vociferation,overlay_arg_1_match,overlay_subject_check_s01,2.990000009536743,tail,freqblimp_curated,., the,-2.9426114559173584,-1.6301114559173584,-1.3125,0
v2|low|inchoative|overlay_subject_check_s01_vociferation|good|tighten|4315,low,inchoative,good,tighten,vociferation,overlay_arg_1_match,overlay_subject_check_s01,2.700000047683716,tail,freqblimp_curated,., the,-3.3366494178771973,-1.8991494178771973,-1.4375,0
v2|low|inchoative|overlay_subject_check_s01_vociferation|good|vaporize|4317,low,inchoative,good,vaporize,vociferation,overlay_arg_1_match,overlay_subject_check_s01,2.4700000286102295,tail,freqblimp_curated,., the,-3.9297988414764404,-1.1797988414764404,-2.75,0
v2|low|inchoative|overlay_subject_check_s01_vociferation|good|wrinkle|4319,low,inchoative,good,wrinkle,vociferation,overlay_arg_1_match,overlay_subject_check_s01,3.119999885559082,tail,freqblimp_curated,., the,-3.8489227294921875,-1.223922610282898,-2.625,0
v2|low|inchoative|overlay_subject_trial_s03_rhizoid|good|blacken|4556,low,inchoative,good,blacken,rhizoid,overlay_arg_1_match,overlay_subject_trial_s03,2.25,low_gap,freqblimp_curated,., the,-2.9057188034057617,-4.780718803405762,1.875,1
v2|low|inchoative|overlay_subject_trial_s03_rhizoid|good|brighten|4557,low,inchoative,good,brighten,rhizoid,overlay_arg_1_match,overlay_subject_trial_s03,2.5999999046325684,tail,freqblimp_curated,., the,-3.947335958480835,-3.009835958480835,-0.9375,0
v2|low|inchoative|overlay_subject_trial_s03_rhizoid|good|condense|4560,low,inchoative,good,condense,rhizoid,overlay_arg_1_match,overlay_subject_trial_s03,2.7100000381469727,tail,freqblimp_curated,., the,-4.717977523803711,-2.717977523803711,-2.0,0
v2|low|inchoative|overlay_subject_trial_s03_rhizoid|good|darken|4562,low,inchoative,good,darken,rhizoid,overlay_arg_1_match,overlay_subject_trial_s03,2.880000114440918,tail,freqblimp_curated,., the,-3.1666226387023926,-4.041622638702393,0.875,1
v2|low|inchoative|overlay_subject_trial_s03_rhizoid|good|evaporate|4565,low,inchoative,good,evaporate,rhizoid,overlay_arg_1_match,overlay_subject_trial_s03,3.009999990463257,tail,freqblimp_curated,., the,-3.156102180480957,-3.718602180480957,0.5625,1
v2|low|inchoative|overlay_subject_trial_s03_rhizoid|good|flatten|4566,low,inchoative,good,flatten,rhizoid,overlay_arg_1_match,overlay_subject_trial_s03,2.9800000190734863,tail,freqblimp_curated,., the,-3.878572463989258,-4.128572463989258,0.25,1
v2|low|inchoative|overlay_subject_trial_s03_rhizoid|good|fray|4567,low,inchoative,good,fray,rhizoid,overlay_arg_1_match,overlay_subject_trial_s03,1.7000000476837158,xtail,freqblimp_curated,., the,-3.6974050998687744,-3.7599050998687744,0.0625,1
v2|low|inchoative|overlay_subject_trial_s03_rhizoid|good|loosen|4569,low,inchoative,good,loosen,rhizoid,overlay_arg_1_match,overlay_subject_trial_s03,2.4200000762939453,tail,freqblimp_curated,., the,-4.182533264160156,-2.9950332641601562,-1.1875,0
v2|low|inchoative|overlay_subject_trial_s03_rhizoid|good|scorch|4570,low,inchoative,good,scorch,rhizoid,overlay_arg_1_match,overlay_subject_trial_s03,2.7300000190734863,tail,freqblimp_curated,., the,-3.6633517742156982,-1.7258517742156982,-1.9375,0
v2|low|inchoative|overlay_subject_trial_s03_rhizoid|good|shatter|4571,low,inchoative,good,shatter,rhizoid,overlay_arg_1_match,overlay_subject_trial_s03,2.799999952316284,tail,freqblimp_curated,., the,-3.256235122680664,-3.006235122680664,-0.25,0
v2|low|inchoative|overlay_subject_trial_s03_rhizoid|good|solidify|4574,low,inchoative,good,solidify,rhizoid,overlay_arg_1_match,overlay_subject_trial_s03,2.990000009536743,tail,freqblimp_curated,., the,-3.1835408210754395,-4.6210408210754395,1.4375,1
v2|low|inchoative|overlay_subject_trial_s03_rhizoid|good|tighten|4575,low,inchoative,good,tighten,rhizoid,overlay_arg_1_match,overlay_subject_trial_s03,2.700000047683716,tail,freqblimp_curated,., the,-4.0210981369018555,-2.7085978984832764,-1.312500238418579,0
v2|low|inchoative|overlay_subject_trial_s03_rhizoid|good|vaporize|4577,low,inchoative,good,vaporize,rhizoid,overlay_arg_1_match,overlay_subject_trial_s03,2.4700000286102295,tail,freqblimp_curated,., the,-3.4910621643066406,-2.3660621643066406,-1.125,0
v2|low|inchoative|overlay_subject_trial_s03_rhizoid|good|wrinkle|4579,low,inchoative,good,wrinkle,rhizoid,overlay_arg_1_match,overlay_subject_trial_s03,3.119999885559082,tail,freqblimp_curated,., the,-3.338775634765625,-3.338775634765625,0.0,0
v2|low|inchoative|overlay_subject_lab_s00_megatheriid|bad|abduct|3360,low,inchoative,bad,abduct,megatheriid,overlay_arg_1_match,overlay_subject_lab_s00,2.74,tail,supplemental_v2_bad_verbs, the,.,-2.2962231636047363,-7.483723163604736,5.1875,1
v2|low|inchoative|overlay_subject_lab_s00_megatheriid|bad|abhor|3361,low,inchoative,bad,abhor,megatheriid,overlay_arg_1_match,overlay_subject_lab_s00,2.64,tail,supplemental_v2_bad_verbs, the,.,-1.5574759244918823,-6.744976043701172,5.1875,1
v2|low|inchoative|overlay_subject_lab_s00_megatheriid|bad|admonish|3363,low,inchoative,bad,admonish,megatheriid,overlay_arg_1_match,overlay_subject_lab_s00,2.29,low_gap,supplemental_v2_bad_verbs, the,.,-1.694061040878296,-6.194061279296875,4.5,1
v2|low|inchoative|overlay_subject_lab_s00_megatheriid|bad|assassinate|3364,low,inchoative,bad,assassinate,megatheriid,overlay_arg_1_match,overlay_subject_lab_s00,3.2,tail,supplemental_v2_bad_verbs, the,.,-1.9131475687026978,-6.600647449493408,4.6875,1
v2|low|inchoative|overlay_subject_lab_s00_megatheriid|bad|behead|3365,low,inchoative,bad,behead,megatheriid,overlay_arg_1_match,overlay_subject_lab_s00,2.71,tail,supplemental_v2_bad_verbs, the,.,-2.0033607482910156,-6.878360748291016,4.875,1
v2|low|inchoative|overlay_subject_lab_s00_megatheriid|bad|carjack|3366,low,inchoative,bad,carjack,megatheriid,overlay_arg_1_match,overlay_subject_lab_s00,1.78,xtail,supplemental_v2_bad_verbs, the,.,-2.4829134941101074,-5.982913494110107,3.5,1
v2|low|inchoative|overlay_subject_lab_s00_megatheriid|bad|castigate|3367,low,inchoative,bad,castigate,megatheriid,overlay_arg_1_match,overlay_subject_lab_s00,1.92,xtail,supplemental_v2_bad_verbs, the,.,-1.7956050634384155,-6.108105182647705,4.3125,1
v2|low|inchoative|overlay_subject_lab_s00_megatheriid|bad|chasten|3368,low,inchoative,bad,chasten,megatheriid,overlay_arg_1_match,overlay_subject_lab_s00,1.72,xtail,supplemental_v2_bad_verbs, the,.,-1.6731903553009033,-5.298190116882324,3.624999761581421,1
v2|low|inchoative|overlay_subject_lab_s00_megatheriid|bad|coerce|3369,low,inchoative,bad,coerce,megatheriid,overlay_arg_1_match,overlay_subject_lab_s00,2.86,tail,supplemental_v2_bad_verbs, the,.,-1.7576173543930054,-7.570117473602295,5.8125,1
v2|low|inchoative|overlay_subject_lab_s00_megatheriid|bad|confiscate|3370,low,inchoative,bad,confiscate,megatheriid,overlay_arg_1_match,overlay_subject_lab_s00,2.93,tail,supplemental_v2_bad_verbs, the,.,-1.696581244468689,-8.04033088684082,6.343749523162842,1
v2|low|inchoative|overlay_subject_lab_s00_megatheriid|bad|denude|3371,low,inchoative,bad,denude,megatheriid,overlay_arg_1_match,overlay_subject_lab_s00,1.42,xtail,supplemental_v2_bad_verbs, the,.,-1.2730002403259277,-7.429250240325928,6.15625,1
v2|low|inchoative|overlay_subject_lab_s00_megatheriid|bad|encumber|3374,low,inchoative,bad,encumber,megatheriid,overlay_arg_1_match,overlay_subject_lab_s00,1.68,xtail,supplemental_v2_bad_verbs, the,.,-1.4751808643341064,-6.225180625915527,4.75,1
v2|low|inchoative|overlay_subject_lab_s00_megatheriid|bad|enslave|3375,low,inchoative,bad,enslave,megatheriid,overlay_arg_1_match,overlay_subject_lab_s00,2.83,tail,supplemental_v2_bad_verbs, the,.,-1.3925706148147583,-6.455070495605469,5.0625,1
v2|low|inchoative|overlay_subject_lab_s00_megatheriid|bad|extort|3376,low,inchoative,bad,extort,megatheriid,overlay_arg_1_match,overlay_subject_lab_s00,2.82,tail,supplemental_v2_bad_verbs, the,.,-2.6234474182128906,-6.248447418212891,3.625,1
v2|low|inchoative|overlay_subject_lab_s00_megatheriid|bad|hospitalize|3378,low,inchoative,bad,hospitalize,megatheriid,overlay_arg_1_match,overlay_subject_lab_s00,1.77,xtail,supplemental_v2_bad_verbs, the,.,-2.1188430786132812,-5.368843078613281,3.25,1
v2|low|inchoative|overlay_subject_lab_s00_megatheriid|bad|impale|3379,low,inchoative,bad,impale,megatheriid,overlay_arg_1_match,overlay_subject_lab_s00,2.22,low_gap,supplemental_v2_bad_verbs, the,.,-2.5006566047668457,-8.063156127929688,5.562499523162842,1
v2|low|inchoative|overlay_subject_lab_s00_megatheriid|bad|lambaste|3381,low,inchoative,bad,lambaste,megatheriid,overlay_arg_1_match,overlay_subject_lab_s00,1.66,xtail,supplemental_v2_bad_verbs, the,.,-1.6512598991394043,-5.901259899139404,4.25,1
v2|low|inchoative|overlay_subject_lab_s00_megatheriid|bad|misguide|3382,low,inchoative,bad,misguide,megatheriid,overlay_arg_1_match,overlay_subject_lab_s00,1.66,xtail,supplemental_v2_bad_verbs, the,.,-1.537097692489624,-5.474597930908203,3.937500238418579,1
v2|low|inchoative|overlay_subject_lab_s00_megatheriid|bad|paralyze|3385,low,inchoative,bad,paralyze,megatheriid,overlay_arg_1_match,overlay_subject_lab_s00,2.65,tail,supplemental_v2_bad_verbs, the,.,-1.8611756563186646,-6.361175537109375,4.5,1
v2|low|inchoative|overlay_subject_lab_s00_megatheriid|bad|rebuke|3386,low,inchoative,bad,rebuke,megatheriid,overlay_arg_1_match,overlay_subject_lab_s00,3.1,tail,supplemental_v2_bad_verbs, the,.,-1.6717710494995117,-6.421771049499512,4.75,1
v2|low|inchoative|overlay_subject_lab_s00_megatheriid|bad|reprove|3387,low,inchoative,bad,reprove,megatheriid,overlay_arg_1_match,overlay_subject_lab_s00,1.79,xtail,supplemental_v2_bad_verbs, the,.,-1.5388340950012207,-5.726334095001221,4.1875,1
v2|low|inchoative|overlay_subject_lab_s00_megatheriid|bad|revile|3388,low,inchoative,bad,revile,megatheriid,overlay_arg_1_match,overlay_subject_lab_s00,1.98,xtail,supplemental_v2_bad_verbs, the,.,-1.750012993812561,-4.6250128746032715,2.875,1
v2|low|inchoative|overlay_subject_lab_s00_megatheriid|bad|scrutinize|3389,low,inchoative,bad,scrutinize,megatheriid,overlay_arg_1_match,overlay_subject_lab_s00,2.76,tail,supplemental_v2_bad_verbs, the,.,-1.194016933441162,-7.787766933441162,6.59375,1
v2|low|inchoative|overlay_subject_lab_s00_megatheriid|bad|seclude|3390,low,inchoative,bad,seclude,megatheriid,overlay_arg_1_match,overlay_subject_lab_s00,1.7,xtail,supplemental_v2_bad_verbs, the,.,-5.812304496765137,-5.749804496765137,-0.0625,0
v2|low|inchoative|overlay_subject_lab_s00_megatheriid|bad|swindle|3392,low,inchoative,bad,swindle,megatheriid,overlay_arg_1_match,overlay_subject_lab_s00,2.67,tail,supplemental_v2_bad_verbs, the,.,-2.079021692276001,-6.454021453857422,4.375,1
v2|low|inchoative|overlay_subject_lab_s00_megatheriid|bad|uproot|3393,low,inchoative,bad,uproot,megatheriid,overlay_arg_1_match,overlay_subject_lab_s00,2.63,tail,supplemental_v2_bad_verbs, the,.,-2.2675929069519043,-7.267592906951904,5.0,1
v2|low|inchoative|overlay_subject_lab_s00_megatheriid|bad|vilify|3394,low,inchoative,bad,vilify,megatheriid,overlay_arg_1_match,overlay_subject_lab_s00,2.44,tail,supplemental_v2_bad_verbs, the,.,-1.4789921045303345,-6.103991985321045,4.625,1
v2|low|inchoative|overlay_subject_lab_s01_megatheriidae|bad|abduct|3395,low,inchoative,bad,abduct,megatheriidae,overlay_arg_1_match,overlay_subject_lab_s01,2.74,tail,supplemental_v2_bad_verbs, the,.,-2.3400440216064453,-7.840044021606445,5.5,1
v2|low|inchoative|overlay_subject_lab_s01_megatheriidae|bad|abhor|3396,low,inchoative,bad,abhor,megatheriidae,overlay_arg_1_match,overlay_subject_lab_s01,2.64,tail,supplemental_v2_bad_verbs, the,.,-1.4697774648666382,-6.719777584075928,5.25,1
v2|low|inchoative|overlay_subject_lab_s01_megatheriidae|bad|admonish|3398,low,inchoative,bad,admonish,megatheriidae,overlay_arg_1_match,overlay_subject_lab_s01,2.29,low_gap,supplemental_v2_bad_verbs, the,.,-1.6061080694198608,-5.60610818862915,4.0,1
v2|low|inchoative|overlay_subject_lab_s01_megatheriidae|bad|assassinate|3399,low,inchoative,bad,assassinate,megatheriidae,overlay_arg_1_match,overlay_subject_lab_s01,3.2,tail,supplemental_v2_bad_verbs, the,.,-1.681606411933899,-6.681606292724609,5.0,1
v2|low|inchoative|overlay_subject_lab_s01_megatheriidae|bad|behead|3400,low,inchoative,bad,behead,megatheriidae,overlay_arg_1_match,overlay_subject_lab_s01,2.71,tail,supplemental_v2_bad_verbs, the,.,-1.8860129117965698,-6.636013031005859,4.75,1
v2|low|inchoative|overlay_subject_lab_s01_megatheriidae|bad|carjack|3401,low,inchoative,bad,carjack,megatheriidae,overlay_arg_1_match,overlay_subject_lab_s01,1.78,xtail,supplemental_v2_bad_verbs, the,.,-2.0049619674682617,-6.379961967468262,4.375,1
v2|low|inchoative|overlay_subject_lab_s01_megatheriidae|bad|castigate|3402,low,inchoative,bad,castigate,megatheriidae,overlay_arg_1_match,overlay_subject_lab_s01,1.92,xtail,supplemental_v2_bad_verbs, the,.,-1.5952951908111572,-5.157794952392578,3.562499761581421,1
v2|low|inchoative|overlay_subject_lab_s01_megatheriidae|bad|chasten|3403,low,inchoative,bad,chasten,megatheriidae,overlay_arg_1_match,overlay_subject_lab_s01,1.72,xtail,supplemental_v2_bad_verbs, the,.,-1.5729798078536987,-5.697979927062988,4.125,1
v2|low|inchoative|overlay_subject_lab_s01_megatheriidae|bad|coerce|3404,low,inchoative,bad,coerce,megatheriidae,overlay_arg_1_match,overlay_subject_lab_s01,2.86,tail,supplemental_v2_bad_verbs, the,.,-1.5383720397949219,-6.944622039794922,5.40625,1
v2|low|inchoative|overlay_subject_lab_s01_megatheriidae|bad|confiscate|3405,low,inchoative,bad,confiscate,megatheriidae,overlay_arg_1_match,overlay_subject_lab_s01,2.93,tail,supplemental_v2_bad_verbs, the,.,-1.6315929889678955,-7.725342750549316,6.09375,1
v2|low|inchoative|overlay_subject_lab_s01_megatheriidae|bad|denude|3406,low,inchoative,bad,denude,megatheriidae,overlay_arg_1_match,overlay_subject_lab_s01,1.42,xtail,supplemental_v2_bad_verbs, the,.,-1.141487956047058,-7.047738075256348,5.90625,1
v2|low|inchoative|overlay_subject_lab_s01_megatheriidae|bad|encumber|3409,low,inchoative,bad,encumber,megatheriidae,overlay_arg_1_match,overlay_subject_lab_s01,1.68,xtail,supplemental_v2_bad_verbs, the,.,-1.1085097789764404,-6.2960100173950195,5.1875,1
v2|low|inchoative|overlay_subject_lab_s01_megatheriidae|bad|enslave|3410,low,inchoative,bad,enslave,megatheriidae,overlay_arg_1_match,overlay_subject_lab_s01,2.83,tail,supplemental_v2_bad_verbs, the,.,-1.4215805530548096,-6.4215803146362305,5.0,1
v2|low|inchoative|overlay_subject_lab_s01_megatheriidae|bad|extort|3411,low,inchoative,bad,extort,megatheriidae,overlay_arg_1_match,overlay_subject_lab_s01,2.82,tail,supplemental_v2_bad_verbs, the,.,-2.340176582336426,-6.215176582336426,3.875,1
v2|low|inchoative|overlay_subject_lab_s01_megatheriidae|bad|hospitalize|3413,low,inchoative,bad,hospitalize,megatheriidae,overlay_arg_1_match,overlay_subject_lab_s01,1.77,xtail,supplemental_v2_bad_verbs, the,.,-1.8185150623321533,-5.568514823913574,3.749999761581421,1
v2|low|inchoative|overlay_subject_lab_s01_megatheriidae|bad|impale|3414,low,inchoative,bad,impale,megatheriidae,overlay_arg_1_match,overlay_subject_lab_s01,2.22,low_gap,supplemental_v2_bad_verbs, the,.,-1.5591602325439453,-7.902910232543945,6.34375,1
v2|low|inchoative|overlay_subject_lab_s01_megatheriidae|bad|lambaste|3416,low,inchoative,bad,lambaste,megatheriidae,overlay_arg_1_match,overlay_subject_lab_s01,1.66,xtail,supplemental_v2_bad_verbs, the,.,-1.420030117034912,-5.545030117034912,4.125,1
v2|low|inchoative|overlay_subject_lab_s01_megatheriidae|bad|misguide|3417,low,inchoative,bad,misguide,megatheriidae,overlay_arg_1_match,overlay_subject_lab_s01,1.66,xtail,supplemental_v2_bad_verbs, the,.,-1.4433296918869019,-4.880829811096191,3.4375,1
v2|low|inchoative|overlay_subject_lab_s01_megatheriidae|bad|paralyze|3420,low,inchoative,bad,paralyze,megatheriidae,overlay_arg_1_match,overlay_subject_lab_s01,2.65,tail,supplemental_v2_bad_verbs, the,.,-1.6460496187210083,-6.614799499511719,4.96875,1
v2|low|inchoative|overlay_subject_lab_s01_megatheriidae|bad|rebuke|3421,low,inchoative,bad,rebuke,megatheriidae,overlay_arg_1_match,overlay_subject_lab_s01,3.1,tail,supplemental_v2_bad_verbs, the,.,-1.3992048501968384,-6.211704730987549,4.8125,1
v2|low|inchoative|overlay_subject_lab_s01_megatheriidae|bad|reprove|3422,low,inchoative,bad,reprove,megatheriidae,overlay_arg_1_match,overlay_subject_lab_s01,1.79,xtail,supplemental_v2_bad_verbs, the,.,-1.2015286684036255,-6.264028549194336,5.0625,1
v2|low|inchoative|overlay_subject_lab_s01_megatheriidae|bad|revile|3423,low,inchoative,bad,revile,megatheriidae,overlay_arg_1_match,overlay_subject_lab_s01,1.98,xtail,supplemental_v2_bad_verbs, the,.,-1.9681310653686523,-4.530631065368652,2.5625,1
v2|low|inchoative|overlay_subject_lab_s01_megatheriidae|bad|scrutinize|3424,low,inchoative,bad,scrutinize,megatheriidae,overlay_arg_1_match,overlay_subject_lab_s01,2.76,tail,supplemental_v2_bad_verbs, the,.,-1.0060174465179443,-7.818517684936523,6.8125,1
v2|low|inchoative|overlay_subject_lab_s01_megatheriidae|bad|seclude|3425,low,inchoative,bad,seclude,megatheriidae,overlay_arg_1_match,overlay_subject_lab_s01,1.7,xtail,supplemental_v2_bad_verbs, the,.,-3.595419406890869,-4.907919406890869,1.3125,1
v2|low|inchoative|overlay_subject_lab_s01_megatheriidae|bad|swindle|3427,low,inchoative,bad,swindle,megatheriidae,overlay_arg_1_match,overlay_subject_lab_s01,2.67,tail,supplemental_v2_bad_verbs, the,.,-1.7942277193069458,-5.794227600097656,4.0,1
v2|low|inchoative|overlay_subject_lab_s01_megatheriidae|bad|uproot|3428,low,inchoative,bad,uproot,megatheriidae,overlay_arg_1_match,overlay_subject_lab_s01,2.63,tail,supplemental_v2_bad_verbs, the,.,-1.8163387775421143,-6.785088539123535,4.96875,1
v2|low|inchoative|overlay_subject_lab_s01_megatheriidae|bad|vilify|3429,low,inchoative,bad,vilify,megatheriidae,overlay_arg_1_match,overlay_subject_lab_s01,2.44,tail,supplemental_v2_bad_verbs, the,.,-1.3965636491775513,-5.646563529968262,4.25,1
v2|low|inchoative|overlay_subject_visit_s02_naumachia|bad|abduct|3570,low,inchoative,bad,abduct,naumachia,overlay_arg_1_match,overlay_subject_visit_s02,2.74,tail,supplemental_v2_bad_verbs, the,.,-1.2000234127044678,-7.356273651123047,6.15625,1
v2|low|inchoative|overlay_subject_visit_s02_naumachia|bad|abhor|3571,low,inchoative,bad,abhor,naumachia,overlay_arg_1_match,overlay_subject_visit_s02,2.64,tail,supplemental_v2_bad_verbs, the,.,-1.4356716871261597,-4.498171806335449,3.0625,1
v2|low|inchoative|overlay_subject_visit_s02_naumachia|bad|admonish|3573,low,inchoative,bad,admonish,naumachia,overlay_arg_1_match,overlay_subject_visit_s02,2.29,low_gap,supplemental_v2_bad_verbs, the,.,-0.7769328355789185,-7.526932716369629,6.75,1
v2|low|inchoative|overlay_subject_visit_s02_naumachia|bad|assassinate|3574,low,inchoative,bad,assassinate,naumachia,overlay_arg_1_match,overlay_subject_visit_s02,3.2,tail,supplemental_v2_bad_verbs, the,.,-0.9814304113388062,-7.231430530548096,6.25,1
v2|low|inchoative|overlay_subject_visit_s02_naumachia|bad|behead|3575,low,inchoative,bad,behead,naumachia,overlay_arg_1_match,overlay_subject_visit_s02,2.71,tail,supplemental_v2_bad_verbs, the,.,-0.9117128252983093,-6.099212646484375,5.1875,1
v2|low|inchoative|overlay_subject_visit_s02_naumachia|bad|carjack|3576,low,inchoative,bad,carjack,naumachia,overlay_arg_1_match,overlay_subject_visit_s02,1.78,xtail,supplemental_v2_bad_verbs, the,.,-1.4295226335525513,-5.429522514343262,4.0,1
v2|low|inchoative|overlay_subject_visit_s02_naumachia|bad|castigate|3577,low,inchoative,bad,castigate,naumachia,overlay_arg_1_match,overlay_subject_visit_s02,1.92,xtail,supplemental_v2_bad_verbs, the,.,-1.0184587240219116,-7.362208843231201,6.34375,1
v2|low|inchoative|overlay_subject_visit_s02_naumachia|bad|chasten|3578,low,inchoative,bad,chasten,naumachia,overlay_arg_1_match,overlay_subject_visit_s02,1.72,xtail,supplemental_v2_bad_verbs, the,.,-1.2464748620986938,-5.183974742889404,3.9375,1
v2|low|inchoative|overlay_subject_visit_s02_naumachia|bad|coerce|3579,low,inchoative,bad,coerce,naumachia,overlay_arg_1_match,overlay_subject_visit_s02,2.86,tail,supplemental_v2_bad_verbs, the,.,-0.822287917137146,-6.7597880363464355,5.9375,1
v2|low|inchoative|overlay_subject_visit_s02_naumachia|bad|confiscate|3580,low,inchoative,bad,confiscate,naumachia,overlay_arg_1_match,overlay_subject_visit_s02,2.93,tail,supplemental_v2_bad_verbs, the,.,-0.973473310470581,-8.06722354888916,7.09375,1
v2|low|inchoative|overlay_subject_visit_s02_naumachia|bad|denude|3581,low,inchoative,bad,denude,naumachia,overlay_arg_1_match,overlay_subject_visit_s02,1.42,xtail,supplemental_v2_bad_verbs, the,.,-0.6375340819358826,-5.387534141540527,4.75,1
v2|low|inchoative|overlay_subject_visit_s02_naumachia|bad|encumber|3584,low,inchoative,bad,encumber,naumachia,overlay_arg_1_match,overlay_subject_visit_s02,1.68,xtail,supplemental_v2_bad_verbs, the,.,-0.7498584985733032,-6.124858379364014,5.375,1
v2|low|inchoative|overlay_subject_visit_s02_naumachia|bad|enslave|3585,low,inchoative,bad,enslave,naumachia,overlay_arg_1_match,overlay_subject_visit_s02,2.83,tail,supplemental_v2_bad_verbs, the,.,-0.8330526351928711,-6.083052635192871,5.25,1
v2|low|inchoative|overlay_subject_visit_s02_naumachia|bad|extort|3586,low,inchoative,bad,extort,naumachia,overlay_arg_1_match,overlay_subject_visit_s02,2.82,tail,supplemental_v2_bad_verbs, the,.,-2.2113966941833496,-6.52389669418335,4.3125,1
v2|low|inchoative|overlay_subject_visit_s02_naumachia|bad|hospitalize|3588,low,inchoative,bad,hospitalize,naumachia,overlay_arg_1_match,overlay_subject_visit_s02,1.77,xtail,supplemental_v2_bad_verbs, the,.,-1.0957623720169067,-6.408262252807617,5.3125,1
v2|low|inchoative|overlay_subject_visit_s02_naumachia|bad|impale|3589,low,inchoative,bad,impale,naumachia,overlay_arg_1_match,overlay_subject_visit_s02,2.22,low_gap,supplemental_v2_bad_verbs, the,.,-0.9884717464447021,-8.019721984863281,7.03125,1
v2|low|inchoative|overlay_subject_visit_s02_naumachia|bad|lambaste|3591,low,inchoative,bad,lambaste,naumachia,overlay_arg_1_match,overlay_subject_visit_s02,1.66,xtail,supplemental_v2_bad_verbs, the,.,-0.9120928049087524,-8.599593162536621,7.687500476837158,1
v2|low|inchoative|overlay_subject_visit_s02_naumachia|bad|misguide|3592,low,inchoative,bad,misguide,naumachia,overlay_arg_1_match,overlay_subject_visit_s02,1.66,xtail,supplemental_v2_bad_verbs, the,.,-0.857136070728302,-5.732136249542236,4.875,1
v2|low|inchoative|overlay_subject_visit_s02_naumachia|bad|paralyze|3595,low,inchoative,bad,paralyze,naumachia,overlay_arg_1_match,overlay_subject_visit_s02,2.65,tail,supplemental_v2_bad_verbs, the,.,-1.0418517589569092,-4.166851997375488,3.125000238418579,1
v2|low|inchoative|overlay_subject_visit_s02_naumachia|bad|rebuke|3596,low,inchoative,bad,rebuke,naumachia,overlay_arg_1_match,overlay_subject_visit_s02,3.1,tail,supplemental_v2_bad_verbs, the,.,-0.9371535778045654,-7.1246538162231445,6.1875,1
v2|low|inchoative|overlay_subject_visit_s02_naumachia|bad|reprove|3597,low,inchoative,bad,reprove,naumachia,overlay_arg_1_match,overlay_subject_visit_s02,1.79,xtail,supplemental_v2_bad_verbs, the,.,-0.9851124286651611,-5.110112190246582,4.125,1
v2|low|inchoative|overlay_subject_visit_s02_naumachia|bad|revile|3598,low,inchoative,bad,revile,naumachia,overlay_arg_1_match,overlay_subject_visit_s02,1.98,xtail,supplemental_v2_bad_verbs, the,.,-0.9490692615509033,-4.949069023132324,3.999999761581421,1
v2|low|inchoative|overlay_subject_visit_s02_naumachia|bad|scrutinize|3599,low,inchoative,bad,scrutinize,naumachia,overlay_arg_1_match,overlay_subject_visit_s02,2.76,tail,supplemental_v2_bad_verbs, the,.,-0.684478759765625,-7.903228759765625,7.21875,1
v2|low|inchoative|overlay_subject_visit_s02_naumachia|bad|seclude|3600,low,inchoative,bad,seclude,naumachia,overlay_arg_1_match,overlay_subject_visit_s02,1.7,xtail,supplemental_v2_bad_verbs, the,.,-1.7557181119918823,-5.755718231201172,4.0,1
v2|low|inchoative|overlay_subject_visit_s02_naumachia|bad|swindle|3602,low,inchoative,bad,swindle,naumachia,overlay_arg_1_match,overlay_subject_visit_s02,2.67,tail,supplemental_v2_bad_verbs, the,.,-1.0276559591293335,-5.777656078338623,4.75,1
v2|low|inchoative|overlay_subject_visit_s02_naumachia|bad|uproot|3603,low,inchoative,bad,uproot,naumachia,overlay_arg_1_match,overlay_subject_visit_s02,2.63,tail,supplemental_v2_bad_verbs, the,.,-1.063920021057129,-5.188920021057129,4.125,1
v2|low|inchoative|overlay_subject_visit_s02_naumachia|bad|vilify|3604,low,inchoative,bad,vilify,naumachia,overlay_arg_1_match,overlay_subject_visit_s02,2.44,tail,supplemental_v2_bad_verbs, the,.,-0.9703343510627747,-7.314084529876709,6.34375,1
v2|low|inchoative|overlay_subject_trial_s00_rhizobiaceae|bad|abduct|3920,low,inchoative,bad,abduct,rhizobiaceae,overlay_arg_1_match,overlay_subject_trial_s00,2.74,tail,supplemental_v2_bad_verbs, the,.,-1.6505671739578247,-5.525567054748535,3.875,1
v2|low|inchoative|overlay_subject_trial_s00_rhizobiaceae|bad|abhor|3921,low,inchoative,bad,abhor,rhizobiaceae,overlay_arg_1_match,overlay_subject_trial_s00,2.64,tail,supplemental_v2_bad_verbs, the,.,-1.4359849691390991,-5.560985088348389,4.125,1
v2|low|inchoative|overlay_subject_trial_s00_rhizobiaceae|bad|admonish|3923,low,inchoative,bad,admonish,rhizobiaceae,overlay_arg_1_match,overlay_subject_trial_s00,2.29,low_gap,supplemental_v2_bad_verbs, the,.,-1.1550089120864868,-5.467508792877197,4.3125,1
v2|low|inchoative|overlay_subject_trial_s00_rhizobiaceae|bad|assassinate|3924,low,inchoative,bad,assassinate,rhizobiaceae,overlay_arg_1_match,overlay_subject_trial_s00,3.2,tail,supplemental_v2_bad_verbs, the,.,-1.2660081386566162,-4.391008377075195,3.125000238418579,1
v2|low|inchoative|overlay_subject_trial_s00_rhizobiaceae|bad|behead|3925,low,inchoative,bad,behead,rhizobiaceae,overlay_arg_1_match,overlay_subject_trial_s00,2.71,tail,supplemental_v2_bad_verbs, the,.,-2.099557399749756,-4.599557399749756,2.5,1
v2|low|inchoative|overlay_subject_trial_s00_rhizobiaceae|bad|carjack|3926,low,inchoative,bad,carjack,rhizobiaceae,overlay_arg_1_match,overlay_subject_trial_s00,1.78,xtail,supplemental_v2_bad_verbs, the,.,-1.1979563236236572,-5.447956085205078,4.25,1
v2|low|inchoative|overlay_subject_trial_s00_rhizobiaceae|bad|castigate|3927,low,inchoative,bad,castigate,rhizobiaceae,overlay_arg_1_match,overlay_subject_trial_s00,1.92,xtail,supplemental_v2_bad_verbs, the,.,-1.0598266124725342,-5.559826850891113,4.5,1
v2|low|inchoative|overlay_subject_trial_s00_rhizobiaceae|bad|chasten|3928,low,inchoative,bad,chasten,rhizobiaceae,overlay_arg_1_match,overlay_subject_trial_s00,1.72,xtail,supplemental_v2_bad_verbs, the,.,-1.7102198600769043,-4.210219860076904,2.5,1
v2|low|inchoative|overlay_subject_trial_s00_rhizobiaceae|bad|coerce|3929,low,inchoative,bad,coerce,rhizobiaceae,overlay_arg_1_match,overlay_subject_trial_s00,2.86,tail,supplemental_v2_bad_verbs, the,.,-1.0980851650238037,-5.973085403442383,4.875,1
v2|low|inchoative|overlay_subject_trial_s00_rhizobiaceae|bad|confiscate|3930,low,inchoative,bad,confiscate,rhizobiaceae,overlay_arg_1_match,overlay_subject_trial_s00,2.93,tail,supplemental_v2_bad_verbs, the,.,-1.1929705142974854,-5.567970275878906,4.375,1
v2|low|inchoative|overlay_subject_trial_s00_rhizobiaceae|bad|denude|3931,low,inchoative,bad,denude,rhizobiaceae,overlay_arg_1_match,overlay_subject_trial_s00,1.42,xtail,supplemental_v2_bad_verbs, the,.,-0.8946293592453003,-5.08212947845459,4.1875,1
v2|low|inchoative|overlay_subject_trial_s00_rhizobiaceae|bad|encumber|3934,low,inchoative,bad,encumber,rhizobiaceae,overlay_arg_1_match,overlay_subject_trial_s00,1.68,xtail,supplemental_v2_bad_verbs, the,.,-1.0166250467300415,-4.391624927520752,3.375,1
v2|low|inchoative|overlay_subject_trial_s00_rhizobiaceae|bad|enslave|3935,low,inchoative,bad,enslave,rhizobiaceae,overlay_arg_1_match,overlay_subject_trial_s00,2.83,tail,supplemental_v2_bad_verbs, the,.,-0.8344658017158508,-5.959465980529785,5.125,1
v2|low|inchoative|overlay_subject_trial_s00_rhizobiaceae|bad|extort|3936,low,inchoative,bad,extort,rhizobiaceae,overlay_arg_1_match,overlay_subject_trial_s00,2.82,tail,supplemental_v2_bad_verbs, the,.,-1.7514172792434692,-5.43891716003418,3.6875,1
v2|low|inchoative|overlay_subject_trial_s00_rhizobiaceae|bad|hospitalize|3938,low,inchoative,bad,hospitalize,rhizobiaceae,overlay_arg_1_match,overlay_subject_trial_s00,1.77,xtail,supplemental_v2_bad_verbs, the,.,-1.6127904653549194,-4.050290584564209,2.4375,1
v2|low|inchoative|overlay_subject_trial_s00_rhizobiaceae|bad|impale|3939,low,inchoative,bad,impale,rhizobiaceae,overlay_arg_1_match,overlay_subject_trial_s00,2.22,low_gap,supplemental_v2_bad_verbs, the,.,-1.419632911682129,-5.607132911682129,4.1875,1
v2|low|inchoative|overlay_subject_trial_s00_rhizobiaceae|bad|lambaste|3941,low,inchoative,bad,lambaste,rhizobiaceae,overlay_arg_1_match,overlay_subject_trial_s00,1.66,xtail,supplemental_v2_bad_verbs, the,.,-0.9820529222488403,-6.388302803039551,5.40625,1
v2|low|inchoative|overlay_subject_trial_s00_rhizobiaceae|bad|misguide|3942,low,inchoative,bad,misguide,rhizobiaceae,overlay_arg_1_match,overlay_subject_trial_s00,1.66,xtail,supplemental_v2_bad_verbs, the,.,-0.6636366844177246,-5.663636684417725,5.0,1
v2|low|inchoative|overlay_subject_trial_s00_rhizobiaceae|bad|paralyze|3945,low,inchoative,bad,paralyze,rhizobiaceae,overlay_arg_1_match,overlay_subject_trial_s00,2.65,tail,supplemental_v2_bad_verbs, the,.,-0.7699914574623108,-4.707491397857666,3.9375,1
v2|low|inchoative|overlay_subject_trial_s00_rhizobiaceae|bad|rebuke|3946,low,inchoative,bad,rebuke,rhizobiaceae,overlay_arg_1_match,overlay_subject_trial_s00,3.1,tail,supplemental_v2_bad_verbs, the,.,-1.02280592918396,-4.960306167602539,3.937500238418579,1
v2|low|inchoative|overlay_subject_trial_s00_rhizobiaceae|bad|reprove|3947,low,inchoative,bad,reprove,rhizobiaceae,overlay_arg_1_match,overlay_subject_trial_s00,1.79,xtail,supplemental_v2_bad_verbs, the,.,-1.6637048721313477,-4.913704872131348,3.25,1
v2|low|inchoative|overlay_subject_trial_s00_rhizobiaceae|bad|revile|3948,low,inchoative,bad,revile,rhizobiaceae,overlay_arg_1_match,overlay_subject_trial_s00,1.98,xtail,supplemental_v2_bad_verbs, the,.,-2.1706478595733643,-5.045647621154785,2.874999761581421,1
v2|low|inchoative|overlay_subject_trial_s00_rhizobiaceae|bad|scrutinize|3949,low,inchoative,bad,scrutinize,rhizobiaceae,overlay_arg_1_match,overlay_subject_trial_s00,2.76,tail,supplemental_v2_bad_verbs, the,.,-1.0684447288513184,-5.630944728851318,4.5625,1
v2|low|inchoative|overlay_subject_trial_s00_rhizobiaceae|bad|seclude|3950,low,inchoative,bad,seclude,rhizobiaceae,overlay_arg_1_match,overlay_subject_trial_s00,1.7,xtail,supplemental_v2_bad_verbs, the,.,-2.4429502487182617,-3.8804502487182617,1.4375,1
v2|low|inchoative|overlay_subject_trial_s00_rhizobiaceae|bad|swindle|3952,low,inchoative,bad,swindle,rhizobiaceae,overlay_arg_1_match,overlay_subject_trial_s00,2.67,tail,supplemental_v2_bad_verbs, the,.,-1.072081208229065,-5.009581089019775,3.9375,1
v2|low|inchoative|overlay_subject_trial_s00_rhizobiaceae|bad|uproot|3953,low,inchoative,bad,uproot,rhizobiaceae,overlay_arg_1_match,overlay_subject_trial_s00,2.63,tail,supplemental_v2_bad_verbs, the,.,-2.3554470539093018,-3.6054470539093018,1.25,1
v2|low|inchoative|overlay_subject_trial_s00_rhizobiaceae|bad|vilify|3954,low,inchoative,bad,vilify,rhizobiaceae,overlay_arg_1_match,overlay_subject_trial_s00,2.44,tail,supplemental_v2_bad_verbs, the,.,-1.1061291694641113,-6.668629169464111,5.5625,1
v2|low|inchoative|overlay_subject_trial_s01_rhizobium|bad|abduct|3955,low,inchoative,bad,abduct,rhizobium,overlay_arg_1_match,overlay_subject_trial_s01,2.74,tail,supplemental_v2_bad_verbs, the,.,-0.9496700763702393,-7.41841983795166,6.46875,1
v2|low|inchoative|overlay_subject_trial_s01_rhizobium|bad|abhor|3956,low,inchoative,bad,abhor,rhizobium,overlay_arg_1_match,overlay_subject_trial_s01,2.64,tail,supplemental_v2_bad_verbs, the,.,-1.351287603378296,-6.570037841796875,5.21875,1
v2|low|inchoative|overlay_subject_trial_s01_rhizobium|bad|admonish|3958,low,inchoative,bad,admonish,rhizobium,overlay_arg_1_match,overlay_subject_trial_s01,2.29,low_gap,supplemental_v2_bad_verbs, the,.,-0.6487142443656921,-6.711214065551758,6.0625,1
v2|low|inchoative|overlay_subject_trial_s01_rhizobium|bad|assassinate|3959,low,inchoative,bad,assassinate,rhizobium,overlay_arg_1_match,overlay_subject_trial_s01,3.2,tail,supplemental_v2_bad_verbs, the,.,-0.7107508778572083,-6.585751056671143,5.875,1
v2|low|inchoative|overlay_subject_trial_s01_rhizobium|bad|behead|3960,low,inchoative,bad,behead,rhizobium,overlay_arg_1_match,overlay_subject_trial_s01,2.71,tail,supplemental_v2_bad_verbs, the,.,-1.6453402042388916,-5.0203399658203125,3.374999761581421,1
v2|low|inchoative|overlay_subject_trial_s01_rhizobium|bad|carjack|3961,low,inchoative,bad,carjack,rhizobium,overlay_arg_1_match,overlay_subject_trial_s01,1.78,xtail,supplemental_v2_bad_verbs, the,.,-1.156273603439331,-6.28127384185791,5.125,1
v2|low|inchoative|overlay_subject_trial_s01_rhizobium|bad|castigate|3962,low,inchoative,bad,castigate,rhizobium,overlay_arg_1_match,overlay_subject_trial_s01,1.92,xtail,supplemental_v2_bad_verbs, the,.,-0.7443972229957581,-5.806897163391113,5.0625,1
v2|low|inchoative|overlay_subject_trial_s01_rhizobium|bad|chasten|3963,low,inchoative,bad,chasten,rhizobium,overlay_arg_1_match,overlay_subject_trial_s01,1.72,xtail,supplemental_v2_bad_verbs, the,.,-1.1319653987884521,-5.381965637207031,4.25,1
v2|low|inchoative|overlay_subject_trial_s01_rhizobium|bad|coerce|3964,low,inchoative,bad,coerce,rhizobium,overlay_arg_1_match,overlay_subject_trial_s01,2.86,tail,supplemental_v2_bad_verbs, the,.,-0.522779107093811,-9.11652946472168,8.59375,1
v2|low|inchoative|overlay_subject_trial_s01_rhizobium|bad|confiscate|3965,low,inchoative,bad,confiscate,rhizobium,overlay_arg_1_match,overlay_subject_trial_s01,2.93,tail,supplemental_v2_bad_verbs, the,.,-1.047900915145874,-7.360401153564453,6.3125,1
v2|low|inchoative|overlay_subject_trial_s01_rhizobium|bad|denude|3966,low,inchoative,bad,denude,rhizobium,overlay_arg_1_match,overlay_subject_trial_s01,1.42,xtail,supplemental_v2_bad_verbs, the,.,-0.535372257232666,-7.566622257232666,7.03125,1
v2|low|inchoative|overlay_subject_trial_s01_rhizobium|bad|encumber|3969,low,inchoative,bad,encumber,rhizobium,overlay_arg_1_match,overlay_subject_trial_s01,1.68,xtail,supplemental_v2_bad_verbs, the,.,-0.9202026724815369,-5.545202732086182,4.625,1
v2|low|inchoative|overlay_subject_trial_s01_rhizobium|bad|enslave|3970,low,inchoative,bad,enslave,rhizobium,overlay_arg_1_match,overlay_subject_trial_s01,2.83,tail,supplemental_v2_bad_verbs, the,.,-0.5399810075759888,-7.508730888366699,6.96875,1
v2|low|inchoative|overlay_subject_trial_s01_rhizobium|bad|extort|3971,low,inchoative,bad,extort,rhizobium,overlay_arg_1_match,overlay_subject_trial_s01,2.82,tail,supplemental_v2_bad_verbs, the,.,-1.5189757347106934,-6.331475734710693,4.8125,1
v2|low|inchoative|overlay_subject_trial_s01_rhizobium|bad|hospitalize|3973,low,inchoative,bad,hospitalize,rhizobium,overlay_arg_1_match,overlay_subject_trial_s01,1.77,xtail,supplemental_v2_bad_verbs, the,.,-0.992385745048523,-5.6173858642578125,4.625,1
v2|low|inchoative|overlay_subject_trial_s01_rhizobium|bad|impale|3974,low,inchoative,bad,impale,rhizobium,overlay_arg_1_match,overlay_subject_trial_s01,2.22,low_gap,supplemental_v2_bad_verbs, the,.,-1.178354024887085,-7.084604263305664,5.90625,1
v2|low|inchoative|overlay_subject_trial_s01_rhizobium|bad|lambaste|3976,low,inchoative,bad,lambaste,rhizobium,overlay_arg_1_match,overlay_subject_trial_s01,1.66,xtail,supplemental_v2_bad_verbs, the,.,-0.6969510316848755,-6.884450912475586,6.1875,1
v2|low|inchoative|overlay_subject_trial_s01_rhizobium|bad|misguide|3977,low,inchoative,bad,misguide,rhizobium,overlay_arg_1_match,overlay_subject_trial_s01,1.66,xtail,supplemental_v2_bad_verbs, the,.,-0.408115029335022,-7.283114910125732,6.875,1
v2|low|inchoative|overlay_subject_trial_s01_rhizobium|bad|paralyze|3980,low,inchoative,bad,paralyze,rhizobium,overlay_arg_1_match,overlay_subject_trial_s01,2.65,tail,supplemental_v2_bad_verbs, the,.,-0.5080031752586365,-7.008003234863281,6.5,1
v2|low|inchoative|overlay_subject_trial_s01_rhizobium|bad|rebuke|3981,low,inchoative,bad,rebuke,rhizobium,overlay_arg_1_match,overlay_subject_trial_s01,3.1,tail,supplemental_v2_bad_verbs, the,.,-0.6786743998527527,-6.116174221038818,5.4375,1
v2|low|inchoative|overlay_subject_trial_s01_rhizobium|bad|reprove|3982,low,inchoative,bad,reprove,rhizobium,overlay_arg_1_match,overlay_subject_trial_s01,1.79,xtail,supplemental_v2_bad_verbs, the,.,-1.31951105594635,-5.8195109367370605,4.5,1
v2|low|inchoative|overlay_subject_trial_s01_rhizobium|bad|revile|3983,low,inchoative,bad,revile,rhizobium,overlay_arg_1_match,overlay_subject_trial_s01,1.98,xtail,supplemental_v2_bad_verbs, the,.,-1.805877447128296,-5.868377685546875,4.0625,1
v2|low|inchoative|overlay_subject_trial_s01_rhizobium|bad|scrutinize|3984,low,inchoative,bad,scrutinize,rhizobium,overlay_arg_1_match,overlay_subject_trial_s01,2.76,tail,supplemental_v2_bad_verbs, the,.,-0.729624330997467,-7.417124271392822,6.6875,1
v2|low|inchoative|overlay_subject_trial_s01_rhizobium|bad|seclude|3985,low,inchoative,bad,seclude,rhizobium,overlay_arg_1_match,overlay_subject_trial_s01,1.7,xtail,supplemental_v2_bad_verbs, the,.,-2.5951905250549316,-5.345190525054932,2.75,1
v2|low|inchoative|overlay_subject_trial_s01_rhizobium|bad|swindle|3987,low,inchoative,bad,swindle,rhizobium,overlay_arg_1_match,overlay_subject_trial_s01,2.67,tail,supplemental_v2_bad_verbs, the,.,-0.8694003224372864,-5.806900501251221,4.9375,1
v2|low|inchoative|overlay_subject_trial_s01_rhizobium|bad|uproot|3988,low,inchoative,bad,uproot,rhizobium,overlay_arg_1_match,overlay_subject_trial_s01,2.63,tail,supplemental_v2_bad_verbs, the,.,-1.193838119506836,-5.693838119506836,4.5,1
v2|low|inchoative|overlay_subject_trial_s01_rhizobium|bad|vilify|3989,low,inchoative,bad,vilify,rhizobium,overlay_arg_1_match,overlay_subject_trial_s01,2.44,tail,supplemental_v2_bad_verbs, the,.,-0.9012848734855652,-6.588784694671631,5.6875,1
v2|low|inchoative|overlay_subject_trial_s02_rhizoctinia|bad|abduct|3990,low,inchoative,bad,abduct,rhizoctinia,overlay_arg_1_match,overlay_subject_trial_s02,2.74,tail,supplemental_v2_bad_verbs, the,.,-1.0003273487091064,-6.781577110290527,5.78125,1
v2|low|inchoative|overlay_subject_trial_s02_rhizoctinia|bad|abhor|3991,low,inchoative,bad,abhor,rhizoctinia,overlay_arg_1_match,overlay_subject_trial_s02,2.64,tail,supplemental_v2_bad_verbs, the,.,-1.6905092000961304,-6.00300931930542,4.3125,1
v2|low|inchoative|overlay_subject_trial_s02_rhizoctinia|bad|admonish|3993,low,inchoative,bad,admonish,rhizoctinia,overlay_arg_1_match,overlay_subject_trial_s02,2.29,low_gap,supplemental_v2_bad_verbs, the,.,-0.8583812117576599,-6.483381271362305,5.625,1
v2|low|inchoative|overlay_subject_trial_s02_rhizoctinia|bad|assassinate|3994,low,inchoative,bad,assassinate,rhizoctinia,overlay_arg_1_match,overlay_subject_trial_s02,3.2,tail,supplemental_v2_bad_verbs, the,.,-0.9295574426651001,-6.1795573234558105,5.25,1
v2|low|inchoative|overlay_subject_trial_s02_rhizoctinia|bad|behead|3995,low,inchoative,bad,behead,rhizoctinia,overlay_arg_1_match,overlay_subject_trial_s02,2.71,tail,supplemental_v2_bad_verbs, the,.,-1.886067509651184,-4.7610673904418945,2.875,1
v2|low|inchoative|overlay_subject_trial_s02_rhizoctinia|bad|carjack|3996,low,inchoative,bad,carjack,rhizoctinia,overlay_arg_1_match,overlay_subject_trial_s02,1.78,xtail,supplemental_v2_bad_verbs, the,.,-1.328197956085205,-5.390697956085205,4.0625,1
v2|low|inchoative|overlay_subject_trial_s02_rhizoctinia|bad|castigate|3997,low,inchoative,bad,castigate,rhizoctinia,overlay_arg_1_match,overlay_subject_trial_s02,1.92,xtail,supplemental_v2_bad_verbs, the,.,-1.043853759765625,-6.043853759765625,5.0,1
v2|low|inchoative|overlay_subject_trial_s02_rhizoctinia|bad|chasten|3998,low,inchoative,bad,chasten,rhizoctinia,overlay_arg_1_match,overlay_subject_trial_s02,1.72,xtail,supplemental_v2_bad_verbs, the,.,-1.264249563217163,-4.451749801635742,3.187500238418579,1
v2|low|inchoative|overlay_subject_trial_s02_rhizoctinia|bad|coerce|3999,low,inchoative,bad,coerce,rhizoctinia,overlay_arg_1_match,overlay_subject_trial_s02,2.86,tail,supplemental_v2_bad_verbs, the,.,-0.8004831075668335,-7.300483226776123,6.5,1
v2|low|inchoative|overlay_subject_trial_s02_rhizoctinia|bad|confiscate|4000,low,inchoative,bad,confiscate,rhizoctinia,overlay_arg_1_match,overlay_subject_trial_s02,2.93,tail,supplemental_v2_bad_verbs, the,.,-1.2707933187484741,-6.958293437957764,5.6875,1
v2|low|inchoative|overlay_subject_trial_s02_rhizoctinia|bad|denude|4001,low,inchoative,bad,denude,rhizoctinia,overlay_arg_1_match,overlay_subject_trial_s02,1.42,xtail,supplemental_v2_bad_verbs, the,.,-0.769572913646698,-6.144572734832764,5.375,1
v2|low|inchoative|overlay_subject_trial_s02_rhizoctinia|bad|encumber|4004,low,inchoative,bad,encumber,rhizoctinia,overlay_arg_1_match,overlay_subject_trial_s02,1.68,xtail,supplemental_v2_bad_verbs, the,.,-0.6847853660583496,-5.80978536605835,5.125,1
v2|low|inchoative|overlay_subject_trial_s02_rhizoctinia|bad|enslave|4005,low,inchoative,bad,enslave,rhizoctinia,overlay_arg_1_match,overlay_subject_trial_s02,2.83,tail,supplemental_v2_bad_verbs, the,.,-0.8266862630844116,-6.576686382293701,5.75,1
v2|low|inchoative|overlay_subject_trial_s02_rhizoctinia|bad|extort|4006,low,inchoative,bad,extort,rhizoctinia,overlay_arg_1_match,overlay_subject_trial_s02,2.82,tail,supplemental_v2_bad_verbs, the,.,-2.1732003688812256,-5.860700607299805,3.687500238418579,1
v2|low|inchoative|overlay_subject_trial_s02_rhizoctinia|bad|hospitalize|4008,low,inchoative,bad,hospitalize,rhizoctinia,overlay_arg_1_match,overlay_subject_trial_s02,1.77,xtail,supplemental_v2_bad_verbs, the,.,-1.411766767501831,-4.53676700592041,3.125000238418579,1
v2|low|inchoative|overlay_subject_trial_s02_rhizoctinia|bad|impale|4009,low,inchoative,bad,impale,rhizoctinia,overlay_arg_1_match,overlay_subject_trial_s02,2.22,low_gap,supplemental_v2_bad_verbs, the,.,-1.2803549766540527,-6.936604976654053,5.65625,1
v2|low|inchoative|overlay_subject_trial_s02_rhizoctinia|bad|lambaste|4011,low,inchoative,bad,lambaste,rhizoctinia,overlay_arg_1_match,overlay_subject_trial_s02,1.66,xtail,supplemental_v2_bad_verbs, the,.,-1.0061604976654053,-6.474910736083984,5.46875,1
v2|low|inchoative|overlay_subject_trial_s02_rhizoctinia|bad|misguide|4012,low,inchoative,bad,misguide,rhizoctinia,overlay_arg_1_match,overlay_subject_trial_s02,1.66,xtail,supplemental_v2_bad_verbs, the,.,-0.6507899165153503,-6.400789737701416,5.75,1
v2|low|inchoative|overlay_subject_trial_s02_rhizoctinia|bad|paralyze|4015,low,inchoative,bad,paralyze,rhizoctinia,overlay_arg_1_match,overlay_subject_trial_s02,2.65,tail,supplemental_v2_bad_verbs, the,.,-0.6803094744682312,-5.805309295654297,5.125,1
v2|low|inchoative|overlay_subject_trial_s02_rhizoctinia|bad|rebuke|4016,low,inchoative,bad,rebuke,rhizoctinia,overlay_arg_1_match,overlay_subject_trial_s02,3.1,tail,supplemental_v2_bad_verbs, the,.,-0.9061002731323242,-5.656100273132324,4.75,1
v2|low|inchoative|overlay_subject_trial_s02_rhizoctinia|bad|reprove|4017,low,inchoative,bad,reprove,rhizoctinia,overlay_arg_1_match,overlay_subject_trial_s02,1.79,xtail,supplemental_v2_bad_verbs, the,.,-1.4684834480285645,-5.4059834480285645,3.9375,1
v2|low|inchoative|overlay_subject_trial_s02_rhizoctinia|bad|revile|4018,low,inchoative,bad,revile,rhizoctinia,overlay_arg_1_match,overlay_subject_trial_s02,1.98,xtail,supplemental_v2_bad_verbs, the,.,-1.8238599300384521,-5.073860168457031,3.250000238418579,1
v2|low|inchoative|overlay_subject_trial_s02_rhizoctinia|bad|scrutinize|4019,low,inchoative,bad,scrutinize,rhizoctinia,overlay_arg_1_match,overlay_subject_trial_s02,2.76,tail,supplemental_v2_bad_verbs, the,.,-0.9599270820617676,-5.959927082061768,5.0,1
v2|low|inchoative|overlay_subject_trial_s02_rhizoctinia|bad|seclude|4020,low,inchoative,bad,seclude,rhizoctinia,overlay_arg_1_match,overlay_subject_trial_s02,1.7,xtail,supplemental_v2_bad_verbs, the,.,-2.3011789321899414,-4.801178932189941,2.5,1
v2|low|inchoative|overlay_subject_trial_s02_rhizoctinia|bad|swindle|4022,low,inchoative,bad,swindle,rhizoctinia,overlay_arg_1_match,overlay_subject_trial_s02,2.67,tail,supplemental_v2_bad_verbs, the,.,-1.1966485977172852,-4.946648597717285,3.75,1
v2|low|inchoative|overlay_subject_trial_s02_rhizoctinia|bad|uproot|4023,low,inchoative,bad,uproot,rhizoctinia,overlay_arg_1_match,overlay_subject_trial_s02,2.63,tail,supplemental_v2_bad_verbs, the,.,-2.5346875190734863,-4.097187519073486,1.5625,1
v2|low|inchoative|overlay_subject_trial_s02_rhizoctinia|bad|vilify|4024,low,inchoative,bad,vilify,rhizoctinia,overlay_arg_1_match,overlay_subject_trial_s02,2.44,tail,supplemental_v2_bad_verbs, the,.,-1.1709167957305908,-7.358416557312012,6.1875,1
v2|low|inchoative|overlay_subject_lab_s00_megatheriid|good|blacken|4062,low,inchoative,good,blacken,megatheriid,overlay_arg_1_match,overlay_subject_lab_s00,2.25,low_gap,freqblimp_curated,., the,-4.4716081619262695,-2.0341081619262695,-2.4375,0
v2|low|inchoative|overlay_subject_lab_s00_megatheriid|good|brighten|4063,low,inchoative,good,brighten,megatheriid,overlay_arg_1_match,overlay_subject_lab_s00,2.5999999046325684,tail,freqblimp_curated,., the,-5.307192802429199,-1.8071928024291992,-3.5,0
v2|low|inchoative|overlay_subject_lab_s00_megatheriid|good|condense|4066,low,inchoative,good,condense,megatheriid,overlay_arg_1_match,overlay_subject_lab_s00,2.7100000381469727,tail,freqblimp_curated,., the,-6.1456780433654785,-2.5831780433654785,-3.5625,0
v2|low|inchoative|overlay_subject_lab_s00_megatheriid|good|darken|4068,low,inchoative,good,darken,megatheriid,overlay_arg_1_match,overlay_subject_lab_s00,2.880000114440918,tail,freqblimp_curated,., the,-4.232461929321289,-2.607461929321289,-1.625,0
v2|low|inchoative|overlay_subject_lab_s00_megatheriid|good|evaporate|4071,low,inchoative,good,evaporate,megatheriid,overlay_arg_1_match,overlay_subject_lab_s00,3.009999990463257,tail,freqblimp_curated,., the,-4.259099006652832,-2.071598768234253,-2.187500238418579,0
v2|low|inchoative|overlay_subject_lab_s00_megatheriid|good|flatten|4072,low,inchoative,good,flatten,megatheriid,overlay_arg_1_match,overlay_subject_lab_s00,2.9800000190734863,tail,freqblimp_curated,., the,-6.30312967300415,-1.99062979221344,-4.3125,0
v2|low|inchoative|overlay_subject_lab_s00_megatheriid|good|fray|4073,low,inchoative,good,fray,megatheriid,overlay_arg_1_match,overlay_subject_lab_s00,1.7000000476837158,xtail,freqblimp_curated,., the,-5.70157527923584,-2.07657527923584,-3.625,0
v2|low|inchoative|overlay_subject_lab_s00_megatheriid|good|loosen|4075,low,inchoative,good,loosen,megatheriid,overlay_arg_1_match,overlay_subject_lab_s00,2.4200000762939453,tail,freqblimp_curated,., the,-7.122433662414551,-1.1224336624145508,-6.0,0
v2|low|inchoative|overlay_subject_lab_s00_megatheriid|good|scorch|4076,low,inchoative,good,scorch,megatheriid,overlay_arg_1_match,overlay_subject_lab_s00,2.7300000190734863,tail,freqblimp_curated,., the,-5.559484004974365,-1.5594838857650757,-4.0,0
v2|low|inchoative|overlay_subject_lab_s00_megatheriid|good|shatter|4077,low,inchoative,good,shatter,megatheriid,overlay_arg_1_match,overlay_subject_lab_s00,2.799999952316284,tail,freqblimp_curated,., the,-5.755391597747803,-1.6303914785385132,-4.125,0
v2|low|inchoative|overlay_subject_lab_s00_megatheriid|good|solidify|4080,low,inchoative,good,solidify,megatheriid,overlay_arg_1_match,overlay_subject_lab_s00,2.990000009536743,tail,freqblimp_curated,., the,-4.646086692810059,-2.5835869312286377,-2.062499761581421,0
v2|low|inchoative|overlay_subject_lab_s00_megatheriid|good|tighten|4081,low,inchoative,good,tighten,megatheriid,overlay_arg_1_match,overlay_subject_lab_s00,2.700000047683716,tail,freqblimp_curated,., the,-7.316235542297363,-1.5662353038787842,-5.75,0
v2|low|inchoative|overlay_subject_lab_s00_megatheriid|good|vaporize|4083,low,inchoative,good,vaporize,megatheriid,overlay_arg_1_match,overlay_subject_lab_s00,2.4700000286102295,tail,freqblimp_curated,., the,-5.996555328369141,-1.7465550899505615,-4.25,0
v2|low|inchoative|overlay_subject_lab_s00_megatheriid|good|wrinkle|4085,low,inchoative,good,wrinkle,megatheriid,overlay_arg_1_match,overlay_subject_lab_s00,3.119999885559082,tail,freqblimp_curated,., the,-4.788044452667236,-1.8505443334579468,-2.9375,0
v2|low|inchoative|overlay_subject_lab_s01_megatheriidae|good|blacken|4088,low,inchoative,good,blacken,megatheriidae,overlay_arg_1_match,overlay_subject_lab_s01,2.25,low_gap,freqblimp_curated,., the,-4.23394250869751,-1.7339423894882202,-2.5,0
v2|low|inchoative|overlay_subject_lab_s01_megatheriidae|good|brighten|4089,low,inchoative,good,brighten,megatheriidae,overlay_arg_1_match,overlay_subject_lab_s01,2.5999999046325684,tail,freqblimp_curated,., the,-5.417437553405762,-1.4174376726150513,-4.0,0
v2|low|inchoative|overlay_subject_lab_s01_megatheriidae|good|condense|4092,low,inchoative,good,condense,megatheriidae,overlay_arg_1_match,overlay_subject_lab_s01,2.7100000381469727,tail,freqblimp_curated,., the,-6.014898777008057,-2.2023987770080566,-3.8125,0
v2|low|inchoative|overlay_subject_lab_s01_megatheriidae|good|darken|4094,low,inchoative,good,darken,megatheriidae,overlay_arg_1_match,overlay_subject_lab_s01,2.880000114440918,tail,freqblimp_curated,., the,-3.945552349090576,-2.258052349090576,-1.6875,0
v2|low|inchoative|overlay_subject_lab_s01_megatheriidae|good|evaporate|4097,low,inchoative,good,evaporate,megatheriidae,overlay_arg_1_match,overlay_subject_lab_s01,3.009999990463257,tail,freqblimp_curated,., the,-4.136473655700684,-1.948973536491394,-2.1875,0
v2|low|inchoative|overlay_subject_lab_s01_megatheriidae|good|flatten|4098,low,inchoative,good,flatten,megatheriidae,overlay_arg_1_match,overlay_subject_lab_s01,2.9800000190734863,tail,freqblimp_curated,., the,-5.880795478820801,-1.5682955980300903,-4.3125,0
v2|low|inchoative|overlay_subject_lab_s01_megatheriidae|good|fray|4099,low,inchoative,good,fray,megatheriidae,overlay_arg_1_match,overlay_subject_lab_s01,1.7000000476837158,xtail,freqblimp_curated,., the,-6.310090065002441,-1.6850900650024414,-4.625,0
v2|low|inchoative|overlay_subject_lab_s01_megatheriidae|good|loosen|4101,low,inchoative,good,loosen,megatheriidae,overlay_arg_1_match,overlay_subject_lab_s01,2.4200000762939453,tail,freqblimp_curated,., the,-7.33820104598999,-0.9007010459899902,-6.4375,0
v2|low|inchoative|overlay_subject_lab_s01_megatheriidae|good|scorch|4102,low,inchoative,good,scorch,megatheriidae,overlay_arg_1_match,overlay_subject_lab_s01,2.7300000190734863,tail,freqblimp_curated,., the,-4.906378746032715,-1.4063788652420044,-3.5,0
v2|low|inchoative|overlay_subject_lab_s01_megatheriidae|good|shatter|4103,low,inchoative,good,shatter,megatheriidae,overlay_arg_1_match,overlay_subject_lab_s01,2.799999952316284,tail,freqblimp_curated,., the,-5.769006252288818,-1.1440062522888184,-4.625,0
v2|low|inchoative|overlay_subject_lab_s01_megatheriidae|good|solidify|4106,low,inchoative,good,solidify,megatheriidae,overlay_arg_1_match,overlay_subject_lab_s01,2.990000009536743,tail,freqblimp_curated,., the,-4.793146133422852,-2.0431461334228516,-2.75,0
v2|low|inchoative|overlay_subject_lab_s01_megatheriidae|good|tighten|4107,low,inchoative,good,tighten,megatheriidae,overlay_arg_1_match,overlay_subject_lab_s01,2.700000047683716,tail,freqblimp_curated,., the,-7.007037162780762,-1.1320372819900513,-5.875,0
v2|low|inchoative|overlay_subject_lab_s01_megatheriidae|good|vaporize|4109,low,inchoative,good,vaporize,megatheriidae,overlay_arg_1_match,overlay_subject_lab_s01,2.4700000286102295,tail,freqblimp_curated,., the,-6.132063865661621,-1.6945641040802002,-4.4375,0
v2|low|inchoative|overlay_subject_lab_s01_megatheriidae|good|wrinkle|4111,low,inchoative,good,wrinkle,megatheriidae,overlay_arg_1_match,overlay_subject_lab_s01,3.119999885559082,tail,freqblimp_curated,., the,-4.718400478363037,-1.7809003591537476,-2.9375,0
v2|low|inchoative|overlay_subject_visit_s02_naumachia|good|blacken|4218,low,inchoative,good,blacken,naumachia,overlay_arg_1_match,overlay_subject_visit_s02,2.25,low_gap,freqblimp_curated,., the,-3.0991134643554688,-1.3491135835647583,-1.7499998807907104,0
v2|low|inchoative|overlay_subject_visit_s02_naumachia|good|brighten|4219,low,inchoative,good,brighten,naumachia,overlay_arg_1_match,overlay_subject_visit_s02,2.5999999046325684,tail,freqblimp_curated,., the,-2.464406967163086,-2.401906967163086,-0.0625,0
v2|low|inchoative|overlay_subject_visit_s02_naumachia|good|condense|4222,low,inchoative,good,condense,naumachia,overlay_arg_1_match,overlay_subject_visit_s02,2.7100000381469727,tail,freqblimp_curated,., the,-3.8721537590026855,-2.3096537590026855,-1.5625,0
v2|low|inchoative|overlay_subject_visit_s02_naumachia|good|darken|4224,low,inchoative,good,darken,naumachia,overlay_arg_1_match,overlay_subject_visit_s02,2.880000114440918,tail,freqblimp_curated,., the,-2.5719428062438965,-2.6969428062438965,0.125,1
v2|low|inchoative|overlay_subject_visit_s02_naumachia|good|evaporate|4227,low,inchoative,good,evaporate,naumachia,overlay_arg_1_match,overlay_subject_visit_s02,3.009999990463257,tail,freqblimp_curated,., the,-1.5307867527008057,-5.780786514282227,4.25,1
v2|low|inchoative|overlay_subject_visit_s02_naumachia|good|flatten|4228,low,inchoative,good,flatten,naumachia,overlay_arg_1_match,overlay_subject_visit_s02,2.9800000190734863,tail,freqblimp_curated,., the,-3.803100347518921,-1.240600347518921,-2.5625,0
v2|low|inchoative|overlay_subject_visit_s02_naumachia|good|fray|4229,low,inchoative,good,fray,naumachia,overlay_arg_1_match,overlay_subject_visit_s02,1.7000000476837158,xtail,freqblimp_curated,., the,-3.1532704830169678,-2.2782704830169678,-0.875,0
v2|low|inchoative|overlay_subject_visit_s02_naumachia|good|loosen|4231,low,inchoative,good,loosen,naumachia,overlay_arg_1_match,overlay_subject_visit_s02,2.4200000762939453,tail,freqblimp_curated,., the,-3.0059237480163574,-2.3809237480163574,-0.625,0
v2|low|inchoative|overlay_subject_visit_s02_naumachia|good|scorch|4232,low,inchoative,good,scorch,naumachia,overlay_arg_1_match,overlay_subject_visit_s02,2.7300000190734863,tail,freqblimp_curated,., the,-3.942678451538086,-0.9426784515380859,-3.0,0
v2|low|inchoative|overlay_subject_visit_s02_naumachia|good|shatter|4233,low,inchoative,good,shatter,naumachia,overlay_arg_1_match,overlay_subject_visit_s02,2.799999952316284,tail,freqblimp_curated,., the,-2.311609983444214,-2.124109983444214,-0.1875,0
v2|low|inchoative|overlay_subject_visit_s02_naumachia|good|solidify|4236,low,inchoative,good,solidify,naumachia,overlay_arg_1_match,overlay_subject_visit_s02,2.990000009536743,tail,freqblimp_curated,., the,-2.565397262573242,-1.6278971433639526,-0.9375001192092896,0
v2|low|inchoative|overlay_subject_visit_s02_naumachia|good|tighten|4237,low,inchoative,good,tighten,naumachia,overlay_arg_1_match,overlay_subject_visit_s02,2.700000047683716,tail,freqblimp_curated,., the,-3.3578639030456543,-2.1078639030456543,-1.25,0
v2|low|inchoative|overlay_subject_visit_s02_naumachia|good|vaporize|4239,low,inchoative,good,vaporize,naumachia,overlay_arg_1_match,overlay_subject_visit_s02,2.4700000286102295,tail,freqblimp_curated,., the,-2.2118282318115234,-2.3993282318115234,0.1875,1
v2|low|inchoative|overlay_subject_visit_s02_naumachia|good|wrinkle|4241,low,inchoative,good,wrinkle,naumachia,overlay_arg_1_match,overlay_subject_visit_s02,3.119999885559082,tail,freqblimp_curated,., the,-2.97137713432312,-2.15887713432312,-0.8125,0
v2|low|inchoative|overlay_subject_trial_s00_rhizobiaceae|good|blacken|4478,low,inchoative,good,blacken,rhizobiaceae,overlay_arg_1_match,overlay_subject_trial_s00,2.25,low_gap,freqblimp_curated,., the,-2.4669270515441895,-2.7794270515441895,0.3125,1
v2|low|inchoative|overlay_subject_trial_s00_rhizobiaceae|good|brighten|4479,low,inchoative,good,brighten,rhizobiaceae,overlay_arg_1_match,overlay_subject_trial_s00,2.5999999046325684,tail,freqblimp_curated,., the,-3.4428915977478027,-1.6928914785385132,-1.7500001192092896,0
v2|low|inchoative|overlay_subject_trial_s00_rhizobiaceae|good|condense|4482,low,inchoative,good,condense,rhizobiaceae,overlay_arg_1_match,overlay_subject_trial_s00,2.7100000381469727,tail,freqblimp_curated,., the,-3.9546058177948,-2.6421058177948,-1.3125,0
v2|low|inchoative|overlay_subject_trial_s00_rhizobiaceae|good|darken|4484,low,inchoative,good,darken,rhizobiaceae,overlay_arg_1_match,overlay_subject_trial_s00,2.880000114440918,tail,freqblimp_curated,., the,-2.8493168354034424,-2.6618168354034424,-0.1875,0
v2|low|inchoative|overlay_subject_trial_s00_rhizobiaceae|good|evaporate|4487,low,inchoative,good,evaporate,rhizobiaceae,overlay_arg_1_match,overlay_subject_trial_s00,3.009999990463257,tail,freqblimp_curated,., the,-2.8004748821258545,-4.050475120544434,1.250000238418579,1
v2|low|inchoative|overlay_subject_trial_s00_rhizobiaceae|good|flatten|4488,low,inchoative,good,flatten,rhizobiaceae,overlay_arg_1_match,overlay_subject_trial_s00,2.9800000190734863,tail,freqblimp_curated,., the,-3.557863235473633,-3.307863235473633,-0.25,0
v2|low|inchoative|overlay_subject_trial_s00_rhizobiaceae|good|fray|4489,low,inchoative,good,fray,rhizobiaceae,overlay_arg_1_match,overlay_subject_trial_s00,1.7000000476837158,xtail,freqblimp_curated,., the,-3.2737984657287598,-2.7112984657287598,-0.5625,0
v2|low|inchoative|overlay_subject_trial_s00_rhizobiaceae|good|loosen|4491,low,inchoative,good,loosen,rhizobiaceae,overlay_arg_1_match,overlay_subject_trial_s00,2.4200000762939453,tail,freqblimp_curated,., the,-3.850048780441284,-2.037548780441284,-1.8125,0
v2|low|inchoative|overlay_subject_trial_s00_rhizobiaceae|good|scorch|4492,low,inchoative,good,scorch,rhizobiaceae,overlay_arg_1_match,overlay_subject_trial_s00,2.7300000190734863,tail,freqblimp_curated,., the,-3.2356882095336914,-1.9856882095336914,-1.25,0
v2|low|inchoative|overlay_subject_trial_s00_rhizobiaceae|good|shatter|4493,low,inchoative,good,shatter,rhizobiaceae,overlay_arg_1_match,overlay_subject_trial_s00,2.799999952316284,tail,freqblimp_curated,., the,-3.4004971981048584,-1.4004971981048584,-2.0,0
v2|low|inchoative|overlay_subject_trial_s00_rhizobiaceae|good|solidify|4496,low,inchoative,good,solidify,rhizobiaceae,overlay_arg_1_match,overlay_subject_trial_s00,2.990000009536743,tail,freqblimp_curated,., the,-2.8145158290863037,-2.6895158290863037,-0.125,0
v2|low|inchoative|overlay_subject_trial_s00_rhizobiaceae|good|tighten|4497,low,inchoative,good,tighten,rhizobiaceae,overlay_arg_1_match,overlay_subject_trial_s00,2.700000047683716,tail,freqblimp_curated,., the,-4.45345401763916,-1.6409540176391602,-2.8125,0
v2|low|inchoative|overlay_subject_trial_s00_rhizobiaceae|good|vaporize|4499,low,inchoative,good,vaporize,rhizobiaceae,overlay_arg_1_match,overlay_subject_trial_s00,2.4700000286102295,tail,freqblimp_curated,., the,-3.089325428009033,-3.276825428009033,0.1875,1
v2|low|inchoative|overlay_subject_trial_s00_rhizobiaceae|good|wrinkle|4501,low,inchoative,good,wrinkle,rhizobiaceae,overlay_arg_1_match,overlay_subject_trial_s00,3.119999885559082,tail,freqblimp_curated,., the,-3.5149240493774414,-2.3274240493774414,-1.1875,0
v2|low|inchoative|overlay_subject_trial_s01_rhizobium|good|blacken|4504,low,inchoative,good,blacken,rhizobium,overlay_arg_1_match,overlay_subject_trial_s01,2.25,low_gap,freqblimp_curated,., the,-3.2070837020874023,-1.8320835828781128,-1.3750001192092896,0
v2|low|inchoative|overlay_subject_trial_s01_rhizobium|good|brighten|4505,low,inchoative,good,brighten,rhizobium,overlay_arg_1_match,overlay_subject_trial_s01,2.5999999046325684,tail,freqblimp_curated,., the,-4.8539628982543945,-1.1039626598358154,-3.750000238418579,0
v2|low|inchoative|overlay_subject_trial_s01_rhizobium|good|condense|4508,low,inchoative,good,condense,rhizobium,overlay_arg_1_match,overlay_subject_trial_s01,2.7100000381469727,tail,freqblimp_curated,., the,-5.02938175201416,-2.6543819904327393,-2.374999761581421,0
v2|low|inchoative|overlay_subject_trial_s01_rhizobium|good|darken|4510,low,inchoative,good,darken,rhizobium,overlay_arg_1_match,overlay_subject_trial_s01,2.880000114440918,tail,freqblimp_curated,., the,-3.6136815547943115,-1.4886815547943115,-2.125,0
v2|low|inchoative|overlay_subject_trial_s01_rhizobium|good|evaporate|4513,low,inchoative,good,evaporate,rhizobium,overlay_arg_1_match,overlay_subject_trial_s01,3.009999990463257,tail,freqblimp_curated,., the,-3.2809858322143555,-3.7809858322143555,0.5,1
v2|low|inchoative|overlay_subject_trial_s01_rhizobium|good|flatten|4514,low,inchoative,good,flatten,rhizobium,overlay_arg_1_match,overlay_subject_trial_s01,2.9800000190734863,tail,freqblimp_curated,., the,-4.741510391235352,-1.991510272026062,-2.75,0
v2|low|inchoative|overlay_subject_trial_s01_rhizobium|good|fray|4515,low,inchoative,good,fray,rhizobium,overlay_arg_1_match,overlay_subject_trial_s01,1.7000000476837158,xtail,freqblimp_curated,., the,-4.526401519775391,-2.0889012813568115,-2.437500238418579,0
v2|low|inchoative|overlay_subject_trial_s01_rhizobium|good|loosen|4517,low,inchoative,good,loosen,rhizobium,overlay_arg_1_match,overlay_subject_trial_s01,2.4200000762939453,tail,freqblimp_curated,., the,-5.7496337890625,-0.9371335506439209,-4.8125,0
v2|low|inchoative|overlay_subject_trial_s01_rhizobium|good|scorch|4518,low,inchoative,good,scorch,rhizobium,overlay_arg_1_match,overlay_subject_trial_s01,2.7300000190734863,tail,freqblimp_curated,., the,-4.460041522979736,-1.0850415229797363,-3.375,0
v2|low|inchoative|overlay_subject_trial_s01_rhizobium|good|shatter|4519,low,inchoative,good,shatter,rhizobium,overlay_arg_1_match,overlay_subject_trial_s01,2.799999952316284,tail,freqblimp_curated,., the,-4.117648124694824,-1.3676481246948242,-2.75,0
v2|low|inchoative|overlay_subject_trial_s01_rhizobium|good|solidify|4522,low,inchoative,good,solidify,rhizobium,overlay_arg_1_match,overlay_subject_trial_s01,2.990000009536743,tail,freqblimp_curated,., the,-3.5676097869873047,-3.1301097869873047,-0.4375,0
v2|low|inchoative|overlay_subject_trial_s01_rhizobium|good|tighten|4523,low,inchoative,good,tighten,rhizobium,overlay_arg_1_match,overlay_subject_trial_s01,2.700000047683716,tail,freqblimp_curated,., the,-5.777364253997803,-1.2148641347885132,-4.5625,0
v2|low|inchoative|overlay_subject_trial_s01_rhizobium|good|vaporize|4525,low,inchoative,good,vaporize,rhizobium,overlay_arg_1_match,overlay_subject_trial_s01,2.4700000286102295,tail,freqblimp_curated,., the,-3.9693002700805664,-2.2818002700805664,-1.6875,0
v2|low|inchoative|overlay_subject_trial_s01_rhizobium|good|wrinkle|4527,low,inchoative,good,wrinkle,rhizobium,overlay_arg_1_match,overlay_subject_trial_s01,3.119999885559082,tail,freqblimp_curated,., the,-4.080401420593262,-1.8304015398025513,-2.25,0
v2|low|inchoative|overlay_subject_trial_s02_rhizoctinia|good|blacken|4530,low,inchoative,good,blacken,rhizoctinia,overlay_arg_1_match,overlay_subject_trial_s02,2.25,low_gap,freqblimp_curated,., the,-2.7850534915924072,-3.3475534915924072,0.5625,1
v2|low|inchoative|overlay_subject_trial_s02_rhizoctinia|good|brighten|4531,low,inchoative,good,brighten,rhizoctinia,overlay_arg_1_match,overlay_subject_trial_s02,2.5999999046325684,tail,freqblimp_curated,., the,-3.9165616035461426,-2.2290616035461426,-1.6875,0
v2|low|inchoative|overlay_subject_trial_s02_rhizoctinia|good|condense|4534,low,inchoative,good,condense,rhizoctinia,overlay_arg_1_match,overlay_subject_trial_s02,2.7100000381469727,tail,freqblimp_curated,., the,-4.4230804443359375,-2.9855802059173584,-1.437500238418579,0
v2|low|inchoative|overlay_subject_trial_s02_rhizoctinia|good|darken|4536,low,inchoative,good,darken,rhizoctinia,overlay_arg_1_match,overlay_subject_trial_s02,2.880000114440918,tail,freqblimp_curated,., the,-3.0556254386901855,-3.1181254386901855,0.0625,1
v2|low|inchoative|overlay_subject_trial_s02_rhizoctinia|good|evaporate|4539,low,inchoative,good,evaporate,rhizoctinia,overlay_arg_1_match,overlay_subject_trial_s02,3.009999990463257,tail,freqblimp_curated,., the,-2.978487014770508,-3.978487014770508,1.0,1
v2|low|inchoative|overlay_subject_trial_s02_rhizoctinia|good|flatten|4540,low,inchoative,good,flatten,rhizoctinia,overlay_arg_1_match,overlay_subject_trial_s02,2.9800000190734863,tail,freqblimp_curated,., the,-3.682131290435791,-3.432131290435791,-0.25,0
v2|low|inchoative|overlay_subject_trial_s02_rhizoctinia|good|fray|4541,low,inchoative,good,fray,rhizoctinia,overlay_arg_1_match,overlay_subject_trial_s02,1.7000000476837158,xtail,freqblimp_curated,., the,-3.748835802078247,-2.686335802078247,-1.0625,0
v2|low|inchoative|overlay_subject_trial_s02_rhizoctinia|good|loosen|4543,low,inchoative,good,loosen,rhizoctinia,overlay_arg_1_match,overlay_subject_trial_s02,2.4200000762939453,tail,freqblimp_curated,., the,-4.109945297241211,-1.984945297241211,-2.125,0
v2|low|inchoative|overlay_subject_trial_s02_rhizoctinia|good|scorch|4544,low,inchoative,good,scorch,rhizoctinia,overlay_arg_1_match,overlay_subject_trial_s02,2.7300000190734863,tail,freqblimp_curated,., the,-3.6852962970733643,-1.8727962970733643,-1.8125,0
v2|low|inchoative|overlay_subject_trial_s02_rhizoctinia|good|shatter|4545,low,inchoative,good,shatter,rhizoctinia,overlay_arg_1_match,overlay_subject_trial_s02,2.799999952316284,tail,freqblimp_curated,., the,-3.2666800022125244,-2.9541800022125244,-0.3125,0
v2|low|inchoative|overlay_subject_trial_s02_rhizoctinia|good|solidify|4548,low,inchoative,good,solidify,rhizoctinia,overlay_arg_1_match,overlay_subject_trial_s02,2.990000009536743,tail,freqblimp_curated,., the,-3.020714282989502,-4.020714282989502,1.0,1
v2|low|inchoative|overlay_subject_trial_s02_rhizoctinia|good|tighten|4549,low,inchoative,good,tighten,rhizoctinia,overlay_arg_1_match,overlay_subject_trial_s02,2.700000047683716,tail,freqblimp_curated,., the,-4.400494575500488,-1.7129944562911987,-2.6875,0
v2|low|inchoative|overlay_subject_trial_s02_rhizoctinia|good|vaporize|4551,low,inchoative,good,vaporize,rhizoctinia,overlay_arg_1_match,overlay_subject_trial_s02,2.4700000286102295,tail,freqblimp_curated,., the,-3.59451961517334,-2.53201961517334,-1.0625,0
v2|low|inchoative|overlay_subject_trial_s02_rhizoctinia|good|wrinkle|4553,low,inchoative,good,wrinkle,rhizoctinia,overlay_arg_1_match,overlay_subject_trial_s02,3.119999885559082,tail,freqblimp_curated,., the,-3.4858155250549316,-2.6733155250549316,-0.8125,0
