regime,behavioral_acc,patching_effect,transfer_success
head,1.0,1.0,1.0
tail,0.9665042630937881,0.6037453840895952,0.86
xtail,0.8763702801461632,0.4438510264577899,0.7941176470588235
