regime,behavioral_acc,patching_effect,transfer_success
head,0.821,5.787828925408815,1.0
tail,0.7935,3.494374997615814,0.86
xtail,0.7195,2.5689338095047893,0.7941176470588235
