rank,split,fold,control,iia_cross,iia_same,pc_frac_median,pc_frac_mean,rev_frac_median,iia_cross_david,n_swaps,draw
1,0,0,das,0.46825396825396826,0.9880952380952381,0.6630868044975133,0.6342075235194259,0.34615079574419105,0.3888888888888889,924,
1,0,1,das,0.40476190476190477,1.0,0.5795444216314398,0.6152896282462598,0.2746964249642371,0.3888888888888889,924,
1,0,2,das,0.3888888888888889,0.9976190476190476,0.6024590704786269,0.58928461760973,0.2771266004596239,0.3888888888888889,924,
1,0,3,das,0.5218253968253969,0.9976190476190476,0.5783779225146483,0.6327572690236342,0.39274311662136385,0.4166666666666667,924,
1,0,4,das,0.4828571428571429,0.95,0.7241802518581737,0.7558689474160701,0.26007856011566105,0.56,630,
1,1,0,das,0.5694444444444444,0.9595238095238096,0.8218221334651707,0.7945704973573862,0.3293219604480136,0.5972222222222222,924,
1,1,1,das,0.45436507936507936,0.9880952380952381,0.6597388196186922,0.6829529989212907,0.3321508667587598,0.3888888888888889,924,
1,1,2,das,0.5317460317460317,1.0,0.48180467744989586,0.5206871919853958,0.5116410309083388,0.4166666666666667,924,
1,1,3,das,0.40674603174603174,1.0,0.6225918895353038,0.5983777877351613,0.29435396804723524,0.3888888888888889,924,
1,1,4,das,0.26571428571428574,0.9678571428571429,0.5185533932990284,0.5914054655092038,0.11629210067792853,0.3,630,
1,2,0,das,0.25793650793650796,0.9976190476190476,0.5797784318337025,0.5874803766903242,0.17064697101910553,0.2361111111111111,924,
1,2,1,das,0.49007936507936506,0.9642857142857143,0.5726431846445048,0.6046311948453068,0.34093834646656,0.4444444444444444,924,
1,2,2,das,0.42658730158730157,0.9857142857142858,0.5558477446570009,0.558020119707507,0.3020533535763701,0.4166666666666667,924,
1,2,3,das,0.44246031746031744,1.0,0.6196405234841555,0.6256200081399321,0.30308574219187,0.4583333333333333,924,
1,2,4,das,0.58,1.0,0.7315473388278182,0.7552943860237078,0.42461535575382425,0.58,630,
2,0,0,das,0.49206349206349204,0.9857142857142858,0.6861709149869417,0.6550863138087007,0.3362470397790873,0.4444444444444444,924,
2,0,1,das,0.4126984126984127,0.9928571428571429,0.5525939886265347,0.5957601059848833,0.292542707748699,0.4027777777777778,924,
2,0,2,das,0.4384920634920635,0.9928571428571429,0.6514601424200932,0.6196279419269134,0.3018870152801708,0.4305555555555556,924,
2,0,3,das,0.5257936507936508,1.0,0.5866604405089678,0.6359013240608412,0.36125083165900174,0.4305555555555556,924,
2,0,4,das,0.46285714285714286,0.95,0.7156449285794215,0.7434359345687134,0.261175713598952,0.54,630,
2,1,0,das,0.626984126984127,0.9523809523809523,0.8487215294393577,0.8124546054368016,0.384965561241443,0.6388888888888888,924,
2,1,1,das,0.48214285714285715,0.9904761904761905,0.6953312243957503,0.7264339132435776,0.3606626503492468,0.4444444444444444,924,
2,1,2,das,0.5833333333333334,0.9976190476190476,0.5060997298257133,0.5399434032746936,0.5755844726054048,0.5138888888888888,924,
2,1,3,das,0.38293650793650796,1.0,0.5730120465862075,0.5758194563589738,0.3034672192996813,0.3194444444444444,924,
2,1,4,das,0.30857142857142855,0.9678571428571429,0.5741549604044209,0.6308781316822689,0.12047452820104451,0.34,630,
2,2,0,das,0.2757936507936508,0.9976190476190476,0.5924024194565749,0.5956395070769437,0.17374139945616368,0.25,924,
2,2,1,das,0.5357142857142857,0.9214285714285714,0.5951414471891918,0.613675580732301,0.4418490382170772,0.4861111111111111,924,
2,2,2,das,0.41865079365079366,0.9833333333333333,0.5920031655599585,0.5764921670603111,0.28633438538740064,0.4305555555555556,924,
2,2,3,das,0.49404761904761907,1.0,0.6736241820923694,0.665383101335839,0.3175735062328286,0.4722222222222222,924,
2,2,4,das,0.6085714285714285,1.0,0.749565446813794,0.7717227383359256,0.4345918275915426,0.56,630,
4,0,0,das,0.5615079365079365,0.9952380952380953,0.7723296618199025,0.7315437378081227,0.4016000329695598,0.4861111111111111,924,
4,0,1,das,0.4781746031746032,1.0,0.6187802042810665,0.6516316664909804,0.3119332994270525,0.4027777777777778,924,
4,0,2,das,0.4503968253968254,0.9976190476190476,0.643156273792219,0.6445863282089789,0.30382730780587985,0.4722222222222222,924,
4,0,3,das,0.5992063492063492,0.9976190476190476,0.675667947147575,0.7146170087459891,0.37846916948222326,0.5416666666666666,924,
4,0,4,das,0.5257142857142857,0.9321428571428572,0.7338536651656488,0.7691841470776679,0.3280877432581712,0.56,630,
4,1,0,das,0.6428571428571429,0.9619047619047619,0.8610638866410182,0.8301736056612312,0.39298040457121175,0.625,924,
4,1,1,das,0.5873015873015873,0.9666666666666667,0.8315123823121762,0.8581989971996371,0.41775497519349647,0.5138888888888888,924,
4,1,2,das,0.621031746031746,1.0,0.5617250883465175,0.6109954855290771,0.5502591853395871,0.5555555555555556,924,
4,1,3,das,0.39285714285714285,1.0,0.5898358795531045,0.5720691451710889,0.3300817195205149,0.3194444444444444,924,
4,1,4,das,0.2914285714285714,0.9785714285714285,0.5513631955254147,0.6647539078075396,0.15142410840768636,0.32,630,
4,2,0,das,0.2777777777777778,0.9976190476190476,0.5686578832222304,0.5974627391560592,0.17646909607764372,0.2638888888888889,924,
4,2,1,das,0.6349206349206349,0.9452380952380952,0.6758189303319271,0.7576017720802403,0.40753126406880336,0.5694444444444444,924,
4,2,2,das,0.49404761904761907,0.9833333333333333,0.6559831805925693,0.648018996369916,0.3243464462455853,0.5,924,
4,2,3,das,0.5,1.0,0.6723647430992272,0.6892432608656849,0.32424949040684947,0.4861111111111111,924,
4,2,4,das,0.64,1.0,0.7589211021346506,0.7921018108184043,0.4245383706733108,0.66,630,
1,0,0,random,0.03571428571428571,0.9642857142857143,-0.001051965961258341,-0.0016766695185227868,0.002231182688027295,0.0,924,0.0
1,0,0,random_normmatched,0.037698412698412696,0.9642857142857143,0.0020155037686360095,0.0018706382836879945,0.027054400426006944,0.0,924,0.0
1,0,0,random,0.03571428571428571,0.9642857142857143,-0.00010728777846686172,-0.0008338534410496303,0.0005715653464334093,0.0,924,1.0
1,0,0,random_normmatched,0.03968253968253968,0.9619047619047619,-0.002312681909011351,0.002337688325736912,0.0013262101226728046,0.0,924,1.0
1,0,0,random,0.03571428571428571,0.9642857142857143,-0.0006562435577871387,-0.000231824276343838,-0.00085714845283015,0.0,924,2.0
1,0,0,random_normmatched,0.03968253968253968,0.9642857142857143,0.006494447524553601,0.006587212331591907,-0.005859057283036335,0.0,924,2.0
1,0,0,random,0.037698412698412696,0.9642857142857143,-0.0007018064484580853,-0.00025756651532265454,-0.0006159350119651567,0.0,924,3.0
1,0,0,random_normmatched,0.04563492063492063,0.9619047619047619,-0.0024366703859152,0.003155513045294507,-0.0033118773467199344,0.0,924,3.0
1,0,0,random,0.037698412698412696,0.9642857142857143,-0.0001335018956318752,0.0008946199844078643,-0.000129849529542047,0.0,924,4.0
1,0,0,random_normmatched,0.047619047619047616,0.9571428571428572,0.003278386282118386,0.009710443011170631,-0.002706790408291128,0.0,924,4.0
1,0,0,random,0.047619047619047616,0.9595238095238096,0.001211485668374819,0.0038147042017579375,0.00027339784992922426,0.0,924,5.0
1,0,0,random_normmatched,0.047619047619047616,0.9595238095238096,0.012583811331627646,0.029131847151394552,0.004331199347288133,0.0,924,5.0
1,0,0,random,0.03571428571428571,0.9642857142857143,-0.0009097898402677228,-0.0007732786483288538,0.00019422327495814782,0.0,924,6.0
1,0,0,random_normmatched,0.027777777777777776,0.9595238095238096,-0.002071605192502353,-0.003479990264209647,0.004934353617546368,0.0,924,6.0
1,0,0,random,0.037698412698412696,0.9595238095238096,-0.00013243344461312355,0.00035035248271138606,-0.0003170743939861869,0.0,924,7.0
1,0,0,random_normmatched,0.04365079365079365,0.9619047619047619,0.008467373518100774,0.01032835561416767,-0.002138837339103958,0.0,924,7.0
1,0,0,random,0.03571428571428571,0.9642857142857143,-0.0016773611766741669,-0.002666347392922559,0.0013147080382093725,0.0,924,8.0
1,0,0,random_normmatched,0.03571428571428571,0.9642857142857143,-0.009981828198807333,-0.011101546125443139,0.01455046418540023,0.0,924,8.0
1,0,0,random,0.03968253968253968,0.9595238095238096,0.00017902320660098951,0.0024059901001470055,0.0005684726130847224,0.0,924,9.0
1,0,0,random_normmatched,0.02976190476190476,0.9523809523809523,0.012489754922828302,0.00868743889482919,0.0019404394722510798,0.0,924,9.0
1,0,0,random,0.041666666666666664,0.9642857142857143,0.0004123348064339154,0.002433752649301435,0.0006571498751821161,0.0,924,10.0
1,0,0,random_normmatched,0.04365079365079365,0.9619047619047619,0.015390341844240183,0.01244233420930095,0.0004431276711036827,0.0,924,10.0
1,0,0,random,0.041666666666666664,0.9595238095238096,0.000382863250554191,0.0004350120862169547,0.0006668475872787342,0.0,924,11.0
1,0,0,random_normmatched,0.03968253968253968,0.9547619047619048,0.009765977531460253,0.009715412046429735,0.001966447692384118,0.0,924,11.0
1,0,0,random,0.03968253968253968,0.9642857142857143,-0.0002096065761938674,0.0007626403857662699,0.000793173496957196,0.0,924,12.0
1,0,0,random_normmatched,0.04563492063492063,0.9619047619047619,0.012191868729946194,0.019815392768107547,0.006369502786767581,0.0,924,12.0
1,0,0,random,0.041666666666666664,0.9619047619047619,-0.0006506113174919646,0.0018572422108031575,0.0005176414894877159,0.0,924,13.0
1,0,0,random_normmatched,0.04365079365079365,0.9595238095238096,0.0033740258161654626,0.009947159585600038,-0.0011479566405442174,0.0,924,13.0
1,0,0,random,0.041666666666666664,0.9619047619047619,0.00010355128033776284,0.0025856322612027452,0.001014421201837313,0.0,924,14.0
1,0,0,random_normmatched,0.047619047619047616,0.9642857142857143,0.006625881810448429,0.027382318264859956,0.0139390598043427,0.0,924,14.0
1,0,0,random,0.037698412698412696,0.9642857142857143,0.0006422381130467337,0.000670813770195472,-0.0005999629930393375,0.0,924,15.0
1,0,0,random_normmatched,0.041666666666666664,0.9619047619047619,0.014329797391756388,0.009988009725488429,0.006135996267010536,0.0,924,15.0
1,0,0,random,0.03571428571428571,0.9642857142857143,-0.0010091952564803125,-0.0008393908811927118,-0.0001885751079468166,0.0,924,16.0
1,0,0,random_normmatched,0.041666666666666664,0.9619047619047619,0.004539779764520855,0.008206856514189887,0.00024326577713417867,0.0,924,16.0
1,0,0,random,0.03571428571428571,0.9619047619047619,0.00041461305685596057,0.0009221951924812071,0.00019223095394351204,0.0,924,17.0
1,0,0,random_normmatched,0.04365079365079365,0.9619047619047619,0.01157423570476895,0.0185135851956745,0.00502100587955682,0.0,924,17.0
1,0,0,random,0.037698412698412696,0.9642857142857143,0.0005582208176667586,0.002442613101101347,0.0012227731265020574,0.0,924,18.0
1,0,0,random_normmatched,0.03571428571428571,0.9642857142857143,0.014301577446572268,0.019271658336953698,0.009954966958377397,0.0,924,18.0
1,0,0,random,0.03571428571428571,0.9642857142857143,-0.00030935759908930346,0.0014083646706365693,0.0012090300501286315,0.0,924,19.0
1,0,0,random_normmatched,0.03373015873015873,0.9642857142857143,0.009229101168628843,0.00906671558509189,0.004566235808358727,0.0,924,19.0
1,0,0,random,0.03571428571428571,0.9642857142857143,-2.259667785402664e-05,-0.00033244273816791846,0.0004077339671280837,0.0,924,20.0
1,0,0,random_normmatched,0.041666666666666664,0.9642857142857143,0.005612145368429307,0.009161462577469361,0.002069345705950328,0.0,924,20.0
1,0,0,random,0.037698412698412696,0.9642857142857143,0.00039501333388462345,0.00159458674276285,-0.00020695257827466285,0.0,924,21.0
1,0,0,random_normmatched,0.041666666666666664,0.9642857142857143,0.0074396782098094865,0.009869159917545906,0.0004926865472373211,0.0,924,21.0
1,0,0,random,0.04365079365079365,0.9595238095238096,0.0021947126332965564,0.004916070469649368,-0.00046716056956771503,0.0,924,22.0
1,0,0,random_normmatched,0.037698412698412696,0.9642857142857143,0.014571675563788612,0.022088889990463195,-0.0026026952305587487,0.0,924,22.0
1,0,0,random,0.03571428571428571,0.9619047619047619,-0.0041703589973260645,-0.003435765465652526,-0.0007119522448192153,0.0,924,23.0
1,0,0,random_normmatched,0.03571428571428571,0.9642857142857143,-0.01677056615605743,-0.015368963792363913,-0.004475645634076377,0.0,924,23.0
1,0,0,random,0.037698412698412696,0.9642857142857143,0.00021540431023820008,-0.00020796697710690498,0.0008403800872256756,0.0,924,24.0
1,0,0,random_normmatched,0.04563492063492063,0.9619047619047619,0.008337045939800496,0.018745237578367928,0.005105246076556055,0.0,924,24.0
1,0,0,random,0.03571428571428571,0.9642857142857143,-0.001407741030858414,-0.0013647794190526374,-0.0003606343719511081,0.0,924,25.0
1,0,0,random_normmatched,0.037698412698412696,0.9642857142857143,-0.006710167334255867,-0.005077170309371597,-0.0007692447041322678,0.0,924,25.0
1,0,0,random,0.03571428571428571,0.9642857142857143,0.0002429478156886202,2.939535119474168e-05,3.6188992895650036e-05,0.0,924,26.0
1,0,0,random_normmatched,0.04365079365079365,0.9571428571428572,0.00539549784827655,0.01183971579304459,0.0034083256376856042,0.0,924,26.0
1,0,0,random,0.041666666666666664,0.9642857142857143,0.002554768210763143,0.004492491606503242,-0.0008511109726127778,0.0,924,27.0
1,0,0,random_normmatched,0.047619047619047616,0.9571428571428572,0.03581436543827673,0.032528150270134955,-0.015209512449225136,0.0,924,27.0
1,0,0,random,0.03571428571428571,0.9642857142857143,9.259606495750523e-06,0.00046760552989457956,-0.000190479452319851,0.0,924,28.0
1,0,0,random_normmatched,0.03571428571428571,0.9642857142857143,0.022846913868365355,0.023507340528727466,0.0035087195428049785,0.0,924,28.0
1,0,0,random,0.03571428571428571,0.9642857142857143,0.00042107993930466604,0.00044278749903278096,-0.0013088900519011022,0.0,924,29.0
1,0,0,random_normmatched,0.03968253968253968,0.9642857142857143,0.015979368939799593,0.014445212094400821,-0.007282145973424995,0.0,924,29.0
1,0,0,random,0.03571428571428571,0.9619047619047619,-0.00010116235789292956,-0.0002632769701585744,-0.000224265016893852,0.0,924,30.0
1,0,0,random_normmatched,0.03571428571428571,0.9642857142857143,0.003761563852187993,0.005413822863932326,-0.0018898745934102755,0.0,924,30.0
1,0,0,random,0.037698412698412696,0.9642857142857143,-8.37384698568428e-05,-0.0013972261593123824,-0.0003695068472766766,0.0,924,31.0
1,0,0,random_normmatched,0.015873015873015872,0.9642857142857143,0.0011704543085376516,-0.009321874900226044,-0.005216567786535985,0.0,924,31.0
1,0,0,random,0.03968253968253968,0.9595238095238096,2.5124264686019012e-05,0.0015514653160573434,-0.00021107825119503609,0.0,924,32.0
1,0,0,random_normmatched,0.041666666666666664,0.9595238095238096,0.007308804753870872,0.014132870674040652,0.004979497746492187,0.0,924,32.0
1,0,0,random,0.03571428571428571,0.9642857142857143,0.0012528070729131795,0.0014951640473271947,-0.00019377793028202558,0.0,924,33.0
1,0,0,random_normmatched,0.04365079365079365,0.9619047619047619,0.018252229473458267,0.016016397430216534,-0.008761221477569393,0.0,924,33.0
1,0,0,random,0.03571428571428571,0.9642857142857143,-0.0009482006529761156,-0.0006414388654768971,-8.698564868709119e-05,0.0,924,34.0
1,0,0,random_normmatched,0.02976190476190476,0.9642857142857143,0.0008343902854129711,0.0014413666720166152,0.003346904577106011,0.0,924,34.0
1,0,0,random,0.037698412698412696,0.9619047619047619,0.00035611146649418865,0.0007687357522656394,0.0011647326855993155,0.0,924,35.0
1,0,0,random_normmatched,0.03968253968253968,0.9595238095238096,0.010757525393684426,0.01712020984506297,0.0006504699823236832,0.0,924,35.0
1,0,0,random,0.03571428571428571,0.9595238095238096,-0.00015273719384980715,0.0007439822647538172,-0.0024609670566939443,0.0,924,36.0
1,0,0,random_normmatched,0.03571428571428571,0.9547619047619048,0.008883629768848718,0.018702297493057966,-0.0239468684692691,0.0,924,36.0
1,0,0,random,0.03571428571428571,0.9642857142857143,-0.0004514820774413257,-0.0006941185213909228,0.0003755412298901347,0.0,924,37.0
1,0,0,random_normmatched,0.025793650793650792,0.9595238095238096,0.002575611726814301,-0.010635378401953794,0.002875028600892872,0.0,924,37.0
1,0,0,random,0.041666666666666664,0.9619047619047619,0.0011955101645023595,0.003504363133637356,-8.679279339767418e-05,0.0,924,38.0
1,0,0,random_normmatched,0.03968253968253968,0.9595238095238096,0.024437357978749075,0.0268122370951185,0.005823300346544218,0.0,924,38.0
1,0,0,random,0.03571428571428571,0.9642857142857143,-5.036755826908029e-05,0.001124533440464304,-1.4425387634387278e-05,0.0,924,39.0
1,0,0,random_normmatched,0.03571428571428571,0.9642857142857143,0.002478038118422088,0.01524076393304014,0.0004740239867574293,0.0,924,39.0
1,0,0,random,0.03571428571428571,0.9642857142857143,-0.0012652486856796975,-0.002082018618340084,-0.00022874074692284663,0.0,924,40.0
1,0,0,random_normmatched,0.027777777777777776,0.9642857142857143,0.0006446337273426236,-0.001671640844907948,0.0006134954955367923,0.0,924,40.0
1,0,0,random,0.03571428571428571,0.9619047619047619,-0.0017079596107560154,-0.0009709325880634134,0.000892254187026113,0.0,924,41.0
1,0,0,random_normmatched,0.03968253968253968,0.9642857142857143,-0.005818971028115725,0.00574395532724995,0.001897240868406666,0.0,924,41.0
1,0,0,random,0.03571428571428571,0.9642857142857143,0.0002818647402288845,-0.00017889392762664047,0.0009628774590522055,0.0,924,42.0
1,0,0,random_normmatched,0.027777777777777776,0.9642857142857143,0.0026800388715857043,0.004864945937079872,0.0036332957115744217,0.0,924,42.0
1,0,0,random,0.03968253968253968,0.9619047619047619,0.0004740062130710149,0.0027061311861133973,0.0005147947774195233,0.0,924,43.0
1,0,0,random_normmatched,0.04365079365079365,0.9619047619047619,0.015717351216617083,0.025582572528476816,0.004807575853973909,0.0,924,43.0
1,0,0,random,0.03571428571428571,0.9642857142857143,-0.0007092999527409935,-0.0010863915713928303,0.0008561232978713999,0.0,924,44.0
1,0,0,random_normmatched,0.03571428571428571,0.9619047619047619,-0.0027591962307465883,-0.00959191355765456,-0.0038242847746103596,0.0,924,44.0
1,0,0,random,0.03571428571428571,0.9642857142857143,-0.0010391068329877033,-0.0008379798678896136,0.001612135043951234,0.0,924,45.0
1,0,0,random_normmatched,0.037698412698412696,0.9619047619047619,-0.00047016534061213456,0.0011352538212803806,0.004433828589003153,0.0,924,45.0
1,0,0,random,0.037698412698412696,0.9642857142857143,0.0017169053471021213,0.002419705506649578,-0.0002476311072878331,0.0,924,46.0
1,0,0,random_normmatched,0.04365079365079365,0.9619047619047619,0.017639454845609893,0.02020118331362702,0.0022452546326124025,0.0,924,46.0
1,0,0,random,0.037698412698412696,0.9642857142857143,0.0010642044852018481,0.0014130700091389752,0.0007588926433304624,0.0,924,47.0
1,0,0,random_normmatched,0.03968253968253968,0.9642857142857143,0.022590713138497486,0.026352231969179022,0.0016169605933562294,0.0,924,47.0
1,0,0,random,0.03571428571428571,0.9642857142857143,-0.0014925296664517994,-0.0029040092716854414,0.0009774429316688725,0.0,924,48.0
1,0,0,random_normmatched,0.025793650793650792,0.9642857142857143,0.002467462438930685,-0.00998929023428218,0.006939752438125711,0.0,924,48.0
1,0,0,random,0.03571428571428571,0.9642857142857143,-0.0008782810923944283,-0.0011431435101409654,-0.0007931847283543963,0.0,924,49.0
1,0,0,random_normmatched,0.023809523809523808,0.9642857142857143,0.0015367429129016386,-0.005236471189936183,-0.006785787472698387,0.0,924,49.0
1,0,0,random,0.037698412698412696,0.9642857142857143,-0.0021602723440170965,-0.002000034244663905,0.0008204606084176742,0.0,924,50.0
1,0,0,random_normmatched,0.03968253968253968,0.9642857142857143,-0.008587583183890747,-0.004088570799027426,0.003483125541658292,0.0,924,50.0
1,0,0,random,0.03571428571428571,0.9642857142857143,0.00020118151250875368,0.0004748149772659453,0.00015329094930455954,0.0,924,51.0
1,0,0,random_normmatched,0.031746031746031744,0.9642857142857143,0.005755634536037994,0.008288521771255516,0.0033374781245918733,0.0,924,51.0
1,0,0,random,0.03571428571428571,0.9642857142857143,0.000471926709035582,0.000685953129404915,-0.0007827678432226228,0.0,924,52.0
1,0,0,random_normmatched,0.037698412698412696,0.9642857142857143,0.012429423437504142,0.007611945332813706,-0.007789647581931111,0.0,924,52.0
1,0,0,random,0.03571428571428571,0.9642857142857143,-0.0012116741905477593,-0.0018362235682161325,0.0011442240748434803,0.0,924,53.0
1,0,0,random_normmatched,0.021825396825396824,0.9619047619047619,0.001355114062863884,-0.0073272772675655904,0.009997316633368638,0.0,924,53.0
1,0,0,random,0.03571428571428571,0.9642857142857143,0.0007457714403410434,0.0012699864154062303,0.00027830401810353917,0.0,924,54.0
1,0,0,random_normmatched,0.02976190476190476,0.9642857142857143,0.004020781888961272,0.009645255156193843,0.0008454852076803742,0.0,924,54.0
1,0,0,random,0.03571428571428571,0.9619047619047619,-5.014042552775025e-05,-0.00023907506341283878,-0.0008497675042158331,0.0,924,55.0
1,0,0,random_normmatched,0.037698412698412696,0.9619047619047619,0.020837817841017757,0.016695457067026565,-0.0067981545629870604,0.0,924,55.0
1,0,0,random,0.037698412698412696,0.9595238095238096,-3.960741567022828e-06,-0.0006268785553894036,0.00016755169254700186,0.0,924,56.0
1,0,0,random_normmatched,0.041666666666666664,0.9595238095238096,0.002000599884975214,0.001474960082498142,0.0043795908296661076,0.0,924,56.0
1,0,0,random,0.03571428571428571,0.9642857142857143,-0.000647302043699814,0.00014487511034540267,0.0016334165220622475,0.0,924,57.0
1,0,0,random_normmatched,0.03968253968253968,0.9666666666666667,0.006704169346010187,0.010019339296877101,0.0218219062416495,0.0,924,57.0
1,0,0,random,0.03571428571428571,0.9642857142857143,-0.0009933164303980032,-0.0019239730898181092,0.000736296839448491,0.0,924,58.0
1,0,0,random_normmatched,0.03373015873015873,0.9619047619047619,-0.0010768325308486222,-0.005644149725676224,0.0019600593654066426,0.0,924,58.0
1,0,0,random,0.03571428571428571,0.9642857142857143,3.9089729990078196e-05,0.0006322631620083223,0.0008482607978712489,0.0,924,59.0
1,0,0,random_normmatched,0.041666666666666664,0.9619047619047619,0.0070568270934142545,0.006109675335442268,0.005265807048812483,0.0,924,59.0
1,0,0,random,0.03968253968253968,0.9571428571428572,0.0018080232934539519,0.002928522581041403,0.0018267682105932116,0.0,924,60.0
1,0,0,random_normmatched,0.03968253968253968,0.9523809523809523,0.015721193467547016,0.019776407707621048,0.011956984268114094,0.0,924,60.0
1,0,0,random,0.03571428571428571,0.9595238095238096,1.8050379969975482e-05,-0.0001777939281126593,0.002243312953490435,0.0,924,61.0
1,0,0,random_normmatched,0.023809523809523808,0.9571428571428572,0.0010104037372170899,-0.008063278833584974,0.017463097474232227,0.0,924,61.0
1,0,0,random,0.03968253968253968,0.9642857142857143,-0.00016660328403637133,0.0009330081818234602,0.0010031744762868421,0.0,924,62.0
1,0,0,random_normmatched,0.04365079365079365,0.9547619047619048,0.00020883563211592396,0.005631381117073563,0.016840263486966642,0.0,924,62.0
1,0,0,random,0.03571428571428571,0.9642857142857143,-0.00025384233246331914,-0.0002887401531109351,-0.00011694765283481765,0.0,924,63.0
1,0,0,random_normmatched,0.037698412698412696,0.9642857142857143,0.007499394761367012,0.008411894053137093,0.005510847231585209,0.0,924,63.0
1,0,0,random,0.03968253968253968,0.9642857142857143,-0.00023642364804376447,0.0007373411196199493,0.0004804069666867383,0.0,924,64.0
1,0,0,random_normmatched,0.04563492063492063,0.9619047619047619,0.011329234557056596,0.0178192303458299,0.01193426851755175,0.0,924,64.0
1,0,0,random,0.03571428571428571,0.9642857142857143,-0.0003729604538421692,0.00012705080454548159,-0.0007317624123140201,0.0,924,65.0
1,0,0,random_normmatched,0.041666666666666664,0.9595238095238096,0.010521397580458756,0.018374194128843956,-0.005919155018616314,0.0,924,65.0
1,0,0,random,0.03571428571428571,0.9642857142857143,-0.0001417449762236595,0.0015642545925855524,0.0010063068648886984,0.0,924,66.0
1,0,0,random_normmatched,0.037698412698412696,0.9642857142857143,0.0066007398958007005,0.007565579055078172,0.00722602525852273,0.0,924,66.0
1,0,0,random,0.037698412698412696,0.9595238095238096,0.0003985525377697834,-0.0001802393555258194,-0.000504295750431749,0.0,924,67.0
1,0,0,random_normmatched,0.03968253968253968,0.9571428571428572,0.007264192284328477,0.00584439100303449,-0.003213933690002024,0.0,924,67.0
1,0,0,random,0.03571428571428571,0.9642857142857143,-0.0008898777665160778,-0.00048073304140425395,0.00029389692790466725,0.0,924,68.0
1,0,0,random_normmatched,0.041666666666666664,0.9619047619047619,0.0032961696386430263,0.00019695078862633,-0.0027520179591721374,0.0,924,68.0
1,0,0,random,0.03571428571428571,0.9642857142857143,-0.00010612397994239019,0.00010941873002540852,0.00018816122359226135,0.0,924,69.0
1,0,0,random_normmatched,0.037698412698412696,0.9619047619047619,0.0031281678942767085,0.00029481483102937445,0.005243946012742043,0.0,924,69.0
1,0,0,random,0.03571428571428571,0.9642857142857143,-0.0007074910240659755,-0.0003723317447984709,-5.998382743772711e-05,0.0,924,70.0
1,0,0,random_normmatched,0.04563492063492063,0.9642857142857143,0.006310226848017797,0.01547453669930263,-0.008377296454387086,0.0,924,70.0
1,0,0,random,0.03571428571428571,0.9642857142857143,-0.0005326537398264499,-0.00032483081134445453,-0.00018414812557362496,0.0,924,71.0
1,0,0,random_normmatched,0.02976190476190476,0.9642857142857143,-0.007356508783953488,-0.008448148440711364,0.0008388496482570585,0.0,924,71.0
1,0,0,random,0.03571428571428571,0.9642857142857143,0.0002620653594064765,-0.0006578343209062631,0.00010125848260416935,0.0,924,72.0
1,0,0,random_normmatched,0.027777777777777776,0.9619047619047619,0.005063811572523717,0.005495443590741536,0.006168291082484491,0.0,924,72.0
1,0,0,random,0.03571428571428571,0.9642857142857143,0.0005361933969628949,0.0016239455761390066,0.0009423734856325071,0.0,924,73.0
1,0,0,random_normmatched,0.037698412698412696,0.9595238095238096,0.007883524745521413,0.006285118424276973,0.007098213854491185,0.0,924,73.0
1,0,0,random,0.037698412698412696,0.9642857142857143,-0.0009441770230778014,0.0004665570770419311,0.00045368458294166704,0.0,924,74.0
1,0,0,random_normmatched,0.047619047619047616,0.9642857142857143,-0.0017004955106678754,0.0091029475540516,0.00749221511354538,0.0,924,74.0
1,0,0,random,0.03571428571428571,0.9642857142857143,-0.00035170778186024016,0.0006245797744247256,-0.00040609605032073965,0.0,924,75.0
1,0,0,random_normmatched,0.03571428571428571,0.9642857142857143,0.006512138389218747,0.012195690531971854,-0.001863833607623528,0.0,924,75.0
1,0,0,random,0.03571428571428571,0.9619047619047619,0.00043637925343423896,0.0007131005490117784,0.00034593751878281016,0.0,924,76.0
1,0,0,random_normmatched,0.047619047619047616,0.9595238095238096,0.005527313049741086,0.015119928152050715,0.009759078642921042,0.0,924,76.0
1,0,0,random,0.037698412698412696,0.9642857142857143,-0.0017641589436092075,-0.0004057279944749185,0.0003509813785800258,0.0,924,77.0
1,0,0,random_normmatched,0.037698412698412696,0.9619047619047619,1.788567645754249e-05,0.0037016772955389297,0.003878468723686322,0.0,924,77.0
1,0,0,random,0.03571428571428571,0.9642857142857143,-0.0014676455877432808,-0.0017402885595903712,0.0002243897913499623,0.0,924,78.0
1,0,0,random_normmatched,0.03373015873015873,0.9619047619047619,-0.0006696661617052205,0.0024031146333398697,0.004489101653603287,0.0,924,78.0
1,0,0,random,0.037698412698412696,0.9642857142857143,-0.0007935278554402801,-0.0008107660087238504,0.0007462251276070164,0.0,924,79.0
1,0,0,random_normmatched,0.03373015873015873,0.9642857142857143,0.0006651275921471044,0.0002948599701982877,0.007842781092887111,0.0,924,79.0
1,0,0,random,0.03571428571428571,0.9642857142857143,-0.0002288088616145606,0.0005630744417936046,0.0014621613944203428,0.0,924,80.0
1,0,0,random_normmatched,0.037698412698412696,0.9642857142857143,0.0056890288446519175,0.0072893014935860295,0.01531881875493777,0.0,924,80.0
1,0,0,random,0.03571428571428571,0.9642857142857143,-0.00023201526613030965,-0.00043694724851462606,-0.00021374742845660816,0.0,924,81.0
1,0,0,random_normmatched,0.04365079365079365,0.9619047619047619,0.00829481045680739,0.0034078599965200957,-0.0003298859603188388,0.0,924,81.0
1,0,0,random,0.03571428571428571,0.9642857142857143,-0.0005890857064766664,-0.0005485509551241108,0.0003431020066354887,0.0,924,82.0
1,0,0,random_normmatched,0.03373015873015873,0.9642857142857143,-0.0050026279678115565,-0.005524533856670573,0.004562899832912132,0.0,924,82.0
1,0,0,random,0.037698412698412696,0.9642857142857143,0.0007444861957517322,0.0012799034432441376,0.00017827362151033151,0.0,924,83.0
1,0,0,random_normmatched,0.041666666666666664,0.9642857142857143,0.01053766217054764,0.0041361055945712275,0.0015957787759939886,0.0,924,83.0
1,0,0,random,0.03571428571428571,0.9642857142857143,0.00028582128677142037,0.0022985609755817728,-2.621788915752513e-05,0.0,924,84.0
1,0,0,random_normmatched,0.037698412698412696,0.9619047619047619,0.011581514847916623,0.014831427959481943,-0.0003446036642075207,0.0,924,84.0
1,0,0,random,0.03571428571428571,0.9642857142857143,0.0008330901252572317,0.0018704356819045768,-0.00010483419665115038,0.0,924,85.0
1,0,0,random_normmatched,0.02976190476190476,0.9642857142857143,0.020843463696705655,0.03144420482884039,0.005912052193285999,0.0,924,85.0
1,0,0,random,0.03571428571428571,0.9642857142857143,0.0001695961447170445,0.0009008642823866354,0.0012527421117253944,0.0,924,86.0
1,0,0,random_normmatched,0.031746031746031744,0.9642857142857143,0.00687177043859253,0.006272988763213894,0.006170807286913783,0.0,924,86.0
1,0,0,random,0.03571428571428571,0.9642857142857143,0.000751314065755076,0.0002678865061189013,0.00023071191453365915,0.0,924,87.0
1,0,0,random_normmatched,0.03571428571428571,0.9642857142857143,0.008381514344059843,0.003544938259810051,0.0016974484548016385,0.0,924,87.0
1,0,0,random,0.03571428571428571,0.9642857142857143,-0.00088545311193883,-0.0015761195964700346,0.0009069990685093653,0.0,924,88.0
1,0,0,random_normmatched,0.031746031746031744,0.9642857142857143,0.0029778534424896546,-0.0004633611850663827,0.005476556101605217,0.0,924,88.0
1,0,0,random,0.03571428571428571,0.9642857142857143,-0.00015080292239686913,-0.0006680692835264409,-7.957567809375137e-05,0.0,924,89.0
1,0,0,random_normmatched,0.031746031746031744,0.9642857142857143,0.00606143147895348,-0.0011498277194353593,-0.0026459229399125967,0.0,924,89.0
1,0,0,random,0.03571428571428571,0.9642857142857143,-0.0008101501569439918,-0.001230170830882193,0.0007772003730568155,0.0,924,90.0
1,0,0,random_normmatched,0.037698412698412696,0.9642857142857143,0.0023408025344197557,0.006151515217874045,0.014395814916610628,0.0,924,90.0
1,0,0,random,0.03968253968253968,0.9642857142857143,-0.00035450821514173626,-0.0007359683038821751,0.00018698460488764064,0.0,924,91.0
1,0,0,random_normmatched,0.03373015873015873,0.9642857142857143,-0.001685279487046885,0.002109393144573497,-0.0014594245346608661,0.0,924,91.0
1,0,0,random,0.03571428571428571,0.9642857142857143,-0.0004568339899275318,-0.0005468186797961676,0.00046562657455387433,0.0,924,92.0
1,0,0,random_normmatched,0.027777777777777776,0.9619047619047619,0.005034543359711862,-0.000955673119435276,0.012887374135610738,0.0,924,92.0
1,0,0,random,0.03571428571428571,0.9642857142857143,-0.00043168470026482003,-0.0007417131552194913,-0.0003283023557142848,0.0,924,93.0
1,0,0,random_normmatched,0.037698412698412696,0.9642857142857143,0.011380951749439268,0.01231755373609104,0.006390205620752245,0.0,924,93.0
1,0,0,random,0.03571428571428571,0.9642857142857143,-0.0004073239905041919,-0.0005443362640808962,0.0004923141629143058,0.0,924,94.0
1,0,0,random_normmatched,0.013888888888888888,0.9642857142857143,0.0019118137972655856,0.0006416990552632541,0.005614308559088798,0.0,924,94.0
1,0,0,random,0.03571428571428571,0.9642857142857143,-0.0005068408917455535,0.0010350305501844097,0.0005333501748036676,0.0,924,95.0
1,0,0,random_normmatched,0.027777777777777776,0.9666666666666667,0.004269820933118328,-0.0004321734651933482,0.005618857091380597,0.0,924,95.0
1,0,0,random,0.037698412698412696,0.9642857142857143,-0.0003273044803852339,-0.0009114785664049508,0.0005631391005126764,0.0,924,96.0
1,0,0,random_normmatched,0.03571428571428571,0.9642857142857143,0.00470208575689301,0.007364920132118658,0.007251323509075063,0.0,924,96.0
1,0,0,random,0.037698412698412696,0.9642857142857143,0.002304674387073693,0.0040131262876027,0.0009440677920120061,0.0,924,97.0
1,0,0,random_normmatched,0.047619047619047616,0.9642857142857143,0.02360868134162704,0.020133291609936228,0.006408346408367631,0.0,924,97.0
1,0,0,random,0.03571428571428571,0.9642857142857143,-0.00043745563365516177,-0.0005060985035169667,-0.0007617937668507465,0.0,924,98.0
1,0,0,random_normmatched,0.03373015873015873,0.9642857142857143,0.010456116573772649,0.011512755274680436,-0.005472044801476889,0.0,924,98.0
1,0,0,random,0.03571428571428571,0.9642857142857143,0.001066668785878141,0.0005043376998472269,0.0006016214341160127,0.0,924,99.0
1,0,0,random_normmatched,0.03968253968253968,0.9595238095238096,0.008032040928114808,0.007593371336844274,0.002920905718232867,0.0,924,99.0
1,0,0,shuffled_labels,0.14682539682539683,0.9595238095238096,0.2113136941023549,0.33036186897408376,0.1631821560949604,0.18055555555555555,924,
1,0,1,random,0.013888888888888888,0.9785714285714285,0.0002558552862501444,0.0005659535834146977,-0.0011063936205293196,0.0,924,0.0
1,0,1,random_normmatched,0.017857142857142856,0.9857142857142858,-0.003505909857129244,0.002861652372055867,-0.001866098267596053,0.0,924,0.0
1,0,1,random,0.015873015873015872,0.9833333333333333,0.00025192463977282364,-0.0001671849051224859,-0.0007657929284216501,0.0,924,1.0
1,0,1,random_normmatched,0.007936507936507936,0.9880952380952381,0.005625347300194998,0.0036736736504236157,-0.004844667626756231,0.0,924,1.0
1,0,1,random,0.011904761904761904,0.9880952380952381,0.00035292257287150304,0.0001877621779885556,-0.00043593248320313347,0.0,924,2.0
1,0,1,random_normmatched,0.011904761904761904,0.9904761904761905,0.00887508516998143,0.010653121380811313,-0.0012951178735279255,0.0,924,2.0
1,0,1,random,0.01984126984126984,0.9833333333333333,-0.0009716587660740035,-0.0018987662099169782,0.00015932172322795913,0.0,924,3.0
1,0,1,random_normmatched,0.013888888888888888,0.9833333333333333,-0.00664482963553701,-0.02534342182511701,-0.0011159108373201953,0.0,924,3.0
1,0,1,random,0.015873015873015872,0.9833333333333333,0.0008530399689421107,-0.0005184115761810027,-0.002390097453689624,0.0,924,4.0
1,0,1,random_normmatched,0.013888888888888888,0.9880952380952381,0.00074100669085881,-0.0027634675204341185,-0.007823337744870427,0.0,924,4.0
1,0,1,random,0.011904761904761904,0.9904761904761905,-0.0001464774551080683,-0.0005711344795942955,-0.0011537227722015785,0.0,924,5.0
1,0,1,random_normmatched,0.011904761904761904,0.9857142857142858,-0.002572159894498313,-0.006926961728906205,-0.0018281031279756303,0.0,924,5.0
1,0,1,random,0.015873015873015872,0.9904761904761905,0.001249411009819262,0.001233577391516689,-0.0002650660772227013,0.0,924,6.0
1,0,1,random_normmatched,0.023809523809523808,0.9833333333333333,0.006672024575721995,0.018399815169180368,-0.0006687505391974134,0.0,924,6.0
1,0,1,random,0.013888888888888888,0.9857142857142858,0.00043718822811204133,3.061875096597448e-05,-0.0019302391701691251,0.0,924,7.0
1,0,1,random_normmatched,0.011904761904761904,0.9880952380952381,-0.005885566144114698,0.0015231226588176602,-0.008620676668754618,0.0,924,7.0
1,0,1,random,0.011904761904761904,0.9880952380952381,4.582266695887102e-06,-0.0004036957632565186,-4.552449843124548e-05,0.0,924,8.0
1,0,1,random_normmatched,0.00992063492063492,0.9904761904761905,0.0011793846005767094,0.002565132620757547,0.002084815636018176,0.0,924,8.0
1,0,1,random,0.01984126984126984,0.9809523809523809,0.000295834296422816,-6.120121198837388e-05,-0.0022412327785557543,0.0,924,9.0
1,0,1,random_normmatched,0.01984126984126984,0.9904761904761905,0.004093420067322896,0.00691037889266232,-0.010944588009607467,0.0,924,9.0
1,0,1,random,0.013888888888888888,0.9833333333333333,0.0019207041280621447,0.0023561191034564546,-0.0005104235528286029,0.0,924,10.0
1,0,1,random_normmatched,0.011904761904761904,0.9857142857142858,0.007281959748684896,0.010979128830656737,-0.00029911981400085384,0.0,924,10.0
1,0,1,random,0.017857142857142856,0.9809523809523809,-0.0013198134984285467,-0.002225540591663298,-0.0004913059265373163,0.0,924,11.0
1,0,1,random_normmatched,0.011904761904761904,0.9880952380952381,-0.0013765715905023597,-0.007082036352890776,0.0033664644668205046,0.0,924,11.0
1,0,1,random,0.013888888888888888,0.9833333333333333,0.0016152300870378106,0.0017825973472870638,-0.0016379609407633972,0.0,924,12.0
1,0,1,random_normmatched,0.001984126984126984,0.9857142857142858,0.013515751361732737,0.013422544671040685,0.002620775898362617,0.0,924,12.0
1,0,1,random,0.005952380952380952,0.9928571428571429,0.0005737643110122965,0.0009184542767762471,-0.0019924608260868245,0.0,924,13.0
1,0,1,random_normmatched,0.0,0.9976190476190476,-0.001253428062634448,-0.0016564736404220306,-0.004301972085842197,0.0,924,13.0
1,0,1,random,0.013888888888888888,0.9880952380952381,0.0007718072774044386,0.0004398736938338342,-0.0007898402112255605,0.0,924,14.0
1,0,1,random_normmatched,0.015873015873015872,0.9880952380952381,0.0007663326825117931,0.001596695725766526,0.010883722173834987,0.0,924,14.0
1,0,1,random,0.011904761904761904,0.9857142857142858,0.00041344045555052336,-0.0003036208586723494,-0.0023178650778302072,0.0,924,15.0
1,0,1,random_normmatched,0.001984126984126984,0.9880952380952381,0.005940565899683951,0.0041873290202071685,-0.02331849941861295,0.0,924,15.0
1,0,1,random,0.011904761904761904,0.9833333333333333,0.0008083717757001514,0.0019219913829260475,-0.00012049696084465936,0.0,924,16.0
1,0,1,random_normmatched,0.00992063492063492,0.9880952380952381,0.005475092719835432,-0.0010060702652328014,-0.0017361182001367007,0.0,924,16.0
1,0,1,random,0.013888888888888888,0.9857142857142858,-0.0009448436344146898,-0.0025631304521687094,0.0006550463808569706,0.0,924,17.0
1,0,1,random_normmatched,0.01984126984126984,0.9928571428571429,-0.007183995535740886,-0.0043546203884392495,0.009485308889463678,0.0,924,17.0
1,0,1,random,0.021825396825396824,0.9880952380952381,0.004019177252541365,0.003483695515537203,-0.0012616131105368388,0.0,924,18.0
1,0,1,random_normmatched,0.015873015873015872,0.9904761904761905,0.013250513734086748,0.015399763592412958,-0.0021857791954834806,0.0,924,18.0
1,0,1,random,0.011904761904761904,0.9857142857142858,0.000735379616772051,-0.00020577426454469045,-0.0004897657452679904,0.0,924,19.0
1,0,1,random_normmatched,0.00992063492063492,0.9880952380952381,0.007106530434811581,0.0062448958718364245,-0.003593169541777604,0.0,924,19.0
1,0,1,random,0.013888888888888888,0.9833333333333333,-0.00045685000993050804,-0.0015830100020381148,-0.0005839887963237391,0.0,924,20.0
1,0,1,random_normmatched,0.011904761904761904,0.9880952380952381,0.0023146639325861956,0.004264990707918713,-0.0020513484689530783,0.0,924,20.0
1,0,1,random,0.01984126984126984,0.9857142857142858,-0.0008403014601237645,-0.0033732996892058744,-0.0012154144997981408,0.0,924,21.0
1,0,1,random_normmatched,0.013888888888888888,0.9833333333333333,-0.01421309694837245,-0.014888178227640415,-0.002408814663655382,0.0,924,21.0
1,0,1,random,0.01984126984126984,0.9809523809523809,-0.0008609136024219211,-0.0014847525952511418,-0.0007422568463443036,0.0,924,22.0
1,0,1,random_normmatched,0.011904761904761904,0.9809523809523809,0.006735376874024157,0.008286752815329625,-0.00397160264355571,0.0,924,22.0
1,0,1,random,0.023809523809523808,0.9785714285714285,0.0014116797152857819,-0.0005589436724716437,-0.0013498169201995583,0.0,924,23.0
1,0,1,random_normmatched,0.021825396825396824,0.9809523809523809,0.001190777202834567,0.0021208605584465026,0.0072118927349849645,0.0,924,23.0
1,0,1,random,0.015873015873015872,0.9761904761904762,0.0005256757270350593,6.27912022311422e-06,0.0003110927673020704,0.0,924,24.0
1,0,1,random_normmatched,0.023809523809523808,0.9833333333333333,0.00805989219571224,0.0061024182346721915,0.009879853909091501,0.0,924,24.0
1,0,1,random,0.015873015873015872,0.9833333333333333,0.00032776712648177397,0.0008430225728821984,-0.0017940604827204763,0.0,924,25.0
1,0,1,random_normmatched,0.00992063492063492,0.9880952380952381,0.0012222657165597527,0.005938608573111189,-0.003191446920779447,0.0,924,25.0
1,0,1,random,0.013888888888888888,0.9904761904761905,-0.0002503474958202306,-0.00044903702575180504,-0.0018914746298287347,0.0,924,26.0
1,0,1,random_normmatched,0.015873015873015872,0.9904761904761905,0.0016181861596756193,0.002231881052825474,-0.0015051737772682505,0.0,924,26.0
1,0,1,random,0.017857142857142856,0.9928571428571429,0.0019381868547734982,0.0006800864963811173,-0.0003656823026547718,0.0,924,27.0
1,0,1,random_normmatched,0.003968253968253968,0.9952380952380953,0.009635445477777088,0.010224677561393466,-0.005186914285926271,0.0,924,27.0
1,0,1,random,0.011904761904761904,0.9880952380952381,0.0016450791610565568,0.0003851183913822713,-0.0005169238213105862,0.0,924,28.0
1,0,1,random_normmatched,0.013888888888888888,0.9904761904761905,0.00039561168487127404,0.006415890402786092,0.0005979100537800427,0.0,924,28.0
1,0,1,random,0.015873015873015872,0.9833333333333333,0.0007882725214428444,-0.0017655063350115125,0.00012458340666391096,0.0,924,29.0
1,0,1,random_normmatched,0.01984126984126984,0.9880952380952381,0.006948809288877877,0.004468435139270974,-0.00012772197868010705,0.0,924,29.0
1,0,1,random,0.011904761904761904,0.9880952380952381,9.983411479841724e-05,0.00011387577602682773,-0.002971718774930716,0.0,924,30.0
1,0,1,random_normmatched,0.003968253968253968,0.9880952380952381,0.007050735984407816,0.007410703150383287,-0.020423391960599092,0.0,924,30.0
1,0,1,random,0.017857142857142856,0.9833333333333333,7.902152683791569e-05,-0.0007506468414004373,-0.0004090978685748468,0.0,924,31.0
1,0,1,random_normmatched,0.015873015873015872,0.9833333333333333,-0.0039077852385795316,-0.004102679324805706,-0.0009453316374015982,0.0,924,31.0
1,0,1,random,0.017857142857142856,0.9880952380952381,0.002458235457345057,0.0022775144368646773,-0.0010988778293659828,0.0,924,32.0
1,0,1,random_normmatched,0.013888888888888888,0.9857142857142858,0.0038529711524650546,0.004373357298058139,0.004616612818441179,0.0,924,32.0
1,0,1,random,0.011904761904761904,0.9857142857142858,0.00037994149090137984,-0.0009669277838226018,-0.002225205023367001,0.0,924,33.0
1,0,1,random_normmatched,0.011904761904761904,0.9880952380952381,0.005484347810276806,0.008643836372310944,-0.0021114607872480358,0.0,924,33.0
1,0,1,random,0.01984126984126984,0.9857142857142858,-0.0007650322913305015,-0.0007996949698706679,-0.000644927162513268,0.0,924,34.0
1,0,1,random_normmatched,0.00992063492063492,0.9809523809523809,-0.004241975609594047,-0.004428755344585674,-0.004526748544631766,0.0,924,34.0
1,0,1,random,0.017857142857142856,0.9809523809523809,-0.0010034335480620484,-0.00159274254087576,-0.00040447568613479726,0.0,924,35.0
1,0,1,random_normmatched,0.005952380952380952,0.9904761904761905,-0.0013829809719620007,-0.0063523685308049275,0.005200786412414261,0.0,924,35.0
1,0,1,random,0.013888888888888888,0.9928571428571429,0.0004276259083195594,-0.00025438291736785463,-0.002040709157505397,0.0,924,36.0
1,0,1,random_normmatched,0.01984126984126984,0.9833333333333333,-0.002322901097140191,0.004321305556594765,-0.002203032049807833,0.0,924,36.0
1,0,1,random,0.013888888888888888,0.9880952380952381,0.0007068239722623063,-0.00025549849715595713,-0.0013034513235177037,0.0,924,37.0
1,0,1,random_normmatched,0.011904761904761904,0.9833333333333333,0.0005891283458483209,-0.0027870118264190554,-0.0002946745807516935,0.0,924,37.0
1,0,1,random,0.013888888888888888,0.9857142857142858,-0.00047372483932777527,-0.0016255524507050613,-0.0008360019466616071,0.0,924,38.0
1,0,1,random_normmatched,0.00992063492063492,0.9880952380952381,-0.015669955344054895,-0.0058603859351749055,-0.0001485145840442057,0.0,924,38.0
1,0,1,random,0.013888888888888888,0.9904761904761905,0.0006608865281772147,4.930230040655013e-05,-0.0003125201702825117,0.0,924,39.0
1,0,1,random_normmatched,0.011904761904761904,0.9904761904761905,0.003493025093560017,0.003911605711240797,0.00923885401113151,0.0,924,39.0
1,0,1,random,0.013888888888888888,0.9785714285714285,0.0015964903334999242,-0.000221633153636577,-0.000985332221789705,0.0,924,40.0
1,0,1,random_normmatched,0.001984126984126984,0.9857142857142858,0.00917103387815885,0.009208039283304822,0.0020772887199182483,0.0,924,40.0
1,0,1,random,0.015873015873015872,0.9857142857142858,0.001045545051182555,-0.0016604814562688386,-0.0003332529816742934,0.0,924,41.0
1,0,1,random_normmatched,0.011904761904761904,0.9904761904761905,0.013545838715175612,0.005945733457562091,-0.003678461151013187,0.0,924,41.0
1,0,1,random,0.01984126984126984,0.9857142857142858,0.0025710212682397773,0.00249933841508124,-0.0007850016544541355,0.0,924,42.0
1,0,1,random_normmatched,0.023809523809523808,0.9833333333333333,0.013542822315871804,0.007004640758625587,0.010524092347256354,0.0,924,42.0
1,0,1,random,0.011904761904761904,0.9833333333333333,0.0005819367176885843,0.0005884243300795907,-0.0016911513038926462,0.0,924,43.0
1,0,1,random_normmatched,0.011904761904761904,0.9857142857142858,0.0017736153511359735,0.006353731852307068,-0.0054758909303686855,0.0,924,43.0
1,0,1,random,0.00992063492063492,0.9857142857142858,0.00039041222374749105,-0.00039145465025411716,-0.0011187374277245694,0.0,924,44.0
1,0,1,random_normmatched,0.01984126984126984,0.9857142857142858,0.006167176484005985,0.0015530508910589311,-0.0004894758465977618,0.0,924,44.0
1,0,1,random,0.015873015873015872,0.9857142857142858,-0.0004216668988438272,-0.0008505724170376159,-0.001487405770878354,0.0,924,45.0
1,0,1,random_normmatched,0.011904761904761904,0.9904761904761905,-4.1901327804980796e-05,0.00028842612660680213,-0.01695481172860755,0.0,924,45.0
1,0,1,random,0.015873015873015872,0.9833333333333333,-0.0003360898024051851,-0.000198951484287386,-0.0009750963037696975,0.0,924,46.0
1,0,1,random_normmatched,0.021825396825396824,0.9833333333333333,-0.003552916260555653,-0.003462920802816047,-0.004994434676512619,0.0,924,46.0
1,0,1,random,0.017857142857142856,0.9880952380952381,0.0004646117134711048,-0.00041703419054172074,-0.001168437437627653,0.0,924,47.0
1,0,1,random_normmatched,0.013888888888888888,0.9880952380952381,0.008358007592032701,0.009655773929017444,-0.0010398857565361165,0.0,924,47.0
1,0,1,random,0.007936507936507936,0.9928571428571429,0.0005752091033831417,0.001586873799650008,-0.0031343361115182084,0.0,924,48.0
1,0,1,random_normmatched,0.0,0.9904761904761905,0.00437183695197672,0.003144989039490455,-0.00922734195870506,0.0,924,48.0
1,0,1,random,0.017857142857142856,0.9880952380952381,0.0011815509966537135,-9.31422114498135e-05,-0.001837945862087706,0.0,924,49.0
1,0,1,random_normmatched,0.00992063492063492,0.9880952380952381,0.002740765456957214,0.0017738545774940628,-0.007949655779306033,0.0,924,49.0
1,0,1,random,0.011904761904761904,0.9880952380952381,0.0019073777861183245,0.0012161271073397265,-0.00017066481221525667,0.0,924,50.0
1,0,1,random_normmatched,0.011904761904761904,0.9857142857142858,0.007443390593605983,0.012946272339859776,0.005357740485096164,0.0,924,50.0
1,0,1,random,0.021825396825396824,0.9833333333333333,0.0010279596142377051,0.003759118376707132,-0.0005580134537465869,0.0,924,51.0
1,0,1,random_normmatched,0.023809523809523808,0.9809523809523809,0.008310900463108502,0.013889007663381402,0.006377643609795042,0.0,924,51.0
1,0,1,random,0.013888888888888888,0.9904761904761905,0.0020028767702166966,0.0035895305421857855,0.0007096068472010884,0.0,924,52.0
1,0,1,random_normmatched,0.013888888888888888,0.9928571428571429,0.017203026738793405,0.031822030914037604,0.008224063188677681,0.0,924,52.0
1,0,1,random,0.011904761904761904,0.9857142857142858,0.0005351340485952791,-0.0005597877624704845,-0.0009452200763262918,0.0,924,53.0
1,0,1,random_normmatched,0.007936507936507936,0.9880952380952381,0.0003128596337200619,-0.0007443433797445718,-0.0031374498332731775,0.0,924,53.0
1,0,1,random,0.00992063492063492,0.9857142857142858,0.0017480260023017401,0.0018653230236323512,-0.0010115011339838177,0.0,924,54.0
1,0,1,random_normmatched,0.005952380952380952,0.9904761904761905,0.014264716128457732,0.01029244984073682,-0.001205280008229038,0.0,924,54.0
1,0,1,random,0.023809523809523808,0.9880952380952381,-1.2885663718537063e-05,-0.0011070165020134438,-0.0015813707125173191,0.0,924,55.0
1,0,1,random_normmatched,0.01984126984126984,0.9833333333333333,-0.004423605159045727,0.006387087148778809,0.002548459574905065,0.0,924,55.0
1,0,1,random,0.013888888888888888,0.9857142857142858,0.0003285457850756273,0.0010057430992928959,0.0004514735734152032,0.0,924,56.0
1,0,1,random_normmatched,0.00992063492063492,0.9880952380952381,0.007951471342888709,0.006562236654806546,0.0017565628082466555,0.0,924,56.0
1,0,1,random,0.017857142857142856,0.9880952380952381,0.00023072915396526482,-0.0010669146731635876,-0.00133945093415219,0.0,924,57.0
1,0,1,random_normmatched,0.005952380952380952,0.9904761904761905,-0.0010407930722359665,-0.0035204333459886885,-0.0018627332360672839,0.0,924,57.0
1,0,1,random,0.017857142857142856,0.9809523809523809,0.0003833971085685626,-0.00019120283994757532,-0.002049127863905727,0.0,924,58.0
1,0,1,random_normmatched,0.017857142857142856,0.9857142857142858,0.00046173172563395164,0.0018806815098966836,-0.009354183092939367,0.0,924,58.0
1,0,1,random,0.011904761904761904,0.9833333333333333,0.00011765027257488837,0.000653425180649476,-0.0014491141696726531,0.0,924,59.0
1,0,1,random_normmatched,0.003968253968253968,0.9952380952380953,0.0037576086071876807,0.0056813135869769864,-0.010203421405108905,0.0,924,59.0
1,0,1,random,0.015873015873015872,0.9809523809523809,-0.0012135390298918663,-0.0025032998419808315,-0.0009371489745241184,0.0,924,60.0
1,0,1,random_normmatched,0.023809523809523808,0.9857142857142858,-0.026055096840364812,-0.01587175267775145,0.004804936182861529,0.0,924,60.0
1,0,1,random,0.011904761904761904,0.9880952380952381,9.220682020565902e-05,0.0005759773293579939,0.001343027447602784,0.0,924,61.0
1,0,1,random_normmatched,0.011904761904761904,0.9880952380952381,0.004911205901605512,0.005713893125411532,0.01892154046190589,0.0,924,61.0
1,0,1,random,0.01984126984126984,0.9809523809523809,0.0025187980331260003,0.002060406110891927,0.0023930771352017608,0.0,924,62.0
1,0,1,random_normmatched,0.017857142857142856,0.9809523809523809,0.01296208219508252,0.0045220607699810395,0.014806925427578402,0.0,924,62.0
1,0,1,random,0.013888888888888888,0.9880952380952381,0.0008610624615166949,-0.0003851417381972932,-0.0015244109442504343,0.0,924,63.0
1,0,1,random_normmatched,0.00992063492063492,0.9880952380952381,0.011748218343175479,0.010681710284935359,-0.003766456286191426,0.0,924,63.0
1,0,1,random,0.00992063492063492,0.9833333333333333,-0.00026019749726279766,0.0002050298185787297,-0.00028067001299886696,0.0,924,64.0
1,0,1,random_normmatched,0.01984126984126984,0.9880952380952381,0.004391171554524512,0.004047296504322735,0.005849530825852605,0.0,924,64.0
1,0,1,random,0.015873015873015872,0.9880952380952381,-4.620101742809842e-05,-0.0005821375190593739,-0.0014581217033454534,0.0,924,65.0
1,0,1,random_normmatched,0.007936507936507936,0.9904761904761905,0.002208196175591916,-0.0019953389457331885,-0.0037231184794125796,0.0,924,65.0
1,0,1,random,0.015873015873015872,0.9880952380952381,0.0003244495847326244,-0.00034710083842482835,-0.0012197932222663714,0.0,924,66.0
1,0,1,random_normmatched,0.011904761904761904,0.9857142857142858,-0.007532398939511785,-0.0028603267981678875,0.0054068676815147015,0.0,924,66.0
1,0,1,random,0.013888888888888888,0.9880952380952381,0.002481809518994092,0.0029639675895653255,-0.0014592665379068305,0.0,924,67.0
1,0,1,random_normmatched,0.011904761904761904,0.9880952380952381,0.01777376606064173,0.01838559986584736,-0.001348091906597113,0.0,924,67.0
1,0,1,random,0.015873015873015872,0.9857142857142858,-0.0012840870978052992,-0.002010288183206322,-0.0013722681657901501,0.0,924,68.0
1,0,1,random_normmatched,0.013888888888888888,0.9857142857142858,0.0019349431931216415,0.0032639579210391066,-3.4620327165261256e-05,0.0,924,68.0
1,0,1,random,0.015873015873015872,0.9904761904761905,0.0006007560679737145,-0.0007602985173302316,0.0003303221712411863,0.0,924,69.0
1,0,1,random_normmatched,0.00992063492063492,0.9880952380952381,0.0018354534501784977,-0.00442591513701804,0.0009724817835390495,0.0,924,69.0
1,0,1,random,0.011904761904761904,0.9833333333333333,0.0007320824358262881,-0.0007324597313562078,-0.0010812432595396857,0.0,924,70.0
1,0,1,random_normmatched,0.013888888888888888,0.9857142857142858,0.02084034893093873,0.014105405412791346,-0.0016066901145243774,0.0,924,70.0
1,0,1,random,0.013888888888888888,0.9880952380952381,-0.0011139945102576368,-0.0018603025489533356,-0.0009684885844571749,0.0,924,71.0
1,0,1,random_normmatched,0.00992063492063492,0.9880952380952381,-0.005785884339652424,-0.005889120908021681,-0.0036414014352218332,0.0,924,71.0
1,0,1,random,0.013888888888888888,0.9857142857142858,-0.001279384417233826,-0.0030740462104272455,-0.0004197279548390552,0.0,924,72.0
1,0,1,random_normmatched,0.013888888888888888,0.9904761904761905,-0.009949180611533562,-0.013351518658423127,-0.001601583577956974,0.0,924,72.0
1,0,1,random,0.011904761904761904,0.9809523809523809,0.0006931515947557347,0.000567643447329232,-8.896752274272946e-05,0.0,924,73.0
1,0,1,random_normmatched,0.013888888888888888,0.9857142857142858,0.008804466668958406,0.012242197723404026,0.0049209932121431574,0.0,924,73.0
1,0,1,random,0.013888888888888888,0.9857142857142858,0.001061776793233831,0.0010859669454761436,-0.0008231721626862588,0.0,924,74.0
1,0,1,random_normmatched,0.00992063492063492,0.9904761904761905,0.009679681154902042,0.013290479977166642,0.001323093882428529,0.0,924,74.0
1,0,1,random,0.015873015873015872,0.9904761904761905,0.0007514064699667437,0.0010446430871890642,-0.0011973747172521337,0.0,924,75.0
1,0,1,random_normmatched,0.01984126984126984,0.9880952380952381,-0.003080896163334743,-0.003957201091268656,-0.0008211296022025742,0.0,924,75.0
1,0,1,random,0.01984126984126984,0.9809523809523809,9.359631423344199e-05,-0.0006800236053025705,-0.0019553791437671606,0.0,924,76.0
1,0,1,random_normmatched,0.015873015873015872,0.9857142857142858,0.0009291630874413974,-0.000606846532767387,-0.00871238824912857,0.0,924,76.0
1,0,1,random,0.017857142857142856,0.9833333333333333,0.00020820433847516513,-0.0014274818106824615,-0.0006966449108066512,0.0,924,77.0
1,0,1,random_normmatched,0.01984126984126984,0.9785714285714285,0.004932913981255073,-0.0024832454729455593,-0.002592746184084611,0.0,924,77.0
1,0,1,random,0.013888888888888888,0.9952380952380953,0.0006719015901440952,0.0006738405232752129,-0.001750467858282255,0.0,924,78.0
1,0,1,random_normmatched,0.00992063492063492,0.9952380952380953,0.005253157827449997,0.006706545684539068,-0.002708107215300927,0.0,924,78.0
1,0,1,random,0.017857142857142856,0.9809523809523809,0.0031876693801535403,0.006580794575670305,-0.00019168112619526607,0.0,924,79.0
1,0,1,random_normmatched,0.021825396825396824,0.9880952380952381,0.012254230024798645,0.018012586817207174,0.0035542469464166,0.0,924,79.0
1,0,1,random,0.021825396825396824,0.9809523809523809,0.0007041725303040644,-0.0008088257858981961,-0.00093805192637856,0.0,924,80.0
1,0,1,random_normmatched,0.017857142857142856,0.9809523809523809,0.0060980109215647395,0.006061304709467083,0.0006572619381731678,0.0,924,80.0
1,0,1,random,0.015873015873015872,0.9809523809523809,0.0012748945685434184,0.0018789821299765661,-0.0004539162145692306,0.0,924,81.0
1,0,1,random_normmatched,0.007936507936507936,0.9857142857142858,0.013231113200694575,0.0190768984745825,0.00016777288996766494,0.0,924,81.0
1,0,1,random,0.00992063492063492,0.9857142857142858,7.121611825669456e-05,-0.00123849188620343,5.041763110020505e-05,0.0,924,82.0
1,0,1,random_normmatched,0.005952380952380952,0.9904761904761905,-0.0015403256297586024,-0.007225921366826897,0.0037261052055695245,0.0,924,82.0
1,0,1,random,0.007936507936507936,0.9833333333333333,-0.00045562104981199895,0.001010488929303505,-0.001139154181933104,0.0,924,83.0
1,0,1,random_normmatched,0.011904761904761904,0.9880952380952381,0.006531466240011305,0.011405831545628855,-0.0025860203078367713,0.0,924,83.0
1,0,1,random,0.013888888888888888,0.9809523809523809,-0.0007145420043841077,-0.001293645818825129,-0.0009085443025568425,0.0,924,84.0
1,0,1,random_normmatched,0.015873015873015872,0.9809523809523809,-0.0030732911612924955,0.00015372507919186399,0.0021018294669256175,0.0,924,84.0
1,0,1,random,0.015873015873015872,0.9833333333333333,0.0004709163166326006,-0.002037046808728267,0.0002305695371440164,0.0,924,85.0
1,0,1,random_normmatched,0.015873015873015872,0.9857142857142858,0.0037546709637391786,0.0018955807688099213,0.01012410881008885,0.0,924,85.0
1,0,1,random,0.00992063492063492,0.9880952380952381,-0.00040398339686232654,-0.00146841480591536,-0.001547944960951034,0.0,924,86.0
1,0,1,random_normmatched,0.011904761904761904,0.9904761904761905,0.004449770482346402,0.001981344746080126,-0.0027706922667978524,0.0,924,86.0
1,0,1,random,0.013888888888888888,0.9833333333333333,0.001819835332142956,0.0014703701381444149,-0.0001015389933519935,0.0,924,87.0
1,0,1,random_normmatched,0.011904761904761904,0.9857142857142858,0.007764356998829231,0.011549556435812115,0.0035740950091204685,0.0,924,87.0
1,0,1,random,0.011904761904761904,0.9880952380952381,0.00024336052753856147,-0.00070430536553862,-0.001974385940615381,0.0,924,88.0
1,0,1,random_normmatched,0.011904761904761904,0.9904761904761905,0.006571590967150208,0.00367727629647358,-0.0066675936589257485,0.0,924,88.0
1,0,1,random,0.013888888888888888,0.9904761904761905,0.0008258354410759035,0.0010257078645025952,-0.0013843902445703983,0.0,924,89.0
1,0,1,random_normmatched,0.013888888888888888,0.9904761904761905,0.004022364054320519,0.0008108643667146932,0.00024100489941615506,0.0,924,89.0
1,0,1,random,0.00992063492063492,0.9880952380952381,0.0012440389206031387,0.0016503330714182623,-0.0013729536635499295,0.0,924,90.0
1,0,1,random_normmatched,0.00992063492063492,0.9880952380952381,0.006988355925777475,0.01235960280446884,-0.004207442882985576,0.0,924,90.0
1,0,1,random,0.015873015873015872,0.9833333333333333,0.0008680797390935107,0.0008191712296981231,-0.0007836089797945826,0.0,924,91.0
1,0,1,random_normmatched,0.021825396825396824,0.9857142857142858,0.0026028629963106963,0.0026500774817759813,0.008260737330401082,0.0,924,91.0
1,0,1,random,0.015873015873015872,0.9833333333333333,0.0008020228855296306,0.0008883502305610427,-0.0019543818240736503,0.0,924,92.0
1,0,1,random_normmatched,0.011904761904761904,0.9880952380952381,0.010666048003394824,0.007270076851516203,-0.007143410965859499,0.0,924,92.0
1,0,1,random,0.01984126984126984,0.9809523809523809,-0.0002839161619601762,0.00039260399646045695,0.00010711407795357218,0.0,924,93.0
1,0,1,random_normmatched,0.017857142857142856,0.9785714285714285,-0.007404749625527465,-0.0054789326083359985,0.004959133127918328,0.0,924,93.0
1,0,1,random,0.015873015873015872,0.9880952380952381,0.0006659098550228664,0.0022087862342691144,-0.0014465632303131359,0.0,924,94.0
1,0,1,random_normmatched,0.00992063492063492,0.9880952380952381,0.02466698386840219,0.024515151672982925,-0.0035700311267903087,0.0,924,94.0
1,0,1,random,0.01984126984126984,0.9880952380952381,-0.0014102195410634275,-0.002221721474591016,-0.0020312783735989375,0.0,924,95.0
1,0,1,random_normmatched,0.017857142857142856,0.9785714285714285,-0.015930667317651588,-0.018653473409111505,-0.0002073254149797066,0.0,924,95.0
1,0,1,random,0.013888888888888888,0.9857142857142858,0.0009019982698673689,0.001903474414074524,-0.00043849909159371603,0.0,924,96.0
1,0,1,random_normmatched,0.00992063492063492,0.9952380952380953,0.015204116657429573,0.017604678001163738,-0.0020513501246523956,0.0,924,96.0
1,0,1,random,0.013888888888888888,0.9904761904761905,0.0017599056400980388,0.0010857602763404443,-0.0006632060632565148,0.0,924,97.0
1,0,1,random_normmatched,0.007936507936507936,0.9904761904761905,0.003273607788693492,0.0037625672935061925,-0.0025837566404983596,0.0,924,97.0
1,0,1,random,0.00992063492063492,0.9833333333333333,-4.477430691267258e-05,-0.0013069692180711313,9.448074531626089e-05,0.0,924,98.0
1,0,1,random_normmatched,0.011904761904761904,0.9904761904761905,-0.008534858950519406,-0.007101836126827707,0.007005138809349075,0.0,924,98.0
1,0,1,random,0.021825396825396824,0.9857142857142858,-0.00015002771124624905,-3.2251855486862956e-05,-0.0006346802098103142,0.0,924,99.0
1,0,1,random_normmatched,0.005952380952380952,0.9904761904761905,0.00812770613639101,0.006097953813986582,-0.00041316148309212554,0.0,924,99.0
1,0,1,shuffled_labels,0.13293650793650794,1.0,0.21214541162641992,0.31132547218259615,0.1470082718083932,0.1111111111111111,924,
1,0,2,random,0.0,1.0,-0.0004147678679360746,-0.0019523932340888566,-0.00020139957897265134,0.0,924,0.0
1,0,2,random_normmatched,0.0,1.0,0.007204712374099394,0.0072145738534560725,-0.00465633409798228,0.0,924,0.0
1,0,2,random,0.0,1.0,-0.0009151711386997342,-0.0038899249902775374,0.0002174374951194433,0.0,924,1.0
1,0,2,random_normmatched,0.0,1.0,-0.0010387891833226024,-0.015471545641888552,0.008771053204860468,0.0,924,1.0
1,0,2,random,0.0,1.0,0.00019663467746268445,-0.0013813031515970855,9.520212604432239e-06,0.0,924,2.0
1,0,2,random_normmatched,0.0,1.0,0.01037823737351662,0.010774239284470771,0.003183015447527613,0.0,924,2.0
1,0,2,random,0.0,1.0,-0.0007179250171453,-0.0020872554459181523,0.0007821670000605994,0.0,924,3.0
1,0,2,random_normmatched,0.0,1.0,-0.001164944034701828,-0.0023467173219317385,0.008480140717822292,0.0,924,3.0
1,0,2,random,0.0,1.0,-0.0016129034698314719,-0.0035715564470957506,-0.0010118904445266521,0.0,924,4.0
1,0,2,random_normmatched,0.0,1.0,-0.0026338457454334087,-0.004465784172432299,-0.001771664737649942,0.0,924,4.0
1,0,2,random,0.0,1.0,-0.0003538437568072618,-0.0003336629393364769,-0.0005675452048985948,0.0,924,5.0
1,0,2,random_normmatched,0.0,1.0,0.02704388696648725,0.030237994436736214,0.0010104111405957361,0.0,924,5.0
1,0,2,random,0.0,1.0,-0.0015313121994196457,-0.0028316374751519175,0.00045130558049660217,0.0,924,6.0
1,0,2,random_normmatched,0.0,1.0,-0.003506974191352567,0.007092041024840521,0.004329662419919479,0.0,924,6.0
1,0,2,random,0.0,1.0,-0.0008035656381393795,-0.0023182118595430775,-0.00010272674610815503,0.0,924,7.0
1,0,2,random_normmatched,0.0,1.0,0.0004628333288699953,0.0016006177350898717,0.001239979934516319,0.0,924,7.0
1,0,2,random,0.0,1.0,-0.000980389953734977,-0.0016094576547214393,-0.0009075011682568617,0.0,924,8.0
1,0,2,random_normmatched,0.0,1.0,0.0030741238982077007,0.007536112811827874,-0.0028916404352533056,0.0,924,8.0
1,0,2,random,0.0,1.0,0.0005677018875579337,0.0009554931411630889,-8.402398756848233e-05,0.0,924,9.0
1,0,2,random_normmatched,0.0,1.0,0.019752353988038755,0.017793987033782276,0.0033939677898344716,0.0,924,9.0
1,0,2,random,0.0,1.0,-0.0019717086656418346,-0.0030926748981620123,-0.0010658986423640615,0.0,924,10.0
1,0,2,random_normmatched,0.0,1.0,0.0010436541950826794,-0.0006861510815085485,0.002175081040998305,0.0,924,10.0
1,0,2,random,0.0,1.0,-0.0032405526322948144,-0.004509670294922398,0.0005808047838396129,0.0,924,11.0
1,0,2,random_normmatched,0.0,1.0,-0.0013799161171975606,-0.006005105481696881,0.000758090271019967,0.0,924,11.0
1,0,2,random,0.0,1.0,-0.00048140399693700185,-0.0016381748166224897,0.0009643901301522475,0.0,924,12.0
1,0,2,random_normmatched,0.0,1.0,0.008030401405569964,0.004299888936596183,0.0075329839399844,0.0,924,12.0
1,0,2,random,0.0,1.0,0.00017089076377227997,-0.00047838074670622104,-7.061529823615984e-05,0.0,924,13.0
1,0,2,random_normmatched,0.0,1.0,0.012855508598799189,0.011565217121810698,0.0036754219618214904,0.0,924,13.0
1,0,2,random,0.0,1.0,1.5444858077489275e-05,-0.00122952714773236,0.00011954023691573383,0.0,924,14.0
1,0,2,random_normmatched,0.0,1.0,0.0033803799967380256,0.007085418845304548,0.009484143240470536,0.0,924,14.0
1,0,2,random,0.0,1.0,-0.0027885750171624513,-0.005539459193111065,-0.00012689110526073957,0.0,924,15.0
1,0,2,random_normmatched,0.0,1.0,-0.009220342190271548,-0.00558483142865838,0.0010155288538937941,0.0,924,15.0
1,0,2,random,0.0,1.0,-0.000998747952886727,-0.0023321687956182635,-0.0006689380053931928,0.0,924,16.0
1,0,2,random_normmatched,0.0,1.0,0.0007308652588985859,0.0030753054039876528,-0.0024303465936635835,0.0,924,16.0
1,0,2,random,0.0,1.0,-0.001117264803567511,-0.0017230985056541535,-0.0018131731144247862,0.0,924,17.0
1,0,2,random_normmatched,0.0,1.0,0.0021331822442450035,0.004761222094065181,-0.0139983959525804,0.0,924,17.0
1,0,2,random,0.0,1.0,-0.0014456977636399257,-0.003443866303960922,0.00042919693753208583,0.0,924,18.0
1,0,2,random_normmatched,0.0,1.0,-0.004640553259982935,-0.005118860195482283,0.009206941461112507,0.0,924,18.0
1,0,2,random,0.0,1.0,-0.0006143070848064412,-0.0023258838996308784,-0.0001329756116362298,0.0,924,19.0
1,0,2,random_normmatched,0.0,1.0,0.00964535336080313,0.008824825346729494,0.0033784168154955335,0.0,924,19.0
1,0,2,random,0.0,1.0,-0.001250262049295193,-0.001888461024406734,0.0006554430546403609,0.0,924,20.0
1,0,2,random_normmatched,0.0,1.0,0.0007565275965124744,0.0023319128059968316,0.005467557925804138,0.0,924,20.0
1,0,2,random,0.0,1.0,-0.0020234920751413124,-0.004540650539784161,0.0003091819812511602,0.0,924,21.0
1,0,2,random_normmatched,0.0,1.0,-0.004785387179602001,-0.007892660978714435,0.004342013150898332,0.0,924,21.0
1,0,2,random,0.0,1.0,-0.0007996775422245649,-0.0029431530966315556,-0.0003101446928619767,0.0,924,22.0
1,0,2,random_normmatched,0.0,1.0,0.0007332031449827836,-0.002193618888343871,0.004457442988158823,0.0,924,22.0
1,0,2,random,0.0,1.0,-0.00010202998930962597,-0.0035722461094222628,-0.00041690037579175676,0.0,924,23.0
1,0,2,random_normmatched,0.0,1.0,0.0013429114317276883,0.001869885530985495,-0.0020926049012473286,0.0,924,23.0
1,0,2,random,0.0,1.0,-0.00013266578040325506,-0.00015208823245216495,-0.00010939964270674816,0.0,924,24.0
1,0,2,random_normmatched,0.0,1.0,0.008491282992497035,0.01832430925897474,0.00010876465194880247,0.0,924,24.0
1,0,2,random,0.0,1.0,-0.00044352250278429143,-0.0015964396603833854,-0.0003209262647002057,0.0,924,25.0
1,0,2,random_normmatched,0.0,1.0,0.01109883173779287,0.005317704675682749,0.0029235597793634393,0.0,924,25.0
1,0,2,random,0.0,1.0,-0.0005120533173733594,-0.0021110792838087366,-0.00021227920574282534,0.0,924,26.0
1,0,2,random_normmatched,0.0,1.0,-0.004106442281392658,0.0028537199139387673,4.907143359714327e-07,0.0,924,26.0
1,0,2,random,0.0,1.0,0.0005426308346385537,0.00031277622415905293,0.00041130361661479375,0.0,924,27.0
1,0,2,random_normmatched,0.0,1.0,0.0073383159985798835,0.00727717031624369,-0.0017549493615063982,0.0,924,27.0
1,0,2,random,0.0,1.0,-0.0005622745129041461,-0.001133287838723649,-0.0006123660314533029,0.0,924,28.0
1,0,2,random_normmatched,0.0,1.0,0.005127145293025239,0.0066129319530713925,-0.002662984743936815,0.0,924,28.0
1,0,2,random,0.0,1.0,-0.002254990894300983,-0.0039431140061130954,0.0012554786019116472,0.0,924,29.0
1,0,2,random_normmatched,0.0,1.0,-0.008191974730286817,-0.009574843065775726,0.010142077672039847,0.0,924,29.0
1,0,2,random,0.0,1.0,-0.0016568549423271982,-0.002400289445750656,-0.00026996821730188936,0.0,924,30.0
1,0,2,random_normmatched,0.0,1.0,0.004957364221970777,0.003245813066632217,-0.00019902695369119924,0.0,924,30.0
1,0,2,random,0.0,1.0,-0.0009948327557959423,-0.002501408652800752,-0.0008411238017965398,0.0,924,31.0
1,0,2,random_normmatched,0.0,1.0,0.008446818010096942,0.010549919256931176,0.004069874989767321,0.0,924,31.0
1,0,2,random,0.0,1.0,0.00036516609085340357,-0.0005419449857312833,-2.8986993347680665e-05,0.0,924,32.0
1,0,2,random_normmatched,0.0,1.0,0.007761138510840742,0.006114723054293561,0.005077546618089618,0.0,924,32.0
1,0,2,random,0.0,1.0,-0.0021907082446083886,-0.0032786091886023473,0.0005116547794814475,0.0,924,33.0
1,0,2,random_normmatched,0.0,1.0,-0.0035350406747752944,-0.001972452810233185,0.0013930344885843026,0.0,924,33.0
1,0,2,random,0.0,1.0,-0.0011510114533058923,-0.0051845204128257135,0.0004363236235812808,0.0,924,34.0
1,0,2,random_normmatched,0.0,1.0,-0.00394759894672571,-0.01467220017009017,0.0002544043612837322,0.0,924,34.0
1,0,2,random,0.0,1.0,-0.0006630717690310815,-0.002068541663774265,0.00013436670723673317,0.0,924,35.0
1,0,2,random_normmatched,0.0,1.0,-0.0003163719333893291,0.0050498714881341954,0.0036396333064189663,0.0,924,35.0
1,0,2,random,0.0,1.0,-6.408541864089073e-05,-0.0006983657763847926,-0.00048668810509156304,0.0,924,36.0
1,0,2,random_normmatched,0.0,1.0,0.00986680036356441,0.011722369111061634,0.00181137482155453,0.0,924,36.0
1,0,2,random,0.0,1.0,-0.001187842239993605,-0.002526321140701709,0.00044786447381838835,0.0,924,37.0
1,0,2,random_normmatched,0.0,1.0,0.0010200510600733503,-0.0029246075434788666,0.0033263288380749627,0.0,924,37.0
1,0,2,random,0.0,1.0,-4.097788720433919e-05,-0.000681124771593197,0.0008375298625098854,0.0,924,38.0
1,0,2,random_normmatched,0.0,1.0,0.007752408987225099,0.005128121779086415,0.012641575901435328,0.0,924,38.0
1,0,2,random,0.0,1.0,-0.0013918285103065825,-0.002058664018138762,0.00031257357726345385,0.0,924,39.0
1,0,2,random_normmatched,0.0,1.0,-0.01025476940024662,-0.004151793336227353,0.009442488119363733,0.0,924,39.0
1,0,2,random,0.0,1.0,-0.000882147957742996,-0.0004258044394668933,-0.0002046752307537382,0.0,924,40.0
1,0,2,random_normmatched,0.0,1.0,0.0006396269118908529,0.009189540538554546,-0.002784563663062833,0.0,924,40.0
1,0,2,random,0.0,1.0,-2.8271289058653286e-05,4.0066224189570546e-05,0.00016409128094392822,0.0,924,41.0
1,0,2,random_normmatched,0.0,1.0,0.022169085160007145,0.025525396914522776,0.00047525457170491164,0.0,924,41.0
1,0,2,random,0.0,1.0,-0.0005464636706693047,-0.0014115296502797852,0.00027116506542630524,0.0,924,42.0
1,0,2,random_normmatched,0.0,1.0,0.004341809862631715,0.008917487160929133,0.004220683104079746,0.0,924,42.0
1,0,2,random,0.0,1.0,-0.001881757879497016,-0.004057075041202527,0.0005341602947764504,0.0,924,43.0
1,0,2,random_normmatched,0.0,1.0,-0.014571594550884486,-0.013622707687370937,0.00620480549859442,0.0,924,43.0
1,0,2,random,0.0,1.0,0.0004606724865937085,0.0006742515899423815,-0.0003130539656250336,0.0,924,44.0
1,0,2,random_normmatched,0.0,1.0,0.007062228890757241,0.01405650707281179,-0.0011598719510351949,0.0,924,44.0
1,0,2,random,0.0,1.0,-0.0007688975602798245,-0.0016454944132313464,-0.0012112227328063966,0.0,924,45.0
1,0,2,random_normmatched,0.0,1.0,-0.001498539399444021,-0.0032698556946285807,-0.0039560704850521945,0.0,924,45.0
1,0,2,random,0.0,1.0,-0.0006476553112328361,-0.0014146389552960941,0.0006414938548089735,0.0,924,46.0
1,0,2,random_normmatched,0.0,1.0,0.0028980236635357875,0.0008954144285194492,0.006250628880762613,0.0,924,46.0
1,0,2,random,0.0,1.0,-0.0016322441299726279,-0.0024595539701107775,1.7531262159965183e-05,0.0,924,47.0
1,0,2,random_normmatched,0.0,1.0,0.0017100442261816903,0.0014952823761272497,0.007819805383758045,0.0,924,47.0
1,0,2,random,0.0,1.0,-0.002157016893585781,-0.004824988904608106,0.001028776818333871,0.0,924,48.0
1,0,2,random_normmatched,0.0,1.0,-0.011165366752158037,-0.02024146543302454,0.004786504028449398,0.0,924,48.0
1,0,2,random,0.0,1.0,0.00040737191973709417,0.0021786104005467478,0.0005343290149093306,0.0,924,49.0
1,0,2,random_normmatched,0.0,1.0,0.011034352059198935,0.013097459013656491,0.0029550199062422064,0.0,924,49.0
1,0,2,random,0.0,1.0,-0.000675286226507105,-0.0014582749879711151,0.0006031346976260767,0.0,924,50.0
1,0,2,random_normmatched,0.0,1.0,-0.0009097232508723048,-0.0005336518137514834,0.0021102000618542713,0.0,924,50.0
1,0,2,random,0.0,1.0,-0.0006452058041166412,-0.002260183375141255,-0.00037684546904829754,0.0,924,51.0
1,0,2,random_normmatched,0.0,1.0,-0.00022387414134448483,-0.0031317914613065686,-0.002855075765370532,0.0,924,51.0
1,0,2,random,0.0,1.0,-0.0016129431258629237,-0.003168939886806427,0.0009505836157929102,0.0,924,52.0
1,0,2,random_normmatched,0.0,1.0,0.007163566954360033,0.0040411826951346095,0.010211256607988842,0.0,924,52.0
1,0,2,random,0.0,1.0,-6.035865533959046e-05,-0.0014502093694095167,0.0007672608497252656,0.0,924,53.0
1,0,2,random_normmatched,0.0,1.0,0.013063626587624288,0.01098765577878466,0.006165356256564101,0.0,924,53.0
1,0,2,random,0.0,1.0,0.0006085676744322587,-0.0002343293625768371,-0.00046415365496622386,0.0,924,54.0
1,0,2,random_normmatched,0.0,1.0,0.023676125305741633,0.020858531101172015,-0.008320920580378355,0.0,924,54.0
1,0,2,random,0.0,1.0,0.0004181714098413046,0.0015053328243675398,-0.0002885936736508041,0.0,924,55.0
1,0,2,random_normmatched,0.0,1.0,0.01244317639666229,0.024165040539288214,0.0036192344597445634,0.0,924,55.0
1,0,2,random,0.0,1.0,0.00012479254100762507,-0.00011365980815696758,0.0007474696407442054,0.0,924,56.0
1,0,2,random_normmatched,0.0,1.0,0.013198530088401324,0.008796972346345768,0.0013490738446544808,0.0,924,56.0
1,0,2,random,0.0,1.0,-0.0007670517710105792,0.0011148174087000028,0.0011873382481505414,0.0,924,57.0
1,0,2,random_normmatched,0.0,1.0,0.007039509383115121,0.01571025875417009,0.008821286898577207,0.0,924,57.0
1,0,2,random,0.0,1.0,-0.0010133101576445629,-0.001806940886387638,-1.2749806011004982e-05,0.0,924,58.0
1,0,2,random_normmatched,0.0,1.0,0.011672150447129938,0.003999748320626022,0.004536853985651762,0.0,924,58.0
1,0,2,random,0.0,1.0,-0.0017801940609354996,-0.0019152657313223015,-0.000972799653232386,0.0,924,59.0
1,0,2,random_normmatched,0.0,1.0,-0.0009792016470365462,0.00389989934207055,-0.005296688039750403,0.0,924,59.0
1,0,2,random,0.0,1.0,-0.0024745744725061004,-0.0043839479952311735,-0.0002911633328228803,0.0,924,60.0
1,0,2,random_normmatched,0.0,1.0,0.004415114879942568,-0.001733575147530293,0.0010508115355572908,0.0,924,60.0
1,0,2,random,0.0,1.0,3.414697687937066e-05,-0.0007281931819283616,2.846549256145177e-05,0.0,924,61.0
1,0,2,random_normmatched,0.0,1.0,0.012461734087971889,0.014198072092206691,0.00537959610892993,0.0,924,61.0
1,0,2,random,0.0,1.0,-0.00015915256144986666,-0.001440710758289743,0.00022044841800011316,0.0,924,62.0
1,0,2,random_normmatched,0.0,1.0,0.008248514989028712,0.010510618008401994,0.0020184791637758055,0.0,924,62.0
1,0,2,random,0.0,1.0,-0.0011365207562844322,-0.002371522510425043,-0.0010944538630453318,0.0,924,63.0
1,0,2,random_normmatched,0.0,1.0,0.003850176571570914,0.00012283808193705404,-0.0023869319352293385,0.0,924,63.0
1,0,2,random,0.0,1.0,-0.0011485080924822522,-0.0023311022184135466,-0.00020765450330618654,0.0,924,64.0
1,0,2,random_normmatched,0.0,1.0,0.0004063961634529499,0.00847034002120506,-0.0026260911820251186,0.0,924,64.0
1,0,2,random,0.0,1.0,-0.00070567819453268,-0.0027418664320079376,0.000213248678135407,0.0,924,65.0
1,0,2,random_normmatched,0.0,1.0,-0.0022943189147045027,0.00439756031117204,-0.00046867316379068963,0.0,924,65.0
1,0,2,random,0.0,1.0,-0.0012500166140628154,-0.0024351560474879168,-0.0004320576994628004,0.0,924,66.0
1,0,2,random_normmatched,0.0,1.0,-0.00913251826848693,0.0007549250705501246,0.003550417907768627,0.0,924,66.0
1,0,2,random,0.0,1.0,-0.0034851761143814626,-0.005912718078954249,-0.00011447955370389143,0.0,924,67.0
1,0,2,random_normmatched,0.0,1.0,-0.00592364570532255,-0.011897285866813333,-0.0009003034070209178,0.0,924,67.0
1,0,2,random,0.0,1.0,-0.0008494224252413747,-0.0023492988499457554,-0.0001031869922669869,0.0,924,68.0
1,0,2,random_normmatched,0.0,1.0,0.0034259749703447265,0.006155308483829696,0.002164406015247775,0.0,924,68.0
1,0,2,random,0.0,1.0,-0.00431636128405011,-0.0065228457957309405,0.0005339085630696335,0.0,924,69.0
1,0,2,random_normmatched,0.0,1.0,-0.021173991462029605,-0.027850794294325642,0.00910251193185435,0.0,924,69.0
1,0,2,random,0.0,1.0,-9.36581705874195e-06,-0.0010067694656059787,0.0005821779673079236,0.0,924,70.0
1,0,2,random_normmatched,0.0,1.0,0.012243307394713538,0.01705866246082993,0.009897004573319188,0.0,924,70.0
1,0,2,random,0.0,1.0,-0.0010134877261512628,-0.0036841424592941483,0.0005686418881788926,0.0,924,71.0
1,0,2,random_normmatched,0.0,1.0,0.0010160935642459798,-0.00441002051758173,0.0007821903681979781,0.0,924,71.0
1,0,2,random,0.0,1.0,-0.003368073506795506,-0.004478743475470907,0.0007374662282721095,0.0,924,72.0
1,0,2,random_normmatched,0.0,1.0,-0.007197465935487575,-0.007552336589078555,0.0044004650105112205,0.0,924,72.0
1,0,2,random,0.0,1.0,-0.0016430542714567288,-0.003478583230865204,0.0007286909969008981,0.0,924,73.0
1,0,2,random_normmatched,0.0,1.0,-0.002804080482166023,-0.005866284191103691,0.006720391499325884,0.0,924,73.0
1,0,2,random,0.0,1.0,-0.0015287403777925676,-0.004574295718647954,-0.00017816376641800334,0.0,924,74.0
1,0,2,random_normmatched,0.0,1.0,-0.0008221149796553745,-0.009683901663431627,-0.0003548824687060085,0.0,924,74.0
1,0,2,random,0.0,1.0,-0.0013827217399486967,-0.00306265104703171,-3.337048466440019e-05,0.0,924,75.0
1,0,2,random_normmatched,0.0,1.0,0.00029799290469108096,-0.0032730636927443884,0.0026704116421264208,0.0,924,75.0
1,0,2,random,0.0,1.0,-0.0007710777066065959,-0.0011841091937948767,-0.0007966128897747736,0.0,924,76.0
1,0,2,random_normmatched,0.0,1.0,0.010966850087982752,0.01650082103122972,-0.0001790754670408366,0.0,924,76.0
1,0,2,random,0.0,1.0,-0.001735867192013441,-0.003286468139089301,-0.0003025612939033005,0.0,924,77.0
1,0,2,random_normmatched,0.0,1.0,-0.002096536548666629,-0.003823253614458937,0.005871657608976059,0.0,924,77.0
1,0,2,random,0.0,1.0,3.194755146491504e-05,-0.0013824173860500914,0.0008312836254003677,0.0,924,78.0
1,0,2,random_normmatched,0.0,1.0,0.0030682121540544813,5.6497333530368706e-05,0.0025636745200278686,0.0,924,78.0
1,0,2,random,0.0,1.0,-0.00046448037994766125,-2.728422441899683e-05,0.0006641949360271038,0.0,924,79.0
1,0,2,random_normmatched,0.0,1.0,0.010162338435039962,0.01382797871847104,0.003946841027178412,0.0,924,79.0
1,0,2,random,0.0,1.0,0.0007238251930504547,-0.00022705294493371336,-0.0007722917739586539,0.0,924,80.0
1,0,2,random_normmatched,0.0,1.0,0.012650467145172522,0.015506066418189964,0.0013128916618736631,0.0,924,80.0
1,0,2,random,0.0,1.0,0.0010603269028180557,0.0016488876582336645,0.0010918143552806118,0.0,924,81.0
1,0,2,random_normmatched,0.0,1.0,0.016524421439356767,0.02274028616529666,0.01505251821432113,0.0,924,81.0
1,0,2,random,0.0,1.0,0.000579511918419331,0.0007290315232724579,0.0002809500332549091,0.0,924,82.0
1,0,2,random_normmatched,0.0,1.0,0.02703738984656309,0.03169082917160832,0.00855890960264212,0.0,924,82.0
1,0,2,random,0.0,1.0,0.0002557633984085697,-0.00022001318121580971,-0.00022120358499169474,0.0,924,83.0
1,0,2,random_normmatched,0.0,1.0,0.009370873179698782,0.01549825324188855,0.0014858598565604636,0.0,924,83.0
1,0,2,random,0.0,1.0,-0.0017547149739381989,-0.0024105148218180688,0.0014150685795612324,0.0,924,84.0
1,0,2,random_normmatched,0.0,1.0,0.002568508166240818,0.012238001150241368,0.013846350691612287,0.0,924,84.0
1,0,2,random,0.0,1.0,-0.0022554932706430157,-0.0040767074024198,0.001123435915535007,0.0,924,85.0
1,0,2,random_normmatched,0.0,1.0,0.004443955970383193,-0.008755262087233666,0.008676027450509764,0.0,924,85.0
1,0,2,random,0.0,1.0,-0.0006708577485174083,-0.001862611925786085,0.0003723642850112181,0.0,924,86.0
1,0,2,random_normmatched,0.0,1.0,0.002681235271790068,-0.0024016171920084495,0.004012298913759658,0.0,924,86.0
1,0,2,random,0.0,1.0,0.00021942973552849476,2.7503653430851684e-05,-0.0007917070149586209,0.0,924,87.0
1,0,2,random_normmatched,0.0,1.0,0.007398973824535434,0.009493524041537435,-0.007589215994292315,0.0,924,87.0
1,0,2,random,0.0,1.0,-0.0004916201308780808,-0.001225995277506797,0.0011855836306411869,0.0,924,88.0
1,0,2,random_normmatched,0.0,1.0,0.006317979149672224,0.005852561578345546,0.014215772248543104,0.0,924,88.0
1,0,2,random,0.0,1.0,-0.0006003178367032188,-0.0008035339444045251,0.0008079986667373286,0.0,924,89.0
1,0,2,random_normmatched,0.0,1.0,0.007369303768829759,0.007796201759504339,0.005800157683935084,0.0,924,89.0
1,0,2,random,0.0,1.0,0.00042179804979657043,-2.30706397924784e-05,-0.00042212423385315273,0.0,924,90.0
1,0,2,random_normmatched,0.0,1.0,0.006072498253552017,0.008595599231654262,0.006460177519967638,0.0,924,90.0
1,0,2,random,0.0,1.0,-0.0011813797596495206,-0.0015363414837073343,0.0005510176663642759,0.0,924,91.0
1,0,2,random_normmatched,0.0,1.0,0.00485200128588794,0.0019227220628846007,0.005168347932186949,0.0,924,91.0
1,0,2,random,0.0,1.0,-0.0009825268761246505,-0.003124846137319389,0.0020567421533657336,0.0,924,92.0
1,0,2,random_normmatched,0.0,1.0,0.00526933601132152,-0.002168954483003808,0.022705627094012075,0.0,924,92.0
1,0,2,random,0.0,1.0,-0.0038361468309398806,-0.006384747300657979,0.0005727036811402689,0.0,924,93.0
1,0,2,random_normmatched,0.0,1.0,-0.015064995470310896,-0.01615811461786079,0.0026444369146134883,0.0,924,93.0
1,0,2,random,0.0,1.0,-0.0026878706090588964,-0.005774019346309521,-9.789570224395721e-05,0.0,924,94.0
1,0,2,random_normmatched,0.0,1.0,-0.012799787967278577,-0.02471081270465124,0.0024572949531313968,0.0,924,94.0
1,0,2,random,0.0,1.0,-0.0004685462578070194,-0.0019019223403197079,-0.000654226980988791,0.0,924,95.0
1,0,2,random_normmatched,0.0,1.0,0.006832115641424859,0.007003917652219767,1.4455496439844623e-05,0.0,924,95.0
1,0,2,random,0.0,1.0,-0.0006464435788001061,-0.0021420670804637772,-0.00045997630909412634,0.0,924,96.0
1,0,2,random_normmatched,0.0,1.0,0.007689185401468134,0.009887962537285185,-0.0008430896916734778,0.0,924,96.0
1,0,2,random,0.0,1.0,-0.0010218752314152518,-0.0029886256546884263,-0.00026093748370821485,0.0,924,97.0
1,0,2,random_normmatched,0.0,1.0,0.01017159020561814,0.009290901410839708,-0.00537040464429913,0.0,924,97.0
1,0,2,random,0.0,1.0,-0.0010146017123074497,-0.0019169818007567024,0.00021924120903029956,0.0,924,98.0
1,0,2,random_normmatched,0.0,1.0,0.0034776182842407902,0.0033689285958127513,0.0018623306475268144,0.0,924,98.0
1,0,2,random,0.0,1.0,0.0001485452151902901,-0.0008166814797041719,-0.0006853204983023475,0.0,924,99.0
1,0,2,random_normmatched,0.0,1.0,0.019028849377267336,0.018791056268780835,-0.0012926470396720515,0.0,924,99.0
1,0,2,shuffled_labels,0.1527777777777778,0.9952380952380953,0.3074368629565121,0.3615325919008584,0.08778580042782098,0.16666666666666666,924,
1,0,3,random,0.0,1.0,-0.0010545999047310137,-0.002284638397632674,-0.000575850864313062,0.0,924,0.0
1,0,3,random_normmatched,0.0,1.0,0.0033530362790349863,0.001978371916099462,-0.003470539907990393,0.0,924,0.0
1,0,3,random,0.0,1.0,-0.0004149722827439202,-0.0008574448002015818,0.0002673976854534258,0.0,924,1.0
1,0,3,random_normmatched,0.0,1.0,0.006808259651840975,0.008395968138868405,-0.001543467599978941,0.0,924,1.0
1,0,3,random,0.0,1.0,-0.0010506607690073137,-0.0038919041344506644,-0.0006439823813532378,0.0,924,2.0
1,0,3,random_normmatched,0.0,1.0,0.004860982769628373,1.0479251107432213e-05,-0.0038452403426730234,0.0,924,2.0
1,0,3,random,0.0,1.0,-0.000962281426506516,-0.002727290591557397,-0.00015380717444401192,0.0,924,3.0
1,0,3,random_normmatched,0.0,1.0,0.0040632322623080355,0.0015083743338883653,-0.0030555462960162676,0.0,924,3.0
1,0,3,random,0.0,1.0,0.00027479809972241883,-0.00014540103004063513,-0.00024244891796796584,0.0,924,4.0
1,0,3,random_normmatched,0.0,1.0,0.017245591146740673,0.018553110588355716,-0.005036961031801154,0.0,924,4.0
1,0,3,random,0.0,1.0,-0.0005725062182401859,-0.002130938701712759,-0.00022606722635524687,0.0,924,5.0
1,0,3,random_normmatched,0.0,1.0,0.008765305181931134,0.011106760340239984,0.0003898018607013196,0.0,924,5.0
1,0,3,random,0.0,1.0,0.00022543041890906736,-0.0015470919186204466,0.000172595880715004,0.0,924,6.0
1,0,3,random_normmatched,0.0,1.0,0.007842527850720147,0.008960524229060697,0.0027394096447196843,0.0,924,6.0
1,0,3,random,0.0,1.0,-0.0017836159343476983,-0.0034250416509948945,-0.00014626585425274352,0.0,924,7.0
1,0,3,random_normmatched,0.0,1.0,-0.002603234688963012,-0.0014210348610718332,0.0037637634020749426,0.0,924,7.0
1,0,3,random,0.0,1.0,-0.0004260149291579831,-0.00252783940408433,0.0009340110034383884,0.0,924,8.0
1,0,3,random_normmatched,0.0,1.0,0.0015634939985410328,0.0019611014912907843,0.001990513061680188,0.0,924,8.0
1,0,3,random,0.0,1.0,0.00045117881122742513,-0.0012708565915690898,0.0002781620293849596,0.0,924,9.0
1,0,3,random_normmatched,0.0,1.0,0.0032270370490974703,0.005082599524500256,0.0014578076729692556,0.0,924,9.0
1,0,3,random,0.0,1.0,-0.0012580355254742399,-0.002545203541725397,0.0010198114916399668,0.0,924,10.0
1,0,3,random_normmatched,0.0,1.0,-0.00030859991196193566,-0.001917740870523719,0.004551945640957137,0.0,924,10.0
1,0,3,random,0.0,1.0,0.0006851538931224438,-0.0010368367205221402,7.516980421833879e-05,0.0,924,11.0
1,0,3,random_normmatched,0.0,1.0,0.00962493181966434,0.011995043366207018,0.002242854051000228,0.0,924,11.0
1,0,3,random,0.0,1.0,-5.2499373659264154e-05,-0.0016479187065182315,0.00035189007611829287,0.0,924,12.0
1,0,3,random_normmatched,0.0,1.0,0.004369236779609171,0.011711598025619739,-4.37087496682856e-05,0.0,924,12.0
1,0,3,random,0.0,1.0,0.00014744187792474527,-0.001977337625901274,0.0006921466322742011,0.0,924,13.0
1,0,3,random_normmatched,0.0,1.0,0.01362686188543931,0.011786268378125415,0.0048131529222308015,0.0,924,13.0
1,0,3,random,0.0,1.0,0.0006638229968605536,-0.0003971899545502009,-1.809460612819435e-06,0.0,924,14.0
1,0,3,random_normmatched,0.0,1.0,0.0094630038122347,0.02095627168693796,-0.0069965075992876906,0.0,924,14.0
1,0,3,random,0.0,1.0,0.0005456434059497064,-0.0012168629414250165,0.0003601630304524892,0.0,924,15.0
1,0,3,random_normmatched,0.0,1.0,0.010809980144143177,0.015705830491775555,0.0036355843070295024,0.0,924,15.0
1,0,3,random,0.0,1.0,0.00044315778364375076,-0.0014856839322092551,-3.329538569163458e-05,0.0,924,16.0
1,0,3,random_normmatched,0.0,1.0,0.009069274444813837,0.01370630862866637,0.000735551294468692,0.0,924,16.0
1,0,3,random,0.0,1.0,0.0005525166911701164,-0.0006020393487894905,7.780438109129099e-05,0.0,924,17.0
1,0,3,random_normmatched,0.0,1.0,0.0049295457910845854,0.007136834287919079,0.008666039542813371,0.0,924,17.0
1,0,3,random,0.0,1.0,0.0008567401668936439,-5.7350166856790725e-05,0.001076455217790742,0.0,924,18.0
1,0,3,random_normmatched,0.0,1.0,0.016970450802625103,0.01881432360621226,0.002961352095459003,0.0,924,18.0
1,0,3,random,0.0,1.0,-0.00016244938475553226,-0.001492279665961952,0.001107148188641321,0.0,924,19.0
1,0,3,random_normmatched,0.0,1.0,0.009619030544046466,0.009824020911394655,0.01334697744329193,0.0,924,19.0
1,0,3,random,0.0,1.0,-0.0004174360252810988,-0.002090669502579557,-0.00034907180553341385,0.0,924,20.0
1,0,3,random_normmatched,0.0,1.0,0.003512198567032016,0.0013942577090440146,0.0008548095876607321,0.0,924,20.0
1,0,3,random,0.0,1.0,-0.00011108077598418233,-0.00111565960023038,0.0004763534101635987,0.0,924,21.0
1,0,3,random_normmatched,0.0,1.0,0.0055906329846457,0.008545390762776469,0.002782381621094056,0.0,924,21.0
1,0,3,random,0.0,1.0,-0.000566516936990383,-0.0019050407386377783,-0.00015347877346325373,0.0,924,22.0
1,0,3,random_normmatched,0.0,1.0,0.010785498104333265,0.009891408136419162,-0.0006998593401392871,0.0,924,22.0
1,0,3,random,0.0,1.0,-0.003446176288770453,-0.005029442314961958,0.00032807994349060325,0.0,924,23.0
1,0,3,random_normmatched,0.0,1.0,-0.008347550467860636,-0.006605859466305909,0.0017013789120301948,0.0,924,23.0
1,0,3,random,0.0,1.0,-0.0008478519857619551,-0.004079912369690357,7.248254636123487e-05,0.0,924,24.0
1,0,3,random_normmatched,0.0,1.0,-0.0006801843950360053,-0.0015938700973289516,-0.002935925853813974,0.0,924,24.0
1,0,3,random,0.0,1.0,0.00026589355187104464,-0.000649073251690076,0.00033477981329438117,0.0,924,25.0
1,0,3,random_normmatched,0.0,1.0,0.006953904985679042,0.011452094071425592,-0.003790089188195433,0.0,924,25.0
1,0,3,random,0.0,1.0,-0.0018018992422189394,-0.003139229939460134,-0.0015067619264861026,0.0,924,26.0
1,0,3,random_normmatched,0.0,1.0,-0.005918449328389728,-0.007931084838493143,-0.009552802411997777,0.0,924,26.0
1,0,3,random,0.0,1.0,-0.0007863804829576543,-0.002821463033696128,-0.001977627630915218,0.0,924,27.0
1,0,3,random_normmatched,0.0,1.0,-0.0012914591952852255,0.000820007752775711,-0.004121529206822017,0.0,924,27.0
1,0,3,random,0.0,1.0,-0.0007861765589384287,-0.003990002676998068,0.0008350977570472396,0.0,924,28.0
1,0,3,random_normmatched,0.0,1.0,0.0026871340601774844,6.0467878940943515e-05,0.003778534788786538,0.0,924,28.0
1,0,3,random,0.0,1.0,0.0004429486146410421,-0.0021362725353840763,0.000707945688441774,0.0,924,29.0
1,0,3,random_normmatched,0.0,1.0,0.005141888664759379,0.004801443817407083,0.001407077563045936,0.0,924,29.0
1,0,3,random,0.0,1.0,-0.00025501033038763117,-0.002456989322315927,-0.00023894057024940904,0.0,924,30.0
1,0,3,random_normmatched,0.0,1.0,0.010022670496290135,0.005382468308784328,-0.004140059556030679,0.0,924,30.0
1,0,3,random,0.0,1.0,-0.0007995062048317227,-0.004223570390660501,-0.0005710733390025142,0.0,924,31.0
1,0,3,random_normmatched,0.0,1.0,0.0012804112665719155,0.0061128346311888765,8.226527748288529e-05,0.0,924,31.0
1,0,3,random,0.0,1.0,-0.0004445984473770081,-0.0029054287761865576,-0.0002337163508037949,0.0,924,32.0
1,0,3,random_normmatched,0.0,1.0,0.0022604190031767146,-0.002505452172679664,-0.0033854655990091433,0.0,924,32.0
1,0,3,random,0.0,1.0,-0.000502836796904438,-0.0015846023441610125,0.00026814648423341024,0.0,924,33.0
1,0,3,random_normmatched,0.0,1.0,0.008058948383284359,0.00934868345989391,-0.0011219775387211332,0.0,924,33.0
1,0,3,random,0.0,1.0,0.0008223652006917732,-0.001236741002299685,2.9121435708069377e-06,0.0,924,34.0
1,0,3,random_normmatched,0.0,1.0,0.02022496860520771,0.016119129815442855,0.00412238607426213,0.0,924,34.0
1,0,3,random,0.0,1.0,-0.0022226630462316276,-0.0030630547308181984,0.0002795734521965881,0.0,924,35.0
1,0,3,random_normmatched,0.0,1.0,-0.007606903327554304,-0.007325203445382959,-0.001428517224358313,0.0,924,35.0
1,0,3,random,0.0,1.0,-0.0014685924260417322,-0.003385201533095444,-0.0009545204833940823,0.0,924,36.0
1,0,3,random_normmatched,0.0,1.0,-0.00527815603261767,-0.007556810364182958,-0.00022153425088884942,0.0,924,36.0
1,0,3,random,0.0,1.0,-9.223177585551285e-06,-0.001585421665110683,-1.5041281112892356e-05,0.0,924,37.0
1,0,3,random_normmatched,0.0,1.0,0.009512421407753182,0.010793641364989245,0.004668655758640145,0.0,924,37.0
1,0,3,random,0.0,1.0,-0.0007941661147939049,-0.0026199438073141565,-0.0011752208271988255,0.0,924,38.0
1,0,3,random_normmatched,0.0,1.0,-0.0003055028186980486,0.0048514802315820565,-0.001798719424943948,0.0,924,38.0
1,0,3,random,0.0,1.0,0.0001057453170704231,-0.001662761875387263,0.0003508686217621776,0.0,924,39.0
1,0,3,random_normmatched,0.0,1.0,0.009585610063219667,0.012063137416942961,0.0006641014578287056,0.0,924,39.0
1,0,3,random,0.0,1.0,-0.0002532391103787991,-0.0007035075958880804,8.550101432163178e-05,0.0,924,40.0
1,0,3,random_normmatched,0.0,1.0,0.010038329795256483,0.006479069292401591,0.004280723651829643,0.0,924,40.0
1,0,3,random,0.0,1.0,-0.0004119570584381195,-0.001347084644295757,0.00024964749610959435,0.0,924,41.0
1,0,3,random_normmatched,0.0,1.0,0.006858922298401791,0.009858779984446677,0.0006069243017885087,0.0,924,41.0
1,0,3,random,0.0,1.0,-0.0010369415897507391,-0.0020917332152745566,-0.00029352176715565187,0.0,924,42.0
1,0,3,random_normmatched,0.0,1.0,0.006639553741675862,0.005656670461195389,-0.0003859365244117926,0.0,924,42.0
1,0,3,random,0.0,1.0,-0.0011673364706663032,-0.0034839559034778146,3.622607597463781e-05,0.0,924,43.0
1,0,3,random_normmatched,0.0,1.0,0.002697741375474823,-0.0016742836285274603,-0.002306996238095281,0.0,924,43.0
1,0,3,random,0.0,1.0,0.0004966583381885054,-0.0008515116747580733,-0.0005962887991437966,0.0,924,44.0
1,0,3,random_normmatched,0.0,1.0,0.010713497667151115,0.011258108163276518,-0.007699449084661731,0.0,924,44.0
1,0,3,random,0.0,1.0,-0.00047170825852432385,-0.0011617320354165167,0.00048346902591764004,0.0,924,45.0
1,0,3,random_normmatched,0.0,1.0,0.005466106636030145,0.006176455950633761,0.0020609917854413524,0.0,924,45.0
1,0,3,random,0.0,1.0,3.7850407624343945e-05,-0.0014078173313374948,-0.0003010267063593197,0.0,924,46.0
1,0,3,random_normmatched,0.0,1.0,0.011485931101864043,0.010938426484573884,-0.0007115406178789692,0.0,924,46.0
1,0,3,random,0.0,1.0,0.00125522042053073,-0.00016160823675160282,0.0020360760073874886,0.0,924,47.0
1,0,3,random_normmatched,0.0,1.0,0.014343041391629702,0.017980599394591668,0.014653240080262232,0.0,924,47.0
1,0,3,random,0.0,1.0,0.00018452839084667034,-0.00046679094685686626,0.000652894057983553,0.0,924,48.0
1,0,3,random_normmatched,0.0,1.0,0.007460108091493851,0.005681914045565424,-0.004744535331741057,0.0,924,48.0
1,0,3,random,0.0,1.0,8.840020592016813e-05,-0.0008006583080883522,-0.001352671191996836,0.0,924,49.0
1,0,3,random_normmatched,0.0,1.0,0.00989947577650057,0.010904718796140191,-0.009459502126625583,0.0,924,49.0
1,0,3,random,0.0,1.0,-0.0002508934534973578,-0.0010210166518563474,0.0005120700174185962,0.0,924,50.0
1,0,3,random_normmatched,0.0,1.0,0.00673819394052017,0.007356901895535861,0.0027145957447547876,0.0,924,50.0
1,0,3,random,0.0,1.0,0.00022293678907565488,-0.002327390019667179,0.000680599675781727,0.0,924,51.0
1,0,3,random_normmatched,0.0,1.0,0.005776821112507665,0.00831142254669147,0.0035952881799787696,0.0,924,51.0
1,0,3,random,0.0,1.0,-0.0004994452186027737,-0.0024640142104897073,-0.0007998153928051426,0.0,924,52.0
1,0,3,random_normmatched,0.0,1.0,0.0026710274619127067,0.00025820624660190976,0.0016024846233968961,0.0,924,52.0
1,0,3,random,0.0,1.0,1.0503102837339478e-05,-0.001261453210073833,-0.00011813932537359829,0.0,924,53.0
1,0,3,random_normmatched,0.0,1.0,0.0004397451150039488,0.0021787243924818616,-0.0016092390263850388,0.0,924,53.0
1,0,3,random,0.0,1.0,-0.0009695452927743196,-0.002597974374960688,0.0014202254263441909,0.0,924,54.0
1,0,3,random_normmatched,0.0,1.0,0.004122675348062797,0.007159157105361012,0.008362695575070845,0.0,924,54.0
1,0,3,random,0.0,1.0,-0.0003768107501336377,-0.002122308408456582,-5.718873682603207e-05,0.0,924,55.0
1,0,3,random_normmatched,0.0,1.0,0.0032386320950317394,0.0006963575680520897,-0.010607285862153353,0.0,924,55.0
1,0,3,random,0.0,1.0,0.0003308083631562188,-0.000701707659308641,-0.0010394987359464136,0.0,924,56.0
1,0,3,random_normmatched,0.0,1.0,0.012426168133770085,0.012708841994860472,0.0011580894464276808,0.0,924,56.0
1,0,3,random,0.0,1.0,-0.00035350850527084924,-0.001071075817814858,-0.00040868501537656113,0.0,924,57.0
1,0,3,random_normmatched,0.0,1.0,0.0006232327358301044,0.001163831446825947,0.0004964253626913878,0.0,924,57.0
1,0,3,random,0.0,1.0,0.002054807239303406,0.002175878843099774,-0.00047369224874791816,0.0,924,58.0
1,0,3,random_normmatched,0.0,1.0,0.016534980811795927,0.01931443053708423,-0.00896544674763761,0.0,924,58.0
1,0,3,random,0.0,1.0,-0.0002868452492105723,-0.0013228239274883351,-0.0009228951418303728,0.0,924,59.0
1,0,3,random_normmatched,0.0,1.0,0.005772784568086057,0.00757443911187367,-0.0012650751458340354,0.0,924,59.0
1,0,3,random,0.0,1.0,-0.000548380252408583,-0.0036251994594990837,0.0012293421376723302,0.0,924,60.0
1,0,3,random_normmatched,0.0,1.0,0.0023733792114117424,0.00045488519868119463,0.0012553468428037954,0.0,924,60.0
1,0,3,random,0.0,1.0,-0.0009620564477909892,-0.0034005750265816777,0.0009763376589377497,0.0,924,61.0
1,0,3,random_normmatched,0.0,1.0,-0.002527164509529136,-0.00508886290548597,0.006610575384659647,0.0,924,61.0
1,0,3,random,0.0,1.0,-0.0001897637822821332,-0.002817729700938897,2.340125896266046e-05,0.0,924,62.0
1,0,3,random_normmatched,0.0,1.0,0.011873170042604936,0.009982355630887108,-0.0012660994362956586,0.0,924,62.0
1,0,3,random,0.0,1.0,-0.0007530297044754648,-0.0026481283556491165,0.0007053694489927418,0.0,924,63.0
1,0,3,random_normmatched,0.0,1.0,0.004564138768843447,0.006572024279852467,-0.0010234963220940706,0.0,924,63.0
1,0,3,random,0.0,1.0,0.0004306313339669219,-0.0004422896915076863,0.0014034611640229263,0.0,924,64.0
1,0,3,random_normmatched,0.0,1.0,0.016217966543482936,0.024698290033840328,0.005121728083475073,0.0,924,64.0
1,0,3,random,0.0,1.0,-0.00043825418768927814,-0.0010621378950641596,-0.0003836840967626541,0.0,924,65.0
1,0,3,random_normmatched,0.0,1.0,0.0071661235809481715,0.0064310216277458495,-0.005089040753146702,0.0,924,65.0
1,0,3,random,0.0,1.0,-0.0010679601760356207,-0.0025404673568096715,0.0005675770260878418,0.0,924,66.0
1,0,3,random_normmatched,0.0,1.0,0.0007513737497195424,0.003369412435419733,0.0013300939242045116,0.0,924,66.0
1,0,3,random,0.0,1.0,-0.0007039609815201932,-0.0018200250415812951,0.001343452628994881,0.0,924,67.0
1,0,3,random_normmatched,0.0,1.0,0.004036414877934644,0.0043149433354436285,0.005667237584605826,0.0,924,67.0
1,0,3,random,0.0,1.0,-0.000928820437812056,-0.003554195082799581,-0.00045865559383973285,0.0,924,68.0
1,0,3,random_normmatched,0.0,1.0,-0.005697347891446719,-0.0016905298444852806,0.0037125055762280007,0.0,924,68.0
1,0,3,random,0.0,1.0,-0.0018215843333709196,-0.0035501751014702593,8.273599144636218e-05,0.0,924,69.0
1,0,3,random_normmatched,0.0,1.0,-0.002102356406361832,-0.005473361022398413,-0.0030531236861207067,0.0,924,69.0
1,0,3,random,0.0,1.0,5.9817646435937054e-05,-0.0014883538841168145,0.00048612461876108035,0.0,924,70.0
1,0,3,random_normmatched,0.0,1.0,0.005646329677170008,0.008476297564021105,0.0038918444264251194,0.0,924,70.0
1,0,3,random,0.0,1.0,-0.0015316853484883715,-0.0033889911300989278,-0.00043141647065247045,0.0,924,71.0
1,0,3,random_normmatched,0.0,1.0,0.0015191602937437618,0.001695113345902838,-0.004306108684562729,0.0,924,71.0
1,0,3,random,0.0,1.0,0.0008601822793260958,-0.0010518611163598914,0.00021844938752874296,0.0,924,72.0
1,0,3,random_normmatched,0.0,1.0,0.010011028457973855,0.010529959194396407,-0.0038460300148641475,0.0,924,72.0
1,0,3,random,0.0,1.0,-0.0015166027891178014,-0.002663797554511536,0.00042176672666580453,0.0,924,73.0
1,0,3,random_normmatched,0.0,1.0,0.007665154327076773,0.0075558426519540195,0.0025047446322401575,0.0,924,73.0
1,0,3,random,0.0,1.0,0.0003407656741672646,-0.00019213889395948292,0.0001026266093053237,0.0,924,74.0
1,0,3,random_normmatched,0.0,1.0,0.009826989032946008,0.01365338315487469,-0.008309767944482656,0.0,924,74.0
1,0,3,random,0.0,1.0,-0.0016233274034415475,-0.0025884446621330785,0.0010557843390923854,0.0,924,75.0
1,0,3,random_normmatched,0.0,1.0,-0.002189590675825235,0.0005859780096447914,0.008346675557974104,0.0,924,75.0
1,0,3,random,0.0,1.0,0.0008919267076415518,-0.0005699811577176362,0.0014211187111675743,0.0,924,76.0
1,0,3,random_normmatched,0.0,1.0,0.010633899391904384,0.009421676039664033,0.016286655229139687,0.0,924,76.0
1,0,3,random,0.0,1.0,-0.0006866594507799187,-0.0008206276478852811,0.0010663928964995872,0.0,924,77.0
1,0,3,random_normmatched,0.0,1.0,0.006735676508835908,0.006675100811490062,0.01078899463635261,0.0,924,77.0
1,0,3,random,0.0,1.0,-0.0003180041000488455,-0.0007583847925344534,-3.799553944045787e-06,0.0,924,78.0
1,0,3,random_normmatched,0.0,1.0,0.009919480630456692,0.012581323725429708,0.0060798700707485175,0.0,924,78.0
1,0,3,random,0.0,1.0,-0.0003926833921176554,-0.0021810097678489223,0.0002649870817945197,0.0,924,79.0
1,0,3,random_normmatched,0.0,1.0,0.010603399528265486,0.009717633413784114,-0.0021355695228150815,0.0,924,79.0
1,0,3,random,0.0,1.0,-0.0005579789728823506,-0.0013217570499495944,-0.0009596920188249395,0.0,924,80.0
1,0,3,random_normmatched,0.0,1.0,0.005264367555317189,0.003898612591266376,-0.0008664574170190898,0.0,924,80.0
1,0,3,random,0.0,1.0,0.00047700185228358616,-0.0011131683553708982,-0.0008366137642940421,0.0,924,81.0
1,0,3,random_normmatched,0.0,1.0,0.01360254805182637,0.017537330942973876,-0.0007221658475438263,0.0,924,81.0
1,0,3,random,0.0,1.0,0.000711877137065635,-0.0003174974328594673,-0.0010197958547669339,0.0,924,82.0
1,0,3,random_normmatched,0.0,1.0,0.005457152328139805,0.008571639535284321,-0.008172248050666735,0.0,924,82.0
1,0,3,random,0.0,1.0,-0.0003345658893150668,-0.0021442160070335977,-0.0008223150847236718,0.0,924,83.0
1,0,3,random_normmatched,0.0,1.0,0.006535170992445606,0.002791544003157577,-0.0005297497228643519,0.0,924,83.0
1,0,3,random,0.0,1.0,-0.0014426044728195657,-0.0058005121829279626,-0.0014713857206872885,0.0,924,84.0
1,0,3,random_normmatched,0.0,1.0,-0.0005691903499276279,-0.009917834343023724,-0.006105204519227093,0.0,924,84.0
1,0,3,random,0.0,1.0,-0.00023560292731963637,-0.0015332268931338162,0.0005670487049144832,0.0,924,85.0
1,0,3,random_normmatched,0.0,1.0,0.006834876978553849,0.0059024418897033705,-0.0024931253160367876,0.0,924,85.0
1,0,3,random,0.0,1.0,-0.0005283254913084483,-0.001627973838605816,-0.00034735473617115075,0.0,924,86.0
1,0,3,random_normmatched,0.0,1.0,0.005497119686686305,-0.0010910568412736612,-0.00196488156728591,0.0,924,86.0
1,0,3,random,0.0,1.0,-0.0012988077651900033,-0.004228742345291872,0.0005514238393960418,0.0,924,87.0
1,0,3,random_normmatched,0.0,1.0,-0.0032226434454592405,-0.008788163356886612,0.000912695995788434,0.0,924,87.0
1,0,3,random,0.0,1.0,0.0011988238571672715,0.00039430869290550295,-0.0012152940484481249,0.0,924,88.0
1,0,3,random_normmatched,0.0,1.0,0.015447791159222055,0.022152231963413514,-0.004928291929049927,0.0,924,88.0
1,0,3,random,0.0,1.0,-0.0006827469380374998,-0.0010733707953787263,-0.0004214671437461112,0.0,924,89.0
1,0,3,random_normmatched,0.0,1.0,0.005678792232299123,0.006855352883316905,-0.005470606426812724,0.0,924,89.0
1,0,3,random,0.0,1.0,-0.0026503903162269117,-0.0052518553084593975,0.00010562200793908006,0.0,924,90.0
1,0,3,random_normmatched,0.0,1.0,0.0033568767074245347,0.003625254163073311,0.004644873053483441,0.0,924,90.0
1,0,3,random,0.0,1.0,-0.00044578929714011995,-0.002873405284243047,0.0007882644873985669,0.0,924,91.0
1,0,3,random_normmatched,0.0,1.0,0.003774177701957188,0.005340379628570526,-0.0008186972327878159,0.0,924,91.0
1,0,3,random,0.0,1.0,-0.00024290070190456647,-0.003312784754368911,0.0002287144157027238,0.0,924,92.0
1,0,3,random_normmatched,0.0,1.0,0.00953645720399248,0.010712936542967663,-0.0007078385063353095,0.0,924,92.0
1,0,3,random,0.0,1.0,-0.0016817218234753198,-0.0036890320356265417,-0.00046088971520024595,0.0,924,93.0
1,0,3,random_normmatched,0.0,1.0,0.001969349329238977,0.0033077597344233884,-0.003941852203104536,0.0,924,93.0
1,0,3,random,0.0,1.0,-0.000882550432311579,-0.0019395496976770629,0.000691476207059108,0.0,924,94.0
1,0,3,random_normmatched,0.0,1.0,-0.00016846341997021468,-0.0015033993531667626,0.001316146670688746,0.0,924,94.0
1,0,3,random,0.0,1.0,-0.0006643994176714616,-0.0024200459806529464,-0.0005053875779348124,0.0,924,95.0
1,0,3,random_normmatched,0.0,1.0,0.00444319940046905,0.00013760214216687562,-0.0028543945192897433,0.0,924,95.0
1,0,3,random,0.0,1.0,-0.0010593898036121944,-0.0027189930246261707,-0.0002079450641705415,0.0,924,96.0
1,0,3,random_normmatched,0.0,1.0,0.006872966550459581,0.005553602276774351,-0.0051443429848273365,0.0,924,96.0
1,0,3,random,0.0,1.0,-0.001026932165740959,-0.0019160896377456314,-0.0005452183534616552,0.0,924,97.0
1,0,3,random_normmatched,0.0,1.0,0.0024972842276440956,0.004187093034207333,-0.007769680493952127,0.0,924,97.0
1,0,3,random,0.0,1.0,-0.0012847505708172841,-0.002745419045086863,-0.0002218176267832708,0.0,924,98.0
1,0,3,random_normmatched,0.0,1.0,0.00037313488296932093,0.0016146481870026794,-0.006730400470052228,0.0,924,98.0
1,0,3,random,0.0,1.0,-0.000362040110218657,-0.0036095349157197793,0.0012036839414301828,0.0,924,99.0
1,0,3,random_normmatched,0.0,1.0,-0.0008283252073630842,-0.010671270195666766,0.006067404961477326,0.0,924,99.0
1,0,3,shuffled_labels,0.1111111111111111,0.9976190476190476,0.22022079808676176,0.28032484806971464,0.0884243754404816,0.1111111111111111,924,
1,0,4,random,0.04285714285714286,0.9571428571428572,0.0005520456357725572,0.0005219317819818806,-0.0008158710034552646,0.1,630,0.0
1,0,4,random_normmatched,0.04285714285714286,0.9571428571428572,0.01755027551702944,0.0193315493000456,0.009859229566113764,0.1,630,0.0
1,0,4,random,0.04285714285714286,0.9571428571428572,0.0008161517736061428,-0.00025637124570764897,0.0002209617359557474,0.1,630,1.0
1,0,4,random_normmatched,0.054285714285714284,0.9571428571428572,0.004316456748506448,0.009516215341733206,0.0022682039645151504,0.1,630,1.0
1,0,4,random,0.04285714285714286,0.9571428571428572,0.00037672988063094167,0.0010049177029817853,-0.00011016912787135898,0.1,630,2.0
1,0,4,random_normmatched,0.045714285714285714,0.9571428571428572,0.002457168492872157,0.016022907296856886,0.004805075527899541,0.1,630,2.0
1,0,4,random,0.04285714285714286,0.9571428571428572,0.00306964564472173,0.002342579669633433,0.00014351669058339697,0.1,630,3.0
1,0,4,random_normmatched,0.04285714285714286,0.9571428571428572,0.028137781463014745,0.028738183066392427,0.004709484738082424,0.1,630,3.0
1,0,4,random,0.04285714285714286,0.9571428571428572,0.0005246460620058244,0.0024978450311162487,0.001760888599897293,0.1,630,4.0
1,0,4,random_normmatched,0.045714285714285714,0.9571428571428572,0.006772060412192147,0.011366685260084868,0.007865418400454696,0.1,630,4.0
1,0,4,random,0.04285714285714286,0.9571428571428572,0.0007110695163825752,0.004118023074355006,-0.00016276097409344338,0.1,630,5.0
1,0,4,random_normmatched,0.04285714285714286,0.9571428571428572,0.00972206850265496,0.01881587652751111,0.0029596875089535563,0.1,630,5.0
1,0,4,random,0.04285714285714286,0.9571428571428572,0.0003202186231563718,0.0027677587152405854,-0.0008227941829813701,0.1,630,6.0
1,0,4,random_normmatched,0.045714285714285714,0.9571428571428572,0.010741599801025714,0.027147058029289038,-0.0008791142691414333,0.1,630,6.0
1,0,4,random,0.04285714285714286,0.9571428571428572,0.0012629155167522745,0.0028397576982734166,-5.1139391133309395e-05,0.1,630,7.0
1,0,4,random_normmatched,0.05714285714285714,0.9571428571428572,0.01388582739278765,0.03288889186538043,0.009936015583357998,0.1,630,7.0
1,0,4,random,0.04285714285714286,0.9571428571428572,0.00028538873631268614,-0.0003546017253538374,0.00032559291261287246,0.1,630,8.0
1,0,4,random_normmatched,0.04285714285714286,0.9571428571428572,0.006550994934972665,0.012419727223226573,-0.0007471765819129195,0.1,630,8.0
1,0,4,random,0.04285714285714286,0.9571428571428572,-0.0013017546314179089,-0.0018390811692382033,0.0005174384821383457,0.1,630,9.0
1,0,4,random_normmatched,0.04285714285714286,0.9571428571428572,-0.0014812123583416012,-0.0007279675535508057,0.005867576633571892,0.1,630,9.0
1,0,4,random,0.04285714285714286,0.9571428571428572,0.0006269055824725021,0.0028208220278352412,-0.0004501805925337908,0.1,630,10.0
1,0,4,random_normmatched,0.04285714285714286,0.9571428571428572,0.01437160721461892,0.02123517909580821,0.001761996271498098,0.1,630,10.0
1,0,4,random,0.04285714285714286,0.9571428571428572,0.0007349445258511331,0.0014178764265138245,-0.0004198579683252921,0.1,630,11.0
1,0,4,random_normmatched,0.04285714285714286,0.9571428571428572,0.011102401196415883,0.01416864666899267,-0.0032398925152224375,0.1,630,11.0
1,0,4,random,0.04285714285714286,0.9571428571428572,-2.1092276343513936e-05,-0.0002027481161802251,-0.0007796812709980116,0.1,630,12.0
1,0,4,random_normmatched,0.04285714285714286,0.9571428571428572,0.003831965568458319,0.005376692146315955,0.0017274636165804048,0.1,630,12.0
1,0,4,random,0.04285714285714286,0.9571428571428572,0.000789609265563046,0.0017759874803136217,0.0006794270109746102,0.1,630,13.0
1,0,4,random_normmatched,0.04857142857142857,0.9571428571428572,0.015386715686362308,0.02013636067583897,0.0029032035645506038,0.1,630,13.0
1,0,4,random,0.04285714285714286,0.9571428571428572,0.0012683629443169817,0.0018337391166015494,-0.0004689564302639828,0.1,630,14.0
1,0,4,random_normmatched,0.04857142857142857,0.9571428571428572,0.0060473331167363925,0.019362536085363622,-0.0019638511915076556,0.1,630,14.0
1,0,4,random,0.04285714285714286,0.9571428571428572,0.0009968051912148195,0.001972433093978913,-0.00025406985889222193,0.1,630,15.0
1,0,4,random_normmatched,0.04285714285714286,0.9571428571428572,0.012207092535086039,0.013844572122453963,0.0005427310802306505,0.1,630,15.0
1,0,4,random,0.04285714285714286,0.9571428571428572,0.0009745655494590489,0.000747051819619299,-0.0006078236385912603,0.1,630,16.0
1,0,4,random_normmatched,0.04285714285714286,0.9571428571428572,0.008690964267777707,0.008224571062306932,-0.0006494439081411718,0.1,630,16.0
1,0,4,random,0.04285714285714286,0.9571428571428572,0.0011255945029234114,0.003043724549693961,-0.0005578173534953689,0.1,630,17.0
1,0,4,random_normmatched,0.04285714285714286,0.9571428571428572,0.026369302053405288,0.03404027255532361,-0.0008884253009958389,0.1,630,17.0
1,0,4,random,0.04285714285714286,0.9571428571428572,0.0016873585953336673,0.0033423666199145505,-0.0007540302477826334,0.1,630,18.0
1,0,4,random_normmatched,0.04285714285714286,0.9571428571428572,0.025645467549672375,0.027278430861272015,0.0018140506104603275,0.1,630,18.0
1,0,4,random,0.04285714285714286,0.9571428571428572,-0.0007349331056199488,0.0018448102463264682,0.0007271543303668331,0.1,630,19.0
1,0,4,random_normmatched,0.04857142857142857,0.9571428571428572,0.005242602095397439,0.0227035145880141,0.006191934313079104,0.1,630,19.0
1,0,4,random,0.04285714285714286,0.9571428571428572,9.433606856884526e-05,0.0010175801032690573,0.001320514903698342,0.1,630,20.0
1,0,4,random_normmatched,0.04285714285714286,0.9571428571428572,0.003403231080420689,0.006350463565759886,0.0030266109409432095,0.1,630,20.0
1,0,4,random,0.04285714285714286,0.9571428571428572,0.0005481996017963805,0.0010098166083271204,-0.0003188445028242401,0.1,630,21.0
1,0,4,random_normmatched,0.045714285714285714,0.9571428571428572,0.004082702700197747,0.013700994236399276,0.0006460459117569102,0.1,630,21.0
1,0,4,random,0.04285714285714286,0.9571428571428572,0.00039869756742145194,0.0007221172609373388,-0.00035156828480881436,0.1,630,22.0
1,0,4,random_normmatched,0.04285714285714286,0.9571428571428572,0.008236445425651643,0.013608946296374647,-0.0026267432233294643,0.1,630,22.0
1,0,4,random,0.04285714285714286,0.9571428571428572,0.0011783284528307208,-0.0006776476605047544,-0.001206515401641549,0.1,630,23.0
1,0,4,random_normmatched,0.04285714285714286,0.9571428571428572,0.014754809757704464,0.01902864665824254,-0.002998615349560943,0.1,630,23.0
1,0,4,random,0.04285714285714286,0.9571428571428572,0.00019578827960820529,-0.0011940712536298672,-0.000995204180676657,0.1,630,24.0
1,0,4,random_normmatched,0.04285714285714286,0.9571428571428572,0.007063661074749156,0.0042182329113072264,-0.007549388383733673,0.1,630,24.0
1,0,4,random,0.04285714285714286,0.9571428571428572,0.0015046888683609208,0.001443485045096555,-0.00028013727141317423,0.1,630,25.0
1,0,4,random_normmatched,0.04285714285714286,0.9571428571428572,0.00978424795353598,0.017101281319670855,0.005545741203036892,0.1,630,25.0
1,0,4,random,0.04285714285714286,0.9571428571428572,0.0008837953407806175,0.002337733406537721,-0.0005570328781318259,0.1,630,26.0
1,0,4,random_normmatched,0.04285714285714286,0.9571428571428572,0.01618225248572218,0.026352169779546786,0.003950487320086215,0.1,630,26.0
1,0,4,random,0.04285714285714286,0.9571428571428572,0.0009580893513088437,0.0023893756250157995,0.0,0.1,630,27.0
1,0,4,random_normmatched,0.04285714285714286,0.9571428571428572,0.016840874602432433,0.032863694231880215,-0.0010253803185541204,0.1,630,27.0
1,0,4,random,0.04285714285714286,0.9571428571428572,0.0012470292983723704,0.004060451026246081,-0.0004894288715356245,0.1,630,28.0
1,0,4,random_normmatched,0.04285714285714286,0.9571428571428572,0.012944921412608345,0.022631749699582586,0.0021357980706747694,0.1,630,28.0
1,0,4,random,0.04285714285714286,0.9571428571428572,0.0015343326751397503,0.002042667491385745,-0.00028510017257519897,0.1,630,29.0
1,0,4,random_normmatched,0.04285714285714286,0.9571428571428572,0.01208114063155134,0.027337730293275152,-0.0013919403732235726,0.1,630,29.0
1,0,4,random,0.04285714285714286,0.9571428571428572,0.00015260159210044204,-0.0002854190361943324,0.00043204910461547627,0.1,630,30.0
1,0,4,random_normmatched,0.04285714285714286,0.9571428571428572,0.005600871587688167,0.007265799611718337,-0.002469859310300936,0.1,630,30.0
1,0,4,random,0.04285714285714286,0.9571428571428572,0.0022269535102125313,0.004402980270120357,-0.0003695407690705507,0.1,630,31.0
1,0,4,random_normmatched,0.04285714285714286,0.9571428571428572,0.01763487441613696,0.03659846865742412,-0.0054931146300581215,0.1,630,31.0
1,0,4,random,0.04285714285714286,0.9571428571428572,0.001418147046632878,0.0032488533632758754,-0.001652993618415706,0.1,630,32.0
1,0,4,random_normmatched,0.045714285714285714,0.9571428571428572,0.0036453061031981792,0.014241849307628191,-0.004233924318602805,0.1,630,32.0
1,0,4,random,0.04285714285714286,0.9571428571428572,0.0009093726058852944,0.0026893875407590913,0.0007067561624606309,0.1,630,33.0
1,0,4,random_normmatched,0.04285714285714286,0.9571428571428572,0.013526387191514928,0.018618407753257505,0.004174964645102773,0.1,630,33.0
1,0,4,random,0.04285714285714286,0.9571428571428572,0.0005711453429343172,0.00036477168684431375,-0.0003887867133751699,0.1,630,34.0
1,0,4,random_normmatched,0.04285714285714286,0.9571428571428572,0.009669722302737353,0.01953745251415241,0.0008560120788135648,0.1,630,34.0
1,0,4,random,0.04285714285714286,0.9571428571428572,0.0008452717756970428,0.0019143528738152038,-0.0005691487270273019,0.1,630,35.0
1,0,4,random_normmatched,0.045714285714285714,0.9571428571428572,0.008289305489524864,0.017003501643100143,-0.001853722915908833,0.1,630,35.0
1,0,4,random,0.04285714285714286,0.9571428571428572,0.000273628669877688,-0.0002947598608760925,0.0010116012252546229,0.1,630,36.0
1,0,4,random_normmatched,0.04285714285714286,0.9571428571428572,0.0027702060771662256,0.008839605809164881,0.0026652914034411145,0.1,630,36.0
1,0,4,random,0.04285714285714286,0.9571428571428572,0.0008255978964388692,0.0010173038899077096,-0.0010371422820738873,0.1,630,37.0
1,0,4,random_normmatched,0.04,0.9571428571428572,0.008522510863288433,0.01475627524854071,-0.002645616345770584,0.08,630,37.0
1,0,4,random,0.04285714285714286,0.9571428571428572,0.0004990867334048484,0.0017923607372593655,-0.0003868443964981115,0.1,630,38.0
1,0,4,random_normmatched,0.04285714285714286,0.9571428571428572,0.009336151209246572,0.011680717596849242,0.0008811544172996484,0.1,630,38.0
1,0,4,random,0.04285714285714286,0.9571428571428572,0.0018933471978825052,0.00533843308520746,-0.00016200394157162698,0.1,630,39.0
1,0,4,random_normmatched,0.04285714285714286,0.9571428571428572,0.02634157540270193,0.028684110825311537,0.00333150654600763,0.1,630,39.0
1,0,4,random,0.04285714285714286,0.9571428571428572,0.0011792235549905109,0.001875244210269984,0.00029197946722359276,0.1,630,40.0
1,0,4,random_normmatched,0.04285714285714286,0.9571428571428572,0.019108466563081596,0.023025143177076168,0.002793206599813298,0.1,630,40.0
1,0,4,random,0.04285714285714286,0.9571428571428572,0.0027233013943452258,0.0046912478552005935,0.0008676236294359908,0.1,630,41.0
1,0,4,random_normmatched,0.04285714285714286,0.9571428571428572,0.024109097765694292,0.027116202038656424,0.004181852271814148,0.1,630,41.0
1,0,4,random,0.04285714285714286,0.9571428571428572,-0.0009140700796838192,-0.0019320415318118457,0.0003363882328601866,0.1,630,42.0
1,0,4,random_normmatched,0.05142857142857143,0.9571428571428572,-0.012407513621420388,-0.009830366900349642,-0.0012194012132781336,0.1,630,42.0
1,0,4,random,0.04285714285714286,0.9571428571428572,0.0010935331131112734,0.0005036121300065325,0.00019702710478495996,0.1,630,43.0
1,0,4,random_normmatched,0.045714285714285714,0.9571428571428572,0.012284680246017941,0.01306892430059555,0.003055652233300772,0.08,630,43.0
1,0,4,random,0.04285714285714286,0.9571428571428572,5.736270211254181e-05,0.0003995649694248529,-0.0007002702608392537,0.1,630,44.0
1,0,4,random_normmatched,0.04285714285714286,0.9571428571428572,0.001835860544262987,-0.005904444494832833,-0.0035247975875108916,0.1,630,44.0
1,0,4,random,0.04285714285714286,0.9571428571428572,0.0009070378032845303,0.0007290947970823792,-0.0007127010632055307,0.1,630,45.0
1,0,4,random_normmatched,0.05714285714285714,0.9571428571428572,0.015255960786431983,0.023728812497107035,0.009674533262298174,0.1,630,45.0
1,0,4,random,0.04285714285714286,0.9571428571428572,0.00010951104931256127,-0.00040500540115091354,0.0,0.1,630,46.0
1,0,4,random_normmatched,0.04285714285714286,0.9571428571428572,0.00025020356474236713,0.007466027607114674,-0.0007915652741676381,0.1,630,46.0
1,0,4,random,0.04285714285714286,0.9571428571428572,0.00015506783117842204,0.000811485397079735,0.0009098195050696314,0.1,630,47.0
1,0,4,random_normmatched,0.054285714285714284,0.9571428571428572,0.007561967344413816,0.01575057218479613,0.009195686476974425,0.1,630,47.0
1,0,4,random,0.04285714285714286,0.9571428571428572,-3.277015883509956e-05,-0.0007483764593703068,0.000491571291035336,0.1,630,48.0
1,0,4,random_normmatched,0.05714285714285714,0.9571428571428572,0.009393917063932562,0.005518825014972919,0.005408511835389623,0.1,630,48.0
1,0,4,random,0.04285714285714286,0.9571428571428572,-0.00021147872020238313,0.0023805810954524156,8.374215931084056e-05,0.1,630,49.0
1,0,4,random_normmatched,0.04285714285714286,0.9571428571428572,0.027352545126002045,0.025621464830715524,0.0005429007050601867,0.1,630,49.0
1,0,4,random,0.04285714285714286,0.9571428571428572,-0.00032740416089125626,0.00017003831689000503,-0.000731985147697754,0.1,630,50.0
1,0,4,random_normmatched,0.045714285714285714,0.9571428571428572,-0.011206089527922984,-0.008507417664537473,-0.00046275434905168925,0.1,630,50.0
1,0,4,random,0.04285714285714286,0.9571428571428572,-0.00012511898691775693,-0.0011686180454812936,-0.0010812812037308708,0.1,630,51.0
1,0,4,random_normmatched,0.04285714285714286,0.9571428571428572,-0.0030889343018959195,-0.0027492100733335434,-0.011305783963056343,0.1,630,51.0
1,0,4,random,0.04285714285714286,0.9571428571428572,0.000697361346372306,0.0028157433838753823,-0.0010693406187070864,0.1,630,52.0
1,0,4,random_normmatched,0.04285714285714286,0.9571428571428572,0.009592237845402259,0.012608987801636794,-0.009727221582053936,0.1,630,52.0
1,0,4,random,0.04285714285714286,0.9571428571428572,0.002276687421665475,0.004050630863895225,0.0009223090653865483,0.1,630,53.0
1,0,4,random_normmatched,0.04285714285714286,0.9571428571428572,0.016669633172956586,0.025241288031048744,-0.0016428978236798833,0.1,630,53.0
1,0,4,random,0.04285714285714286,0.9571428571428572,0.001211172582692417,0.002312741848626404,0.0009390823014860539,0.1,630,54.0
1,0,4,random_normmatched,0.04285714285714286,0.9571428571428572,0.015476612002644474,0.017194903444058326,0.005389283585581068,0.1,630,54.0
1,0,4,random,0.04285714285714286,0.9571428571428572,0.0007733841595087655,0.0010482854808527664,-0.0007676961776890901,0.1,630,55.0
1,0,4,random_normmatched,0.04857142857142857,0.9571428571428572,0.005912408809516741,0.007644009500806611,-0.0007447751510111579,0.08,630,55.0
1,0,4,random,0.04285714285714286,0.9571428571428572,0.003698884376189339,0.004660009616064087,-0.00011534784855444319,0.1,630,56.0
1,0,4,random_normmatched,0.04857142857142857,0.9571428571428572,0.03484152374498124,0.048420009777641194,-0.0026843271051357584,0.1,630,56.0
1,0,4,random,0.04285714285714286,0.9571428571428572,0.0001935648842027735,0.0013573601453833887,5.239273594867124e-06,0.1,630,57.0
1,0,4,random_normmatched,0.04285714285714286,0.9571428571428572,0.003444876755043849,0.009303216319570847,0.002101178160611486,0.1,630,57.0
1,0,4,random,0.04285714285714286,0.9571428571428572,0.0007819302819137645,0.0040399158382504905,-0.00011853598196194065,0.1,630,58.0
1,0,4,random_normmatched,0.04285714285714286,0.9571428571428572,0.009481101595405998,0.02247721049128576,-0.001469338248636672,0.1,630,58.0
1,0,4,random,0.04285714285714286,0.9571428571428572,0.0007974922637945586,0.0017231725368773907,4.7690823748149464e-05,0.1,630,59.0
1,0,4,random_normmatched,0.045714285714285714,0.9571428571428572,0.007233629195843833,0.014705897250138612,-0.00102108768596825,0.1,630,59.0
1,0,4,random,0.04285714285714286,0.9571428571428572,0.0016878119336089213,0.0011709929143531043,0.0002736664846307248,0.1,630,60.0
1,0,4,random_normmatched,0.054285714285714284,0.9571428571428572,0.004464639062771179,0.008010373917690168,-0.0010962593841158934,0.1,630,60.0
1,0,4,random,0.04285714285714286,0.9571428571428572,0.0019250788552610074,0.0029002971376496005,-2.3839192868117707e-05,0.1,630,61.0
1,0,4,random_normmatched,0.054285714285714284,0.9571428571428572,0.021664607080617494,0.038198273493927175,0.004875135634770727,0.1,630,61.0
1,0,4,random,0.04285714285714286,0.9571428571428572,0.00011000210966487315,5.2131553251253566e-05,-5.761711565173379e-05,0.1,630,62.0
1,0,4,random_normmatched,0.04857142857142857,0.9571428571428572,0.0019035022679357429,0.007387620114230066,-8.020132533844652e-05,0.1,630,62.0
1,0,4,random,0.04285714285714286,0.9571428571428572,0.00033120731112228573,0.00023628372226263517,-0.00016792637145652612,0.1,630,63.0
1,0,4,random_normmatched,0.04285714285714286,0.9571428571428572,0.011794336705908206,0.01504137748625409,0.0028143889002973134,0.1,630,63.0
1,0,4,random,0.04285714285714286,0.9571428571428572,-3.4180220638749656e-05,-0.000500697646470161,0.0008205592314477501,0.1,630,64.0
1,0,4,random_normmatched,0.06857142857142857,0.9571428571428572,0.010112188373675864,0.014448648484688052,0.010398799345129129,0.1,630,64.0
1,0,4,random,0.04285714285714286,0.9571428571428572,0.0016739348722340853,0.00429678804257198,0.0007620206230031653,0.1,630,65.0
1,0,4,random_normmatched,0.045714285714285714,0.9571428571428572,0.017318050926993893,0.024288665068285333,0.006431278942255672,0.1,630,65.0
1,0,4,random,0.04285714285714286,0.9571428571428572,0.0015876331539824982,0.0005108200007486483,-0.0009049276296202386,0.1,630,66.0
1,0,4,random_normmatched,0.04285714285714286,0.9571428571428572,0.02207298661330683,0.016028685432183477,0.0008921171520128278,0.1,630,66.0
1,0,4,random,0.04285714285714286,0.9571428571428572,-0.0002961555426973841,-0.00015136089547380664,0.0009325583077282112,0.1,630,67.0
1,0,4,random_normmatched,0.045714285714285714,0.9571428571428572,-0.008431436020038837,0.001318009094112621,0.011322905977590513,0.1,630,67.0
1,0,4,random,0.04285714285714286,0.9571428571428572,0.0016136374429855484,0.000381280927213854,-0.0008017461967271017,0.1,630,68.0
1,0,4,random_normmatched,0.04285714285714286,0.9571428571428572,0.019971707922587716,0.020117477105883824,-0.005563449888047408,0.1,630,68.0
1,0,4,random,0.04285714285714286,0.9571428571428572,0.0007220249702409695,0.0016163499685835246,-0.0005133372171870075,0.1,630,69.0
1,0,4,random_normmatched,0.04285714285714286,0.9571428571428572,0.007997709212241876,0.010109836264599083,-0.011550335019328624,0.1,630,69.0
1,0,4,random,0.04285714285714286,0.9571428571428572,0.001245808310272499,0.001509147828741559,-0.0012965093809377208,0.1,630,70.0
1,0,4,random_normmatched,0.045714285714285714,0.9571428571428572,0.004303030401951679,0.0044025316157075434,-0.007945612953271716,0.1,630,70.0
1,0,4,random,0.04285714285714286,0.9571428571428572,0.001247073086456589,0.0012649615158658255,0.0004897260603439627,0.1,630,71.0
1,0,4,random_normmatched,0.054285714285714284,0.9571428571428572,0.018218212778014487,0.025642471183054637,0.005860340224920153,0.1,630,71.0
1,0,4,random,0.04285714285714286,0.9571428571428572,0.00333454194527626,0.0050861008061350455,-0.0006111459373432668,0.1,630,72.0
1,0,4,random_normmatched,0.054285714285714284,0.9571428571428572,0.013354412649434782,0.03429119442849876,0.0033601117658852903,0.1,630,72.0
1,0,4,random,0.04285714285714286,0.9571428571428572,0.0004547429595847787,0.0014207012571012003,-0.00259629208240526,0.1,630,73.0
1,0,4,random_normmatched,0.054285714285714284,0.9571428571428572,0.007999247492476852,0.017884713091052558,-0.0051810804240776265,0.1,630,73.0
1,0,4,random,0.04285714285714286,0.9571428571428572,9.233250827377144e-05,0.00195414068705947,-0.000638863386874352,0.1,630,74.0
1,0,4,random_normmatched,0.04285714285714286,0.9571428571428572,0.0028251851993340146,0.007945999664421844,-0.009116753827144457,0.1,630,74.0
1,0,4,random,0.04285714285714286,0.9571428571428572,0.0009318740554747428,0.0003509329122280804,-0.0003155206918946402,0.1,630,75.0
1,0,4,random_normmatched,0.04285714285714286,0.9571428571428572,0.014775408706869875,0.021527649909626616,0.002951671213189025,0.1,630,75.0
1,0,4,random,0.04285714285714286,0.9571428571428572,0.0019676260655462465,0.003401916000833007,0.0010238436311545145,0.1,630,76.0
1,0,4,random_normmatched,0.06571428571428571,0.9571428571428572,0.016523186551045826,0.016350591237959684,0.010559620068168248,0.1,630,76.0
1,0,4,random,0.04285714285714286,0.9571428571428572,0.0001444067712015465,0.0015625056152826972,0.0005800923438513422,0.1,630,77.0
1,0,4,random_normmatched,0.04285714285714286,0.9571428571428572,0.00810159405424894,0.020279005267017983,0.0010634437048143868,0.1,630,77.0
1,0,4,random,0.04285714285714286,0.9571428571428572,0.0023565371672565048,0.005097004410790743,0.0006702813626247859,0.1,630,78.0
1,0,4,random_normmatched,0.04285714285714286,0.9571428571428572,0.016128726721650687,0.020873705779408062,0.0013881649593794902,0.1,630,78.0
1,0,4,random,0.04285714285714286,0.9571428571428572,0.00015966775122249263,0.0016635570308742977,0.0006418377148289614,0.1,630,79.0
1,0,4,random_normmatched,0.04285714285714286,0.9571428571428572,0.010291640028139674,0.018947400039571034,0.0033918091992439113,0.1,630,79.0
1,0,4,random,0.04285714285714286,0.9571428571428572,0.0014722037806321592,0.0011694041756485484,0.00026300453047926225,0.1,630,80.0
1,0,4,random_normmatched,0.04285714285714286,0.9571428571428572,0.013293017843244546,0.014591993949003674,0.0005266857771794505,0.1,630,80.0
1,0,4,random,0.04285714285714286,0.9571428571428572,-0.0002781303759326608,-0.0015674421877326487,-0.0006656679141046056,0.1,630,81.0
1,0,4,random_normmatched,0.045714285714285714,0.9571428571428572,0.002766563377386773,0.006184156891005579,0.0030861806805412757,0.1,630,81.0
1,0,4,random,0.04285714285714286,0.9571428571428572,-0.0001433013907860701,-0.0008660193261127101,-0.0008315754120723468,0.1,630,82.0
1,0,4,random_normmatched,0.04285714285714286,0.9571428571428572,0.008145589850073642,0.017055566642252922,0.00042800931454142847,0.1,630,82.0
1,0,4,random,0.04285714285714286,0.9571428571428572,-0.0020304122707624677,0.0004592064079678747,0.0004956847156460113,0.1,630,83.0
1,0,4,random_normmatched,0.04285714285714286,0.9571428571428572,-0.012241762184871146,-0.004667276625934691,0.0062282872411597336,0.1,630,83.0
1,0,4,random,0.04285714285714286,0.9571428571428572,0.000415027523069204,-0.0003739830945168106,-0.00011911728468485725,0.1,630,84.0
1,0,4,random_normmatched,0.04857142857142857,0.9571428571428572,0.009318499884059311,0.01071657287346574,0.0033604037307198775,0.1,630,84.0
1,0,4,random,0.04285714285714286,0.9571428571428572,0.0025897018685983133,0.0019508292913436012,-1.7089487539558487e-05,0.1,630,85.0
1,0,4,random_normmatched,0.04285714285714286,0.9571428571428572,0.02226188669043026,0.0285698682239534,-0.0002689317805566473,0.1,630,85.0
1,0,4,random,0.04285714285714286,0.9571428571428572,0.000856319312266809,0.003624006071526969,0.0005640920332491094,0.1,630,86.0
1,0,4,random_normmatched,0.04285714285714286,0.9571428571428572,0.00395711184097909,0.007307253833050956,-0.0022891905522678404,0.1,630,86.0
1,0,4,random,0.04285714285714286,0.9571428571428572,0.0008530137447817989,0.0026644675454201884,-0.00010995665135134886,0.1,630,87.0
1,0,4,random_normmatched,0.04285714285714286,0.9571428571428572,0.016321411970799782,0.024462770024775465,0.0037900675736633454,0.1,630,87.0
1,0,4,random,0.04285714285714286,0.9571428571428572,0.0,-0.00021178295724471257,-0.00014194310986562718,0.1,630,88.0
1,0,4,random_normmatched,0.04285714285714286,0.9571428571428572,0.0009442986870707129,0.02502360618771332,-0.003601468322043956,0.1,630,88.0
1,0,4,random,0.04285714285714286,0.9571428571428572,0.0006688505384867615,0.0015664944756611627,-0.0013380042846067356,0.1,630,89.0
1,0,4,random_normmatched,0.045714285714285714,0.9571428571428572,0.014235931290028418,0.019023915276685132,-0.003989704604276696,0.1,630,89.0
1,0,4,random,0.04285714285714286,0.9571428571428572,-0.000477957775149487,-0.00045939805185311346,-0.0006895817838099337,0.1,630,90.0
1,0,4,random_normmatched,0.04285714285714286,0.9571428571428572,0.0030598374552909527,0.007021737286265038,0.00014405659788196897,0.1,630,90.0
1,0,4,random,0.04285714285714286,0.9571428571428572,-0.00033404694761572694,0.00038721102680907605,-0.00029015764403917326,0.1,630,91.0
1,0,4,random_normmatched,0.05142857142857143,0.9571428571428572,-0.009992390122658436,-0.0027664046096518126,1.5271804431069137e-05,0.1,630,91.0
1,0,4,random,0.04285714285714286,0.9571428571428572,0.0005487041674973664,4.553183198451176e-05,-0.00045186075118036905,0.1,630,92.0
1,0,4,random_normmatched,0.04285714285714286,0.9571428571428572,0.020672044325494056,0.025444018315732037,-0.0038728325292817015,0.1,630,92.0
1,0,4,random,0.04285714285714286,0.9535714285714286,0.00016440148103262264,0.0015115980223281886,0.0008355261070828093,0.1,630,93.0
1,0,4,random_normmatched,0.054285714285714284,0.9571428571428572,0.007287075231659596,0.013778768516292419,0.002304457613432423,0.1,630,93.0
1,0,4,random,0.04285714285714286,0.9571428571428572,-6.816271887661583e-05,0.0020217854752689573,-0.0007841307890251219,0.1,630,94.0
1,0,4,random_normmatched,0.04285714285714286,0.9571428571428572,0.012961898808741063,0.013205996909846779,0.0008055550381381957,0.1,630,94.0
1,0,4,random,0.04285714285714286,0.9571428571428572,0.0029190360629897105,0.0038804581379785702,0.0003390058790033044,0.1,630,95.0
1,0,4,random_normmatched,0.04285714285714286,0.9571428571428572,0.031093267714283602,0.039645554996072675,0.0036733513870882057,0.1,630,95.0
1,0,4,random,0.04285714285714286,0.9571428571428572,0.00040278165203027803,0.0010471057679380513,0.0012997632447350157,0.1,630,96.0
1,0,4,random_normmatched,0.04285714285714286,0.9571428571428572,0.022174298486629905,0.01763127261541924,0.009246011634321698,0.1,630,96.0
1,0,4,random,0.04285714285714286,0.9571428571428572,-0.00016814385801234568,0.0018239028395362253,0.0010465677742467969,0.1,630,97.0
1,0,4,random_normmatched,0.04285714285714286,0.9571428571428572,0.001475675534045269,0.0015008295357739636,0.004900343875295631,0.1,630,97.0
1,0,4,random,0.04285714285714286,0.9571428571428572,-0.00026965698736080776,0.00027488695019069464,-0.00022287063830473227,0.1,630,98.0
1,0,4,random_normmatched,0.045714285714285714,0.9571428571428572,0.0028967944068850576,0.008947050452344616,-0.0002191338694397826,0.1,630,98.0
1,0,4,random,0.04285714285714286,0.9571428571428572,0.000219965440239,0.0011602474732004648,0.00027088527983637934,0.1,630,99.0
1,0,4,random_normmatched,0.045714285714285714,0.9571428571428572,0.008169924533896098,0.0010194269274290972,0.006841893088878922,0.1,630,99.0
1,0,4,shuffled_labels,0.12,0.9535714285714286,0.28444462501390494,0.33591069044809185,0.07913814250101421,0.1,630,
1,1,0,random,0.03571428571428571,0.9642857142857143,3.7851310044963467e-06,-6.675398348861526e-05,0.001735577119897815,0.08333333333333333,924,0.0
1,1,0,random_normmatched,0.05555555555555555,0.9642857142857143,0.0062126543846025995,0.010465338052605294,0.008470993099962056,0.08333333333333333,924,0.0
1,1,0,random,0.03571428571428571,0.9642857142857143,-0.0007722577987260206,-0.006052361780032442,0.0007640637305794213,0.08333333333333333,924,1.0
1,1,0,random_normmatched,0.03571428571428571,0.9642857142857143,0.001742072783824403,-0.0046511923671581565,0.0022037243597260226,0.08333333333333333,924,1.0
1,1,0,random,0.03571428571428571,0.9642857142857143,-0.0005518008985420009,-0.0016354669893996615,3.4016918199778235e-05,0.08333333333333333,924,2.0
1,1,0,random_normmatched,0.03571428571428571,0.9642857142857143,0.00504787182095117,0.010132505892554886,0.0010847711161492879,0.08333333333333333,924,2.0
1,1,0,random,0.03571428571428571,0.9642857142857143,0.00019249664180369657,0.00014887710613143706,0.0004901278899400829,0.08333333333333333,924,3.0
1,1,0,random_normmatched,0.03571428571428571,0.9642857142857143,0.0038121388276284216,0.009437481159949263,0.003977591149568196,0.08333333333333333,924,3.0
1,1,0,random,0.03571428571428571,0.9642857142857143,0.00039426706072429756,0.001387547832999875,-0.00042662404642252957,0.08333333333333333,924,4.0
1,1,0,random_normmatched,0.03571428571428571,0.9642857142857143,0.02852224493669551,0.021359882498664547,-0.007200678366449462,0.08333333333333333,924,4.0
1,1,0,random,0.03571428571428571,0.9642857142857143,0.00017506535286197588,-0.0014444867705554207,0.0007594900517986964,0.08333333333333333,924,5.0
1,1,0,random_normmatched,0.03571428571428571,0.9642857142857143,0.0036911814202522054,0.006590787910444164,-0.0030173880731277475,0.08333333333333333,924,5.0
1,1,0,random,0.03571428571428571,0.9642857142857143,0.0012775717240069012,0.002136974896446272,-0.00021398952417205923,0.08333333333333333,924,6.0
1,1,0,random_normmatched,0.03571428571428571,0.9642857142857143,0.022598553570974487,0.023124043609553762,0.002583097214765652,0.08333333333333333,924,6.0
1,1,0,random,0.03571428571428571,0.9642857142857143,-0.0001704823828204942,-0.0009125335674298522,0.0007131091559545125,0.08333333333333333,924,7.0
1,1,0,random_normmatched,0.041666666666666664,0.9642857142857143,-0.0034393193216612334,0.008392756700934938,-0.001718538708541061,0.08333333333333333,924,7.0
1,1,0,random,0.03571428571428571,0.9642857142857143,0.0009582905590142826,0.001298645601544443,0.0011878720026842554,0.08333333333333333,924,8.0
1,1,0,random_normmatched,0.04365079365079365,0.9642857142857143,0.024844041457738324,0.03130877803251287,0.009921251175394798,0.08333333333333333,924,8.0
1,1,0,random,0.03571428571428571,0.9642857142857143,-3.359088418987316e-05,0.0009230065624641064,0.0011578276328134776,0.08333333333333333,924,9.0
1,1,0,random_normmatched,0.03571428571428571,0.9642857142857143,0.010892861111510147,0.015016608600046812,0.0067037297728166885,0.08333333333333333,924,9.0
1,1,0,random,0.03571428571428571,0.9642857142857143,0.0004178337861150742,0.0006760339269860917,0.0009547534669356483,0.08333333333333333,924,10.0
1,1,0,random_normmatched,0.03571428571428571,0.9642857142857143,0.011165816743564606,0.01677224647298732,0.007016917001629732,0.08333333333333333,924,10.0
1,1,0,random,0.03571428571428571,0.9642857142857143,-0.0009115504605360708,-0.001500801308248477,0.0002650572510976381,0.08333333333333333,924,11.0
1,1,0,random_normmatched,0.037698412698412696,0.9642857142857143,0.003360089382164114,0.00961513935179533,0.0015277862713197281,0.08333333333333333,924,11.0
1,1,0,random,0.03571428571428571,0.9642857142857143,-0.00029303925067616763,-0.00039744736119551115,0.0012964877018032377,0.08333333333333333,924,12.0
1,1,0,random_normmatched,0.03571428571428571,0.9642857142857143,0.005891001262602967,0.014395360279730528,0.007994346669539139,0.08333333333333333,924,12.0
1,1,0,random,0.03571428571428571,0.9642857142857143,0.0023150971703686683,0.0035058597871924268,0.0016725428171783098,0.08333333333333333,924,13.0
1,1,0,random_normmatched,0.03571428571428571,0.9642857142857143,0.05099829683372588,0.05410209905312749,0.009248457962261121,0.08333333333333333,924,13.0
1,1,0,random,0.03571428571428571,0.9642857142857143,-0.0001417912099781013,-0.000526446885067837,0.0012312479781847355,0.08333333333333333,924,14.0
1,1,0,random_normmatched,0.03571428571428571,0.9642857142857143,0.00342234346537334,0.014590352754959568,-0.0011833316876223021,0.08333333333333333,924,14.0
1,1,0,random,0.03571428571428571,0.9642857142857143,-0.0006097847315851808,-5.942289635727844e-05,0.00029195558775638153,0.08333333333333333,924,15.0
1,1,0,random_normmatched,0.03571428571428571,0.9642857142857143,0.006618789763389199,0.009386220063154661,0.00022921502024911508,0.08333333333333333,924,15.0
1,1,0,random,0.03571428571428571,0.9642857142857143,0.0011172782767173244,0.0016151992823226174,0.0002792109841259769,0.08333333333333333,924,16.0
1,1,0,random_normmatched,0.03571428571428571,0.9642857142857143,0.006668842428403187,0.02930684060564341,0.0019423703516689755,0.08333333333333333,924,16.0
1,1,0,random,0.03571428571428571,0.9642857142857143,-0.0015286068599814412,-0.0001082569801263779,0.0014915811560404866,0.08333333333333333,924,17.0
1,1,0,random_normmatched,0.04563492063492063,0.9619047619047619,-0.009410297995661482,-0.0038514422171444527,0.011498767171466081,0.08333333333333333,924,17.0
1,1,0,random,0.03571428571428571,0.9642857142857143,0.0005673314404294929,0.002019126622162398,0.0009539109634541301,0.08333333333333333,924,18.0
1,1,0,random_normmatched,0.03571428571428571,0.9642857142857143,0.015283118298144101,0.021452092283617746,0.005484077184833453,0.08333333333333333,924,18.0
1,1,0,random,0.03571428571428571,0.9642857142857143,0.00038663904600845197,0.001484158270237375,0.0005704094549246674,0.08333333333333333,924,19.0
1,1,0,random_normmatched,0.03571428571428571,0.9642857142857143,0.011308515706071018,0.01891675952206624,0.005549197758334986,0.08333333333333333,924,19.0
1,1,0,random,0.03571428571428571,0.9642857142857143,-0.0002574535704055168,-0.0019209146894030426,0.0010776222382407525,0.08333333333333333,924,20.0
1,1,0,random_normmatched,0.03571428571428571,0.9642857142857143,0.0031927940685207677,-0.010132791285117343,-0.0014798195264340871,0.08333333333333333,924,20.0
1,1,0,random,0.03571428571428571,0.9642857142857143,-0.0003585402949056402,-0.0013205425780859485,0.0006882117339243236,0.08333333333333333,924,21.0
1,1,0,random_normmatched,0.037698412698412696,0.9642857142857143,0.008818594464421167,0.014898601432240487,0.002687778593269822,0.08333333333333333,924,21.0
1,1,0,random,0.03571428571428571,0.9642857142857143,-0.0007503676882198969,-0.0015118271690635681,-1.60003340371279e-05,0.08333333333333333,924,22.0
1,1,0,random_normmatched,0.03571428571428571,0.9642857142857143,-0.002048834338497384,0.002719308925434281,-0.001979872945231666,0.08333333333333333,924,22.0
1,1,0,random,0.03571428571428571,0.9642857142857143,-0.00014605524539368958,-0.0003724948369041396,2.8926198825144797e-06,0.08333333333333333,924,23.0
1,1,0,random_normmatched,0.03571428571428571,0.9642857142857143,0.005185477430569067,0.013695587690844798,0.0019675138808278765,0.08333333333333333,924,23.0
1,1,0,random,0.03571428571428571,0.9642857142857143,-0.00108681953958042,-0.002431339331805697,0.0019497681631160835,0.08333333333333333,924,24.0
1,1,0,random_normmatched,0.03571428571428571,0.9642857142857143,-0.0012350035200399548,-0.007477014822003114,0.007275095555936251,0.08333333333333333,924,24.0
1,1,0,random,0.03571428571428571,0.9642857142857143,-0.00019013938282724972,0.0009622387483927036,0.0017166751332115021,0.08333333333333333,924,25.0
1,1,0,random_normmatched,0.047619047619047616,0.9642857142857143,0.011918155455991657,0.019807586113359844,0.01586089672196249,0.08333333333333333,924,25.0
1,1,0,random,0.03571428571428571,0.9642857142857143,0.00023407433590080627,-0.001034250115805017,0.00026441460713351087,0.08333333333333333,924,26.0
1,1,0,random_normmatched,0.037698412698412696,0.9642857142857143,0.012957719624073888,0.014889874873796026,-0.002108877948153766,0.08333333333333333,924,26.0
1,1,0,random,0.03571428571428571,0.9642857142857143,-0.0012758987293271162,-0.002496101581032152,0.0002514438873846166,0.08333333333333333,924,27.0
1,1,0,random_normmatched,0.03571428571428571,0.9642857142857143,-0.003333717296364119,0.00043745272698467023,-0.006399040579280369,0.08333333333333333,924,27.0
1,1,0,random,0.03571428571428571,0.9642857142857143,-2.8948316152126788e-05,-0.0004355499880251598,0.00019438016114380305,0.08333333333333333,924,28.0
1,1,0,random_normmatched,0.03571428571428571,0.9642857142857143,0.011408914388893758,0.017075446792027802,0.0019188802474641108,0.08333333333333333,924,28.0
1,1,0,random,0.03571428571428571,0.9642857142857143,3.942447453337048e-05,2.733974058055192e-05,0.0007424640091115147,0.08333333333333333,924,29.0
1,1,0,random_normmatched,0.04563492063492063,0.9642857142857143,0.00111042523319438,0.004614430113924262,0.0017812653692792979,0.08333333333333333,924,29.0
1,1,0,random,0.03571428571428571,0.9642857142857143,-0.00044527173187894104,0.0006287540258262662,0.0005114032378996405,0.08333333333333333,924,30.0
1,1,0,random_normmatched,0.037698412698412696,0.9642857142857143,0.004607245538471047,0.015421281946261979,-0.005825648133043373,0.08333333333333333,924,30.0
1,1,0,random,0.03571428571428571,0.9642857142857143,-0.0005647102819062822,-0.0009841156094112407,0.0003664569374421479,0.08333333333333333,924,31.0
1,1,0,random_normmatched,0.03571428571428571,0.9642857142857143,0.011588160225987354,0.010543185139937931,0.0017400127332800903,0.08333333333333333,924,31.0
1,1,0,random,0.03571428571428571,0.9642857142857143,-0.0006271323711335334,-0.0006414521318299742,0.0005193180253941574,0.08333333333333333,924,32.0
1,1,0,random_normmatched,0.03571428571428571,0.9642857142857143,0.0018526212220547466,0.0002300839542576407,0.0063028240754813315,0.08333333333333333,924,32.0
1,1,0,random,0.03571428571428571,0.9642857142857143,-0.00013591233567363518,-0.0009537482950513097,-9.90603881783698e-05,0.08333333333333333,924,33.0
1,1,0,random_normmatched,0.03571428571428571,0.9642857142857143,0.007911868709629559,0.01023445408579527,-0.0054962560024181106,0.08333333333333333,924,33.0
1,1,0,random,0.03571428571428571,0.9642857142857143,0.0004473321726393528,0.0002823370831686242,0.00151241231170437,0.08333333333333333,924,34.0
1,1,0,random_normmatched,0.03571428571428571,0.9642857142857143,-0.0004069184934150245,0.004081568636053639,0.005139739695446885,0.08333333333333333,924,34.0
1,1,0,random,0.03571428571428571,0.9642857142857143,0.0014899208627256473,0.0026188517555934903,0.0011367115450888945,0.08333333333333333,924,35.0
1,1,0,random_normmatched,0.037698412698412696,0.9642857142857143,0.012502814572787367,0.02501303751428252,0.004779773306133434,0.08333333333333333,924,35.0
1,1,0,random,0.03571428571428571,0.9642857142857143,-0.0005170810077295442,0.00011189751128265815,0.0004104152365161862,0.08333333333333333,924,36.0
1,1,0,random_normmatched,0.03571428571428571,0.9642857142857143,0.009659040095417962,0.015523362408665541,-0.004382031333645326,0.08333333333333333,924,36.0
1,1,0,random,0.03571428571428571,0.9642857142857143,-7.359289245915157e-05,-0.0011086477537557051,0.00026650650392038216,0.08333333333333333,924,37.0
1,1,0,random_normmatched,0.03571428571428571,0.9642857142857143,0.011699814817691058,0.012120150675071911,-0.002414202110235307,0.08333333333333333,924,37.0
1,1,0,random,0.03571428571428571,0.9642857142857143,0.0009207183101186678,0.0017791576625648996,0.0001585394519733889,0.08333333333333333,924,38.0
1,1,0,random_normmatched,0.037698412698412696,0.9642857142857143,0.020625977646937146,0.029837278754282867,-0.00017784992417568886,0.08333333333333333,924,38.0
1,1,0,random,0.03571428571428571,0.9642857142857143,-0.0006142138149722691,-0.0009984987379492184,0.0015134736396267973,0.08333333333333333,924,39.0
1,1,0,random_normmatched,0.037698412698412696,0.9642857142857143,0.006915085419864311,0.012831255601515618,0.0034104067514001968,0.08333333333333333,924,39.0
1,1,0,random,0.03571428571428571,0.9642857142857143,-0.0004580913121881038,-0.001212519091849948,0.000277129825186363,0.08333333333333333,924,40.0
1,1,0,random_normmatched,0.03571428571428571,0.9642857142857143,0.008757650691333076,0.009431258061549137,-0.007312628559805972,0.08333333333333333,924,40.0
1,1,0,random,0.03571428571428571,0.9642857142857143,-3.896538525275185e-05,0.0012848727228999624,0.0013322478774700688,0.08333333333333333,924,41.0
1,1,0,random_normmatched,0.04563492063492063,0.9642857142857143,0.023367482805875923,0.027424515969835292,0.0005285474638082386,0.08333333333333333,924,41.0
1,1,0,random,0.03571428571428571,0.9642857142857143,-0.0007752548671212636,-0.0014679376609107364,0.0015113329751881076,0.08333333333333333,924,42.0
1,1,0,random_normmatched,0.041666666666666664,0.9642857142857143,-0.002451270394753364,-0.0017649370455648816,0.0036055303718841225,0.08333333333333333,924,42.0
1,1,0,random,0.03571428571428571,0.9642857142857143,-0.00046131042030376373,-8.109636178603892e-05,0.001787217162911388,0.08333333333333333,924,43.0
1,1,0,random_normmatched,0.04365079365079365,0.9642857142857143,0.007054751620908561,0.012865461469534833,0.012327067153672941,0.08333333333333333,924,43.0
1,1,0,random,0.03571428571428571,0.9642857142857143,-0.00043926450986100593,-0.0010300308397205686,0.0014209258842763583,0.08333333333333333,924,44.0
1,1,0,random_normmatched,0.04563492063492063,0.9642857142857143,0.012102553499246133,0.012317859289622049,0.0047294602460243446,0.08333333333333333,924,44.0
1,1,0,random,0.03571428571428571,0.9642857142857143,0.0007376676035657,0.000926771706881186,0.0022173449189862525,0.08333333333333333,924,45.0
1,1,0,random_normmatched,0.0496031746031746,0.9642857142857143,0.02207665773302847,0.018473482290519185,0.014330377185260368,0.08333333333333333,924,45.0
1,1,0,random,0.03571428571428571,0.9642857142857143,-0.000420304157852668,-0.001434456268837008,0.0009437140373155364,0.08333333333333333,924,46.0
1,1,0,random_normmatched,0.03571428571428571,0.9642857142857143,0.0034430910535232016,0.004842645079236483,0.0022008975878046316,0.08333333333333333,924,46.0
1,1,0,random,0.03571428571428571,0.9642857142857143,0.0012982048856950517,0.0007300197909927609,0.001193255285904065,0.08333333333333333,924,47.0
1,1,0,random_normmatched,0.03968253968253968,0.9642857142857143,0.014436436535172436,0.02041515462429493,0.0016770041432783006,0.08333333333333333,924,47.0
1,1,0,random,0.03571428571428571,0.9642857142857143,4.881284485477457e-05,0.00038694037250698886,0.0009715716403346235,0.08333333333333333,924,48.0
1,1,0,random_normmatched,0.04365079365079365,0.9642857142857143,0.021070272350382904,0.02858034598443962,0.004322591443694134,0.08333333333333333,924,48.0
1,1,0,random,0.03571428571428571,0.9642857142857143,-0.00011170982267801025,-0.0011334310572923285,0.0005017995957033287,0.08333333333333333,924,49.0
1,1,0,random_normmatched,0.03571428571428571,0.9642857142857143,0.007567977631605587,0.008626671158682113,0.0033500778258988943,0.08333333333333333,924,49.0
1,1,0,random,0.03571428571428571,0.9642857142857143,-1.9887281413461264e-05,-0.0004593305705983787,0.0005256381171990568,0.08333333333333333,924,50.0
1,1,0,random_normmatched,0.03571428571428571,0.9642857142857143,0.006513759916742563,0.014435606381063133,0.00046084552248964246,0.08333333333333333,924,50.0
1,1,0,random,0.03571428571428571,0.9642857142857143,-0.0021729295859309354,-0.0020300786973662154,0.0002976580932399376,0.08333333333333333,924,51.0
1,1,0,random_normmatched,0.03571428571428571,0.9642857142857143,-0.004801704121465092,0.008486844698960836,-0.008464482465010381,0.08333333333333333,924,51.0
1,1,0,random,0.03571428571428571,0.9642857142857143,-0.00018838519140103153,-0.00031162540698408597,9.483327986754207e-05,0.08333333333333333,924,52.0
1,1,0,random_normmatched,0.037698412698412696,0.9642857142857143,0.011448129829994309,0.009850319261473481,-0.005687701315761693,0.08333333333333333,924,52.0
1,1,0,random,0.03571428571428571,0.9642857142857143,-0.0015515573133866927,-0.001885974118672034,0.00056095439210291,0.08333333333333333,924,53.0
1,1,0,random_normmatched,0.03571428571428571,0.9642857142857143,0.0027224178431371824,0.0022125258456295095,0.002861934021036184,0.08333333333333333,924,53.0
1,1,0,random,0.03571428571428571,0.9642857142857143,0.0018237183816344053,0.005018960052748752,0.0011416274240502015,0.08333333333333333,924,54.0
1,1,0,random_normmatched,0.03571428571428571,0.9642857142857143,0.040473330097668576,0.03616014446394968,0.0051527556529760085,0.08333333333333333,924,54.0
1,1,0,random,0.03571428571428571,0.9642857142857143,0.00179525063800517,0.004162417867166164,0.000912995651956486,0.08333333333333333,924,55.0
1,1,0,random_normmatched,0.03571428571428571,0.9642857142857143,0.03263495556716132,0.04597054655168362,0.002315587537701294,0.08333333333333333,924,55.0
1,1,0,random,0.03571428571428571,0.9642857142857143,0.000194963793780726,0.0008936708226638296,0.001613740585220067,0.08333333333333333,924,56.0
1,1,0,random_normmatched,0.03968253968253968,0.9642857142857143,0.015368154659992334,0.02826730165871707,0.007127366315658001,0.08333333333333333,924,56.0
1,1,0,random,0.03571428571428571,0.9642857142857143,0.00024744158598178425,-0.002356214011600215,0.0004106319300351634,0.08333333333333333,924,57.0
1,1,0,random_normmatched,0.03968253968253968,0.9642857142857143,0.0037127561879532886,0.008892217373956507,0.0003305370778471775,0.08333333333333333,924,57.0
1,1,0,random,0.03571428571428571,0.9642857142857143,0.0011291223460817524,0.002284973196258903,0.0004344612785299127,0.08333333333333333,924,58.0
1,1,0,random_normmatched,0.03571428571428571,0.9642857142857143,0.024969091151702406,0.03368687898464078,0.004606684713001942,0.08333333333333333,924,58.0
1,1,0,random,0.03571428571428571,0.9642857142857143,-2.2003388592642357e-05,-0.0008261596092989248,0.0009285765658215723,0.08333333333333333,924,59.0
1,1,0,random_normmatched,0.041666666666666664,0.9642857142857143,0.011917383845459515,0.01760501073354829,-0.0031962915546990406,0.08333333333333333,924,59.0
1,1,0,random,0.03571428571428571,0.9642857142857143,-0.0015421844977514553,-0.0005001455902275616,0.001723453941380935,0.08333333333333333,924,60.0
1,1,0,random_normmatched,0.03571428571428571,0.9642857142857143,-3.176352048854948e-05,0.00573771251022321,0.011795214128521168,0.08333333333333333,924,60.0
1,1,0,random,0.03571428571428571,0.9642857142857143,0.0005941524975818808,0.0006781482945116947,0.0009385665148821125,0.08333333333333333,924,61.0
1,1,0,random_normmatched,0.04563492063492063,0.9642857142857143,0.033181206844732775,0.03544197348259429,0.009753694454620392,0.08333333333333333,924,61.0
1,1,0,random,0.03571428571428571,0.9642857142857143,-0.00047702810461763606,-0.0008618100454348818,0.0006062340957352615,0.08333333333333333,924,62.0
1,1,0,random_normmatched,0.03571428571428571,0.9642857142857143,0.005332148296626637,0.008556172077929771,0.000650463818916108,0.08333333333333333,924,62.0
1,1,0,random,0.03571428571428571,0.9642857142857143,-0.0013595770726650127,-0.003276302445018249,0.0014150559401076425,0.08333333333333333,924,63.0
1,1,0,random_normmatched,0.037698412698412696,0.9642857142857143,-0.0021643374052820953,-0.00963039999065242,0.002901475613531249,0.08333333333333333,924,63.0
1,1,0,random,0.03571428571428571,0.9642857142857143,-0.0002596593709446144,-0.00026074213254692656,0.0007231611075903194,0.08333333333333333,924,64.0
1,1,0,random_normmatched,0.037698412698412696,0.9642857142857143,0.012720291940578549,0.017854980563642167,0.0018228699094187026,0.08333333333333333,924,64.0
1,1,0,random,0.03571428571428571,0.9642857142857143,0.0004520537228354486,0.003086459500075376,0.0005158143738499616,0.08333333333333333,924,65.0
1,1,0,random_normmatched,0.03571428571428571,0.9642857142857143,0.013964818100175573,0.023373101565698228,-0.005079263056634411,0.08333333333333333,924,65.0
1,1,0,random,0.03571428571428571,0.9642857142857143,5.168893254186495e-05,0.00027491096159866865,0.0005712726627392585,0.08333333333333333,924,66.0
1,1,0,random_normmatched,0.037698412698412696,0.9642857142857143,0.004354220261799279,0.0028203543483795346,0.0034936301608443072,0.08333333333333333,924,66.0
1,1,0,random,0.03571428571428571,0.9642857142857143,-0.0006675179832795919,-0.000561052611829044,0.004114768996553663,0.08333333333333333,924,67.0
1,1,0,random_normmatched,0.04563492063492063,0.9642857142857143,0.004697300655828209,0.006484541995835128,0.021417620645908634,0.08333333333333333,924,67.0
1,1,0,random,0.03571428571428571,0.9642857142857143,-0.0012576771052058983,-0.002007106756857676,0.0004264592962950366,0.08333333333333333,924,68.0
1,1,0,random_normmatched,0.03968253968253968,0.9642857142857143,0.0006382775436052623,0.001818769852910161,0.007951048478586267,0.08333333333333333,924,68.0
1,1,0,random,0.03571428571428571,0.9642857142857143,0.0008811663336686363,0.0028835444919000515,0.001943348060166554,0.08333333333333333,924,69.0
1,1,0,random_normmatched,0.03571428571428571,0.9642857142857143,0.01831057559087713,0.03414751365627106,0.00797905266505035,0.08333333333333333,924,69.0
1,1,0,random,0.03571428571428571,0.9642857142857143,-0.0002012346541592193,-0.0011144889005885437,9.858799128348127e-05,0.08333333333333333,924,70.0
1,1,0,random_normmatched,0.03571428571428571,0.9642857142857143,0.008250410902735594,0.013981400326459866,-0.0033727026790656067,0.08333333333333333,924,70.0
1,1,0,random,0.03571428571428571,0.9642857142857143,0.0022502084241537382,0.002302646013557065,-0.0005427595098153557,0.08333333333333333,924,71.0
1,1,0,random_normmatched,0.03571428571428571,0.9642857142857143,0.028628862684259213,0.03298244138249,-0.003205971886471634,0.08333333333333333,924,71.0
1,1,0,random,0.03571428571428571,0.9642857142857143,-0.0011060635531595039,-0.0033338180129792424,0.0002667914718364206,0.08333333333333333,924,72.0
1,1,0,random_normmatched,0.037698412698412696,0.9642857142857143,0.003450706149880361,-7.565757610007255e-05,-0.008855827396385272,0.08333333333333333,924,72.0
1,1,0,random,0.03571428571428571,0.9642857142857143,9.91196388576983e-05,0.0004179076579976594,0.0005719311818807015,0.08333333333333333,924,73.0
1,1,0,random_normmatched,0.037698412698412696,0.9642857142857143,0.009889010410724314,0.00655415024254929,0.006217712243059876,0.08333333333333333,924,73.0
1,1,0,random,0.03571428571428571,0.9642857142857143,0.0006698973418215906,0.001942008441718766,-0.00013812246546663902,0.08333333333333333,924,74.0
1,1,0,random_normmatched,0.03571428571428571,0.9642857142857143,0.018415262948730075,0.024800846687910806,0.004753016607572025,0.08333333333333333,924,74.0
1,1,0,random,0.03571428571428571,0.9642857142857143,0.00010581910283663067,-0.0002565706372676132,0.0007550575697229692,0.08333333333333333,924,75.0
1,1,0,random_normmatched,0.03571428571428571,0.9642857142857143,0.006147702653371068,0.008711910661398696,0.0072451372101699895,0.08333333333333333,924,75.0
1,1,0,random,0.03571428571428571,0.9642857142857143,0.0012848000027017958,0.0006387812023528222,0.0013595840595173516,0.08333333333333333,924,76.0
1,1,0,random_normmatched,0.04365079365079365,0.9642857142857143,0.016326691981726933,0.01684882584423482,0.007664123607271782,0.08333333333333333,924,76.0
1,1,0,random,0.03571428571428571,0.9642857142857143,0.00026741807497248965,0.0008507363574396879,0.000319240355373812,0.08333333333333333,924,77.0
1,1,0,random_normmatched,0.03571428571428571,0.9642857142857143,0.03527817239740515,0.03373195646203204,-0.001622015743665694,0.08333333333333333,924,77.0
1,1,0,random,0.03571428571428571,0.9642857142857143,0.001177172794465417,0.0020405739476945257,-2.4661545154296376e-05,0.08333333333333333,924,78.0
1,1,0,random_normmatched,0.037698412698412696,0.9642857142857143,0.019201270409739762,0.022065546735102595,-0.0029789009369211557,0.08333333333333333,924,78.0
1,1,0,random,0.03571428571428571,0.9642857142857143,0.0006008200536274881,0.0006513520054826571,0.0007563187515019034,0.08333333333333333,924,79.0
1,1,0,random_normmatched,0.05357142857142857,0.9642857142857143,0.021919548902219463,0.022779352882994604,-0.0022730063564635828,0.08333333333333333,924,79.0
1,1,0,random,0.03571428571428571,0.9642857142857143,-0.0001723101831415582,0.001140815162764901,0.0003592998547695246,0.08333333333333333,924,80.0
1,1,0,random_normmatched,0.037698412698412696,0.9642857142857143,0.003499485962556702,0.0036811727625308942,-0.0022486408667208354,0.08333333333333333,924,80.0
1,1,0,random,0.03571428571428571,0.9642857142857143,-0.00018283260612687738,-0.0006018071366732175,0.0002555885100278183,0.08333333333333333,924,81.0
1,1,0,random_normmatched,0.04563492063492063,0.9642857142857143,0.0021614488948723727,-0.004166299609010862,0.002083444397001967,0.08333333333333333,924,81.0
1,1,0,random,0.03571428571428571,0.9642857142857143,-0.0005473805372624781,-0.0006126332512510851,0.0014110723677152907,0.08333333333333333,924,82.0
1,1,0,random_normmatched,0.03571428571428571,0.9642857142857143,0.007677610022326116,0.014530562210723841,0.0014144560517187943,0.08333333333333333,924,82.0
1,1,0,random,0.03571428571428571,0.9642857142857143,-0.0006907163581805239,-0.0019660654268577895,0.000974100366822899,0.08333333333333333,924,83.0
1,1,0,random_normmatched,0.03571428571428571,0.9642857142857143,0.006167369831365696,0.007341766534448328,0.003973477395984763,0.08333333333333333,924,83.0
1,1,0,random,0.03571428571428571,0.9642857142857143,-0.00020323412559748505,-0.0016038498232721077,0.0005248585276874394,0.08333333333333333,924,84.0
1,1,0,random_normmatched,0.04563492063492063,0.9642857142857143,0.009782057462964542,0.004818039516691719,-0.00419045229627758,0.08333333333333333,924,84.0
1,1,0,random,0.03571428571428571,0.9642857142857143,0.00022210559239785213,0.0013085984992636935,0.001478180445937287,0.08333333333333333,924,85.0
1,1,0,random_normmatched,0.03571428571428571,0.9642857142857143,0.015599470306272413,0.0215155869307809,0.0062056448317054855,0.08333333333333333,924,85.0
1,1,0,random,0.03571428571428571,0.9642857142857143,6.796289669973361e-05,-0.00031813437156320954,0.0008580936351337688,0.08333333333333333,924,86.0
1,1,0,random_normmatched,0.03571428571428571,0.9642857142857143,0.009822411860109737,0.02030634860279289,0.006999103834091559,0.08333333333333333,924,86.0
1,1,0,random,0.03571428571428571,0.9642857142857143,-0.00043666869647546256,-0.0013087088678648635,0.0005614442466389997,0.08333333333333333,924,87.0
1,1,0,random_normmatched,0.037698412698412696,0.9642857142857143,0.007405696707420587,0.008074991700881008,-0.0024896456618567304,0.08333333333333333,924,87.0
1,1,0,random,0.03571428571428571,0.9642857142857143,-0.00030173653201299056,-0.00050850379318166,0.0011736845626482573,0.08333333333333333,924,88.0
1,1,0,random_normmatched,0.03571428571428571,0.9642857142857143,0.009358851220310762,0.012792727328815527,0.004954107376226584,0.08333333333333333,924,88.0
1,1,0,random,0.03571428571428571,0.9642857142857143,-9.941218934964728e-05,-0.0007000239814391539,0.001224137300650011,0.08333333333333333,924,89.0
1,1,0,random_normmatched,0.04563492063492063,0.9642857142857143,0.009252514828204932,0.007913777582604057,0.004160180599002734,0.08333333333333333,924,89.0
1,1,0,random,0.03571428571428571,0.9642857142857143,0.0002711160789287359,-0.00047031068464316116,0.0017494230374908025,0.08333333333333333,924,90.0
1,1,0,random_normmatched,0.03571428571428571,0.9642857142857143,-0.0014009184589927988,0.0032918548365077544,0.0035747462673529863,0.08333333333333333,924,90.0
1,1,0,random,0.03571428571428571,0.9642857142857143,-0.00021673815466447663,-0.0005155181736582851,-0.0005756226664741204,0.08333333333333333,924,91.0
1,1,0,random_normmatched,0.03571428571428571,0.9642857142857143,0.009779482282242787,0.0054359252713021165,-0.008635147346942079,0.08333333333333333,924,91.0
1,1,0,random,0.03571428571428571,0.9642857142857143,0.0008520112972180318,0.00036141351464972403,0.0003464299784987949,0.08333333333333333,924,92.0
1,1,0,random_normmatched,0.03571428571428571,0.9642857142857143,0.019221586635804932,0.014918251468829824,0.00037770374188982265,0.08333333333333333,924,92.0
1,1,0,random,0.03571428571428571,0.9642857142857143,-0.0005061632997279528,-0.0013368142379852623,0.0006208069791552177,0.08333333333333333,924,93.0
1,1,0,random_normmatched,0.03571428571428571,0.9642857142857143,0.014644240372398955,0.016100595902242523,0.004129167953406062,0.08333333333333333,924,93.0
1,1,0,random,0.03571428571428571,0.9642857142857143,0.0011752571697597482,0.0015121472217577447,0.001323879260921142,0.08333333333333333,924,94.0
1,1,0,random_normmatched,0.03571428571428571,0.9642857142857143,0.02444820570706843,0.02151268694496001,-0.0015062149876563617,0.08333333333333333,924,94.0
1,1,0,random,0.03571428571428571,0.9642857142857143,-0.00019316411649693743,-0.002466723719503584,-0.0004307214383092025,0.08333333333333333,924,95.0
1,1,0,random_normmatched,0.03571428571428571,0.9642857142857143,0.005660693139408757,0.002256888616441963,-0.004141543788652342,0.08333333333333333,924,95.0
1,1,0,random,0.03571428571428571,0.9642857142857143,-0.0003962349044438249,-0.001002429061725754,0.0012789009807437676,0.08333333333333333,924,96.0
1,1,0,random_normmatched,0.03571428571428571,0.9642857142857143,0.005015898995535147,0.012526834891995783,0.004703819320585565,0.08333333333333333,924,96.0
1,1,0,random,0.03571428571428571,0.9642857142857143,8.713981162553113e-05,0.0008974252474220754,0.0016983614480939719,0.08333333333333333,924,97.0
1,1,0,random_normmatched,0.041666666666666664,0.9642857142857143,0.009211797817049115,0.014711447962476445,0.011275725059612452,0.08333333333333333,924,97.0
1,1,0,random,0.03571428571428571,0.9642857142857143,0.00012851678090988457,-0.0008030022080487275,0.0007873585738142673,0.08333333333333333,924,98.0
1,1,0,random_normmatched,0.03571428571428571,0.9642857142857143,0.010032110806240682,0.017576186232751232,0.006619172798057838,0.08333333333333333,924,98.0
1,1,0,random,0.03571428571428571,0.9642857142857143,-0.0004416755954715011,0.0008715991058717025,0.0011088045304411425,0.08333333333333333,924,99.0
1,1,0,random_normmatched,0.041666666666666664,0.9642857142857143,0.0028097680413221382,0.011007547324291713,0.004571718242835107,0.08333333333333333,924,99.0
1,1,0,shuffled_labels,0.10714285714285714,0.9642857142857143,0.3528510040889938,0.3494732940357238,0.08771006408717605,0.08333333333333333,924,
1,1,1,random,0.051587301587301584,0.9428571428571428,0.00044668263817669416,0.0006109310977059386,-0.001630003265766828,0.0,924,0.0
1,1,1,random_normmatched,0.051587301587301584,0.95,-0.0025571027687689473,0.0006422098495220649,-0.005813146212471868,0.0,924,0.0
1,1,1,random,0.05357142857142857,0.9428571428571428,0.00030253070718192475,0.0005321211042707717,-0.0005685180126033603,0.0,924,1.0
1,1,1,random_normmatched,0.06944444444444445,0.9380952380952381,0.003624018326712503,0.006142352674739101,0.008996361914620797,0.0,924,1.0
1,1,1,random,0.0496031746031746,0.9476190476190476,-0.0002070723495713084,-0.0013288150291466995,-0.0009684779660641459,0.0,924,2.0
1,1,1,random_normmatched,0.047619047619047616,0.9523809523809523,0.004496695970823398,0.006498964666534297,0.0030568354701555984,0.0,924,2.0
1,1,1,random,0.051587301587301584,0.9476190476190476,0.0004468122197369434,0.0028482182581286994,-0.001307718845279084,0.0,924,3.0
1,1,1,random_normmatched,0.047619047619047616,0.95,0.0072854877103007525,0.01801980512760066,-0.005891419155075861,0.0,924,3.0
1,1,1,random,0.05555555555555555,0.9452380952380952,0.001555415946869676,0.003318211163460877,1.7951627797454496e-05,0.0,924,4.0
1,1,1,random_normmatched,0.05952380952380952,0.9452380952380952,0.011571382069850906,0.015497950768651817,0.0006583386682393913,0.0,924,4.0
1,1,1,random,0.0496031746031746,0.9476190476190476,0.000588447872794579,0.0024076091418969415,-0.0018420607728242121,0.0,924,5.0
1,1,1,random_normmatched,0.047619047619047616,0.9476190476190476,0.007618286935474589,0.0034712552340058623,-0.0015863001879758238,0.0,924,5.0
1,1,1,random,0.051587301587301584,0.9428571428571428,0.00027899450511094647,7.3845744268706e-05,-0.0024235967755666023,0.0,924,6.0
1,1,1,random_normmatched,0.057539682539682536,0.9428571428571428,0.00745763460120999,0.0013535195536281766,-0.006507853907625999,0.0,924,6.0
1,1,1,random,0.057539682539682536,0.95,-0.0001567235812582654,-0.0013335482910269033,-0.0010687315462181333,0.0,924,7.0
1,1,1,random_normmatched,0.057539682539682536,0.9523809523809523,-0.0021181075569533547,-0.005797603706519006,0.003158087616302287,0.0,924,7.0
1,1,1,random,0.05555555555555555,0.9523809523809523,0.0029585861443699067,0.008149591087556089,0.0010723864530167966,0.0,924,8.0
1,1,1,random_normmatched,0.07738095238095238,0.9523809523809523,0.027506078422349707,0.048468474412055054,0.020321616505699844,0.0,924,8.0
1,1,1,random,0.051587301587301584,0.9428571428571428,0.0012494410037428793,0.0019272899389490847,-0.00033331978206583706,0.0,924,9.0
1,1,1,random_normmatched,0.05357142857142857,0.9476190476190476,0.013989703910979815,0.02195457222696892,0.009105824339882277,0.0,924,9.0
1,1,1,random,0.051587301587301584,0.9523809523809523,0.0010641850609016533,0.0007005308911719202,-0.0006942680507349762,0.0,924,10.0
1,1,1,random_normmatched,0.051587301587301584,0.9523809523809523,0.01543863365667218,0.013807992710010743,6.339100894878075e-05,0.0,924,10.0
1,1,1,random,0.04365079365079365,0.9476190476190476,-0.0016400958429450062,-0.001178391396049307,-0.002228259836687973,0.0,924,11.0
1,1,1,random_normmatched,0.047619047619047616,0.95,-0.005077163321683632,0.003494136606080967,0.00036081046621363447,0.0,924,11.0
1,1,1,random,0.05357142857142857,0.9476190476190476,-0.0004269322293413263,-0.0003370220084848073,-0.0005663349987368915,0.0,924,12.0
1,1,1,random_normmatched,0.0496031746031746,0.95,-0.0006099854244680926,0.004266051746741522,0.006627576076433326,0.0,924,12.0
1,1,1,random,0.05555555555555555,0.95,-0.0007843028860311681,-0.0003507948918589332,-0.0014118632310164175,0.0,924,13.0
1,1,1,random_normmatched,0.057539682539682536,0.9595238095238096,0.004145099062344693,0.012016053268236628,-0.007998210791272234,0.0,924,13.0
1,1,1,random,0.041666666666666664,0.9595238095238096,0.0022374813690829655,0.0036665305791404035,-0.0016549086423747134,0.0,924,14.0
1,1,1,random_normmatched,0.03571428571428571,0.9523809523809523,0.014404999606023003,0.011518252594734867,-0.0005819859618705036,0.0,924,14.0
1,1,1,random,0.051587301587301584,0.9523809523809523,-0.00019023174376847174,-0.0006746279354412155,-0.0007804729798891758,0.0,924,15.0
1,1,1,random_normmatched,0.037698412698412696,0.9476190476190476,0.0003168935871137651,-0.006607353163933066,-0.0004575397362862567,0.0,924,15.0
1,1,1,random,0.0496031746031746,0.9523809523809523,0.00015195691937329423,-0.002182831290193983,-0.00023441907939002706,0.0,924,16.0
1,1,1,random_normmatched,0.03968253968253968,0.95,0.014520415742667301,0.00016060905247130799,-0.0016362065181816676,0.0,924,16.0
1,1,1,random,0.04563492063492063,0.9547619047619048,0.0002747680472562166,0.000448600997046076,-0.0008631284076389428,0.0,924,17.0
1,1,1,random_normmatched,0.03968253968253968,0.9571428571428572,-0.007786722106858631,-0.0124027713201216,0.0055604588294256106,0.0,924,17.0
1,1,1,random,0.051587301587301584,0.9476190476190476,0.003346664767191835,0.005547833815250997,-0.0002854214259153294,0.0,924,18.0
1,1,1,random_normmatched,0.061507936507936505,0.9547619047619048,0.03167860298475654,0.034372599138009136,-0.0002591182385446348,0.0,924,18.0
1,1,1,random,0.05555555555555555,0.9452380952380952,0.0005787581839626901,0.004252788390986701,-0.0011312376931373485,0.0,924,19.0
1,1,1,random_normmatched,0.06349206349206349,0.9428571428571428,0.015023436848204938,0.03223374746972158,-0.0029573552950337553,0.0,924,19.0
1,1,1,random,0.057539682539682536,0.95,0.0005845542041503296,0.004280340234750083,-0.0010581793670541475,0.0,924,20.0
1,1,1,random_normmatched,0.051587301587301584,0.9523809523809523,0.017932524101677588,0.017550967920876057,-0.0026269676303583163,0.0,924,20.0
1,1,1,random,0.051587301587301584,0.9476190476190476,-0.0003689378502645596,-0.0020842440984097394,-0.0002963730149784121,0.0,924,21.0
1,1,1,random_normmatched,0.041666666666666664,0.95,0.0009037552178279289,-0.0019339020056453322,-0.0008377341891307615,0.0,924,21.0
1,1,1,random,0.051587301587301584,0.9476190476190476,-0.0008625490720432793,-0.0017791728175428712,8.632838428487813e-05,0.0,924,22.0
1,1,1,random_normmatched,0.05555555555555555,0.9523809523809523,-0.0018792610371676792,-0.0035384325578477604,0.009430725603920196,0.0,924,22.0
1,1,1,random,0.0496031746031746,0.9523809523809523,0.00131569855921502,0.0013812490015867773,-0.0005127121282306799,0.0,924,23.0
1,1,1,random_normmatched,0.047619047619047616,0.9523809523809523,0.014775447442854688,0.018091301734459102,0.0015301450402371564,0.0,924,23.0
1,1,1,random,0.051587301587301584,0.9476190476190476,-0.0006054351100032148,-0.0011952128449711455,-0.0011963805836729979,0.0,924,24.0
1,1,1,random_normmatched,0.05357142857142857,0.9571428571428572,0.00013682003915604793,-0.0011294562056632404,0.004586648873155579,0.0,924,24.0
1,1,1,random,0.041666666666666664,0.95,-0.0023950015642719164,-0.0033992319439387878,0.0006410744220619563,0.0,924,25.0
1,1,1,random_normmatched,0.04563492063492063,0.95,-0.024995465639291704,-0.01948130214409819,0.008329976270804368,0.0,924,25.0
1,1,1,random,0.04365079365079365,0.95,-0.0017858539628079952,-0.0010593604349210053,-0.0009755680072714613,0.0,924,26.0
1,1,1,random_normmatched,0.04563492063492063,0.9547619047619048,0.004791650924501234,0.003940194225282133,0.0008214447160462209,0.0,924,26.0
1,1,1,random,0.051587301587301584,0.95,-0.0008190577777510582,-0.0011256607742059271,-0.0012291993598899315,0.0,924,27.0
1,1,1,random_normmatched,0.051587301587301584,0.95,0.010172906309994355,0.01384904283917175,-0.006791253392024684,0.0,924,27.0
1,1,1,random,0.057539682539682536,0.9452380952380952,0.001287603267899603,0.0014613449556847102,-0.0012040688018132716,0.0,924,28.0
1,1,1,random_normmatched,0.057539682539682536,0.9428571428571428,0.0042320729112715946,0.009536773659415075,0.0034635382881467343,0.0,924,28.0
1,1,1,random,0.05357142857142857,0.9547619047619048,1.6551527885845196e-05,0.00015278052142502293,-0.0018739993946882076,0.0,924,29.0
1,1,1,random_normmatched,0.03571428571428571,0.9523809523809523,-0.007312669633013918,-0.012106630770745872,-0.006912547503573953,0.0,924,29.0
1,1,1,random,0.051587301587301584,0.9523809523809523,0.00040745946417844003,-0.0016458470203529025,-0.0004087813765488625,0.0,924,30.0
1,1,1,random_normmatched,0.02976190476190476,0.9547619047619048,-0.004839928278311213,-0.038571696611647374,0.008952845636491309,0.0,924,30.0
1,1,1,random,0.051587301587301584,0.95,-0.00018906861662853033,0.0009809682224364209,-0.0002501506511319354,0.0,924,31.0
1,1,1,random_normmatched,0.05357142857142857,0.9404761904761905,0.0014687363863575323,0.00997747957465244,-5.485156863970719e-05,0.0,924,31.0
1,1,1,random,0.047619047619047616,0.9452380952380952,0.00022990577631938603,-6.003019473856373e-05,-0.0005431853710151982,0.0,924,32.0
1,1,1,random_normmatched,0.051587301587301584,0.9547619047619048,0.002523623621684216,0.00495395505067921,0.0063962809812311075,0.0,924,32.0
1,1,1,random,0.0496031746031746,0.95,0.0006020649190496632,0.002117479043000199,-0.0006129042304203006,0.0,924,33.0
1,1,1,random_normmatched,0.047619047619047616,0.9523809523809523,0.00888772850542867,0.008161925132106743,-0.003979788927635689,0.0,924,33.0
1,1,1,random,0.05357142857142857,0.95,-0.00033954010490732967,0.001823935897681016,0.00025086593313563215,0.0,924,34.0
1,1,1,random_normmatched,0.041666666666666664,0.9523809523809523,-0.012685592773873596,-0.011752099414659207,0.006593979271184082,0.0,924,34.0
1,1,1,random,0.051587301587301584,0.9428571428571428,0.001703470659644713,0.0017394384706818824,-0.0019049468706295568,0.0,924,35.0
1,1,1,random_normmatched,0.05952380952380952,0.9476190476190476,0.0002515993929913392,0.013925255046631156,-0.00881902003460085,0.0,924,35.0
1,1,1,random,0.05952380952380952,0.9523809523809523,0.002082306490334301,0.002855470947622839,0.00016829940227409263,0.0,924,36.0
1,1,1,random_normmatched,0.0496031746031746,0.9523809523809523,0.0009882435232660732,0.008041179362253272,0.00897850170078273,0.0,924,36.0
1,1,1,random,0.0496031746031746,0.9523809523809523,0.0010142142066161958,0.003839477229522277,-0.0003869568651694616,0.0,924,37.0
1,1,1,random_normmatched,0.047619047619047616,0.9547619047619048,0.005473687320480989,0.009561574497907014,-0.007297702188275832,0.0,924,37.0
1,1,1,random,0.051587301587301584,0.95,-0.0008625312320504513,0.0023896406508018887,0.0005969388529294314,0.0,924,38.0
1,1,1,random_normmatched,0.05357142857142857,0.9523809523809523,-0.0018915888256267567,0.003626858479264087,0.01124021464274304,0.0,924,38.0
1,1,1,random,0.05357142857142857,0.9476190476190476,0.0004022059102686702,-2.0191044011469382e-05,-0.0015799931870913325,0.0,924,39.0
1,1,1,random_normmatched,0.05555555555555555,0.9476190476190476,0.013335427915220199,-7.44113629297365e-05,0.003735896560705694,0.0,924,39.0
1,1,1,random,0.0496031746031746,0.95,-0.001414731331866541,-0.0005693137016919937,-0.001650335203203733,0.0,924,40.0
1,1,1,random_normmatched,0.0496031746031746,0.9452380952380952,-0.006040148679817193,-0.000682544222702495,0.00014146008032034447,0.0,924,40.0
1,1,1,random,0.047619047619047616,0.9476190476190476,-0.00108141063958641,-0.0008761268824303637,-0.0013563623736753071,0.0,924,41.0
1,1,1,random_normmatched,0.04365079365079365,0.9547619047619048,-0.005871718902645684,-0.006538073761038018,-0.0015045629313121932,0.0,924,41.0
1,1,1,random,0.051587301587301584,0.9547619047619048,-0.0003898275670118182,0.0013060701822668298,-0.00036528502953155626,0.0,924,42.0
1,1,1,random_normmatched,0.05357142857142857,0.9523809523809523,0.0007057070837998411,-0.0028402165012851896,-0.005942807999614279,0.0,924,42.0
1,1,1,random,0.05357142857142857,0.9476190476190476,-0.002907976594925175,-0.0054533883117953924,-0.003463248161777211,0.0,924,43.0
1,1,1,random_normmatched,0.027777777777777776,0.9476190476190476,-0.028264695380131866,-0.047355849376821635,-0.01430732934092287,0.0,924,43.0
1,1,1,random,0.051587301587301584,0.9476190476190476,0.00016474494162851077,0.00043235499212861063,-0.0017673922167423003,0.0,924,44.0
1,1,1,random_normmatched,0.057539682539682536,0.9476190476190476,-0.0013591145234990846,-0.00297549770079801,-0.01307502800085714,0.0,924,44.0
1,1,1,random,0.047619047619047616,0.9571428571428572,0.00015798596925384193,0.0009255591906327087,-0.0005106497146978184,0.0,924,45.0
1,1,1,random_normmatched,0.05555555555555555,0.9547619047619048,0.0018865826357567803,0.0010812410607905982,-0.002409167535111268,0.0,924,45.0
1,1,1,random,0.0496031746031746,0.95,9.64128083406932e-05,0.0009614598877505399,-0.0013866121517708543,0.0,924,46.0
1,1,1,random_normmatched,0.03968253968253968,0.9523809523809523,0.017432832759617628,0.004000261933490862,-0.007707077021962539,0.0,924,46.0
1,1,1,random,0.0496031746031746,0.9476190476190476,0.0008116629552054853,0.004886328367851872,-0.00040097314708087536,0.0,924,47.0
1,1,1,random_normmatched,0.041666666666666664,0.9547619047619048,0.013610089361853442,0.02416591443582061,-0.0017644972297967154,0.0,924,47.0
1,1,1,random,0.061507936507936505,0.9476190476190476,0.0049679261738664535,0.012440106667265478,-0.001558458078062222,0.0,924,48.0
1,1,1,random_normmatched,0.06349206349206349,0.9452380952380952,0.02709255158411431,0.04647559790881197,0.003291356264804032,0.0,924,48.0
1,1,1,random,0.04365079365079365,0.9547619047619048,0.0004274577848670131,-0.0027066710146265768,-0.00023887853339139088,0.0,924,49.0
1,1,1,random_normmatched,0.03968253968253968,0.9547619047619048,0.015036362104017447,-0.0028621548920194553,-0.0021942611650140427,0.0,924,49.0
1,1,1,random,0.0496031746031746,0.9523809523809523,0.00042214765029199104,0.0025945363973006006,-0.0018520857877979318,0.0,924,50.0
1,1,1,random_normmatched,0.05555555555555555,0.95,0.0018278092046957821,0.005684376064742996,0.0020336736602974267,0.0,924,50.0
1,1,1,random,0.05357142857142857,0.9476190476190476,-0.0018553792494111017,-0.003073106844110765,-0.0009136195487488098,0.0,924,51.0
1,1,1,random_normmatched,0.051587301587301584,0.9523809523809523,-0.002596475121148159,-0.008454938279999762,0.0012998971987289998,0.0,924,51.0
1,1,1,random,0.041666666666666664,0.9571428571428572,0.0008251849587822535,0.0007080091572989503,-0.0007933630001624417,0.0,924,52.0
1,1,1,random_normmatched,0.03968253968253968,0.9571428571428572,0.009994318229714385,-0.0025191097196036617,0.0029671329208793822,0.0,924,52.0
1,1,1,random,0.051587301587301584,0.9523809523809523,-0.0010425191857674192,-0.0013429026211429346,-0.001496850528313347,0.0,924,53.0
1,1,1,random_normmatched,0.04365079365079365,0.9452380952380952,-0.004391032213554096,-0.004372432144432098,0.004925286897929753,0.0,924,53.0
1,1,1,random,0.057539682539682536,0.9428571428571428,-0.0005124766505461613,0.0020543842659118744,-0.00040713843318103453,0.0,924,54.0
1,1,1,random_normmatched,0.07738095238095238,0.9404761904761905,0.0019532013787700647,0.009215026683259969,0.016672170111046814,0.041666666666666664,924,54.0
1,1,1,random,0.047619047619047616,0.9547619047619048,-0.0009270911013979861,-0.0031594674615938573,-0.0007514428768682767,0.0,924,55.0
1,1,1,random_normmatched,0.05555555555555555,0.9523809523809523,-0.009250050408706426,-0.01165198616641006,0.0013978842990909682,0.0,924,55.0
1,1,1,random,0.04365079365079365,0.9547619047619048,-0.00035199058782731563,-0.0007884832874264427,-0.0004464324007004537,0.0,924,56.0
1,1,1,random_normmatched,0.023809523809523808,0.9523809523809523,0.0018334591013459223,0.00267366118718739,0.0026308573701829645,0.0,924,56.0
1,1,1,random,0.051587301587301584,0.9476190476190476,-0.00046998204190470993,-0.0016581456980875472,-0.002383714211474001,0.0,924,57.0
1,1,1,random_normmatched,0.05357142857142857,0.9595238095238096,0.0002369450078737948,0.0010304235040113356,-0.0020542890230571395,0.0,924,57.0
1,1,1,random,0.051587301587301584,0.9476190476190476,4.706748459999975e-05,-0.0013951092173092056,-0.00269181668657854,0.0,924,58.0
1,1,1,random_normmatched,0.0496031746031746,0.95,0.007492364412114623,0.004232284012006302,-0.004870258221287897,0.0,924,58.0
1,1,1,random,0.0496031746031746,0.9404761904761905,-0.0003643828084285021,0.0009797769420117508,0.0012584840161037301,0.0,924,59.0
1,1,1,random_normmatched,0.057539682539682536,0.9452380952380952,0.004307882426739309,-0.0007304909044341701,0.009211846361596276,0.0,924,59.0
1,1,1,random,0.047619047619047616,0.9476190476190476,0.0015834965801412061,0.003596681868595217,-0.00011795419445199501,0.0,924,60.0
1,1,1,random_normmatched,0.057539682539682536,0.95,0.024094027201380076,0.03155715115014289,-0.0006828494327354104,0.0,924,60.0
1,1,1,random,0.051587301587301584,0.95,0.0008477935354071123,0.0007105623750582181,-0.00013149440337483498,0.0,924,61.0
1,1,1,random_normmatched,0.057539682539682536,0.9547619047619048,0.0038441087532429105,0.0030915944272828164,0.012416062801956979,0.0,924,61.0
1,1,1,random,0.051587301587301584,0.9476190476190476,-0.00013786272909005053,-0.0016014918608399907,0.0003465643682503246,0.0,924,62.0
1,1,1,random_normmatched,0.05357142857142857,0.9476190476190476,-0.0027645297381601176,-0.007837667615795697,0.0023193447643885734,0.0,924,62.0
1,1,1,random,0.05357142857142857,0.9523809523809523,-0.0009208533953578049,-0.0028564129224921847,-0.0006143333306431485,0.0,924,63.0
1,1,1,random_normmatched,0.031746031746031744,0.9547619047619048,-0.005701994833284336,-0.010580243068680443,-0.002997189139013928,0.0,924,63.0
1,1,1,random,0.05555555555555555,0.9523809523809523,0.001243636410271896,0.0018546102898515224,-0.0019371482578288048,0.0,924,64.0
1,1,1,random_normmatched,0.0496031746031746,0.9523809523809523,0.0019425504404455422,0.0023510714634529064,-0.0032565375026973277,0.0,924,64.0
1,1,1,random,0.05555555555555555,0.9476190476190476,-0.0001538137157227213,0.0001064200087716119,-2.749275742817768e-05,0.0,924,65.0
1,1,1,random_normmatched,0.057539682539682536,0.9476190476190476,-0.0017094137045567362,-0.0035580200680820177,0.0011887420619162794,0.0,924,65.0
1,1,1,random,0.051587301587301584,0.9523809523809523,-0.0002885189778044887,0.002401084780743074,-0.0009090216287351286,0.0,924,66.0
1,1,1,random_normmatched,0.041666666666666664,0.95,-0.0024972792690535844,-0.017055158335305114,-0.00576503091268394,0.0,924,66.0
1,1,1,random,0.051587301587301584,0.95,-0.0008929531614219847,-0.001390979140414928,-0.0009408901425891681,0.0,924,67.0
1,1,1,random_normmatched,0.051587301587301584,0.9547619047619048,-0.001893122865528063,-0.0004346907296056436,-0.0003268208477406207,0.0,924,67.0
1,1,1,random,0.05555555555555555,0.9476190476190476,-0.00034669264872144235,-0.0004785550260895716,0.00010746434636778157,0.0,924,68.0
1,1,1,random_normmatched,0.03968253968253968,0.95,0.0024445962665881017,0.0002946981731092049,0.009982211802655912,0.0,924,68.0
1,1,1,random,0.0496031746031746,0.9452380952380952,-0.0008524588145843701,-0.0025536851652487114,-0.0007420160300829494,0.0,924,69.0
1,1,1,random_normmatched,0.04563492063492063,0.95,-0.007477880400386784,-0.0007874913644164987,-0.0043263733937190865,0.0,924,69.0
1,1,1,random,0.05357142857142857,0.9476190476190476,-0.00014372075047055269,0.001382975785686638,-0.0011349115318329,0.0,924,70.0
1,1,1,random_normmatched,0.04365079365079365,0.95,0.003463732289502754,0.004020146604891258,0.0009594945314293652,0.0,924,70.0
1,1,1,random,0.0496031746031746,0.95,0.003319181729251053,0.0028665789151160787,-0.001598426416031656,0.0,924,71.0
1,1,1,random_normmatched,0.041666666666666664,0.9523809523809523,3.445675386095498e-06,0.003616122244817128,-0.0016499560830655663,0.0,924,71.0
1,1,1,random,0.05357142857142857,0.9428571428571428,-0.0008999032085360724,0.0007535876219497426,-0.000781536177102717,0.0,924,72.0
1,1,1,random_normmatched,0.05555555555555555,0.9452380952380952,-0.003576530936364861,0.0019198808899861931,0.0034579694400180103,0.0,924,72.0
1,1,1,random,0.05952380952380952,0.9476190476190476,0.0035280704929703597,0.005111265159643531,0.001306403501144286,0.0,924,73.0
1,1,1,random_normmatched,0.05357142857142857,0.9428571428571428,0.026929864942959264,0.03159685929595064,0.024133997402434097,0.0,924,73.0
1,1,1,random,0.051587301587301584,0.9476190476190476,0.00025399603861485994,0.00023259859558351248,-0.0005260774248747879,0.0,924,74.0
1,1,1,random_normmatched,0.03373015873015873,0.95,0.0033284674967534508,-0.0020135023934713748,-0.005371527771496841,0.0,924,74.0
1,1,1,random,0.057539682539682536,0.95,0.0008527997679520121,-0.00016738479459654467,-0.00023863000400858755,0.0,924,75.0
1,1,1,random_normmatched,0.051587301587301584,0.9452380952380952,0.005200439666337238,0.0004750388913850847,0.007861585050265078,0.0,924,75.0
1,1,1,random,0.051587301587301584,0.95,0.000835058973452173,0.004353564694896944,-0.00045934624113462726,0.0,924,76.0
1,1,1,random_normmatched,0.05555555555555555,0.9452380952380952,0.00955473115383093,0.007379908795126437,-0.003887301765782442,0.0,924,76.0
1,1,1,random,0.057539682539682536,0.95,-0.00096624739482034,-0.0017124591669405167,-0.001114003689261797,0.0,924,77.0
1,1,1,random_normmatched,0.04365079365079365,0.9523809523809523,-0.004202982217439949,-0.00465119180209201,-0.015425232751534164,0.0,924,77.0
1,1,1,random,0.0496031746031746,0.9523809523809523,0.0008948655466962684,-0.000691251085898815,-0.0008402001865712126,0.0,924,78.0
1,1,1,random_normmatched,0.051587301587301584,0.9523809523809523,0.011355825226016202,0.0023758843306560863,0.0034118984662825664,0.0,924,78.0
1,1,1,random,0.05357142857142857,0.95,0.0022894540966841965,0.006931282915143769,0.003992516974287376,0.0,924,79.0
1,1,1,random_normmatched,0.05952380952380952,0.95,0.020675789865541895,0.02069167643829955,0.024389862807149436,0.0,924,79.0
1,1,1,random,0.051587301587301584,0.9523809523809523,0.0008046639209772494,0.003980571494380721,-0.000511126203226393,0.0,924,80.0
1,1,1,random_normmatched,0.047619047619047616,0.9476190476190476,0.014177433767325262,0.017255495488230556,0.004711731017466712,0.0,924,80.0
1,1,1,random,0.0496031746031746,0.95,-0.001511121005029261,-0.0019810223558679157,-0.0016720246959059256,0.0,924,81.0
1,1,1,random_normmatched,0.057539682539682536,0.95,-0.0024320256170958024,0.0004948398524029603,-0.0008949754347916622,0.0,924,81.0
1,1,1,random,0.05357142857142857,0.9476190476190476,0.00036079380839485224,-8.879289279691302e-05,-9.277451358519227e-05,0.0,924,82.0
1,1,1,random_normmatched,0.05357142857142857,0.95,0.010537163480064808,0.010308358049228068,-0.010235196049527683,0.0,924,82.0
1,1,1,random,0.05555555555555555,0.9571428571428572,0.00014548870812094932,0.0018157771555435715,0.001395644786169414,0.0,924,83.0
1,1,1,random_normmatched,0.05555555555555555,0.9595238095238096,0.00996691056063679,0.01357073441278886,0.010764187336364365,0.0,924,83.0
1,1,1,random,0.051587301587301584,0.9476190476190476,-0.0007460502259252024,-0.0011326385518477878,-0.0029122782365875355,0.0,924,84.0
1,1,1,random_normmatched,0.0496031746031746,0.9523809523809523,-0.00770312409692479,-0.005007793421318293,-0.016928058014558843,0.0,924,84.0
1,1,1,random,0.05357142857142857,0.9476190476190476,-0.0005898394320603562,0.0008572257916284373,0.0013179616518016824,0.0,924,85.0
1,1,1,random_normmatched,0.06349206349206349,0.9428571428571428,-0.005427912889381282,-0.005079619272755958,0.018089534081308166,0.0,924,85.0
1,1,1,random,0.051587301587301584,0.95,0.0002617949005319206,0.00077880345679211,-0.0013880923384480925,0.0,924,86.0
1,1,1,random_normmatched,0.04365079365079365,0.9523809523809523,0.005651292445153224,0.005080666805301061,-0.0005498375660476987,0.0,924,86.0
1,1,1,random,0.051587301587301584,0.95,0.0006435629626414929,0.002678796088749455,-0.00033929167981874907,0.0,924,87.0
1,1,1,random_normmatched,0.0496031746031746,0.9476190476190476,0.003504040823316783,0.028916274849391375,-0.0028016524111386795,0.0,924,87.0
1,1,1,random,0.04563492063492063,0.9523809523809523,8.736506899077349e-05,0.002834079402678,-0.0006382730666596936,0.0,924,88.0
1,1,1,random_normmatched,0.0496031746031746,0.9547619047619048,0.0033653885982523083,0.006574604303735791,0.0021074512804072094,0.0,924,88.0
1,1,1,random,0.05555555555555555,0.95,0.0005627201504521108,0.0010754273499190344,-0.000636361962107268,0.0,924,89.0
1,1,1,random_normmatched,0.04563492063492063,0.9547619047619048,0.001352819657885681,-0.012276155790103457,-0.00047370326271251365,0.0,924,89.0
1,1,1,random,0.05357142857142857,0.9476190476190476,-0.0007718052746068147,-0.0006695821803198041,-0.0018447752705504333,0.0,924,90.0
1,1,1,random_normmatched,0.04563492063492063,0.95,0.0026478034299222486,-0.0050354814505073195,0.0023010068911872472,0.0,924,90.0
1,1,1,random,0.0496031746031746,0.9523809523809523,0.00046053804024375085,0.0005198134813426431,0.0010366254055157588,0.0,924,91.0
1,1,1,random_normmatched,0.03571428571428571,0.9547619047619048,0.002100792389523802,0.004308903261862715,0.021327576379065852,0.0,924,91.0
1,1,1,random,0.051587301587301584,0.9452380952380952,0.0010045522116879473,0.0004601355165746007,0.0001688388954528882,0.0,924,92.0
1,1,1,random_normmatched,0.0496031746031746,0.95,0.006492447789572527,-0.000485762298729496,0.005111900967664334,0.0,924,92.0
1,1,1,random,0.0496031746031746,0.9476190476190476,0.0010005681579266972,0.0037639475532732815,0.0003342563675520313,0.0,924,93.0
1,1,1,random_normmatched,0.05555555555555555,0.9476190476190476,0.0003784291253357008,0.01707998590575836,0.013102702693951022,0.0,924,93.0
1,1,1,random,0.051587301587301584,0.95,-0.001160204424726908,-0.0025936837704732497,-0.0004928793139220416,0.0,924,94.0
1,1,1,random_normmatched,0.025793650793650792,0.9642857142857143,-0.007279828237096599,-0.01513713618018581,0.0023179196540343496,0.0,924,94.0
1,1,1,random,0.051587301587301584,0.9476190476190476,0.0017920965468419619,0.0035460620448852375,-0.0007453915753362852,0.0,924,95.0
1,1,1,random_normmatched,0.05357142857142857,0.9476190476190476,0.018905025905523037,0.028819107736945952,0.0031609221945331136,0.0,924,95.0
1,1,1,random,0.05952380952380952,0.95,0.0007422513545567151,0.0019264387442658438,-0.0024043445069285886,0.0,924,96.0
1,1,1,random_normmatched,0.041666666666666664,0.9452380952380952,0.006533463523172049,0.015702373522702637,0.0031860736141932134,0.0,924,96.0
1,1,1,random,0.0496031746031746,0.9523809523809523,0.0008147507625419696,0.0006824834811583346,-0.0009455736829889166,0.0,924,97.0
1,1,1,random_normmatched,0.0496031746031746,0.9523809523809523,0.009109384095659888,0.008716669198629262,-0.00257240652636304,0.0,924,97.0
1,1,1,random,0.051587301587301584,0.9452380952380952,8.708090795111232e-05,0.0014670636231040013,-0.0015157172616340586,0.0,924,98.0
1,1,1,random_normmatched,0.057539682539682536,0.9547619047619048,0.00585792925468236,0.01129324327683534,-0.0004926752673448011,0.0,924,98.0
1,1,1,random,0.05357142857142857,0.95,0.000880117554779374,0.001480597069408802,-0.0011646984748278997,0.0,924,99.0
1,1,1,random_normmatched,0.04365079365079365,0.9523809523809523,0.006838103279071086,0.003871172359241922,0.0012056164634774362,0.0,924,99.0
1,1,1,shuffled_labels,0.19642857142857142,0.9976190476190476,0.34253464034539377,0.35196195165042704,0.16499454644586725,0.1527777777777778,924,
1,1,2,random,0.0,1.0,-0.00034900581612927624,-0.003460633209240235,-0.00011248854646164995,0.0,924,0.0
1,1,2,random_normmatched,0.0,1.0,0.009152529363973459,0.005603150320062646,0.0029207739781105854,0.0,924,0.0
1,1,2,random,0.0,1.0,-0.00012405302728975227,-0.0024416810005833877,0.0006025326091782476,0.0,924,1.0
1,1,2,random_normmatched,0.0,1.0,0.002805529255742226,0.0078122592064723715,0.0009701326493314051,0.0,924,1.0
1,1,2,random,0.0,1.0,0.0010204024512221904,-0.0004548136250854239,-0.00035425555983874246,0.0,924,2.0
1,1,2,random_normmatched,0.0,1.0,0.010630232456024662,0.007310384109600976,0.002646262707790856,0.0,924,2.0
1,1,2,random,0.0,1.0,0.0016935349508244379,0.0022045874176300955,0.0003993011210554863,0.0,924,3.0
1,1,2,random_normmatched,0.0,1.0,0.012447975865180955,0.015209522926248973,0.006690885696070962,0.0,924,3.0
1,1,2,random,0.0,1.0,-0.0015493519622052205,-0.004050319509868094,-0.001541922718693336,0.0,924,4.0
1,1,2,random_normmatched,0.0,1.0,-0.00574850243933883,-0.0063467317724362335,-0.010005356482155262,0.0,924,4.0
1,1,2,random,0.0,1.0,-8.902810649604864e-05,-0.0006327528234623691,0.00017060094840570746,0.0,924,5.0
1,1,2,random_normmatched,0.0,1.0,0.007006696716577335,0.012397412076793077,0.0016309601572195524,0.0,924,5.0
1,1,2,random,0.0,1.0,-0.00045443610209573596,-0.0011610387091827844,8.52458922618073e-05,0.0,924,6.0
1,1,2,random_normmatched,0.0,1.0,-0.0008039224720783165,-0.003319102147533983,0.005175686437527388,0.0,924,6.0
1,1,2,random,0.0,1.0,-0.0008655699838799148,-0.003704446433853258,-0.0007583440016709405,0.0,924,7.0
1,1,2,random_normmatched,0.0,1.0,-0.005827758382521298,-0.010715623247845706,0.0009020927841696623,0.0,924,7.0
1,1,2,random,0.0,1.0,0.00010080518506710157,-0.0021201321889914816,-0.00046410492006070906,0.0,924,8.0
1,1,2,random_normmatched,0.0,1.0,0.00026795670410530403,0.008800646602142394,0.00028587166016061366,0.0,924,8.0
1,1,2,random,0.0,1.0,-0.0005443743476401864,-0.0027784313581530715,0.0004458306470566674,0.0,924,9.0
1,1,2,random_normmatched,0.0,1.0,0.0012635817503240847,0.0009112469432900334,0.0038828652841805572,0.0,924,9.0
1,1,2,random,0.0,1.0,-6.055450000209495e-05,-0.002976613832201361,0.0008291433803064054,0.0,924,10.0
1,1,2,random_normmatched,0.0,1.0,0.0008563681932414228,0.001422293112293958,0.0002793366643555185,0.0,924,10.0
1,1,2,random,0.0,1.0,0.000500776100597593,-0.000816374125011603,8.599503728114839e-05,0.0,924,11.0
1,1,2,random_normmatched,0.0,1.0,0.014318626140303468,0.013845120191151097,0.00486126148286577,0.0,924,11.0
1,1,2,random,0.0,1.0,0.00020141722458807612,-0.0016603451432803233,-5.322481465316262e-05,0.0,924,12.0
1,1,2,random_normmatched,0.0,1.0,0.005122512460371708,0.0036911370929158032,0.0061393719153243174,0.0,924,12.0
1,1,2,random,0.0,1.0,-0.0029749642622112563,-0.004278245846474263,0.0002060406012104816,0.0,924,13.0
1,1,2,random_normmatched,0.0,1.0,-0.010084765648876146,-0.011366902847392092,0.008543899587034729,0.0,924,13.0
1,1,2,random,0.0,1.0,-0.0006489214170138419,-0.001020683724929738,0.0005969544607594755,0.0,924,14.0
1,1,2,random_normmatched,0.0,1.0,0.002260556200467609,0.006105361912833259,0.0016932116425365828,0.0,924,14.0
1,1,2,random,0.0,1.0,-0.0017336626927673777,-0.003444890413373446,0.0006099239294242928,0.0,924,15.0
1,1,2,random_normmatched,0.0,1.0,-0.0005875810910578039,-0.003794633871886559,0.00862546926510973,0.0,924,15.0
1,1,2,random,0.0,1.0,-0.000554728248833252,-0.0012767898697312976,0.00012708046648162813,0.0,924,16.0
1,1,2,random_normmatched,0.0,1.0,-0.003039427395286576,-0.0016385042878406819,0.001533199012804124,0.0,924,16.0
1,1,2,random,0.0,1.0,-0.00044341793720276655,-0.0022898038490766696,0.0005594992860911546,0.0,924,17.0
1,1,2,random_normmatched,0.0,1.0,0.0048505740178289,0.0033945946203042974,0.005052177814398122,0.0,924,17.0
1,1,2,random,0.0,1.0,-0.0016546930887958225,-0.0033196121099690677,0.0008009732252748092,0.0,924,18.0
1,1,2,random_normmatched,0.0,1.0,-0.005550969374381322,-0.004114282495070221,0.004652537673476081,0.0,924,18.0
1,1,2,random,0.0,1.0,-0.000506029610384911,-0.0020416018292467,0.00030329923652434995,0.0,924,19.0
1,1,2,random_normmatched,0.0,1.0,0.005331039486784556,0.006141280848550388,0.0008625520059801165,0.0,924,19.0
1,1,2,random,0.0,1.0,0.0008002473650330667,-0.0017997392974163108,0.00043084764075567697,0.0,924,20.0
1,1,2,random_normmatched,0.0,1.0,0.007924109683175196,0.00943152297735817,0.0009401874989771906,0.0,924,20.0
1,1,2,random,0.0,1.0,0.0007281392010780876,-0.0009953859717966335,-0.0007663808553867808,0.0,924,21.0
1,1,2,random_normmatched,0.0,1.0,0.011525907633362305,0.017501840091617867,0.005334425288095903,0.0,924,21.0
1,1,2,random,0.0,1.0,-0.0013055925668347098,-0.0029779344688609364,7.455062363612003e-06,0.0,924,22.0
1,1,2,random_normmatched,0.0,1.0,0.010963355523311541,0.010010110430564463,-0.0037679750619536547,0.0,924,22.0
1,1,2,random,0.0,1.0,-3.977325059634211e-05,-0.0025250457911152775,0.0006723251859788991,0.0,924,23.0
1,1,2,random_normmatched,0.0,1.0,0.004921933586421891,0.004068456588438755,-0.004312823638278705,0.0,924,23.0
1,1,2,random,0.0,1.0,-0.0004329596297932691,-0.0016373393398147822,0.0002839161941542841,0.0,924,24.0
1,1,2,random_normmatched,0.0,1.0,0.005918478036133105,0.0120117849608332,0.003126580738063569,0.0,924,24.0
1,1,2,random,0.0,1.0,-2.878963996007387e-05,-0.0014764165273086056,-1.0596117590658199e-05,0.0,924,25.0
1,1,2,random_normmatched,0.0,1.0,0.010146917469181293,0.01027585052161271,-0.0012181439475314497,0.0,924,25.0
1,1,2,random,0.0,1.0,2.1644335974517167e-05,-0.0008663284062769848,2.924524002767329e-05,0.0,924,26.0
1,1,2,random_normmatched,0.0,1.0,0.0067521072569096865,0.005269010507786848,0.008038857580282444,0.0,924,26.0
1,1,2,random,0.0,1.0,0.00020395667662584418,0.0003338560651741886,-0.00046478434177415833,0.0,924,27.0
1,1,2,random_normmatched,0.0,1.0,0.016148029715818253,0.021147024140417282,-0.00108198622015631,0.0,924,27.0
1,1,2,random,0.0,1.0,-0.0001789126994515797,-0.0020959361221733635,0.0007697422973373337,0.0,924,28.0
1,1,2,random_normmatched,0.0,1.0,0.005142240067475446,0.006483085043246723,0.00579559217305382,0.0,924,28.0
1,1,2,random,0.0,1.0,-0.0002304053298630191,-0.0013090995804882466,-0.00027232565802627574,0.0,924,29.0
1,1,2,random_normmatched,0.0,1.0,0.005276523986250666,0.005186636359411657,0.0019166279102959805,0.0,924,29.0
1,1,2,random,0.0,1.0,0.001029649436445489,-0.0007239517865279058,0.0005827983145199546,0.0,924,30.0
1,1,2,random_normmatched,0.0,1.0,0.006270765002231457,0.007819402107402073,0.00839045738195881,0.0,924,30.0
1,1,2,random,0.0,1.0,0.0005931780605963531,-0.00011499102905621128,0.0013472335472370141,0.0,924,31.0
1,1,2,random_normmatched,0.0,1.0,0.010830143148703762,0.013541537782995277,0.010940441599218417,0.0,924,31.0
1,1,2,random,0.0,1.0,-0.0011360130879129711,-0.002898811926693873,0.0006518139115197989,0.0,924,32.0
1,1,2,random_normmatched,0.0,1.0,-0.00967703637224325,-0.006923544540246579,0.009140888450361538,0.0,924,32.0
1,1,2,random,0.0,1.0,-7.772715690923564e-05,-0.0021467236773290706,0.0007471357476291547,0.0,924,33.0
1,1,2,random_normmatched,0.0,1.0,0.006029677893913959,0.01460149953232219,0.008433569644349976,0.0,924,33.0
1,1,2,random,0.0,1.0,0.0009597300347261462,0.0004866280586629078,-0.0009424407757263447,0.0,924,34.0
1,1,2,random_normmatched,0.0,1.0,0.011687822688277564,0.013836591982766553,-0.005159882922088337,0.0,924,34.0
1,1,2,random,0.0,1.0,-0.003596423649772859,-0.005050432350773032,-0.0005643013177178936,0.0,924,35.0
1,1,2,random_normmatched,0.0,1.0,-0.010196934666562497,-0.012134272884102027,-0.004061964722839585,0.0,924,35.0
1,1,2,random,0.0,1.0,-0.00023479034039338906,-0.002332857858512631,0.0001943906803732695,0.0,924,36.0
1,1,2,random_normmatched,0.0,1.0,0.0018094948642290384,0.0019255996399408903,0.012209608118743755,0.0,924,36.0
1,1,2,random,0.0,1.0,-0.00010318959474203277,-0.0003792860391082553,-0.0006250065320284437,0.0,924,37.0
1,1,2,random_normmatched,0.0,1.0,0.0039859323857093214,0.007626023836272857,0.0012166141800652348,0.0,924,37.0
1,1,2,random,0.0,1.0,0.0002632643010370446,-0.00048470755961149936,-0.00032521085959911296,0.0,924,38.0
1,1,2,random_normmatched,0.0,1.0,0.008325665140263847,0.01137052304459463,-0.0009816353366592918,0.0,924,38.0
1,1,2,random,0.0,1.0,9.771723819484801e-05,-0.0009296785799776567,0.0013512981929448755,0.0,924,39.0
1,1,2,random_normmatched,0.0,1.0,0.005371398608238829,0.0031150673325709244,0.009438981388988209,0.0,924,39.0
1,1,2,random,0.0,1.0,0.000680775406432437,-8.623980033889697e-05,0.00010666458086700297,0.0,924,40.0
1,1,2,random_normmatched,0.0,1.0,0.012325629199088167,0.011267156172770297,-0.0036529612028260118,0.0,924,40.0
1,1,2,random,0.0,1.0,-0.0007187916632113042,-0.003246522778265968,5.191448963992654e-05,0.0,924,41.0
1,1,2,random_normmatched,0.0,1.0,0.0004858062987488255,-0.0013081588069819047,0.010941229888110313,0.0,924,41.0
1,1,2,random,0.0,1.0,0.0004313287717546329,-0.000747282649176381,-0.0002751746965359657,0.0,924,42.0
1,1,2,random_normmatched,0.0,1.0,0.009381492803420946,0.00686807095253966,-0.002604713799257887,0.0,924,42.0
1,1,2,random,0.0,1.0,-0.0010750031356445413,-0.002267343282199278,9.425791055444225e-05,0.0,924,43.0
1,1,2,random_normmatched,0.0,1.0,-0.005652192992236408,-8.220966848117317e-05,0.00867750289581418,0.0,924,43.0
1,1,2,random,0.0,1.0,0.00025488322484357065,-0.002081503114691295,-0.0006353829640718201,0.0,924,44.0
1,1,2,random_normmatched,0.0,1.0,0.015081279590227849,0.012289784286283278,0.003270826034010752,0.0,924,44.0
1,1,2,random,0.0,1.0,0.00015517113077299617,-0.002482987813511733,0.0008366879021057651,0.0,924,45.0
1,1,2,random_normmatched,0.0,1.0,-0.005858962195379501,-0.005072961243146046,0.0036123640572725242,0.0,924,45.0
1,1,2,random,0.0,1.0,-0.0005648059331607086,-0.002497593410388692,0.0001361946750778883,0.0,924,46.0
1,1,2,random_normmatched,0.0,1.0,3.985854766544325e-05,0.0011930152913681698,0.0018270849642006153,0.0,924,46.0
1,1,2,random,0.0,1.0,-0.0012177714420942055,-0.0027245105065759217,0.0008048323374371101,0.0,924,47.0
1,1,2,random_normmatched,0.0,1.0,-0.002102227715808273,-0.008691615269353956,0.006282955977397198,0.0,924,47.0
1,1,2,random,0.0,1.0,0.0005856381013009334,-0.0009835510288572643,0.0015127814871203123,0.0,924,48.0
1,1,2,random_normmatched,0.0,1.0,0.008409161303418714,0.01184402766762299,0.006298664284406549,0.0,924,48.0
1,1,2,random,0.0,1.0,0.0015959031058161697,0.001489731084281285,-0.0008945390957987769,0.0,924,49.0
1,1,2,random_normmatched,0.0,1.0,0.019666885400627485,0.022810252251117956,-0.005382655657742701,0.0,924,49.0
1,1,2,random,0.0,1.0,0.00017472271448453313,-0.0014241871060123117,0.00012526151857939106,0.0,924,50.0
1,1,2,random_normmatched,0.0,1.0,0.013637377378795643,0.013958936100197319,0.007217024978030914,0.0,924,50.0
1,1,2,random,0.0,1.0,-0.0008624054456253863,-0.0034931289505073662,-6.791083736113401e-05,0.0,924,51.0
1,1,2,random_normmatched,0.0,1.0,-0.0016898727983282427,-0.0020008176356617505,0.002830041494172813,0.0,924,51.0
1,1,2,random,0.0,1.0,0.0035083040167229523,0.0030882079728287767,0.0011154441953747651,0.0,924,52.0
1,1,2,random_normmatched,0.0,1.0,0.025959675334729634,0.028014949332979988,0.003463887087490728,0.0,924,52.0
1,1,2,random,0.0,1.0,7.605309325642819e-05,-0.0018831359980491422,-4.359227394426199e-05,0.0,924,53.0
1,1,2,random_normmatched,0.0,1.0,0.0044804824779676265,0.004321725724658877,-0.00455492353883887,0.0,924,53.0
1,1,2,random,0.0,1.0,-7.346044992988167e-05,-0.0023799498969801587,0.0025733369480687345,0.0,924,54.0
1,1,2,random_normmatched,0.0,1.0,0.005822621910694169,0.0042706265402868235,0.008380400730563646,0.0,924,54.0
1,1,2,random,0.0,1.0,-0.0003812569527859819,-0.00273517127798287,0.0010318176782644459,0.0,924,55.0
1,1,2,random_normmatched,0.0,1.0,-0.002457204662722497,-0.0026194092550727833,0.005588779655910206,0.0,924,55.0
1,1,2,random,0.0,1.0,9.67456874190241e-05,-0.00019862585961724996,2.324440407288751e-05,0.0,924,56.0
1,1,2,random_normmatched,0.0,1.0,0.013009069435779994,0.013480592164980076,-0.003023635512379746,0.0,924,56.0
1,1,2,random,0.0,1.0,-0.0013957661512493406,-0.0025383687668798045,-0.0001683581578766001,0.0,924,57.0
1,1,2,random_normmatched,0.0,1.0,-0.00014658713883235512,0.0019293923198148535,-0.0018060232996125313,0.0,924,57.0
1,1,2,random,0.0,1.0,-9.951132112441694e-06,-0.002448316147330774,0.002032043317580552,0.0,924,58.0
1,1,2,random_normmatched,0.0,1.0,0.0029207274149310788,0.002762725282638192,0.01203479284559551,0.0,924,58.0
1,1,2,random,0.0,1.0,-9.760114221602666e-05,-0.0019129530425260725,-0.0006653550778938068,0.0,924,59.0
1,1,2,random_normmatched,0.0,1.0,0.004646824269379084,0.0023965706027796155,-0.001196100105891591,0.0,924,59.0
1,1,2,random,0.0,1.0,0.0002894099525499372,-0.00032529311120620716,0.00016895608746798986,0.0,924,60.0
1,1,2,random_normmatched,0.0,1.0,0.008874070603373908,0.008638084015419191,0.003876399986884934,0.0,924,60.0
1,1,2,random,0.0,1.0,-0.0003950365495498801,-0.0020797444443388046,0.0005116045999212077,0.0,924,61.0
1,1,2,random_normmatched,0.0,1.0,-0.004320968258737597,-0.00546530564976389,0.0038054860792774607,0.0,924,61.0
1,1,2,random,0.0,1.0,7.357737146884932e-05,-0.0012052559953330485,-0.00017547060864972974,0.0,924,62.0
1,1,2,random_normmatched,0.0,1.0,0.009534186308412206,0.006355778059267588,-0.005437776187767135,0.0,924,62.0
1,1,2,random,0.0,1.0,-0.0009068675481752735,-0.002294781149017772,0.0007049514970319305,0.0,924,63.0
1,1,2,random_normmatched,0.0,1.0,3.082069146729384e-05,-0.0019851757700854325,0.007448364891980242,0.0,924,63.0
1,1,2,random,0.0,1.0,0.0007940167068938395,0.00029632287771802165,-0.0005933435951306043,0.0,924,64.0
1,1,2,random_normmatched,0.0,1.0,0.011571570563845938,0.009384469165642409,0.0008074701358794143,0.0,924,64.0
1,1,2,random,0.0,1.0,-0.00046812213200862285,-0.003157512025698836,0.0002322866096846113,0.0,924,65.0
1,1,2,random_normmatched,0.0,1.0,0.0028252984884040992,0.0005793182746229163,-0.0019224509062116253,0.0,924,65.0
1,1,2,random,0.0,1.0,-0.0013429513692380895,-0.0028478553592263815,0.00351105778679832,0.0,924,66.0
1,1,2,random_normmatched,0.0,1.0,0.002903000771131006,0.0005720267360410841,0.01672707554001701,0.0,924,66.0
1,1,2,random,0.0,1.0,-0.0005496251871418896,-0.002266269401128693,-0.0001378079930913496,0.0,924,67.0
1,1,2,random_normmatched,0.0,1.0,0.005530511841466963,0.0007001702324603446,0.0075707970782977856,0.0,924,67.0
1,1,2,random,0.0,1.0,-0.0005096287527862227,-0.0024756863783380765,0.0003827336489118778,0.0,924,68.0
1,1,2,random_normmatched,0.0,1.0,0.004477807399255376,0.0018091878797473653,0.004184890321052116,0.0,924,68.0
1,1,2,random,0.0,1.0,-0.0011116533804363116,-0.004277107804262339,8.946885956788482e-05,0.0,924,69.0
1,1,2,random_normmatched,0.0,1.0,-0.0008779029782144457,-0.0027976651000172015,0.005164598378380085,0.0,924,69.0
1,1,2,random,0.0,1.0,-0.0002999296169484887,-0.002118305264955027,0.0009538678372925579,0.0,924,70.0
1,1,2,random_normmatched,0.0,1.0,0.0016927043216134904,-0.00572862625956915,0.009138013015144407,0.0,924,70.0
1,1,2,random,0.0,1.0,-0.00036501978773370195,-0.0025030561245469986,0.0011207609122009601,0.0,924,71.0
1,1,2,random_normmatched,0.0,1.0,0.005730055621883216,0.004389058442258711,0.013880067800543933,0.0,924,71.0
1,1,2,random,0.0,1.0,5.3773020644125666e-05,-0.0015102817526214147,0.0008390475833065297,0.0,924,72.0
1,1,2,random_normmatched,0.0,1.0,0.005218286410268124,0.006467699989570591,0.015446068049863766,0.0,924,72.0
1,1,2,random,0.0,1.0,0.000868627502933871,-8.552612950597099e-06,-0.0008541024378137592,0.0,924,73.0
1,1,2,random_normmatched,0.0,1.0,0.01770264986698297,0.014803179146511072,-0.004436816483625964,0.0,924,73.0
1,1,2,random,0.0,1.0,0.00045838422436801006,-0.0015958414554361202,-0.0012364225858078823,0.0,924,74.0
1,1,2,random_normmatched,0.0,1.0,0.00549906814865414,0.007680740540690439,-0.005601395758138693,0.0,924,74.0
1,1,2,random,0.0,1.0,-0.0004220321214866971,-0.002256101255439466,-0.0004810614891324938,0.0,924,75.0
1,1,2,random_normmatched,0.0,1.0,-0.0008550020486148651,-0.0035226261626166797,0.005261948726795888,0.0,924,75.0
1,1,2,random,0.0,1.0,-0.0010744077422179185,-0.002945333344671597,0.0021120603482854055,0.0,924,76.0
1,1,2,random_normmatched,0.0,1.0,-0.0013877016315426566,-0.006614614239832886,0.012420267890172993,0.0,924,76.0
1,1,2,random,0.0,1.0,0.002101944468727131,0.00016538477928923015,-0.0007061910605225116,0.0,924,77.0
1,1,2,random_normmatched,0.0,1.0,0.011759144703875068,0.015729501422607737,-0.005023421336614559,0.0,924,77.0
1,1,2,random,0.0,1.0,0.0014736468750562073,0.0007948863341050374,-7.091642986181357e-05,0.0,924,78.0
1,1,2,random_normmatched,0.0,1.0,0.015054641191314147,0.01679605433150407,-0.006717134407720522,0.0,924,78.0
1,1,2,random,0.0,1.0,-0.00017047297025055974,-0.0022257211427706876,-0.0002904263488476621,0.0,924,79.0
1,1,2,random_normmatched,0.0,1.0,0.0004152270818790063,0.003867889946236617,-0.009221474990382906,0.0,924,79.0
1,1,2,random,0.0,1.0,-0.0009480898288738397,-0.0033285327792667253,-0.00011935253075580708,0.0,924,80.0
1,1,2,random_normmatched,0.0,1.0,-0.0006626032314818479,-0.00019967130714274294,0.003406273731240166,0.0,924,80.0
1,1,2,random,0.0,1.0,-0.00015893240184740523,-0.0033885630023769704,0.00014845219721046148,0.0,924,81.0
1,1,2,random_normmatched,0.0,1.0,-0.0016308626181401231,-0.004680255330073912,0.006051614161587758,0.0,924,81.0
1,1,2,random,0.0,1.0,-0.00015171574884720182,-0.002243488911496855,0.00043974692087184707,0.0,924,82.0
1,1,2,random_normmatched,0.0,1.0,0.006790677580937779,0.00885978067459951,0.0050699674798003165,0.0,924,82.0
1,1,2,random,0.0,1.0,-0.0006856041773436471,-0.0032034586755927833,-0.00019852721565355132,0.0,924,83.0
1,1,2,random_normmatched,0.0,1.0,0.007578829070974146,0.00881971156148275,0.002484106796426634,0.0,924,83.0
1,1,2,random,0.0,1.0,0.0006738421831249597,-0.0001899798634353234,0.00039601497535453366,0.0,924,84.0
1,1,2,random_normmatched,0.0,1.0,0.014152234976948511,0.014411764534759926,-0.003970729687719473,0.0,924,84.0
1,1,2,random,0.0,1.0,0.0010449877112262069,-0.0013957073169041515,0.000429361058877646,0.0,924,85.0
1,1,2,random_normmatched,0.0,1.0,0.007532962590285038,0.009497416289670012,-0.002490337276046607,0.0,924,85.0
1,1,2,random,0.0,1.0,0.000411821330618741,-0.0007469065831306976,0.0006896874048099841,0.0,924,86.0
1,1,2,random_normmatched,0.0,1.0,0.010094213362761865,0.012107277257795453,0.015059111436277285,0.0,924,86.0
1,1,2,random,0.0,1.0,-0.00042125710991662514,-0.0014810743434717501,0.0004855446961650645,0.0,924,87.0
1,1,2,random_normmatched,0.0,1.0,0.00830260595193922,0.008351505952905108,0.0034771081380469736,0.0,924,87.0
1,1,2,random,0.0,1.0,-1.962923361523098e-05,-0.0003105009641388679,0.0033005711418750724,0.0,924,88.0
1,1,2,random_normmatched,0.0,1.0,0.005721719459354364,0.004795779956801196,0.019776394306373443,0.0,924,88.0
1,1,2,random,0.0,1.0,-3.026932269018505e-06,-0.0010103258326659365,4.64845627625248e-05,0.0,924,89.0
1,1,2,random_normmatched,0.0,1.0,0.008745731057720273,0.007565954560699747,-0.00216397952199162,0.0,924,89.0
1,1,2,random,0.0,1.0,0.001697595012229206,0.0009341053191675595,-0.0002297784346281595,0.0,924,90.0
1,1,2,random_normmatched,0.0,1.0,0.013798634390898228,0.02247632672572196,-0.0022931251349455283,0.0,924,90.0
1,1,2,random,0.0,1.0,-0.00023652196607494843,-0.0033470070641144077,-0.000669832877661713,0.0,924,91.0
1,1,2,random_normmatched,0.0,1.0,0.00017206360329437325,-0.003465898725117979,-0.005209870658599878,0.0,924,91.0
1,1,2,random,0.0,1.0,-0.0009062726644845935,-0.0027344292406297713,0.0006410997841248631,0.0,924,92.0
1,1,2,random_normmatched,0.0,1.0,-0.0010581132597477874,-0.0036346093380065225,0.014076259415168137,0.0,924,92.0
1,1,2,random,0.0,1.0,0.00024303938334403177,-0.0014491497648537273,0.0011600256796393698,0.0,924,93.0
1,1,2,random_normmatched,0.0,1.0,0.01053485145145594,0.008613099926212384,0.009708327775369141,0.0,924,93.0
1,1,2,random,0.0,1.0,-0.0004280259754182914,-0.002008754448910111,-0.000586220149666947,0.0,924,94.0
1,1,2,random_normmatched,0.0,1.0,-0.006375173683978788,-0.0019390464420261792,-0.003600356840914926,0.0,924,94.0
1,1,2,random,0.0,1.0,-0.0019928624416786387,-0.0041107594775189535,-0.0009239603449977183,0.0,924,95.0
1,1,2,random_normmatched,0.0,1.0,-0.0038739281723524236,-0.006463273194285094,0.005726297049831693,0.0,924,95.0
1,1,2,random,0.0,1.0,0.0004448863941029401,-0.0013681667198359555,0.0015749120054632236,0.0,924,96.0
1,1,2,random_normmatched,0.0,1.0,0.011406761244630106,0.010165076954691715,0.011868108156239142,0.0,924,96.0
1,1,2,random,0.0,1.0,0.00047024050146159135,-0.0017601923694871295,0.0008398383226884806,0.0,924,97.0
1,1,2,random_normmatched,0.0,1.0,0.007822606176229341,0.006166474638394732,0.008233145724526712,0.0,924,97.0
1,1,2,random,0.0,1.0,-0.0007262264784353727,-0.0034199154238131477,0.0008391190268389472,0.0,924,98.0
1,1,2,random_normmatched,0.0,1.0,0.005076349538394701,0.004136297200310329,0.006544136592106335,0.0,924,98.0
1,1,2,random,0.0,1.0,0.00023481432240141944,-0.0010557300324379939,-0.0003418519438743528,0.0,924,99.0
1,1,2,random_normmatched,0.0,1.0,0.004882723516530026,0.006684622415805591,-0.00406979772589144,0.0,924,99.0
1,1,2,shuffled_labels,0.14087301587301587,1.0,0.28187693424958826,0.32205598820086323,0.2583427676134365,0.09722222222222222,924,
1,1,3,random,0.0,1.0,0.0011077652831683058,0.00018062077690863458,0.0025252317552264345,0.0,924,0.0
1,1,3,random_normmatched,0.0,1.0,0.018429491692561136,0.02196678132832934,0.013449672024622434,0.0,924,0.0
1,1,3,random,0.0,1.0,-0.0016710324082284214,-0.0043618049869050685,-0.0002585828852452399,0.0,924,1.0
1,1,3,random_normmatched,0.0,1.0,-0.009576089604808597,-0.008963673463366415,0.0076981442257772256,0.0,924,1.0
1,1,3,random,0.0,1.0,-0.001199055927906046,-0.00040138242046961587,-0.0008523676872168112,0.0,924,2.0
1,1,3,random_normmatched,0.0,1.0,0.0099304629623908,0.008549640957355708,0.003592975782103539,0.0,924,2.0
1,1,3,random,0.0,1.0,0.00018725191636755919,0.0035618487201700506,-0.0007332533563126796,0.0,924,3.0
1,1,3,random_normmatched,0.0,1.0,0.018745893101252693,0.02757433371329486,0.0005878336686590927,0.0,924,3.0
1,1,3,random,0.0,1.0,-0.00046490544225225386,-0.0019166569449358842,0.0003383909109228553,0.0,924,4.0
1,1,3,random_normmatched,0.0,1.0,0.009675632605724807,0.012200055229392617,0.0016213141175515917,0.0,924,4.0
1,1,3,random,0.0,1.0,0.0006947170993785178,0.0021135570878349436,-0.0004321223493419544,0.0,924,5.0
1,1,3,random_normmatched,0.0,1.0,0.011298404487284777,0.018023866280733953,0.004831704176531717,0.0,924,5.0
1,1,3,random,0.0,1.0,-0.0003895511233286841,-0.0028027622911377752,-0.00042205459607093566,0.0,924,6.0
1,1,3,random_normmatched,0.0,1.0,0.009202619092448114,0.006335499617725446,-0.006291501518247581,0.0,924,6.0
1,1,3,random,0.0,1.0,-0.00046202818978424736,-0.0017815600765324954,-0.0015691247254254951,0.0,924,7.0
1,1,3,random_normmatched,0.0,1.0,0.006844962553633635,0.011938880280548975,-0.007147080012513308,0.0,924,7.0
1,1,3,random,0.0,1.0,-0.0013710754543126585,-0.0025550004964251245,-6.610546614954171e-05,0.0,924,8.0
1,1,3,random_normmatched,0.0,1.0,-0.007854826995779243,-0.005216546149428001,0.0003273941062953154,0.0,924,8.0
1,1,3,random,0.0,1.0,0.0001014592774332527,-0.0008367341197291906,0.0006197633294233768,0.0,924,9.0
1,1,3,random_normmatched,0.0,1.0,0.013552363801615137,0.011966412794437406,0.00816037376224692,0.0,924,9.0
1,1,3,random,0.0,1.0,-0.0014083835120731769,-0.003290145093841029,-9.687482533204752e-05,0.0,924,10.0
1,1,3,random_normmatched,0.0,1.0,0.0028518949015836404,0.005328730822029422,-0.0019298229881318121,0.0,924,10.0
1,1,3,random,0.0,1.0,-8.905544187377129e-05,-0.002112763047754306,0.0005610661978829353,0.0,924,11.0
1,1,3,random_normmatched,0.0,1.0,0.004304774480673808,0.0006313050490268082,0.009275993482917324,0.0,924,11.0
1,1,3,random,0.0,1.0,-9.064827794787877e-05,-0.0007632168712641552,-0.0005467127211052521,0.0,924,12.0
1,1,3,random_normmatched,0.0,1.0,0.00680381357205981,0.010773250444906297,-6.870468603562688e-05,0.0,924,12.0
1,1,3,random,0.0,1.0,-0.0010618480492173112,-0.0019452067313462012,0.0004174740442342525,0.0,924,13.0
1,1,3,random_normmatched,0.0,1.0,-0.00031491061492722097,0.0003756518082360385,0.006921477264225668,0.0,924,13.0
1,1,3,random,0.0,1.0,0.0011383837477419647,0.0030566470367917654,0.00033746840206629855,0.0,924,14.0
1,1,3,random_normmatched,0.0,1.0,0.020433768193653265,0.023240394779941106,0.00200681043471532,0.0,924,14.0
1,1,3,random,0.0,1.0,-0.00045875421568683094,-0.0020945751078815193,-0.0006605883205267815,0.0,924,15.0
1,1,3,random_normmatched,0.0,1.0,0.007589908824943651,0.005281261381861171,-0.00021249346499218537,0.0,924,15.0
1,1,3,random,0.0,1.0,0.0001668165760791345,-0.001024436200452513,-0.00044741720791575544,0.0,924,16.0
1,1,3,random_normmatched,0.0,1.0,0.009384000869919869,0.008576931867748728,0.000433340782066186,0.0,924,16.0
1,1,3,random,0.0,1.0,-0.0008612626380963175,-0.002459362684024297,-0.0005805961651517135,0.0,924,17.0
1,1,3,random_normmatched,0.0,1.0,0.005905797058951492,0.004236137826697164,0.0007844486173335709,0.0,924,17.0
1,1,3,random,0.0,1.0,-0.0004922763258762824,-0.0011470046753847354,2.539023499567948e-05,0.0,924,18.0
1,1,3,random_normmatched,0.0,1.0,0.014895114788290448,0.005574347130781156,0.005095500257603074,0.0,924,18.0
1,1,3,random,0.0,1.0,-0.002097539468689567,-0.004600195071385948,-0.00026900516593441985,0.0,924,19.0
1,1,3,random_normmatched,0.0,1.0,-0.007576020024106046,-0.009018297998361003,0.0005513557387342929,0.0,924,19.0
1,1,3,random,0.0,1.0,-0.0010617966333693143,-0.0033981142048597483,0.0005681718692857063,0.0,924,20.0
1,1,3,random_normmatched,0.0,1.0,0.005291667603229448,0.0058055950510567025,0.004678854899234308,0.0,924,20.0
1,1,3,random,0.0,1.0,-0.0011886025438851394,-0.0032740973372302976,-0.0005453147499140647,0.0,924,21.0
1,1,3,random_normmatched,0.0,1.0,0.0030056030967067515,-0.002632458938151224,0.003374247267523875,0.0,924,21.0
1,1,3,random,0.0,1.0,0.00036556062411614686,0.000572470491660649,-0.0003225236227808762,0.0,924,22.0
1,1,3,random_normmatched,0.0,1.0,0.02193359482659043,0.019144169356237178,-0.0030491325742894584,0.0,924,22.0
1,1,3,random,0.0,1.0,-0.00042344540018173415,-0.0006230725861332045,0.00029199791576100804,0.0,924,23.0
1,1,3,random_normmatched,0.0,1.0,-0.002650419107803021,0.00015572003618469354,0.005980974005721276,0.0,924,23.0
1,1,3,random,0.0,1.0,-0.002233299304648078,-0.004064778332326737,-0.0003308841228614565,0.0,924,24.0
1,1,3,random_normmatched,0.0,1.0,-0.012563834593818317,-0.012732740699507994,-0.002213839859593594,0.0,924,24.0
1,1,3,random,0.0,1.0,-0.0009367587475191462,-0.0021963338790037166,0.001004289662045603,0.0,924,25.0
1,1,3,random_normmatched,0.0,1.0,0.0025999808353816154,0.008174821594683893,0.006449042957685454,0.0,924,25.0
1,1,3,random,0.0,1.0,-0.0005392829998319529,-0.0012609263285916826,-0.00045776694982365264,0.0,924,26.0
1,1,3,random_normmatched,0.0,1.0,0.006223833843987627,0.007808618176089983,-0.0029591787633472706,0.0,924,26.0
1,1,3,random,0.0,1.0,-0.00031082998768594626,-0.0012407503073003923,-0.0005303799177230896,0.0,924,27.0
1,1,3,random_normmatched,0.0,1.0,0.010083873139926855,0.012916837071495909,0.0004104033858101312,0.0,924,27.0
1,1,3,random,0.0,1.0,-0.0015687369260626637,-0.0021659312547527816,-0.0001185495088150685,0.0,924,28.0
1,1,3,random_normmatched,0.0,1.0,-0.0013446383943500474,1.8184414208183307e-05,0.0027266815134501738,0.0,924,28.0
1,1,3,random,0.0,1.0,-0.0011863947406248656,-0.003612897548915876,-0.000515412021975974,0.0,924,29.0
1,1,3,random_normmatched,0.0,1.0,0.0071462133892526754,0.009613179281213172,0.001946668038007979,0.0,924,29.0
1,1,3,random,0.0,1.0,-0.0006854526897601815,-0.0029841746598984146,-0.000765293694391768,0.0,924,30.0
1,1,3,random_normmatched,0.0,1.0,0.002008373232007884,0.003911055865648527,3.535191950254662e-05,0.0,924,30.0
1,1,3,random,0.0,1.0,-0.00152048962584371,-0.003857998298878401,-0.0005736324725543269,0.0,924,31.0
1,1,3,random_normmatched,0.0,1.0,0.0002230583094080107,-0.0030245050096279354,-0.003725363663964574,0.0,924,31.0
1,1,3,random,0.0,1.0,-0.0004560652888154175,0.00028773906987155723,0.00023863098822565366,0.0,924,32.0
1,1,3,random_normmatched,0.0,1.0,0.005584679448180271,0.014434896005044266,0.005252235924111377,0.0,924,32.0
1,1,3,random,0.0,1.0,-0.002302953840683096,-0.0038834043215150776,1.3364325611384954e-05,0.0,924,33.0
1,1,3,random_normmatched,0.0,1.0,0.008735627705858135,0.005194095327853459,-0.0009801517263254593,0.0,924,33.0
1,1,3,random,0.0,1.0,-0.0006083123460719499,-0.0033194793643387148,-0.000763255897942744,0.0,924,34.0
1,1,3,random_normmatched,0.0,1.0,0.002047777756605286,-0.0038639985358688332,-0.0022225963802848707,0.0,924,34.0
1,1,3,random,0.0,1.0,-0.0005875490694113069,-0.0026601462079610142,0.00010230284029580399,0.0,924,35.0
1,1,3,random_normmatched,0.0,1.0,0.004264125885195661,0.005538946411352676,0.0002624449646369644,0.0,924,35.0
1,1,3,random,0.0,1.0,-0.00028819260673998827,-0.00014058084908472927,-9.916433535144087e-05,0.0,924,36.0
1,1,3,random_normmatched,0.0,1.0,0.009170977783277804,0.010451611318800942,-0.000703571521841699,0.0,924,36.0
1,1,3,random,0.0,1.0,0.00021461971932648907,4.1030489252712764e-05,9.860435427509752e-06,0.0,924,37.0
1,1,3,random_normmatched,0.0,1.0,0.00415780055466494,0.00910294857795713,0.011371460891809826,0.0,924,37.0
1,1,3,random,0.0,1.0,-0.0006463726796905719,-0.0012897849545924361,0.00033198621198681064,0.0,924,38.0
1,1,3,random_normmatched,0.0,1.0,0.00021154511019313028,0.008763343124752439,-0.002282752041950216,0.0,924,38.0
1,1,3,random,0.0,1.0,-0.003058990460330575,-0.004511796631028148,-0.0006092468473964004,0.0,924,39.0
1,1,3,random_normmatched,0.0,1.0,-0.008708214153349264,-0.004758706775942492,-0.0014553892340753614,0.0,924,39.0
1,1,3,random,0.0,1.0,-0.0002613665682742552,-0.003138935059192864,2.540841179058847e-05,0.0,924,40.0
1,1,3,random_normmatched,0.0,1.0,0.007163012193470366,0.0065643277957069335,-0.001732022610880468,0.0,924,40.0
1,1,3,random,0.0,1.0,6.826082323309533e-05,-0.00115707752532984,4.8628826336247966e-05,0.0,924,41.0
1,1,3,random_normmatched,0.0,1.0,0.00693338880649768,0.009131284815158425,-0.0015991629692369922,0.0,924,41.0
1,1,3,random,0.0,1.0,-0.002037620321023307,-0.0038034361046712113,-0.00036021119182662537,0.0,924,42.0
1,1,3,random_normmatched,0.0,1.0,-0.0058225857198013105,-0.0026388946627571856,0.0007531255041005567,0.0,924,42.0
1,1,3,random,0.0,1.0,-0.000963277234334256,-0.0021212478496130437,0.001126936211675358,0.0,924,43.0
1,1,3,random_normmatched,0.0,1.0,-0.0089430310043749,-0.014203694908360645,0.010339614176097184,0.0,924,43.0
1,1,3,random,0.0,1.0,-0.0018434941233056775,-0.0031008779274416544,0.00017465234722461578,0.0,924,44.0
1,1,3,random_normmatched,0.0,1.0,-0.0009750368491916375,0.0030921061198211333,0.00022985889107087637,0.0,924,44.0
1,1,3,random,0.0,1.0,-0.0006904400782567757,-0.0011209068936103674,-0.0001938128323337299,0.0,924,45.0
1,1,3,random_normmatched,0.0,1.0,0.006911757789043942,0.0060789369051415,0.002811123883005397,0.0,924,45.0
1,1,3,random,0.0,1.0,-0.00019560563018871058,-0.001216387331829914,-0.0005887394861313187,0.0,924,46.0
1,1,3,random_normmatched,0.0,1.0,0.008491001010691012,0.010247418253643425,-0.0004947894039071247,0.0,924,46.0
1,1,3,random,0.0,1.0,0.00024412461363236952,-0.00011046430701261743,-0.00013650502002150478,0.0,924,47.0
1,1,3,random_normmatched,0.0,1.0,0.015351161148841736,0.021838331698190817,-0.001072469023275539,0.0,924,47.0
1,1,3,random,0.0,1.0,-0.0002225378708820273,-0.0018343382200334466,-0.0010709207151774248,0.0,924,48.0
1,1,3,random_normmatched,0.0,1.0,0.016834992458286253,0.017224755742094762,-0.0039839911092864055,0.0,924,48.0
1,1,3,random,0.0,1.0,0.00040654297599469313,-0.0006797478322547045,0.00043795779960041886,0.0,924,49.0
1,1,3,random_normmatched,0.0,1.0,0.011496640047584489,0.010242005129321878,-0.0017664799494493395,0.0,924,49.0
1,1,3,random,0.0,1.0,-0.001812630477059607,-0.0020365005970679625,-0.0002561071396837691,0.0,924,50.0
1,1,3,random_normmatched,0.0,1.0,-0.01685407646842965,-0.011136158753383476,-0.001232039624088045,0.0,924,50.0
1,1,3,random,0.0,1.0,-0.0016467319758934492,-0.004156343303028242,-0.00042647962604956094,0.0,924,51.0
1,1,3,random_normmatched,0.0,1.0,-0.00038272775513982916,-0.0035748502719893526,-0.0014259321589383592,0.0,924,51.0
1,1,3,random,0.0,1.0,0.00018491023423482602,-0.001090849383946961,0.0007029281261956971,0.0,924,52.0
1,1,3,random_normmatched,0.0,1.0,0.006243882457515226,0.010737006330249786,0.005904174161113496,0.0,924,52.0
1,1,3,random,0.0,1.0,-0.0007558916418727226,-0.0021364964150934187,-0.0001679114627279973,0.0,924,53.0
1,1,3,random_normmatched,0.0,1.0,0.0003386623003435279,0.005628480418662857,0.0009217061546938534,0.0,924,53.0
1,1,3,random,0.0,1.0,-0.0014135561395196982,-0.0040993621728901836,0.0002537434846029052,0.0,924,54.0
1,1,3,random_normmatched,0.0,1.0,-0.0016944271021411455,-0.0039740946014930065,0.0007018951191787839,0.0,924,54.0
1,1,3,random,0.0,1.0,-0.00013927563463104908,-0.00014976788424116667,6.224463404813903e-05,0.0,924,55.0
1,1,3,random_normmatched,0.0,1.0,0.006905612460882445,0.00738538682136956,0.003328970654035204,0.0,924,55.0
1,1,3,random,0.0,1.0,0.00013290781091020466,0.0002792540945704308,0.00021775169831966763,0.0,924,56.0
1,1,3,random_normmatched,0.0,1.0,0.011920119442741139,0.011616359954943862,0.0014252409655257738,0.0,924,56.0
1,1,3,random,0.0,1.0,-0.0030813636413424533,-0.0050934422906624265,-0.0009171389015262864,0.0,924,57.0
1,1,3,random_normmatched,0.0,1.0,-0.009779469533218923,-0.00874951502037129,-0.004503829721064301,0.0,924,57.0
1,1,3,random,0.0,1.0,-0.001070097312698086,-0.0016512050359960271,-0.0009657555830215629,0.0,924,58.0
1,1,3,random_normmatched,0.0,1.0,0.005810781102176024,0.01079686166537259,-0.005665489494800203,0.0,924,58.0
1,1,3,random,0.0,1.0,-0.0006171014580949663,-0.001088951750366535,0.0002159916670094832,0.0,924,59.0
1,1,3,random_normmatched,0.0,1.0,0.007757195143279159,0.01087054060983415,0.0015369413031015734,0.0,924,59.0
1,1,3,random,0.0,1.0,0.00013503676829873895,-0.0009385442797649801,0.0004144826496374586,0.0,924,60.0
1,1,3,random_normmatched,0.0,1.0,0.008127776168917931,0.013667167909221858,0.005211556884289672,0.0,924,60.0
1,1,3,random,0.0,1.0,0.0008421873063947532,0.0008196206726036922,-0.0019369017513032223,0.0,924,61.0
1,1,3,random_normmatched,0.0,1.0,0.00782935696876767,0.01411587545056253,-0.00938225752439668,0.0,924,61.0
1,1,3,random,0.0,1.0,-0.0008072823428172132,-0.0015491601675119736,-0.0009429656656326209,0.0,924,62.0
1,1,3,random_normmatched,0.0,1.0,-0.005889767992636716,0.007548730108791125,-0.004481449861722529,0.0,924,62.0
1,1,3,random,0.0,1.0,-0.00022708791538605635,-0.0013253847802819907,-0.0009020859277233598,0.0,924,63.0
1,1,3,random_normmatched,0.0,1.0,0.004335379863486483,0.006132772107783722,-0.004404912231617951,0.0,924,63.0
1,1,3,random,0.0,1.0,-0.0007531621627719671,-0.000595312471323111,-1.7391824018088278e-06,0.0,924,64.0
1,1,3,random_normmatched,0.0,1.0,0.0051951533313838215,0.01103110955802729,-0.0036012317204555605,0.0,924,64.0
1,1,3,random,0.0,1.0,-4.732125615467899e-06,-0.0009562106857546075,0.00035346697817479386,0.0,924,65.0
1,1,3,random_normmatched,0.0,1.0,0.014423983749822657,0.010816329963773469,0.0010762449398509094,0.0,924,65.0
1,1,3,random,0.0,1.0,-0.0008401335923344938,-0.003474883345301164,0.00027523810593631953,0.0,924,66.0
1,1,3,random_normmatched,0.0,1.0,0.004050127284529801,0.006867960780269258,0.004085300676964559,0.0,924,66.0
1,1,3,random,0.0,1.0,-0.0014826401944165793,-0.002368341262275598,-0.0007457797144762681,0.0,924,67.0
1,1,3,random_normmatched,0.0,1.0,0.003693822922882735,0.005712783214637468,-0.004958694060277872,0.0,924,67.0
1,1,3,random,0.0,1.0,-0.0011989150565706692,-0.0019936508528575763,0.00014530997874260117,0.0,924,68.0
1,1,3,random_normmatched,0.0,1.0,0.0037592623916296243,0.0009250063356333961,-0.0008430963412273541,0.0,924,68.0
1,1,3,random,0.0,1.0,-0.0008739802413214714,-0.0022619799186182794,0.00122075472654045,0.0,924,69.0
1,1,3,random_normmatched,0.0,1.0,-0.011450434229728555,-0.010442608310540294,0.009267079217665685,0.0,924,69.0
1,1,3,random,0.0,1.0,-0.0008310378967905216,-0.0028458452811624515,0.0010918692466249213,0.0,924,70.0
1,1,3,random_normmatched,0.0,1.0,0.002819800923367711,0.002596605716179126,0.007924958879035608,0.0,924,70.0
1,1,3,random,0.0,1.0,-0.00010939830403620166,-0.0010092827752319407,-0.00039811433367771987,0.0,924,71.0
1,1,3,random_normmatched,0.0,1.0,-0.003935215055858291,0.0017944495250065762,-0.0007777578053315394,0.0,924,71.0
1,1,3,random,0.0,1.0,-0.0004730380661619326,-0.00017030687181378385,-0.00017885920193502856,0.0,924,72.0
1,1,3,random_normmatched,0.0,1.0,0.011959798188721437,0.012991477369345627,0.0004764799010686505,0.0,924,72.0
1,1,3,random,0.0,1.0,-0.00018363505281876997,-0.0011647006462200465,-0.001146047341572508,0.0,924,73.0
1,1,3,random_normmatched,0.0,1.0,0.0018196292517850252,0.01006459536500172,-0.003299291511037831,0.0,924,73.0
1,1,3,random,0.0,1.0,8.18664089838066e-06,0.0006298485442659851,-0.000646548458153446,0.0,924,74.0
1,1,3,random_normmatched,0.0,1.0,0.00677037946758217,0.013434705616409692,-0.004753671978813585,0.0,924,74.0
1,1,3,random,0.0,1.0,-0.0017735436127598778,-0.004201859141523123,-0.0002699340436192125,0.0,924,75.0
1,1,3,random_normmatched,0.0,1.0,-0.0015804600589427692,0.0001032432113151021,0.003532244429605879,0.0,924,75.0
1,1,3,random,0.0,1.0,-0.0001312418635215678,-0.0015973675089230106,0.000173513164276923,0.0,924,76.0
1,1,3,random_normmatched,0.0,1.0,0.006974604703695268,0.00902605553279947,-0.002175837747643223,0.0,924,76.0
1,1,3,random,0.0,1.0,-0.0021364792105870592,-0.0013003215229221926,0.000581031919646725,0.0,924,77.0
1,1,3,random_normmatched,0.0,1.0,-0.0020507660333484393,-0.0010168162116493138,0.007181438348076434,0.0,924,77.0
1,1,3,random,0.0,1.0,-0.0004805788640959002,-0.0015071220449210173,6.231151963291933e-05,0.0,924,78.0
1,1,3,random_normmatched,0.0,1.0,0.004089228612934595,0.006051816822386412,-0.001093215965596922,0.0,924,78.0
1,1,3,random,0.0,1.0,-0.00019077882834500637,-0.0018226648441743282,0.00043140972350021596,0.0,924,79.0
1,1,3,random_normmatched,0.0,1.0,0.011349531906539864,0.01728148224644709,0.004188437920639075,0.0,924,79.0
1,1,3,random,0.0,1.0,-0.0011638475478865419,-0.001970137392353354,-0.0005091274928274649,0.0,924,80.0
1,1,3,random_normmatched,0.0,1.0,-0.007394966253821422,-0.0033867362286927522,-0.0020274605766821613,0.0,924,80.0
1,1,3,random,0.0,1.0,-0.00016256566348871133,-0.0015109881347046637,4.783360891902009e-05,0.0,924,81.0
1,1,3,random_normmatched,0.0,1.0,0.009258197619338767,0.010754314143275621,0.0028283097520959244,0.0,924,81.0
1,1,3,random,0.0,1.0,-0.0008504810013805911,-0.0021231344284023896,-0.0009096674789681156,0.0,924,82.0
1,1,3,random_normmatched,0.0,1.0,0.00013743267908931033,0.0006649380318696686,-0.0010009696600094316,0.0,924,82.0
1,1,3,random,0.0,1.0,-0.00029582884675866995,-0.0024904504553896712,-0.00013792702185897018,0.0,924,83.0
1,1,3,random_normmatched,0.0,1.0,0.009019762101026771,0.012501483622254936,0.001694829597807826,0.0,924,83.0
1,1,3,random,0.0,1.0,-0.0010607321154650787,-0.003470205959417791,-0.0004492240708157163,0.0,924,84.0
1,1,3,random_normmatched,0.0,1.0,0.00433285660730824,0.003908160005338543,0.014436890860934295,0.0,924,84.0
1,1,3,random,0.0,1.0,0.0009441787271470764,0.0018260705827138522,-0.00023639929414746174,0.0,924,85.0
1,1,3,random_normmatched,0.0,1.0,0.00983934248470188,0.02099562995858647,-3.396123943449767e-05,0.0,924,85.0
1,1,3,random,0.0,1.0,0.0006588179139320159,-0.00037184959741676997,1.773273909135851e-05,0.0,924,86.0
1,1,3,random_normmatched,0.0,1.0,0.014599049601018103,0.014179831848327735,0.0020514216052242244,0.0,924,86.0
1,1,3,random,0.0,1.0,0.0003866827140442243,-0.0007258523156275996,0.0007507898943596022,0.0,924,87.0
1,1,3,random_normmatched,0.0,1.0,0.01474715068981362,0.009745742200408422,0.0017172145546398526,0.0,924,87.0
1,1,3,random,0.0,1.0,-9.059146518456937e-05,-0.0023192991858788717,-0.0005152196991389742,0.0,924,88.0
1,1,3,random_normmatched,0.0,1.0,0.00868912292631507,0.006518518997089505,-0.0032671066984388463,0.0,924,88.0
1,1,3,random,0.0,1.0,-0.0016057754060570402,-0.002979155573310456,-0.0001243282206376543,0.0,924,89.0
1,1,3,random_normmatched,0.0,1.0,0.005130217162094585,0.002392055166997572,0.002620968211892038,0.0,924,89.0
1,1,3,random,0.0,1.0,-0.0014246185684197452,-0.0010611834626376132,0.0016843160816201333,0.0,924,90.0
1,1,3,random_normmatched,0.0,1.0,0.00317236040235336,0.001689862034796111,0.012441019741881805,0.0,924,90.0
1,1,3,random,0.0,1.0,-0.00186366727265671,-0.004368308796000197,-0.0004332184197996667,0.0,924,91.0
1,1,3,random_normmatched,0.0,1.0,-0.002801255715882899,-0.008871270621237236,-0.005361912651935951,0.0,924,91.0
1,1,3,random,0.0,1.0,-0.0018785445525167101,-0.003684061387182627,0.00036919754600935354,0.0,924,92.0
1,1,3,random_normmatched,0.0,1.0,0.0017039956429222847,-0.007784583008748015,0.000901728227887416,0.0,924,92.0
1,1,3,random,0.0,1.0,-0.0016851127098553508,-0.002706612099942274,2.633119433959428e-06,0.0,924,93.0
1,1,3,random_normmatched,0.0,1.0,-0.003935531341946111,-0.006110174364551296,0.0012762234574874448,0.0,924,93.0
1,1,3,random,0.0,1.0,-0.0010853354149727786,-0.00166122029277543,-0.0014189441705559727,0.0,924,94.0
1,1,3,random_normmatched,0.0,1.0,0.00810145485156874,0.016738690919426362,-0.0038530854665257885,0.0,924,94.0
1,1,3,random,0.0,1.0,-0.000771776849318864,0.0015318030461924797,-0.0013510537985964959,0.0,924,95.0
1,1,3,random_normmatched,0.0,1.0,0.004756710889213919,0.026467837279248597,-0.00709060114727875,0.0,924,95.0
1,1,3,random,0.0,1.0,6.953219664169406e-05,0.00035600781799856914,0.0003944153824970831,0.0,924,96.0
1,1,3,random_normmatched,0.0,1.0,0.005832809439733857,0.015115591914186344,-0.0006016661763345555,0.0,924,96.0
1,1,3,random,0.0,1.0,-0.0006368140126866862,-0.0017036757095141904,-0.0008908735472559176,0.0,924,97.0
1,1,3,random_normmatched,0.0,1.0,0.011771999608850319,0.0062868576606937,0.0008192102356952503,0.0,924,97.0
1,1,3,random,0.0,1.0,0.0011478762564122677,0.0015566298633211794,0.00012581968942347786,0.0,924,98.0
1,1,3,random_normmatched,0.0,1.0,0.01289419739435646,0.019559534247438348,-0.0015345079545482769,0.0,924,98.0
1,1,3,random,0.0,1.0,-0.0011785259422326414,-0.0027817037403385252,-0.0012430469392918477,0.0,924,99.0
1,1,3,random_normmatched,0.0,1.0,-0.00011031770765898669,0.0014024537147763743,-0.0003912281723033521,0.0,924,99.0
1,1,3,shuffled_labels,0.03968253968253968,1.0,0.2232905027425867,0.2662737115626468,0.09246990346071876,0.0,924,
1,1,4,random,0.0,1.0,0.0006621969584784315,-0.00012373258379048512,0.0005977096005283872,0.0,630,0.0
1,1,4,random_normmatched,0.0,1.0,0.0028710159420114885,-6.529449470205855e-05,0.004272650448288645,0.0,630,0.0
1,1,4,random,0.0,1.0,0.0007259975882704816,0.0006251308491768351,-0.0006489618730129385,0.0,630,1.0
1,1,4,random_normmatched,0.0,1.0,0.00920399755415443,0.0032365704930961835,0.000614025449821797,0.0,630,1.0
1,1,4,random,0.0,1.0,0.0003022018873319989,-0.0002634683467796336,-0.0009022815284214732,0.0,630,2.0
1,1,4,random_normmatched,0.0,1.0,0.0046959585611290365,0.005399439649126576,-0.0006029760900793328,0.0,630,2.0
1,1,4,random,0.0,1.0,-0.0008387795203021509,-0.0003655742845014146,-0.0010512701540144399,0.0,630,3.0
1,1,4,random_normmatched,0.0,1.0,-0.00015223243390205876,0.00026561822427625996,-0.0026314410440708607,0.0,630,3.0
1,1,4,random,0.0,1.0,0.0004770293747495203,0.0005480743229887884,-5.5621829895289406e-05,0.0,630,4.0
1,1,4,random_normmatched,0.0,1.0,0.002881683473901998,0.0006144117539722648,0.005885088883864857,0.0,630,4.0
1,1,4,random,0.0,1.0,0.0018186072397156788,0.0016154046654084547,-0.0005998978490849852,0.0,630,5.0
1,1,4,random_normmatched,0.0,1.0,0.008396992160294405,0.006605765889816359,0.00138421119901881,0.0,630,5.0
1,1,4,random,0.0,1.0,-0.0025617029912843466,-0.004556117919969755,-0.0007797742117061944,0.0,630,6.0
1,1,4,random_normmatched,0.0,1.0,-0.004175784159816986,-0.018682030453339812,-0.003605753131357121,0.0,630,6.0
1,1,4,random,0.0,1.0,0.0016817493829797872,0.0020515811112339468,7.307901647494476e-05,0.0,630,7.0
1,1,4,random_normmatched,0.0,1.0,0.01015378167413375,0.018157096923327554,0.0037789804744520587,0.0,630,7.0
1,1,4,random,0.0,1.0,0.001138083064592639,0.0006634094514638769,0.00020990849089248866,0.0,630,8.0
1,1,4,random_normmatched,0.0,1.0,0.0037873586080842464,0.0033306544033207025,0.0007409726329092536,0.0,630,8.0
1,1,4,random,0.0,1.0,0.0004008275693521236,0.0004251942354371517,0.0003353445528063252,0.0,630,9.0
1,1,4,random_normmatched,0.0,1.0,0.005755214323593031,0.008381348117618068,0.0015945311116001726,0.0,630,9.0
1,1,4,random,0.0,1.0,0.00031250005911396395,-0.00025415695335999117,-0.0005954127611405907,0.0,630,10.0
1,1,4,random_normmatched,0.0,1.0,0.00028535187629209497,-0.0003275477236448226,0.0023490126053892497,0.0,630,10.0
1,1,4,random,0.0,1.0,0.0005236310363128996,0.00033703274438592987,-4.185504160325737e-05,0.0,630,11.0
1,1,4,random_normmatched,0.0,1.0,0.0024995395549574674,-0.005672587167477455,-0.002127004489643917,0.0,630,11.0
1,1,4,random,0.0,1.0,7.531870276444084e-05,0.00034969020792798765,0.00010510103124313552,0.0,630,12.0
1,1,4,random_normmatched,0.0,1.0,-0.001211064819064704,-0.009204703858630169,0.0008519892074963524,0.0,630,12.0
1,1,4,random,0.0,1.0,0.0009696586016085347,0.0005692404041977033,0.0004667520252280001,0.0,630,13.0
1,1,4,random_normmatched,0.0,1.0,0.0070056005281193484,0.010201205850620345,0.009871470465968249,0.0,630,13.0
1,1,4,random,0.0,1.0,0.0018771996008023456,0.0010788391988139452,0.0005432762563616622,0.0,630,14.0
1,1,4,random_normmatched,0.0,1.0,0.002934393654865761,0.0010448067439993308,0.0018332198321670409,0.0,630,14.0
1,1,4,random,0.0,1.0,5.170527880481727e-05,-7.682868822961208e-05,-0.00032020150340430554,0.0,630,15.0
1,1,4,random_normmatched,0.0,1.0,-0.0020785151265274894,-0.0058051837392812215,-0.0011208933337376545,0.0,630,15.0
1,1,4,random,0.0,1.0,-0.0009655236720662406,-0.001691838411935939,-0.000500431087975577,0.0,630,16.0
1,1,4,random_normmatched,0.0,1.0,-0.0005195248234107371,-0.009404832864550615,0.0029348279691636236,0.0,630,16.0
1,1,4,random,0.0,1.0,0.00035996002183749046,7.558856074185986e-05,-0.00037130579646659526,0.0,630,17.0
1,1,4,random_normmatched,0.0,1.0,0.00456124020057615,0.002367561751706006,0.002532189110693252,0.0,630,17.0
1,1,4,random,0.0,1.0,-0.0006207521701216071,-0.002823203436507383,0.00020565779202171285,0.0,630,18.0
1,1,4,random_normmatched,0.0,1.0,0.0007388272481688424,-0.006064141810602031,0.002573786176548666,0.0,630,18.0
1,1,4,random,0.0,1.0,0.00019066961906106275,4.530780735872034e-05,0.00042071143302855533,0.0,630,19.0
1,1,4,random_normmatched,0.0,1.0,0.006021847090570426,-0.0032855635055605405,0.003769772195222335,0.0,630,19.0
1,1,4,random,0.0,1.0,0.002138836200165935,0.002460219885213515,0.0006507844342721237,0.0,630,20.0
1,1,4,random_normmatched,0.0,1.0,0.00778041709510467,-0.0007315174530405637,0.0010732804882779667,0.0,630,20.0
1,1,4,random,0.0,1.0,0.0004192336087145307,-0.0018088116850636224,-0.00046425399346322106,0.0,630,21.0
1,1,4,random_normmatched,0.0,1.0,-0.005304458633935895,-0.008198317718322965,0.0026071211141975954,0.0,630,21.0
1,1,4,random,0.0,1.0,-2.2091299636646145e-05,-0.0001608728035232059,-0.0005827767225118846,0.0,630,22.0
1,1,4,random_normmatched,0.0,1.0,0.00993278794108368,0.008931533379831654,-8.193138439588902e-05,0.0,630,22.0
1,1,4,random,0.0,1.0,0.0015118494516230278,0.001637084522120891,-0.00016731471467545332,0.0,630,23.0
1,1,4,random_normmatched,0.0,1.0,0.007696585914287393,0.007386041392037123,0.0027100227123189676,0.0,630,23.0
1,1,4,random,0.0,1.0,-0.00023580219299606842,-0.0008877077722182544,-0.0003907893352038552,0.0,630,24.0
1,1,4,random_normmatched,0.0,1.0,-0.0037481617396215045,-0.011770648298743056,0.0016768602746020677,0.0,630,24.0
1,1,4,random,0.0,1.0,0.0009912482594399462,0.0009375079617311721,-0.0008259073174090519,0.0,630,25.0
1,1,4,random_normmatched,0.0,1.0,0.0013832649594720237,0.0011461223968435943,0.0027006895843183065,0.0,630,25.0
1,1,4,random,0.0,1.0,-0.0005815945281762796,-0.0017338344532880133,-0.00018665430640063516,0.0,630,26.0
1,1,4,random_normmatched,0.0,1.0,0.00433899533964084,-0.004032757802039348,0.0025785658487563977,0.0,630,26.0
1,1,4,random,0.0,1.0,-0.0006460118446916946,-0.0004896701198725989,0.0003207726154478968,0.0,630,27.0
1,1,4,random_normmatched,0.0,1.0,-0.0017200455486750302,-0.003526351024651266,0.0021078445081966005,0.0,630,27.0
1,1,4,random,0.0,1.0,0.0012649834490195133,0.0007259592418278417,-0.00042807098671180407,0.0,630,28.0
1,1,4,random_normmatched,0.0,1.0,0.0012956636475332584,0.0016205150885650632,-0.001510054513235668,0.0,630,28.0
1,1,4,random,0.0,1.0,0.0,0.00010089902445096459,0.00033537955576851364,0.0,630,29.0
1,1,4,random_normmatched,0.0,1.0,0.006490621544575074,0.010483668483836384,0.005394501057168239,0.0,630,29.0
1,1,4,random,0.0,1.0,-0.001611130694862758,-0.0020705394264052754,-0.00047521153642029627,0.0,630,30.0
1,1,4,random_normmatched,0.0,1.0,-0.0049213912983596874,-0.004173482530983929,-0.0023326822707852458,0.0,630,30.0
1,1,4,random,0.0,1.0,0.0006913776080149605,0.0004323517322446379,-0.00040650147409898666,0.0,630,31.0
1,1,4,random_normmatched,0.0,1.0,0.0025171347720964565,0.003430551652193938,-0.0018072352806137396,0.0,630,31.0
1,1,4,random,0.0,1.0,0.0020129846266499106,0.0020972822162556356,-0.00041952622912545004,0.0,630,32.0
1,1,4,random_normmatched,0.0,1.0,0.011372015554315447,0.01673013163398063,-0.0008572661698919118,0.0,630,32.0
1,1,4,random,0.0,1.0,-0.0007230984473996595,-0.0023639176468043693,0.0008373451494505617,0.0,630,33.0
1,1,4,random_normmatched,0.0,1.0,-0.005083069572962933,-4.475585113814993e-05,0.009805273809343231,0.0,630,33.0
1,1,4,random,0.0,1.0,0.0013960712425226819,0.0011402551183905102,-0.0013306647895868849,0.0,630,34.0
1,1,4,random_normmatched,0.0,1.0,0.005179514932257051,0.011382729433285296,-0.0075839379861990545,0.0,630,34.0
1,1,4,random,0.0,1.0,0.0011065700892203929,0.00116537702161495,0.0003326258069202309,0.0,630,35.0
1,1,4,random_normmatched,0.0,1.0,0.008737259932421096,0.011250148426743972,0.004656364291399375,0.0,630,35.0
1,1,4,random,0.0,1.0,0.0011248167094877746,0.002610888181136866,-1.0954762309044799e-05,0.0,630,36.0
1,1,4,random_normmatched,0.0,1.0,0.006590216225668555,0.009207101258436443,0.009898880836582559,0.0,630,36.0
1,1,4,random,0.0,1.0,-3.262226220233149e-05,-0.0009306548310121757,0.00023971846442441045,0.0,630,37.0
1,1,4,random_normmatched,0.0,1.0,-0.001021370698217755,-0.004283167026637284,0.008613241674485505,0.0,630,37.0
1,1,4,random,0.0,1.0,0.0010155128504141125,0.0005942517104088928,3.8542316523875006e-05,0.0,630,38.0
1,1,4,random_normmatched,0.0,1.0,0.008337056177218732,0.005906969287932963,0.0038929996583553965,0.0,630,38.0
1,1,4,random,0.0,1.0,0.00033095785542602797,0.00018945820953434047,-0.00042482104644156335,0.0,630,39.0
1,1,4,random_normmatched,0.0,1.0,0.007781659292624299,-0.000834881190336038,0.0039795068543890325,0.0,630,39.0
1,1,4,random,0.0,1.0,0.0003239891728017493,0.00048262807029582,-0.0001822093173616091,0.0,630,40.0
1,1,4,random_normmatched,0.0,1.0,-0.005718513945486082,-0.004663230969489435,0.002074927131488588,0.0,630,40.0
1,1,4,random,0.0,1.0,0.000843857923649319,0.00044225433943100587,0.0005174048601511637,0.0,630,41.0
1,1,4,random_normmatched,0.0,1.0,0.002805353653891053,0.0018849475936251186,0.0031645360102406195,0.0,630,41.0
1,1,4,random,0.0,1.0,0.0002818783358666406,0.00014265888797400982,-7.193468969595072e-05,0.0,630,42.0
1,1,4,random_normmatched,0.0,1.0,-0.0019383741737436485,-0.0015632689325767815,0.003971258483368521,0.0,630,42.0
1,1,4,random,0.0,1.0,0.00022151247296858865,0.0002271711830986939,6.786251809541199e-05,0.0,630,43.0
1,1,4,random_normmatched,0.0,1.0,0.00500986729562973,0.004338268670019263,0.002907664373407073,0.0,630,43.0
1,1,4,random,0.0,1.0,0.000767441959539194,0.001240128243743362,3.712447226954071e-05,0.0,630,44.0
1,1,4,random_normmatched,0.0,1.0,-0.00027363202975081466,-0.001656811512906764,0.004373492843703922,0.0,630,44.0
1,1,4,random,0.0,1.0,0.00019031629741167658,-0.00031606776412400664,-0.0002927063810723572,0.0,630,45.0
1,1,4,random_normmatched,0.0,1.0,0.0029858672484192397,0.002540269958366035,0.005346762282723297,0.0,630,45.0
1,1,4,random,0.0,1.0,0.002175623464813531,0.0006813326022713162,-0.0019672101406501227,0.0,630,46.0
1,1,4,random_normmatched,0.0,1.0,0.005103891665551454,0.0011976255954582956,0.0028723253829474058,0.0,630,46.0
1,1,4,random,0.0,1.0,-0.0002615452973021678,0.00018547767948457123,-0.00022383077536613802,0.0,630,47.0
1,1,4,random_normmatched,0.0,1.0,0.0023256072767394932,-0.002980667871387672,0.0033480766872977996,0.0,630,47.0
1,1,4,random,0.0,1.0,0.0013524527156743543,0.0021134895357666494,0.0005978968775728382,0.0,630,48.0
1,1,4,random_normmatched,0.0,1.0,0.009721340560922626,0.01152971552032902,0.005495352146068355,0.0,630,48.0
1,1,4,random,0.0,1.0,-0.0019008798764991212,-0.0025488145736185033,-0.002241030392647495,0.0,630,49.0
1,1,4,random_normmatched,0.0,1.0,-0.013662249224082428,-0.012647726584752961,-0.005527140637619446,0.0,630,49.0
1,1,4,random,0.0,1.0,-8.384394451971106e-05,-0.0007359833189728589,-0.0004630606773570756,0.0,630,50.0
1,1,4,random_normmatched,0.0,1.0,-0.005333858081782046,-0.0036551886972246836,-0.0002575053844553174,0.0,630,50.0
1,1,4,random,0.0,1.0,0.001796981988712616,0.0033774100358837226,0.0003201379177309099,0.0,630,51.0
1,1,4,random_normmatched,0.0,1.0,0.00666296868938567,0.022933339223751972,0.0033942265997894986,0.0,630,51.0
1,1,4,random,0.0,1.0,-3.408970301191312e-05,0.0016706695074543425,0.000902960657318983,0.0,630,52.0
1,1,4,random_normmatched,0.0,1.0,0.0064676985766349265,0.0008740189656379321,0.0008825784762887634,0.0,630,52.0
1,1,4,random,0.0,1.0,0.00032729595792520613,-3.991961709912355e-06,0.00031175073466919713,0.0,630,53.0
1,1,4,random_normmatched,0.0,1.0,0.005029597264971383,0.003308582285577426,0.003682349498532238,0.0,630,53.0
1,1,4,random,0.0,1.0,0.00021959213362772201,-0.00030469949003487934,3.4456021346348554e-05,0.0,630,54.0
1,1,4,random_normmatched,0.0,1.0,0.005727809808111804,0.0013467901360130913,0.005364867973185475,0.0,630,54.0
1,1,4,random,0.0,1.0,-0.001430457861981154,-0.0016659713357373548,0.00037987580997163973,0.0,630,55.0
1,1,4,random_normmatched,0.0,1.0,-0.0037353819680269375,-0.005116003775702989,0.002996345508384415,0.0,630,55.0
1,1,4,random,0.0,1.0,0.0013948756475029463,0.00099478855300222,0.0009326887155628304,0.0,630,56.0
1,1,4,random_normmatched,0.0,1.0,0.007844112750260469,0.005287533778562745,0.005840599112008795,0.0,630,56.0
1,1,4,random,0.0,1.0,0.0,0.00024022903673467743,0.0010996088450104411,0.0,630,57.0
1,1,4,random_normmatched,0.0,1.0,-0.005789753435491134,-0.0002809150091379358,0.006403755841464729,0.0,630,57.0
1,1,4,random,0.0,1.0,0.0011680946199178175,0.0007693429613309912,-0.0002002020202801745,0.0,630,58.0
1,1,4,random_normmatched,0.0,1.0,0.012701594145650828,0.009748894957857558,0.0012720906265427658,0.0,630,58.0
1,1,4,random,0.0,1.0,0.0057992331991029876,0.006763889496895263,0.0024868288145826947,0.0,630,59.0
1,1,4,random_normmatched,0.0,1.0,0.02767142650032702,0.031612282136546356,0.017272253581064285,0.0,630,59.0
1,1,4,random,0.0,1.0,-0.0010612882362531068,-0.0029097586244629372,0.0003400738833562852,0.0,630,60.0
1,1,4,random_normmatched,0.0,1.0,-0.015744516517280174,-0.014987914918483052,0.0023976406182865534,0.0,630,60.0
1,1,4,random,0.0,1.0,0.0016877050590447167,0.001775602186810311,-0.0009072433562748809,0.0,630,61.0
1,1,4,random_normmatched,0.0,1.0,0.008801450664122192,0.004523904409932157,-0.0007652292407952581,0.0,630,61.0
1,1,4,random,0.0,1.0,-0.00042449443175744965,-0.0006420626352386322,0.001439452842020742,0.0,630,62.0
1,1,4,random_normmatched,0.0,1.0,-0.0014765737555844202,-0.006261067267172622,0.01915739210176532,0.0,630,62.0
1,1,4,random,0.0,1.0,0.0009264032443073109,0.0013817644706104431,-0.0006237160061395568,0.0,630,63.0
1,1,4,random_normmatched,0.0,1.0,0.013043678342977679,0.013667540886538111,0.00276844687773598,0.0,630,63.0
1,1,4,random,0.0,1.0,0.0007969076367258436,0.0004738325651711818,-0.0022936100823573234,0.0,630,64.0
1,1,4,random_normmatched,0.0,1.0,0.004738182461125191,0.006557334131073553,-0.0034137919625122654,0.0,630,64.0
1,1,4,random,0.0,1.0,0.001214799145792008,0.001158810558990967,0.0010706318945785673,0.0,630,65.0
1,1,4,random_normmatched,0.0,1.0,0.010599537447447531,0.015440608869210025,-0.0015590703640584174,0.0,630,65.0
1,1,4,random,0.0,1.0,0.0031016765907687887,0.0025832126086931723,-3.3423193977713414e-06,0.0,630,66.0
1,1,4,random_normmatched,0.0,1.0,0.024022946724419306,0.02134815386021172,0.002244845073033838,0.0,630,66.0
1,1,4,random,0.0,1.0,0.0016695310443330044,0.0010355502829178071,0.0008109849333766447,0.0,630,67.0
1,1,4,random_normmatched,0.0,1.0,0.005942263720064694,0.0004368962658762448,0.009213621697207564,0.0,630,67.0
1,1,4,random,0.0,1.0,0.0019509756537261533,0.00172747250512747,-0.0004136437101507842,0.0,630,68.0
1,1,4,random_normmatched,0.0,1.0,0.009283350824702913,0.010492505981414905,0.007337820747693854,0.0,630,68.0
1,1,4,random,0.0,1.0,-0.0009253677132590488,-0.0012009517653454856,6.594889299503211e-05,0.0,630,69.0
1,1,4,random_normmatched,0.0,1.0,0.0018850114015953696,-0.005747442347709157,8.137464510306515e-05,0.0,630,69.0
1,1,4,random,0.0,1.0,0.0008356511345454121,-0.00022943655772217003,-0.0013332943739642722,0.0,630,70.0
1,1,4,random_normmatched,0.0,1.0,0.0027791196770557435,0.004796329425383584,0.0016708759332117946,0.0,630,70.0
1,1,4,random,0.0,1.0,-0.0006544565198437854,-0.0005500796800661899,0.0006950455294476876,0.0,630,71.0
1,1,4,random_normmatched,0.0,1.0,-0.0026070681594252227,-0.005933281316421259,0.005648192430942835,0.0,630,71.0
1,1,4,random,0.0,1.0,0.002494473274621798,0.0026642408542427378,-0.0002943451947870756,0.0,630,72.0
1,1,4,random_normmatched,0.0,1.0,0.022652252889552752,0.025709112610501888,-0.0032230293314141276,0.0,630,72.0
1,1,4,random,0.0,1.0,0.0007395839601134719,0.0005518919611893472,0.000625737290947296,0.0,630,73.0
1,1,4,random_normmatched,0.0,1.0,0.004384757521061444,0.00735877749284148,0.0052356955584102706,0.0,630,73.0
1,1,4,random,0.0,1.0,0.0014618266806322485,0.0019807709513069995,-0.0008182769256331903,0.0,630,74.0
1,1,4,random_normmatched,0.0,1.0,0.012299506732083545,0.015098270560254394,-0.00028635088458752134,0.0,630,74.0
1,1,4,random,0.0,1.0,-0.0005298225827189317,-0.00025951491786259764,-0.0007587711460209059,0.0,630,75.0
1,1,4,random_normmatched,0.0,1.0,0.004408809231591506,0.004492109789669714,0.006779311447426827,0.0,630,75.0
1,1,4,random,0.0,1.0,0.0002684873140787983,0.0005361248162599231,-0.0014738860729889105,0.0,630,76.0
1,1,4,random_normmatched,0.0,1.0,0.003078844408074381,0.006709772017793527,-0.0030962228972068453,0.0,630,76.0
1,1,4,random,0.0,1.0,0.0009189987961046621,-0.0001854643745769234,4.2305703981061056e-05,0.0,630,77.0
1,1,4,random_normmatched,0.0,1.0,0.010736031408594355,0.009395279193310522,0.003700857743435595,0.0,630,77.0
1,1,4,random,0.0,1.0,0.0010720727398864129,0.00021221238376456446,-0.000537050295532034,0.0,630,78.0
1,1,4,random_normmatched,0.0,1.0,-0.006700868247805443,0.003074119538311608,0.0007474149455524345,0.0,630,78.0
1,1,4,random,0.0,1.0,0.002063685572549566,0.0023738299964783166,0.0003183889134117558,0.0,630,79.0
1,1,4,random_normmatched,0.0,1.0,0.022062272690169332,0.02178484749394301,0.0005642449956303115,0.0,630,79.0
1,1,4,random,0.0,1.0,-0.0014516500876529284,-0.0016925043743689426,0.0008936444897788288,0.0,630,80.0
1,1,4,random_normmatched,0.0,1.0,-0.002363104791749964,-0.006365707551298123,0.008013350468886694,0.0,630,80.0
1,1,4,random,0.0,1.0,0.0010160654652878692,0.0013825707995318655,-0.0006567636569855668,0.0,630,81.0
1,1,4,random_normmatched,0.0,1.0,-0.001302406254849865,-0.003914212131295519,0.005984649487963717,0.0,630,81.0
1,1,4,random,0.0,1.0,0.0017195495169526759,0.001388761439758684,-0.00013827354575784073,0.0,630,82.0
1,1,4,random_normmatched,0.0,1.0,0.01568474771368053,0.009778376814236807,0.00406211145745033,0.0,630,82.0
1,1,4,random,0.0,1.0,-0.0004382474635054233,-0.0007883736470356758,0.00019358259542217446,0.0,630,83.0
1,1,4,random_normmatched,0.0,1.0,-0.004266213728055946,-0.010720004383402051,0.012831900399332833,0.0,630,83.0
1,1,4,random,0.0,1.0,0.003197497780366499,0.003979943550070141,-0.0008318484364729414,0.0,630,84.0
1,1,4,random_normmatched,0.0,1.0,0.016960772299035046,0.014134003689561922,0.0011784583226962398,0.0,630,84.0
1,1,4,random,0.0,1.0,0.0001054532102377434,0.00033455616214163645,-0.0008851274573933356,0.0,630,85.0
1,1,4,random_normmatched,0.0,1.0,0.0006797001229797123,-0.001802847916153371,0.002809887301830978,0.0,630,85.0
1,1,4,random,0.0,1.0,0.0007223488037628658,0.0016109210539378635,0.0002560805556262127,0.0,630,86.0
1,1,4,random_normmatched,0.0,1.0,0.010459041585210072,0.01040018490547949,-0.0013561001070326994,0.0,630,86.0
1,1,4,random,0.0,1.0,0.0020181436369071165,0.0009868444089184817,-8.856095148212679e-05,0.0,630,87.0
1,1,4,random_normmatched,0.0,1.0,0.009355474137248482,0.0061372251942131174,0.008765228542806971,0.0,630,87.0
1,1,4,random,0.0,1.0,-0.00023877324514343941,-0.0008328541743660181,-0.0005028867399456057,0.0,630,88.0
1,1,4,random_normmatched,0.0,1.0,-0.0007516261765901351,-0.004029610107800898,0.0006973127676666623,0.0,630,88.0
1,1,4,random,0.0,1.0,-0.0004502771263954566,-0.0013821522282218062,-0.0003718231748502363,0.0,630,89.0
1,1,4,random_normmatched,0.0,1.0,-0.0015111582962675195,-0.007500191173368547,0.0006772790200546311,0.0,630,89.0
1,1,4,random,0.0,1.0,-0.0003778165501452602,-0.0005770942314120948,0.000478637416966141,0.0,630,90.0
1,1,4,random_normmatched,0.0,1.0,-0.0020961076783816758,-0.005264708654101696,0.005874913777728947,0.0,630,90.0
1,1,4,random,0.0,1.0,0.0004982711939507139,0.0011987070171396803,-0.0003279721246354501,0.0,630,91.0
1,1,4,random_normmatched,0.0,1.0,0.009890140328418657,0.007985814872130093,0.003719582720402457,0.0,630,91.0
1,1,4,random,0.0,1.0,0.0014530320798437845,0.000466843764926098,-0.00010923325924585843,0.0,630,92.0
1,1,4,random_normmatched,0.0,1.0,0.008642943763832912,0.00012832703623001152,0.0034819488719505074,0.0,630,92.0
1,1,4,random,0.0,1.0,-0.0002680436347364532,-0.0007027608715168726,-0.0003292788116844036,0.0,630,93.0
1,1,4,random_normmatched,0.0,1.0,-0.012559652899623467,-0.012675557996456399,0.0008173194755491099,0.0,630,93.0
1,1,4,random,0.0,1.0,-0.000385587184675898,-0.0003150070366780235,0.000747294919844892,0.0,630,94.0
1,1,4,random_normmatched,0.0,1.0,0.0005946107730121444,0.0012601698619379492,0.011587010551002929,0.0,630,94.0
1,1,4,random,0.0,1.0,0.002949121662300983,0.0018996297921897536,0.0003779739751475522,0.0,630,95.0
1,1,4,random_normmatched,0.0,1.0,0.010106364553406385,0.010764542378157813,0.006508558702439183,0.0,630,95.0
1,1,4,random,0.0,1.0,0.0005531487329167715,-0.0003618144029067516,-0.0003177359171007361,0.0,630,96.0
1,1,4,random_normmatched,0.0,1.0,0.004662548286665284,0.004031234851066701,0.00377792577183562,0.0,630,96.0
1,1,4,random,0.0,1.0,0.000630924310378016,0.00010907127461865277,-0.00032543729884634284,0.0,630,97.0
1,1,4,random_normmatched,0.0,1.0,-0.002831382614426382,-0.003339386822466285,0.002241741367505207,0.0,630,97.0
1,1,4,random,0.0,1.0,0.00010547102797900615,-0.0003458722484338647,0.0005089116723752451,0.0,630,98.0
1,1,4,random_normmatched,0.0,1.0,0.003126188130658235,-0.008293412640352786,-0.0020903725973627054,0.0,630,98.0
1,1,4,random,0.0,1.0,0.0008142103233122935,0.0008828924463881062,0.00018844862016046245,0.0,630,99.0
1,1,4,random_normmatched,0.0,1.0,0.006215186248758188,0.0104096596294317,0.002573482289601246,0.0,630,99.0
1,1,4,shuffled_labels,0.09428571428571429,0.975,0.24335077524052953,0.3350159725122648,0.05242218135888937,0.08,630,
1,2,0,random,0.0,1.0,-0.002060413523273786,-0.0036301276653258594,-0.000802649473722274,0.0,924,0.0
1,2,0,random_normmatched,0.0,1.0,5.285829294726104e-05,0.0015953240355035668,-0.004196783366504196,0.0,924,0.0
1,2,0,random,0.0,1.0,-0.0019793111826085785,-0.004442370744753802,-0.0008416592722169001,0.0,924,1.0
1,2,0,random_normmatched,0.0,1.0,-0.010496386958308703,-0.00860069728205565,0.000536582443464187,0.0,924,1.0
1,2,0,random,0.0,1.0,-0.0005367167337343686,-0.0018397706732964413,-0.00020812680471847097,0.0,924,2.0
1,2,0,random_normmatched,0.0,1.0,0.006453973212797403,0.0066338353832871835,0.002734637506291134,0.0,924,2.0
1,2,0,random,0.0,1.0,0.0010741011203980043,-0.0009631362576386454,-7.007283117773313e-05,0.0,924,3.0
1,2,0,random_normmatched,0.0,1.0,0.011018128632006689,0.007148487290759055,0.005290636365554335,0.0,924,3.0
1,2,0,random,0.0,1.0,0.002006342520506847,0.001558322441382805,-2.7713713428083666e-05,0.0,924,4.0
1,2,0,random_normmatched,0.0,1.0,0.03373904402847707,0.02472010945061015,0.0026254903977004987,0.0,924,4.0
1,2,0,random,0.0,1.0,-0.0016630209432055639,-0.002739080538089137,-0.0010187920748700966,0.0,924,5.0
1,2,0,random_normmatched,0.0,1.0,0.0047684190119795244,0.006552361390201358,-0.002692495217442137,0.0,924,5.0
1,2,0,random,0.0,1.0,-0.00018244289759073172,-0.0007039920226930759,-0.0004262217893880871,0.0,924,6.0
1,2,0,random_normmatched,0.0,1.0,0.009833515673633397,0.015957396373622142,0.0009755656264798633,0.0,924,6.0
1,2,0,random,0.0,1.0,0.0008976249128706459,0.0004513031816320649,-6.920838502712094e-05,0.0,924,7.0
1,2,0,random_normmatched,0.0,1.0,0.012694825363451272,0.019356033347978377,0.005734572622985131,0.0,924,7.0
1,2,0,random,0.0,1.0,-0.0036043277802432277,-0.005212360076306322,-0.0002340763912733131,0.0,924,8.0
1,2,0,random_normmatched,0.0,1.0,-0.006158590488598463,-0.004140638594204678,0.004450259680891654,0.0,924,8.0
1,2,0,random,0.0,1.0,-0.0006053206940135153,-0.0018775064207267687,-0.0006110793601493526,0.0,924,9.0
1,2,0,random_normmatched,0.0,1.0,0.0068170094767334745,0.010055732837683727,0.0007790902197523113,0.0,924,9.0
1,2,0,random,0.0,1.0,-0.0017252842422214166,-0.003900407707330638,-0.0007947740211225499,0.0,924,10.0
1,2,0,random_normmatched,0.0,1.0,0.0015129860538512932,0.0034361826521133072,-0.002366233129306661,0.0,924,10.0
1,2,0,random,0.0,1.0,-0.00033089305636220816,-0.00058391735005492,-0.0004920023940525964,0.0,924,11.0
1,2,0,random_normmatched,0.0,1.0,0.01088640537837108,0.013094781193788478,0.0022153853946807927,0.0,924,11.0
1,2,0,random,0.0,1.0,-0.0016015883038717556,-0.004154647745169565,-0.0003843952474894179,0.0,924,12.0
1,2,0,random_normmatched,0.0,1.0,-0.005241901635555633,-0.0031998232921494063,0.004373464273336732,0.0,924,12.0
1,2,0,random,0.0,1.0,-0.0018891618713371573,-0.002896197039130573,3.75759573241105e-05,0.0,924,13.0
1,2,0,random_normmatched,0.0,1.0,0.0032652812446742814,0.0031107203718122377,-0.0005874954106883077,0.0,924,13.0
1,2,0,random,0.0,1.0,-0.0010735814143892977,-0.0014173201632283023,0.00021596786283232822,0.0,924,14.0
1,2,0,random_normmatched,0.0,1.0,0.002624651545723248,0.0013958494437326227,0.0067440301570534005,0.0,924,14.0
1,2,0,random,0.0,1.0,-0.000926202630969092,-0.0022314374143744,-0.0003217807825813977,0.0,924,15.0
1,2,0,random_normmatched,0.0,1.0,0.00862627822216903,0.0051810992415313555,0.008253163390352567,0.0,924,15.0
1,2,0,random,0.0,1.0,-0.0015555252381132094,-0.004316807190659326,-0.0010410375953995971,0.0,924,16.0
1,2,0,random_normmatched,0.0,1.0,-0.007286560702905652,-0.01400831053874387,-0.005450470299268858,0.0,924,16.0
1,2,0,random,0.0,1.0,-0.0015112294415434466,-0.002254781912995945,9.235940960974608e-05,0.0,924,17.0
1,2,0,random_normmatched,0.0,1.0,0.012657884194216203,0.009562274730424756,0.0035124016637548077,0.0,924,17.0
1,2,0,random,0.0,1.0,0.0004877025216631125,0.00047322017964281245,-0.0003625121787706711,0.0,924,18.0
1,2,0,random_normmatched,0.0,1.0,0.020071034635925786,0.01964615844771782,0.004048042336370158,0.0,924,18.0
1,2,0,random,0.0,1.0,0.0010933021778034258,0.0008271988735637457,-0.00042433815671369786,0.0,924,19.0
1,2,0,random_normmatched,0.0,1.0,0.024278261747349213,0.02834722605948715,0.0005230971451927728,0.0,924,19.0
1,2,0,random,0.0,1.0,-0.0012317293634257498,-0.003163468912517224,-0.0004868368318263318,0.0,924,20.0
1,2,0,random_normmatched,0.0,1.0,0.0024231686884409343,0.004125060834835734,-0.004950925048957765,0.0,924,20.0
1,2,0,random,0.0,1.0,9.01670467684734e-05,-0.002665167803802652,-0.0003786503814227569,0.0,924,21.0
1,2,0,random_normmatched,0.0,1.0,0.009420115875735253,0.0029866919022604106,-0.0013732841348353289,0.0,924,21.0
1,2,0,random,0.0,1.0,-0.00036500044908095426,-0.001698449698841543,-0.0008872817902187489,0.0,924,22.0
1,2,0,random_normmatched,0.0,1.0,0.005500287816298537,-6.625895458703004e-05,0.001136214089835943,0.0,924,22.0
1,2,0,random,0.0,1.0,-0.001122226675209496,-0.003447433075255433,0.00028720360847635836,0.0,924,23.0
1,2,0,random_normmatched,0.0,1.0,0.004161209288715349,0.002127886830143146,0.004511334333167983,0.0,924,23.0
1,2,0,random,0.0,1.0,-0.002175022533896344,-0.003667169286689644,-5.366200012281574e-05,0.0,924,24.0
1,2,0,random_normmatched,0.0,1.0,0.0008922852955598561,-0.004730891024999959,0.007222905662478832,0.0,924,24.0
1,2,0,random,0.0,1.0,-0.00027033379925890807,-3.469942114101745e-05,-0.0007858061905117943,0.0,924,25.0
1,2,0,random_normmatched,0.0,1.0,0.0010236355317212547,0.003389847678519538,-0.004628824952440447,0.0,924,25.0
1,2,0,random,0.0,1.0,-0.0016067230329737231,-0.006229374220242145,0.0005317573379017306,0.0,924,26.0
1,2,0,random_normmatched,0.0,1.0,-0.005436567625392862,-0.01891851578303702,0.008010858792775095,0.0,924,26.0
1,2,0,random,0.0,1.0,-0.0003907654934763616,-0.003532837891587675,-0.0005136381138214027,0.0,924,27.0
1,2,0,random_normmatched,0.0,1.0,0.003955006531774073,-0.006477545052130065,-0.00022733449795104668,0.0,924,27.0
1,2,0,random,0.0,1.0,-0.0011796569518185214,-0.0030593325428404025,-0.0008514216630097594,0.0,924,28.0
1,2,0,random_normmatched,0.0,1.0,0.003125348642707627,0.0021247359317026425,-0.0018266365164321177,0.0,924,28.0
1,2,0,random,0.0,1.0,-0.0014404481194171133,-0.0039984017698531564,-0.0007961366854946927,0.0,924,29.0
1,2,0,random_normmatched,0.0,1.0,-0.008065739621323353,-0.004266626310828951,-0.004510245001192403,0.0,924,29.0
1,2,0,random,0.0,1.0,0.001600506519762948,0.0016952457588925423,-0.00048598215963753283,0.0,924,30.0
1,2,0,random_normmatched,0.0,1.0,0.02307163605086225,0.018026683796240592,0.00045267287593413587,0.0,924,30.0
1,2,0,random,0.0,1.0,-0.0009767032150097927,-0.0007207428453736781,-0.0002532018999701253,0.0,924,31.0
1,2,0,random_normmatched,0.0,1.0,0.015209890288770088,0.004891872110037437,0.00026743420180934304,0.0,924,31.0
1,2,0,random,0.0,1.0,-0.0005293575287639929,-0.0030535244052875086,0.000832309972138488,0.0,924,32.0
1,2,0,random_normmatched,0.0,1.0,0.005034940259444612,0.003062820488182779,0.00555106124425166,0.0,924,32.0
1,2,0,random,0.0,1.0,0.00021453074052455833,-0.0010464440171605194,0.0006157068504552263,0.0,924,33.0
1,2,0,random_normmatched,0.0,1.0,0.004861992232045292,0.004037809364899804,0.006257648995950091,0.0,924,33.0
1,2,0,random,0.0,1.0,3.482086221474687e-05,-2.5542896145787958e-05,-0.0003092231672192215,0.0,924,34.0
1,2,0,random_normmatched,0.0,1.0,0.006257837855669078,0.010096775145622697,0.004271167502405761,0.0,924,34.0
1,2,0,random,0.0,1.0,-0.00018586810071743824,-0.0020075540221656646,-0.0008441034102862014,0.0,924,35.0
1,2,0,random_normmatched,0.0,1.0,0.002019166748241618,0.0021922919431468673,-0.005698091141125441,0.0,924,35.0
1,2,0,random,0.0,1.0,-0.0006388649075864953,-0.0010151273483563563,-0.0005278957656090232,0.0,924,36.0
1,2,0,random_normmatched,0.0,1.0,0.005475961466695574,0.011889768616646187,0.0018857215610540573,0.0,924,36.0
1,2,0,random,0.0,1.0,-0.0006888534216710539,-0.0028185988945146263,-0.0004859108790962293,0.0,924,37.0
1,2,0,random_normmatched,0.0,1.0,0.014384696258710982,0.009903722798463837,-0.0009021028033961622,0.0,924,37.0
1,2,0,random,0.0,1.0,-0.00022955839770812136,-0.0001320170142102114,4.78742763746107e-06,0.0,924,38.0
1,2,0,random_normmatched,0.0,1.0,0.007197893093931602,0.014438894726448371,-0.0019004137590176162,0.0,924,38.0
1,2,0,random,0.0,1.0,-5.313879826419341e-05,-0.0015468297908470421,-8.668118056552193e-05,0.0,924,39.0
1,2,0,random_normmatched,0.0,1.0,0.002116215631470969,0.002843983242895966,0.000345290371821094,0.0,924,39.0
1,2,0,random,0.0,1.0,-0.002544215370642677,-0.005961557774301012,-0.0011515172816400632,0.0,924,40.0
1,2,0,random_normmatched,0.0,1.0,-0.009956325709766008,-0.017291973811920294,0.0008424267790674107,0.0,924,40.0
1,2,0,random,0.0,1.0,-0.0011795383192314216,-0.0018952342149759019,-0.0009978876156325044,0.0,924,41.0
1,2,0,random_normmatched,0.0,1.0,0.014651125784452459,0.010731460209538591,-0.010061090221154827,0.0,924,41.0
1,2,0,random,0.0,1.0,-0.0005810764103317244,-0.002191762824751527,0.0003128956817308004,0.0,924,42.0
1,2,0,random_normmatched,0.0,1.0,0.0014618293179461395,-0.0016236655032970282,0.006839393926304724,0.0,924,42.0
1,2,0,random,0.0,1.0,-0.001795913501612836,-0.0025246537509873027,-8.873621368736186e-05,0.0,924,43.0
1,2,0,random_normmatched,0.0,1.0,-0.0008559945127370559,-0.0005920425252495439,0.005967724798242057,0.0,924,43.0
1,2,0,random,0.0,1.0,-0.00031895509703569165,-0.0008622120882353308,-6.89757397689849e-05,0.0,924,44.0
1,2,0,random_normmatched,0.0,1.0,0.005169126398159826,0.012329045620621513,-0.0012268147199105952,0.0,924,44.0
1,2,0,random,0.0,1.0,-0.0030674789093349704,-0.004721571822911686,-0.0007021943674887218,0.0,924,45.0
1,2,0,random_normmatched,0.0,1.0,-0.007564214537871584,-0.006184024071830373,0.002596217255332113,0.0,924,45.0
1,2,0,random,0.0,1.0,-9.051247573416057e-05,-0.0003884509534660716,0.00013650724520726385,0.0,924,46.0
1,2,0,random_normmatched,0.0,1.0,0.016842279120823686,0.022906869597045448,0.0012513501088307444,0.0,924,46.0
1,2,0,random,0.0,1.0,-0.0006583004168041993,-0.003463473556156658,-0.0001295929094049802,0.0,924,47.0
1,2,0,random_normmatched,0.0,1.0,-0.002553109602171394,7.995588901054369e-05,0.003886944010952414,0.0,924,47.0
1,2,0,random,0.0,1.0,-0.0010842494750232822,-0.001686412473584326,-0.0007373160528968174,0.0,924,48.0
1,2,0,random_normmatched,0.0,1.0,0.0018442693450560496,0.005005713737004118,0.0005357935594274512,0.0,924,48.0
1,2,0,random,0.0,1.0,-4.901615698527895e-05,-0.00135370793599916,-8.797303861239898e-05,0.0,924,49.0
1,2,0,random_normmatched,0.0,1.0,0.01130337757349914,0.014209012508007584,0.00029796678090868146,0.0,924,49.0
1,2,0,random,0.0,1.0,-0.0003532562081992515,-0.0017169258319765868,-0.00022355364321288197,0.0,924,50.0
1,2,0,random_normmatched,0.0,1.0,0.004402401568442873,0.0036785008307922617,-0.0044786856564267685,0.0,924,50.0
1,2,0,random,0.0,1.0,-0.0010845531655454307,-0.0024112712511564047,-8.072972183069155e-05,0.0,924,51.0
1,2,0,random_normmatched,0.0,1.0,0.0037759411942853167,0.007610906966203291,0.001543056764792364,0.0,924,51.0
1,2,0,random,0.0,1.0,0.00032871498653744237,-0.0020800705800567195,-0.0016954532129559341,0.0,924,52.0
1,2,0,random_normmatched,0.0,1.0,0.005554700281152163,0.006165983724574333,-0.002696074361845002,0.0,924,52.0
1,2,0,random,0.0,1.0,-0.0009970510366514719,-0.0012449135064255255,-0.00018886144058415127,0.0,924,53.0
1,2,0,random_normmatched,0.0,1.0,0.0012583450585615143,0.0031712141413230205,0.0008792626310724612,0.0,924,53.0
1,2,0,random,0.0,1.0,-0.00041101177200453135,-0.002767524005050092,-0.0004768000093841685,0.0,924,54.0
1,2,0,random_normmatched,0.0,1.0,0.009060413764557587,0.006239826026591627,-0.0005391129063484618,0.0,924,54.0
1,2,0,random,0.0,1.0,-0.0009526071362826497,-0.0025335914278375106,-0.0009473551181770163,0.0,924,55.0
1,2,0,random_normmatched,0.0,1.0,0.008022939403691517,0.006641735512446075,-0.0017946572760136228,0.0,924,55.0
1,2,0,random,0.0,1.0,-0.00277357293425156,-0.007791973087005648,-0.00152186335526201,0.0,924,56.0
1,2,0,random_normmatched,0.0,1.0,-0.010801731662712009,-0.008302002060123822,-0.0028413695987426456,0.0,924,56.0
1,2,0,random,0.0,1.0,-0.0007816504804862392,-0.0009245473749259883,-0.0006533551249398846,0.0,924,57.0
1,2,0,random_normmatched,0.0,1.0,0.008967737803702434,0.008318638309595098,-0.0007661958904063979,0.0,924,57.0
1,2,0,random,0.0,1.0,-0.0004775416094540154,-0.0020351370334736147,-0.0005494263781682003,0.0,924,58.0
1,2,0,random_normmatched,0.0,1.0,0.00662394808568457,0.007173324571014182,0.00044779771140693493,0.0,924,58.0
1,2,0,random,0.0,1.0,-0.0019514050785670726,-0.003866320341332848,-0.00013594831142352932,0.0,924,59.0
1,2,0,random_normmatched,0.0,1.0,0.0018870222031862084,0.002730634366666879,0.0013685821883420094,0.0,924,59.0
1,2,0,random,0.0,1.0,-0.0001329490286521617,-0.0011998511006027794,-0.0006298020140244954,0.0,924,60.0
1,2,0,random_normmatched,0.0,1.0,0.005641260393291091,0.006908852973193975,-0.0026611889112642564,0.0,924,60.0
1,2,0,random,0.0,1.0,6.747617785197115e-05,-0.0005769777711061194,-0.000960687131275715,0.0,924,61.0
1,2,0,random_normmatched,0.0,1.0,0.010276141684488503,0.016486600993949874,-0.0010863916921833444,0.0,924,61.0
1,2,0,random,0.0,1.0,-0.0002740110170136501,-0.0017954765472598577,-0.0005597561379431528,0.0,924,62.0
1,2,0,random_normmatched,0.0,1.0,-0.005411193266899907,-0.003341543938503523,0.002789112923053754,0.0,924,62.0
1,2,0,random,0.0,1.0,-0.0008086605995161287,-0.001967427342386426,-0.0006048068587778052,0.0,924,63.0
1,2,0,random_normmatched,0.0,1.0,0.0003816132511230594,0.003571229881670337,0.001729559337351789,0.0,924,63.0
1,2,0,random,0.0,1.0,0.0001931862354816475,-0.00038492296441543965,0.0003167202381817985,0.0,924,64.0
1,2,0,random_normmatched,0.0,1.0,0.015217109015551612,0.02125062103619073,0.006301420588024973,0.0,924,64.0
1,2,0,random,0.0,1.0,-0.0009367921047278748,-0.0051030407065021065,0.0002558570461340371,0.0,924,65.0
1,2,0,random_normmatched,0.0,1.0,-0.00014191607652508018,-0.006316086822521013,0.004019196708611655,0.0,924,65.0
1,2,0,random,0.0,1.0,0.0004562950224240609,-5.3428251369944354e-05,-0.0005117940557698068,0.0,924,66.0
1,2,0,random_normmatched,0.0,1.0,0.004217017367976832,0.005365011799406999,-0.002574460777364623,0.0,924,66.0
1,2,0,random,0.0,1.0,-0.0013629008245198172,-0.004540494146921338,0.0006362997512782971,0.0,924,67.0
1,2,0,random_normmatched,0.0,1.0,-0.0029756388977865405,-0.003581178658714603,0.0019288307147381925,0.0,924,67.0
1,2,0,random,0.0,1.0,-0.00043255129909821287,-0.00011652665783196985,-0.000983881798947895,0.0,924,68.0
1,2,0,random_normmatched,0.0,1.0,0.006708235566029966,0.017773832420320716,-0.004893399222390167,0.0,924,68.0
1,2,0,random,0.0,1.0,0.0004276996578990544,0.00032548437721336955,0.00022415344007892626,0.0,924,69.0
1,2,0,random_normmatched,0.0,1.0,0.005153513237881444,0.012180662837506552,0.008875310445852734,0.0,924,69.0
1,2,0,random,0.0,1.0,0.0009785415138438666,0.0010315311656002712,-0.0004940558854269006,0.0,924,70.0
1,2,0,random_normmatched,0.0,1.0,0.014404555915797403,0.018521473340291892,0.0017293936879040838,0.0,924,70.0
1,2,0,random,0.0,1.0,0.00044958420040071354,0.0003367658013778854,-0.0016484549078555793,0.0,924,71.0
1,2,0,random_normmatched,0.0,1.0,0.024664044007395858,0.026691778403028558,-0.0037061831775686924,0.0,924,71.0
1,2,0,random,0.0,1.0,-0.0017265578044080032,-0.0033568797553158816,-0.0003536772978335877,0.0,924,72.0
1,2,0,random_normmatched,0.0,1.0,-0.007909364763204564,-0.011704960874019347,0.0005135200403782944,0.0,924,72.0
1,2,0,random,0.0,1.0,-0.001437625861585661,-0.004232686246697266,9.55543785270423e-05,0.0,924,73.0
1,2,0,random_normmatched,0.0,1.0,0.0016348286121986243,0.004280089392456416,0.0034026764920766298,0.0,924,73.0
1,2,0,random,0.0,1.0,-0.0001478483058470293,-0.0007117342660142713,-0.0005642940576212847,0.0,924,74.0
1,2,0,random_normmatched,0.0,1.0,0.007069513526171665,0.007494687658981757,-0.003098523036684373,0.0,924,74.0
1,2,0,random,0.0,1.0,-0.0011493534753411931,-0.0029286017957730896,-0.0018087043973099412,0.0,924,75.0
1,2,0,random_normmatched,0.0,1.0,-0.001973943829035736,-2.7984325559342568e-05,-0.009220834673860576,0.0,924,75.0
1,2,0,random,0.0,1.0,-0.0008937788997547231,-0.0032956179993971738,-0.00012348702241889064,0.0,924,76.0
1,2,0,random_normmatched,0.0,1.0,0.0005100114313021811,0.0024104634201056355,-0.0006330364076135521,0.0,924,76.0
1,2,0,random,0.0,1.0,-0.0016797736595732583,-0.003955684691145448,-0.000526936465651018,0.0,924,77.0
1,2,0,random_normmatched,0.0,1.0,-0.003038898843434012,0.0012647910978830946,-0.0025065113300433896,0.0,924,77.0
1,2,0,random,0.0,1.0,0.0002974284355626275,-0.002125195870969593,-0.00021976732438903855,0.0,924,78.0
1,2,0,random_normmatched,0.0,1.0,0.008478172665821043,0.0066528396519411875,-0.0010286011019741566,0.0,924,78.0
1,2,0,random,0.0,1.0,-0.0026872927438665664,-0.004510850615203313,0.0002111078662742122,0.0,924,79.0
1,2,0,random_normmatched,0.0,1.0,0.00365100484009394,-0.0010303142884379765,0.003113704366530759,0.0,924,79.0
1,2,0,random,0.0,1.0,-0.0008596574245402281,-0.0017639143448553666,0.0002136880196570452,0.0,924,80.0
1,2,0,random_normmatched,0.0,1.0,0.0050815110640881015,0.007144740714992273,-0.003591681283974136,0.0,924,80.0
1,2,0,random,0.0,1.0,-0.0006022441926563523,-0.003488383823116046,-0.0009889317043654117,0.0,924,81.0
1,2,0,random_normmatched,0.0,1.0,0.0010044614760685423,-0.0012323041233759486,0.0022273519775922947,0.0,924,81.0
1,2,0,random,0.0,1.0,-0.0005971065021775032,-0.0017347380369712182,-0.0006262047690008682,0.0,924,82.0
1,2,0,random_normmatched,0.0,1.0,0.010562091543127235,0.009263513938693829,-0.003984037464468915,0.0,924,82.0
1,2,0,random,0.0,1.0,-0.0004003209126696971,-0.002378252887461022,-0.0006401712541392289,0.0,924,83.0
1,2,0,random_normmatched,0.0,1.0,0.007394744169433857,0.002640004213056872,-0.001722387534839341,0.0,924,83.0
1,2,0,random,0.0,1.0,-0.00038786634628888554,-0.001791215750408996,-0.0003781646745961438,0.0,924,84.0
1,2,0,random_normmatched,0.0,1.0,0.004239100541141306,0.0012017508154842553,0.000993174159200654,0.0,924,84.0
1,2,0,random,0.0,1.0,-0.0025936613204790944,-0.006052055840875787,-0.0002030476438694398,0.0,924,85.0
1,2,0,random_normmatched,0.0,1.0,-0.017851327260573133,-0.01663097911029136,-0.002498214791337452,0.0,924,85.0
1,2,0,random,0.0,1.0,-0.0038864050467288377,-0.006601270459352829,-0.0011441209702733519,0.0,924,86.0
1,2,0,random_normmatched,0.0,1.0,-0.023484906467722198,-0.02511767836873489,0.0028121662680820163,0.0,924,86.0
1,2,0,random,0.0,1.0,-0.0010733648250054084,-0.002391172657312753,-0.0002637000417924306,0.0,924,87.0
1,2,0,random_normmatched,0.0,1.0,-0.008273532520579944,-0.009116328698020159,0.00465019116858712,0.0,924,87.0
1,2,0,random,0.0,1.0,-0.0005862731643180514,-0.0026792967866963013,8.369203288560293e-05,0.0,924,88.0
1,2,0,random_normmatched,0.0,1.0,0.004697392460479269,0.0046209001263953055,0.0017224763409269016,0.0,924,88.0
1,2,0,random,0.0,1.0,0.00022212467735719288,-0.001584809122749836,-0.00034903489992537025,0.0,924,89.0
1,2,0,random_normmatched,0.0,1.0,0.009930325262848531,0.010294441005373894,0.004719059749812706,0.0,924,89.0
1,2,0,random,0.0,1.0,0.0006933678704755186,0.0005536179197412947,0.0005437960139042977,0.0,924,90.0
1,2,0,random_normmatched,0.0,1.0,0.009638448082365038,0.014882553322355599,0.0015820274756820577,0.0,924,90.0
1,2,0,random,0.0,1.0,-0.0017346398087351468,-0.0033606596436222044,-0.0009977116724689075,0.0,924,91.0
1,2,0,random_normmatched,0.0,1.0,-0.005611680129108045,-0.0035970396746011725,-0.0022426893303402287,0.0,924,91.0
1,2,0,random,0.0,1.0,-0.0010681871007953707,-0.0025124809774671334,-0.00108765242878599,0.0,924,92.0
1,2,0,random_normmatched,0.0,1.0,-0.007073486134133034,-0.0026328213955273214,0.0005434690469111427,0.0,924,92.0
1,2,0,random,0.0,1.0,-0.0012364151332667497,-0.0027705010890526115,-0.0010791240253588419,0.0,924,93.0
1,2,0,random_normmatched,0.0,1.0,-0.0071610185958096255,-0.0037034166584513826,0.0022658503118835934,0.0,924,93.0
1,2,0,random,0.0,1.0,-0.001431523684168302,-0.00291685512183595,0.00027517693239707743,0.0,924,94.0
1,2,0,random_normmatched,0.0,1.0,-0.006495788185136084,-0.005176339468061285,0.006286499687569318,0.0,924,94.0
1,2,0,random,0.0,1.0,-0.002048197238011363,-0.003336441945828185,-0.0006513486103398589,0.0,924,95.0
1,2,0,random_normmatched,0.0,1.0,-0.0016513293404387926,-0.004360362459026026,0.0018358757847152431,0.0,924,95.0
1,2,0,random,0.0,1.0,-0.0010078530365272924,-0.0036130956136601546,-0.0006524919174087503,0.0,924,96.0
1,2,0,random_normmatched,0.0,1.0,-0.007640720437173151,-0.007711422027910536,-0.0020803075294858163,0.0,924,96.0
1,2,0,random,0.0,1.0,-0.0007333076128047305,-0.001759422131069178,-0.000986115410692376,0.0,924,97.0
1,2,0,random_normmatched,0.0,1.0,0.007359574524811672,0.013936684446047617,0.0011380228591286754,0.0,924,97.0
1,2,0,random,0.0,1.0,-0.00027827432336358625,-0.0033834891123740696,-0.0014038123151086162,0.0,924,98.0
1,2,0,random_normmatched,0.0,1.0,0.0023423758199827577,0.003091726458364386,-0.003487799115922582,0.0,924,98.0
1,2,0,random,0.0,1.0,-0.00033883325334600067,-0.0002783763246040432,-0.0003420498550279409,0.0,924,99.0
1,2,0,random_normmatched,0.0,1.0,0.0017882558657538869,0.006997779842817447,0.0019305238928070756,0.0,924,99.0
1,2,0,shuffled_labels,0.015873015873015872,1.0,0.2529138223897587,0.2559246733941753,0.047519205891503616,0.0,924,
1,2,1,random,0.051587301587301584,0.9476190476190476,-0.001090713863686285,-0.01152329808792167,-0.002797119471940757,0.08333333333333333,924,0.0
1,2,1,random_normmatched,0.051587301587301584,0.95,-0.0033556533914039822,-0.009766086029395746,-0.01953867164890133,0.08333333333333333,924,0.0
1,2,1,random,0.0496031746031746,0.95,-0.0016423074656402971,-0.008732474699254823,-0.0010864197606767537,0.08333333333333333,924,1.0
1,2,1,random_normmatched,0.051587301587301584,0.9476190476190476,-0.0007105284013266221,-0.005846062108387652,-0.002715867140980712,0.08333333333333333,924,1.0
1,2,1,random,0.051587301587301584,0.9523809523809523,-0.000621655962036562,-0.009265715516182538,-0.0003796195561530074,0.08333333333333333,924,2.0
1,2,1,random_normmatched,0.05357142857142857,0.9452380952380952,0.009745121915812647,0.00357940271107742,0.005546918603992465,0.08333333333333333,924,2.0
1,2,1,random,0.0496031746031746,0.95,0.00022457694165013058,-0.009039519879667926,-0.0019917474496421285,0.08333333333333333,924,3.0
1,2,1,random_normmatched,0.047619047619047616,0.95,0.0014245122288294232,0.00038960891442889133,-0.0015856615027230185,0.08333333333333333,924,3.0
1,2,1,random,0.05357142857142857,0.95,0.0004886030322574026,-0.009736271421086367,0.0005833813358921446,0.08333333333333333,924,4.0
1,2,1,random_normmatched,0.04563492063492063,0.9476190476190476,0.014539000302438432,0.00805048065447483,0.011130041055947818,0.08333333333333333,924,4.0
1,2,1,random,0.047619047619047616,0.95,-0.0010886891965258283,-0.008551139959446504,-0.0013654260259796567,0.08333333333333333,924,5.0
1,2,1,random_normmatched,0.057539682539682536,0.95,-0.00521868776976106,0.005143854506572031,-0.00033357962214246333,0.08333333333333333,924,5.0
1,2,1,random,0.05555555555555555,0.9476190476190476,-0.0001354213376978852,0.00925081418292339,-0.0010769293892983918,0.08333333333333333,924,6.0
1,2,1,random_normmatched,0.05952380952380952,0.9476190476190476,0.00707471607524207,0.01670355418649604,0.004183625894075704,0.08333333333333333,924,6.0
1,2,1,random,0.05952380952380952,0.9523809523809523,-0.00030468533001889363,-0.012657900172928272,-0.0014108116133857108,0.08333333333333333,924,7.0
1,2,1,random_normmatched,0.04365079365079365,0.9547619047619048,0.010145743271276882,0.01571288779460703,-0.0007578486112503171,0.08333333333333333,924,7.0
1,2,1,random,0.047619047619047616,0.95,0.0005749971715512015,-0.008003496761707205,-0.0008325591014965205,0.08333333333333333,924,8.0
1,2,1,random_normmatched,0.0496031746031746,0.9547619047619048,0.01720186759826986,0.03230557786314946,-0.010617716730364709,0.08333333333333333,924,8.0
1,2,1,random,0.0496031746031746,0.95,0.0003352647107767777,-0.008467065111119982,-0.0021251756252406123,0.08333333333333333,924,9.0
1,2,1,random_normmatched,0.047619047619047616,0.9476190476190476,0.010064303017326182,0.021572227365832135,-0.004207050400635851,0.08333333333333333,924,9.0
1,2,1,random,0.0496031746031746,0.9476190476190476,-0.003147600242503142,0.006753546694443944,-0.001989487147480921,0.08333333333333333,924,10.0
1,2,1,random_normmatched,0.037698412698412696,0.9476190476190476,-0.019536486966783652,-0.003752931833340754,-0.006426608456399893,0.08333333333333333,924,10.0
1,2,1,random,0.04563492063492063,0.9595238095238096,0.0006970911761410017,-0.004704994072164829,-0.0008949535626238896,0.08333333333333333,924,11.0
1,2,1,random_normmatched,0.04365079365079365,0.9547619047619048,0.007118769315502727,0.021757269220409506,0.00012137111608356277,0.08333333333333333,924,11.0
1,2,1,random,0.0496031746031746,0.9523809523809523,-0.0012240464151218313,-0.005554960465859142,-0.002112735813400329,0.08333333333333333,924,12.0
1,2,1,random_normmatched,0.04365079365079365,0.9523809523809523,-0.00025898785198898166,-0.02015483502533042,0.0022837801903315583,0.08333333333333333,924,12.0
1,2,1,random,0.03968253968253968,0.9571428571428572,0.0001281273096941366,-0.008402571854554144,-0.0021159243579672504,0.08333333333333333,924,13.0
1,2,1,random_normmatched,0.03968253968253968,0.9571428571428572,0.01423709587896067,0.027425130599132954,-0.009557413193303539,0.08333333333333333,924,13.0
1,2,1,random,0.051587301587301584,0.9523809523809523,0.000973931439462758,-0.007292252600150321,-0.0005024645489597895,0.08333333333333333,924,14.0
1,2,1,random_normmatched,0.05952380952380952,0.95,0.007782676360019147,0.024383139531727924,-0.0003175071993175875,0.08333333333333333,924,14.0
1,2,1,random,0.0496031746031746,0.9452380952380952,-0.0009491251434227761,0.010288795633858717,-0.0031017312722339515,0.08333333333333333,924,15.0
1,2,1,random_normmatched,0.051587301587301584,0.9452380952380952,-0.00884192336985189,-0.0034822317074052374,-0.014124565614683896,0.08333333333333333,924,15.0
1,2,1,random,0.0496031746031746,0.9452380952380952,-2.2180885916404412e-05,-0.010619498309557237,-0.00120629870482919,0.08333333333333333,924,16.0
1,2,1,random_normmatched,0.03571428571428571,0.9547619047619048,-0.00212922401221297,-0.007051972766866807,-0.003009841281563661,0.08333333333333333,924,16.0
1,2,1,random,0.05357142857142857,0.9452380952380952,-0.0023140250034280603,-0.015101833881546813,-0.0011761691405654437,0.08333333333333333,924,17.0
1,2,1,random_normmatched,0.05952380952380952,0.95,-0.012957802418779137,-0.020774194291907164,-0.006278612977398368,0.08333333333333333,924,17.0
1,2,1,random,0.047619047619047616,0.9476190476190476,0.0020956370473969215,0.00918411901817547,-0.0013858739707127844,0.08333333333333333,924,18.0
1,2,1,random_normmatched,0.061507936507936505,0.9476190476190476,0.02611401484143313,0.032057031746938525,0.0005449193371678657,0.08333333333333333,924,18.0
1,2,1,random,0.04563492063492063,0.9547619047619048,-0.001807605717014959,-0.012410795428333905,-0.00015512879279075005,0.08333333333333333,924,19.0
1,2,1,random_normmatched,0.041666666666666664,0.9547619047619048,-0.010837807431338541,0.0026715129054164202,0.00446818462290069,0.08333333333333333,924,19.0
1,2,1,random,0.04365079365079365,0.95,-0.0019276148083365579,-0.010358498371330582,-0.0011033734530128806,0.08333333333333333,924,20.0
1,2,1,random_normmatched,0.03968253968253968,0.9595238095238096,-0.007670696967549173,-0.014039359288079672,-0.0011577857048118093,0.08333333333333333,924,20.0
1,2,1,random,0.047619047619047616,0.9428571428571428,-0.0010429926494487543,0.0012512628610348848,-0.0006790637815939674,0.08333333333333333,924,21.0
1,2,1,random_normmatched,0.05357142857142857,0.9523809523809523,-0.002492994452339288,-0.010811241944273001,-0.001367405304174752,0.08333333333333333,924,21.0
1,2,1,random,0.05357142857142857,0.9452380952380952,-0.0034339362163420153,0.0074643408775461415,-0.0012735402491348214,0.08333333333333333,924,22.0
1,2,1,random_normmatched,0.05357142857142857,0.9476190476190476,-0.010491362530355782,-0.004689030451708734,0.005122514381531005,0.08333333333333333,924,22.0
1,2,1,random,0.0496031746031746,0.9547619047619048,-0.0004991322119609629,-0.009452328945151628,-0.0006175271435035991,0.08333333333333333,924,23.0
1,2,1,random_normmatched,0.051587301587301584,0.9523809523809523,0.007788852496884359,0.01451395399859301,-0.00518973766013024,0.08333333333333333,924,23.0
1,2,1,random,0.051587301587301584,0.9476190476190476,0.0005287056650780529,-0.009897548652071294,-0.0025477829530580714,0.08333333333333333,924,24.0
1,2,1,random_normmatched,0.0496031746031746,0.9523809523809523,0.01713158717861875,0.0050107069565994864,-0.00830999441798699,0.08333333333333333,924,24.0
1,2,1,random,0.05555555555555555,0.95,-0.0010001117593154433,0.0027667463468226895,-0.002286252527768266,0.08333333333333333,924,25.0
1,2,1,random_normmatched,0.047619047619047616,0.95,-0.0023817436781011004,0.007420093694736323,-0.015148077371305399,0.08333333333333333,924,25.0
1,2,1,random,0.04563492063492063,0.9476190476190476,-0.000995042421734945,-0.012429481670851302,-0.002236296482259319,0.08333333333333333,924,26.0
1,2,1,random_normmatched,0.04563492063492063,0.95,0.010573040458112156,0.014059808538912885,-0.00016482679792608395,0.08333333333333333,924,26.0
1,2,1,random,0.05357142857142857,0.9452380952380952,-0.0022140183833804835,-0.01597640124678341,-0.000584827524694568,0.08333333333333333,924,27.0
1,2,1,random_normmatched,0.057539682539682536,0.95,-0.018263105569572807,-0.030073506768817024,0.005989150691286356,0.08333333333333333,924,27.0
1,2,1,random,0.047619047619047616,0.9452380952380952,0.00030372949641164636,0.002218885693986098,-0.0038820329310519045,0.08333333333333333,924,28.0
1,2,1,random_normmatched,0.05952380952380952,0.9595238095238096,0.00525212844118728,0.0204942361020621,-0.013823933555994063,0.08333333333333333,924,28.0
1,2,1,random,0.051587301587301584,0.9476190476190476,0.0009514654563630717,-0.0009169575145573424,-0.00039674310887083755,0.08333333333333333,924,29.0
1,2,1,random_normmatched,0.05555555555555555,0.95,0.02337408800368896,0.033957665411368965,0.004846239100109655,0.08333333333333333,924,29.0
1,2,1,random,0.047619047619047616,0.9523809523809523,-0.0023733792028960456,-0.01338125044783416,-0.00018588271562608856,0.08333333333333333,924,30.0
1,2,1,random_normmatched,0.0496031746031746,0.9523809523809523,-0.005882619140049882,-0.019769107129843463,0.008780771413684586,0.08333333333333333,924,30.0
1,2,1,random,0.051587301587301584,0.95,-0.0003501471856910287,0.012175614890213531,-0.002376414032962108,0.08333333333333333,924,31.0
1,2,1,random_normmatched,0.047619047619047616,0.9523809523809523,0.0020153818597174957,-0.006948469553078003,-0.0032340120293453643,0.08333333333333333,924,31.0
1,2,1,random,0.047619047619047616,0.9523809523809523,-0.00034502574566336,-0.008303309608885447,-0.0007816091222500318,0.08333333333333333,924,32.0
1,2,1,random_normmatched,0.03968253968253968,0.9571428571428572,0.00763918161068966,0.0015786091048081152,-0.0019774426677199378,0.08333333333333333,924,32.0
1,2,1,random,0.047619047619047616,0.9547619047619048,0.0024233529022058666,-0.006874463406052786,-0.0011084464591328102,0.08333333333333333,924,33.0
1,2,1,random_normmatched,0.047619047619047616,0.9523809523809523,0.018036540555196767,0.02277948770242793,0.0029012078097209806,0.08333333333333333,924,33.0
1,2,1,random,0.04563492063492063,0.9547619047619048,-0.0013586293342336456,-0.010603620724069274,-0.002296631286885334,0.08333333333333333,924,34.0
1,2,1,random_normmatched,0.051587301587301584,0.9428571428571428,-0.006831206412576817,0.002099777587814112,-0.016092989959198625,0.08333333333333333,924,34.0
1,2,1,random,0.051587301587301584,0.9404761904761905,-0.002774360438319182,-0.015422155366540558,-0.0011188033078438223,0.08333333333333333,924,35.0
1,2,1,random_normmatched,0.05555555555555555,0.9452380952380952,-0.01279707475009799,-0.030718794208145814,-0.006778842833113977,0.08333333333333333,924,35.0
1,2,1,random,0.0496031746031746,0.95,-0.000433016322242824,-0.009823711430604096,-0.001793997032099278,0.08333333333333333,924,36.0
1,2,1,random_normmatched,0.04563492063492063,0.95,0.00468180831394369,-0.001766727178002111,-0.002405531787053804,0.08333333333333333,924,36.0
1,2,1,random,0.05357142857142857,0.9547619047619048,-0.0003533074631765765,-0.00895062846329941,-0.0015221160114326645,0.08333333333333333,924,37.0
1,2,1,random_normmatched,0.047619047619047616,0.9476190476190476,0.0013048312557990141,-0.008074612639835764,-0.0009488926975516699,0.08333333333333333,924,37.0
1,2,1,random,0.0496031746031746,0.95,0.000958586010447108,-0.002421981061256462,-0.0023453355244253764,0.08333333333333333,924,38.0
1,2,1,random_normmatched,0.0496031746031746,0.9523809523809523,0.012533371435569686,0.003498165991942752,-0.002832363013657301,0.08333333333333333,924,38.0
1,2,1,random,0.05555555555555555,0.95,-6.146067305842427e-05,-0.008116091752880956,0.0002479904843239017,0.08333333333333333,924,39.0
1,2,1,random_normmatched,0.057539682539682536,0.9523809523809523,0.0049144672754177585,0.0013606504589556143,0.002670636604143995,0.08333333333333333,924,39.0
1,2,1,random,0.051587301587301584,0.9476190476190476,-4.985267611751372e-05,-0.011410967175493204,0.0005996867342566465,0.08333333333333333,924,40.0
1,2,1,random_normmatched,0.047619047619047616,0.9547619047619048,0.0050443137022768165,-0.0027034906860711246,0.008537950077680715,0.08333333333333333,924,40.0
1,2,1,random,0.05357142857142857,0.95,-5.4418818732711517e-05,0.006904864709448139,-0.0014143448390398165,0.08333333333333333,924,41.0
1,2,1,random_normmatched,0.0496031746031746,0.9523809523809523,0.0034702919397634085,0.00583331661074336,-0.0038747734830483797,0.08333333333333333,924,41.0
1,2,1,random,0.051587301587301584,0.9523809523809523,0.00022503554836024735,-0.010271756752939277,-0.002159771919561939,0.08333333333333333,924,42.0
1,2,1,random_normmatched,0.0496031746031746,0.95,0.006365300103792569,0.01507292713244528,-0.0031084882787952156,0.08333333333333333,924,42.0
1,2,1,random,0.047619047619047616,0.95,-0.0005896801557805675,-0.010234048340290448,-0.0007996550716249111,0.08333333333333333,924,43.0
1,2,1,random_normmatched,0.051587301587301584,0.95,0.014305870865859412,0.004028988043336857,0.0010775550689845735,0.08333333333333333,924,43.0
1,2,1,random,0.047619047619047616,0.95,-0.000149975124624593,-0.006705548670978902,-0.00019504248107862294,0.08333333333333333,924,44.0
1,2,1,random_normmatched,0.0496031746031746,0.9523809523809523,0.006831559332654759,0.014609647179744584,-0.0008075989642634953,0.08333333333333333,924,44.0
1,2,1,random,0.0496031746031746,0.95,-0.0007617144780869376,0.011106737246953683,-1.0663914276208604e-05,0.08333333333333333,924,45.0
1,2,1,random_normmatched,0.037698412698412696,0.9523809523809523,0.0032257297768289056,0.014738302038030431,0.0006760412541354103,0.08333333333333333,924,45.0
1,2,1,random,0.0496031746031746,0.9476190476190476,2.9822113631450176e-05,-0.0017688870363204295,3.307598422939561e-05,0.08333333333333333,924,46.0
1,2,1,random_normmatched,0.06746031746031746,0.9452380952380952,-0.0005460341753570591,0.006296963523167849,0.012339047085136078,0.08333333333333333,924,46.0
1,2,1,random,0.051587301587301584,0.9547619047619048,-0.0013995770928517774,0.00817146986622977,-0.001407944834156165,0.08333333333333333,924,47.0
1,2,1,random_normmatched,0.0496031746031746,0.9547619047619048,-0.0036021403635831794,0.004073453086074042,0.0010429638534431456,0.08333333333333333,924,47.0
1,2,1,random,0.05357142857142857,0.95,0.00020520553647364922,-0.009167287707378879,-0.0003782491375935982,0.08333333333333333,924,48.0
1,2,1,random_normmatched,0.047619047619047616,0.95,0.005127889476404036,0.016628530675493285,0.004441145888716694,0.08333333333333333,924,48.0
1,2,1,random,0.0496031746031746,0.9476190476190476,0.0002384357875644762,0.0046560306946388,-0.0005852683165652663,0.08333333333333333,924,49.0
1,2,1,random_normmatched,0.0496031746031746,0.9571428571428572,0.004117522842033635,0.015738026227873108,0.001264255093212706,0.08333333333333333,924,49.0
1,2,1,random,0.047619047619047616,0.95,-0.00021600897315122045,-0.0028639243848228553,-0.0005513048121393927,0.08333333333333333,924,50.0
1,2,1,random_normmatched,0.041666666666666664,0.9547619047619048,0.00960216844288067,0.004353454543990203,0.0009925868193233563,0.08333333333333333,924,50.0
1,2,1,random,0.05357142857142857,0.95,0.0005238209039793198,-0.006530443712750569,-0.001153514849110178,0.08333333333333333,924,51.0
1,2,1,random_normmatched,0.0496031746031746,0.9523809523809523,0.01171603419764302,0.02791504530915807,0.0018170780285880258,0.08333333333333333,924,51.0
1,2,1,random,0.04365079365079365,0.9571428571428572,-0.002104863196046295,0.007027599979893566,-0.002040047705493023,0.08333333333333333,924,52.0
1,2,1,random_normmatched,0.04563492063492063,0.9619047619047619,-0.005003581257776585,0.00427770884620387,-0.001465703001722624,0.08333333333333333,924,52.0
1,2,1,random,0.05357142857142857,0.9452380952380952,0.0002461741027892858,-0.005839347644903456,0.0006054024856950672,0.08333333333333333,924,53.0
1,2,1,random_normmatched,0.047619047619047616,0.95,0.004312578341308098,0.011316213124299031,0.0024391250899128826,0.08333333333333333,924,53.0
1,2,1,random,0.04365079365079365,0.95,0.0005994683706986875,-0.008375240768970883,0.000467760555209615,0.08333333333333333,924,54.0
1,2,1,random_normmatched,0.0496031746031746,0.9571428571428572,0.019538466237553235,0.03240254463939064,0.004794096589445582,0.08333333333333333,924,54.0
1,2,1,random,0.05357142857142857,0.9476190476190476,-0.0008764506781578664,-0.012190583483954272,-0.0016496199571709082,0.08333333333333333,924,55.0
1,2,1,random_normmatched,0.05357142857142857,0.9523809523809523,-0.0041510342362802745,-0.012979029298423183,-0.0014540783418085712,0.08333333333333333,924,55.0
1,2,1,random,0.047619047619047616,0.95,-0.00035662733515997463,0.012047710422121969,-0.001113027107165587,0.08333333333333333,924,56.0
1,2,1,random_normmatched,0.057539682539682536,0.9523809523809523,0.0037009816511921227,0.01119836629215377,0.001542812677915039,0.08333333333333333,924,56.0
1,2,1,random,0.051587301587301584,0.9523809523809523,0.0004783252147854344,0.0023607605660872556,-0.0009377022669938507,0.08333333333333333,924,57.0
1,2,1,random_normmatched,0.03968253968253968,0.9523809523809523,0.007750052305259238,0.019794123955364597,0.0012220735615511655,0.08333333333333333,924,57.0
1,2,1,random,0.0496031746031746,0.9452380952380952,-0.00023918151489738524,-0.009768123586360521,-0.0018745197130723285,0.08333333333333333,924,58.0
1,2,1,random_normmatched,0.041666666666666664,0.9571428571428572,0.004293670415273472,0.01193487859600213,-0.005769456172528727,0.08333333333333333,924,58.0
1,2,1,random,0.04563492063492063,0.9523809523809523,0.0002630790275827949,-0.007864806594132365,-0.000731298118893974,0.08333333333333333,924,59.0
1,2,1,random_normmatched,0.047619047619047616,0.9595238095238096,0.004692845319491601,0.002627787563282448,0.003344660423398701,0.08333333333333333,924,59.0
1,2,1,random,0.051587301587301584,0.9571428571428572,0.0008062594971387151,0.012181760268637192,8.27814276375325e-06,0.08333333333333333,924,60.0
1,2,1,random_normmatched,0.051587301587301584,0.9595238095238096,0.009948042513831966,0.0023846221443932533,0.008254634339555249,0.08333333333333333,924,60.0
1,2,1,random,0.051587301587301584,0.9452380952380952,-0.0009023262606688864,-0.010234384720250794,-0.001773816464975733,0.08333333333333333,924,61.0
1,2,1,random_normmatched,0.051587301587301584,0.9476190476190476,-0.008302250257199974,-0.012257609003597576,-0.005327252436754949,0.08333333333333333,924,61.0
1,2,1,random,0.04563492063492063,0.9571428571428572,-0.00020011901366194702,-0.0034045999297656533,-0.0006074244391577271,0.08333333333333333,924,62.0
1,2,1,random_normmatched,0.03571428571428571,0.9571428571428572,-0.0040957991737648955,-0.008335734100798763,0.0009555959180686136,0.08333333333333333,924,62.0
1,2,1,random,0.0496031746031746,0.9523809523809523,0.0003259251716198558,-0.0038702745399759693,-0.001131545008473242,0.08333333333333333,924,63.0
1,2,1,random_normmatched,0.051587301587301584,0.95,0.008385358250768256,0.011190415811886775,-0.0013741405477921231,0.08333333333333333,924,63.0
1,2,1,random,0.04563492063492063,0.9547619047619048,9.559256840437403e-05,0.011315626882154936,-0.000546243854042681,0.08333333333333333,924,64.0
1,2,1,random_normmatched,0.051587301587301584,0.9571428571428572,0.011704895433341873,0.0031099229999330485,0.000891949190859088,0.08333333333333333,924,64.0
1,2,1,random,0.04563492063492063,0.95,-0.001511096198099237,0.007222978495017222,-0.0017737325542735004,0.08333333333333333,924,65.0
1,2,1,random_normmatched,0.04365079365079365,0.9547619047619048,-0.008841483334624329,-0.016556069525062563,-0.00523704548632058,0.08333333333333333,924,65.0
1,2,1,random,0.0496031746031746,0.9523809523809523,-0.0005342172307358069,-0.011250579118688223,-0.0008260187695184789,0.08333333333333333,924,66.0
1,2,1,random_normmatched,0.047619047619047616,0.9547619047619048,-0.0004396997766145382,0.015616639341298125,-0.006422596108136412,0.08333333333333333,924,66.0
1,2,1,random,0.0496031746031746,0.9523809523809523,-5.934005262288534e-05,0.010068010639206443,-0.001176255835614727,0.08333333333333333,924,67.0
1,2,1,random_normmatched,0.051587301587301584,0.95,0.010267982212247,0.01995071191738858,-0.000478524512139271,0.08333333333333333,924,67.0
1,2,1,random,0.04563492063492063,0.9523809523809523,-0.0004193026657360267,-0.010595618420299102,-0.002588625183704719,0.08333333333333333,924,68.0
1,2,1,random_normmatched,0.04365079365079365,0.9595238095238096,-0.0013800900872231328,-0.006137741076478193,-0.007468502888690845,0.08333333333333333,924,68.0
1,2,1,random,0.05357142857142857,0.95,-0.0001669237153656335,0.008533251337781088,0.0006019776577576365,0.08333333333333333,924,69.0
1,2,1,random_normmatched,0.05555555555555555,0.9476190476190476,-0.00013949702453064952,-0.01110386485502481,0.008437883802677518,0.08333333333333333,924,69.0
1,2,1,random,0.0496031746031746,0.9452380952380952,0.00044716515390088164,0.010828977601208404,-0.001255565069798657,0.08333333333333333,924,70.0
1,2,1,random_normmatched,0.05357142857142857,0.9476190476190476,0.013947048934586464,0.0045112079604886475,-0.0004145828060579464,0.08333333333333333,924,70.0
1,2,1,random,0.051587301587301584,0.9452380952380952,0.000678164463885769,-0.007266693540401657,-0.0011698779824974965,0.08333333333333333,924,71.0
1,2,1,random_normmatched,0.0496031746031746,0.9452380952380952,0.013354950523424081,0.027542743848839663,0.004996102202948181,0.08333333333333333,924,71.0
1,2,1,random,0.05357142857142857,0.9476190476190476,-0.0002274737228083941,-0.009543071392864895,-0.0010033790437788228,0.08333333333333333,924,72.0
1,2,1,random_normmatched,0.051587301587301584,0.9523809523809523,0.0013058178028194935,0.011831162354401901,0.0009716434671915809,0.08333333333333333,924,72.0
1,2,1,random,0.0496031746031746,0.9523809523809523,-0.001505288430544787,-0.009552941332049808,-0.0014951440431594278,0.08333333333333333,924,73.0
1,2,1,random_normmatched,0.04563492063492063,0.9452380952380952,0.004866442160148152,-7.527091031521857e-05,-0.007341265835367149,0.08333333333333333,924,73.0
1,2,1,random,0.047619047619047616,0.9571428571428572,-7.181381467678266e-05,-0.008066393915004588,-0.0018109096409485645,0.08333333333333333,924,74.0
1,2,1,random_normmatched,0.04365079365079365,0.9642857142857143,0.010874790652482527,0.018935517846703172,-0.0048567970454606825,0.08333333333333333,924,74.0
1,2,1,random,0.0496031746031746,0.9476190476190476,-0.0017145152508267441,0.00698490712913498,-0.0001498759229767764,0.08333333333333333,924,75.0
1,2,1,random_normmatched,0.05357142857142857,0.95,-0.00737810912191216,-0.010761540731418662,0.006974010090967738,0.08333333333333333,924,75.0
1,2,1,random,0.0496031746031746,0.95,-0.0014722676819946567,-0.009199802449326274,-0.0017545615193807914,0.08333333333333333,924,76.0
1,2,1,random_normmatched,0.05555555555555555,0.9523809523809523,0.0044501851966849484,-0.003641730798261687,0.0013969413549826059,0.08333333333333333,924,76.0
1,2,1,random,0.0496031746031746,0.9523809523809523,-0.00017052385625527464,-0.003882065449857128,-0.0012963347599500305,0.08333333333333333,924,77.0
1,2,1,random_normmatched,0.047619047619047616,0.9523809523809523,0.007908684536126151,0.018466480714419288,-0.005245301891256795,0.08333333333333333,924,77.0
1,2,1,random,0.04365079365079365,0.9547619047619048,-0.00019480643287831032,-0.005121283607305756,-0.0012108487517159153,0.08333333333333333,924,78.0
1,2,1,random_normmatched,0.0496031746031746,0.95,0.0002754466336713248,-0.007056316441073608,-0.007836471238353716,0.08333333333333333,924,78.0
1,2,1,random,0.0496031746031746,0.9428571428571428,-0.0013194741457918367,-0.011271759026611898,-0.001705560280504702,0.08333333333333333,924,79.0
1,2,1,random_normmatched,0.057539682539682536,0.9523809523809523,0.003453609489735671,0.0112248549285104,-0.010091349388328136,0.08333333333333333,924,79.0
1,2,1,random,0.05555555555555555,0.9476190476190476,-0.000961234909270092,-0.004285660997154597,-0.0008371682127795625,0.08333333333333333,924,80.0
1,2,1,random_normmatched,0.05357142857142857,0.9452380952380952,-0.006367954473076925,-0.005570559659497921,-0.0021954850645832164,0.08333333333333333,924,80.0
1,2,1,random,0.05952380952380952,0.9428571428571428,6.184820425154083e-05,0.014216766149588783,0.00027963987050577015,0.08333333333333333,924,81.0
1,2,1,random_normmatched,0.057539682539682536,0.9428571428571428,0.0015808012737143125,0.008073149572938454,0.011123152805382952,0.08333333333333333,924,81.0
1,2,1,random,0.05357142857142857,0.9523809523809523,-0.0018300328275643333,-0.011364590453714307,-0.0008522336246749886,0.08333333333333333,924,82.0
1,2,1,random_normmatched,0.057539682539682536,0.9523809523809523,-0.001406054972711845,-0.0049984805852584194,0.0017553735733993683,0.08333333333333333,924,82.0
1,2,1,random,0.05357142857142857,0.95,-0.0010682611685302143,-0.009850673253573056,-0.0006630718542873426,0.08333333333333333,924,83.0
1,2,1,random_normmatched,0.05357142857142857,0.95,0.0014821089066603924,-0.004429481792986225,-0.0025027525545719834,0.08333333333333333,924,83.0
1,2,1,random,0.051587301587301584,0.95,0.00017049385188085023,-0.00864585893853193,-0.0006389864877569751,0.08333333333333333,924,84.0
1,2,1,random_normmatched,0.06349206349206349,0.95,-0.0010380005688549378,0.011428595374633789,0.006607118589179587,0.08333333333333333,924,84.0
1,2,1,random,0.04563492063492063,0.9523809523809523,0.0001782398440960658,-0.008166624474668736,-0.0010951042273079539,0.08333333333333333,924,85.0
1,2,1,random_normmatched,0.051587301587301584,0.95,0.01479238024531138,0.027477117420145837,-0.001530566038096614,0.08333333333333333,924,85.0
1,2,1,random,0.05357142857142857,0.9523809523809523,-0.000735113553600367,-0.009316773020338773,-0.0009167872654258248,0.08333333333333333,924,86.0
1,2,1,random_normmatched,0.051587301587301584,0.9523809523809523,0.006036034110159954,0.029554290713341053,0.000713150228673125,0.08333333333333333,924,86.0
1,2,1,random,0.05555555555555555,0.9452380952380952,-0.0020494367256383267,0.007702658348338182,0.0005718324582572292,0.08333333333333333,924,87.0
1,2,1,random_normmatched,0.061507936507936505,0.9404761904761905,0.002380325196486381,0.006705275728518634,0.004197585118253156,0.08333333333333333,924,87.0
1,2,1,random,0.047619047619047616,0.9523809523809523,-0.0007675866060785577,0.00968665436313779,-0.0005735777954709244,0.08333333333333333,924,88.0
1,2,1,random_normmatched,0.04563492063492063,0.9547619047619048,0.004082745623577687,0.008457526315536,-0.002019739958306283,0.08333333333333333,924,88.0
1,2,1,random,0.0496031746031746,0.9476190476190476,-0.0019495650098325964,-0.003569296478431965,-0.0035352509732243763,0.08333333333333333,924,89.0
1,2,1,random_normmatched,0.05952380952380952,0.9523809523809523,-0.004022056568821826,-0.008459141609501371,-0.01816234717773376,0.08333333333333333,924,89.0
1,2,1,random,0.05357142857142857,0.9476190476190476,-0.0005767491614473623,-0.007876185129164406,-0.00020484012847121866,0.08333333333333333,924,90.0
1,2,1,random_normmatched,0.047619047619047616,0.9523809523809523,-0.0037346729911538886,-0.009596888126199302,-0.0015463456514212687,0.08333333333333333,924,90.0
1,2,1,random,0.047619047619047616,0.9476190476190476,-0.00027062156757512977,-0.00984068319883934,-0.001672613953326101,0.08333333333333333,924,91.0
1,2,1,random_normmatched,0.051587301587301584,0.9523809523809523,-0.004069623488023486,-0.007538061821466494,0.001522830798230294,0.08333333333333333,924,91.0
1,2,1,random,0.057539682539682536,0.9547619047619048,0.0007277466796537177,0.009754418024483817,0.000140675086316811,0.08333333333333333,924,92.0
1,2,1,random_normmatched,0.057539682539682536,0.9523809523809523,0.01141959115079249,-0.001210602494692272,0.005566137794320705,0.08333333333333333,924,92.0
1,2,1,random,0.051587301587301584,0.95,-0.0008212509923535842,-0.008513142018965737,-0.0008303773899863812,0.08333333333333333,924,93.0
1,2,1,random_normmatched,0.05555555555555555,0.95,0.01687690215692248,0.023186889496001405,0.0050160602351185715,0.08333333333333333,924,93.0
1,2,1,random,0.0496031746031746,0.95,-0.0004586228965399156,-0.0026404598706877514,-0.0018870228611870617,0.08333333333333333,924,94.0
1,2,1,random_normmatched,0.051587301587301584,0.95,-0.0032308893423508506,0.011037417950142297,-0.011514274112666093,0.08333333333333333,924,94.0
1,2,1,random,0.0496031746031746,0.95,3.985577246753635e-05,0.011119683216958153,-0.0009761145967268456,0.08333333333333333,924,95.0
1,2,1,random_normmatched,0.0496031746031746,0.9571428571428572,0.0061027927174892305,-0.0022616001247734133,-0.003189396145086773,0.08333333333333333,924,95.0
1,2,1,random,0.05357142857142857,0.9523809523809523,-0.0013294726044662296,-0.013443157163763621,-0.001402378428185607,0.08333333333333333,924,96.0
1,2,1,random_normmatched,0.047619047619047616,0.95,0.002966789112472553,-0.015849253708651118,-0.0006991328693226595,0.08333333333333333,924,96.0
1,2,1,random,0.051587301587301584,0.9523809523809523,-0.0008323804649827472,0.008224922836661876,-0.0006897672898851292,0.08333333333333333,924,97.0
1,2,1,random_normmatched,0.07142857142857142,0.9571428571428572,-0.000812006209870304,-0.007694622734189083,0.0032288773111567577,0.08333333333333333,924,97.0
1,2,1,random,0.047619047619047616,0.9476190476190476,4.085641471621138e-05,-0.009789965136144232,-0.0010145097005134027,0.08333333333333333,924,98.0
1,2,1,random_normmatched,0.0496031746031746,0.95,-0.00037704181306019637,-0.015301100187292483,-0.002036900829636556,0.08333333333333333,924,98.0
1,2,1,random,0.05357142857142857,0.9476190476190476,0.002248695634264237,0.00436236177991783,0.0003877971418417631,0.08333333333333333,924,99.0
1,2,1,random_normmatched,0.0496031746031746,0.9547619047619048,0.019326550530642597,0.025922183103477242,0.003445080321430337,0.08333333333333333,924,99.0
1,2,1,shuffled_labels,0.14285714285714285,0.95,0.10818077039386496,0.17176496601021088,0.10734654709365854,0.18055555555555555,924,
1,2,2,random,0.0,1.0,0.0012390982438108007,0.0013379394873052634,2.6395959922461086e-05,0.0,924,0.0
1,2,2,random_normmatched,0.0,1.0,0.008820763161116215,0.02167753683435296,0.009837085116672676,0.0,924,0.0
1,2,2,random,0.0,1.0,0.00023382616066427883,-2.0402145550885108e-05,-0.000530112305439975,0.0,924,1.0
1,2,2,random_normmatched,0.0,1.0,0.006117095774534495,0.00871295183905684,0.004084308381722118,0.0,924,1.0
1,2,2,random,0.0,1.0,0.0010224539340848958,0.00046706631374788203,-1.9180812105748242e-05,0.0,924,2.0
1,2,2,random_normmatched,0.0,1.0,0.00796650172664451,-0.002705335599110895,-0.0029999934699007974,0.0,924,2.0
1,2,2,random,0.0,1.0,-0.00023080647892182978,-0.0005057055905464048,-0.0010334081130356793,0.0,924,3.0
1,2,2,random_normmatched,0.0,1.0,0.006217720671413964,0.010355077311782725,-0.004051072613530474,0.0,924,3.0
1,2,2,random,0.0,1.0,0.0016442458454097807,0.00019783076748994133,0.0002668254353009082,0.0,924,4.0
1,2,2,random_normmatched,0.0,1.0,0.020908905997065803,0.020490765006654085,0.006514008770849122,0.0,924,4.0
1,2,2,random,0.0,1.0,0.002202736380082217,0.0021529277971599355,-6.067310895896364e-05,0.0,924,5.0
1,2,2,random_normmatched,0.0,1.0,0.00995054111897779,0.013327934194991389,0.005238710020506772,0.0,924,5.0
1,2,2,random,0.0,1.0,0.0011811132391423567,0.0008387209228998139,-7.582254398703362e-05,0.0,924,6.0
1,2,2,random_normmatched,0.0,1.0,0.012094886754615616,0.013179017967316678,0.00017741819249035085,0.0,924,6.0
1,2,2,random,0.0,1.0,-0.00012411172715405414,-0.0014632740643560152,0.000717163004466764,0.0,924,7.0
1,2,2,random_normmatched,0.0,1.0,-0.0005444040777294438,0.00551584483945838,0.003426663469159836,0.0,924,7.0
1,2,2,random,0.0,1.0,0.001120960729786159,0.001002269800213869,0.0011175143940289562,0.0,924,8.0
1,2,2,random_normmatched,0.0,1.0,-0.0020809195941432265,0.005729326514274198,0.006162139916288954,0.0,924,8.0
1,2,2,random,0.0,1.0,-0.0003131099502563226,-0.0011233134811339397,-0.0001965085158544519,0.0,924,9.0
1,2,2,random_normmatched,0.0,1.0,-0.0015149317701196121,-0.001294860024373348,0.006374847392960735,0.0,924,9.0
1,2,2,random,0.0,1.0,0.0006634259621704606,0.0012212658391406392,-0.000499688248242773,0.0,924,10.0
1,2,2,random_normmatched,0.0,1.0,0.008577337172975739,0.02096203913725201,0.008021070322966485,0.0,924,10.0
1,2,2,random,0.0,1.0,0.00028778405335465676,-0.0018910659845401427,0.0004295145016141858,0.0,924,11.0
1,2,2,random_normmatched,0.0,1.0,0.007838537970159386,-0.000841238831921906,0.00037065198656146707,0.0,924,11.0
1,2,2,random,0.0,1.0,-0.0007912195980911585,-0.003316679015590249,-0.0003068919757886931,0.0,924,12.0
1,2,2,random_normmatched,0.0,1.0,-0.004087763065365458,-0.005508265006370911,0.0027999343742477712,0.0,924,12.0
1,2,2,random,0.0,1.0,0.0019232908196282466,0.0003862954714289771,0.0009028450749789326,0.0,924,13.0
1,2,2,random_normmatched,0.0,1.0,0.00565949561165563,0.010322716631082206,0.0034745689057191255,0.0,924,13.0
1,2,2,random,0.0,1.0,-9.7591850245743e-05,-0.0007495153371656309,-2.7516512743895166e-05,0.0,924,14.0
1,2,2,random_normmatched,0.0,1.0,-0.0017632886701188662,-0.00622159767832725,0.0039564960963424985,0.0,924,14.0
1,2,2,random,0.0,1.0,0.0006745984568514406,-0.001065381322359219,0.0003384904223834608,0.0,924,15.0
1,2,2,random_normmatched,0.0,1.0,0.0044603770037606166,0.014697078387460314,0.009110273262004942,0.0,924,15.0
1,2,2,random,0.0,1.0,0.0018232549938782692,0.001316133744249844,0.001422389177781447,0.0,924,16.0
1,2,2,random_normmatched,0.0,1.0,0.017569162867410407,0.01825971465215198,0.010890034549333585,0.0,924,16.0
1,2,2,random,0.0,1.0,0.0022985112053501176,0.0025843987687930395,0.00027528632104874224,0.0,924,17.0
1,2,2,random_normmatched,0.0,1.0,0.017243050041151398,0.03166480650326785,0.011557409007027088,0.0,924,17.0
1,2,2,random,0.0,1.0,0.00032635560695047996,0.0007936816564847805,-0.0007337859033480982,0.0,924,18.0
1,2,2,random_normmatched,0.0,1.0,0.019223334871530384,0.014068822698703427,-0.003916184068016347,0.0,924,18.0
1,2,2,random,0.0,1.0,0.0013183741492691445,0.0014506521658563733,-0.0005113488263447667,0.0,924,19.0
1,2,2,random_normmatched,0.0,1.0,0.013529292087936507,0.013943769537865148,-0.006316684993145344,0.0,924,19.0
1,2,2,random,0.0,1.0,0.0011849423219639904,0.0015518697748851437,-5.879268333015918e-05,0.0,924,20.0
1,2,2,random_normmatched,0.0,1.0,0.008053173161686664,0.013947721038228812,0.000597607976588589,0.0,924,20.0
1,2,2,random,0.0,1.0,0.001219157185548891,0.0021815970945324513,-0.0007160944316584362,0.0,924,21.0
1,2,2,random_normmatched,0.0,1.0,0.0071078093229592545,0.005379417938452569,0.006016379164790843,0.0,924,21.0
1,2,2,random,0.0,1.0,0.0002717625015794206,1.929625553564467e-05,0.00038724116743325094,0.0,924,22.0
1,2,2,random_normmatched,0.0,1.0,0.003512138659551343,0.004386450521940853,0.002124648796364818,0.0,924,22.0
1,2,2,random,0.0,1.0,0.0007035944186172172,0.0011596686035786135,0.0007440103483276823,0.0,924,23.0
1,2,2,random_normmatched,0.0,1.0,0.004512143637370267,0.013245654309033473,0.010127769442901847,0.0,924,23.0
1,2,2,random,0.0,1.0,0.0010600862787176093,-2.8819689498402522e-05,-0.00035628223716398645,0.0,924,24.0
1,2,2,random_normmatched,0.0,1.0,0.009566973718685007,0.008937364724217103,0.0025920980520852802,0.0,924,24.0
1,2,2,random,0.0,1.0,-0.00022503880317223813,-0.0005964678013975693,-0.00011564057748210568,0.0,924,25.0
1,2,2,random_normmatched,0.0,1.0,0.0038704212030740157,0.009466040320386645,-0.0007756924036265103,0.0,924,25.0
1,2,2,random,0.0,1.0,3.061493685060804e-05,-0.0016641349305933973,0.00021246732738630438,0.0,924,26.0
1,2,2,random_normmatched,0.0,1.0,0.0020131381588645706,0.0052519319412038645,0.0025965875885708934,0.0,924,26.0
1,2,2,random,0.0,1.0,0.0005778399300342882,0.0009958999090598213,0.00038861479189013795,0.0,924,27.0
1,2,2,random_normmatched,0.0,1.0,0.005872472084710877,0.008191948255025935,-0.0017338466685069692,0.0,924,27.0
1,2,2,random,0.0,1.0,0.0015709011241294593,0.0021069573634459535,-0.0002347579036220364,0.0,924,28.0
1,2,2,random_normmatched,0.0,1.0,0.01852929362442428,0.02014678988672496,0.006270493678282583,0.0,924,28.0
1,2,2,random,0.0,1.0,0.0015144457149810927,0.004565352571357172,0.001396511386401943,0.0,924,29.0
1,2,2,random_normmatched,0.0,1.0,0.016316006396825837,0.020447240190012563,0.007135971792798423,0.0,924,29.0
1,2,2,random,0.0,1.0,1.2209989034705852e-05,-0.0013636532299363322,1.4729887236601383e-05,0.0,924,30.0
1,2,2,random_normmatched,0.0,1.0,0.005480040965884651,0.010968839402840064,0.0037325812200863224,0.0,924,30.0
1,2,2,random,0.0,1.0,0.0008947635517432999,0.0003080698520466818,0.0006316458000381019,0.0,924,31.0
1,2,2,random_normmatched,0.0,1.0,0.006292266929366467,0.004725123732706064,0.008935758433138114,0.0,924,31.0
1,2,2,random,0.0,1.0,0.0005168659328873212,-0.0004317777741368956,-0.00013706569951467228,0.0,924,32.0
1,2,2,random_normmatched,0.0,1.0,0.0016176778113208834,0.003791004385718333,-0.00010577654632481029,0.0,924,32.0
1,2,2,random,0.0,1.0,0.0008442532538621599,0.0008008771988379417,-0.0007448953587553814,0.0,924,33.0
1,2,2,random_normmatched,0.0,1.0,0.01096949220266339,0.019261771702333827,-0.001987585990797452,0.0,924,33.0
1,2,2,random,0.0,1.0,0.0011478729544219307,0.0015108316227516261,-0.0011389592792627786,0.0,924,34.0
1,2,2,random_normmatched,0.0,1.0,0.012681843780907566,0.019016033151620964,-0.013565113970637342,0.0,924,34.0
1,2,2,random,0.0,1.0,0.0005348522971337262,0.00030391819890607523,0.0005253676643574179,0.0,924,35.0
1,2,2,random_normmatched,0.0,1.0,0.005771223940633171,0.014360462049411488,0.009398281491872842,0.0,924,35.0
1,2,2,random,0.0,1.0,0.0013220007639509605,0.0014087121677234765,-0.0006209973454037843,0.0,924,36.0
1,2,2,random_normmatched,0.0,1.0,0.015591867909015254,0.01847523998218833,0.006276786617678309,0.0,924,36.0
1,2,2,random,0.0,1.0,0.0007211592440668115,-0.00032324844885426327,-0.00025489897034050986,0.0,924,37.0
1,2,2,random_normmatched,0.0,1.0,0.010457975096425048,0.009632997642241157,0.0028479375861068853,0.0,924,37.0
1,2,2,random,0.0,1.0,0.0006078375845706382,0.001629727804040105,0.00014733374298075063,0.0,924,38.0
1,2,2,random_normmatched,0.0,1.0,0.006954185265476654,0.0041932120760846785,-0.004534831584466815,0.0,924,38.0
1,2,2,random,0.0,1.0,0.00012697797736665475,-0.0014272601930093208,-0.0005980880431125141,0.0,924,39.0
1,2,2,random_normmatched,0.0,1.0,-0.0038748985349579355,-0.007920369968119689,0.0037366586839507185,0.0,924,39.0
1,2,2,random,0.0,1.0,-7.466360291689137e-05,-0.0013710146301656341,0.0007852123617901578,0.0,924,40.0
1,2,2,random_normmatched,0.0,1.0,0.005992415633667503,0.009452599750960527,0.008390609152036585,0.0,924,40.0
1,2,2,random,0.0,1.0,-5.2249475916465586e-05,-0.0008006406937162555,0.000968933534030991,0.0,924,41.0
1,2,2,random_normmatched,0.0,1.0,0.004793639824896361,-0.0009908512286159231,0.004039805753931139,0.0,924,41.0
1,2,2,random,0.0,1.0,0.0002638263398711499,-0.0003997933630997554,0.00017248360637722715,0.0,924,42.0
1,2,2,random_normmatched,0.0,1.0,0.001806446783349706,-0.0039228520858920896,0.003382495600752827,0.0,924,42.0
1,2,2,random,0.0,1.0,3.798595268910469e-05,-0.00011543915074370833,-0.0007292926695843766,0.0,924,43.0
1,2,2,random_normmatched,0.0,1.0,0.004140473829663591,0.005224305873610255,-0.0029309908900837685,0.0,924,43.0
1,2,2,random,0.0,1.0,0.0014124365196952825,0.0013065117449973453,0.000864250148909795,0.0,924,44.0
1,2,2,random_normmatched,0.0,1.0,0.01653133594608707,0.01442767619799406,0.009272947164959161,0.0,924,44.0
1,2,2,random,0.0,1.0,0.001156790044051967,0.0014535782372500164,0.000584256645818863,0.0,924,45.0
1,2,2,random_normmatched,0.0,1.0,0.014146958485623374,0.016018371945296716,0.013579710700830175,0.0,924,45.0
1,2,2,random,0.0,1.0,0.0006372926989570881,0.000275320290869991,-0.00042806951357226056,0.0,924,46.0
1,2,2,random_normmatched,0.0,1.0,-0.0030572220409868793,0.015704469996908933,0.0016890493253016127,0.0,924,46.0
1,2,2,random,0.0,1.0,-0.00028215119693988694,-0.0010397904023797635,0.0004524168881378474,0.0,924,47.0
1,2,2,random_normmatched,0.0,1.0,0.002286235413908954,0.0051529525995141654,0.01070199287365111,0.0,924,47.0
1,2,2,random,0.0,1.0,0.0005749599115370027,-0.0004105718929516188,-0.0010388185615120204,0.0,924,48.0
1,2,2,random_normmatched,0.0,1.0,0.007563726618717926,0.0156355906988108,-0.003312944319647889,0.0,924,48.0
1,2,2,random,0.0,1.0,0.0019928032104997283,0.0028238930127953816,-0.00028586088027837177,0.0,924,49.0
1,2,2,random_normmatched,0.0,1.0,0.015968557373889462,0.02800950031288077,0.01252056346192663,0.0,924,49.0
1,2,2,random,0.0,1.0,0.0016461803926179496,0.0022982630746248406,0.0007329929670984493,0.0,924,50.0
1,2,2,random_normmatched,0.0,1.0,0.0168880203138762,0.017049640823298906,0.003968204492126451,0.0,924,50.0
1,2,2,random,0.0,1.0,0.0003962159335927434,-0.00034568451192048513,0.00024965249395710634,0.0,924,51.0
1,2,2,random_normmatched,0.0,1.0,0.0027855896785679447,0.004256535161555004,0.00931441236395757,0.0,924,51.0
1,2,2,random,0.0,1.0,0.0010881574782811926,0.0011722301086985586,0.0008935633124681043,0.0,924,52.0
1,2,2,random_normmatched,0.0,1.0,-2.9901720943612725e-05,0.0036477667385284187,0.013890207209419622,0.0,924,52.0
1,2,2,random,0.0,1.0,0.0016197712734321572,0.0025214874915586794,-0.0007996998962699797,0.0,924,53.0
1,2,2,random_normmatched,0.0,1.0,0.007821921033740482,0.022980790000744496,-0.0015475045640406426,0.0,924,53.0
1,2,2,random,0.0,1.0,0.0005256369634196257,-0.0003584794528850806,0.0005368794505466107,0.0,924,54.0
1,2,2,random_normmatched,0.0,1.0,0.01745274897932533,0.01641931447541112,-0.003423240241228436,0.0,924,54.0
1,2,2,random,0.0,1.0,0.0016332424249274656,0.0027822852380525263,0.0011774862146316182,0.0,924,55.0
1,2,2,random_normmatched,0.0,1.0,0.0141817015704222,0.028761496270464953,0.015712398103322627,0.0,924,55.0
1,2,2,random,0.0,1.0,0.00038002325740547655,0.0007851117346845411,0.00038159386647365205,0.0,924,56.0
1,2,2,random_normmatched,0.0,1.0,0.013610945407911322,0.023350131479072778,0.006346919697048271,0.0,924,56.0
1,2,2,random,0.0,1.0,0.000432563142932634,0.0014087271103147875,-0.0006723826601660386,0.0,924,57.0
1,2,2,random_normmatched,0.0,1.0,0.012993161767221564,0.011449148535200538,0.0016537613156289927,0.0,924,57.0
1,2,2,random,0.0,1.0,0.0003597539087959521,-0.00046222539455812557,-0.00020798614092027204,0.0,924,58.0
1,2,2,random_normmatched,0.0,1.0,0.0039541998670268065,-0.0006976631217299013,0.006313537025673626,0.0,924,58.0
1,2,2,random,0.0,1.0,0.0011342238044408028,0.001957931086697312,-4.681836716400074e-05,0.0,924,59.0
1,2,2,random_normmatched,0.0,1.0,0.011638779698211706,0.015265357974284818,0.002727944472050565,0.0,924,59.0
1,2,2,random,0.0,1.0,0.000363573894860819,-0.00010623810245787211,-0.0013169680189434,0.0,924,60.0
1,2,2,random_normmatched,0.0,1.0,0.006931085404702607,0.012124112016294415,-0.003140144009301443,0.0,924,60.0
1,2,2,random,0.0,1.0,0.002120418932793658,0.0025710409400726358,-0.00016404324549209437,0.0,924,61.0
1,2,2,random_normmatched,0.0,1.0,0.011165467872503027,0.014420762332562861,0.006000072746910581,0.0,924,61.0
1,2,2,random,0.0,1.0,-0.0001974031586868546,-0.0011289879260774508,0.0007751124368660629,0.0,924,62.0
1,2,2,random_normmatched,0.0,1.0,-0.0038130696843523904,0.0024501432964478746,0.0021599309459371095,0.0,924,62.0
1,2,2,random,0.0,1.0,0.0006288869975627604,0.0007450459721285481,1.4564222641875273e-05,0.0,924,63.0
1,2,2,random_normmatched,0.0,1.0,0.005316861323019532,0.01563669021823819,0.006052821069516162,0.0,924,63.0
1,2,2,random,0.0,1.0,0.0006011553061069764,0.0004380937888733741,0.0013257381102317917,0.0,924,64.0
1,2,2,random_normmatched,0.0,1.0,0.01212029002217958,0.0069248526484155595,0.020382383471624396,0.0,924,64.0
1,2,2,random,0.0,1.0,0.00043067969995105247,0.0002603157327085012,0.00015268667950468854,0.0,924,65.0
1,2,2,random_normmatched,0.0,1.0,0.002559247522888215,0.006608135710531724,0.002380270858926549,0.0,924,65.0
1,2,2,random,0.0,1.0,0.0007407851932196572,-0.0008042698415124495,8.903273227680518e-06,0.0,924,66.0
1,2,2,random_normmatched,0.0,1.0,0.005338433075354119,0.007611225045877489,-0.0010137904525152844,0.0,924,66.0
1,2,2,random,0.0,1.0,0.0012652925527147673,0.000355101461318413,-3.7055360011395204e-05,0.0,924,67.0
1,2,2,random_normmatched,0.0,1.0,0.008533148300563068,0.009061036300036338,0.0038004523234078094,0.0,924,67.0
1,2,2,random,0.0,1.0,0.0019372170278439307,0.0007574038585896035,-0.0003954239381221432,0.0,924,68.0
1,2,2,random_normmatched,0.0,1.0,0.006661282659480262,0.011178553251776177,0.00031131326848226015,0.0,924,68.0
1,2,2,random,0.0,1.0,0.002775313836235298,0.0033516264004897975,0.0005504920498537191,0.0,924,69.0
1,2,2,random_normmatched,0.0,1.0,0.03622054274773878,0.036478302142713276,0.006912613837356115,0.0,924,69.0
1,2,2,random,0.0,1.0,0.0004936756818675438,-0.0002178169633228237,0.0007398758108952974,0.0,924,70.0
1,2,2,random_normmatched,0.0,1.0,0.0022826296970733296,0.004113728991106142,0.0018432932794154862,0.0,924,70.0
1,2,2,random,0.0,1.0,0.0012965363585099,0.00036022756815910935,0.0005181483913851833,0.0,924,71.0
1,2,2,random_normmatched,0.0,1.0,0.013732055494735381,0.012633178198220444,0.00595426024291947,0.0,924,71.0
1,2,2,random,0.0,1.0,0.0004195840042324952,-0.0005040704376991069,-0.00024522218688375377,0.0,924,72.0
1,2,2,random_normmatched,0.0,1.0,0.004177134815280125,0.005953220007462074,0.0012634323390008125,0.0,924,72.0
1,2,2,random,0.0,1.0,0.0006481021190416498,-0.0004093400000852011,0.00032052881495105916,0.0,924,73.0
1,2,2,random_normmatched,0.0,1.0,0.004791017651781996,0.011648026759557836,0.0042408710009619035,0.0,924,73.0
1,2,2,random,0.0,1.0,4.948771577825403e-05,8.282109245507657e-05,0.00011509044747162666,0.0,924,74.0
1,2,2,random_normmatched,0.0,1.0,0.00351759314128537,0.006124761362865701,0.004587315530542298,0.0,924,74.0
1,2,2,random,0.0,1.0,0.0006773145979954391,0.0005336050156381135,0.0014723447651863305,0.0,924,75.0
1,2,2,random_normmatched,0.0,1.0,0.01412505097429796,0.009276562206939383,0.010895120134611472,0.0,924,75.0
1,2,2,random,0.0,1.0,0.004563280478212887,0.005304083635676791,-0.0010319547998721003,0.0,924,76.0
1,2,2,random_normmatched,0.0,1.0,0.019258669811111233,0.02583391644585945,-0.005115534701855376,0.0,924,76.0
1,2,2,random,0.0,1.0,0.00040340814602243667,0.0011541688911347753,0.0008447497376006387,0.0,924,77.0
1,2,2,random_normmatched,0.0,1.0,-0.0009068483496663671,-0.0032523681700292475,0.01052846816032995,0.0,924,77.0
1,2,2,random,0.0,1.0,0.0014252688417742292,0.002317200865823112,-0.00020054495984489956,0.0,924,78.0
1,2,2,random_normmatched,0.0,1.0,0.009017833059275861,0.018201066815332855,-0.0005392834786318644,0.0,924,78.0
1,2,2,random,0.0,1.0,-0.00013834615605254433,-0.00027902965937791216,0.00018314108817989744,0.0,924,79.0
1,2,2,random_normmatched,0.0,1.0,0.007067568350794175,-0.003120541646681515,0.004513109265514433,0.0,924,79.0
1,2,2,random,0.0,1.0,0.0004812056210051108,-0.00034925346832567034,0.00024012243652429517,0.0,924,80.0
1,2,2,random_normmatched,0.0,1.0,0.010047704816174015,0.005733983524278522,0.00024876396980379146,0.0,924,80.0
1,2,2,random,0.0,1.0,4.763413713787627e-05,0.0001720253637555459,-0.0005966812625257409,0.0,924,81.0
1,2,2,random_normmatched,0.0,1.0,-0.00016252816878752226,-0.0009759492058575316,0.0009591663095320154,0.0,924,81.0
1,2,2,random,0.0,1.0,0.0012004109707626615,0.0017586115234524784,-0.00012245473502552686,0.0,924,82.0
1,2,2,random_normmatched,0.0,1.0,0.009543553693345239,0.015960126062833913,0.006016983464889774,0.0,924,82.0
1,2,2,random,0.0,1.0,0.0017469439655637057,0.0016013538364869466,0.0001929765908994988,0.0,924,83.0
1,2,2,random_normmatched,0.0,1.0,0.01471746784644988,0.021085685036601628,0.006319305924162454,0.0,924,83.0
1,2,2,random,0.0,1.0,0.0014764231289766958,0.0034015116863042563,0.002301961064140098,0.0,924,84.0
1,2,2,random_normmatched,0.0,1.0,0.021265963264704674,0.00876456180936703,0.01606935652899195,0.0,924,84.0
1,2,2,random,0.0,1.0,0.0011210046938552624,0.0009641595990369492,-3.236863410580001e-05,0.0,924,85.0
1,2,2,random_normmatched,0.0,1.0,0.012647117295360607,0.015202592162717486,0.00599657317522604,0.0,924,85.0
1,2,2,random,0.0,1.0,0.0015874490004786235,0.0017353738985659804,0.0002398532155178117,0.0,924,86.0
1,2,2,random_normmatched,0.0,1.0,0.009472780706327335,0.015556184677900261,0.011273172251175065,0.0,924,86.0
1,2,2,random,0.0,1.0,0.00013699020782231177,-0.0018270413473765376,-0.00017920514636879,0.0,924,87.0
1,2,2,random_normmatched,0.0,1.0,-0.0005538965520044683,-0.010611259834342529,0.0018355683796694952,0.0,924,87.0
1,2,2,random,0.0,1.0,0.0014561093952646937,0.0027970725150129774,0.0009369779133403468,0.0,924,88.0
1,2,2,random_normmatched,0.0,1.0,0.011680051077240513,0.018897477352440375,0.006142873656688088,0.0,924,88.0
1,2,2,random,0.0,1.0,0.0006979157261407649,0.0006175460199342818,-0.00025997272172627816,0.0,924,89.0
1,2,2,random_normmatched,0.0,1.0,0.015784980941860843,0.01279422188595167,-0.0012653935782565907,0.0,924,89.0
1,2,2,random,0.0,1.0,0.0013078933448818534,0.0018766436674994742,-3.479662763015281e-06,0.0,924,90.0
1,2,2,random_normmatched,0.0,1.0,0.010936625142159054,0.014495544150994508,0.011443016179652786,0.0,924,90.0
1,2,2,random,0.0,1.0,0.00112543451716797,0.00027299016368342405,-4.3566077032085205e-06,0.0,924,91.0
1,2,2,random_normmatched,0.0,1.0,0.015061789961056688,0.02308104501942741,9.765114740041666e-05,0.0,924,91.0
1,2,2,random,0.0,1.0,-0.00012677770372338779,-0.0011306860706357972,0.00015273093937318052,0.0,924,92.0
1,2,2,random_normmatched,0.0,1.0,0.003228779365413734,0.004427961587713724,-0.0020885228828160887,0.0,924,92.0
1,2,2,random,0.0,1.0,0.0010183055955071676,0.0003019611187178316,-0.0010196070611559961,0.0,924,93.0
1,2,2,random_normmatched,0.0,1.0,0.012515366742678696,0.012502800135377506,0.0007675659862057393,0.0,924,93.0
1,2,2,random,0.0,1.0,0.001220394900424962,-5.322189496248343e-05,0.0005398820518346853,0.0,924,94.0
1,2,2,random_normmatched,0.0,1.0,0.005803050028215649,0.0005818147507011659,0.0006322206308582176,0.0,924,94.0
1,2,2,random,0.0,1.0,0.0006047311863007511,7.843705013856854e-05,0.00017280028897366525,0.0,924,95.0
1,2,2,random_normmatched,0.0,1.0,-0.00024713790105475666,0.011356622983783498,0.004126157268050121,0.0,924,95.0
1,2,2,random,0.0,1.0,-0.0010546384024064787,-0.0025434533437366496,-4.6700511044595974e-05,0.0,924,96.0
1,2,2,random_normmatched,0.0,1.0,-0.012555545983423184,-0.010231428114204386,-0.0008590252995184433,0.0,924,96.0
1,2,2,random,0.0,1.0,0.0007805156738474222,0.000695815283309133,-0.00039663380333880506,0.0,924,97.0
1,2,2,random_normmatched,0.0,1.0,0.0010837536573991434,0.008426265008552614,0.0020301643437876655,0.0,924,97.0
1,2,2,random,0.0,1.0,0.0014092298286851922,0.000522972583859015,-0.0001526213351969286,0.0,924,98.0
1,2,2,random_normmatched,0.0,1.0,0.01911319901428956,0.022344586401365524,0.002816101747657126,0.0,924,98.0
1,2,2,random,0.0,1.0,0.0002633802722074574,-0.0006842376095693216,-0.00020003593709403574,0.0,924,99.0
1,2,2,random_normmatched,0.0,1.0,0.012959928526130572,0.00898016157103462,-0.0021180212870500013,0.0,924,99.0
1,2,2,shuffled_labels,0.25,0.969047619047619,0.3457595207611226,0.43083632744527434,0.1615998589303238,0.16666666666666666,924,
1,2,3,random,0.0,1.0,-0.0005817490993811422,-0.0012219196996361627,0.0007646931933371492,0.0,924,0.0
1,2,3,random_normmatched,0.0,1.0,-0.003110721550897541,0.0017392205880698863,0.003203602836012995,0.0,924,0.0
1,2,3,random,0.0,1.0,0.0008844017881014588,0.0011935842278839822,0.0008858058311011493,0.0,924,1.0
1,2,3,random_normmatched,0.0,1.0,0.0077374630150407325,0.007006304543969249,-0.0008178206437296793,0.0,924,1.0
1,2,3,random,0.0,1.0,0.0012943554363088854,0.0023141711053631035,-0.0005370353880758466,0.0,924,2.0
1,2,3,random_normmatched,0.0,1.0,0.015427970014195137,0.018206286385890457,-0.00862129074147252,0.0,924,2.0
1,2,3,random,0.0,1.0,-2.981813261345363e-05,-0.0003453351293406949,0.0015794386868412092,0.0,924,3.0
1,2,3,random_normmatched,0.0,1.0,0.0033131711919606984,0.0024038774360883,0.002997161641079141,0.0,924,3.0
1,2,3,random,0.0,1.0,0.00033261127200085285,0.0006309386307700528,0.0014474300396993373,0.0,924,4.0
1,2,3,random_normmatched,0.0,1.0,0.007154462696301232,0.008711394482261036,0.004470236650827349,0.0,924,4.0
1,2,3,random,0.0,1.0,0.0004738002470156663,0.000968067177190236,0.0013645657021018835,0.0,924,5.0
1,2,3,random_normmatched,0.0,1.0,0.008994265086704777,0.016598790102759903,0.004624755371472843,0.0,924,5.0
1,2,3,random,0.0,1.0,0.00025478868668428375,9.225689403108857e-05,0.001746746598099066,0.0,924,6.0
1,2,3,random_normmatched,0.0,1.0,0.007693516328451954,0.007504366819662001,0.007833140985628371,0.0,924,6.0
1,2,3,random,0.0,1.0,-0.0003419002158183324,-0.0004961353171461315,0.0014610505807553132,0.0,924,7.0
1,2,3,random_normmatched,0.0,1.0,0.005126367975852342,0.006782319351130313,0.0016074390878934438,0.0,924,7.0
1,2,3,random,0.0,1.0,-2.2317087405630287e-05,-0.00010566250021352566,0.0014634881336407527,0.0,924,8.0
1,2,3,random_normmatched,0.0,1.0,-0.0019289271612853995,-0.001666313297716598,0.006680424810338515,0.0,924,8.0
1,2,3,random,0.0,1.0,0.0003086522317556756,0.0006365744478508071,0.0003979126337478841,0.0,924,9.0
1,2,3,random_normmatched,0.0,1.0,0.002914977541993209,0.006051107743352772,-0.004524181894676285,0.0,924,9.0
1,2,3,random,0.0,1.0,0.00022711703820429082,0.0006810663617015887,0.0009369358544355901,0.0,924,10.0
1,2,3,random_normmatched,0.0,1.0,0.007078604180387414,0.005445757893808931,0.0016778709577730817,0.0,924,10.0
1,2,3,random,0.0,1.0,0.0002181916467367078,1.9742229514018083e-05,0.0009858461700495429,0.0,924,11.0
1,2,3,random_normmatched,0.0,1.0,0.005605709776005439,0.010809725312008946,0.004969902034229775,0.0,924,11.0
1,2,3,random,0.0,1.0,1.8757749543330015e-05,-8.851484493290762e-05,0.0009032282381206019,0.0,924,12.0
1,2,3,random_normmatched,0.0,1.0,-0.0004939665345924853,0.0013533834168414317,0.002016025566306549,0.0,924,12.0
1,2,3,random,0.0,1.0,0.0013869882488372976,0.0013626964839766457,0.0008904135763754103,0.0,924,13.0
1,2,3,random_normmatched,0.0,1.0,0.015490892712769589,0.016767999700687247,0.008735439995662397,0.0,924,13.0
1,2,3,random,0.0,1.0,0.0005730387706063542,0.0004612564026080052,0.0004532491299826973,0.0,924,14.0
1,2,3,random_normmatched,0.0,1.0,0.0006181717884843336,0.003619472646675842,-0.00010514494101202397,0.0,924,14.0
1,2,3,random,0.0,1.0,-0.0013147078775020459,-0.0021666017664949237,0.00021956311492491817,0.0,924,15.0
1,2,3,random_normmatched,0.0,1.0,-0.0026766643847275697,-0.0009367059908258021,0.00037769778462116977,0.0,924,15.0
1,2,3,random,0.0,1.0,-0.00010364278112368565,-0.00012548509468565254,0.0011947553126165798,0.0,924,16.0
1,2,3,random_normmatched,0.0,1.0,0.010224556160648369,0.0134210298953858,0.005562472615376048,0.0,924,16.0
1,2,3,random,0.0,1.0,-0.00023699990430620986,0.00011465519886265324,0.0003156742527115074,0.0,924,17.0
1,2,3,random_normmatched,0.0,1.0,0.0070308877596029894,0.007047837017959667,-0.004031510542526839,0.0,924,17.0
1,2,3,random,0.0,1.0,-0.00015154034325207913,-3.429588211340612e-05,0.0015599846796998849,0.0,924,18.0
1,2,3,random_normmatched,0.0,1.0,0.005847881861054379,0.00709016997919558,0.005006135687742409,0.0,924,18.0
1,2,3,random,0.0,1.0,-0.00043987057181936527,-0.0004285964201593634,0.00042786640454907984,0.0,924,19.0
1,2,3,random_normmatched,0.0,1.0,0.0043909539141643115,0.006534916726052973,0.0008551144292004674,0.0,924,19.0
1,2,3,random,0.0,1.0,0.0008923617835913085,0.001054549044046869,0.001197734455280431,0.0,924,20.0
1,2,3,random_normmatched,0.0,1.0,0.017549546651247323,0.012388234578684237,-0.0004002964959906448,0.0,924,20.0
1,2,3,random,0.0,1.0,6.077729934962245e-05,-9.102138051969996e-05,0.0005062425895894458,0.0,924,21.0
1,2,3,random_normmatched,0.0,1.0,0.009877567538594572,0.011272763100568777,-0.00045879572412758647,0.0,924,21.0
1,2,3,random,0.0,1.0,0.0007127505128880986,0.001997382216949475,0.0015151223842876415,0.0,924,22.0
1,2,3,random_normmatched,0.0,1.0,0.011767541859087693,0.01218506059874955,0.00218907171325086,0.0,924,22.0
1,2,3,random,0.0,1.0,0.00020055812528532816,-0.00025482064296735064,0.0008261642168625033,0.0,924,23.0
1,2,3,random_normmatched,0.0,1.0,0.0023573520609314487,-0.00018885125847878338,0.0012622706340557942,0.0,924,23.0
1,2,3,random,0.0,1.0,-7.595175356750843e-05,-0.0006141409840871617,0.0008859757036263089,0.0,924,24.0
1,2,3,random_normmatched,0.0,1.0,0.002469398249662676,0.0019990025733645986,-0.002901431420454281,0.0,924,24.0
1,2,3,random,0.0,1.0,-0.0005181547666649949,0.00013104128005540067,0.0010610202206324064,0.0,924,25.0
1,2,3,random_normmatched,0.0,1.0,0.00447245226152374,0.007347262240796519,0.0005729201360984842,0.0,924,25.0
1,2,3,random,0.0,1.0,5.908637194454791e-06,0.00010682968051196983,0.00184443358147631,0.0,924,26.0
1,2,3,random_normmatched,0.0,1.0,0.006608511473876605,0.008083067247892593,0.0043752879272058575,0.0,924,26.0
1,2,3,random,0.0,1.0,0.0004251450363223862,0.0002960286446155798,0.000992363927060959,0.0,924,27.0
1,2,3,random_normmatched,0.0,1.0,0.002450963465589933,0.00551863941294805,0.0026219968584301504,0.0,924,27.0
1,2,3,random,0.0,1.0,0.0003404418491774336,-0.00031915161129307556,0.00042501773985243114,0.0,924,28.0
1,2,3,random_normmatched,0.0,1.0,0.0011807332372645522,0.003048746155392549,-0.002120414732575241,0.0,924,28.0
1,2,3,random,0.0,1.0,0.0011410732477445409,0.0009068789144938414,0.001231034396424909,0.0,924,29.0
1,2,3,random_normmatched,0.0,1.0,0.007393185121532033,0.008223517569973473,0.0030624754789139452,0.0,924,29.0
1,2,3,random,0.0,1.0,0.0006219630637589794,-0.0004914103995478284,0.0007990762869734614,0.0,924,30.0
1,2,3,random_normmatched,0.0,1.0,0.007020208055303073,0.0027410784151805727,-7.297621822023886e-05,0.0,924,30.0
1,2,3,random,0.0,1.0,0.0004125930997718919,0.0002577428180641471,0.0008774910646175739,0.0,924,31.0
1,2,3,random_normmatched,0.0,1.0,0.005721870253118502,0.005234883751386788,-0.0007502191514183591,0.0,924,31.0
1,2,3,random,0.0,1.0,0.00034947231493214056,0.00025582295029406973,0.0007951155851921196,0.0,924,32.0
1,2,3,random_normmatched,0.0,1.0,0.0035305384987078703,0.006092492827537125,0.002055890984070741,0.0,924,32.0
1,2,3,random,0.0,1.0,9.225786230308716e-05,0.00028388662025196823,0.0008693269679060881,0.0,924,33.0
1,2,3,random_normmatched,0.0,1.0,0.008614849748376877,0.010256215000292062,0.000771989143530597,0.0,924,33.0
1,2,3,random,0.0,1.0,7.977789055458149e-05,3.0590503826680866e-05,0.0004961662463918389,0.0,924,34.0
1,2,3,random_normmatched,0.0,1.0,0.0047909690166510095,0.006322907355384814,-0.0030527742361718332,0.0,924,34.0
1,2,3,random,0.0,1.0,0.0010569330629491155,0.0015554441343098159,0.0015664906229073327,0.0,924,35.0
1,2,3,random_normmatched,0.0,1.0,0.017185802447172216,0.018181959392404082,0.003128896538154427,0.0,924,35.0
1,2,3,random,0.0,1.0,-5.035098400408845e-05,-0.0007155342984758796,-0.00030662119484003113,0.0,924,36.0
1,2,3,random_normmatched,0.0,1.0,0.003818277484225617,0.0007572625176526131,-0.003324899999272962,0.0,924,36.0
1,2,3,random,0.0,1.0,-8.171135998721836e-05,1.650214540740396e-05,0.0009018181483976317,0.0,924,37.0
1,2,3,random_normmatched,0.0,1.0,0.005119693909498794,0.004248656591755726,0.0018270406535952103,0.0,924,37.0
1,2,3,random,0.0,1.0,1.7353724819746515e-05,-0.0001042421319896901,0.0006273821970786684,0.0,924,38.0
1,2,3,random_normmatched,0.0,1.0,0.016618217953816253,0.015261852990776497,-0.004864374623959795,0.0,924,38.0
1,2,3,random,0.0,1.0,0.0009540701841563315,0.0004914998389599218,0.0012578309826377669,0.0,924,39.0
1,2,3,random_normmatched,0.0,1.0,0.005712155697788744,0.0063268273241632355,0.00606963995794018,0.0,924,39.0
1,2,3,random,0.0,1.0,-0.00047008332593590646,-0.0003182002460364208,0.001003053723136717,0.0,924,40.0
1,2,3,random_normmatched,0.0,1.0,0.0004819877193384887,0.003412273123798365,-0.000478387128349497,0.0,924,40.0
1,2,3,random,0.0,1.0,0.0005966348071575218,0.0006992634885321937,0.00038540062878667306,0.0,924,41.0
1,2,3,random_normmatched,0.0,1.0,0.007545336262814792,0.009035680117032015,-0.0056437809197558315,0.0,924,41.0
1,2,3,random,0.0,1.0,-0.0002953151799804372,-0.0008145385991418518,0.00029328763955670223,0.0,924,42.0
1,2,3,random_normmatched,0.0,1.0,-0.001741488171888455,0.0019622932630643376,-0.0009640530198545662,0.0,924,42.0
1,2,3,random,0.0,1.0,-0.0008988811382457322,-0.0017252346323645641,0.0017821089931451687,0.0,924,43.0
1,2,3,random_normmatched,0.0,1.0,-0.004038436704518178,0.0015723486663639448,0.009268945324369001,0.0,924,43.0
1,2,3,random,0.0,1.0,-0.00017179522780889537,-0.0012218954294379919,0.0008518257948539212,0.0,924,44.0
1,2,3,random_normmatched,0.0,1.0,-0.001673397675554311,0.001109960352388889,0.0008280954487440253,0.0,924,44.0
1,2,3,random,0.0,1.0,-0.0005348629307845321,-0.0015613382391505657,0.0015870459873540054,0.0,924,45.0
1,2,3,random_normmatched,0.0,1.0,-0.008404588083300704,-0.000553841996761803,0.009467190927992275,0.0,924,45.0
1,2,3,random,0.0,1.0,-0.0005362469389390498,-0.00022127969724377577,0.0006228815985437289,0.0,924,46.0
1,2,3,random_normmatched,0.0,1.0,-0.0008334229522085467,0.0012296956893750198,-0.00025989973677324995,0.0,924,46.0
1,2,3,random,0.0,1.0,-0.0007427617086244308,-0.0007626415890285722,0.0024872281672330392,0.0,924,47.0
1,2,3,random_normmatched,0.0,1.0,0.00542051506241595,0.007362359587680094,0.02376241433919738,0.0,924,47.0
1,2,3,random,0.0,1.0,0.00022456953385664605,-0.0006933108884497205,0.0027598735105113514,0.0,924,48.0
1,2,3,random_normmatched,0.0,1.0,0.007050118549556444,0.002950217718495689,0.013067745718255447,0.0,924,48.0
1,2,3,random,0.0,1.0,-0.00011830085088408459,-0.0009986386753553349,0.0013262124946754978,0.0,924,49.0
1,2,3,random_normmatched,0.0,1.0,-0.00229454162678066,0.002223476129450799,0.0007690907615786888,0.0,924,49.0
1,2,3,random,0.0,1.0,-5.366088934216275e-05,-0.0006152309268536079,0.002092202979614444,0.0,924,50.0
1,2,3,random_normmatched,0.0,1.0,2.902472051066468e-05,0.0010466991669741698,0.004204877507009244,0.0,924,50.0
1,2,3,random,0.0,1.0,0.0003545480545620367,-6.819208515101905e-05,0.0019344821519948164,0.0,924,51.0
1,2,3,random_normmatched,0.0,1.0,0.0033200012799540794,0.004742915702144513,0.00870055869912352,0.0,924,51.0
1,2,3,random,0.0,1.0,0.004060235392800373,0.004986356871670029,0.0003929919458247865,0.0,924,52.0
1,2,3,random_normmatched,0.0,1.0,0.028302299219922576,0.02611326864208176,-0.0008216582837884587,0.0,924,52.0
1,2,3,random,0.0,1.0,0.0007685131924293237,0.0005882161322835492,0.0016952473983065804,0.0,924,53.0
1,2,3,random_normmatched,0.0,1.0,0.008041503188991609,0.00868628770811106,-0.0003880065909453099,0.0,924,53.0
1,2,3,random,0.0,1.0,0.0006579676040527997,0.0005000981657450583,0.001599452620347153,0.0,924,54.0
1,2,3,random_normmatched,0.0,1.0,0.0030759925683859547,0.00854479671237663,0.004086724452935432,0.0,924,54.0
1,2,3,random,0.0,1.0,0.0006356032300169441,0.0005229911908061233,0.0013963528528216185,0.0,924,55.0
1,2,3,random_normmatched,0.0,1.0,0.01276739035989917,0.011746026762117227,0.005066752239852534,0.0,924,55.0
1,2,3,random,0.0,1.0,0.000576103367600622,0.0005008705038152022,-8.448798327542826e-05,0.0,924,56.0
1,2,3,random_normmatched,0.0,1.0,0.006263213959526883,0.007844265283534107,-0.0081204313268461,0.0,924,56.0
1,2,3,random,0.0,1.0,0.0003533492560830867,0.00015003138836505904,0.0003259240708256763,0.0,924,57.0
1,2,3,random_normmatched,0.0,1.0,-0.0019052710451717336,-0.0016323933805565348,-0.002619692055122965,0.0,924,57.0
1,2,3,random,0.0,1.0,-0.0006497743678234406,-0.0012010205706483544,0.0005870551802640971,0.0,924,58.0
1,2,3,random_normmatched,0.0,1.0,-0.0012109474381250534,0.0014769551049097472,-0.00020663952366044262,0.0,924,58.0
1,2,3,random,0.0,1.0,0.0009056840344294179,0.001185476963351352,0.0016976487986773122,0.0,924,59.0
1,2,3,random_normmatched,0.0,1.0,0.007076266530819853,0.006299108286522014,0.007407983684725127,0.0,924,59.0
1,2,3,random,0.0,1.0,0.00024341673803400095,-0.0004821977530590089,0.0005323186490582769,0.0,924,60.0
1,2,3,random_normmatched,0.0,1.0,0.007124459876215447,0.006076961803488978,-0.0004751844236752155,0.0,924,60.0
1,2,3,random,0.0,1.0,-7.827217498082882e-05,0.00028634870702090766,0.0006861443253395371,0.0,924,61.0
1,2,3,random_normmatched,0.0,1.0,0.0009675573694486828,0.004271169052558849,0.0009846955369729616,0.0,924,61.0
1,2,3,random,0.0,1.0,0.0005664015264717039,0.0011006247814996058,0.0007051514377896075,0.0,924,62.0
1,2,3,random_normmatched,0.0,1.0,0.02031992367279016,0.01869110232372824,0.0005012320857380385,0.0,924,62.0
1,2,3,random,0.0,1.0,-7.401070112554722e-05,-0.00010709712482298065,-7.367383510986638e-05,0.0,924,63.0
1,2,3,random_normmatched,0.0,1.0,0.0014195338532937683,0.00567132049670893,-0.0028309592969748,0.0,924,63.0
1,2,3,random,0.0,1.0,0.0002296329359545063,8.109522819381834e-05,0.000866331114374093,0.0,924,64.0
1,2,3,random_normmatched,0.0,1.0,0.005254209101344556,0.00504125095632339,-0.00028105796598709964,0.0,924,64.0
1,2,3,random,0.0,1.0,0.00021972804129056042,-0.0004477595947987421,0.002181516041664046,0.0,924,65.0
1,2,3,random_normmatched,0.0,1.0,-0.009313672122977953,-0.005311875426021598,0.008418018310461914,0.0,924,65.0
1,2,3,random,0.0,1.0,0.00046905520480366314,0.0009010034334946317,0.0008319933215075869,0.0,924,66.0
1,2,3,random_normmatched,0.0,1.0,0.009370402864585937,0.009541822352636049,0.005350613680496435,0.0,924,66.0
1,2,3,random,0.0,1.0,5.310808307292893e-05,-0.00033717934451647286,0.0009774578888489846,0.0,924,67.0
1,2,3,random_normmatched,0.0,1.0,0.004430171763033338,0.00291496536317989,-0.0011114783495937727,0.0,924,67.0
1,2,3,random,0.0,1.0,0.0008404630751922995,0.0020181598893864246,0.000757493102797357,0.0,924,68.0
1,2,3,random_normmatched,0.0,1.0,0.018403550833997195,0.02201053516230153,0.001314349683385447,0.0,924,68.0
1,2,3,random,0.0,1.0,0.00026453885509808824,-0.0013500258846628997,0.0006340488752115641,0.0,924,69.0
1,2,3,random_normmatched,0.0,1.0,-0.003055553556774263,-0.003276422448819764,0.0009276383055827538,0.0,924,69.0
1,2,3,random,0.0,1.0,0.00022247349663259886,2.8402020247763244e-05,0.0027202730249326597,0.0,924,70.0
1,2,3,random_normmatched,0.0,1.0,0.00451769959243239,0.003068376098733199,0.010985937937921204,0.0,924,70.0
1,2,3,random,0.0,1.0,-0.0010099451113217064,-0.0009267595856915653,0.000541162560282993,0.0,924,71.0
1,2,3,random_normmatched,0.0,1.0,0.004433308837040684,0.002488446443784072,-0.0005047237523277167,0.0,924,71.0
1,2,3,random,0.0,1.0,0.0021750042442419387,0.001235585804079591,0.0005768207410510189,0.0,924,72.0
1,2,3,random_normmatched,0.0,1.0,0.00972160026040219,0.011847989426811308,0.0010045940115129051,0.0,924,72.0
1,2,3,random,0.0,1.0,0.0003255158682253188,-8.017090207387844e-06,0.000952879720448063,0.0,924,73.0
1,2,3,random_normmatched,0.0,1.0,0.0019225581160547543,0.0040360056195131175,0.001699910878675669,0.0,924,73.0
1,2,3,random,0.0,1.0,0.0002914045693780123,0.0005997282993506994,0.0011443153315020536,0.0,924,74.0
1,2,3,random_normmatched,0.0,1.0,0.014009922904213294,0.013335980568852336,-0.0018324916195130339,0.0,924,74.0
1,2,3,random,0.0,1.0,0.00010906420001461614,9.663651755359701e-05,0.0010830680558852825,0.0,924,75.0
1,2,3,random_normmatched,0.0,1.0,-0.0012111945430115598,-0.003286200934123248,0.0030688649682252783,0.0,924,75.0
1,2,3,random,0.0,1.0,-0.0005497975999538642,-0.0009291920811452675,0.0013132573375504658,0.0,924,76.0
1,2,3,random_normmatched,0.0,1.0,-0.0007132776284437389,-0.0004660930582553116,0.0032897307272452634,0.0,924,76.0
1,2,3,random,0.0,1.0,-0.0014898388080073054,-0.001007094950037313,0.0010078855654519032,0.0,924,77.0
1,2,3,random_normmatched,0.0,1.0,-0.0023861339414317584,-0.004813838077479397,0.004900781746385023,0.0,924,77.0
1,2,3,random,0.0,1.0,0.0009156648326902408,0.000588745995392209,0.0017684890618554715,0.0,924,78.0
1,2,3,random_normmatched,0.0,1.0,0.008477771283970068,0.008417904485174477,0.010963185310663894,0.0,924,78.0
1,2,3,random,0.0,1.0,0.001229900682993675,0.0011803354235059775,0.0006337823974652217,0.0,924,79.0
1,2,3,random_normmatched,0.0,1.0,0.00811040806825031,0.008610773818780067,0.001917772530190051,0.0,924,79.0
1,2,3,random,0.0,1.0,0.0011076794075463915,0.0026019769365378657,0.001696460759385678,0.0,924,80.0
1,2,3,random_normmatched,0.0,1.0,0.015128876698872641,0.017461901048372884,0.0029605376434903826,0.0,924,80.0
1,2,3,random,0.0,1.0,0.0009376790525808057,0.000979067112134305,0.00037080202736638584,0.0,924,81.0
1,2,3,random_normmatched,0.0,1.0,0.009781118054640308,0.01025918952766657,-0.004717670692099566,0.0,924,81.0
1,2,3,random,0.0,1.0,0.0009287561302939351,0.0009216798080170476,0.0006819790875597274,0.0,924,82.0
1,2,3,random_normmatched,0.0,1.0,0.015999659430241966,0.01221047515141295,-0.000735383118350044,0.0,924,82.0
1,2,3,random,0.0,1.0,-0.0011961073792017525,-0.001279140446738381,-2.2521603424207913e-05,0.0,924,83.0
1,2,3,random_normmatched,0.0,1.0,-0.0009864544264687283,0.0009422887015664787,-0.0024536755685872205,0.0,924,83.0
1,2,3,random,0.0,1.0,0.0002485869501519102,0.00029579282831379317,0.0017841640808703065,0.0,924,84.0
1,2,3,random_normmatched,0.0,1.0,0.005981638160973846,0.005525125059916406,0.004155156885966085,0.0,924,84.0
1,2,3,random,0.0,1.0,0.0005378428050017838,0.0008115086845995256,0.0017845048018093643,0.0,924,85.0
1,2,3,random_normmatched,0.0,1.0,0.004160920873678557,0.004935959981411772,0.008550328236826284,0.0,924,85.0
1,2,3,random,0.0,1.0,0.00020265676424677785,-0.00031337532025902423,0.000493759945742218,0.0,924,86.0
1,2,3,random_normmatched,0.0,1.0,-0.0021484050095896493,0.002332032890400508,-0.0022111752968819575,0.0,924,86.0
1,2,3,random,0.0,1.0,0.000284949810373412,0.00028535753955322173,0.0014284409205956086,0.0,924,87.0
1,2,3,random_normmatched,0.0,1.0,-0.0056432383960295564,-0.0012582532877645266,0.0059965943613410205,0.0,924,87.0
1,2,3,random,0.0,1.0,0.000809302877169268,0.0016348191766869264,0.0005717940733825245,0.0,924,88.0
1,2,3,random_normmatched,0.0,1.0,0.014643203634521335,0.01318410698340436,0.00018607480751072476,0.0,924,88.0
1,2,3,random,0.0,1.0,-0.0003561324403576949,-0.00041221339317162555,0.0014313395019493308,0.0,924,89.0
1,2,3,random_normmatched,0.0,1.0,0.003105236992579803,0.0017034465551834688,0.004169950848646435,0.0,924,89.0
1,2,3,random,0.0,1.0,0.0015648218982206876,0.0018792663881058744,0.0033022207250220327,0.0,924,90.0
1,2,3,random_normmatched,0.0,1.0,0.011528079056182607,0.016097793074944012,0.0162767648242701,0.0,924,90.0
1,2,3,random,0.0,1.0,-0.000976608634724215,-0.0012340041967124381,0.0015757160652405675,0.0,924,91.0
1,2,3,random_normmatched,0.0,1.0,-0.00038550735333915117,0.002235834088724946,0.0027215466965461806,0.0,924,91.0
1,2,3,random,0.0,1.0,-0.0002149282100417151,-0.00099597059890477,0.0007226856156519041,0.0,924,92.0
1,2,3,random_normmatched,0.0,1.0,0.004154828819645949,0.005814984780235121,0.00477839098034122,0.0,924,92.0
1,2,3,random,0.0,1.0,0.00011911618408696844,-0.00013697987983268245,0.001050568242344279,0.0,924,93.0
1,2,3,random_normmatched,0.0,1.0,0.0075149996394101425,0.007646096001072662,0.004663624113437447,0.0,924,93.0
1,2,3,random,0.0,1.0,-0.0016271221337790579,-0.0010432886906977725,-0.0002944772846722963,0.0,924,94.0
1,2,3,random_normmatched,0.0,1.0,-0.0036909130608399005,-0.003728864919617606,-0.002124470103427689,0.0,924,94.0
1,2,3,random,0.0,1.0,9.613318450860177e-07,0.000930146183229218,0.001232273566447483,0.0,924,95.0
1,2,3,random_normmatched,0.0,1.0,0.0018947026080558557,0.002237494726044969,0.003081790349929588,0.0,924,95.0
1,2,3,random,0.0,1.0,0.000497120824371339,0.0012430690458055085,0.0013235945926408582,0.0,924,96.0
1,2,3,random_normmatched,0.0,1.0,0.016716852831253928,0.014137373493480624,0.00953857685775682,0.0,924,96.0
1,2,3,random,0.0,1.0,-2.3828222583432943e-05,-0.0005290423052714276,0.0006766365953819707,0.0,924,97.0
1,2,3,random_normmatched,0.0,1.0,0.005874043301582902,0.005749429121191166,0.0027007958487054043,0.0,924,97.0
1,2,3,random,0.0,1.0,-0.00020412637133135944,3.538227043164492e-06,0.0005038838590961076,0.0,924,98.0
1,2,3,random_normmatched,0.0,1.0,0.008961707486433356,0.01035643750868287,-0.0037267737516640054,0.0,924,98.0
1,2,3,random,0.0,1.0,0.0005419381770542146,0.0007579980819495546,-0.000766659735837934,0.0,924,99.0
1,2,3,random_normmatched,0.0,1.0,0.004799908318159161,0.006158131820276624,-0.00518143926958337,0.0,924,99.0
1,2,3,shuffled_labels,0.07738095238095238,1.0,0.2444464097298547,0.2750728924902035,0.12498365811887968,0.06944444444444445,924,
1,2,4,random,0.04285714285714286,0.9571428571428572,-0.0009009782283640849,0.00022425298539371157,0.0010718598739286767,0.0,630,0.0
1,2,4,random_normmatched,0.04285714285714286,0.9571428571428572,0.0005241922452906964,0.008723607401563157,0.0012950745201634783,0.0,630,0.0
1,2,4,random,0.04285714285714286,0.9571428571428572,-0.0003169612912132914,-0.000867825568788761,-0.0012566879423472072,0.0,630,1.0
1,2,4,random_normmatched,0.03428571428571429,0.9535714285714286,0.006924193738759225,-0.0002442956492511808,-0.00031164144601630953,0.0,630,1.0
1,2,4,random,0.04285714285714286,0.9571428571428572,-0.0009170002409879303,0.0006929430237175383,-0.00046217650764684184,0.0,630,2.0
1,2,4,random_normmatched,0.04857142857142857,0.9535714285714286,0.009114959658289313,0.011854286248992112,-0.0037438372731158783,0.0,630,2.0
1,2,4,random,0.04285714285714286,0.9571428571428572,0.0020499940275764553,0.0036366367024037284,-0.001518385785503306,0.0,630,3.0
1,2,4,random_normmatched,0.04,0.9571428571428572,0.018678381509344425,0.02887630969637458,0.0003299508682535241,0.0,630,3.0
1,2,4,random,0.04285714285714286,0.9571428571428572,-0.0014636744706494039,-0.0007829342147038777,0.0005482787766299325,0.0,630,4.0
1,2,4,random_normmatched,0.04285714285714286,0.9571428571428572,0.0035221743765462207,0.011817106313569392,0.006948226419268784,0.0,630,4.0
1,2,4,random,0.04285714285714286,0.9571428571428572,-0.002001930506926276,-0.002111021177794781,-0.00038481251852032894,0.0,630,5.0
1,2,4,random_normmatched,0.045714285714285714,0.9535714285714286,-0.0034200796118035374,-0.00404882370392942,-0.014564239137609139,0.0,630,5.0
1,2,4,random,0.04285714285714286,0.9571428571428572,-0.0005915912664445348,0.00023194701352842524,-0.0011905656245776144,0.0,630,6.0
1,2,4,random_normmatched,0.054285714285714284,0.9535714285714286,0.006275725777074648,0.008185888647216881,0.009557729717358965,0.0,630,6.0
1,2,4,random,0.04285714285714286,0.9571428571428572,-0.0019463777279694443,-0.0021272991027217083,2.77979986091247e-05,0.0,630,7.0
1,2,4,random_normmatched,0.037142857142857144,0.9571428571428572,-0.007152787315687287,-0.007662926605839778,0.0019146374331726656,0.0,630,7.0
1,2,4,random,0.04285714285714286,0.9571428571428572,-0.0005675996515412079,-0.00017554463857188764,0.0001503901225824105,0.0,630,8.0
1,2,4,random_normmatched,0.04857142857142857,0.95,0.015103148103399529,0.017131169591877746,0.005554002469436663,0.0,630,8.0
1,2,4,random,0.045714285714285714,0.9535714285714286,-0.00011817977036560642,0.0013593996152501718,0.0012631020420637365,0.0,630,9.0
1,2,4,random_normmatched,0.054285714285714284,0.95,0.015927175936328156,0.017520732696139758,0.006477045851018399,0.0,630,9.0
1,2,4,random,0.04285714285714286,0.9571428571428572,-0.00030176116820584313,-0.00034034297493246174,-1.3284095918073358e-05,0.0,630,10.0
1,2,4,random_normmatched,0.04,0.9571428571428572,0.009063615659141017,0.009432216064180677,0.00985169454093153,0.0,630,10.0
1,2,4,random,0.04285714285714286,0.9571428571428572,-0.0016338685661394824,-0.0012355226981410497,0.0007139725905041058,0.0,630,11.0
1,2,4,random_normmatched,0.05142857142857143,0.9571428571428572,-0.003814295061358361,-0.00862031280376918,0.010229563802815683,0.0,630,11.0
1,2,4,random,0.04285714285714286,0.9571428571428572,-0.00041201591759991435,0.0002563062957142548,-4.766778549768913e-05,0.0,630,12.0
1,2,4,random_normmatched,0.04285714285714286,0.9571428571428572,0.001935969520668573,0.007083710299846341,0.004984009604477913,0.0,630,12.0
1,2,4,random,0.045714285714285714,0.9571428571428572,-0.0008684696542332578,-0.000946465817251282,0.0001024587885608098,0.0,630,13.0
1,2,4,random_normmatched,0.04857142857142857,0.9571428571428572,-0.000620415742728567,0.0011833780381096158,0.0034056247639009576,0.0,630,13.0
1,2,4,random,0.04285714285714286,0.9571428571428572,-0.0012566170896298634,0.0010964555833625198,0.0005016112708018346,0.0,630,14.0
1,2,4,random_normmatched,0.04285714285714286,0.9571428571428572,0.005560126436770364,0.012128690352312437,-0.002643934774524216,0.0,630,14.0
1,2,4,random,0.04285714285714286,0.9571428571428572,0.0021712451147401215,0.0031952649369651,-0.0009458899783315576,0.0,630,15.0
1,2,4,random_normmatched,0.045714285714285714,0.9571428571428572,0.026157202846404857,0.025571902591095038,0.0008825284748277556,0.0,630,15.0
1,2,4,random,0.045714285714285714,0.9535714285714286,-0.0008713880632188714,0.0001323979797376023,0.0009763599514837206,0.0,630,16.0
1,2,4,random_normmatched,0.05714285714285714,0.9535714285714286,0.0026828488911190937,0.0072320993437448855,0.0017604436460608968,0.0,630,16.0
1,2,4,random,0.04285714285714286,0.9571428571428572,-0.0018456530603272521,-0.0017359763198358722,-0.00012142351978534304,0.0,630,17.0
1,2,4,random_normmatched,0.02857142857142857,0.9571428571428572,-0.002938504124917991,-0.007249241916477542,0.0010933340307845453,0.0,630,17.0
1,2,4,random,0.04285714285714286,0.9571428571428572,-0.0010252290767492206,-0.0004088158771746134,-0.0014485494291797058,0.0,630,18.0
1,2,4,random_normmatched,0.045714285714285714,0.9535714285714286,0.0016468478350372166,-0.0041366165426059845,-0.0009737549076956737,0.0,630,18.0
1,2,4,random,0.04285714285714286,0.9571428571428572,0.000993770504635009,0.0027420902231223105,0.00014621261917734354,0.0,630,19.0
1,2,4,random_normmatched,0.054285714285714284,0.95,0.01694843532714127,0.020567865931869128,-0.00015304763986579475,0.0,630,19.0
1,2,4,random,0.04285714285714286,0.9571428571428572,0.0004194551653231259,0.0020150430240283555,0.0004949108986118097,0.0,630,20.0
1,2,4,random_normmatched,0.04857142857142857,0.9535714285714286,0.017057093168430546,0.02102837783861342,0.00856631659454742,0.0,630,20.0
1,2,4,random,0.04285714285714286,0.9571428571428572,0.0012167445454990876,0.0019313867249820776,-0.0001423099854991032,0.0,630,21.0
1,2,4,random_normmatched,0.05714285714285714,0.9464285714285714,0.027025538916074534,0.023870598891762487,0.004084186457307603,0.0,630,21.0
1,2,4,random,0.045714285714285714,0.9571428571428572,0.001406997508569914,0.0017671090642466481,-0.0001986188558202756,0.0,630,22.0
1,2,4,random_normmatched,0.05714285714285714,0.9571428571428572,0.01866550133058532,0.015755942741863628,0.01387085304622178,0.0,630,22.0
1,2,4,random,0.04285714285714286,0.9571428571428572,-0.0009246908555566507,5.3254354633746755e-05,0.00028751437386901273,0.0,630,23.0
1,2,4,random_normmatched,0.04,0.9571428571428572,0.0010167348231954136,0.00343394221482715,-0.0016337712771968143,0.0,630,23.0
1,2,4,random,0.04857142857142857,0.9428571428571428,-0.00039579112222729436,-0.00030938566765104336,-0.0019036488865934833,0.0,630,24.0
1,2,4,random_normmatched,0.04285714285714286,0.9428571428571428,-0.0001789101635455401,-0.0021207124666849523,-0.005807938015477831,0.0,630,24.0
1,2,4,random,0.04285714285714286,0.9571428571428572,-0.000611746744244121,0.0003339785188540933,-0.00014638445244012885,0.0,630,25.0
1,2,4,random_normmatched,0.04857142857142857,0.9571428571428572,0.007270891687704253,0.011074927428369852,0.0088326930105903,0.0,630,25.0
1,2,4,random,0.04285714285714286,0.9571428571428572,-0.0015531545739973945,-0.0005197833850736478,0.0012161705420680013,0.0,630,26.0
1,2,4,random_normmatched,0.04,0.9571428571428572,-0.002394502563853253,-0.008280220717248994,0.005024206133159761,0.0,630,26.0
1,2,4,random,0.04285714285714286,0.9571428571428572,-0.0008210001769983798,-0.0009241144602236582,0.0005285422264174224,0.0,630,27.0
1,2,4,random_normmatched,0.045714285714285714,0.9571428571428572,0.0034702345692654932,0.007936696813510363,-0.00011731494220732484,0.0,630,27.0
1,2,4,random,0.04285714285714286,0.9571428571428572,0.0014985927508052062,0.00220149604469976,0.000699074177271742,0.0,630,28.0
1,2,4,random_normmatched,0.054285714285714284,0.9571428571428572,0.024457437870702273,0.026621889568016418,0.002101998359786597,0.0,630,28.0
1,2,4,random,0.045714285714285714,0.9571428571428572,-0.0002125091434002629,0.0011845579888907312,0.0003656612767104356,0.0,630,29.0
1,2,4,random_normmatched,0.05714285714285714,0.9535714285714286,0.011772293732879888,0.016994642205412566,0.0055196548082365226,0.0,630,29.0
1,2,4,random,0.04857142857142857,0.9571428571428572,-0.0006943511839368036,-0.0003994551853928013,0.0005292819843531674,0.0,630,30.0
1,2,4,random_normmatched,0.054285714285714284,0.9464285714285714,-0.0014487752902929889,-0.0004818414861821009,0.008764858183756618,0.0,630,30.0
1,2,4,random,0.04285714285714286,0.9607142857142857,-0.0008989295999372995,-0.0017824919865397197,0.00027976945519561425,0.0,630,31.0
1,2,4,random_normmatched,0.025714285714285714,0.9607142857142857,-0.0012059562719707207,-0.0074691491658125655,0.00834225440517953,0.0,630,31.0
1,2,4,random,0.045714285714285714,0.9535714285714286,-0.0020534075617466207,0.00017627570095793188,0.0016628486157668012,0.0,630,32.0
1,2,4,random_normmatched,0.05714285714285714,0.9535714285714286,-0.00167329915630707,0.009639002251491918,0.0129615434262211,0.0,630,32.0
1,2,4,random,0.045714285714285714,0.9571428571428572,1.946378441756669e-07,0.0004997708468860814,-0.0011565220142429234,0.0,630,33.0
1,2,4,random_normmatched,0.045714285714285714,0.9535714285714286,0.013614643767749835,0.014118562648475202,-0.0012778265817658552,0.0,630,33.0
1,2,4,random,0.045714285714285714,0.95,-0.000816741045886257,-0.00032911853558234403,0.0010979579310657094,0.0,630,34.0
1,2,4,random_normmatched,0.04285714285714286,0.9571428571428572,0.005486977358371175,0.0013546728903627463,0.014502191712874013,0.0,630,34.0
1,2,4,random,0.045714285714285714,0.9571428571428572,-7.134279246665528e-05,0.0020800843174010064,0.000123579347321591,0.0,630,35.0
1,2,4,random_normmatched,0.03428571428571429,0.9571428571428572,0.011560142733938766,0.015468184641573277,0.0014806725571948455,0.0,630,35.0
1,2,4,random,0.04285714285714286,0.9571428571428572,-0.0006802523800303491,0.0005841899082363807,2.4482273196307316e-05,0.0,630,36.0
1,2,4,random_normmatched,0.045714285714285714,0.9571428571428572,0.010768587768325576,0.011941734507184268,0.008204139267021817,0.0,630,36.0
1,2,4,random,0.04285714285714286,0.9571428571428572,-0.0012768350826793116,-0.0020222543877091294,0.001338664292137481,0.0,630,37.0
1,2,4,random_normmatched,0.04,0.95,0.005116256290691928,0.0005885520178924851,0.010557940749058676,0.0,630,37.0
1,2,4,random,0.04285714285714286,0.9571428571428572,-0.0028869824636135596,-0.002923618498686499,0.0035840398681768193,0.0,630,38.0
1,2,4,random_normmatched,0.04285714285714286,0.9571428571428572,-0.005429547517592324,-0.007677571442460014,0.02992080105310861,0.0,630,38.0
1,2,4,random,0.04285714285714286,0.9571428571428572,-0.0010426819988359139,-0.0011690184576628958,0.0005190174740723615,0.0,630,39.0
1,2,4,random_normmatched,0.03142857142857143,0.9571428571428572,0.00825800036908292,0.007079967105550042,-0.001455292912326451,0.0,630,39.0
1,2,4,random,0.04285714285714286,0.9571428571428572,-0.0005270379249763983,-0.0010274453323594712,0.0008051926017891398,0.0,630,40.0
1,2,4,random_normmatched,0.04285714285714286,0.9571428571428572,0.004432794545441186,0.0077729139213024495,-0.004909824259054936,0.0,630,40.0
1,2,4,random,0.045714285714285714,0.9464285714285714,0.001255490549044905,0.0023628616637008898,-0.0002715589835686506,0.0,630,41.0
1,2,4,random_normmatched,0.05142857142857143,0.95,0.015917222462156568,0.01755014111465746,0.0017251738010568719,0.0,630,41.0
1,2,4,random,0.045714285714285714,0.9571428571428572,0.0014022340268960015,0.0028446695451785973,0.0011370004339997797,0.0,630,42.0
1,2,4,random_normmatched,0.05714285714285714,0.9571428571428572,0.02175685811851878,0.028606473429629246,0.012844890981500759,0.0,630,42.0
1,2,4,random,0.054285714285714284,0.9571428571428572,-0.0010905348766341787,0.00017799572352731265,0.00046611051557296615,0.0,630,43.0
1,2,4,random_normmatched,0.05714285714285714,0.9428571428571428,0.006096540010748559,0.010059419398401208,0.007178844942300629,0.0,630,43.0
1,2,4,random,0.04285714285714286,0.9571428571428572,-0.0001500293669470633,-0.00013787983711145528,0.0006314272889338944,0.0,630,44.0
1,2,4,random_normmatched,0.03428571428571429,0.9571428571428572,0.0043714911153999005,0.00063083895749474,-0.002184485050893052,0.0,630,44.0
1,2,4,random,0.045714285714285714,0.9571428571428572,-0.0004697789577679619,-0.0008287820658158378,-0.0008998877836339051,0.0,630,45.0
1,2,4,random_normmatched,0.04285714285714286,0.9571428571428572,0.007461763752404909,0.01112379632425223,0.006614622349355614,0.0,630,45.0
1,2,4,random,0.04857142857142857,0.9535714285714286,0.0005387910360519951,0.002334779015025401,-0.0005889996114258502,0.0,630,46.0
1,2,4,random_normmatched,0.05714285714285714,0.95,0.02378289085216887,0.028167976738287512,-0.0017981294860979825,0.0,630,46.0
1,2,4,random,0.04285714285714286,0.9571428571428572,-0.0005464280506554493,-0.0007109255599250933,0.0005523701950689397,0.0,630,47.0
1,2,4,random_normmatched,0.03142857142857143,0.9571428571428572,-0.001190638807858216,-0.00246224427905924,0.004851994182938842,0.0,630,47.0
1,2,4,random,0.04857142857142857,0.9571428571428572,0.0039032513178981353,0.005201640906422835,0.0010937694670927242,0.0,630,48.0
1,2,4,random_normmatched,0.05142857142857143,0.9535714285714286,0.038709498608380064,0.041155411615500216,0.008335266858879134,0.0,630,48.0
1,2,4,random,0.045714285714285714,0.9535714285714286,-0.001459126319095845,-0.0019053602979120495,-6.819649814229491e-06,0.0,630,49.0
1,2,4,random_normmatched,0.05142857142857143,0.9535714285714286,-0.0008807137360229184,-0.001142337987008037,-0.002598099370423769,0.0,630,49.0
1,2,4,random,0.04285714285714286,0.9571428571428572,-0.0011276575493004057,-6.141488443569583e-05,0.00033811389384048906,0.0,630,50.0
1,2,4,random_normmatched,0.03142857142857143,0.9571428571428572,0.008814132358173273,0.013601841985498927,0.010518915506732156,0.0,630,50.0
1,2,4,random,0.04285714285714286,0.9571428571428572,0.0006605166662593297,0.0012609906301910825,0.0008084985891155786,0.0,630,51.0
1,2,4,random_normmatched,0.045714285714285714,0.9535714285714286,0.006397485864519218,0.004126343957805059,-0.003728295681083541,0.0,630,51.0
1,2,4,random,0.04285714285714286,0.9571428571428572,-0.002111194079155506,-0.0016589856387188222,0.00023665441322704846,0.0,630,52.0
1,2,4,random_normmatched,0.05142857142857143,0.9571428571428572,-0.005766943626709903,-0.0038946223431694303,0.0048324057540882,0.0,630,52.0
1,2,4,random,0.04285714285714286,0.9571428571428572,-9.044967403329012e-05,0.000667523772337146,0.0012810425936868497,0.0,630,53.0
1,2,4,random_normmatched,0.054285714285714284,0.9464285714285714,0.011139696445915306,0.017949997767344218,0.016249142899714995,0.0,630,53.0
1,2,4,random,0.045714285714285714,0.9571428571428572,0.0007628371183827853,0.0013583942141346846,0.000512070330412082,0.0,630,54.0
1,2,4,random_normmatched,0.045714285714285714,0.9464285714285714,0.009740418764759527,0.010675935945022582,0.005825944712496736,0.0,630,54.0
1,2,4,random,0.04285714285714286,0.9571428571428572,0.0008555298959539668,0.0007601381809408577,0.0006497074112383402,0.0,630,55.0
1,2,4,random_normmatched,0.045714285714285714,0.9535714285714286,0.018030288851997287,0.0180767798742883,0.01682765547935364,0.0,630,55.0
1,2,4,random,0.04857142857142857,0.9535714285714286,-0.00024120904055999632,0.001171925896103286,-0.0016967397117484153,0.0,630,56.0
1,2,4,random_normmatched,0.045714285714285714,0.9571428571428572,0.01419515287221141,0.013192882226105556,0.0013565167561767756,0.0,630,56.0
1,2,4,random,0.04285714285714286,0.9571428571428572,-0.0016937315000944515,-0.002791451492950667,-3.214768327402192e-05,0.0,630,57.0
1,2,4,random_normmatched,0.045714285714285714,0.9571428571428572,-0.004601626105526673,-0.010990106384496764,0.004686763189782273,0.0,630,57.0
1,2,4,random,0.04285714285714286,0.9571428571428572,-0.0004020429712018651,0.0008235948594021436,0.00040478683361167114,0.0,630,58.0
1,2,4,random_normmatched,0.04857142857142857,0.9571428571428572,0.0064736940118413746,0.023779809825801985,0.009986155796821114,0.0,630,58.0
1,2,4,random,0.04285714285714286,0.9571428571428572,1.87733908167198e-05,-0.0007755241742707494,-0.00036786473678276823,0.0,630,59.0
1,2,4,random_normmatched,0.04857142857142857,0.9571428571428572,0.009966285038159729,0.00754921449969718,0.000707788588901518,0.0,630,59.0
1,2,4,random,0.04285714285714286,0.9571428571428572,-0.00024075341930622504,0.00036317284962306335,-0.0016628962134772915,0.0,630,60.0
1,2,4,random_normmatched,0.05142857142857143,0.9535714285714286,0.021006745279063228,0.013779155239073658,-0.008722606091913465,0.0,630,60.0
1,2,4,random,0.04285714285714286,0.9571428571428572,-0.0010626600311762551,-0.0031700736830343975,0.001528194838856012,0.0,630,61.0
1,2,4,random_normmatched,0.03142857142857143,0.9428571428571428,-0.012053381700190427,-0.029303774300036212,0.0061104987410796245,0.0,630,61.0
1,2,4,random,0.04857142857142857,0.9535714285714286,3.869252031324302e-05,0.0012594504176625112,-0.0007367857786681654,0.0,630,62.0
1,2,4,random_normmatched,0.05714285714285714,0.9428571428571428,0.0006915753199389936,0.014456176615611495,0.001757641158614693,0.0,630,62.0
1,2,4,random,0.04285714285714286,0.9571428571428572,0.0001220836079266237,-0.00032774936960945693,-0.000532383263727002,0.0,630,63.0
1,2,4,random_normmatched,0.037142857142857144,0.9464285714285714,0.008671534250690274,0.0016913395450039632,-0.0013247926014844568,0.0,630,63.0
1,2,4,random,0.04285714285714286,0.9571428571428572,-0.0007790201085906818,3.731231886560856e-05,-0.0005898776701753572,0.0,630,64.0
1,2,4,random_normmatched,0.04857142857142857,0.9535714285714286,0.00039482392801013926,0.0017243610866646028,0.004590032960670687,0.0,630,64.0
1,2,4,random,0.04285714285714286,0.9535714285714286,0.0018262868919002825,0.0018370932171047252,0.0002286029518567828,0.0,630,65.0
1,2,4,random_normmatched,0.03428571428571429,0.9571428571428572,0.014449984574836384,0.013155017253947299,0.006433376576996935,0.0,630,65.0
1,2,4,random,0.04285714285714286,0.9571428571428572,-0.0019438881128296616,-0.0030020298714665866,0.00027703464954783593,0.0,630,66.0
1,2,4,random_normmatched,0.02857142857142857,0.9607142857142857,-0.014616963460188509,-0.01125797373404224,-0.002688520011036813,0.0,630,66.0
1,2,4,random,0.04285714285714286,0.9571428571428572,-0.0012434290850614738,-0.0014266277233714855,0.0020187978001609116,0.0,630,67.0
1,2,4,random_normmatched,0.04857142857142857,0.9571428571428572,0.0017668317665002066,0.002940631372667989,0.006353579021218499,0.0,630,67.0
1,2,4,random,0.045714285714285714,0.9571428571428572,0.0031727546529254393,0.007409422050607137,-0.0010179789079079187,0.0,630,68.0
1,2,4,random_normmatched,0.05714285714285714,0.9428571428571428,0.05187010567671746,0.061710453601179126,0.004881942945906974,0.0,630,68.0
1,2,4,random,0.04285714285714286,0.9571428571428572,-0.0017083393675910448,-0.0020186060316786355,0.0011383109948424164,0.0,630,69.0
1,2,4,random_normmatched,0.037142857142857144,0.9571428571428572,-0.0053742037873387,-0.007355948554915566,0.012831344401342513,0.0,630,69.0
1,2,4,random,0.045714285714285714,0.9571428571428572,-0.0012440188579014666,-0.00021730324969439614,0.0013133836727287954,0.0,630,70.0
1,2,4,random_normmatched,0.045714285714285714,0.9571428571428572,0.00860937950377061,0.0022139158748919166,0.0027706149420729173,0.0,630,70.0
1,2,4,random,0.04285714285714286,0.9571428571428572,-0.0005763046731780229,-0.0008343124681697235,-0.000697054933001093,0.0,630,71.0
1,2,4,random_normmatched,0.045714285714285714,0.95,-0.0025445952231873043,-0.004176828745491666,0.0037337633215624748,0.0,630,71.0
1,2,4,random,0.04285714285714286,0.9535714285714286,-2.4771368525631266e-05,-0.0024325405911216945,-0.0031601350913917003,0.0,630,72.0
1,2,4,random_normmatched,0.025714285714285714,0.95,0.005983089748842158,-0.009265678117326514,-0.018753976640784983,0.0,630,72.0
1,2,4,random,0.04285714285714286,0.9571428571428572,-0.0016856940449801348,-0.0025370297225037206,0.0005261882132127202,0.0,630,73.0
1,2,4,random_normmatched,0.04,0.9571428571428572,-0.015455548948934642,-0.009761255359969568,0.0026748568994591063,0.0,630,73.0
1,2,4,random,0.045714285714285714,0.9571428571428572,-0.0001075336759628557,0.0016259898101346115,0.0007162698372143206,0.0,630,74.0
1,2,4,random_normmatched,0.03428571428571429,0.9607142857142857,0.0042539354703185804,0.00012678455904409968,0.0067870787816511945,0.0,630,74.0
1,2,4,random,0.05142857142857143,0.9571428571428572,0.0005315576277250118,0.0013515655421083917,7.915414299710434e-06,0.0,630,75.0
1,2,4,random_normmatched,0.05142857142857143,0.95,0.02899019325717722,0.02620169497658514,0.004248512477383469,0.0,630,75.0
1,2,4,random,0.04285714285714286,0.9571428571428572,-0.0011146004071724133,-0.0016010663674370879,0.001001319832608359,0.0,630,76.0
1,2,4,random_normmatched,0.04285714285714286,0.9571428571428572,0.003885452744845771,0.0019319922716606553,0.0010065592855427095,0.0,630,76.0
1,2,4,random,0.04285714285714286,0.9535714285714286,0.0007326198844131135,0.00024683156605750776,0.0006627502187101682,0.0,630,77.0
1,2,4,random_normmatched,0.03142857142857143,0.9535714285714286,0.005655352382947156,0.005236691663746432,0.011088804398926986,0.0,630,77.0
1,2,4,random,0.045714285714285714,0.9571428571428572,-0.0006251345663043701,-0.0003401739268342993,-0.00044038585114927753,0.0,630,78.0
1,2,4,random_normmatched,0.05714285714285714,0.9464285714285714,0.015160640753560101,0.014883866664818701,-0.00250364554299841,0.0,630,78.0
1,2,4,random,0.04285714285714286,0.9571428571428572,-0.0014643094276996364,-0.0019821353605480323,0.0001457196776577696,0.0,630,79.0
1,2,4,random_normmatched,0.025714285714285714,0.9571428571428572,0.0021709623408297653,-0.004998915843895324,9.398696862714987e-06,0.0,630,79.0
1,2,4,random,0.045714285714285714,0.9571428571428572,0.0013537406557500389,0.002592947912986042,-0.00047989187914538066,0.0,630,80.0
1,2,4,random_normmatched,0.04857142857142857,0.95,0.01805907790324866,0.04012415322900524,0.0016897252299661696,0.0,630,80.0
1,2,4,random,0.045714285714285714,0.9464285714285714,-0.0001795714455574463,0.0012555387781182255,0.0005926377083609861,0.0,630,81.0
1,2,4,random_normmatched,0.04857142857142857,0.9428571428571428,0.012041937932016692,0.006805715686438219,0.009571079264309295,0.0,630,81.0
1,2,4,random,0.04285714285714286,0.9571428571428572,-0.0027888466900130577,-0.0020347705139117773,-0.0007528850012318097,0.0,630,82.0
1,2,4,random_normmatched,0.04857142857142857,0.9571428571428572,-0.01209898749120912,-0.008196158116832133,-0.000653087392058384,0.0,630,82.0
1,2,4,random,0.045714285714285714,0.9571428571428572,0.00022612947284946343,0.0003587259117930045,0.0021726133611099127,0.0,630,83.0
1,2,4,random_normmatched,0.045714285714285714,0.9535714285714286,0.011064655564085047,0.017479017961205226,0.012529357461212417,0.0,630,83.0
1,2,4,random,0.04285714285714286,0.9535714285714286,-0.0003991380666498377,0.0014258578040000568,1.9200213579518674e-05,0.0,630,84.0
1,2,4,random_normmatched,0.03142857142857143,0.9607142857142857,0.012565525838364441,0.020055036387249654,0.015124673747679595,0.0,630,84.0
1,2,4,random,0.045714285714285714,0.9571428571428572,-0.000509371614237466,-4.331205044531817e-05,-0.000275985710073234,0.0,630,85.0
1,2,4,random_normmatched,0.03428571428571429,0.95,-0.0004988150136385223,0.0032797135532692616,0.005437031845316034,0.0,630,85.0
1,2,4,random,0.04285714285714286,0.9571428571428572,-0.0016700496740921199,-0.0021966094512513887,-0.00011921307299612633,0.0,630,86.0
1,2,4,random_normmatched,0.02857142857142857,0.9607142857142857,-0.011325603943522979,-0.030602936349029088,-0.008755588525976491,0.0,630,86.0
1,2,4,random,0.04285714285714286,0.9571428571428572,-0.00028236597683202583,-6.284781872316232e-05,-0.000665690350445086,0.0,630,87.0
1,2,4,random_normmatched,0.03428571428571429,0.9571428571428572,0.00807727094391692,-0.0018781409916726701,0.008514559620749311,0.0,630,87.0
1,2,4,random,0.04285714285714286,0.9571428571428572,-0.0011551443639046112,-0.0006962572473664303,-0.0006041387173701118,0.0,630,88.0
1,2,4,random_normmatched,0.054285714285714284,0.95,0.007276628228677587,0.011790671703679877,0.00174401903281882,0.0,630,88.0
1,2,4,random,0.04857142857142857,0.9571428571428572,-0.0008250426062447891,-0.0016775958310534772,0.00024854795019732827,0.0,630,89.0
1,2,4,random_normmatched,0.03428571428571429,0.9571428571428572,-0.00032309438200199856,-0.001029456094629163,0.0002733855343160451,0.0,630,89.0
1,2,4,random,0.04857142857142857,0.9571428571428572,0.0007777111307450812,0.002492246709695344,0.002064037968361424,0.0,630,90.0
1,2,4,random_normmatched,0.054285714285714284,0.9571428571428572,0.013005424865577491,0.01467782966123124,0.00926648001751322,0.0,630,90.0
1,2,4,random,0.04285714285714286,0.9571428571428572,-0.0010469281856895977,-0.0013509768231331977,-0.002162891088373742,0.0,630,91.0
1,2,4,random_normmatched,0.03142857142857143,0.95,0.006374153517282801,-0.004998347869883786,-0.005118573217875452,0.0,630,91.0
1,2,4,random,0.04285714285714286,0.9571428571428572,9.827961305912344e-05,0.0021767898081894803,-0.0009376346467537443,0.0,630,92.0
1,2,4,random_normmatched,0.05714285714285714,0.9535714285714286,0.015391859303516775,0.016306785018603616,-0.010319967793742021,0.0,630,92.0
1,2,4,random,0.045714285714285714,0.9571428571428572,-0.0004033452964999506,-0.00045711355192239005,-0.0011887965371263584,0.0,630,93.0
1,2,4,random_normmatched,0.05714285714285714,0.9535714285714286,0.012523530086848696,0.010100457640778842,-0.002481415271703582,0.0,630,93.0
1,2,4,random,0.04285714285714286,0.9571428571428572,-0.0005234390271231383,-0.0010379791952930472,0.003037570419446398,0.0,630,94.0
1,2,4,random_normmatched,0.04285714285714286,0.9571428571428572,-0.00045376854150985774,0.004867802676418621,0.009119002670306159,0.0,630,94.0
1,2,4,random,0.04857142857142857,0.9535714285714286,0.0015040441129543511,0.0033731533031407944,0.00046115290055109603,0.0,630,95.0
1,2,4,random_normmatched,0.04857142857142857,0.95,0.024950707903334857,0.029086560020920606,-0.0007303215818277624,0.0,630,95.0
1,2,4,random,0.04285714285714286,0.9571428571428572,-0.0006412541891970759,-0.0008260919370065532,0.0004954335296156345,0.0,630,96.0
1,2,4,random_normmatched,0.045714285714285714,0.9571428571428572,0.0061200667289228175,0.004311396885174498,0.0038493868183920943,0.0,630,96.0
1,2,4,random,0.04285714285714286,0.9571428571428572,-0.000840531505547508,-0.0014131646684453594,0.000249938370671483,0.0,630,97.0
1,2,4,random_normmatched,0.04,0.95,0.0020827111550946395,0.00868336664982242,-0.0010656594752852585,0.0,630,97.0
1,2,4,random,0.04285714285714286,0.9535714285714286,0.00016805917592756014,0.000881789908356532,-0.00022330487146843503,0.0,630,98.0
1,2,4,random_normmatched,0.054285714285714284,0.9535714285714286,0.007197124704692616,0.007755746602665061,-0.0023684612869151076,0.0,630,98.0
1,2,4,random,0.04285714285714286,0.9571428571428572,-0.0004929578645217692,-0.0006967872815994366,-0.0006400035122605522,0.0,630,99.0
1,2,4,random_normmatched,0.04,0.95,0.005268802667221851,0.005154412611930245,-0.0007630817423858959,0.0,630,99.0
1,2,4,shuffled_labels,0.20857142857142857,0.9214285714285714,0.453698747767275,0.454772957182079,0.12168817349785477,0.16,630,
